scaffold,L,boolq_id,gold,reply,first_token,pred_label,acc_type,timing_s
semantic,6,dev_0023,yes,"No, a cape and a cloak are not the same. While both",no,no,Incorrect,0.7298
semantic,6,dev_0039,no,"YES, carbon can form a polar covalent bond with hydrogen.",yes,yes,Incorrect,0.7092
semantic,6,dev_0055,no,"YES, Wisconsin has been in the Little League World Series. The first Wisconsin",yes,yes,Incorrect,0.7066
semantic,6,dev_0059,no,YES,yes,yes,Incorrect,0.19019999999999998
semantic,6,dev_0068,no,"NO, in most countries, minors (individuals under the age of",no,no,Correct,0.714
semantic,6,dev_0087,yes,"NO, frogs do not jump out of boiling water. This is a",no,no,Incorrect,0.7005
semantic,6,dev_0107,no,"Yes, gambling winnings in Australia are generally considered taxable income. However,",yes,yes,Incorrect,0.7042
semantic,6,dev_0120,yes,"NO, a vehicle title is not the same as registration. While both are important",no,no,Incorrect,0.7158
semantic,6,dev_0138,no,"NO, while the minimum legal drinking age (MLDA) is set at",no,no,Correct,0.7193999999999999
semantic,6,dev_0151,no,"NO, numbers do not look the same in all languages. The symbols used to",no,no,Correct,0.6985
semantic,6,dev_0163,yes,"NO, the square root of 2 cannot be written as a fraction. It",no,no,Incorrect,0.712
semantic,6,dev_0165,no,"No, dragon fruit and pitaya are not the same thing, although they are",no,no,Correct,0.7172999999999999
semantic,6,dev_0207,no,"NO, France is in the Central European Time (CET) zone, while",no,no,Correct,0.7007000000000001
semantic,6,dev_0210,no,"YES, ""The Three Little Pigs"" is considered a nursery",yes,yes,Incorrect,0.7
semantic,6,dev_0221,no,YES,yes,yes,Incorrect,0.1749
semantic,6,dev_0229,yes,YES,yes,yes,Correct,0.1785
semantic,6,dev_0237,no,"Yes, there is a difference between 2-cycle and 2-stroke",yes,yes,Incorrect,0.7162000000000001
semantic,6,dev_0243,no,"YES, there is a Chinatown in St. Louis, Missouri",yes,yes,Incorrect,0.7014
semantic,6,dev_0248,yes,"NO, there is no bird faster than a cheetah. The pere",no,no,Incorrect,0.6992
semantic,6,dev_0249,yes,"NO, queen ants do not give birth to queen ants. Instead,",no,no,Incorrect,0.7072999999999999
semantic,6,dev_0251,yes,"NO, each sister chromatid has the same amount of DNA as the original",no,no,Incorrect,0.7052
semantic,6,dev_0257,yes,"YES, a glass window can break on its own, especially if it is",yes,yes,Correct,0.7032999999999999
semantic,6,dev_0270,no,"NO, there is no U.S. state where the drinking age is",no,no,Correct,0.7078
semantic,6,dev_0287,yes,Yes. A player can call a fair catch on a kickoff by signaling,yes,yes,Correct,0.7396
semantic,6,dev_0295,no,"Yes, there is a difference between doves and pigeons. Doves",yes,yes,Incorrect,0.7197
semantic,6,dev_0298,yes,"NO, sheet metal gauge is not the same as wire gauge. They are two",no,no,Incorrect,0.7027
semantic,6,dev_0312,no,"NO, adjectives do not always have to come before a noun.",no,no,Correct,0.7182000000000001
semantic,6,dev_0316,yes,YES,yes,yes,Correct,0.21109999999999998
semantic,6,dev_0318,yes,"YES, it is a straight, but it is an ace-low straight",yes,yes,Correct,0.7421
semantic,6,dev_0321,yes,"YES, a filibuster can be used to delay or block a vote",yes,yes,Correct,1.1031
semantic,6,dev_0333,yes,"No, .22 Magnum and .22 WMR (Winchester",no,no,Incorrect,1.201
semantic,6,dev_0336,no,"Yes, there is a difference between Muay Thai and Thai boxing",yes,yes,Incorrect,1.178
semantic,6,dev_0343,yes,"NO, the president is not the only member of the executive branch. The executive",no,no,Incorrect,1.1895
semantic,6,dev_0352,no,"NO, you cannot score directly off a throw-in in soccer. The throw",no,no,Correct,1.2455999999999998
semantic,6,dev_0355,no,YES,yes,yes,Incorrect,0.1874
semantic,6,dev_0364,no,Yes,yes,yes,Incorrect,0.224
semantic,6,dev_0366,no,"YES, the diaphragm separates the abdominal c",yes,yes,Incorrect,0.8925
semantic,6,dev_0406,no,YES,yes,yes,Incorrect,0.2241
semantic,6,dev_0428,no,"No, peroxide and hydrogen peroxide are not the same thing",no,no,Correct,1.0802
semantic,6,dev_0429,yes,I don't know. Flax oil and linseed oil are similar but,i,idk,IDK,1.2165
semantic,6,dev_0430,yes,"NO, the Banaue Rice Terraces are not one of the 7",no,no,Incorrect,0.9883
semantic,6,dev_0436,no,"Yes, there is such a thing as a broken heart, and it is often",yes,yes,Incorrect,1.2707
semantic,6,dev_0441,no,"NO, Lobster is not typically found in shrimp dishes, and",no,no,Correct,0.7056
semantic,6,dev_0442,yes,YES,yes,yes,Correct,0.1784
semantic,6,dev_0479,no,YES,yes,yes,Incorrect,0.186
semantic,6,dev_0481,no,"NO, there has never been a 6th borough in New York City",no,no,Correct,0.7045
semantic,6,dev_0482,no,"NO, a bumblebee does not die after stinging someone. Unlike honey",no,no,Correct,0.7137
semantic,6,dev_0487,no,"Yes, you can grow banana plants from a banana. The process is",yes,yes,Incorrect,0.7273
semantic,6,dev_0504,yes,"No, friction tape and electrical tape are not the same. Friction tape",no,no,Incorrect,0.7163999999999999
semantic,6,dev_0509,no,"YES, the AR-15 is used by the military, specifically in",yes,yes,Incorrect,0.7029
semantic,6,dev_0532,no,"YES, it is possible to connect a brain to a computer using neurotechn",yes,yes,Incorrect,0.7112
semantic,6,dev_0534,no,"YES, the National Guard is a component of the U.S. military",yes,yes,Incorrect,0.704
semantic,6,dev_0536,yes,"NO, Thanos did not appear in the first Guardians of the Galaxy.",no,no,Incorrect,0.7151000000000001
semantic,6,dev_0537,no,YES,yes,yes,Incorrect,0.1856
semantic,6,dev_0546,yes,"NO, the College of William & Mary is not an Ivy League school.",no,no,Incorrect,0.7127
semantic,6,dev_0560,no,"I don't know. To find the answer, you would need to look",i,idk,IDK,0.7137
semantic,6,dev_0568,no,"NO, the movie Heat was not based on a book. It was written as",no,no,Correct,0.709
semantic,6,dev_0569,no,YES,yes,yes,Incorrect,0.1769
semantic,6,dev_0588,yes,"No, Boost Mobile and Virgin Mobile are not the same. They are both",no,no,Incorrect,0.7012
semantic,6,dev_0594,no,"YES, bee stingers do fall out on their own after a",yes,yes,Incorrect,0.7085
semantic,6,dev_0596,no,"Yes, C# and Visual C# are essentially the same. Visual C#",yes,yes,Incorrect,0.7032999999999999
semantic,6,dev_0598,yes,"NO, the Vice President is not the head of the Senate. The Vice President",no,no,Incorrect,0.726
semantic,6,dev_0612,yes,"NO, Popcorn is not made from corn on the cob. Popc",no,no,Incorrect,0.7085
semantic,6,dev_0617,yes,YES,yes,yes,Correct,0.1774
semantic,6,dev_0662,yes,"NO, LensCrafters and Pearle Vision are not the same",no,no,Incorrect,0.7197
semantic,6,dev_0678,no,"NO, it is not safe to wash a child's mouth out with soap",no,no,Correct,0.7158
semantic,6,dev_0696,no,"NO, New Hampshire does not have a primary seat belt law, meaning that police",no,no,Correct,0.7066
semantic,6,dev_0711,yes,I don't know. Musician's Friend and Guitar Center are,i,idk,IDK,0.7105
semantic,6,dev_0718,yes,YES,yes,yes,Correct,0.1765
semantic,6,dev_0724,no,YES,yes,yes,Incorrect,0.18580000000000002
semantic,6,dev_0731,no,"YES, egg drop soup typically contains raw egg that is slowly poured into sim",yes,yes,Incorrect,0.7037
semantic,6,dev_0737,no,"NO, a Cornish game hen is not a baby chicken. It is a",no,no,Correct,0.7228
semantic,6,dev_0754,yes,"NO, World at War is not part of Black Ops. World at War",no,no,Incorrect,0.7199
semantic,6,dev_0759,no,"NO, North and South Korea speak different varieties of the Korean language due to political",no,no,Correct,0.7022999999999999
semantic,6,dev_0764,yes,"NO, sampling error is not the same as standard deviation. Sampling error",no,no,Incorrect,0.6998
semantic,6,dev_0782,yes,"NO, AC Milan and Inter Milan do not share a stadium. AC Milan plays",no,no,Incorrect,0.701
semantic,6,dev_0817,no,YES,yes,yes,Incorrect,0.1785
semantic,6,dev_0829,no,Yes,yes,yes,Incorrect,0.1422
semantic,6,dev_0832,no,"YES, you can get to South America by car using the Pan-American",yes,yes,Incorrect,0.7009
semantic,6,dev_0837,yes,I don't know. While both universal healthcare and socialized medicine aim to,i,idk,IDK,0.7038
semantic,6,dev_0853,no,"NO, a Girl Scout cannot be an Eagle Scout because the E",no,no,Correct,0.7037
semantic,6,dev_0854,no,"NO, elephants are herbivores and not at the top of",no,no,Correct,0.7012999999999999
semantic,6,dev_0862,no,"Yes, in chess, it is customary to announce ""check"" when",yes,yes,Incorrect,0.7121000000000001
semantic,6,dev_0871,yes,"NO, English is not the most commonly spoken language in the world. Mandarin",no,no,Incorrect,2.0464
semantic,6,dev_0916,yes,"No, the Ryman Auditorium and the Grand Ole Opry are",no,no,Incorrect,0.699
semantic,6,dev_0922,yes,I don't know. The Passport Card is primarily designed for land and,i,idk,IDK,0.7042999999999999
semantic,6,dev_0933,no,YES,yes,yes,Incorrect,0.1815
semantic,6,dev_0934,yes,"YES, Pokémon: Let's Go is considered a main series",yes,yes,Correct,0.7128
semantic,6,dev_0940,yes,"NO, a passport card is not valid for domestic air travel. You would",no,no,Incorrect,0.701
semantic,6,dev_0944,no,"YES, Greece and Rome were not around at the same exact time, but",yes,yes,Incorrect,0.7062
semantic,6,dev_0952,yes,"NO, Merrill Lynch and Bank of America are not the same.",no,no,Incorrect,0.7007000000000001
semantic,6,dev_0958,yes,"YES, the eyes are part of the nervous system as they contain specialized nerve",yes,yes,Correct,0.7119
semantic,6,dev_0981,no,"Yes, pyruvic acid and pyruvate are the same thing",yes,yes,Incorrect,0.7061000000000001
semantic,6,dev_0991,yes,YES,yes,yes,Correct,0.1763
semantic,6,dev_0994,yes,"NO, it is not recommended to use a white background as a green screen for",no,no,Incorrect,2.0294
semantic,6,dev_0996,no,YES,yes,yes,Incorrect,0.18580000000000002
semantic,6,dev_1006,no,"In most modern democracies, including the United States, you do not have to",in,other,NC,0.7036
semantic,6,dev_1011,no,YES,yes,yes,Incorrect,0.1787
semantic,6,dev_1022,yes,"Yes, Enterprise Value is a measure of a firm's value.",yes,yes,Correct,0.623
semantic,6,dev_1049,no,"YES, red pandas and giant pandas are both members of the order",yes,yes,Incorrect,0.7192000000000001
semantic,6,dev_1062,yes,"YES, a wheel and axle can be considered a type of lever.",yes,yes,Correct,0.7061000000000001
semantic,6,dev_1075,yes,YES,yes,yes,Correct,0.178
semantic,6,dev_1102,no,"Yes, there is a difference between sweating and perspiring. Swe",yes,yes,Incorrect,0.9448
semantic,6,dev_1110,yes,"NO, there are currently two rounds in the NBA draft, but there have been",no,no,Incorrect,0.701
semantic,6,dev_1112,no,"Yes, nuclear power is a type of nuclear energy. Nuclear power refers",yes,yes,Incorrect,0.7015
semantic,6,dev_1113,yes,"NO, a ball python (Python regius) is not the same as",no,no,Incorrect,0.7006
semantic,6,dev_1121,no,"NO, there was no world war before World War I. The term ""World",no,no,Correct,0.7116
semantic,6,dev_1133,no,"Yes, The Crew 2 has a storyline. It follows the protagon",yes,yes,Incorrect,0.7128
semantic,6,dev_1138,yes,"YES, anaerobic respiration does have an electron transport chain",yes,yes,Correct,0.7223999999999999
semantic,6,dev_1146,yes,"YES, a Penalty Charge Notice (PCN) is a",yes,yes,Correct,0.7069
semantic,6,dev_1155,yes,"NO, while they share many similarities due to platform sharing, GMC Sierra",no,no,Incorrect,0.7025
semantic,6,dev_1175,no,"YES, Michigan was a state during the Civil War. It was admitted to",yes,yes,Incorrect,0.7133999999999999
semantic,6,dev_1178,no,"NO, no Major League Baseball team has gone undefeated for an entire",no,no,Correct,0.7165
semantic,6,dev_1183,yes,"NO, Pork loin ribs are not the same as baby back rib",no,no,Incorrect,0.7076
semantic,6,dev_1196,no,"NO, a person cannot have dual citizenship in India. However, there are",no,no,Correct,0.7008
semantic,6,dev_1204,yes,"YES, the Eye of Agamotto is the Time Stone in the Marvel",yes,yes,Correct,0.7036
semantic,6,dev_1205,no,"NO, you cannot take out the king in chess. The objective is to",no,no,Correct,0.7153999999999999
semantic,6,dev_1209,yes,"NO, it is not possible to turn lead into gold through nuclear transmutation",no,no,Incorrect,0.6971
semantic,6,dev_1227,no,"NO, 1 is not a prime factor of every number. It is only",no,no,Correct,0.6997000000000001
semantic,6,dev_1229,no,"NO, the color orange is named after the fruit. The word ""orange",no,no,Correct,2.0555
semantic,6,dev_1230,yes,"Yes, a double eagle is the same as an albatross. Both",yes,yes,Correct,0.7139
semantic,6,dev_1235,no,"YES, a birth certificate is considered a form of identity document.",yes,yes,Incorrect,0.6387999999999999
semantic,6,dev_1239,yes,"NO, a CPAP (Continuous Positive Airway Pressure) is",no,no,Incorrect,0.7292000000000001
semantic,6,dev_1241,no,"NO, there are no main-group elements in period 6 because it contains",no,no,Correct,0.7049
semantic,6,dev_1250,yes,"YES, the micropyle serves for the emergence of the radicle",yes,yes,Correct,0.7182000000000001
semantic,6,dev_1256,yes,YES,yes,yes,Correct,0.1755
semantic,6,dev_1261,no,"YES, Louisiana has a state income tax.",yes,yes,Incorrect,0.4737
semantic,6,dev_1267,no,"NO, Better Call Saul is a prequel to Breaking Bad, as",no,no,Correct,0.7211000000000001
semantic,6,dev_1271,no,"NO, the National Minimum Drinking Age Act mandates that all states set",no,no,Correct,0.7084
semantic,6,dev_1283,yes,"NO, lock nuts and stop nuts are not the same. Lock nuts provide a",no,no,Incorrect,0.7068
semantic,6,dev_1285,no,"YES, Danica Patrick is the only woman to have led laps in",yes,yes,Incorrect,0.7018
semantic,6,dev_1286,no,"Yes, there is a difference between lightning bugs and fireflies. While both",yes,yes,Incorrect,0.7197
semantic,6,dev_1294,yes,"NO, a terminating decimal cannot be written as a recurring decimal. A",no,no,Incorrect,0.7162999999999999
semantic,6,dev_1296,yes,"NO, PlayStation 2 games do not play on PlayStation 4 without",no,no,Incorrect,0.6976
semantic,6,dev_1303,no,"NO, a player is considered offside if they are in the opposing team",no,no,Correct,0.7396
semantic,6,dev_1307,yes,"NO, you cannot score directly from a kickoff in football. The ball must",no,no,Incorrect,0.7039
semantic,6,dev_1311,yes,"No, the crankshaft pulley and harmonic balancer are not",no,no,Incorrect,0.7148
semantic,6,dev_1316,yes,"NO, the Gateway Arch is not a national park. It is part of",no,no,Incorrect,0.7101000000000001
semantic,6,dev_1317,no,"NO, planets are not involved in the formation of a planetary nebula",no,no,Correct,0.7102
semantic,6,dev_1333,yes,"No, a Dame is a female equivalent of a Knight. In the British",no,no,Incorrect,0.7275
semantic,6,dev_1336,yes,YES,yes,yes,Correct,0.1784
semantic,6,dev_1345,no,"Yes, there is a difference. A confidentiality agreement is a broader term that",yes,yes,Incorrect,0.6989
semantic,6,dev_1359,no,"NO, you cannot give yourself an assist in basketball. An assist is given to",no,no,Correct,0.7101000000000001
semantic,6,dev_1370,yes,"YES, A-2-3-4-5 is a straight.",yes,yes,Correct,0.7415
semantic,6,dev_1371,no,"YES, Rafflesia arnoldii is known to produce the",yes,yes,Incorrect,0.7034
semantic,6,dev_1372,yes,"YES, a kilowatt-hour (kWh) is a unit",yes,yes,Correct,0.6987000000000001
semantic,6,dev_1382,no,"NO, a catcher cannot block home plate without the ball. According to the",no,no,Correct,0.703
semantic,6,dev_1406,no,"YES, the Postmaster General is appointed by the President and serves at the",yes,yes,Incorrect,0.7238
semantic,6,dev_1408,yes,"NO, runners cannot advance on a caught foul ball in baseball. The runner",no,no,Incorrect,0.7068
semantic,6,dev_1413,yes,"NO, Brazil has never won the World Cup in Europe. The World Cup has",no,no,Incorrect,0.7042
semantic,6,dev_1419,yes,"No, there is no Las Vegas in New Mexico. The famous city of Las",no,no,Incorrect,0.6989
semantic,6,dev_1420,yes,YES,yes,yes,Correct,0.1854
semantic,6,dev_1423,no,"NO, ""Take Me Home, Country Roads"" is not about Virginia.",no,no,Correct,0.7037
semantic,6,dev_1424,no,YES,yes,yes,Incorrect,0.1762
semantic,6,dev_1436,no,"No, equity in your home is not a liquid asset because it cannot be easily",no,no,Correct,0.7168
semantic,6,dev_1438,yes,"YES, all of the United Kingdom is in the same time zone, which",yes,yes,Correct,0.7018
semantic,6,dev_1452,no,"Yes, some neurotransmitters can have both excitatory and inhibitory effects",yes,yes,Incorrect,0.7002999999999999
semantic,6,dev_1455,yes,"NO, the abdomen is not the same as the stomach. The stomach",no,no,Incorrect,0.7058
semantic,6,dev_1464,no,"NO, a sweet potato is not part of the potato family. Sweet",no,no,Correct,0.7002999999999999
semantic,6,dev_1467,yes,"YES, a grade D at A-level is considered a pass. However",yes,yes,Correct,0.7027
semantic,6,dev_1473,yes,"YES, a sailboat can travel faster than the wind, but only if",yes,yes,Correct,0.6994
semantic,6,dev_1489,yes,YES,yes,yes,Correct,0.18480000000000002
semantic,6,dev_1498,yes,YES,yes,yes,Correct,0.1778
semantic,6,dev_1508,no,"YES, there have been fatalities during the Tour de France. One of",yes,yes,Incorrect,0.6967000000000001
semantic,6,dev_1515,no,YES,yes,yes,Incorrect,0.18769999999999998
semantic,6,dev_1517,yes,"NO, you cannot use hydraulic fluid as brake fluid. They",no,no,Incorrect,0.731
semantic,6,dev_1528,yes,"NO, a J.D. (Juris Doctor) is not the",no,no,Incorrect,0.7101000000000001
semantic,6,dev_1533,no,"YES, the July 27, 2018 lunar",yes,yes,Incorrect,0.7101000000000001
semantic,6,dev_1534,no,"NO, a baseball player cannot legally catch a ball in the stands. The ball",no,no,Correct,0.7082999999999999
semantic,6,dev_1546,yes,"Yes, a Passport Card can be used for REAL ID purposes. However",yes,yes,Correct,0.7316
semantic,6,dev_1552,yes,"NO, the poly(A) tail is added to the 3' end",no,no,Incorrect,0.7068
semantic,6,dev_1557,no,"NO, New York State does not have the death penalty. It was abolished",no,no,Correct,0.7138
semantic,6,dev_1563,no,"YES, the Big Dipper is part of Ursa Major, but it",yes,yes,Incorrect,0.6987000000000001
semantic,6,dev_1627,no,"NO, the esophagus is located behind the heart in the thor",no,no,Correct,0.7361
semantic,6,dev_1632,yes,"NO, the World Health Organization (WHO) is an intergovernmental",no,no,Incorrect,0.6998
semantic,6,dev_1650,yes,"YES, it is illegal to take a stop sign as it is considered theft",yes,yes,Correct,0.7085
semantic,6,dev_1655,no,"Yes, there is a difference between soy sauce and soya sauce. S",yes,yes,Incorrect,0.7062999999999999
semantic,6,dev_1658,yes,"YES, the Nazca Lines can be seen from the ground, but",yes,yes,Correct,0.724
semantic,6,dev_1659,yes,"YES, an undergraduate degree is the same as a bachelor's",yes,yes,Correct,0.7015
semantic,6,dev_1673,yes,"Yes, it is possible for a grizzly bear and a polar bear to",yes,yes,Correct,0.7017
semantic,6,dev_1680,no,"Yes, picking your nose can potentially affect your sense of smell, as it can",yes,yes,Incorrect,0.6994
semantic,6,dev_1687,no,YES,yes,yes,Incorrect,0.1794
semantic,6,dev_1698,no,"YES, Fullmetal Alchemist: Brotherhood is a continuation",yes,yes,Incorrect,0.7146
semantic,6,dev_1707,yes,"No, a PLC (Public Limited Company) is a type of limited company",no,no,Incorrect,2.0667
semantic,6,dev_1727,yes,"No, a digital audio cable and an optical audio cable are not the same.",no,no,Incorrect,0.7122
semantic,6,dev_1736,no,"YES, the magnitude of a physical quantity can change with a change in the",yes,yes,Incorrect,0.713
semantic,6,dev_1737,yes,"NO, you cannot take a jump shot on a free throw. A free throw",no,no,Incorrect,0.7035
semantic,6,dev_1740,yes,"YES, there is spongy bone, or cancellous bone, in",yes,yes,Correct,0.7074
semantic,6,dev_1743,no,"I don't know. The film ""The Last King of Scotland"" is",i,idk,IDK,0.7145
semantic,6,dev_1749,yes,"Yes, Delhi University and the University of Delhi are the same. The University of",yes,yes,Correct,0.7172000000000001
semantic,6,dev_1750,no,"NO, fighting words are not protected under freedom of speech as established in Chapl",no,no,Correct,1.2130999999999998
semantic,6,dev_1757,yes,"Yes, the profit and loss statement and income statement are the same thing. The",yes,yes,Correct,1.2046
semantic,6,dev_1763,yes,"NO, the House of Representatives is a part of Congress, but Congress also",no,no,Incorrect,0.7139
semantic,6,dev_1775,no,"NO, the NBA playoffs are not played in a 2-3-",no,no,Correct,1.2488
semantic,6,dev_1789,no,"NO, the spleen is not part of the circulatory system. It is",no,no,Correct,1.2053
semantic,6,dev_1806,no,"NO, the U.S. does not currently issue $1,00",no,no,Correct,1.3157999999999999
semantic,6,dev_1814,no,YES,yes,yes,Incorrect,0.2407
semantic,6,dev_1823,yes,"NO, the MLB All-Star Game does not determine World Series home-",no,no,Incorrect,1.2572999999999999
semantic,6,dev_1832,no,"NO, there is no real town called Garrison, Colorado. The town",no,no,Correct,1.19
semantic,6,dev_1849,yes,"Yes, in a RACI chart, one person can be both Respons",yes,yes,Correct,1.2423
semantic,6,dev_1851,no,YES,yes,yes,Incorrect,0.3138
semantic,6,dev_1857,no,YES,yes,yes,Incorrect,0.332
semantic,6,dev_1895,yes,"NO, the empty set is not an element of itself. By definition, the",no,no,Incorrect,1.1853
semantic,6,dev_1906,no,"NO, college football players do not have to enter the NFL Draft to play",no,no,Correct,1.206
semantic,6,dev_1916,yes,YES,yes,yes,Correct,0.3326
semantic,6,dev_1919,yes,YES,yes,yes,Correct,0.3286
semantic,6,dev_1924,yes,"NO, a car's serial number is not the same as its VIN",no,no,Incorrect,1.1764000000000001
semantic,6,dev_1938,no,YES,yes,yes,Incorrect,0.1855
semantic,6,dev_1948,yes,"NO, a chicken is a general term for any domesticated bird of the",no,no,Incorrect,1.2412
semantic,6,dev_1950,no,"NO, the Gulf of Mexico is not considered an ocean. It is a marginal",no,no,Correct,0.707
semantic,6,dev_1960,no,"NO, they are not the same country. The Republic of the Congo (",no,no,Correct,0.7167
semantic,6,dev_1977,no,"NO, according to the natural-born citizen clause in the U.S.",no,no,Correct,0.7139
semantic,6,dev_1995,yes,"YES, winning the FA Cup (Football Association Challenge Cup) in England",yes,yes,Correct,0.7232999999999999
semantic,6,dev_1997,yes,"NO, the Alphabet Song and Twinkle, Twinkle, Little Star do",no,no,Incorrect,0.7338
semantic,6,dev_2009,no,"NO, Color Wonder markers are designed to work only on Color Wonder paper,",no,no,Correct,0.7203999999999999
semantic,6,dev_2032,yes,"YES, flies can lay eggs in",yes,yes,Correct,0.7095
semantic,6,dev_2045,yes,"NO, a Supreme Court justice is not eligible to run for President because they are",no,no,Incorrect,0.7147
semantic,6,dev_2053,no,"NO, you do not have to be serving to score in tennis. Points can",no,no,Correct,0.7202999999999999
semantic,6,dev_2061,no,"Yes, you can choose who is listed as your next of kin by legally design",yes,yes,Incorrect,0.7209
semantic,6,dev_2065,yes,"NO, RealFeel is a brand name for a specific apparent temperature calculation method",no,no,Incorrect,0.7104
semantic,6,dev_2068,yes,"I don't know. As of my last update, Allied Waste",i,idk,IDK,0.7015
semantic,6,dev_2078,no,"YES, Black Cumin seed and Black Seed are the same. They",yes,yes,Incorrect,0.7122999999999999
semantic,6,dev_2079,yes,YES,yes,yes,Correct,0.1871
semantic,6,dev_2088,no,"YES, English is the de facto official language of the United States at",yes,yes,Incorrect,0.7078
semantic,6,dev_2091,no,"NO, the home team cannot win by two runs in extra innings because the",no,no,Correct,0.7232999999999999
semantic,6,dev_2094,no,YES,yes,yes,Incorrect,0.17830000000000001
semantic,6,dev_2095,yes,"YES, Noel Gallagher sings Don't Look Back in",yes,yes,Correct,0.7056
semantic,6,dev_2139,no,"NO, a passport card is not valid for international air travel. It can",no,no,Correct,2.0667
semantic,6,dev_2166,yes,"No, staring at a bright light does not cause permanent blindness, but it",no,no,Incorrect,0.7062999999999999
semantic,6,dev_2184,no,YES,yes,yes,Incorrect,0.19469999999999998
semantic,6,dev_2187,yes,"NO, a player cannot jump while taking a free throw. They must remain station",no,no,Incorrect,0.7148
semantic,6,dev_2192,no,"NO, a lieutenant colonel is lower in rank than a colonel. In",no,no,Correct,0.7032
semantic,6,dev_2196,no,"NO, Red-eared slider turtles do not lay eggs in",no,no,Correct,0.7193999999999999
semantic,6,dev_2199,yes,YES,yes,yes,Correct,0.1777
semantic,6,dev_2204,yes,"NO, it is not safe or recommended to pick someone up by their hair.",no,no,Incorrect,0.7289
semantic,6,dev_2220,no,"NO, the ball is not dead on an infield fly. An infield",no,no,Correct,0.7181000000000001
semantic,6,dev_2224,no,"YES, there is such a thing as a blue ruby, but it",yes,yes,Incorrect,0.7239
semantic,6,dev_2232,no,YES,yes,yes,Incorrect,0.1895
semantic,6,dev_2234,no,"Yes, Pokémon: Let's Go, Eevee! is",yes,yes,Incorrect,0.7431
semantic,6,dev_2237,no,"NO, the Riviera Maya is located on the Caribbean coast of Mexico",no,no,Correct,0.703
semantic,6,dev_2247,yes,"NO, in New Jersey, the legal drinking age is 21, so",no,no,Incorrect,0.7002
semantic,6,dev_2248,yes,"No, pixel density (PPI) and resolution are not the same thing.",no,no,Incorrect,0.7169
semantic,6,dev_2266,no,"YES, the Nissan Pathfinder is considered a full-size SU",yes,yes,Incorrect,0.7158
semantic,6,dev_2275,yes,"NO, it is not legal to count cards in Las Vegas, as casinos",no,no,Incorrect,0.7011000000000001
semantic,6,dev_2295,yes,"NO, a unanimous vote cannot occur with an abstention, as",no,no,Incorrect,0.7087
semantic,6,dev_2304,yes,"NO, the House of Representatives is not called Congress. Congress is the name",no,no,Incorrect,0.7278
semantic,6,dev_2306,yes,"YES, in theory, you can keep doubling your bet on roulette",yes,yes,Correct,0.7006
semantic,6,dev_2310,no,"NO, In-N-Out Burger is not a franchise. It is",no,no,Correct,0.7183999999999999
semantic,6,dev_2315,yes,"NO, centripetal and centrifugal forces are not an action",no,no,Incorrect,0.7078
semantic,6,dev_2323,no,"NO, the film Tully is not based on a book. It was written",no,no,Correct,0.6981
semantic,6,dev_2328,no,"YES, Corinthian leather is a real material that was used in the",yes,yes,Incorrect,0.7065
semantic,6,dev_2350,no,"YES, Little House on the Prairie is fiction, but it is",yes,yes,Incorrect,0.7115
semantic,6,dev_2382,yes,"NO, the right atrium does not receive blood from the lungs. The right",no,no,Incorrect,0.7213999999999999
semantic,6,dev_2387,yes,"NO, Northern Ireland does not have a World Cup team as of yet. They",no,no,Incorrect,0.7158
semantic,6,dev_2388,no,I don't know. The answer depends on the specific jurisdiction and the,i,idk,IDK,0.7128
semantic,6,dev_2396,yes,"NO, semolina flour is not the same as Cream of Wheat",no,no,Incorrect,0.7022999999999999
semantic,6,dev_2408,yes,"Yes, employment termination and being fired are essentially the same thing. Both refer",yes,yes,Correct,0.7071000000000001
semantic,6,dev_2413,no,"YES, the movie Stalingrad (2013) is based",yes,yes,Incorrect,0.7186
semantic,6,dev_2428,yes,"YES, a PICC (Peripherally Inserted Central Cathe",yes,yes,Correct,0.7092999999999999
semantic,6,dev_2433,no,The answer depends on the specific military branch and the individual's rank and duty,the,other,NC,0.704
semantic,6,dev_2434,no,"YES, 'Marcha Real' does have words. The lyrics were",yes,yes,Incorrect,0.7251000000000001
semantic,6,dev_2447,no,YES,yes,yes,Incorrect,0.186
semantic,6,dev_2473,yes,"NO, Pokémon Gold, Silver, and Crystal are different games within",no,no,Incorrect,0.8373999999999999
semantic,6,dev_2479,no,"NO, Hong Kong is not inside the Great Firewall of China. It has",no,no,Correct,0.7021000000000001
semantic,6,dev_2504,no,"NO, The Strip is not located within the city limits of Las Vegas.",no,no,Correct,0.719
semantic,6,dev_2532,yes,"Yes, in the case of a parasitic twin, one twin can be",yes,yes,Correct,0.6995
semantic,6,dev_2537,no,"No, social studies and social science are not the same. Social studies is an",no,no,Correct,0.7012
semantic,6,dev_2538,no,"NO, War Room is not based on a true story. It is a fict",no,no,Correct,0.7096
semantic,6,dev_2547,yes,"NO, .224 bullets are not compatible with a .22",no,no,Incorrect,0.7413
semantic,6,dev_2548,no,"NO, the queen bee does not die after she stings. Unlike worker",no,no,Correct,0.7178
semantic,6,dev_2555,no,"Yes, lymphoma is a type of cancer that originates in the",yes,yes,Incorrect,0.7273999999999999
semantic,6,dev_2566,no,YES,yes,yes,Incorrect,0.1771
semantic,6,dev_2572,no,"NO, the Channel Islands are not part of Great Britain. They are Crown dependencies",no,no,Correct,0.7007000000000001
semantic,6,dev_2577,no,YES,yes,yes,Incorrect,0.1767
semantic,6,dev_2605,yes,"No, .45 Colt and .45 Long Colt are not",no,no,Incorrect,0.6989
semantic,6,dev_2614,yes,"NO, Snow-on-the-Mountain (Aegopodium",no,no,Incorrect,0.7247
semantic,6,dev_2622,no,"No, 7.62 NATO and .308 Win are",no,no,Correct,0.7044
semantic,6,dev_2634,yes,"YES, there is a ball-in-hand rule in 8-",yes,yes,Correct,0.7026
semantic,6,dev_2643,no,"YES, elements of the periodic table are typically capitalized in chemical names following",yes,yes,Incorrect,0.7118
semantic,6,dev_2655,yes,"No, Visa Delta and Visa Debit are not the same. Vis",no,no,Incorrect,0.7161000000000001
semantic,6,dev_2656,yes,I don't know. The right of abode and indefinite,i,idk,IDK,0.7021000000000001
semantic,6,dev_2690,yes,"No, Parcelforce is a division of Royal Mail, but it",no,no,Incorrect,0.7001000000000001
semantic,6,dev_2719,no,"YES, in a conventional current, electrons flow in the opposite direction to",yes,yes,Incorrect,0.7118
semantic,6,dev_2727,no,"No, the AR-10 is not an assault rifle. It is a",no,no,Correct,0.8817999999999999
semantic,6,dev_2750,yes,"NO, cows do not need to get pregnant to give milk. They can",no,no,Incorrect,0.7092999999999999
semantic,6,dev_2757,yes,YES,yes,yes,Correct,0.17959999999999998
semantic,6,dev_2770,yes,"NO, a 9 to 5 schedule does not necessarily equate to a",no,no,Incorrect,0.7112999999999999
semantic,6,dev_2791,yes,"No, the gut is not the same as the stomach. The gut is a",no,no,Incorrect,0.7057
semantic,6,dev_2813,yes,YES,yes,yes,Correct,0.18680000000000002
semantic,6,dev_2821,yes,"NO, nicotine is not classified as a ganglion blocker.",no,no,Incorrect,0.7136
semantic,6,dev_2832,yes,YES,yes,yes,Correct,0.1856
semantic,6,dev_2838,no,"No, 'The Prince of Tides' is not based on a true story",no,no,Correct,0.7006
semantic,6,dev_2853,no,"NO, while there are similarities due to shared history and cultural influences, the",no,no,Correct,0.6982
semantic,6,dev_2870,no,"YES, the derivative of a continuous function is always continuous. This is a",yes,yes,Incorrect,0.7032999999999999
semantic,6,dev_2875,yes,"NO, Aldi is not affiliated with Trader Joe's. Tr",no,no,Incorrect,0.7072
semantic,6,dev_2880,no,"Yes, the County Court Business Centre is a real court in the United Kingdom.",yes,yes,Incorrect,0.6982999999999999
semantic,6,dev_2890,no,"NO, non-permanent members of the Security Council do not have v",no,no,Correct,0.704
semantic,6,dev_2901,yes,"NO, VW, Audi, and Porsche are not the same",no,no,Incorrect,0.7416
semantic,6,dev_2906,yes,I don't know. A fidelity bond and crime insurance are related,i,idk,IDK,0.7094
semantic,6,dev_2919,no,"NO, the",no,no,Correct,0.7058
semantic,6,dev_2931,yes,"NO, in most countries, the minimum legal drinking age is not 21",no,no,Incorrect,0.7216
semantic,6,dev_2933,no,YES,yes,yes,Incorrect,0.18180000000000002
semantic,6,dev_2956,yes,"Yes, a .17 HMR (.17 Hornady Magnum",yes,yes,Correct,0.7077
semantic,6,dev_2959,no,"NO, there is no bridge between Morocco and Spain across the Strait",no,no,Correct,0.7138
semantic,6,dev_2967,yes,"NO, the Sun never shines from the north for any location on Earth.",no,no,Incorrect,0.7026
semantic,6,dev_2973,no,"NO, there is no second movie to The Golden Compass. The film was",no,no,Correct,0.7032999999999999
semantic,6,dev_2991,yes,YES,yes,yes,Correct,0.17930000000000001
semantic,6,dev_3000,yes,"NO, back ribs and baby back ribs are not the same. Back",no,no,Incorrect,0.697
semantic,6,dev_3015,yes,"No, keyless entry and remote start are not the same. Keyless entry",no,no,Incorrect,0.7042
semantic,6,dev_3027,no,"NO, a Schengen visa does not allow travel to Ireland as it is",no,no,Correct,0.6984
semantic,6,dev_3029,no,"YES, the United Kingdom left the European Union on January 31,",yes,yes,Incorrect,0.7232000000000001
semantic,6,dev_3035,no,YES,yes,yes,Incorrect,0.1735
semantic,6,dev_3040,no,"YES, a no-insurance ticket is considered a moving violation.",yes,yes,Incorrect,0.6714
semantic,6,dev_3073,no,"NO, top sirloin steak and sirloin steak are not",no,no,Correct,0.7122999999999999
semantic,6,dev_3079,yes,"NO, salary is not included in the Cost of Goods Sold (COGS",no,no,Incorrect,0.7101000000000001
semantic,6,dev_3089,yes,"NO, a peach is not part of the almond family. Peaches",no,no,Incorrect,0.7142000000000001
semantic,6,dev_3105,yes,"NO, a neutral wire should not be connected to ground. The neutral wire is",no,no,Incorrect,0.7112999999999999
semantic,6,dev_3106,yes,"Yes, high-rise and high-waisted jeans are essentially the same.",yes,yes,Correct,0.7009
semantic,6,dev_3107,yes,"Yes, there have been recess appointments to the Supreme Court in U.",yes,yes,Correct,0.7025
semantic,6,dev_3122,no,YES,yes,yes,Incorrect,0.1779
semantic,6,dev_3143,no,"YES, the Republic of Ireland is part of the Schengen visa area",yes,yes,Incorrect,0.7216
semantic,6,dev_3173,no,"Yes, a private equity fund is a type of financial institution. It is a",yes,yes,Incorrect,0.6994
semantic,6,dev_3183,no,YES,yes,yes,Incorrect,0.1822
semantic,6,dev_3187,yes,"NO, Batman Forever is not a direct sequel to Batman Returns",no,no,Incorrect,0.698
semantic,6,dev_3204,no,Yes. The fundus of the gallbladder is located near the c,yes,yes,Incorrect,0.7029
semantic,6,dev_3212,yes,"Yes, a MAC address is a type of physical address. It's assigned",yes,yes,Correct,0.704
semantic,6,dev_3221,no,"NO, pool water does not change color if you pee in it. The",no,no,Correct,0.7122999999999999
semantic,6,dev_3231,yes,"NO, the standard error is not the same as the standard deviation. While",no,no,Incorrect,0.7002
semantic,6,dev_3232,yes,"Yes, corn starch and corn flour are essentially the same thing. Corn flour",yes,yes,Correct,0.7002
semantic,6,dev_3238,yes,"YES, the non-striker can be run out by the bowler",yes,yes,Correct,0.7002999999999999
semantic,6,dev_3239,yes,"NO, the Conn Smythe Trophy is awarded to the most valuable",no,no,Incorrect,0.7265
semantic,6,dev_3241,yes,"NO, Romania was not part of the Austro-Hungarian Empire",no,no,Incorrect,0.7192999999999999
semantic,6,dev_3242,yes,"YES, in the 'Steven Universe' animated series, a Ruby and",yes,yes,Correct,0.7008
semantic,6,dev_0031,yes,"YES, Deadpool has a daughter named Wilson (also known as ""H",yes,yes,Correct,0.7008
semantic,6,dev_0148,yes,"YES, Sméagol (Gollum) dies in The Lord",yes,yes,Correct,0.6982999999999999
semantic,6,dev_0178,yes,YES,yes,yes,Correct,0.1809
semantic,6,dev_0410,yes,"Yes, Revenge of the Mummy is a roller coaster. It",yes,yes,Correct,0.7004
semantic,6,dev_0419,yes,YES,yes,yes,Correct,0.185
semantic,6,dev_0448,yes,YES,yes,yes,Correct,0.18569999999999998
semantic,6,dev_0224,no,"No, 'The Outsiders' is not based on a true story.",no,no,Correct,0.7017
semantic,6,dev_0317,no,I don't know. While some research suggests that a genetic component may play,i,idk,IDK,0.7061000000000001
semantic,6,dev_0368,no,"NO, ""The Color Purple"" is a work of fiction and not based",no,no,Correct,0.7015
semantic,6,dev_0507,no,"NO, the girl does not die in Brain on Fire. The memoir",no,no,Correct,0.6969
semantic,6,dev_0603,no,"NO, The Seven Ages of Man is not a sonnet. It is",no,no,Correct,0.699
semantic,6,dev_0938,no,"NO, ""House of the Rising Sun"" is not about Vietnam.",no,no,Correct,0.6982999999999999
semantic,6,dev_0076,yes,"I don't know. The question seems to be confusing the small, we",i,idk,IDK,0.7261
semantic,6,dev_0459,yes,"YES, it matters which DNA strand is transcribed. The template str",yes,yes,Correct,0.7008
semantic,6,dev_0502,yes,"Yes, a kingsnake is immune to rattlesnake venom",yes,yes,Correct,0.7012999999999999
semantic,6,dev_0580,yes,"NO, female and male blue jays do not look the same. Female",no,no,Incorrect,0.7182999999999999
semantic,6,dev_1089,yes,"Yes, it is possible to remove venom glands from a snake, but",yes,yes,Correct,0.724
semantic,6,dev_1153,yes,"Yes, Melaleuca is the genus that includes tea tree, so Mel",yes,yes,Correct,0.7102
semantic,6,dev_1315,yes,I don't know. The strength of intermolecular forces depends on,i,idk,IDK,0.7104
semantic,6,dev_1482,yes,"NO, muscle fibers are not the same as muscle cells. Muscle fib",no,no,Incorrect,0.6988
semantic,6,dev_1568,yes,"No, a vulture is not the same as a buzzard. Vult",no,no,Incorrect,0.6998
semantic,6,dev_1968,yes,"No, a turtle and a tortoise are not the same. T",no,no,Incorrect,0.7036
semantic,6,dev_2223,yes,I don't know. While Turritopsis dohrnii has the,i,idk,IDK,0.7088
semantic,6,dev_2420,yes,"I don't know. The term ""rain crow"" is not univers",i,idk,IDK,0.7042
semantic,6,dev_2882,yes,"NO, redback spiders (Latrodectus hasselti or",no,no,Incorrect,0.7202999999999999
semantic,6,dev_2899,yes,"YES, Dalmatians continue to develop more spots as they grow, with",yes,yes,Correct,0.7087
semantic,6,dev_2910,yes,"NO, taro root is not the same as elephant ears. Elephant",no,no,Incorrect,0.7203999999999999
semantic,6,dev_0713,no,"YES, a cow has to be pregnant or artificially insemin",yes,yes,Incorrect,0.7002
semantic,6,dev_0816,no,"NO, the spinal cord and vertebral column are not the same",no,no,Correct,0.7086
semantic,6,dev_0911,no,"NO, the ring finger does not connect directly to the heart. The fingers are",no,no,Correct,0.7016
semantic,6,dev_0997,no,"Yes, surgical spirit and rubbing alcohol are essentially the same thing. They",yes,yes,Incorrect,0.6992999999999999
semantic,6,dev_1258,no,"NO, the umbilical cord is not inside the amniotic sac",no,no,Correct,0.7007000000000001
semantic,6,dev_1422,no,"NO, root hairs do not occur along the entire length of a root.",no,no,Correct,0.7096
semantic,6,dev_2120,no,YES,yes,yes,Incorrect,0.17830000000000001
semantic,6,dev_2353,no,"NO, bees and hornets have different venom. Bees produce a",no,no,Correct,0.7245
semantic,6,dev_2441,no,"YES, it is possible to have a boy and a girl identical twins",yes,yes,Incorrect,0.7155
semantic,6,dev_2087,no,"NO, sperm whales are not on the Endangered Species List",no,no,Correct,0.7112999999999999
semantic,6,dev_2215,no,"NO, the two chromosomes in a pair are not identical. They are",no,no,Correct,0.699
semantic,6,dev_2503,no,"No, a catbird is not the same as a mockingbird. Although",no,no,Correct,2.0638
semantic,6,dev_2652,no,"YES, most baby birds have an egg tooth, which is a small,",yes,yes,Incorrect,0.6988
semantic,6,dev_2850,no,"YES, there is usually a stinger in a bee sting.",yes,yes,Incorrect,0.6999
semantic,6,dev_3062,no,"No, black and yellow garden spiders are not poisonous to",no,no,Correct,0.7084
semantic,6,dev_0400,yes,YES,yes,yes,Correct,0.1807
semantic,6,dev_0432,yes,YES,yes,yes,Correct,0.22690000000000002
semantic,6,dev_0446,yes,I don't know. Bi-Mart's membership policy may vary by,i,idk,IDK,0.7022999999999999
semantic,6,dev_0455,yes,"YES, the new Indian motorcycles are made in America. Polaris",yes,yes,Correct,2.0452
semantic,6,dev_0472,yes,"NO, Toys R Us and Babies R Us were separate companies. To",no,no,Incorrect,0.72
semantic,6,dev_0524,yes,"Yes, there are In-N-Out Burger locations in Nevada.",yes,yes,Correct,0.6684
semantic,6,dev_0767,yes,"YES, the Canadian dollar has been worth more than the American dollar in the",yes,yes,Correct,0.7086
semantic,6,dev_0875,yes,"NO, there are no $1,000 bills currently in circulation in",no,no,Incorrect,0.7006
semantic,6,dev_0950,yes,YES,yes,yes,Correct,0.1754
semantic,6,dev_1023,yes,"Yes, a mortgage loan originator is a type of loan officer who specializes",yes,yes,Correct,0.7017
semantic,6,dev_1171,yes,"YES, Guernsey money is legal tender in Guernsey, Ald",yes,yes,Correct,0.702
semantic,6,dev_1207,yes,YES,yes,yes,Correct,0.17809999999999998
semantic,6,dev_1299,yes,"Yes, net earnings and net income are the same. They both refer to the",yes,yes,Correct,0.6992999999999999
semantic,6,dev_0157,no,"NO, not all eyeglasses are made by the same company. There",no,no,Correct,0.7123999999999999
semantic,6,dev_0371,no,"NO, National Car Rental and Enterprise Rent-A-Car are separate",no,no,Correct,2.061
semantic,6,dev_0621,no,"YES, it often costs money to get cash back when using a debit",yes,yes,Incorrect,0.7001000000000001
semantic,6,dev_0699,no,I don't know. The ranking of the largest grocers in the world,i,idk,IDK,0.7038
semantic,6,dev_0954,no,I don't know. The status of £2 coins in circulation can change,i,idk,IDK,0.7076
semantic,6,dev_1050,no,"No, White Castle is not only on the East Coast. It has locations across",no,no,Correct,0.7005
semantic,6,dev_1208,no,"NO, Sam's Club does not have any locations in Canada. However,",no,no,Correct,0.6978
semantic,6,dev_1257,no,I don't know. Home Bargains and Quality Save are both discount,i,idk,IDK,0.701
semantic,6,dev_1805,no,"NO, $10,000 bills are no longer in circulation in",no,no,Correct,0.7094
semantic,6,dev_1876,no,"I don't know. As of my last update, Montgomery Ward has",i,idk,IDK,0.7122999999999999
semantic,6,dev_2290,no,"NO, GDP per capita and per capita income are not the same",no,no,Correct,0.7049
semantic,6,dev_2444,no,"No, land tax and property tax are not the same. Land tax is a",no,no,Correct,0.7237
semantic,6,dev_0250,yes,"YES, they celebrate Father's Day in the Netherlands. It is celebrated",yes,yes,Correct,0.6988
semantic,6,dev_0337,yes,"YES, The King's Birthday is a public holiday in Victoria,",yes,yes,Correct,0.6996
semantic,6,dev_0386,yes,"YES, there is a red light district in Brussels, known as",yes,yes,Correct,0.7463
semantic,6,dev_0591,yes,"NO, Copa Airlines is not part of the Star Alliance. It is a member",no,no,Incorrect,0.7012999999999999
semantic,6,dev_0746,yes,"YES, June 12 is a holiday in the Philippines, known as",yes,yes,Correct,0.6985
semantic,6,dev_0845,yes,Yes. Breaking in a new car engine is a process that helps the engine,yes,yes,Correct,0.712
semantic,6,dev_0855,yes,YES,yes,yes,Correct,0.1764
semantic,6,dev_0915,yes,"NO, there is no water park at Ontario Place. However, Ontario Place does",no,no,Incorrect,0.7126
semantic,6,dev_0945,yes,"No, thread seal tape and Teflon tape are not the same. Thread",no,no,Incorrect,0.7025
semantic,6,dev_0021,no,"NO, a P.O. Box comes after the street address in a mail",no,no,Correct,0.7199
semantic,6,dev_0490,no,"NO, U.S. citizens do not need a visa for Georgia, as",no,no,Correct,0.7004
semantic,6,dev_0581,no,"NO, a peck is not the same as a bushel. A pe",no,no,Correct,0.7007000000000001
semantic,6,dev_0631,no,"NO, the post office is closed on Memorial Day, which is a federal holiday",no,no,Correct,0.6987000000000001
semantic,6,dev_0691,no,"YES, you do not need a stamp if it says Freepost.",yes,yes,Incorrect,0.7005
semantic,6,dev_0783,no,"NO, the Honda CRF 250 is a 4-",no,no,Correct,0.6996
semantic,6,dev_0787,no,"NO, a BMW 1 Series is not front-wheel drive. It",no,no,Correct,0.7129
semantic,6,dev_0825,no,"NO, the Waterloo & City line does not run on Sundays.",no,no,Correct,0.7032
semantic,6,dev_0885,no,"YES, UK citizens need a visa for Albania. However, they can",yes,yes,Incorrect,0.7222000000000001
semantic,6,dev_0089,yes,YES,yes,yes,Correct,0.1756
semantic,6,dev_0095,yes,YES,yes,yes,Correct,0.1787
semantic,6,dev_0211,yes,YES,yes,yes,Correct,0.1763
semantic,6,dev_0238,yes,"NO, Beau Abbott does not die in A Quiet Place.",no,no,Incorrect,0.671
semantic,6,dev_0252,yes,YES,yes,yes,Correct,0.1762
semantic,6,dev_0256,yes,"NO, The",no,no,Incorrect,0.7112999999999999
semantic,6,dev_0266,yes,"I don't know. The Book of Henry is a film, and the",i,idk,IDK,0.7087
semantic,6,dev_0310,yes,"YES, contestants on Survivor receive a contestant stipend",yes,yes,Correct,0.7061000000000001
semantic,6,dev_0359,yes,"YES, in the game show ""Who Wants to Be a Million",yes,yes,Correct,0.7152999999999999
semantic,6,dev_0422,yes,"YES, Lucas and Peyton come back to One Tree Hill in later",yes,yes,Correct,0.7031000000000001
semantic,6,dev_0040,no,YES,yes,yes,Incorrect,0.1778
semantic,6,dev_0080,no,"I don't know. Without specific information about the film or source material,",i,idk,IDK,0.7089
semantic,6,dev_0100,no,"NO, the girl in The Lost World, Cassidy, does not die in",no,no,Correct,0.7096
semantic,6,dev_0240,no,"NO, The Walking Dead and Fear the Walking Dead are two separate",no,no,Correct,0.7246
semantic,6,dev_0247,no,"I don't know. The phrase ""Let There Be Light"" is a",i,idk,IDK,0.7001000000000001
semantic,6,dev_0260,no,"NO, they did not use a real gorilla in Mighty Joe Young",no,no,Correct,0.6998
semantic,6,dev_0277,no,YES,yes,yes,Incorrect,0.1766
semantic,6,dev_0290,no,"NO, Elena does not die for good in The Vampire Diaries",no,no,Correct,0.7131000000000001
semantic,6,dev_0303,no,"NO, Arizona did not die in season 8 of Grey's Anat",no,no,Correct,0.7157
semantic,6,dev_0231,yes,"YES, Penne alla vodka contains dairy because it includes heavy cream",yes,yes,Correct,0.714
semantic,6,dev_0401,yes,"NO, whole wheat rice is not the same as brown rice. Whole wheat",no,no,Incorrect,0.7004
semantic,6,dev_0420,yes,"NO, red velvet cake is not chocolate cake with red dye. It",no,no,Incorrect,0.7286
semantic,6,dev_0571,yes,"NO, Chicken cordon bleu is not made with blue cheese. It",no,no,Incorrect,0.7002
semantic,6,dev_0583,yes,"NO, pork back ribs are not the same as baby back ribs",no,no,Incorrect,0.6999
semantic,6,dev_0765,yes,"Yes, salted duck eggs need to be cooked before consumption. The process of",yes,yes,Correct,0.7107
semantic,6,dev_0778,yes,"NO, a cookie sheet and a sheet pan are not the same. A cookie",no,no,Incorrect,0.7018
semantic,6,dev_0815,yes,"NO, Sprite does not have lemon and lime in it. It is",no,no,Incorrect,0.702
semantic,6,dev_0073,no,I don't know. The taste of cotton candy can vary depending on the,i,idk,IDK,0.7024
semantic,6,dev_0491,no,"NO, picante sauce and taco sauce are not the same. P",no,no,Correct,0.6991
semantic,6,dev_0615,no,"NO, rice noodles and glass noodles are not the same.",no,no,Correct,0.7092999999999999
semantic,6,dev_0868,no,"Yes, Fruit Roll-Ups are made with fruit puree, but",yes,yes,Incorrect,0.7032
semantic,6,dev_0880,no,"NO, Thousand Island dressing and French dressing are not the same. Th",no,no,Correct,0.7097
semantic,6,dev_0953,no,"No, Monster energy drinks do not contain alcohol.",no,no,Correct,0.5135
semantic,6,dev_0985,no,"NO, Long Island Iced Teas do not have tea in them. They",no,no,Correct,0.702
semantic,6,dev_0136,yes,"YES, Battlefield 1 does have a single-player campaign.",yes,yes,Correct,0.6612
semantic,6,dev_0367,yes,"YES, Devil May Cry 5 is set after Devil May Cry",yes,yes,Correct,0.6989
semantic,6,dev_0618,yes,"YES, Dying Light: The Following Enhanced Edition includes the original",yes,yes,Correct,0.726
semantic,6,dev_0720,yes,"YES, State of Decay is co-op on Xbox One. Players",yes,yes,Correct,0.6998
semantic,6,dev_0770,yes,I don't know. The sum of the numbers on a standard roulette,i,idk,IDK,0.7002
semantic,6,dev_0835,yes,Yes. Pokémon Let's Go Pikachu and Let',yes,yes,Correct,0.711
semantic,6,dev_0896,yes,"YES, Naruto Ultimate Ninja Storm does have a story mode.",yes,yes,Correct,0.71
semantic,6,dev_0434,no,"NO, not all Xbox games are compatible with the Xbox One. Some Xbox games",no,no,Correct,0.6962999999999999
semantic,6,dev_0489,no,"YES, the Far Cry series is connected, although each game has its own",yes,yes,Incorrect,0.6994
semantic,6,dev_0852,no,"YES, you can play Phase 10 with 7 players. The",yes,yes,Incorrect,0.7208
semantic,6,dev_0870,no,"YES, a traditional paladin in Dungeons & Dragons is",yes,yes,Incorrect,0.6975
semantic,6,dev_1148,no,"NO, RollerCoaster Tycoon World is not available for Mac.",no,no,Correct,0.7072
semantic,6,dev_2595,no,"NO, A Way Out is not a single-player game. It is a",no,no,Correct,0.6995
semantic,6,dev_0281,yes,YES,yes,yes,Correct,0.1771
semantic,6,dev_0528,yes,YES,yes,yes,Correct,0.1844
semantic,6,dev_0547,yes,"YES, there is a toll for using the Battery Tunnel, which",yes,yes,Correct,0.71
semantic,6,dev_0623,yes,"NO, the George Washington Bridge is not a one-way toll bridge. It",no,no,Incorrect,2.0434
semantic,6,dev_0626,yes,"YES, Skyline Drive is part of the Blue Ridge Parkway. It",yes,yes,Correct,0.7137
semantic,6,dev_0686,yes,"I don't know. The geology of Edinburgh, Scotland, is complex",i,idk,IDK,0.6987000000000001
semantic,6,dev_0822,yes,"NO, there is no waterfall in Marble Falls, TX. Marble",no,no,Incorrect,0.7177
semantic,6,dev_1210,yes,I don't know. Caesar's Creek is a reservoir in,i,idk,IDK,0.6998
semantic,6,dev_0374,no,"NO, San Pedro, Laguna is not part of Metro Manila. It",no,no,Correct,0.7036
semantic,6,dev_0900,no,"No, Fort Walton Beach and Destin are separate cities in Okaloosa",no,no,Correct,0.7047
semantic,6,dev_0913,no,"NO, there is no real Porpoise Spit in Australia. It is",no,no,Correct,0.6984
semantic,6,dev_1234,no,"NO, there is no Gulf Stream in the Pacific. The Kuroshio",no,no,Correct,0.7201000000000001
semantic,6,dev_1360,no,"NO, there is no lake in Lake Hiawatha, NJ",no,no,Correct,0.704
semantic,6,dev_1544,no,I don't know. The status of tolls on I-30,i,idk,IDK,0.6968
semantic,6,dev_1588,no,"NO, Lake George is a natural lake. It is a glacial lake",no,no,Correct,0.7081000000000001
semantic,6,dev_0344,yes,I don't know. The development of immunity to arsenic is,i,idk,IDK,0.708
semantic,6,dev_0379,yes,"I don't know. To find the answer, you would need to research",i,idk,IDK,0.7028
semantic,6,dev_0474,yes,I don't know. It would be best to check the product label or,i,idk,IDK,0.6997000000000001
semantic,6,dev_0614,yes,I don't know. The effectiveness of a cold water bath versus an ice,i,idk,IDK,0.7015
semantic,6,dev_0655,yes,I don't know. A hiatal hernia can cause symptoms such as,i,idk,IDK,0.6992
semantic,6,dev_1195,yes,"YES, but it's important to note that the venom of a",yes,yes,Correct,0.7215
semantic,6,dev_1197,yes,"NO, an ectopic pregnancy cannot be carried to term as the developing emb",no,no,Incorrect,0.7425
semantic,6,dev_1313,yes,"No, relative risk and risk ratio are not the same. Relative risk is",no,no,Incorrect,0.7279
semantic,6,dev_1564,yes,"NO, PCP and angel dust are not the same thing. Angel dust is",no,no,Incorrect,0.7001000000000001
semantic,6,dev_0078,no,"NO, there is only one brachiocephalic artery,",no,no,Correct,0.7168
semantic,6,dev_0166,no,"YES, that is a common interpretation of the 'five-a-day",yes,yes,Incorrect,0.7246
semantic,6,dev_0851,no,YES,yes,yes,Incorrect,0.1758
semantic,6,dev_0861,no,"Yes, a junctional rhythm does have a P wave, but it may",yes,yes,Incorrect,0.7008
semantic,6,dev_0872,no,"NO, a first-degree burn is not worse than a third-degree burn",no,no,Correct,0.7226
semantic,6,dev_1554,no,I don't know. The concept of chronic Lyme disease is controversial within,i,idk,IDK,0.7026
semantic,6,dev_1719,no,"Yes, extended-release and sustained-release are often used interchangeably to",yes,yes,Incorrect,0.7036
semantic,6,dev_1991,no,"NO, it is not true that the ring finger is connected to the heart.",no,no,Correct,0.7076
semantic,6,dev_2115,no,I don't know. The health implications of being a sumo wrestler,i,idk,IDK,0.707
semantic,6,dev_0105,yes,YES,yes,yes,Correct,0.1756
semantic,6,dev_0125,yes,"NO, there were no known survivors of the Pompeii eruption.",no,no,Incorrect,0.7086
semantic,6,dev_0191,yes,Yes,yes,yes,Correct,0.1479
semantic,6,dev_1292,yes,YES,yes,yes,Correct,0.1773
semantic,6,dev_1338,yes,"NO, it did not rain oil during the Gulf War. The misconception",no,no,Incorrect,0.7042999999999999
semantic,6,dev_0388,no,"YES, integration was a goal in the northern states, but it was not",yes,yes,Incorrect,0.7091000000000001
semantic,6,dev_0703,no,I don't know. The Peacock Throne was a famous,i,idk,IDK,0.722
semantic,6,dev_0833,no,"Yes, bodies were found from the Edmund Fitzgerald. The wreckage",yes,yes,Incorrect,0.7019
semantic,6,dev_0874,no,"I don't know. The question is debated, as there is no",i,idk,IDK,0.712
semantic,6,dev_1651,no,"YES, there are still tin mines in Cornwall, although the number has",yes,yes,Incorrect,0.7032
semantic,6,dev_0072,yes,"Yes, in Canada, you typically need a PAL to possess ammunition",yes,yes,Correct,0.7238
semantic,6,dev_0258,yes,"I don't know. The alcohol sales laws in Wisconsin can change, so",i,idk,IDK,0.7042
semantic,6,dev_0286,yes,YES,yes,yes,Correct,0.1761
semantic,6,dev_0348,yes,"NO, it is illegal to own a skunk as a pet in the UK",no,no,Incorrect,2.0396
semantic,6,dev_0467,yes,"Yes, a certification of birth is the same as a birth certificate. They are",yes,yes,Correct,0.7007000000000001
semantic,6,dev_0515,yes,I don't know. The ability to put a restraining order on a,i,idk,IDK,0.7004
semantic,6,dev_0562,yes,I don't know. The validity of Texas concealed carry permits,i,idk,IDK,0.7001000000000001
semantic,6,dev_0636,yes,"NO, in California, you generally need a concealed carry permit to carry a",no,no,Incorrect,0.7278
semantic,6,dev_0740,yes,"YES, there is a time limit for ratification of an amendment.",yes,yes,Correct,0.6984
semantic,6,dev_0838,yes,"YES, you can turn right on a red light in Quebec, but only",yes,yes,Correct,0.7122
semantic,6,dev_0864,yes,"YES, you can open carry in the state of Ohio, but there are",yes,yes,Correct,0.7012999999999999
semantic,6,dev_0873,yes,"Yes, in some jurisdictions, you can drive a car with a lear",yes,yes,Correct,0.722
semantic,6,dev_0901,yes,"YES, it is generally illegal to drive over a median, as it is",yes,yes,Correct,0.6992999999999999
semantic,6,dev_0909,yes,I don't know. The use of an X as a signature can depend,i,idk,IDK,0.6996
semantic,6,dev_1134,yes,"YES, New York State is a common law state.",yes,yes,Correct,0.5542999999999999
semantic,6,dev_0198,no,"NO, as of 2021, New Hampshire is a constitutional carry",no,no,Correct,0.7031000000000001
semantic,6,dev_0215,no,I don't know. The operating hours for liquor stores can vary by,i,idk,IDK,0.6999
semantic,6,dev_0223,no,"No, it is not illegal to record covers of songs, but it is important",no,no,Correct,0.6985
semantic,6,dev_0234,no,I don't know. The legality of such a relationship depends on the,i,idk,IDK,0.7201000000000001
semantic,6,dev_0272,no,I don't know. The Taconic State Parkway has restrictions on,i,idk,IDK,0.7242999999999999
semantic,6,dev_0453,no,"NO, there are no states in the United States where you can marry your sib",no,no,Correct,0.6998
semantic,6,dev_0499,no,"NO, a Puerto Rican resident cannot vote for president of the United States because",no,no,Correct,0.7002
semantic,6,dev_0552,no,"NO, typically, inmates are not allowed to have their personal phones in prison",no,no,Correct,0.7208
semantic,6,dev_0680,no,"YES, there is a time limit on trade secrets. In some jurisdict",yes,yes,Incorrect,0.7002
semantic,6,dev_0738,no,"Yes, Taiwan is a member of the Paris Convention for the Protection of Industrial Property",yes,yes,Incorrect,0.7001000000000001
semantic,6,dev_0771,no,"NO, payola is illegal in both Canada and the United States. Payola",no,no,Correct,0.7024
semantic,6,dev_0888,no,"I don't know. In the United States, no Supreme Court justice has",i,idk,IDK,0.7024
semantic,6,dev_1135,no,"NO, a certified copy is not the same as an original in the UK.",no,no,Correct,0.7021000000000001
semantic,6,dev_1188,no,"NO, a dishonorable discharge from the military can disqualify a",no,no,Correct,0.7212999999999999
semantic,6,dev_0339,yes,I don't know. The specific requirements for entering Canada with a military ID,i,idk,IDK,0.7085
semantic,6,dev_0357,yes,I don't know. The requirement to complete the American Community Survey depends on,i,idk,IDK,0.6962
semantic,6,dev_0498,yes,YES,yes,yes,Correct,0.1769
semantic,6,dev_0620,yes,"Yes, the United Nations has intervened in conflicts involving Pakistan. For example,",yes,yes,Correct,0.7196
semantic,6,dev_0878,yes,"YES, in the context of federalism, the national government and the federal",yes,yes,Correct,0.7012
semantic,6,dev_1864,yes,Yes,yes,yes,Correct,0.14980000000000002
semantic,6,dev_2080,yes,"NO, the Coast Guard is part of the Department of Homeland Security.",no,no,Incorrect,0.6716
semantic,6,dev_2395,yes,"YES, in Australia, the Governor-General is required to give assent",yes,yes,Correct,0.7025
semantic,6,dev_2639,yes,"YES, Canada is a member of the United Nations",yes,yes,Correct,0.6653
semantic,6,dev_3155,yes,"Yes, service members who serve in Korea can earn overseas service bars. These bars",yes,yes,Correct,0.7002
semantic,6,dev_3209,yes,Yes. Attending the United States Naval Academy does not make you a member of,yes,yes,Correct,0.6987000000000001
semantic,6,dev_0209,no,"NO, Israel is not part of the European Economic Area (EEA). The",no,no,Correct,0.6982
semantic,6,dev_0273,no,"NO, on the George Washington Bridge, drivers only pay tolls when traveling from",no,no,Correct,0.7002
semantic,6,dev_0404,no,"YES, Puerto Rico is a U.S. territory and not a prote",yes,yes,Incorrect,0.7072
semantic,6,dev_0567,no,"NO, Romania is not part of the Visa Waiver Program.",no,no,Correct,0.7008
semantic,6,dev_0675,no,"YES, Saudi Arabia has signed the Universal Declaration of",yes,yes,Incorrect,0.6994
semantic,6,dev_1172,no,"NO, Turkey is not a part of the European Union yet. It has been",no,no,Correct,0.7002
semantic,6,dev_1275,no,I don't know. The policy regarding the wearing of state awards on active,i,idk,IDK,2.0628
semantic,6,dev_1971,no,"NO, Bosnia and Herzegovina is not part of the European Union",no,no,Correct,0.7309
semantic,6,dev_2001,no,"NO, the President of the United States does not have the power to pardon",no,no,Correct,0.7152999999999999
semantic,6,dev_3004,no,"NO, the Right to Buy scheme was introduced in the UK in 19",no,no,Correct,0.7138
semantic,6,dev_3256,no,"No, there is not a camera on all traffic lights. Red light cameras are",no,no,Correct,0.6992
semantic,6,dev_1132,yes,"NO, pink quartz is not the same as rose quartz. While they",no,no,Incorrect,0.6968
semantic,6,dev_1233,yes,"NO, temperature does not remain constant in an adiabatic process. In",no,no,Incorrect,0.7002
semantic,6,dev_1511,yes,"NO, the heat index and ""RealFeel"" are not the same.",no,no,Incorrect,0.7014
semantic,6,dev_1633,yes,"NO, nail acetone and paint acetone are not the same.",no,no,Incorrect,0.7338
semantic,6,dev_2007,yes,"Yes, LPG is a mixture of propane and butane, and prop",yes,yes,Correct,0.7022
semantic,6,dev_2214,yes,"I don't know. The concept of ""dry water"" is a",i,idk,IDK,0.7081000000000001
semantic,6,dev_2239,yes,"YES, the speed of sound does vary with frequency at constant temperature, a",yes,yes,Correct,0.716
semantic,6,dev_2299,yes,"NO, it is not possible for it to rain without clouds. Rain occurs when",no,no,Incorrect,0.7199
semantic,6,dev_2303,yes,YES,yes,yes,Correct,0.1899
semantic,6,dev_2477,yes,"YES, 0 is in the set of natural numbers.",yes,yes,Correct,0.5879
semantic,6,dev_2993,yes,I don't know. While both eidetic and photographic memory are,i,idk,IDK,0.7187
semantic,6,dev_3126,yes,"Yes, there is such a thing as an upside-down rainbow,",yes,yes,Correct,0.7048
semantic,6,dev_3188,yes,"NO, a turkey vulture is not the same as a buzzard.",no,no,Incorrect,0.7065
semantic,6,dev_3193,yes,"YES, the Georgia Aquarium does have whale sharks.",yes,yes,Correct,0.6249
semantic,6,dev_3234,yes,"NO, a rhombus is not the same as a diamond. A diamond",no,no,Incorrect,0.7035
semantic,6,dev_3265,yes,"NO, exoplanetary systems do not follow the Titius-Bode",no,no,Incorrect,0.7122
semantic,6,dev_0001,no,I don't know. The energy balance of ethanol production depends on,i,idk,IDK,0.7042999999999999
semantic,6,dev_0579,no,"YES, you can hear the ocean in a seashell, but it'",yes,yes,Incorrect,0.7201000000000001
semantic,6,dev_1003,no,"Yes, least squares is a method used in linear regression. In fact",yes,yes,Incorrect,0.6985
semantic,6,dev_1483,no,"NO, a meter stick and a yardstick are not the same. A meter",no,no,Correct,0.6992999999999999
semantic,6,dev_1551,no,"YES, Australia is part of the Ring of Fire, which is an area",yes,yes,Incorrect,0.7008
semantic,6,dev_1702,no,"NO, a Pterodactylus is not the same as a P",no,no,Correct,0.7303999999999999
semantic,6,dev_1925,no,"Yes, percent difference and percent change are essentially the same thing. Percent difference",yes,yes,Incorrect,0.7016
semantic,6,dev_2025,no,"NO, the load is not the pivot point of a lever. The p",no,no,Correct,0.7019
semantic,6,dev_2312,no,"NO, turpentine and white spirit are not the same thing. While they",no,no,Correct,0.736
semantic,6,dev_2471,no,"YES, a fixed pulley does have a mechanical advantage. The mechanical advantage",yes,yes,Incorrect,0.6997000000000001
semantic,6,dev_2521,no,"NO, the t-distribution does not have a standard deviation of",no,no,Correct,0.7112
semantic,6,dev_2782,no,"YES, the hydronium ion (H3O+) and hydro",yes,yes,Incorrect,0.7069
semantic,6,dev_2812,no,"YES, it is generally saltier at the bottom of the ocean due to",yes,yes,Incorrect,0.6982
semantic,6,dev_3014,no,"YES, the days do get longer and shorter at the Equator, just",yes,yes,Incorrect,0.7012
semantic,6,dev_3034,no,"No, hydraulic lime and hydrated lime are not",no,no,Correct,0.6989
semantic,6,dev_3159,no,"No, a chipmunk is a type of squirrel, but not",no,no,Correct,0.7311
semantic,6,dev_3190,no,"NO, Mahi-Mahi and Ahi Tuna are not the",no,no,Correct,0.7022999999999999
semantic,6,dev_0682,yes,"Yes, a sermon and a homily are essentially the same thing.",yes,yes,Correct,0.6992
semantic,6,dev_0735,yes,"YES, in the United States, secondary school is often used interchangeably",yes,yes,Correct,0.7141000000000001
semantic,6,dev_1505,yes,"YES, the University of St. Thomas is a nonprofit institution.",yes,yes,Correct,0.6617000000000001
semantic,6,dev_1668,yes,YES,yes,yes,Correct,0.1859
semantic,6,dev_2373,yes,"No, 'Lord of All Hopefulness' is not traditionally considered a",no,no,Incorrect,0.7192999999999999
semantic,6,dev_2793,yes,"YES, Eastern Kentucky University is a Division I school. It competes in",yes,yes,Correct,0.7011000000000001
semantic,6,dev_2929,yes,"NO, child psychology and developmental psychology are not the same. Child psychology focuses",no,no,Incorrect,0.7018
semantic,6,dev_0605,no,"NO, you do not have to be a Mormon to go to Br",no,no,Correct,0.7008
semantic,6,dev_0908,no,I don't know. The American College of Education is accredited by,i,idk,IDK,0.7058
semantic,6,dev_1388,no,I don't know. UCL (University College London) is a,i,idk,IDK,0.6968
semantic,6,dev_1521,no,"No, Sweden does not pay students to attend school. However, some students may",no,no,Correct,0.7146
semantic,6,dev_2334,no,"NO, the Book of Jasher is not in the Bible. It is",no,no,Correct,0.7356
semantic,6,dev_2641,no,I don't know. The use of hyphens in double-barrel,i,idk,IDK,0.7031000000000001
semantic,6,dev_0347,yes,YES,yes,yes,Correct,0.1758
semantic,6,dev_0411,yes,I don't know. The Redskins' defensive scheme can change from,i,idk,IDK,0.7077
semantic,6,dev_0439,yes,"YES, the Milwaukee Brewers have made it to the World",yes,yes,Correct,0.7021000000000001
semantic,6,dev_0452,yes,"NO, Belgium has not reached the World Cup final as of yet.",no,no,Incorrect,0.6366
semantic,6,dev_0585,yes,"YES, in both Rugby Union and Rugby League, the forwards",yes,yes,Correct,0.7099
semantic,6,dev_0656,yes,"NO, Kaká did not play in the 2002 World",no,no,Incorrect,0.7019
semantic,6,dev_0661,yes,Yes. The KSI vs. Logan Paul fight was a pay-per-,yes,yes,Correct,0.7273999999999999
semantic,6,dev_0701,yes,"YES, the Kentucky Derby is traditionally held on the first Saturday in",yes,yes,Correct,0.7208
semantic,6,dev_0704,yes,YES,yes,yes,Correct,0.1771
semantic,6,dev_0752,yes,"NO, there is no mercy rule in professional soccer. The game continues until the",no,no,Incorrect,0.7021000000000001
semantic,6,dev_0848,yes,"YES, you can sign free agents outside the transfer window. However, the",yes,yes,Correct,0.6988
semantic,6,dev_0883,yes,"YES, a team has come back from 3-1 in the NBA",yes,yes,Correct,0.6952
semantic,6,dev_1143,yes,YES,yes,yes,Correct,0.17830000000000001
semantic,6,dev_1305,yes,"NO, a school cannot be Division I and II at the same time. They",no,no,Incorrect,0.698
semantic,6,dev_1497,yes,"YES, Alphonse Areola played in the 201",yes,yes,Correct,0.7069
semantic,6,dev_1777,yes,"NO, away goals do not count in league playoffs. League playoffs typically",no,no,Incorrect,0.7042
semantic,6,dev_2250,yes,"YES, Poland qualified for the 2018 FIFA World Cup.",yes,yes,Correct,0.7111000000000001
semantic,6,dev_2370,yes,"YES, Ireland has beaten the Wallabies in Australia. The first victory",yes,yes,Correct,0.6965
semantic,6,dev_0083,no,"NO, there is no tiebreaker in the final set at Wimbled",no,no,Correct,0.6967000000000001
semantic,6,dev_0085,no,"NO, Deion Sanders did not win a World Series in baseball.",no,no,Correct,0.6839
semantic,6,dev_0170,no,"NO, the Czech Republic has not won the FIFA World Cup yet.",no,no,Correct,0.6222000000000001
semantic,6,dev_0230,no,"YES, in Little League, a runner may advance on a dropped third strike",yes,yes,Incorrect,0.6987000000000001
semantic,6,dev_0412,no,"NO, the Miami Dolphins do not have a real dolphin in",no,no,Correct,0.7099
semantic,6,dev_0421,no,"YES, penalty shoot-out goals count in the Golden Boot, as they",yes,yes,Incorrect,0.6982
semantic,6,dev_0447,no,"YES, Panama has qualified for the World Cup. They made their first",yes,yes,Incorrect,0.7079
semantic,6,dev_0544,no,I don't know. Trinity Forest Golf Club's access policy may,i,idk,IDK,0.6992
semantic,6,dev_0565,no,"YES, walks are included in the calculation of a player's batting",yes,yes,Incorrect,0.703
semantic,6,dev_0589,no,"YES, it is considered goaltending if the ball hits the backboard",yes,yes,Incorrect,0.7106
semantic,6,dev_0593,no,"NO, teams do not keep the FIFA World Cup trophy. The trophy",no,no,Correct,0.7012999999999999
semantic,6,dev_0859,no,"NO, the U.S. Open is not played on the same course every",no,no,Correct,0.6991
semantic,6,dev_0865,no,"NO, the San Jose Sharks have not won a Stanley Cup.",no,no,Correct,0.6255
semantic,6,dev_1518,no,YES,yes,yes,Incorrect,0.18080000000000002
semantic,6,dev_1768,no,"YES, England has won the Women's World Cup. They won the",yes,yes,Incorrect,0.7187
semantic,6,dev_1779,no,"NO, India did not qualify for the 2018 FIFA World Cup",no,no,Correct,0.7175
semantic,6,dev_1905,no,YES,yes,yes,Incorrect,0.1763
semantic,6,dev_2156,no,YES,yes,yes,Incorrect,0.1773
semantic,6,dev_2158,no,YES,yes,yes,Incorrect,0.1776
semantic,6,dev_2798,no,"YES, the Super Bowl loser receives a ring, but it is not",yes,yes,Incorrect,0.7122
semantic,6,dev_3138,no,"NO, the Olympic gold medal is actually made of silver and is plated with",no,no,Correct,0.7084
semantic,6,dev_0307,yes,"NO, you cannot put 700c tires on a 29",no,no,Incorrect,0.7052
semantic,6,dev_0506,yes,"Yes, drywall mud and joint compound are essentially the same thing. They are",yes,yes,Correct,0.7177
semantic,6,dev_0641,yes,I don't know. The compatibility of parts between the Maverick,i,idk,IDK,0.7008
semantic,6,dev_0844,yes,I don't know. It would depend on their specific network sharing agreements and,i,idk,IDK,0.7006
semantic,6,dev_1032,yes,"YES, 1-844 is toll-free in Canada.",yes,yes,Correct,0.7156
semantic,6,dev_1574,yes,"YES, Apple Lightning cables may contain an authentication chip to ensure compatibility",yes,yes,Correct,0.6982
semantic,6,dev_1889,yes,"NO, the Mazda Tribute and Ford Escape are not essentially the same",no,no,Incorrect,0.6988
semantic,6,dev_2093,yes,I don't know. The ability to make emergency calls without a SIM,i,idk,IDK,0.7126
semantic,6,dev_2213,yes,"NO, U.S. toll-free numbers are not free in Canada.",no,no,Incorrect,0.7016
semantic,6,dev_2735,yes,"YES, pipelining can help reduce latency for a single task by",yes,yes,Correct,0.7016
semantic,6,dev_2836,yes,"NO, the F-4 Phantom is no longer in active service with",no,no,Incorrect,0.7039
semantic,6,dev_0788,no,"NO, MiniDV tapes are not the same as 8mm t",no,no,Correct,0.7127
semantic,6,dev_0798,no,"NO, area code 669 is not a toll-free number.",no,no,Correct,0.705
semantic,6,dev_1249,no,"NO, C++ strings do not need to be null-terminated, as",no,no,Correct,0.703
semantic,6,dev_1458,no,"NO, powered speakers have built-in amplifiers and do not require an external",no,no,Correct,0.698
semantic,6,dev_1584,no,"YES, there was a GMC version of the Avalanche called the",yes,yes,Incorrect,0.7094
semantic,6,dev_1589,no,"NO, a SIM-free phone does not lock to a network. It",no,no,Correct,0.7
semantic,6,dev_1657,no,"NO, the first iPhone, introduced in 2007, did not",no,no,Correct,0.7133999999999999
semantic,6,dev_1691,no,"No, response time and input lag are not the same. Response time refers to",no,no,Correct,0.6991
semantic,6,dev_1943,no,"YES, it costs money to join PlayStation Network, specifically for a Play",yes,yes,Incorrect,0.7022
semantic,6,dev_2682,no,"NO, E-ZPass and EZ TAG are different electronic toll collection",no,no,Correct,0.7243999999999999
semantic,6,dev_2712,no,"NO, A23 and N batteries are not the same. A23",no,no,Correct,0.8753
semantic,6,dev_0427,no,"NO, The Barber of Seville is an opera by Gioachino",no,no,Correct,0.6981
semantic,6,dev_0531,no,"NO, Smaug is not the only dragon in Middle-earth. There",no,no,Correct,0.7017
semantic,6,dev_1915,no,"NO, ""The Hunchback of Notre-Dame"" is not",no,no,Correct,0.7009
semantic,6,dev_1946,no,"No, Snake Eyes and Storm Shadow are not the same person. They",no,no,Correct,0.7005
semantic,6,dev_2024,no,YES,yes,yes,Incorrect,0.1779
semantic,6,dev_2265,no,"NO, G major and E minor are not the same. They are relative keys",no,no,Correct,0.7161000000000001
semantic,6,dev_0004,yes,YES,yes,yes,Correct,0.18669999999999998
semantic,6,dev_0241,yes,YES,yes,yes,Correct,0.1766
semantic,6,dev_0326,yes,YES,yes,yes,Correct,0.1755
semantic,6,dev_0525,yes,"YES, Queen had multiple number one hits in the UK Singles Chart. Some",yes,yes,Correct,0.6989
semantic,6,dev_0577,yes,YES,yes,yes,Correct,0.1758
semantic,6,dev_0799,yes,"YES, contestants on Jeopardy! receive the money they win",yes,yes,Correct,0.6996
semantic,6,dev_0142,no,"No, denatured alcohol and acetone are not the same thing.",no,no,Correct,0.7011000000000001
semantic,6,dev_0494,no,"No, fitness in biology refers to an organism's reproductive",no,no,Correct,0.701
semantic,6,dev_0527,no,"YES, HeLa cells are aneuploid, meaning they have an",yes,yes,Incorrect,0.7104
semantic,6,dev_0566,no,"NO, not all bacteria of a single species are the exact same shape. While",no,no,Correct,0.6972
semantic,6,dev_0648,no,"NO, evergreen trees do not lose their leaves in the winter. They retain",no,no,Correct,0.7177
semantic,6,dev_0668,no,"NO, Red-eared sliders are freshwater turtles and cannot",no,no,Correct,0.7058
semantic,6,dev_0749,no,"NO, sensory neurons are part of the peripheral nervous system, not",no,no,Correct,0.708
semantic,6,dev_0790,no,"NO, great white sharks do not live at the bottom of the sea.",no,no,Correct,0.6971
semantic,6,dev_0867,no,"NO, the same genotype does not always result in the same phenotype due",no,no,Correct,0.7195
semantic,6,dev_0921,no,"NO, you cannot get eaten by a whale shark. Whale sh",no,no,Correct,0.6982
semantic,6,dev_1088,no,"NO, rabbits and cats belong to different taxonomic orders (Lag",no,no,Correct,0.699
semantic,6,dev_1329,no,"NO, there is no bone in the earlobe. The earlobe",no,no,Correct,0.7193999999999999
semantic,6,dev_1402,no,"NO, tissue is not composed of one type of cell. Tissues are composed",no,no,Correct,0.6974
semantic,6,dev_1428,no,"NO, sweat glands are part of the exocrine system, not the",no,no,Correct,0.7012
semantic,6,dev_1439,no,"NO, a groundhog and a mole are not the same thing. A",no,no,Correct,0.7092
semantic,6,dev_0020,yes,"YES, magnesium citrate does contain citric acid. It is",yes,yes,Correct,0.7021000000000001
semantic,6,dev_0027,yes,YES,yes,yes,Correct,0.1779
semantic,6,dev_0047,yes,YES,yes,yes,Correct,0.1795
semantic,6,dev_0070,yes,"Yes, T. rex and Tyrannosaurus rex are the",yes,yes,Correct,0.7118
semantic,6,dev_0086,yes,"Yes, in many countries, the German Shepherd is known as the Als",yes,yes,Correct,0.7125
semantic,6,dev_0121,yes,"Yes, St. Bernards and Bernese Mountain Dogs are related. Both",yes,yes,Correct,0.7002
semantic,6,dev_0131,yes,"YES, the latent heat of vaporization does change with temperature.",yes,yes,Correct,0.7087
semantic,6,dev_0147,yes,YES,yes,yes,Correct,0.1745
semantic,6,dev_0159,yes,YES,yes,yes,Correct,0.177
semantic,6,dev_0190,yes,"YES, a honey bee dies after stinging because its stinger is",yes,yes,Correct,0.7098
semantic,6,dev_0195,yes,"NO, alligators do not drown their prey and eat it later.",no,no,Incorrect,0.702
semantic,6,dev_0200,yes,YES,yes,yes,Correct,0.18769999999999998
semantic,6,dev_0214,yes,"YES, animal cells have a cell membrane.",yes,yes,Correct,0.5176000000000001
semantic,6,dev_0242,yes,"Yes, both male and female bighorn sheep have horns, but the",yes,yes,Correct,0.7018
semantic,6,dev_0522,yes,YES,yes,yes,Correct,0.1861
semantic,6,dev_0033,no,"NO, federal income tax and Social Security are two separate taxes. Federal income tax",no,no,Correct,0.714
semantic,6,dev_0123,no,"NO, public limited companies (PLCs) are not considered part of the",no,no,Correct,0.6992999999999999
semantic,6,dev_0501,no,"NO, Comcast and Time Warner are not the same company. They are two",no,no,Correct,0.7025
semantic,6,dev_0526,no,"NO, Canadian dollars (CAD) are not the same as American dollars (",no,no,Correct,0.6992999999999999
semantic,6,dev_1076,no,"No, not only commercial banks can be subject to runs. Savings and loan",no,no,Correct,0.6982
semantic,6,dev_1213,no,"Yes, discretionary income and disposable income are essentially the same thing.",yes,yes,Incorrect,0.7227
semantic,6,dev_1654,no,"NO, discouraged workers are not counted in the unemployment rate. They are people",no,no,Correct,0.6977000000000001
semantic,6,dev_1753,no,YES,yes,yes,Incorrect,0.18469999999999998
semantic,6,dev_1825,no,"NO, a bank sort code is unique to each individual bank and branch within that",no,no,Correct,0.7141000000000001
semantic,6,dev_2911,no,"NO, the United States has a floating exchange rate.",no,no,Correct,0.5272
semantic,6,dev_2740,no,"NO, the Better Business Bureau (BBB) is a non-government",no,no,Correct,0.6978
semantic,6,dev_2517,no,"NO, the Bank of England is not a private company. It is a central",no,no,Correct,0.6987000000000001
semantic,6,dev_1139,yes,"YES, New Mexico has a state income tax.",yes,yes,Correct,0.5367000000000001
semantic,6,dev_0002,yes,"No, house tax is not the same as property tax. House tax is a",no,no,Incorrect,0.6976
semantic,6,dev_0773,yes,YES,yes,yes,Correct,0.1759
semantic,6,dev_1186,yes,YES,yes,yes,Correct,0.1766
semantic,6,dev_1302,yes,"YES, Dodge and Jeep are both brands owned by Stellant",yes,yes,Correct,0.703
semantic,6,dev_1349,yes,YES,yes,yes,Correct,0.1789
semantic,6,dev_1771,yes,"Yes, a news release and a press release are essentially the same thing. The",yes,yes,Correct,0.7008
semantic,6,dev_1804,yes,YES,yes,yes,Correct,0.1766
semantic,6,dev_1873,yes,YES,yes,yes,Correct,0.18619999999999998
semantic,6,dev_1963,yes,YES,yes,yes,Correct,0.1774
semantic,6,dev_2582,yes,"Yes, a profit and loss statement (P&L) is the same as",yes,yes,Correct,0.6994
semantic,6,dev_2598,yes,"YES, Hellmann's and Best Foods are the same company.",yes,yes,Correct,0.7168
semantic,6,dev_3158,yes,I don't know. The relationship between economic development and social development is complex,i,idk,IDK,0.7256
semantic,6,dev_0551,no,"NO, an ounce (oz) and a fluid ounce (fl oz",no,no,Correct,0.7199
semantic,6,dev_1158,no,"NO, a crossover is not the same as an SUV.",no,no,Correct,0.7069
semantic,6,dev_1364,no,"YES, a jet engine is an external combustion engine because the fuel",yes,yes,Incorrect,0.6995
semantic,6,dev_1807,no,"NO, 8.5×11 (US Letter) is not the",no,no,Correct,0.7009
semantic,6,dev_2542,no,"No, Father's Day is not the first Sunday in September. In the",no,no,Correct,0.7032
semantic,6,dev_2562,no,"No, a ribeye steak is not the same as a Delmon",no,no,Correct,0.7176
semantic,6,dev_3005,no,"No, an English Bull Terrier is not a Pit Bull. While they",no,no,Correct,0.7082999999999999
semantic,6,dev_3194,no,"No, corn chips and tortilla chips are not the same. While both are",no,no,Correct,0.7212999999999999
semantic,6,dev_3195,no,"NO, a boarding pass is not the same as a ticket. A board",no,no,Correct,0.7006
semantic,6,dev_0013,yes,"NO, it's not necessarily bad to wash your hair with shower gel in",no,no,Incorrect,0.7126
semantic,6,dev_0043,yes,YES,yes,yes,Correct,0.1879
semantic,6,dev_0052,yes,YES,yes,yes,Correct,0.1769
semantic,6,dev_0091,yes,"NO, a tablespoon is generally smaller than a dessert spoon. A dess",no,no,Incorrect,0.7001000000000001
semantic,6,dev_0116,yes,"YES, a father-in-law is considered a relative.",yes,yes,Correct,0.6293
semantic,6,dev_0288,yes,"YES, the UK does use the 24-hour clock, although",yes,yes,Correct,0.7067
semantic,6,dev_0555,yes,"Yes, ZIP code and postal code are essentially the same thing. The",yes,yes,Correct,0.7007000000000001
semantic,6,dev_0627,yes,"Yes, it is possible to be a ""Sir"" if not British. The",yes,yes,Correct,0.6992999999999999
semantic,6,dev_0831,yes,"YES, a U.S. passport card is a valid form of",yes,yes,Correct,0.7017
semantic,6,dev_0721,no,"NO, Night of the Living Dead is a work of fiction.",no,no,Correct,0.6046
semantic,6,dev_0863,no,"NO, The Closer and Major Crimes are not the same. The Cl",no,no,Correct,0.7049
semantic,6,dev_1357,no,"NO, The View and The Talk are not the same show. They are two",no,no,Correct,0.7042
semantic,6,dev_1951,no,YES,yes,yes,Incorrect,0.1761
semantic,6,dev_2131,no,"NO, Nacho Varga is a character from Better Call Saul and does",no,no,Correct,0.7064
semantic,6,dev_2174,no,"NO, Fear the Walking Dead is a companion series to The Walking",no,no,Correct,0.7072
semantic,6,dev_2252,no,"NO, you do not have to be from America to be on America's",no,no,Correct,0.7006
semantic,6,dev_2309,no,"NO, Maleficent and the Evil Queen are not the same character",no,no,Correct,0.6999
semantic,6,dev_2364,no,"NO, ""The Outsiders"" movie is not based on a true story",no,no,Correct,0.6997000000000001
semantic,6,dev_3075,no,"NO, Pulp Fiction is not based on a true story. It is",no,no,Correct,0.7016
semantic,6,dev_3205,no,"NO, the movie ""Lady Bird"" is not about Lady Bird Johnson.",no,no,Correct,0.6984
semantic,6,dev_0015,yes,"YES, Fantastic Beasts and Where to Find Them is a pre",yes,yes,Correct,0.6987000000000001
semantic,6,dev_0153,yes,YES,yes,yes,Correct,0.18680000000000002
semantic,6,dev_0161,yes,YES,yes,yes,Correct,0.1761
semantic,6,dev_0306,yes,"NO, Grey's Anatomy is not filmed at a real hospital",no,no,Incorrect,2.0441
semantic,6,dev_0334,yes,YES,yes,yes,Correct,0.18569999999999998
semantic,6,dev_0338,yes,YES,yes,yes,Correct,0.1856
semantic,6,dev_0493,yes,"NO, Love Child is not based on a true story. It is a fict",no,no,Incorrect,0.7122999999999999
semantic,6,dev_0520,yes,YES,yes,yes,Correct,0.18519999999999998
semantic,6,dev_0212,no,"NO, maple syrup does not come straight from the tree. It is",no,no,Correct,0.707
semantic,6,dev_0309,no,"NO, ground coriander and cumin are not the same thing. Cor",no,no,Correct,0.7002999999999999
semantic,6,dev_0484,no,YES,yes,yes,Incorrect,0.18009999999999998
semantic,6,dev_0654,no,"NO, Beef short ribs are not the same as spare ribs.",no,no,Correct,0.7024
semantic,6,dev_0973,no,"NO, salt water taffy is not made with ocean water. The name",no,no,Correct,0.6994
semantic,6,dev_1335,no,"NO, a cocoa bean is not the same as a coffee bean.",no,no,Correct,0.7336
semantic,6,dev_1443,no,"NO, a lungo and an Americano are not the same. A lung",no,no,Correct,0.723
semantic,6,dev_0284,yes,"YES, enameled cast iron can leach small amounts of iron into",yes,yes,Correct,0.7165
semantic,6,dev_0330,yes,"YES, the white cover on Brie cheese is edible. It is",yes,yes,Correct,0.7263
semantic,6,dev_0443,yes,"Yes, powdered sugar and confectioner's sugar are the same.",yes,yes,Correct,0.7011000000000001
semantic,6,dev_0975,yes,"YES, wholemeal flour and whole wheat flour are essentially the same thing",yes,yes,Correct,0.7098
semantic,6,dev_1741,yes,"YES, garbanzo beans and chickpeas are the same thing.",yes,yes,Correct,0.7084
semantic,6,dev_1770,yes,YES,yes,yes,Correct,0.1787
semantic,6,dev_1860,no,"NO, Pinot Noir and Pinot Gris are not the same gr",no,no,Correct,2.0639000000000003
semantic,6,dev_1967,yes,"Yes, a caffe latte is the same as a latte. A",yes,yes,Correct,0.7016
semantic,6,dev_0236,no,"NO, straights do not have to be the same suit in poker.",no,no,Correct,0.6608999999999999
semantic,6,dev_0741,no,"YES, there is always a way to win Solitaire if you follow the",yes,yes,Incorrect,0.722
semantic,6,dev_1440,no,"YES, the Xbox One can play Xbox 360 discs,",yes,yes,Incorrect,0.6987000000000001
semantic,6,dev_2062,no,"NO, a queen cannot move like a knight. A knight moves in",no,no,Correct,0.7015
semantic,6,dev_2109,no,"NO, Call of Duty: World at War is based on World War II",no,no,Correct,0.7108
semantic,6,dev_2137,no,"NO, it is not possible to win a game of chess with only a",no,no,Correct,0.7132999999999999
semantic,6,dev_0478,yes,"YES, Call of Duty: Modern Warfare 2 does have a",yes,yes,Correct,0.6976
semantic,6,dev_0545,yes,"YES, Just Cause 3 has a storyline. The game follows",yes,yes,Correct,0.7007000000000001
semantic,6,dev_1125,yes,"YES, Need for Speed has a story mode. It is called ""St",yes,yes,Correct,0.7183999999999999
semantic,6,dev_1137,yes,"NO, Pokémon Crystal is a Game Boy Color game and cannot be",no,no,Incorrect,2.0449
semantic,6,dev_1162,yes,"YES, you can play DS games on a DS Lite. The DS",yes,yes,Correct,0.6991
semantic,6,dev_1177,yes,"YES, Company of Heroes 2 does have a campaign.",yes,yes,Correct,0.6435
semantic,6,dev_1444,yes,"YES, some original Xbox games work on Xbox One through backward compatibility.",yes,yes,Correct,0.6616000000000001
semantic,6,dev_0313,no,"No, St. Kitts and Nevis is not a U.S",no,no,Correct,0.7011000000000001
semantic,6,dev_0823,no,I don't know. The Ogallala Aquifer is one of the,i,idk,IDK,0.7085
semantic,6,dev_0839,no,"NO, West Virginia and Virginia are not the same state. West Virginia separated from",no,no,Correct,0.7226
semantic,6,dev_1222,no,"NO, the Isle of Man is not part of Great Britain. It is",no,no,Correct,0.7006
semantic,6,dev_1254,no,"NO, Sudan and South Sudan are two separate countries. Sudan is",no,no,Correct,0.6996
semantic,6,dev_1269,no,"NO, the Mississippi River does not flow into the Pacific Ocean. It flows into",no,no,Correct,0.7133999999999999
semantic,6,dev_1334,no,"No, Patagonia is not a country in its own right. It is",no,no,Correct,0.7104
semantic,6,dev_0184,yes,"YES, you can boat from Lake Michigan to the Atlantic Ocean through the Saint",yes,yes,Correct,2.0671999999999997
semantic,6,dev_0322,yes,"YES, City of Industry is in Los Angeles County.",yes,yes,Correct,0.5535
semantic,6,dev_0557,yes,"YES, the water in the Amazon River is fresh. It is the world",yes,yes,Correct,0.7012
semantic,6,dev_0573,yes,"Yes, you can get to the Black Sea from the Mediterranean through the Turkish Str",yes,yes,Correct,0.7035
semantic,6,dev_1179,yes,"NO, Phoenix is in the Mountain Time Zone (MT), while Denver is in",no,no,Incorrect,0.7031000000000001
semantic,6,dev_0619,yes,"YES, the state of Texas is bigger than Germany. Texas has a land",yes,yes,Correct,0.7006
semantic,6,dev_0650,yes,YES,yes,yes,Correct,0.1776
semantic,6,dev_0734,yes,"YES, you can boat from Lake Erie to Lake Ontario using the Well",yes,yes,Correct,0.7008
semantic,6,dev_0061,no,"YES, an EMT-Basic can start an IV (intravenous",yes,yes,Incorrect,0.7007000000000001
semantic,6,dev_0124,no,"NO, health care is not free in the United States. While there are some",no,no,Correct,0.698
semantic,6,dev_0914,no,"No, stroke volume and ejection fraction are not the same. Stroke volume",no,no,Correct,0.7068
semantic,6,dev_0955,no,"NO, Mycosis fungoides is not caused by a fungal",no,no,Correct,0.7199
semantic,6,dev_1610,no,"No, soft-tissue damage refers to any injury to the muscles, tend",no,no,Correct,0.9666
semantic,6,dev_1790,no,"NO, the lining of the uterus does not shed during implant",no,no,Correct,0.6997000000000001
semantic,6,dev_2096,no,"NO, an X-ray and an MRI are not the same. X",no,no,Correct,0.7021000000000001
semantic,6,dev_2277,no,"NO, high dependency is not the same as intensive care. High dependency units",no,no,Correct,0.7039
semantic,6,dev_2499,no,"NO, a Doctor of Physical Therapy is not an MD. They are two",no,no,Correct,0.7012
semantic,6,dev_1959,yes,YES,yes,yes,Correct,0.1782
semantic,6,dev_1992,yes,YES,yes,yes,Correct,0.17830000000000001
semantic,6,dev_2047,yes,"YES, organs in the digestive system can be transplanted.",yes,yes,Correct,0.6968
semantic,6,dev_1656,yes,I don't know. While emotional pain can feel intense and similar to physical,i,idk,IDK,0.7
semantic,6,dev_1663,yes,"Yes, it is possible to get turf toe on toes other than the big",yes,yes,Correct,0.7159
semantic,6,dev_1752,yes,"Yes, triamcinolone cream can be used for treating the symptoms of",yes,yes,Correct,0.7046
semantic,6,dev_2049,yes,YES,yes,yes,Correct,0.187
semantic,6,dev_2050,yes,"Yes, drug tolerance can be caused by receptor upregulation and downreg",yes,yes,Correct,0.711
semantic,6,dev_1442,yes,"Yes, a lipid profile and a lipid panel are essentially the same thing",yes,yes,Correct,0.7001000000000001
semantic,6,dev_0301,no,"NO, the Berlin Wall and the Berlin Blockade are two separate events. The",no,no,Correct,0.7202000000000001
semantic,6,dev_0480,no,"NO, we no longer follow the Articles of Confederation. The Articles",no,no,Correct,0.7118
semantic,6,dev_1290,no,"NO, Nova Scotia was not part of the 13 Colonies",no,no,Correct,0.7212000000000001
semantic,6,dev_1819,no,"NO, the Czech Republic and Czechoslovakia are not the same country",no,no,Correct,0.7185
semantic,6,dev_2206,no,"NO, the Emancipation Proclamation did not apply to all states",no,no,Correct,0.7014
semantic,6,dev_0376,yes,"YES, William the Conqueror had a legitimate claim to the English throne",yes,yes,Correct,0.7183999999999999
semantic,6,dev_0346,yes,YES,yes,yes,Correct,0.1951
semantic,6,dev_0363,yes,"NO, the 1971 silver dollar does not contain silver. It",no,no,Incorrect,0.6982
semantic,6,dev_0535,yes,YES,yes,yes,Correct,0.18869999999999998
semantic,6,dev_0629,yes,YES,yes,yes,Correct,0.189
semantic,6,dev_0179,no,"NO, U.S. courts of appeals do not have original jurisdiction",no,no,Correct,0.6992999999999999
semantic,6,dev_0402,no,"NO, it is not legal to have more than one wife in the UK.",no,no,Correct,0.6998
semantic,6,dev_0513,no,I don't know. The answer may vary depending on the jurisdiction and,i,idk,IDK,0.7076
semantic,6,dev_0606,no,I don't know. The legality of escaping from prison can vary,i,idk,IDK,0.7095
semantic,6,dev_0630,no,"NO, 'under honorable conditions' is a different discharge category than an",no,no,Correct,0.7001000000000001
semantic,6,dev_0795,no,"NO, driving laws are not the same in all states. Each state has its",no,no,Correct,0.6981
semantic,6,dev_1457,no,"NO, the Civil Rights Act is not part of the U.S. Constitution",no,no,Correct,0.7335
semantic,6,dev_1776,no,"NO, an Employment Authorization Document (EAD) is not the same",no,no,Correct,0.7104
semantic,6,dev_1862,no,"NO, the FCC's equal-time rule does not apply to newspapers",no,no,Correct,0.6986
semantic,6,dev_1911,no,"NO, there is no mandatory retirement age for U.S. Supreme Court just",no,no,Correct,0.7092
semantic,6,dev_2755,no,"NO, you cannot be an attorney without taking the bar exam in most jurisdict",no,no,Correct,0.7
semantic,6,dev_2756,no,"YES, the Bill of Rights is part of the original Constitution. It consists",yes,yes,Incorrect,0.7258
semantic,6,dev_2921,no,"NO, property tax and council tax are not the same. Property tax is a",no,no,Correct,0.7007000000000001
semantic,6,dev_2972,no,"NO, commercial law and corporate law are not the same. Commercial law encompass",no,no,Correct,0.7011000000000001
semantic,6,dev_0009,yes,"YES, you can drive in Canada with a valid US driver's license",yes,yes,Correct,0.7252000000000001
semantic,6,dev_0038,yes,"YES, it is legal to record a cover of a song, but only",yes,yes,Correct,0.7253
semantic,6,dev_0129,yes,I don't know. The laws regarding private gun sales can vary by state,i,idk,IDK,0.7165
semantic,6,dev_0202,yes,"Yes, breaking and entering into a car can be considered a felony, depending",yes,yes,Correct,0.699
semantic,6,dev_0308,yes,"YES, it is generally illegal for a minor to be in possession of alcohol",yes,yes,Correct,0.7051000000000001
semantic,6,dev_0584,yes,YES,yes,yes,Correct,0.177
semantic,6,dev_0644,yes,"YES, it is a law in many jurisdictions that you must pull",yes,yes,Correct,0.7038
semantic,6,dev_0653,yes,YES,yes,yes,Correct,0.18619999999999998
semantic,6,dev_0671,yes,"YES, the state of Kansas has the death penalty.",yes,yes,Correct,0.5529
semantic,6,dev_0757,yes,"YES, stealing a street sign can result in criminal charges, as it",yes,yes,Correct,0.7129
semantic,6,dev_1059,yes,"YES, the Supreme Court can review and potentially block an executive order if it",yes,yes,Correct,0.7221000000000001
semantic,6,dev_1067,yes,YES,yes,yes,Correct,0.1778
semantic,6,dev_1097,yes,"YES, in Canada, individuals have the right to remain silent and do not",yes,yes,Correct,0.7082999999999999
semantic,6,dev_1131,yes,"I don't know. The specific self-defense laws, including the",i,idk,IDK,0.7028
semantic,6,dev_1324,yes,I don't know. The definition of an open container can vary by juris,i,idk,IDK,0.708
semantic,6,dev_0305,no,"NO, language is not the only criterion for classifying states in India",no,no,Correct,0.7079
semantic,6,dev_0465,no,"NO, the National Guard is part of the Army, not the Coast Guard.",no,no,Correct,0.6992
semantic,6,dev_0508,no,"NO, according to the 22nd Amendment of the U.S",no,no,Correct,0.6981
semantic,6,dev_0518,no,"NO, the Justice Department is part of the executive branch. It is an executive",no,no,Correct,0.7141000000000001
semantic,6,dev_0572,no,"NO, a legislator is a broad term that refers to any person who is",no,no,Correct,0.6992
semantic,6,dev_0898,no,"NO, permanent residents in Canada are not eligible to vote in federal elections. Only",no,no,Correct,0.7195
semantic,6,dev_1154,no,YES,yes,yes,Incorrect,0.1864
semantic,6,dev_1221,no,"NO, a filibuster is not a common tactic in the House of",no,no,Correct,0.7242999999999999
semantic,6,dev_1244,no,"NO, Canada and Australia are not part of the United Kingdom. They are independent",no,no,Correct,0.7057
semantic,6,dev_1245,no,"NO, Turkey is not a member of the European Economic Area. It is,",no,no,Correct,0.6999
semantic,6,dev_1273,no,"NO, Guam is not part of the U.S. Virgin Islands.",no,no,Correct,0.705
semantic,6,dev_0647,yes,YES,yes,yes,Correct,0.18519999999999998
semantic,6,dev_0254,yes,"NO, the Vice President is not the President of the Senate. The Vice President",no,no,Incorrect,0.702
semantic,6,dev_0486,yes,YES,yes,yes,Correct,0.1761
semantic,6,dev_0736,yes,YES,yes,yes,Correct,0.1771
semantic,6,dev_0814,yes,"NO, the Air Force does not have ground combat troops as its primary role is",no,no,Incorrect,0.7112999999999999
semantic,6,dev_1477,yes,YES,yes,yes,Correct,0.18030000000000002
semantic,6,dev_1721,yes,YES,yes,yes,Correct,0.1792
semantic,6,dev_1786,yes,"NO, New York City no longer has rent control in the traditional sense. The",no,no,Incorrect,0.6974
semantic,6,dev_1970,yes,YES,yes,yes,Correct,0.1785
semantic,6,dev_1985,yes,YES,yes,yes,Correct,0.1876
semantic,6,dev_2448,no,"YES, Puerto Rico residents can vote in the U.S. presidential primary",yes,yes,Incorrect,0.708
semantic,6,dev_0066,yes,YES,yes,yes,Correct,0.1729
semantic,6,dev_0088,yes,"YES, it is possible to create mass from energy according to Einstein's",yes,yes,Correct,0.7336
semantic,6,dev_0196,yes,I don't know. While several T. rex skeletons have,i,idk,IDK,0.6992999999999999
semantic,6,dev_0262,yes,YES,yes,yes,Correct,0.1771
semantic,6,dev_0271,yes,"Yes, an outcome variable is the same as a dependent variable. The dependent variable",yes,yes,Correct,0.7198
semantic,6,dev_0329,yes,YES,yes,yes,Correct,0.1768
semantic,6,dev_0331,yes,"YES, a wheel and axle is a simple machine.",yes,yes,Correct,0.5865
semantic,6,dev_0387,yes,"YES, density depends on the type of material. Different materials have different masses",yes,yes,Correct,0.7186
semantic,6,dev_0418,yes,"Yes, it is possible to have thunder and lightning while snowing. This phenomenon",yes,yes,Correct,0.7112999999999999
semantic,6,dev_0616,yes,Yes,yes,yes,Correct,0.1489
semantic,6,dev_0638,yes,YES,yes,yes,Correct,0.18430000000000002
semantic,6,dev_0657,yes,"No, yield stress and yield strength are not the same. Yield stress is",no,no,Incorrect,0.699
semantic,6,dev_0692,yes,"YES, a hydrometer can be used to measure the specific gravity of",yes,yes,Correct,0.7007000000000001
semantic,6,dev_0744,yes,YES,yes,yes,Correct,0.1726
semantic,6,dev_0797,yes,"YES, average velocity has a direction associated with it. It represents the displ",yes,yes,Correct,2.0383
semantic,6,dev_0842,yes,YES,yes,yes,Correct,0.19690000000000002
semantic,6,dev_1379,yes,"Yes, talc is the main component of talcum powder. Talc",yes,yes,Correct,0.7012999999999999
semantic,6,dev_0126,no,"NO, according to our current understanding of physics, it is not possible for an",no,no,Correct,0.7028
semantic,6,dev_0342,no,"NO, the speed of sound is not constant for all materials. It depends on",no,no,Correct,0.7039
semantic,6,dev_0437,no,"NO, there is not always a full moon on the summer solstice.",no,no,Correct,0.7
semantic,6,dev_0553,no,"YES, all the angles in a parallelogram are equal.",yes,yes,Incorrect,0.6601
semantic,6,dev_0652,no,"NO, the square root of 3 is an irrational number.",no,no,Correct,0.6343
semantic,6,dev_0708,no,"YES, a negative number can be a perfect square. For example, (-",yes,yes,Incorrect,0.7165
semantic,6,dev_1083,no,"NO, carbon-14 dating cannot be used to detect the age of a",no,no,Correct,0.7142000000000001
semantic,6,dev_1142,no,"NO, quantum entanglement does not allow for faster-than-light communication",no,no,Correct,0.6998
semantic,6,dev_1354,no,"NO, the depth of the water table is not always the same. It can",no,no,Correct,0.7114
semantic,6,dev_1460,no,I don't know. The suitability of a single-subject research design,i,idk,IDK,0.7212999999999999
semantic,6,dev_1468,no,"No, sodium lactate is not the same as lactic acid.",no,no,Correct,0.6979
semantic,6,dev_1559,no,"NO, log x is not the same as ln x. The logarith",no,no,Correct,0.7026
semantic,6,dev_1595,no,"NO, Reverse osmosis water and deionized water are not the",no,no,Correct,0.704
semantic,6,dev_1643,no,"No, static pressure is not the same as atmospheric pressure. Atm",no,no,Correct,0.6992999999999999
semantic,6,dev_1692,no,"NO, atmospheric pressure is not always 1 atm. Atmospher",no,no,Correct,0.7019
semantic,6,dev_1726,no,"Yes, the vagus nerve is part of the peripheral nervous system (P",yes,yes,Incorrect,0.6991
semantic,6,dev_0008,yes,"YES, there is an English word with Q not followed by U: """,yes,yes,Correct,0.7149
semantic,6,dev_0323,yes,"YES, Song of Solomon and Song of Songs are the same book.",yes,yes,Correct,0.7092
semantic,6,dev_0794,yes,YES,yes,yes,Correct,0.1802
semantic,6,dev_0866,yes,YES,yes,yes,Correct,0.1743
semantic,6,dev_0910,yes,"YES, the Dewey Decimal System is still in use in many",yes,yes,Correct,0.7059
semantic,6,dev_0992,yes,"YES, students can be held back in elementary school if they do not meet",yes,yes,Correct,0.6984
semantic,6,dev_1446,yes,"NO, the Church of England is a part of the Anglican Communion",no,no,Incorrect,0.7145
semantic,6,dev_0294,no,"NO, Australian Sign Language (Auslan) and American Sign Language (AS",no,no,Correct,0.7143999999999999
semantic,6,dev_0521,no,"NO, it is not true that kangaroo means 'I don'",no,no,Correct,0.7085
semantic,6,dev_0943,no,"NO, the Book of Deuteronomy is not in the New Testament. It",no,no,Correct,0.6981
semantic,6,dev_1887,no,"NO, the Persian and Arabic alphabets are similar but not",no,no,Correct,0.6972
semantic,6,dev_2892,no,"NO, Scottish Gaelic and Irish Gaelic are not the same.",no,no,Correct,0.7077
semantic,6,dev_2691,no,"NO, King's College London is not part of Cambridge University. They are",no,no,Correct,0.7071000000000001
semantic,6,dev_0065,yes,YES,yes,yes,Correct,0.18680000000000002
semantic,6,dev_0245,yes,"YES, a player can pass the ball more than once in American football.",yes,yes,Correct,0.7014
semantic,6,dev_0315,yes,"NO, you cannot play soccer on a football field because the dimensions, goal sizes",no,no,Incorrect,0.7253
semantic,6,dev_0361,yes,"YES, chewing tobacco is banned in Major League Baseball as of January",yes,yes,Correct,0.7503
semantic,6,dev_0550,yes,YES,yes,yes,Correct,0.18530000000000002
semantic,6,dev_0595,yes,"NO, the Ivy League does not have a basketball tournament. Instead, the",no,no,Incorrect,0.7058
semantic,6,dev_0966,yes,YES,yes,yes,Correct,0.1787
semantic,6,dev_1078,yes,YES,yes,yes,Correct,0.1765
semantic,6,dev_1224,yes,"NO, a rugby field is not necessarily bigger than a football field. The dimensions",no,no,Incorrect,2.0486
semantic,6,dev_1251,yes,YES,yes,yes,Correct,0.18309999999999998
semantic,6,dev_1260,yes,"NO, Nike Air Force 1s are not designed for basketball. They",no,no,Incorrect,0.6985
semantic,6,dev_1278,yes,YES,yes,yes,Correct,0.1799
semantic,6,dev_1462,yes,YES,yes,yes,Correct,0.1752
semantic,6,dev_1494,yes,YES,yes,yes,Correct,0.1778
semantic,6,dev_1543,yes,YES,yes,yes,Correct,0.191
semantic,6,dev_2012,yes,YES,yes,yes,Correct,0.1769
semantic,6,dev_2118,yes,I don't know. While it is possible to cause significant pain and injury,i,idk,IDK,0.7032
semantic,6,dev_2272,yes,"YES, AstroTurf is a popular brand of artificial grass.",yes,yes,Correct,0.6844
semantic,6,dev_2338,yes,I don't know. The eligibility rules for each competition can vary,i,idk,IDK,0.709
semantic,6,dev_2498,yes,"NO, there has never been two grand slams in one inning in Major",no,no,Incorrect,0.7107
semantic,6,dev_2509,yes,YES,yes,yes,Correct,0.1865
semantic,6,dev_2917,yes,YES,yes,yes,Correct,0.1769
semantic,6,dev_2966,yes,"NO, as per the NBA's eligibility rules, players must be",no,no,Incorrect,0.6994
semantic,6,dev_2974,yes,"YES, it is possible to run for 24 hours in an event",yes,yes,Correct,2.0599000000000003
semantic,6,dev_3007,yes,YES,yes,yes,Correct,0.1775
semantic,6,dev_3199,yes,YES,yes,yes,Correct,0.1768
semantic,6,dev_0222,no,"NO, NCAA and NBA basketballs are not the same size. An NBA",no,no,Correct,0.7122999999999999
semantic,6,dev_0398,no,"NO, you cannot score directly from a throw-in in soccer. A goal",no,no,Correct,0.6992999999999999
semantic,6,dev_0426,no,"NO, a soccer goalie cannot pick up a throw-in. The goal",no,no,Correct,0.699
semantic,6,dev_0464,no,"NO, the golden goal rule was abandoned in 2004 and was",no,no,Correct,0.7106
semantic,6,dev_0563,no,"NO, Croatia has not won the soccer World Cup yet. They reached",no,no,Correct,0.6981
semantic,6,dev_0658,no,"YES, a walk in baseball is a dead ball situation. A walk occurs",yes,yes,Incorrect,0.7
semantic,6,dev_1366,no,"NO, they do not make a new Champions League trophy every year. The",no,no,Correct,0.7012999999999999
semantic,6,dev_1471,no,"YES, a player can be offside on a throw-in. The",yes,yes,Incorrect,0.7228
semantic,6,dev_1558,no,"NO, the FIFA World Cup is not held every year. It is a quad",no,no,Correct,0.7025
semantic,6,dev_1580,no,"NO, the Chicago White Sox and Chicago Cubs do not share a stadium",no,no,Correct,0.6972999999999999
semantic,6,dev_2401,no,"NO, a batsman cannot be run out on a no-ball because",no,no,Correct,0.7233999999999999
semantic,6,dev_2436,no,"NO, it is not possible to run a mile in 2 minutes. The",no,no,Correct,0.7031000000000001
semantic,6,dev_3224,no,"NO, an MLB game cannot end in a tie during the regular season.",no,no,Correct,0.7012
semantic,6,dev_0022,yes,"NO, a spark plug does not keep an engine running. It provides the spark",no,no,Incorrect,0.6988
semantic,6,dev_0132,yes,"YES, a Network Attached Storage (NAS) device can be used",yes,yes,Correct,0.7198
semantic,6,dev_0268,yes,Yes,yes,yes,Correct,0.1479
semantic,6,dev_0646,yes,"YES, multithreading can still be useful on a single processor,",yes,yes,Correct,0.7002999999999999
semantic,6,dev_0697,yes,YES,yes,yes,Correct,0.1844
semantic,6,dev_0935,yes,"Yes. A table can have multiple foreign keys, as long as each foreign key",yes,yes,Correct,0.7055
semantic,6,dev_1159,yes,"YES, a high-level language can use an assembler. An",yes,yes,Correct,0.696
semantic,6,dev_1376,yes,YES,yes,yes,Correct,0.176
semantic,6,dev_1646,yes,"YES, you can use cast-iron pans on an induction cook",yes,yes,Correct,0.6979
semantic,6,dev_1869,yes,"YES, a database table can have multiple foreign keys, but each foreign key",yes,yes,Correct,0.6979
semantic,6,dev_2397,yes,"YES, there is such a thing as a cell phone jammer. It",yes,yes,Correct,0.6986
semantic,6,dev_0512,no,"NO, Microsoft Visio and Visual Studio are not the same. Microsoft Visio",no,no,Correct,0.7008
semantic,6,dev_1524,no,"NO, the transmission and the engine are not the same thing. The engine generates",no,no,Correct,0.7034
semantic,6,dev_1675,no,"No, input lag and response time are not the same thing. Input lag refers",no,no,Correct,0.7069
semantic,6,dev_1723,no,"YES, you can use a regular bulb in a 3-way",yes,yes,Incorrect,0.6999
semantic,6,dev_2027,no,"NO, HD-DVD and Blu-ray are not the same.",no,no,Correct,0.7007000000000001
semantic,6,dev_2104,no,"YES, you can get on the internet with a PlayStation 2,",yes,yes,Incorrect,0.7002999999999999
semantic,6,dev_2262,no,"NO, WordPad is a basic text editor that comes pre-installed with",no,no,Correct,0.7212000000000001
semantic,6,dev_2431,no,"NO, in a tree, a node can have at most one parent.",no,no,Correct,0.6602
semantic,6,dev_2524,no,"NO, the iPhone SE and iPhone 5 are not the same. The iPhone",no,no,Correct,0.6981
semantic,6,dev_3057,no,"Yes, Windows Subsystem for Linux (WSL) is a virtual machine.",yes,yes,Incorrect,0.7022999999999999
semantic,6,dev_3167,no,"NO, gear oil and motor oil are not the same. Gear oil is",no,no,Correct,0.7054
semantic,11,dev_0023,yes,"No, a cape and a cloak are not the same. While both",no,no,Incorrect,0.757
semantic,11,dev_0039,no,"YES, carbon can form a polar covalent bond with hydrogen.",yes,yes,Incorrect,0.7605
semantic,11,dev_0055,no,"YES, Wisconsin has been in the Little League World Series. The state has",yes,yes,Incorrect,0.7623
semantic,11,dev_0059,no,YES,yes,yes,Incorrect,0.2401
semantic,11,dev_0068,no,"NO, in most jurisdictions, minors cannot receive the death penalty due",no,no,Correct,0.7604
semantic,11,dev_0087,yes,"NO, frogs do not have the ability to jump out of boiling water",no,no,Incorrect,0.7623
semantic,11,dev_0107,no,"Yes, gambling winnings in Australia are generally considered taxable income and may be",yes,yes,Incorrect,0.7577
semantic,11,dev_0120,yes,"NO, a vehicle title is not the same as registration. While a title proves",no,no,Incorrect,0.76
semantic,11,dev_0138,no,YES,yes,yes,Incorrect,0.2357
semantic,11,dev_0151,no,"NO, numbers do not look the same in all languages. The symbols used to",no,no,Correct,0.763
semantic,11,dev_0163,yes,"NO, the square root of 2 cannot be written as a fraction. It",no,no,Incorrect,0.7804
semantic,11,dev_0165,no,"Yes, dragon fruit and pitaya are the same thing.",yes,yes,Incorrect,0.611
semantic,11,dev_0207,no,"NO, France is in the Central European Time (CET) zone, while",no,no,Correct,0.7647
semantic,11,dev_0210,no,"YES, The Three Little Pigs is considered a nursery rhyme",yes,yes,Incorrect,0.7812
semantic,11,dev_0221,no,YES,yes,yes,Incorrect,0.235
semantic,11,dev_0229,yes,YES,yes,yes,Correct,0.2385
semantic,11,dev_0237,no,"Yes, there is a difference between 2-cycle and 2-stroke",yes,yes,Incorrect,0.7587
semantic,11,dev_0243,no,"Yes, there is a Chinatown in St. Louis, Missouri.",yes,yes,Incorrect,0.7647999999999999
semantic,11,dev_0248,yes,"NO, there is no bird faster than a cheetah. Cheetah",no,no,Incorrect,0.7591
semantic,11,dev_0249,yes,"NO, queen ants do not give birth to queen ants. Instead,",no,no,Incorrect,0.7611
semantic,11,dev_0251,yes,"NO, one sister chromatid has the same amount of DNA as a chrom",no,no,Incorrect,0.8172
semantic,11,dev_0257,yes,"YES, a glass window can break on its own, especially if it is",yes,yes,Correct,0.7626000000000001
semantic,11,dev_0270,no,"NO, there is no U.S. state where the drinking age is",no,no,Correct,0.777
semantic,11,dev_0287,yes,YES,yes,yes,Correct,0.2361
semantic,11,dev_0295,no,"Yes, there is a difference between doves and pigeons. Doves",yes,yes,Incorrect,0.7551
semantic,11,dev_0298,yes,"NO, sheet metal gauge is not the same as wire gauge. While both systems",no,no,Incorrect,0.7591
semantic,11,dev_0312,no,"NO, adjectives do not always have to come before a noun.",no,no,Correct,0.7617999999999999
semantic,11,dev_0316,yes,YES,yes,yes,Correct,0.2392
semantic,11,dev_0318,yes,"YES, an Ace-2-3-4-5 is a",yes,yes,Correct,0.7757999999999999
semantic,11,dev_0321,yes,"YES, a filibuster can be used to delay or block a vote",yes,yes,Correct,0.7603
semantic,11,dev_0333,yes,"I don't know. While they are both .22 caliber,",i,idk,IDK,0.7679
semantic,11,dev_0336,no,"Yes, there is a difference between Muay Thai and Thai boxing",yes,yes,Incorrect,0.7627
semantic,11,dev_0343,yes,"NO, the President is not the only member of the executive branch. The executive",no,no,Incorrect,0.7597999999999999
semantic,11,dev_0352,no,"NO, you cannot score off a throw-in in soccer. The throw-",no,no,Correct,0.7753
semantic,11,dev_0355,no,YES,yes,yes,Incorrect,0.2372
semantic,11,dev_0364,no,YES,yes,yes,Incorrect,0.2346
semantic,11,dev_0366,no,"YES, the diaphragm separates the abdominal c",yes,yes,Incorrect,0.7667
semantic,11,dev_0406,no,YES,yes,yes,Incorrect,0.24180000000000001
semantic,11,dev_0428,no,"No, peroxide and hydrogen peroxide are not the same thing",no,no,Correct,0.7605
semantic,11,dev_0429,yes,"NO, flax oil and linseed oil are not the same. Flax",no,no,Incorrect,0.7679
semantic,11,dev_0430,yes,"NO, the Banaue Rice Terraces are not one of the 7",no,no,Incorrect,0.7632000000000001
semantic,11,dev_0436,no,"Yes, there is such a thing as a broken heart, and it is often",yes,yes,Incorrect,0.7637999999999999
semantic,11,dev_0441,no,"NO, there is no lobster in shrimp with lobster sauce.",no,no,Correct,0.7617
semantic,11,dev_0442,yes,YES,yes,yes,Correct,0.2377
semantic,11,dev_0479,no,YES,yes,yes,Incorrect,0.24530000000000002
semantic,11,dev_0481,no,"NO, there has never been a 6th borough in New York City",no,no,Correct,0.7615
semantic,11,dev_0482,no,"NO, a bumblebee does not die after stinging someone. Unlike honey",no,no,Correct,0.7574
semantic,11,dev_0487,no,"YES, you can grow banana plants from a banana. The process",yes,yes,Incorrect,0.7727999999999999
semantic,11,dev_0504,yes,"NO, friction tape and electrical tape are not the same. Friction tape",no,no,Incorrect,0.7591
semantic,11,dev_0509,no,YES,yes,yes,Incorrect,0.2382
semantic,11,dev_0532,no,"YES, it is possible to connect your brain to a computer using various neuro",yes,yes,Incorrect,0.7602000000000001
semantic,11,dev_0534,no,"YES, the National Guard is primarily a state-based military reserve force that",yes,yes,Incorrect,0.7614
semantic,11,dev_0536,yes,"NO, Thanos did not appear in the first Guardians of the Galaxy.",no,no,Incorrect,0.7657999999999999
semantic,11,dev_0537,no,YES,yes,yes,Incorrect,0.243
semantic,11,dev_0546,yes,"NO, the College of William & Mary is not an Ivy League school.",no,no,Incorrect,0.7756000000000001
semantic,11,dev_0560,no,"I don't know. To find the answer, you can look up the",i,idk,IDK,0.7597999999999999
semantic,11,dev_0568,no,"NO, the movie Heat was not based on a book. It was written by",no,no,Correct,0.7824
semantic,11,dev_0569,no,"YES, the NBA salary cap is a hard cap. This means that teams",yes,yes,Incorrect,0.7625
semantic,11,dev_0588,yes,"NO, Boost Mobile and Virgin Mobile are not the same. Boost Mobile",no,no,Incorrect,0.7711
semantic,11,dev_0594,no,YES,yes,yes,Incorrect,0.2384
semantic,11,dev_0596,no,"Yes, C# and Visual C# are essentially the same. Visual C#",yes,yes,Incorrect,0.7625
semantic,11,dev_0598,yes,"NO, the Vice President is not the head of the Senate. The Vice President",no,no,Incorrect,0.7635
semantic,11,dev_0612,yes,"NO, popcorn is not made from corn on the cob. Popc",no,no,Incorrect,0.7747999999999999
semantic,11,dev_0617,yes,YES,yes,yes,Correct,0.2304
semantic,11,dev_0662,yes,"NO, LensCrafters and Pearle Vision are not the same",no,no,Incorrect,0.7625
semantic,11,dev_0678,no,"NO, it is not safe to wash a child's mouth out with soap",no,no,Correct,0.7739
semantic,11,dev_0696,no,"NO, there is no primary seat belt law in New Hampshire. However, secondary",no,no,Correct,0.7637
semantic,11,dev_0711,yes,"NO, Musician's Friend and Guitar Center are separate companies, although",no,no,Incorrect,0.7647999999999999
semantic,11,dev_0718,yes,YES,yes,yes,Correct,0.2343
semantic,11,dev_0724,no,YES,yes,yes,Incorrect,0.2376
semantic,11,dev_0731,no,"YES, egg drop soup typically contains raw eggs that are slowly poured into sim",yes,yes,Incorrect,0.7585
semantic,11,dev_0737,no,"NO, a Cornish game hen is not a baby chicken. It is a",no,no,Correct,0.7596
semantic,11,dev_0754,yes,"NO, World at War is not part of the Black Ops series. World",no,no,Incorrect,0.7783
semantic,11,dev_0759,no,"NO, North and South Korea speak different varieties of the Korean language due to political",no,no,Correct,0.7617
semantic,11,dev_0764,yes,"No, sampling error is not the same as standard deviation. While standard dev",no,no,Incorrect,0.7567
semantic,11,dev_0782,yes,YES,yes,yes,Correct,0.2382
semantic,11,dev_0817,no,YES,yes,yes,Incorrect,1.6043
semantic,11,dev_0829,no,YES,yes,yes,Incorrect,0.2367
semantic,11,dev_0832,no,"YES, you can get to South America by car, but it would require",yes,yes,Incorrect,0.7627999999999999
semantic,11,dev_0837,yes,I don't know. While universal healthcare and socialized medicine share the goal,i,idk,IDK,0.769
semantic,11,dev_0853,no,"NO, a Girl Scout cannot be an Eagle Scout because the E",no,no,Correct,0.7577999999999999
semantic,11,dev_0854,no,"NO, elephants are not at the top of the food chain. They",no,no,Correct,0.7624
semantic,11,dev_0862,no,"YES, players must say ""check"" when their opponent's king is",yes,yes,Incorrect,0.7584
semantic,11,dev_0871,yes,"YES, English is one of the most commonly spoken languages in the world,",yes,yes,Correct,0.7601
semantic,11,dev_0916,yes,"No, the Ryman Auditorium and the Grand Ole Opry are",no,no,Incorrect,0.7677999999999999
semantic,11,dev_0922,yes,I don't know. The passport card is primarily designed for land and,i,idk,IDK,0.765
semantic,11,dev_0933,no,YES,yes,yes,Incorrect,0.2354
semantic,11,dev_0934,yes,"NO, Pokémon: Let's Go is not a main series game",no,no,Incorrect,0.7632000000000001
semantic,11,dev_0940,yes,"NO, a passport card is not valid for domestic air travel. You would",no,no,Incorrect,0.7557999999999999
semantic,11,dev_0944,no,"YES, Greece and Rome were not around at the same time, but they",yes,yes,Incorrect,0.7596
semantic,11,dev_0952,yes,"NO, Merrill Lynch and Bank of America are not the same.",no,no,Incorrect,0.7766000000000001
semantic,11,dev_0958,yes,"YES, the eyes are part of the nervous system. They are sensory",yes,yes,Correct,0.7623
semantic,11,dev_0981,no,Yes,yes,yes,Incorrect,0.2003
semantic,11,dev_0991,yes,YES,yes,yes,Correct,0.2339
semantic,11,dev_0994,yes,"NO, it is not recommended to use a white background as a green screen because",no,no,Incorrect,0.7818999999999999
semantic,11,dev_0996,no,"NO, there is no town called Radiator Springs on Route 66",no,no,Correct,0.7692
semantic,11,dev_1006,no,"NO, in most modern democracies, including the United States, there is no",no,no,Correct,0.7604
semantic,11,dev_1011,no,YES,yes,yes,Incorrect,0.2394
semantic,11,dev_1022,yes,"Yes, Enterprise Value is a measure of a company's firm value. It",yes,yes,Correct,0.7603
semantic,11,dev_1049,no,"NO, a red panda is not related to a giant panda. They",no,no,Correct,0.778
semantic,11,dev_1062,yes,YES,yes,yes,Correct,0.2362
semantic,11,dev_1075,yes,YES,yes,yes,Correct,0.24
semantic,11,dev_1102,no,"Yes, there is a difference between sweating and perspiring. Swe",yes,yes,Incorrect,0.7797000000000001
semantic,11,dev_1110,yes,"NO, there are multiple rounds in the NBA draft. The draft typically consists of",no,no,Incorrect,0.758
semantic,11,dev_1112,no,"Yes, nuclear power is a type of nuclear energy. Nuclear power refers",yes,yes,Incorrect,0.7627
semantic,11,dev_1113,yes,"NO, a ball python is not the same as a royal python. They are",no,no,Incorrect,0.7846000000000001
semantic,11,dev_1121,no,"Yes, there was a world war before World War I. The Seven Years'",yes,yes,Incorrect,0.7589
semantic,11,dev_1133,no,"Yes, The Crew 2 has a storyline.",yes,yes,Incorrect,0.6374
semantic,11,dev_1138,yes,"NO, anaerobic respiration does not have an electron transport chain",no,no,Incorrect,0.7614
semantic,11,dev_1146,yes,"No, a Penalty Charge Notice (PCN) is not the",no,no,Incorrect,2.1259
semantic,11,dev_1155,yes,"NO, GMC Sierra and Chevy Silverado are not the same. They",no,no,Incorrect,0.7729
semantic,11,dev_1175,no,YES,yes,yes,Incorrect,0.24480000000000002
semantic,11,dev_1178,no,"NO, as of the 2021 season, no Major League Base",no,no,Correct,0.7607999999999999
semantic,11,dev_1183,yes,"NO, pork loin ribs are not the same as baby back rib",no,no,Incorrect,0.7596
semantic,11,dev_1196,no,"YES, a person can have dual citizenship in India, but it depends",yes,yes,Incorrect,0.7566
semantic,11,dev_1204,yes,YES,yes,yes,Correct,0.2377
semantic,11,dev_1205,no,"NO, you cannot take out the king in chess. The objective of the",no,no,Correct,0.7583
semantic,11,dev_1209,yes,"NO, it is not possible to turn lead into gold through alchemy or",no,no,Incorrect,0.76
semantic,11,dev_1227,no,"NO, 1 is not a prime factor of every number. It is a",no,no,Correct,0.7633
semantic,11,dev_1229,no,"NO, the color orange is named after the fruit. The fruit was named after",no,no,Correct,0.7661
semantic,11,dev_1230,yes,"NO, a double eagle is not the same as an albatross.",no,no,Incorrect,0.7601
semantic,11,dev_1235,no,"YES, a birth certificate can count as a form of ID.",yes,yes,Incorrect,0.679
semantic,11,dev_1239,yes,"NO, a CPAP (Continuous Positive Airway Pressure) machine",no,no,Incorrect,0.766
semantic,11,dev_1241,no,YES,yes,yes,Incorrect,0.2346
semantic,11,dev_1250,yes,YES,yes,yes,Correct,0.2407
semantic,11,dev_1256,yes,YES,yes,yes,Correct,0.2352
semantic,11,dev_1261,no,"YES, Louisiana has a state income tax.",yes,yes,Incorrect,0.5321
semantic,11,dev_1267,no,"NO, Better Call Saul is a prequel to Breaking Bad, set",no,no,Correct,0.789
semantic,11,dev_1271,no,"NO, the drinking age is uniform across all states in the United States due to",no,no,Correct,0.7643
semantic,11,dev_1283,yes,"NO, lock nuts and stop nuts are not the same. Lock nuts have a",no,no,Incorrect,0.7617
semantic,11,dev_1285,no,YES,yes,yes,Incorrect,0.2341
semantic,11,dev_1286,no,"Yes, there is a difference between lightning bugs and fireflies. While they",yes,yes,Incorrect,0.7626000000000001
semantic,11,dev_1294,yes,"NO, a terminating decimal cannot be written as a recurring decimal because it",no,no,Incorrect,0.7569
semantic,11,dev_1296,yes,"NO, PlayStation 2 games do not play on PlayStation 4 without",no,no,Incorrect,0.756
semantic,11,dev_1303,no,"NO, you do not have to touch the ball to be offside in soccer",no,no,Correct,0.7655
semantic,11,dev_1307,yes,"NO, you cannot score directly from a kickoff in football. The opposing",no,no,Incorrect,0.7717999999999999
semantic,11,dev_1311,yes,"NO, the crankshaft pulley and harmonic balancer are not",no,no,Incorrect,0.7572000000000001
semantic,11,dev_1316,yes,"NO, the Gateway Arch is not a national park. It is part of",no,no,Incorrect,0.7563
semantic,11,dev_1317,no,"NO, planets are not involved in the formation of an actual planetary neb",no,no,Correct,0.7707999999999999
semantic,11,dev_1333,yes,"NO, a Dame is a female equivalent of a Knight. In the British",no,no,Incorrect,0.762
semantic,11,dev_1336,yes,"Yes, there are nerves in the central nervous system. The central nervous system consists",yes,yes,Correct,2.1265
semantic,11,dev_1345,no,"Yes, there is a difference between a confidentiality agreement and a non-dis",yes,yes,Incorrect,0.7661
semantic,11,dev_1359,no,"NO, you cannot give yourself an assist in basketball. An assist is a stat",no,no,Correct,0.7566
semantic,11,dev_1370,yes,"NO, A-2-3-4-5 is not a straight because",no,no,Incorrect,0.7626000000000001
semantic,11,dev_1371,no,"NO, Rafflesia arnoldii is not the largest flower in",no,no,Correct,0.7592000000000001
semantic,11,dev_1372,yes,"NO, a kilowatt-hour (kWh) is a unit of",no,no,Incorrect,0.7707999999999999
semantic,11,dev_1382,no,"NO, a catcher cannot block home plate without the ball. This is considered",no,no,Correct,0.7672
semantic,11,dev_1406,no,YES,yes,yes,Incorrect,0.2343
semantic,11,dev_1408,yes,"NO, runners cannot advance on a caught foul ball in baseball. The play",no,no,Incorrect,0.7596
semantic,11,dev_1413,yes,"NO, Brazil has never won the World Cup in Europe. The World Cup is",no,no,Incorrect,2.3389
semantic,11,dev_1419,yes,"Yes, there is a Las Vegas in New Mexico. It is a city located",yes,yes,Correct,0.7623
semantic,11,dev_1420,yes,YES,yes,yes,Correct,0.2381
semantic,11,dev_1423,no,"NO, ""Take Me Home, Country Roads"" is not about Virginia.",no,no,Correct,0.7579
semantic,11,dev_1424,no,YES,yes,yes,Incorrect,0.2347
semantic,11,dev_1436,no,"No, equity in your home is not a liquid asset because it cannot be quickly",no,no,Correct,0.7687999999999999
semantic,11,dev_1438,yes,"NO, not all of the UK is in the same time zone. The UK",no,no,Incorrect,0.7621
semantic,11,dev_1452,no,"Yes, some neurotransmitters can have both excitatory and inhibitory effects",yes,yes,Incorrect,0.7657999999999999
semantic,11,dev_1455,yes,"NO, the abdomen is a region of the body that contains several org",no,no,Incorrect,0.7685
semantic,11,dev_1464,no,"NO, a sweet potato is not part of the potato family. Sweet",no,no,Correct,0.7801
semantic,11,dev_1467,yes,YES,yes,yes,Correct,0.2347
semantic,11,dev_1473,yes,"YES, a sailboat can travel faster than the wind, but only if",yes,yes,Correct,0.7593
semantic,11,dev_1489,yes,"NO, not all the songs in ""Mamma Mia! Here We Go",no,no,Incorrect,0.7604
semantic,11,dev_1498,yes,YES,yes,yes,Correct,0.2353
semantic,11,dev_1508,no,"YES, there have been fatalities during the Tour de France. One notable",yes,yes,Incorrect,0.7575
semantic,11,dev_1515,no,YES,yes,yes,Incorrect,0.2617
semantic,11,dev_1517,yes,"NO, you cannot use hydraulic fluid as brake fluid. They",no,no,Incorrect,0.7687
semantic,11,dev_1528,yes,"NO, a J.D. (Juris Doctor) is not the",no,no,Incorrect,0.7594
semantic,11,dev_1533,no,YES,yes,yes,Incorrect,0.2355
semantic,11,dev_1534,no,"NO, a baseball player cannot legally catch a ball in the stands.",no,no,Correct,0.6694
semantic,11,dev_1546,yes,YES,yes,yes,Correct,0.2368
semantic,11,dev_1552,yes,"NO, the poly(A) tail is added after the stop codon during",no,no,Incorrect,0.7623
semantic,11,dev_1557,no,"NO, New York State does not have the death penalty. The state abolished",no,no,Correct,0.7626000000000001
semantic,11,dev_1563,no,"YES, the Big Dipper is part of the constellation Ursa",yes,yes,Incorrect,0.7566
semantic,11,dev_1627,no,YES,yes,yes,Incorrect,0.24159999999999998
semantic,11,dev_1632,yes,"NO, the World Health Organization (WHO) is an intergovernmental",no,no,Incorrect,0.7614
semantic,11,dev_1650,yes,"YES, it is illegal to take a stop sign as it is considered a",yes,yes,Correct,0.7559
semantic,11,dev_1655,no,"Yes, there is a difference between soy sauce and soya sauce. S",yes,yes,Incorrect,0.7636000000000001
semantic,11,dev_1658,yes,"YES, the Nazca Lines can be seen from the ground, but",yes,yes,Correct,0.769
semantic,11,dev_1659,yes,"YES, an undergraduate degree is the same as a bachelor's",yes,yes,Correct,0.7592000000000001
semantic,11,dev_1673,yes,YES,yes,yes,Correct,0.2336
semantic,11,dev_1680,no,"YES, picking your nose can potentially affect your sense of smell, as it",yes,yes,Incorrect,0.7627
semantic,11,dev_1687,no,YES,yes,yes,Incorrect,0.2351
semantic,11,dev_1698,no,"YES, Fullmetal Alchemist: Brotherhood is a continuation",yes,yes,Incorrect,0.7774
semantic,11,dev_1707,yes,"NO, a PLC (Public Limited Company) is a type of limited company",no,no,Incorrect,0.7696000000000001
semantic,11,dev_1727,yes,"NO, a digital audio cable and an optical audio cable are not the same.",no,no,Incorrect,0.7654
semantic,11,dev_1736,no,YES,yes,yes,Incorrect,0.2329
semantic,11,dev_1737,yes,"NO, you cannot take a jump shot on a free throw. A free throw",no,no,Incorrect,0.7711
semantic,11,dev_1740,yes,"NO, there is no spongy bone in the medullary cavity",no,no,Incorrect,2.1284
semantic,11,dev_1743,no,"I don't know. The accuracy of ""The Last King of Scotland""",i,idk,IDK,0.7573
semantic,11,dev_1749,yes,"Yes, Delhi University and the University of Delhi are the same. The University of",yes,yes,Correct,0.7587
semantic,11,dev_1750,no,"NO, fighting words are not protected under freedom of speech as established in Chapl",no,no,Correct,0.7663
semantic,11,dev_1757,yes,"Yes, the profit and loss statement and income statement are the same thing. The",yes,yes,Correct,0.7573
semantic,11,dev_1763,yes,YES,yes,yes,Correct,0.2334
semantic,11,dev_1775,no,"NO, the NBA playoffs are not played in a 2-3-",no,no,Correct,0.7817000000000001
semantic,11,dev_1789,no,"NO, the spleen is not part of the circulatory system, but it",no,no,Correct,0.7639
semantic,11,dev_1806,no,"NO, the U.S. does not currently issue $1,00",no,no,Correct,0.7856000000000001
semantic,11,dev_1814,no,YES,yes,yes,Incorrect,0.2327
semantic,11,dev_1823,yes,"NO, the MLB All-Star Game does not determine World Series home-",no,no,Incorrect,0.7888
semantic,11,dev_1832,no,"NO, there is no real town called Garrison, Colorado. The town",no,no,Correct,0.7596
semantic,11,dev_1849,yes,"NO, in a RACI chart, one person cannot be both Respons",no,no,Incorrect,0.7727
semantic,11,dev_1851,no,YES,yes,yes,Incorrect,0.2404
semantic,11,dev_1857,no,"YES, cows need to give birth to produce milk. The lact",yes,yes,Incorrect,0.7567999999999999
semantic,11,dev_1895,yes,"NO, the empty set is not an element of itself because it has no elements",no,no,Incorrect,0.7908999999999999
semantic,11,dev_1906,no,"NO, college football players do not have to enter the NFL Draft to play",no,no,Correct,0.7637999999999999
semantic,11,dev_1916,yes,YES,yes,yes,Correct,0.2378
semantic,11,dev_1919,yes,YES,yes,yes,Correct,0.2343
semantic,11,dev_1924,yes,"NO, a car's serial number is not the same as its VIN",no,no,Incorrect,0.7597999999999999
semantic,11,dev_1938,no,"YES, the empty set is an element of the set that contains the empty",yes,yes,Incorrect,0.7545
semantic,11,dev_1948,yes,"NO, a chicken and a rooster are not the same thing. A chicken",no,no,Incorrect,0.7549
semantic,11,dev_1950,no,"NO, the Gulf of Mexico is not considered an ocean. It is a large",no,no,Correct,0.7683
semantic,11,dev_1960,no,"NO, they are not the same country. The Republic of the Congo (",no,no,Correct,0.7857000000000001
semantic,11,dev_1977,no,"NO, according to the natural-born citizen clause in the U.S.",no,no,Correct,0.7677999999999999
semantic,11,dev_1995,yes,"YES, winning the FA Cup (Football Association Challenge Cup) in England",yes,yes,Correct,0.7609
semantic,11,dev_1997,yes,"NO, the Alphabet Song and Twinkle, Twinkle, Little Star do",no,no,Incorrect,0.7649
semantic,11,dev_2009,no,"NO, Color Wonder markers do not work on regular paper. They are designed",no,no,Correct,0.7613
semantic,11,dev_2032,yes,"YES, some flies can lay eggs in",yes,yes,Correct,0.7593
semantic,11,dev_2045,yes,I don't know. A Supreme Court justice is subject to the same el,i,idk,IDK,0.774
semantic,11,dev_2053,no,YES,yes,yes,Incorrect,0.235
semantic,11,dev_2061,no,Yes. You can choose who is listed as your next of kin by legally design,yes,yes,Incorrect,2.1325
semantic,11,dev_2065,yes,"NO, RealFeel is a brand name for a specific weather index developed by",no,no,Incorrect,0.7571
semantic,11,dev_2068,yes,I don't know. Allied Waste was acquired by Republic Services in,i,idk,IDK,0.7657
semantic,11,dev_2078,no,YES,yes,yes,Incorrect,0.24380000000000002
semantic,11,dev_2079,yes,YES,yes,yes,Correct,0.25980000000000003
semantic,11,dev_2088,no,"YES, English is the de facto official language of the United States at",yes,yes,Incorrect,0.7579
semantic,11,dev_2091,no,"NO, the home team cannot win by two runs in extra innings because the",no,no,Correct,0.7629
semantic,11,dev_2094,no,YES,yes,yes,Incorrect,0.2361
semantic,11,dev_2095,yes,"YES, Noel Gallagher sings Don't Look Back in",yes,yes,Correct,0.7556
semantic,11,dev_2139,no,"NO, a passport card is not valid for international air travel. It can",no,no,Correct,0.7724
semantic,11,dev_2166,yes,"NO, staring at a bright light for a short period of time will not cause",no,no,Incorrect,0.7541
semantic,11,dev_2184,no,YES,yes,yes,Incorrect,0.2434
semantic,11,dev_2187,yes,"NO, a player cannot jump while taking a free throw. They must remain station",no,no,Incorrect,0.7706000000000001
semantic,11,dev_2192,no,"NO, a colonel is higher than a lieutenant colonel in the military rank",no,no,Correct,0.7599
semantic,11,dev_2196,no,"YES, Red-eared slider turtles do lay eggs in",yes,yes,Incorrect,0.7611
semantic,11,dev_2199,yes,YES,yes,yes,Correct,0.2376
semantic,11,dev_2204,yes,"NO, it is not safe or appropriate to pick someone up by their hair.",no,no,Incorrect,0.7755
semantic,11,dev_2220,no,"YES, the ball is considered dead on an infield fly.",yes,yes,Incorrect,0.691
semantic,11,dev_2224,no,"NO, there is no such thing as a blue ruby. A blue gem",no,no,Correct,0.9715
semantic,11,dev_2232,no,YES,yes,yes,Incorrect,0.2526
semantic,11,dev_2234,no,"Yes, Pokémon: Let's Go, Eevee! is",yes,yes,Incorrect,0.7685
semantic,11,dev_2237,no,"NO, the Riviera Maya is located on the Caribbean coast of Qu",no,no,Correct,0.7888999999999999
semantic,11,dev_2247,yes,"NO, in New Jersey, it is illegal for anyone under the age of",no,no,Incorrect,0.7693
semantic,11,dev_2248,yes,"No, pixel density and resolution are not the same thing. Pixel density refers",no,no,Incorrect,0.7715
semantic,11,dev_2266,no,"YES, the Nissan Pathfinder is classified as a full-size",yes,yes,Incorrect,0.7791
semantic,11,dev_2275,yes,I don't know. The legality of card counting in Las Vegas can,i,idk,IDK,0.7581
semantic,11,dev_2295,yes,"Yes, it is possible to have a unanimous vote with abstent",yes,yes,Correct,0.7774
semantic,11,dev_2304,yes,"NO, the House of Representatives is a part of Congress, but Congress also",no,no,Incorrect,0.7694
semantic,11,dev_2306,yes,"YES, you can keep doubling your bet on roulette, but it",yes,yes,Correct,0.7613
semantic,11,dev_2310,no,"YES, In-N-Out Burger is a franchise, but it",yes,yes,Incorrect,0.7605
semantic,11,dev_2315,yes,"NO, centripetal and centrifugal forces are not an action",no,no,Incorrect,0.7805
semantic,11,dev_2323,no,"NO, the film Tully is not based on a book. It is an",no,no,Correct,0.7733
semantic,11,dev_2328,no,YES,yes,yes,Incorrect,0.2367
semantic,11,dev_2350,no,"YES, Little House on the Prairie is a work of fiction,",yes,yes,Incorrect,0.7774
semantic,11,dev_2382,yes,"NO, the right atrium does not receive blood from the lungs. It receives",no,no,Incorrect,0.762
semantic,11,dev_2387,yes,"NO, Northern Ireland has not qualified for the FIFA World Cup as of 2",no,no,Incorrect,0.7758999999999999
semantic,11,dev_2388,no,I don't know. The answer depends on the specific jurisdiction and the,i,idk,IDK,0.7642
semantic,11,dev_2396,yes,"NO, semolina flour is not the same as Cream of Wheat",no,no,Incorrect,0.7693
semantic,11,dev_2408,yes,"NO, employment termination and being fired are not the same thing. Employment",no,no,Incorrect,0.7674
semantic,11,dev_2413,no,"YES, the movie Stalingrad is based on a true story. It",yes,yes,Incorrect,0.7662
semantic,11,dev_2428,yes,"Yes, a PICC (Peripherally Inserted Central Catheter",yes,yes,Correct,0.7617
semantic,11,dev_2433,no,"NO, the ability to have a beard in the military depends on the specific regulations",no,no,Correct,0.7655
semantic,11,dev_2434,no,"NO, the national anthem of Spain, 'Marcha Real,'",no,no,Correct,0.76
semantic,11,dev_2447,no,YES,yes,yes,Incorrect,0.2401
semantic,11,dev_2473,yes,"NO, Pokémon Gold, Silver, and Crystal are not the same",no,no,Incorrect,0.76
semantic,11,dev_2479,no,"NO, Hong Kong is not inside the Great Firewall of China. Although it",no,no,Correct,0.7593
semantic,11,dev_2504,no,"YES, The Strip is located within the city limits of Las Vegas,",yes,yes,Incorrect,0.759
semantic,11,dev_2532,yes,"Yes, in the case of a parasitic twin (fetus in",yes,yes,Correct,0.7575
semantic,11,dev_2537,no,Social studies and social science are related but not the same. Social studies is an,social,other,NC,0.7951
semantic,11,dev_2538,no,"NO, War Room is not based on a true story. It is a fict",no,no,Correct,0.7623
semantic,11,dev_2547,yes,"NO, .224 bullets are not compatible with a .22",no,no,Incorrect,0.7882
semantic,11,dev_2548,no,"NO, the queen bee does not die after she stings. Unlike worker",no,no,Correct,0.7605
semantic,11,dev_2555,no,"Yes, lymphoma is a type of cancer that originates in the",yes,yes,Incorrect,0.7874
semantic,11,dev_2566,no,"YES, a Bachelor of Education is an undergraduate degree. It is typically",yes,yes,Incorrect,0.7615
semantic,11,dev_2572,no,"NO, the Channel Islands are not part of Great Britain. They are Crown dependencies",no,no,Correct,0.7454
semantic,11,dev_2577,no,YES,yes,yes,Incorrect,0.2316
semantic,11,dev_2605,yes,"NO, .45 Colt and .45 Long Colt are not",no,no,Incorrect,0.7731
semantic,11,dev_2614,yes,"NO, Snow-on-the-Mountain (Aegopodium",no,no,Incorrect,0.7737999999999999
semantic,11,dev_2622,no,"Yes, 7.62 NATO and .308 Win are",yes,yes,Incorrect,0.7664
semantic,11,dev_2634,yes,"YES, there is a ball-in-hand rule in 8-",yes,yes,Correct,0.7797999999999999
semantic,11,dev_2643,no,YES,yes,yes,Incorrect,0.2364
semantic,11,dev_2655,yes,"NO, Visa Delta and Visa Debit are not the same. Vis",no,no,Incorrect,0.7778999999999999
semantic,11,dev_2656,yes,I don't know. The right of abode and indefinite,i,idk,IDK,0.76
semantic,11,dev_2690,yes,"NO, Parcelforce is a subsidiary of Royal Mail,",no,no,Incorrect,0.759
semantic,11,dev_2719,no,"NO, electrons flow in the opposite direction of conventional current. In reality,",no,no,Correct,0.7579
semantic,11,dev_2727,no,"I don't know. The AR-10 is a battle rifle,",i,idk,IDK,0.7637
semantic,11,dev_2750,yes,"YES, cows need to get pregnant to give milk. The lact",yes,yes,Correct,0.7621
semantic,11,dev_2757,yes,YES,yes,yes,Correct,0.2378
semantic,11,dev_2770,yes,"NO, a 9 to 5 schedule can be more or less than a",no,no,Incorrect,0.7601
semantic,11,dev_2791,yes,"No, the gut is not the same as the stomach. The gut refers to",no,no,Incorrect,0.7587
semantic,11,dev_2813,yes,YES,yes,yes,Correct,0.2339
semantic,11,dev_2821,yes,"NO, nicotine is not typically classified as a ganglion blocker",no,no,Incorrect,0.7587
semantic,11,dev_2832,yes,YES,yes,yes,Correct,0.2388
semantic,11,dev_2838,no,"NO, 'The Prince of Tides' is not based on a true story",no,no,Correct,0.7547
semantic,11,dev_2853,no,"NO, the language is not the same in North and South Korea. Although they",no,no,Correct,0.7577999999999999
semantic,11,dev_2870,no,YES,yes,yes,Incorrect,0.2346
semantic,11,dev_2875,yes,I don't know. While both Aldi and Trader Joe's,i,idk,IDK,0.7611
semantic,11,dev_2880,no,"Yes, the County Court Business Centre is a real court. It is a part",yes,yes,Incorrect,0.9947999999999999
semantic,11,dev_2890,no,"NO, non-permanent members of the Security Council do not have v",no,no,Correct,0.7584
semantic,11,dev_2901,yes,"NO, VW, Audi, and Porsche are not the same",no,no,Incorrect,0.7602000000000001
semantic,11,dev_2906,yes,"NO, a fidelity bond is a type of crime insurance that specifically covers",no,no,Incorrect,0.7605
semantic,11,dev_2919,no,"Yes, the",yes,yes,Incorrect,0.5782999999999999
semantic,11,dev_2931,yes,"NO, in most countries, the minimum legal drinking age is 21.",no,no,Incorrect,0.7554
semantic,11,dev_2933,no,YES,yes,yes,Incorrect,0.2341
semantic,11,dev_2956,yes,"No, a .17 HMR (.17 Hornady Magnum",no,no,Incorrect,0.7746000000000001
semantic,11,dev_2959,no,"NO, there is no bridge between Morocco and Spain. The Strait",no,no,Correct,0.7733
semantic,11,dev_2967,yes,"NO, the Sun never shines from the north for any location on Earth.",no,no,Incorrect,0.7604
semantic,11,dev_2973,no,"NO, there is not a second movie to The Golden Compass. The film",no,no,Correct,0.766
semantic,11,dev_2991,yes,YES,yes,yes,Correct,0.2771
semantic,11,dev_3000,yes,"NO, back ribs are not the same as baby back ribs. Back",no,no,Incorrect,0.7667999999999999
semantic,11,dev_3015,yes,"NO, keyless entry and remote start are not the same. Keyless entry",no,no,Incorrect,0.7609
semantic,11,dev_3027,no,"NO, a Schengen visa does not allow travel to Ireland, as Ireland",no,no,Correct,0.7607999999999999
semantic,11,dev_3029,no,"YES, the United Kingdom left the European Union on January 31,",yes,yes,Incorrect,0.7611
semantic,11,dev_3035,no,YES,yes,yes,Incorrect,0.234
semantic,11,dev_3040,no,YES,yes,yes,Incorrect,0.2366
semantic,11,dev_3073,no,"NO, top sirloin steak is a specific cut from the top part",no,no,Correct,0.7593
semantic,11,dev_3079,yes,"NO, salary is not included in the Cost of Goods Sold (COGS",no,no,Incorrect,0.7577
semantic,11,dev_3089,yes,"NO, a peach is not part of the almond family. Peaches",no,no,Incorrect,0.7587
semantic,11,dev_3105,yes,"NO, a neutral wire should not be connected to ground under normal circumstances. The",no,no,Incorrect,0.782
semantic,11,dev_3106,yes,"Yes, high-rise and high-waisted jeans are essentially the same.",yes,yes,Correct,0.7637999999999999
semantic,11,dev_3107,yes,"Yes, there have been recess appointments to the Supreme Court in U.",yes,yes,Correct,0.7835
semantic,11,dev_3122,no,YES,yes,yes,Incorrect,0.2349
semantic,11,dev_3143,no,"YES, the Republic of Ireland is part of the Schengen visa area",yes,yes,Incorrect,0.7575
semantic,11,dev_3173,no,"NO, a private equity fund is not a financial institution. It is a type",no,no,Correct,0.7712
semantic,11,dev_3183,no,YES,yes,yes,Incorrect,0.2285
semantic,11,dev_3187,yes,"YES, Batman Forever is a sequel to Batman Returns.",yes,yes,Correct,0.7731
semantic,11,dev_3204,no,Yes. The fundus of the gallbladder is located near the c,yes,yes,Incorrect,0.7635
semantic,11,dev_3212,yes,"No, a physical address is not the same as a MAC address. A physical",no,no,Incorrect,0.7653
semantic,11,dev_3221,no,"NO, pool water does not change color if you pee in it. The",no,no,Correct,0.7607
semantic,11,dev_3231,yes,"NO, the standard error is not the same as the standard deviation. While",no,no,Incorrect,0.7717
semantic,11,dev_3232,yes,"NO, corn starch and corn flour are not the same. Corn starch",no,no,Incorrect,2.0822
semantic,11,dev_3238,yes,"NO, the non-striker cannot be run out by the bowler.",no,no,Incorrect,0.7709
semantic,11,dev_3239,yes,I don't know. The Conn Smythe Trophy is awarded,i,idk,IDK,0.763
semantic,11,dev_3241,yes,"NO, Romania was not part of the Austro-Hungarian Empire",no,no,Incorrect,0.7647999999999999
semantic,11,dev_3242,yes,YES,yes,yes,Correct,0.2346
semantic,11,dev_0031,yes,"YES, Deadpool has a daughter named Wilson, also known as X-",yes,yes,Correct,0.7742
semantic,11,dev_0148,yes,"YES, Sméagol (Gollum) dies in The Lord",yes,yes,Correct,0.7569
semantic,11,dev_0178,yes,YES,yes,yes,Correct,0.2396
semantic,11,dev_0410,yes,YES,yes,yes,Correct,0.2374
semantic,11,dev_0419,yes,YES,yes,yes,Correct,0.2359
semantic,11,dev_0448,yes,"YES, Jefferson Airplane is in the Rock and Roll Hall of Fame.",yes,yes,Correct,0.7998999999999999
semantic,11,dev_0224,no,"NO, 'The Outsiders' is not based on a true story.",no,no,Correct,0.7811
semantic,11,dev_0317,no,I don't know. While some people may be genetically predis,i,idk,IDK,0.7585
semantic,11,dev_0368,no,"NO, ""The Color Purple"" is a work of fiction, although it",no,no,Correct,0.7582000000000001
semantic,11,dev_0507,no,"NO, the girl does not die in Brain on Fire. The memoir",no,no,Correct,0.7707999999999999
semantic,11,dev_0603,no,"NO, the Seven Ages of Man is not a sonnet. It is",no,no,Correct,0.7594
semantic,11,dev_0938,no,"NO, ""House of the Rising Sun"" is not about Vietnam.",no,no,Correct,0.7616
semantic,11,dev_0076,yes,I don't know. The answer would depend on the specific species of fer,i,idk,IDK,0.7624
semantic,11,dev_0459,yes,Yes. The template strand is transcribed during gene transcription to produce R,yes,yes,Correct,0.7716000000000001
semantic,11,dev_0502,yes,"Yes, a kingsnake is venom-resistant to rattles",yes,yes,Correct,0.7599
semantic,11,dev_0580,yes,"NO, female and male blue jays do not look the same. Female",no,no,Incorrect,2.105
semantic,11,dev_1089,yes,"NO, it is not possible to remove venom glands from a snake without",no,no,Incorrect,0.7612000000000001
semantic,11,dev_1153,yes,"NO, Melaleuca and tea tree are not the same thing. Mel",no,no,Incorrect,0.7623
semantic,11,dev_1315,yes,I don't know. The strength of intermolecular forces depends on,i,idk,IDK,0.7712
semantic,11,dev_1482,yes,"NO, muscle fibers are made up of multiple muscle cells, also known as",no,no,Incorrect,0.7621
semantic,11,dev_1568,yes,"No, a vulture is not the same as a buzzard. Vult",no,no,Incorrect,0.7594
semantic,11,dev_1968,yes,"NO, a turtle is not the same as a tortoise. T",no,no,Incorrect,0.7561
semantic,11,dev_2223,yes,I don't know. While Turritopsis dohrnii has the,i,idk,IDK,0.7637
semantic,11,dev_2420,yes,"I don't know. The term ""rain crow"" is not a",i,idk,IDK,0.7549
semantic,11,dev_2882,yes,"NO, Redback spiders are not found in the UK. They are native",no,no,Incorrect,0.7643
semantic,11,dev_2899,yes,"YES, Dalmatians can develop more spots as they grow, especially during",yes,yes,Correct,0.7589
semantic,11,dev_2910,yes,"NO, taro root is not the same as elephant ears. Elephant",no,no,Incorrect,0.7664
semantic,11,dev_0713,no,"YES, a cow does not have to be pregnant to lactate,",yes,yes,Incorrect,0.7562000000000001
semantic,11,dev_0816,no,"NO, the spinal cord and vertebral column are not the same",no,no,Correct,0.7673
semantic,11,dev_0911,no,"NO, the ring finger does not connect directly to the heart. It is part",no,no,Correct,0.763
semantic,11,dev_0997,no,"YES, surgical spirit and rubbing alcohol are the same thing. They",yes,yes,Incorrect,0.7614
semantic,11,dev_1258,no,YES,yes,yes,Incorrect,0.2395
semantic,11,dev_1422,no,"NO, root hairs occur only in the root hair zone, which is a",no,no,Correct,0.7696000000000001
semantic,11,dev_2120,no,YES,yes,yes,Incorrect,0.2321
semantic,11,dev_2353,no,"NO, bees and hornets have different venom. Bees produce a",no,no,Correct,0.7729
semantic,11,dev_2441,no,"YES, it is possible to have a boy and a girl identical twins",yes,yes,Incorrect,2.1049
semantic,11,dev_2087,no,"YES, sperm whales are listed as Endangered on the I",yes,yes,Incorrect,0.7567999999999999
semantic,11,dev_2215,no,"NO, the two chromosomes in a pair are not identical. They are",no,no,Correct,0.7676000000000001
semantic,11,dev_2503,no,"NO, a catbird is not the same as a mockingbird. Although",no,no,Correct,0.7626000000000001
semantic,11,dev_2652,no,"YES, most baby birds have an egg tooth, which is a small,",yes,yes,Incorrect,0.7649
semantic,11,dev_2850,no,"YES, there is always a stinger in a bee sting.",yes,yes,Incorrect,0.767
semantic,11,dev_3062,no,"NO, Black and yellow garden spiders are not poisonous to",no,no,Correct,0.7687
semantic,11,dev_0400,yes,Yes,yes,yes,Correct,0.1992
semantic,11,dev_0432,yes,YES,yes,yes,Correct,0.2369
semantic,11,dev_0446,yes,"YES, Bi-Mart is a membership retail store that requires customers to have",yes,yes,Correct,0.7629
semantic,11,dev_0455,yes,I don't know. The production location of new Indian motorcycles can,i,idk,IDK,0.7774
semantic,11,dev_0472,yes,"NO, Toys R Us and Babies R Us were separate companies, but",no,no,Incorrect,0.7684
semantic,11,dev_0524,yes,"Yes, there are In-N-Out Burger locations in Nevada. As",yes,yes,Correct,0.7589
semantic,11,dev_0767,yes,"YES, the Canadian dollar has been worth more than the American dollar in the",yes,yes,Correct,0.7977000000000001
semantic,11,dev_0875,yes,"NO, there are no $1,000 bills currently in circulation in",no,no,Incorrect,0.7627
semantic,11,dev_0950,yes,YES,yes,yes,Correct,0.2345
semantic,11,dev_1023,yes,YES,yes,yes,Correct,0.241
semantic,11,dev_1171,yes,YES,yes,yes,Correct,0.2392
semantic,11,dev_1207,yes,YES,yes,yes,Correct,0.2327
semantic,11,dev_1299,yes,"Yes, net earnings and net income are the same. Net earnings is another term",yes,yes,Correct,0.7535
semantic,11,dev_0157,no,"NO, not all eyeglasses are made by the same company. The",no,no,Correct,0.7574
semantic,11,dev_0371,no,"NO, National and Enterprise car rental are not the same company. They are both",no,no,Correct,0.7566
semantic,11,dev_0621,no,"YES, it can cost money to get cash back when using a debit",yes,yes,Incorrect,0.7825
semantic,11,dev_0699,no,"I don't know. As of 2021, Walmart",i,idk,IDK,0.7585
semantic,11,dev_0954,no,I don't know. The decision to withdraw £2 coins from circulation is,i,idk,IDK,0.7627
semantic,11,dev_1050,no,"NO, White Castle is not only on the East Coast. It originated in",no,no,Correct,0.7585
semantic,11,dev_1208,no,"I don't know. As of my last update, Sam's Club",i,idk,IDK,0.7579
semantic,11,dev_1257,no,I don't know. Home Bargains and Quality Save are both discount,i,idk,IDK,0.7556
semantic,11,dev_1805,no,"NO, $10,000 bills are no longer in circulation in",no,no,Correct,0.7575
semantic,11,dev_1876,no,"I don't know. As of my last update, Montgomery Ward has",i,idk,IDK,0.7591
semantic,11,dev_2290,no,"NO, GDP per capita and per capita income are not the same",no,no,Correct,0.758
semantic,11,dev_2444,no,"No, land tax and property tax are not the same. Land tax is a",no,no,Correct,0.7599
semantic,11,dev_0250,yes,"YES, they celebrate Father's Day in the Netherlands. It is celebrated",yes,yes,Correct,0.7676000000000001
semantic,11,dev_0337,yes,"YES, The King's Birthday is a public holiday in Victoria,",yes,yes,Correct,2.1058000000000003
semantic,11,dev_0386,yes,"YES, there is a red light district in Brussels, known as",yes,yes,Correct,0.7752
semantic,11,dev_0591,yes,"NO, Copa Airlines is not part of the Star Alliance. It is a member",no,no,Incorrect,0.7633
semantic,11,dev_0746,yes,"YES, June 12 is a holiday in the Philippines. It is",yes,yes,Correct,0.7704
semantic,11,dev_0845,yes,"Yes, new car engines do require a break-in period. During this period",yes,yes,Correct,0.9819
semantic,11,dev_0855,yes,YES,yes,yes,Correct,0.2349
semantic,11,dev_0915,yes,"NO, there is no water park at Ontario Place. However, Ontario Place has",no,no,Incorrect,0.754
semantic,11,dev_0945,yes,"NO, thread seal tape is not the same as Teflon tape. Thread",no,no,Incorrect,0.762
semantic,11,dev_0021,no,"NO, a P.O. Box comes after the street address in a mail",no,no,Correct,0.7632000000000001
semantic,11,dev_0490,no,"NO, American citizens do not need a visa for Georgia for stays of up to",no,no,Correct,0.7557
semantic,11,dev_0581,no,"NO, a peck is not the same as a bushel. A pe",no,no,Correct,0.77
semantic,11,dev_0631,no,"NO, the post office typically does not run on Memorial Day, which is a",no,no,Correct,0.7575
semantic,11,dev_0691,no,"YES, you do not need a stamp if it says Freepost.",yes,yes,Incorrect,0.7619
semantic,11,dev_0783,no,I don't know. The Honda CRF 250 can,i,idk,IDK,0.7595
semantic,11,dev_0787,no,"YES, a BMW 1 Series is typically front-wheel drive.",yes,yes,Incorrect,0.7682
semantic,11,dev_0825,no,"NO, the Waterloo & City line does not run on Sundays.",no,no,Correct,0.7557
semantic,11,dev_0885,no,"YES, UK citizens need a visa for Albania. However, they can",yes,yes,Incorrect,0.7607999999999999
semantic,11,dev_0089,yes,YES,yes,yes,Correct,0.2322
semantic,11,dev_0095,yes,YES,yes,yes,Correct,0.2355
semantic,11,dev_0211,yes,"NO, Murphy Brown did not have a baby on the show. The character remained",no,no,Incorrect,0.7551
semantic,11,dev_0238,yes,"I don't know. Beau Abbott is a character from ""The",i,idk,IDK,0.9765
semantic,11,dev_0252,yes,Yes. The Lizzie McGuire movie was filmed in Rome.,yes,yes,Correct,0.7604
semantic,11,dev_0256,yes,"NO, The",no,no,Incorrect,0.7671
semantic,11,dev_0266,yes,YES,yes,yes,Correct,0.25
semantic,11,dev_0310,yes,"I don't know. The payment structure for Survivor, like many",i,idk,IDK,0.7646000000000001
semantic,11,dev_0359,yes,YES,yes,yes,Correct,0.2376
semantic,11,dev_0422,yes,"YES, Lucas and Peyton come back to One Tree Hill. They",yes,yes,Correct,0.7581
semantic,11,dev_0040,no,"NO, there is no direct sequel to the movie ""The Golden Compass",no,no,Correct,0.7651
semantic,11,dev_0080,no,I don't know. The question does not provide enough context to determine if,i,idk,IDK,0.7676000000000001
semantic,11,dev_0100,no,"NO, the girl in The Lost World, Dr. Sarah Harding, does",no,no,Correct,0.7615
semantic,11,dev_0240,no,"NO, The Walking Dead and Fear the Walking Dead are different television",no,no,Correct,0.7613
semantic,11,dev_0247,no,"I don't know. The film ""Let There Be Light"" is a",i,idk,IDK,0.7643
semantic,11,dev_0260,no,"No, they did not use a real gorilla in Mighty Joe Young",no,no,Correct,0.7573
semantic,11,dev_0277,no,YES,yes,yes,Incorrect,0.2462
semantic,11,dev_0290,no,I don't know. The Vampire Diaries is a television series,i,idk,IDK,0.761
semantic,11,dev_0303,no,"NO, Arizona did not die in season 8 of Grey's Anat",no,no,Correct,0.7639
semantic,11,dev_0231,yes,"YES, Penne alla vodka typically contains dairy, as it includes",yes,yes,Correct,0.7622000000000001
semantic,11,dev_0401,yes,"NO, whole wheat rice is not the same as brown rice. Whole wheat",no,no,Incorrect,0.7602000000000001
semantic,11,dev_0420,yes,"NO, red velvet cake is not chocolate cake with red dye. While",no,no,Incorrect,0.7644
semantic,11,dev_0571,yes,"NO, Chicken cordon bleu is not made with blue cheese. It",no,no,Incorrect,0.7645
semantic,11,dev_0583,yes,"NO, pork back ribs are not the same as baby back ribs",no,no,Incorrect,0.7565
semantic,11,dev_0765,yes,"Yes, salted duck eggs need to be cooked before consumption. The salting",yes,yes,Correct,0.7737
semantic,11,dev_0778,yes,"YES, a cookie sheet is the same as a sheet pan. They are",yes,yes,Correct,0.7737999999999999
semantic,11,dev_0815,yes,"NO, Sprite does not have lemon and lime in it. It is",no,no,Incorrect,0.7554
semantic,11,dev_0073,no,"NO, blue and pink cotton candy do not taste the same. While the color",no,no,Correct,0.7613
semantic,11,dev_0491,no,"NO, picante sauce and taco sauce are not the same. P",no,no,Correct,0.7632000000000001
semantic,11,dev_0615,no,"NO, rice noodles and glass noodles are not the same.",no,no,Correct,0.7609
semantic,11,dev_0868,no,"NO, Fruit Roll-Ups are not made with real fruit. They",no,no,Correct,0.7803
semantic,11,dev_0880,no,"NO, Thousand Island dressing and French dressing are not the same. Th",no,no,Correct,0.7617
semantic,11,dev_0953,no,"NO, Monster energy drinks do not contain alcohol. They are non-al",no,no,Correct,0.7571
semantic,11,dev_0985,no,"NO, Long Island Iced Teas do not have tea in them. The",no,no,Correct,0.7631
semantic,11,dev_0136,yes,Yes.,yes,yes,Correct,0.2329
semantic,11,dev_0367,yes,"YES, Devil May Cry 5 is set after Devil May Cry",yes,yes,Correct,0.7834
semantic,11,dev_0618,yes,"YES, Dying Light: The Following Enhanced Edition includes the original",yes,yes,Correct,0.7635
semantic,11,dev_0720,yes,"YES, State of Decay is co-op on Xbox One. Players",yes,yes,Correct,0.7581
semantic,11,dev_0770,yes,"NO, the numbers on a roulette wheel do not add up to 6",no,no,Incorrect,0.7813
semantic,11,dev_0835,yes,"YES, Pokémon Let's Go is a remake of Pok",yes,yes,Correct,0.7616
semantic,11,dev_0896,yes,"YES, Naruto Ultimate Ninja Storm has a story mode. It",yes,yes,Correct,0.754
semantic,11,dev_0434,no,"NO, not all Xbox games are compatible with the Xbox One. Some games require",no,no,Correct,0.7687
semantic,11,dev_0489,no,"YES, the Far Cry games are connected. The series follows the story of",yes,yes,Incorrect,0.7569
semantic,11,dev_0852,no,"YES, Phase 10 can be played with 7 players. However",yes,yes,Incorrect,0.7685
semantic,11,dev_0870,no,"YES, a Paladin in Dungeons & Dragons typically ad",yes,yes,Incorrect,0.7617999999999999
semantic,11,dev_1148,no,"NO, RollerCoaster Tycoon World is not available for Mac.",no,no,Correct,0.7763
semantic,11,dev_2595,no,"NO, A Way Out is a cooperative multiplayer game and does not have",no,no,Correct,0.7632000000000001
semantic,11,dev_0281,yes,YES,yes,yes,Correct,0.2344
semantic,11,dev_0528,yes,YES,yes,yes,Correct,0.2357
semantic,11,dev_0547,yes,"YES, there is a toll for the Battery Tunnel, which is",yes,yes,Correct,0.7641
semantic,11,dev_0623,yes,I don't know. The George Washington Bridge is a double-decked,i,idk,IDK,0.7571
semantic,11,dev_0626,yes,"YES, Skyline Drive is part of the Blue Ridge Parkway. It",yes,yes,Correct,0.7689
semantic,11,dev_0686,yes,"I don't know. The geological history of Edinburgh Castle is complex,",i,idk,IDK,0.7613
semantic,11,dev_0822,yes,"I don't know. Marble Falls, TX is a city located in",i,idk,IDK,0.7574
semantic,11,dev_1210,yes,I don't know. Caesar's Creek is a reservoir in,i,idk,IDK,0.7824
semantic,11,dev_0374,no,"NO, San Pedro, Laguna is not part of Metro Manila. It",no,no,Correct,0.7583
semantic,11,dev_0900,no,"NO, Fort Walton Beach and Destin are two separate coastal communities located along",no,no,Correct,0.7713
semantic,11,dev_0913,no,"NO, there is no real Porpoise Spit in Australia. It is",no,no,Correct,0.7594
semantic,11,dev_1234,no,"NO, there is no Gulf Stream in the Pacific. The Kuroshio",no,no,Correct,0.7644
semantic,11,dev_1360,no,"NO, there is no lake in Lake Hiawatha, NJ",no,no,Correct,0.7623
semantic,11,dev_1544,no,"Yes, I-30 in Dallas is a toll road.",yes,yes,Incorrect,0.6601
semantic,11,dev_1588,no,"NO, Lake George is a natural lake. It was formed by glacial",no,no,Correct,2.1031999999999997
semantic,11,dev_0344,yes,I don't know. The development of immunity to arsenic is,i,idk,IDK,0.769
semantic,11,dev_0379,yes,"I don't know. To find the answer, you would need to research",i,idk,IDK,0.7565
semantic,11,dev_0474,yes,I don't know. The FDA does not approve dietary supplement,i,idk,IDK,0.7692
semantic,11,dev_0614,yes,"YES, a cold water bath can be as effective as an ice bath for",yes,yes,Correct,0.7768999999999999
semantic,11,dev_0655,yes,I don't know. A hiatal hernia can cause symptoms such as,i,idk,IDK,0.754
semantic,11,dev_1195,yes,"YES, but it is extremely dangerous and requires immediate medical attention. The ven",yes,yes,Correct,0.7687999999999999
semantic,11,dev_1197,yes,"NO, an ectopic pregnancy cannot be carried to term as the fertil",no,no,Incorrect,0.7657999999999999
semantic,11,dev_1313,yes,"No, relative risk and risk ratio are not the same. Relative risk comp",no,no,Incorrect,0.7602000000000001
semantic,11,dev_1564,yes,"NO, PCP and angel dust are not the same thing. Angel dust is",no,no,Incorrect,0.778
semantic,11,dev_0078,no,"NO, there is only one brachiocephalic artery (",no,no,Correct,0.7737999999999999
semantic,11,dev_0166,no,"YES, that is a common interpretation of the 'five-a-day",yes,yes,Incorrect,0.7621
semantic,11,dev_0851,no,YES,yes,yes,Incorrect,0.2403
semantic,11,dev_0861,no,Yes,yes,yes,Incorrect,0.203
semantic,11,dev_0872,no,I don't know. The severity of a burn is not determined solely,i,idk,IDK,0.7752
semantic,11,dev_1554,no,"I don't know. The term ""chronic Lyme disease"" is",i,idk,IDK,0.7587999999999999
semantic,11,dev_1719,no,"Yes, extended release and sustained release are often used interchangeably to refer to",yes,yes,Incorrect,0.7553
semantic,11,dev_1991,no,"No, it is not true that the ring finger is connected to the heart.",no,no,Correct,0.7629
semantic,11,dev_2115,no,I don't know. The health implications of being a sumo wrestler,i,idk,IDK,0.7677999999999999
semantic,11,dev_0105,yes,YES,yes,yes,Correct,0.2316
semantic,11,dev_0125,yes,"NO, there were no known survivors of the Pompeii eruption.",no,no,Incorrect,0.7863
semantic,11,dev_0191,yes,Yes,yes,yes,Correct,0.1945
semantic,11,dev_1292,yes,YES,yes,yes,Correct,0.237
semantic,11,dev_1338,yes,"NO, it did not rain oil during the Gulf War. The misconception",no,no,Incorrect,0.763
semantic,11,dev_0388,no,I don't know. The level of integration in the northern states varied greatly,i,idk,IDK,0.7635
semantic,11,dev_0703,no,I don't know. The Peacock Throne was a famous,i,idk,IDK,0.7603
semantic,11,dev_0833,no,"YES, bodies were found from the Edmund Fitzgerald. The wreck",yes,yes,Incorrect,0.761
semantic,11,dev_0874,no,"I don't know. The question is complex, as there have been several",i,idk,IDK,0.7656000000000001
semantic,11,dev_1651,no,"YES, there are still tin mines in Cornwall, although the number has",yes,yes,Incorrect,0.7614
semantic,11,dev_0072,yes,"No, you do not need a Possession and Acquisition License (P",no,no,Incorrect,0.7634
semantic,11,dev_0258,yes,"YES, you can buy alcohol on Sunday in Wisconsin. The state repealed",yes,yes,Correct,0.7592000000000001
semantic,11,dev_0286,yes,YES,yes,yes,Correct,0.2331
semantic,11,dev_0348,yes,"NO, it is not legal to own a skunk in the UK under the",no,no,Incorrect,0.7744
semantic,11,dev_0467,yes,"Yes, a certification of birth is the same as a birth certificate. It is",yes,yes,Correct,0.7583
semantic,11,dev_0515,yes,I don't know. The ability to obtain a restraining order against a,i,idk,IDK,0.7601
semantic,11,dev_0562,yes,I don't know. The validity of Texas concealed carry permits,i,idk,IDK,0.761
semantic,11,dev_0636,yes,I don't know. The laws regarding carrying a gun in California can be,i,idk,IDK,0.7703
semantic,11,dev_0740,yes,"YES, there is a time limit for ratification of an amendment.",yes,yes,Correct,0.7637
semantic,11,dev_0838,yes,"YES, you can turn right on a red light in Quebec, but only",yes,yes,Correct,0.7635
semantic,11,dev_0864,yes,"I don't know. The laws regarding open carry can vary by state,",i,idk,IDK,0.7585
semantic,11,dev_0873,yes,"Yes, you can drive a car with a learner's permit, but",yes,yes,Correct,0.7579
semantic,11,dev_0901,yes,"YES, it is generally illegal to drive over a median, as it is",yes,yes,Correct,0.7594
semantic,11,dev_0909,yes,I don't know. The use of an X as a signature can depend,i,idk,IDK,0.7704
semantic,11,dev_1134,yes,"YES, New York State is a common law state.",yes,yes,Correct,0.6105
semantic,11,dev_0198,no,"YES, you need a permit to carry a gun in New Hampshire, but",yes,yes,Incorrect,0.7747999999999999
semantic,11,dev_0215,no,I don't know. The operating hours for liquor stores on Memorial Day,i,idk,IDK,0.7741
semantic,11,dev_0223,no,"No, it is not illegal to record covers of songs, but it is important",no,no,Correct,0.7626000000000001
semantic,11,dev_0234,no,I don't know. The legality of such an act depends on the,i,idk,IDK,0.7807999999999999
semantic,11,dev_0272,no,I don't know. The Taconic State Parkway has restrictions on,i,idk,IDK,0.7586
semantic,11,dev_0453,no,"NO, there are no states in the United States where you can marry your sib",no,no,Correct,2.1199
semantic,11,dev_0499,no,"NO, a Puerto Rican resident cannot vote for president because Puerto Rico is an",no,no,Correct,0.7607
semantic,11,dev_0552,no,"NO, typically, inmates are not allowed to have their personal phones in prison",no,no,Correct,0.7636000000000001
semantic,11,dev_0680,no,"YES, there is a time limit on trade secrets. In the United States",yes,yes,Incorrect,0.7747999999999999
semantic,11,dev_0738,no,I don't know. Taiwan's membership in international organizations can be complex,i,idk,IDK,0.7582000000000001
semantic,11,dev_0771,no,"In the United States, payola is illegal under certain circumstances. The Federal Communications",in,other,NC,0.758
semantic,11,dev_0888,no,"NO, no Supreme Court justice has ever been removed from office through the impe",no,no,Correct,0.7647
semantic,11,dev_1135,no,"NO, a certified copy is not the same as an original in the UK.",no,no,Correct,0.7645
semantic,11,dev_1188,no,"YES, a dishonorable discharge from the military can prevent an individual",yes,yes,Incorrect,0.76
semantic,11,dev_0339,yes,I don't know. The specific requirements for entering Canada with a military ID,i,idk,IDK,0.7719
semantic,11,dev_0357,yes,I don't know. The requirement to complete the American Community Survey depends on,i,idk,IDK,0.755
semantic,11,dev_0498,yes,YES,yes,yes,Correct,0.2367
semantic,11,dev_0620,yes,"Yes. The United Nations has intervened in conflicts involving Pakistan, such as the",yes,yes,Correct,0.7566
semantic,11,dev_0878,yes,"Yes, in the context of federal systems, the national government and the federal government",yes,yes,Correct,0.763
semantic,11,dev_1864,yes,YES,yes,yes,Correct,0.2595
semantic,11,dev_2080,yes,"NO, the Coast Guard is part of the Department of Homeland Security.",no,no,Incorrect,0.95
semantic,11,dev_2395,yes,"YES, the Governor-General is required to give assent to all bills",yes,yes,Correct,0.759
semantic,11,dev_2639,yes,"YES, Canada is a member of the United Nations",yes,yes,Correct,0.7569
semantic,11,dev_3155,yes,Yes. Overseas service bars are awarded to military personnel who serve in a,yes,yes,Correct,0.7522000000000001
semantic,11,dev_3209,yes,"NO, attending the United States Naval Academy does not automatically make you a member of",no,no,Incorrect,0.7584
semantic,11,dev_0209,no,"NO, Israel is not part of the European Economic Area (EEA). The",no,no,Correct,0.7593
semantic,11,dev_0273,no,"YES, you have to pay both ways on the George Washington Bridge. It",yes,yes,Incorrect,0.7602000000000001
semantic,11,dev_0404,no,YES,yes,yes,Incorrect,0.2447
semantic,11,dev_0567,no,"NO, Romania is not part of the Visa Waiver Program.",no,no,Correct,0.7765
semantic,11,dev_0675,no,"YES, Saudi Arabia has signed the Universal Declaration of",yes,yes,Incorrect,0.7614
semantic,11,dev_1172,no,"NO, Turkey is not a part of the European Union yet. It is currently",no,no,Correct,0.7553
semantic,11,dev_1275,no,I don't know. The policy on wearing state awards on active duty may,i,idk,IDK,0.7644
semantic,11,dev_1971,no,"NO, Bosnia and Herzegovina is not part of the European Union",no,no,Correct,0.7577999999999999
semantic,11,dev_2001,no,"NO, the President does not have the authority to pardon someone convicted of a",no,no,Correct,0.782
semantic,11,dev_3004,no,"NO, the Right to Buy scheme was introduced in the UK in 19",no,no,Correct,0.7586
semantic,11,dev_3256,no,"No, there is not a camera on all traffic lights. Red light cameras are",no,no,Correct,0.7561
semantic,11,dev_1132,yes,"No, pink quartz is not the same as rose quartz. While they",no,no,Incorrect,0.7659
semantic,11,dev_1233,yes,"NO, temperature does not remain constant in an adiabatic process. An",no,no,Incorrect,0.7641
semantic,11,dev_1511,yes,"NO, the heat index is not the same as ""RealFeel."" While",no,no,Incorrect,0.7646000000000001
semantic,11,dev_1633,yes,I don't know. Acetone can be used in both nail pol,i,idk,IDK,0.7746000000000001
semantic,11,dev_2007,yes,"No, Liquefied Petroleum Gas (LPG) is not",no,no,Incorrect,0.756
semantic,11,dev_2214,yes,"I don't know. The concept of ""dry water"" is a",i,idk,IDK,0.7597
semantic,11,dev_2239,yes,YES,yes,yes,Correct,0.2417
semantic,11,dev_2299,yes,"NO, it cannot rain if there are no clouds. Rain requires the presence of",no,no,Incorrect,0.7635
semantic,11,dev_2303,yes,YES,yes,yes,Correct,0.2376
semantic,11,dev_2477,yes,"NO, 0 is not in the set of natural numbers. Natural numbers start",no,no,Incorrect,0.7521
semantic,11,dev_2993,yes,I don't know. While the terms eidetic memory and photographic,i,idk,IDK,0.7584
semantic,11,dev_3126,yes,"Yes, there is such a thing as an upside-down rainbow,",yes,yes,Correct,0.7657999999999999
semantic,11,dev_3188,yes,"NO, a turkey vulture is not the same as a buzzard.",no,no,Incorrect,0.7577999999999999
semantic,11,dev_3193,yes,"YES, the Georgia Aquarium does have whale sharks.",yes,yes,Correct,0.6876
semantic,11,dev_3234,yes,"NO, a rhombus is not the same as a diamond. A diamond",no,no,Incorrect,0.7569
semantic,11,dev_3265,yes,"NO, exoplanetary systems do not follow the Titius-Bode",no,no,Incorrect,0.7616
semantic,11,dev_0001,no,I don't know. The energy balance of ethanol production depends on,i,idk,IDK,0.7644
semantic,11,dev_0579,no,"YES, you can hear the ocean in a seashell, but it'",yes,yes,Incorrect,0.7596
semantic,11,dev_1003,no,"YES, Least squares is a method used in linear regression to",yes,yes,Incorrect,0.7629
semantic,11,dev_1483,no,"NO, a meter stick and a yardstick are not the same. A meter",no,no,Correct,0.7732
semantic,11,dev_1551,no,"YES, Australia is part of the Ring of Fire, although it is not",yes,yes,Incorrect,0.7665
semantic,11,dev_1702,no,"NO, a pterodactyl is not the same as a Pter",no,no,Correct,0.7585
semantic,11,dev_1925,no,"Yes, percent difference is the same as percent change. Both terms refer to the",yes,yes,Incorrect,0.7416
semantic,11,dev_2025,no,"NO, the load is not the pivot point of a lever. The p",no,no,Correct,0.7651
semantic,11,dev_2312,no,"NO, turpentine and white spirit are not the same thing. While they",no,no,Correct,2.0981
semantic,11,dev_2471,no,YES,yes,yes,Incorrect,0.2369
semantic,11,dev_2521,no,"NO, the t-distribution does not have a standard deviation of",no,no,Correct,0.759
semantic,11,dev_2782,no,"Yes, the hydronium ion (H3O+) and hydrogen",yes,yes,Incorrect,0.7719
semantic,11,dev_2812,no,"Yes, it is generally saltier at the bottom of the ocean because the water",yes,yes,Incorrect,0.7614
semantic,11,dev_3014,no,"NO, the days do not get longer and shorter at the Equator because the",no,no,Correct,0.7593
semantic,11,dev_3034,no,I don't know. Hydraulic lime and hydr,i,idk,IDK,0.76
semantic,11,dev_3159,no,"No, a chipmunk is not the same as a ground squirrel",no,no,Correct,0.7755
semantic,11,dev_3190,no,"NO, Mahi-Mahi and Ahi Tuna are not the",no,no,Correct,0.773
semantic,11,dev_0682,yes,"Yes, a sermon and a homily are essentially the same thing.",yes,yes,Correct,0.7778999999999999
semantic,11,dev_0735,yes,YES,yes,yes,Correct,0.2327
semantic,11,dev_1505,yes,"YES, the University of St. Thomas is a nonprofit institution.",yes,yes,Correct,0.7253999999999999
semantic,11,dev_1668,yes,YES,yes,yes,Correct,0.2351
semantic,11,dev_2373,yes,"I don't know. The hymn ""Lord of All Hope",i,idk,IDK,0.7665
semantic,11,dev_2793,yes,"YES, Eastern Kentucky University is a Division 1 school. It is a",yes,yes,Correct,0.7565
semantic,11,dev_2929,yes,"NO, child psychology and developmental psychology are not the same. Child psychology primarily",no,no,Incorrect,0.7602000000000001
semantic,11,dev_0605,no,YES,yes,yes,Incorrect,0.2886
semantic,11,dev_0908,no,"I don't know. To find the answer, you would need to check",i,idk,IDK,0.7619
semantic,11,dev_1388,no,"NO, UCL (University College London) is a constituent college of",no,no,Correct,0.768
semantic,11,dev_1521,no,I don't know. Sweden does not have a policy of paying students to,i,idk,IDK,0.7637999999999999
semantic,11,dev_2334,no,"NO, the Book of Jasher is not in the Bible. It is",no,no,Correct,0.7651
semantic,11,dev_2641,no,I don't know. The use of hyphens in double-barrel,i,idk,IDK,0.758
semantic,11,dev_0347,yes,YES,yes,yes,Correct,0.2385
semantic,11,dev_0411,yes,I don't know. The Redskins' defensive scheme can change from,i,idk,IDK,0.7682
semantic,11,dev_0439,yes,YES,yes,yes,Correct,0.2369
semantic,11,dev_0452,yes,"NO, Belgium has not yet reached the World Cup final.",no,no,Incorrect,0.6141
semantic,11,dev_0585,yes,YES,yes,yes,Correct,0.2375
semantic,11,dev_0656,yes,"NO, Kaká did not play in the 2002 World",no,no,Incorrect,0.7626000000000001
semantic,11,dev_0661,yes,YES,yes,yes,Correct,0.2338
semantic,11,dev_0701,yes,YES,yes,yes,Correct,0.243
semantic,11,dev_0704,yes,YES,yes,yes,Correct,0.2379
semantic,11,dev_0752,yes,YES,yes,yes,Correct,0.2351
semantic,11,dev_0848,yes,"NO, in most sports, including football (soccer), you cannot sign free",no,no,Incorrect,0.7693
semantic,11,dev_0883,yes,"YES, a team has come back from 3-1 in a best",yes,yes,Correct,2.0991999999999997
semantic,11,dev_1143,yes,YES,yes,yes,Correct,0.2388
semantic,11,dev_1305,yes,"NO, a school cannot be Division I and II at the same time. They",no,no,Incorrect,0.7609
semantic,11,dev_1497,yes,"Yes, Alphonse Areola played in the 2018",yes,yes,Correct,0.7821
semantic,11,dev_1777,yes,I don't know. The rules for league playoffs can vary depending on,i,idk,IDK,0.7757000000000001
semantic,11,dev_2250,yes,"YES, Poland qualified for the 2018 FIFA World Cup.",yes,yes,Correct,0.7644
semantic,11,dev_2370,yes,"YES, Ireland has beaten the Wallabies in Australia. The first victory",yes,yes,Correct,0.7647
semantic,11,dev_0083,no,YES,yes,yes,Incorrect,0.2334
semantic,11,dev_0085,no,"NO, Deion Sanders did not win a World Series in his baseball career",no,no,Correct,0.7567
semantic,11,dev_0170,no,"NO, the Czech Republic has not won the FIFA World Cup yet.",no,no,Correct,0.681
semantic,11,dev_0230,no,"YES, in Little League, a runner may advance on a dropped third strike",yes,yes,Incorrect,0.7601
semantic,11,dev_0412,no,"NO, the Miami Dolphins do not have a real dolphin in",no,no,Correct,0.7613
semantic,11,dev_0421,no,"NO, penalty shoot-out goals do not count in the Golden Boot. The",no,no,Correct,0.7717
semantic,11,dev_0447,no,"YES, Panama has qualified for the World Cup. They made their first",yes,yes,Incorrect,2.1075999999999997
semantic,11,dev_0544,no,"Yes, Trinity Forest Golf Club is a public course.",yes,yes,Incorrect,0.6068
semantic,11,dev_0565,no,"NO, walks are not included in the batting average calculation. Only hits,",no,no,Correct,0.7597999999999999
semantic,11,dev_0589,no,"NO, it is not goaltending if the ball hits the backboard below",no,no,Correct,0.7631
semantic,11,dev_0593,no,"NO, the FIFA World Cup trophy is not kept by the winning team.",no,no,Correct,0.7605
semantic,11,dev_0859,no,"NO, the U.S. Open is not played on the same course every",no,no,Correct,0.7694
semantic,11,dev_0865,no,"NO, the San Jose Sharks have not won a Stanley Cup.",no,no,Correct,0.6965
semantic,11,dev_1518,no,YES,yes,yes,Incorrect,0.2407
semantic,11,dev_1768,no,"YES, England has won the Women's World Cup. They won the",yes,yes,Incorrect,0.764
semantic,11,dev_1779,no,"NO, India did not qualify for the 2018 FIFA World Cup",no,no,Correct,0.7732
semantic,11,dev_1905,no,"NO, a player cannot be offside directly from a goal kick. The oppos",no,no,Correct,0.7565
semantic,11,dev_2156,no,YES,yes,yes,Incorrect,1.5793
semantic,11,dev_2158,no,YES,yes,yes,Incorrect,0.2374
semantic,11,dev_2798,no,"NO, the Super Bowl loser does not receive a ring. Only the winning",no,no,Correct,0.7537
semantic,11,dev_3138,no,"NO, the Olympic gold medal is not made of gold. It is actually made",no,no,Correct,0.7571
semantic,11,dev_0307,yes,"NO, 700c tires are not compatible with 29er",no,no,Incorrect,0.7642
semantic,11,dev_0506,yes,"Yes, drywall mud and joint compound are essentially the same thing. They are",yes,yes,Correct,0.7592000000000001
semantic,11,dev_0641,yes,I don't know. The compatibility of parts between the Maverick,i,idk,IDK,0.7742
semantic,11,dev_0844,yes,I don't know. It would depend on their specific infrastructure agreements and deployment,i,idk,IDK,0.7727999999999999
semantic,11,dev_1032,yes,"YES, 1-844 is toll-free in Canada.",yes,yes,Correct,0.7733
semantic,11,dev_1574,yes,YES,yes,yes,Correct,0.2354
semantic,11,dev_1889,yes,"YES, the Mazda Tribute and Ford Escape are essentially the same",yes,yes,Correct,0.7815
semantic,11,dev_2093,yes,"NO, you cannot call the police without a SIM card, as it is",no,no,Incorrect,0.7623
semantic,11,dev_2213,yes,"NO, U.S. toll-free numbers are not free in Canada.",no,no,Incorrect,0.7928999999999999
semantic,11,dev_2735,yes,"YES, pipelining can help reduce the latency of a single task",yes,yes,Correct,0.757
semantic,11,dev_2836,yes,"NO, the F-4 Phantom is no longer in active service with",no,no,Incorrect,0.7651
semantic,11,dev_0788,no,"NO, MiniDV tapes are not the same as 8mm t",no,no,Correct,0.7617
semantic,11,dev_0798,no,"NO, area code 669 is not a toll-free number.",no,no,Correct,0.7649
semantic,11,dev_1249,no,"NO, C++ strings do not need to be null-terminated, as",no,no,Correct,0.7752
semantic,11,dev_1458,no,"NO, powered speakers do not need an external amplifier because they have built-",no,no,Correct,0.7611
semantic,11,dev_1584,no,YES,yes,yes,Incorrect,0.2409
semantic,11,dev_1589,no,"NO, a SIM-free phone does not lock to a network. It",no,no,Correct,0.7755
semantic,11,dev_1657,no,"NO, the first iPhone (iPhone 2G) did not have a",no,no,Correct,0.7717999999999999
semantic,11,dev_1691,no,"No, response time and input lag are not the same. Response time refers to",no,no,Correct,0.7601
semantic,11,dev_1943,no,"YES, it costs money to join PlayStation Network, as",yes,yes,Incorrect,0.7565
semantic,11,dev_2682,no,I don't know. E-ZPass and EZ TAG are,i,idk,IDK,0.7554
semantic,11,dev_2712,no,I don't know. The A23 and N batteries have different dimensions,i,idk,IDK,0.7582000000000001
semantic,11,dev_0427,no,"No, The Barber of Seville is an opera by Gioachino",no,no,Correct,0.7586
semantic,11,dev_0531,no,"NO, Smaug is not the only dragon in Middle-earth. There",no,no,Correct,0.761
semantic,11,dev_1915,no,"NO, ""The Hunchback of Notre-Dame"" is a",no,no,Correct,0.7604
semantic,11,dev_1946,no,"NO, Snake Eyes and Storm Shadow are not the same person. They",no,no,Correct,0.7639
semantic,11,dev_2024,no,YES,yes,yes,Incorrect,0.2326
semantic,11,dev_2265,no,"NO, G major and E minor are not the same. They are relative keys",no,no,Correct,0.7563
semantic,11,dev_0004,yes,Yes. Harry Potter and the Escape from Gringotts is a,yes,yes,Correct,0.7727999999999999
semantic,11,dev_0241,yes,YES,yes,yes,Correct,0.2336
semantic,11,dev_0326,yes,YES,yes,yes,Correct,0.2393
semantic,11,dev_0525,yes,"YES, Queen had several number one hits in the UK and US. Some",yes,yes,Correct,0.7671
semantic,11,dev_0577,yes,YES,yes,yes,Correct,0.2335
semantic,11,dev_0799,yes,"YES, contestants on Jeopardy! receive the money they win",yes,yes,Correct,0.763
semantic,11,dev_0142,no,"No, denatured alcohol and acetone are not the same thing.",no,no,Correct,0.7592000000000001
semantic,11,dev_0494,no,"No, fitness and survival do not have the same meaning. Fitness refers to",no,no,Correct,0.7827999999999999
semantic,11,dev_0527,no,"YES, HeLa cells have an abnormal number of chromosomes.",yes,yes,Incorrect,0.7599
semantic,11,dev_0566,no,"NO, not all bacteria of a single species are the exact same shape. While",no,no,Correct,0.7587
semantic,11,dev_0648,no,"NO, evergreen trees do not lose their leaves in the winter. They retain",no,no,Correct,0.7617
semantic,11,dev_0668,no,"NO, Red-eared sliders are freshwater turtles and cannot",no,no,Correct,0.7715
semantic,11,dev_0749,no,"NO, sensory neurons are part of the peripheral nervous system, not",no,no,Correct,0.7619
semantic,11,dev_0790,no,"NO, great white sharks do not live at the bottom of the sea.",no,no,Correct,0.7555
semantic,11,dev_0867,no,"NO, the same genotype does not always result in the same phenotype due",no,no,Correct,0.7755
semantic,11,dev_0921,no,"NO, whale sharks are filter feeders and do not eat",no,no,Correct,0.773
semantic,11,dev_1088,no,"NO, rabbits and cats belong to different orders (Lagomorpha",no,no,Correct,0.759
semantic,11,dev_1329,no,"NO, there is no bone in the earlobe. The earlobe",no,no,Correct,0.7589
semantic,11,dev_1402,no,"NO, tissue is not composed of one type of cell. Tissues are composed",no,no,Correct,0.7642
semantic,11,dev_1428,no,"NO, sweat glands are not part of the lymphatic system.",no,no,Correct,0.7657
semantic,11,dev_1439,no,"NO, a groundhog and a mole are not the same thing. A",no,no,Correct,0.7735
semantic,11,dev_0020,yes,"Yes, magnesium citrate does contain citric acid. It is a",yes,yes,Correct,0.7586
semantic,11,dev_0027,yes,YES,yes,yes,Correct,0.2381
semantic,11,dev_0047,yes,YES,yes,yes,Correct,0.2349
semantic,11,dev_0070,yes,Yes,yes,yes,Correct,0.205
semantic,11,dev_0086,yes,"Yes, a German Shepherd is the same as an Alsatian.",yes,yes,Correct,0.7592000000000001
semantic,11,dev_0121,yes,"Yes, St. Bernards and Bernese Mountain Dogs are related. Both",yes,yes,Correct,0.7635
semantic,11,dev_0131,yes,"YES, the latent heat of vaporization does change with temperature.",yes,yes,Correct,0.7762
semantic,11,dev_0147,yes,"Yes, the navel and the belly button are the same. They refer to",yes,yes,Correct,0.7549
semantic,11,dev_0159,yes,YES,yes,yes,Correct,0.2356
semantic,11,dev_0190,yes,YES,yes,yes,Correct,0.2419
semantic,11,dev_0195,yes,I don't know. Alligators have been observed to submerge their,i,idk,IDK,0.764
semantic,11,dev_0200,yes,YES,yes,yes,Correct,0.2389
semantic,11,dev_0214,yes,"YES, animal cells have a cell membrane.",yes,yes,Correct,0.5737000000000001
semantic,11,dev_0242,yes,"Yes, both male and female bighorn sheep have horns. However,",yes,yes,Correct,0.7567999999999999
semantic,11,dev_0522,yes,YES,yes,yes,Correct,0.2412
semantic,11,dev_0033,no,"NO, federal income tax is not the same as Social Security. Federal income tax",no,no,Correct,0.7601
semantic,11,dev_0123,no,"NO, public limited companies (PLCs) are not in the private sector",no,no,Correct,0.7574
semantic,11,dev_0501,no,"NO, Comcast and Time Warner are not the same company. They are two",no,no,Correct,0.7596
semantic,11,dev_0526,no,"NO, Canadian dollars are not the same as American dollars. They are two different",no,no,Correct,0.7576
semantic,11,dev_1076,no,"No, commercial banks are not the only entities subject to runs. Other financial institutions",no,no,Correct,0.7614
semantic,11,dev_1213,no,"Yes, discretionary income and disposable income are the same. Dispos",yes,yes,Incorrect,0.7752
semantic,11,dev_1654,no,"NO, discouraged workers are not counted in the unemployment rate. They are part",no,no,Correct,0.7574
semantic,11,dev_1753,no,YES,yes,yes,Incorrect,0.2358
semantic,11,dev_1825,no,"NO, a bank sort code is not the same for everyone. Each bank and",no,no,Correct,0.758
semantic,11,dev_2911,no,"NO, the United States has a floating exchange rate.",no,no,Correct,0.5734
semantic,11,dev_2740,no,"NO, the Better Business Bureau is a non-governmental organization. It",no,no,Correct,0.7567
semantic,11,dev_2517,no,"NO, the Bank of England is not a private company. It is a central",no,no,Correct,0.7576
semantic,11,dev_1139,yes,YES,yes,yes,Correct,0.2351
semantic,11,dev_0002,yes,"NO, house tax and property tax are not the same. House tax is a",no,no,Incorrect,0.7576
semantic,11,dev_0773,yes,Yes,yes,yes,Correct,0.2056
semantic,11,dev_1186,yes,YES,yes,yes,Correct,0.236
semantic,11,dev_1302,yes,"YES, Dodge and Jeep are both subsidiaries of Stell",yes,yes,Correct,0.7835
semantic,11,dev_1349,yes,YES,yes,yes,Correct,0.2403
semantic,11,dev_1771,yes,"Yes, a news release and a press release are essentially the same thing. The",yes,yes,Correct,0.7625
semantic,11,dev_1804,yes,YES,yes,yes,Correct,0.2334
semantic,11,dev_1873,yes,YES,yes,yes,Correct,0.24309999999999998
semantic,11,dev_1963,yes,YES,yes,yes,Correct,0.2354
semantic,11,dev_2582,yes,YES,yes,yes,Correct,0.2321
semantic,11,dev_2598,yes,"Yes, Hellmann's and Best Foods are the same company. Best",yes,yes,Correct,0.7926
semantic,11,dev_3158,yes,"YES, there is a direct link between economic development and social development, as",yes,yes,Correct,0.7717
semantic,11,dev_0551,no,"NO, an ounce (oz) and a fluid ounce (fl oz",no,no,Correct,0.7582000000000001
semantic,11,dev_1158,no,"NO, a crossover is not the same as an SUV.",no,no,Correct,0.7627999999999999
semantic,11,dev_1364,no,"NO, a jet engine is an internal combustion engine. The fuel is",no,no,Correct,0.7646000000000001
semantic,11,dev_1807,no,"NO, 8.5×11 (US Letter) is not the",no,no,Correct,0.7757999999999999
semantic,11,dev_2542,no,"NO, Father's Day is not the first Sunday in September. In the",no,no,Correct,0.7631
semantic,11,dev_2562,no,"NO, a ribeye steak is not the same as a Delmon",no,no,Correct,0.764
semantic,11,dev_3005,no,"No, an English Bull Terrier is not a Pit Bull. While they",no,no,Correct,0.7687
semantic,11,dev_3194,no,"No, corn chips and tortilla chips are not the same. Corn chips are",no,no,Correct,0.7575
semantic,11,dev_3195,no,"No, a boarding pass is not the same as a ticket. A board",no,no,Correct,0.7803
semantic,11,dev_0013,yes,"Yes, it is generally not recommended to wash your hair with shower gel as it",yes,yes,Correct,0.7605
semantic,11,dev_0043,yes,Yes.,yes,yes,Correct,0.24309999999999998
semantic,11,dev_0052,yes,YES,yes,yes,Correct,0.2374
semantic,11,dev_0091,yes,YES,yes,yes,Correct,0.2347
semantic,11,dev_0116,yes,"YES, a father-in-law is considered a relative.",yes,yes,Correct,0.696
semantic,11,dev_0288,yes,"YES, the UK uses both the 12-hour and 2",yes,yes,Correct,0.7613
semantic,11,dev_0555,yes,"Yes, ZIP code and postal code are essentially the same thing. The",yes,yes,Correct,0.7597999999999999
semantic,11,dev_0627,yes,"Yes, it is possible to be a ""Sir"" if not British. The",yes,yes,Correct,0.7619
semantic,11,dev_0831,yes,"YES, a U.S. passport card is a valid form of",yes,yes,Correct,0.76
semantic,11,dev_0721,no,"NO, Night of the Living Dead is a work of fiction and not a true",no,no,Correct,0.7619
semantic,11,dev_0863,no,"NO, The Closer and Major Crimes are not the same. The Cl",no,no,Correct,0.7587999999999999
semantic,11,dev_1357,no,"NO, The View and The Talk are not the same show. They are two",no,no,Correct,0.7727999999999999
semantic,11,dev_1951,no,"Yes, The Bridge on the River Kwai is based on a true story",yes,yes,Incorrect,0.7767000000000001
semantic,11,dev_2131,no,"NO, Nacho Varga is a character from Better Call Saul and does",no,no,Correct,0.7667
semantic,11,dev_2174,no,"NO, Fear the Walking Dead is a spin-off of The Walk",no,no,Correct,0.7582000000000001
semantic,11,dev_2252,no,I don't know. The eligibility requirements for America's Got,i,idk,IDK,0.7652
semantic,11,dev_2309,no,"NO, Maleficent and the Evil Queen are two different characters from",no,no,Correct,0.7657999999999999
semantic,11,dev_2364,no,"NO, The Outsiders movie is not based on a true story. It",no,no,Correct,0.7671
semantic,11,dev_3075,no,"NO, Pulp Fiction is not based on a true story. It is",no,no,Correct,0.7699
semantic,11,dev_3205,no,"NO, the movie ""Lady Bird"" is not about Lady Bird Johnson.",no,no,Correct,0.7671
semantic,11,dev_0015,yes,YES,yes,yes,Correct,0.237
semantic,11,dev_0153,yes,YES,yes,yes,Correct,0.2377
semantic,11,dev_0161,yes,YES,yes,yes,Correct,0.2322
semantic,11,dev_0306,yes,"NO, Grey's Anatomy is not filmed at a real hospital",no,no,Incorrect,0.7709
semantic,11,dev_0334,yes,YES,yes,yes,Correct,0.2395
semantic,11,dev_0338,yes,YES,yes,yes,Correct,0.2353
semantic,11,dev_0493,yes,"I don't know. Love Child is an Australian television drama series, but",i,idk,IDK,0.7777000000000001
semantic,11,dev_0520,yes,YES,yes,yes,Correct,0.2395
semantic,11,dev_0212,no,"NO, maple syrup does not come straight from the tree. It is",no,no,Correct,0.7569
semantic,11,dev_0309,no,"NO, ground coriander and cumin are not the same thing. Cor",no,no,Correct,0.7577999999999999
semantic,11,dev_0484,no,YES,yes,yes,Incorrect,0.2349
semantic,11,dev_0654,no,"NO, Beef short ribs are not the same as spare ribs.",no,no,Correct,0.7581
semantic,11,dev_0973,no,"NO, salt water taffy is not made with ocean water. The name",no,no,Correct,0.7576
semantic,11,dev_1335,no,"NO, a cocoa bean is not the same as a coffee bean.",no,no,Correct,0.7634
semantic,11,dev_1443,no,"NO, a lungo and an Americano are not the same. A lung",no,no,Correct,0.7617
semantic,11,dev_0284,yes,"YES, enameled cast iron can leach small amounts of iron into",yes,yes,Correct,0.7882
semantic,11,dev_0330,yes,YES,yes,yes,Correct,0.2401
semantic,11,dev_0443,yes,"Yes, powdered sugar and confectioners' sugar are the same. They",yes,yes,Correct,0.7703
semantic,11,dev_0975,yes,"YES, wholemeal flour and whole wheat flour are essentially the same thing",yes,yes,Correct,0.7684
semantic,11,dev_1741,yes,"Yes, garbanzo beans and chickpeas are the same thing. They",yes,yes,Correct,0.7735
semantic,11,dev_1770,yes,YES,yes,yes,Correct,0.2385
semantic,11,dev_1860,no,"NO, Pinot Noir and Pinot Gris are not the same gr",no,no,Correct,0.786
semantic,11,dev_1967,yes,"Yes, a caffe latte is the same as a latte. A",yes,yes,Correct,0.7606
semantic,11,dev_0236,no,"NO, straights do not have to be the same suit in poker.",no,no,Correct,0.7055
semantic,11,dev_0741,no,"YES, there is always a way to win Solitaire if you play according",yes,yes,Incorrect,2.1136999999999997
semantic,11,dev_1440,no,"NO, the Xbox One does not natively support playing Xbox 360",no,no,Correct,0.7689
semantic,11,dev_2062,no,"NO, a queen cannot move like a knight. A queen can move any",no,no,Correct,0.7619
semantic,11,dev_2109,no,"NO, Call of Duty: World at War is based on World War II",no,no,Correct,0.7639
semantic,11,dev_2137,no,"NO, it is not possible to win chess with only a king. The",no,no,Correct,0.7585
semantic,11,dev_0478,yes,YES,yes,yes,Correct,0.2335
semantic,11,dev_0545,yes,"YES, Just Cause 3 has a storyline.",yes,yes,Correct,0.6452
semantic,11,dev_1125,yes,"YES, Need for Speed has a story mode. The series often features a",yes,yes,Correct,0.763
semantic,11,dev_1137,yes,"YES, Pokémon Crystal can work with Pokémon Stadium",yes,yes,Correct,0.7539
semantic,11,dev_1162,yes,"YES, you can play DS games on a DS Lite. The DS",yes,yes,Correct,0.7577999999999999
semantic,11,dev_1177,yes,"YES, Company of Heroes 2 has a campaign.",yes,yes,Correct,0.6463
semantic,11,dev_1444,yes,"YES, some original Xbox games work on Xbox One through backward compatibility.",yes,yes,Correct,0.7424
semantic,11,dev_0313,no,"NO, St. Kitts and Nevis is not a U.S",no,no,Correct,0.7595
semantic,11,dev_0823,no,"NO, the Ogallala Aquifer is not the largest in the world.",no,no,Correct,0.7827999999999999
semantic,11,dev_0839,no,"NO, West Virginia and Virginia are not the same state. West Virginia separated from",no,no,Correct,0.7683
semantic,11,dev_1222,no,"NO, the Isle of Man is not a part of Great Britain. It",no,no,Correct,0.7655
semantic,11,dev_1254,no,"NO, Sudan and South Sudan are not the same country. South Sud",no,no,Correct,0.7625
semantic,11,dev_1269,no,"NO, the Mississippi River flows into the Gulf of Mexico.",no,no,Correct,0.6133
semantic,11,dev_1334,no,"No, Patagonia is not a country in its own right. It is",no,no,Correct,0.7535
semantic,11,dev_0184,yes,"YES, you can boat from Lake Michigan to the Atlantic Ocean through the Saint",yes,yes,Correct,0.7857000000000001
semantic,11,dev_0322,yes,"YES, City of Industry is in Los Angeles County.",yes,yes,Correct,0.61
semantic,11,dev_0557,yes,"YES, the water in the Amazon River is fresh. It is the world",yes,yes,Correct,0.7631
semantic,11,dev_0573,yes,"Yes, you can get to the Black Sea from the Mediterranean through the Turkish Str",yes,yes,Correct,0.7589
semantic,11,dev_1179,yes,"YES, Phoenix and Denver are in the same time zone, the Mountain Time",yes,yes,Correct,0.767
semantic,11,dev_0619,yes,YES,yes,yes,Correct,0.2315
semantic,11,dev_0650,yes,YES,yes,yes,Correct,0.2368
semantic,11,dev_0734,yes,"YES, you can boat from Lake Erie to Lake Ontario, but you",yes,yes,Correct,0.7585
semantic,11,dev_0061,no,"YES, EMT-Basics are trained to establish intravenous access",yes,yes,Incorrect,0.7632000000000001
semantic,11,dev_0124,no,"NO, health care is not free in the United States. While there are government",no,no,Correct,0.757
semantic,11,dev_0914,no,"No, stroke volume and ejection fraction are not the same. Stroke volume",no,no,Correct,0.7593
semantic,11,dev_0955,no,"NO, Mycosis fungoides is not caused by a fungal",no,no,Correct,0.7621
semantic,11,dev_1610,no,I don't know. Soft-tissue damage can refer to any injury,i,idk,IDK,0.7724
semantic,11,dev_1790,no,"NO, the lining of the uterus does not shed during implant",no,no,Correct,0.7812
semantic,11,dev_2096,no,"NO, an X-ray and an MRI are not the same. An",no,no,Correct,0.7573
semantic,11,dev_2277,no,"NO, high dependency is not the same as intensive care. High dependency units",no,no,Correct,0.7577999999999999
semantic,11,dev_2499,no,"NO, a Doctor of Physical Therapy (DPT) is not an MD",no,no,Correct,2.1012
semantic,11,dev_1959,yes,YES,yes,yes,Correct,0.2382
semantic,11,dev_1992,yes,YES,yes,yes,Correct,0.24159999999999998
semantic,11,dev_2047,yes,YES,yes,yes,Correct,0.2329
semantic,11,dev_1656,yes,I don't know. While it is not uncommon for people to experience,i,idk,IDK,0.7695
semantic,11,dev_1663,yes,"Yes, it is possible to get turf toe on toes other than the big",yes,yes,Correct,0.7763
semantic,11,dev_1752,yes,"YES, triamcinolone cream can be used for treating poison iv",yes,yes,Correct,0.7643
semantic,11,dev_2049,yes,YES,yes,yes,Correct,0.2409
semantic,11,dev_2050,yes,Yes,yes,yes,Correct,0.2032
semantic,11,dev_1442,yes,"YES, a lipid profile and a lipid panel are essentially the same",yes,yes,Correct,0.7599
semantic,11,dev_0301,no,"NO, the Berlin Wall and the Berlin Blockade are not the same. The",no,no,Correct,0.7751
semantic,11,dev_0480,no,"NO, we do not still follow the Articles of Confederation. The Art",no,no,Correct,2.1034
semantic,11,dev_1290,no,"NO, Nova Scotia was not one of the Thirteen Colonies.",no,no,Correct,0.7727
semantic,11,dev_1819,no,"NO, the Czech Republic and Czechoslovakia are not the same country",no,no,Correct,0.7607
semantic,11,dev_2206,no,"NO, the Emancipation Proclamation did not apply to all states",no,no,Correct,0.7867000000000001
semantic,11,dev_0376,yes,"YES, William the Conqueror had a legitimate claim to the English throne",yes,yes,Correct,0.7834
semantic,11,dev_0346,yes,YES,yes,yes,Correct,0.2389
semantic,11,dev_0363,yes,"NO, the 1971 silver dollar is made of 90",no,no,Incorrect,0.7604
semantic,11,dev_0535,yes,YES,yes,yes,Correct,0.2394
semantic,11,dev_0629,yes,YES,yes,yes,Correct,0.2375
semantic,11,dev_0179,no,"NO, U.S. courts of appeals do not have original jurisdiction",no,no,Correct,0.7584
semantic,11,dev_0402,no,"NO, it is not legal to have more than one wife in the UK.",no,no,Correct,0.7546
semantic,11,dev_0513,no,I don't know. The answer may vary depending on the jurisdiction and,i,idk,IDK,0.7659
semantic,11,dev_0606,no,I don't know. The legality of escaping from prison can vary,i,idk,IDK,0.7724
semantic,11,dev_0630,no,"No, 'under honorable conditions' is not the same as an honorable",no,no,Correct,0.7581
semantic,11,dev_0795,no,"NO, driving laws are not the same in all states.",no,no,Correct,0.6095
semantic,11,dev_1457,no,"NO, the Civil Rights Act is not part of the U.S. Constitution",no,no,Correct,0.7673
semantic,11,dev_1776,no,"NO, an Employment Authorization Document (EAD) is not the same",no,no,Correct,0.7693
semantic,11,dev_1862,no,"NO, the FCC's equal-time rule does not apply to newspapers",no,no,Correct,0.7577
semantic,11,dev_1911,no,"NO, there is no mandatory retirement age for U.S. Supreme Court just",no,no,Correct,0.7747999999999999
semantic,11,dev_2755,no,"NO, you cannot be an attorney without taking the bar exam. The bar exam",no,no,Correct,0.7803
semantic,11,dev_2756,no,"YES, the Bill of Rights is part of the original Constitution. It consists",yes,yes,Incorrect,0.7616
semantic,11,dev_2921,no,"No, property tax and council tax are not the same. Property tax is a",no,no,Correct,0.7591
semantic,11,dev_2972,no,"No, commercial law and corporate law are not the same. While commercial law en",no,no,Correct,0.7773
semantic,11,dev_0009,yes,YES,yes,yes,Correct,0.2354
semantic,11,dev_0038,yes,"YES, it is legal to record a cover of a song, but only",yes,yes,Correct,0.76
semantic,11,dev_0129,yes,"YES, you can sell a gun privately in Florida, but there are",yes,yes,Correct,0.7637
semantic,11,dev_0202,yes,"Yes, breaking and entering into a car can be a felony, depending on",yes,yes,Correct,0.766
semantic,11,dev_0308,yes,"YES, it is generally illegal for a minor to be in possession of alcohol",yes,yes,Correct,0.756
semantic,11,dev_0584,yes,YES,yes,yes,Correct,0.2415
semantic,11,dev_0644,yes,YES,yes,yes,Correct,0.2429
semantic,11,dev_0653,yes,YES,yes,yes,Correct,0.2393
semantic,11,dev_0671,yes,YES,yes,yes,Correct,0.2323
semantic,11,dev_0757,yes,YES,yes,yes,Correct,0.2361
semantic,11,dev_1059,yes,"YES, the Supreme Court can issue an injunction or a stay to stop",yes,yes,Correct,0.7711
semantic,11,dev_1067,yes,YES,yes,yes,Correct,0.24109999999999998
semantic,11,dev_1097,yes,YES,yes,yes,Correct,0.2409
semantic,11,dev_1131,yes,I don't know. The specific self-defense laws can vary greatly,i,idk,IDK,0.7622000000000001
semantic,11,dev_1324,yes,"YES, a flask can count as an open container in some jurisdict",yes,yes,Correct,0.7659
semantic,11,dev_0305,no,"NO, language is not the only criterion for classifying states in India",no,no,Correct,0.7633
semantic,11,dev_0465,no,I don't know. The National Guard is a component of the U.,i,idk,IDK,0.7554
semantic,11,dev_0508,no,"NO, under the 22nd Amendment to the U.S.",no,no,Correct,0.7699
semantic,11,dev_0518,no,"NO, the Justice Department is part of the executive branch. It is an executive",no,no,Correct,0.7776000000000001
semantic,11,dev_0572,no,"NO, a legislator is a broad term that refers to any elected official who",no,no,Correct,0.7606
semantic,11,dev_0898,no,"NO, permanent residents in Canada are not eligible to vote in federal elections. Only",no,no,Correct,0.7569
semantic,11,dev_1154,no,YES,yes,yes,Incorrect,0.2354
semantic,11,dev_1221,no,"NO, a filibuster is not a tactic used in the U.",no,no,Correct,0.7667999999999999
semantic,11,dev_1244,no,"NO, Canada and Australia are not part of the United Kingdom. They are independent",no,no,Correct,0.7753
semantic,11,dev_1245,no,"NO, Turkey is not a member of the European Economic Area. It is,",no,no,Correct,0.7585
semantic,11,dev_1273,no,"NO, Guam is not part of the U.S. Virgin Islands.",no,no,Correct,0.7613
semantic,11,dev_0647,yes,YES,yes,yes,Correct,0.2356
semantic,11,dev_0254,yes,YES,yes,yes,Correct,0.2357
semantic,11,dev_0486,yes,YES,yes,yes,Correct,0.2326
semantic,11,dev_0736,yes,"YES, the World Bank is affiliated with the United Nations as it is",yes,yes,Correct,0.7617999999999999
semantic,11,dev_0814,yes,"NO, the Air Force does not have ground combat troops as its primary role is",no,no,Incorrect,0.7581
semantic,11,dev_1477,yes,YES,yes,yes,Correct,0.2389
semantic,11,dev_1721,yes,YES,yes,yes,Correct,0.2329
semantic,11,dev_1786,yes,"NO, New York City no longer has rent control in the traditional sense. However",no,no,Incorrect,0.7585
semantic,11,dev_1970,yes,YES,yes,yes,Correct,0.2326
semantic,11,dev_1985,yes,YES,yes,yes,Correct,0.2499
semantic,11,dev_2448,no,"NO, Puerto Rico does not have voting representation in the Electoral College and",no,no,Correct,0.767
semantic,11,dev_0066,yes,YES,yes,yes,Correct,0.2307
semantic,11,dev_0088,yes,YES,yes,yes,Correct,0.2339
semantic,11,dev_0196,yes,"Yes, several T. rex skulls have been found.",yes,yes,Correct,0.6474
semantic,11,dev_0262,yes,YES,yes,yes,Correct,0.2336
semantic,11,dev_0271,yes,"Yes, an outcome variable is the same as a dependent variable. They both refer",yes,yes,Correct,2.1068000000000002
semantic,11,dev_0329,yes,YES,yes,yes,Correct,0.2342
semantic,11,dev_0331,yes,YES,yes,yes,Correct,0.2348
semantic,11,dev_0387,yes,"YES, density depends on the type of material. Different materials have different dens",yes,yes,Correct,0.7569
semantic,11,dev_0418,yes,"Yes, it is possible to have thunder and lightning while snowing. This phenomenon",yes,yes,Correct,0.7606
semantic,11,dev_0616,yes,"Yes, bicarb soda and baking soda are the same. They",yes,yes,Correct,0.7726000000000001
semantic,11,dev_0638,yes,"NO, not all rhombuses have two pairs of parallel sides. A rh",no,no,Incorrect,0.7605
semantic,11,dev_0657,yes,"No, yield stress and yield strength are not the same. Yield stress is",no,no,Incorrect,0.761
semantic,11,dev_0692,yes,"NO, a hydrometer is not typically used to measure the density of milk",no,no,Incorrect,0.7614
semantic,11,dev_0744,yes,YES,yes,yes,Correct,0.21780000000000002
semantic,11,dev_0797,yes,"YES, average velocity has a direction associated with it. It is a vector",yes,yes,Correct,0.7532000000000001
semantic,11,dev_0842,yes,"YES, diffraction effects can be observed in sound waves. Diffraction is",yes,yes,Correct,0.7717999999999999
semantic,11,dev_1379,yes,"Yes, talc and talcum powder are essentially the same thing. Tal",yes,yes,Correct,0.7617999999999999
semantic,11,dev_0126,no,"NO, according to our current understanding of physics, it is not possible for an",no,no,Correct,0.7595
semantic,11,dev_0342,no,"NO, the speed of sound is not constant for all materials. It depends on",no,no,Correct,0.775
semantic,11,dev_0437,no,"NO, there is not always a full moon on the summer solstice.",no,no,Correct,2.1016
semantic,11,dev_0553,no,YES,yes,yes,Incorrect,0.2336
semantic,11,dev_0652,no,"NO, the square root of 3 is an irrational number.",no,no,Correct,0.6852999999999999
semantic,11,dev_0708,no,"YES, a negative number can be a perfect square. For example, the",yes,yes,Incorrect,0.755
semantic,11,dev_1083,no,"NO, carbon-14 dating cannot be used to detect the age of a",no,no,Correct,0.784
semantic,11,dev_1142,no,"NO, quantum entanglement does not allow for faster-than-light communication",no,no,Correct,0.7739
semantic,11,dev_1354,no,I don't know. The depth of the water table can vary significantly due,i,idk,IDK,0.7575
semantic,11,dev_1460,no,I don't know. The suitability of a single-subject research design,i,idk,IDK,0.7622000000000001
semantic,11,dev_1468,no,"No, sodium lactate is not the same as lactic acid.",no,no,Correct,0.7637
semantic,11,dev_1559,no,"NO, log x is not the same as ln x. The logarith",no,no,Correct,0.7827000000000001
semantic,11,dev_1595,no,"NO, reverse osmosis water and deionized water are not the same",no,no,Correct,0.7612000000000001
semantic,11,dev_1643,no,"No, static pressure is not the same as atmospheric pressure. Atm",no,no,Correct,0.7885
semantic,11,dev_1692,no,"NO, atmospheric pressure is not always 1 atm. Atmospher",no,no,Correct,0.7616
semantic,11,dev_1726,no,"NO, the vagus nerve is part of the peripheral nervous system (P",no,no,Correct,0.7716000000000001
semantic,11,dev_0008,yes,YES,yes,yes,Correct,0.2352
semantic,11,dev_0323,yes,"YES, Song of Solomon and Song of Songs are the same book.",yes,yes,Correct,0.7601
semantic,11,dev_0794,yes,YES,yes,yes,Correct,0.2339
semantic,11,dev_0866,yes,YES,yes,yes,Correct,0.231
semantic,11,dev_0910,yes,"YES, the Dewey Decimal System is still in use.",yes,yes,Correct,0.7222999999999999
semantic,11,dev_0992,yes,YES,yes,yes,Correct,0.2335
semantic,11,dev_1446,yes,"NO, the Church of England and the Anglican Church are not the same",no,no,Incorrect,0.7691
semantic,11,dev_0294,no,I don't know. While both Auslan and ASL are sign languages,i,idk,IDK,0.7615
semantic,11,dev_0521,no,"NO, it is not true that kangaroo means 'I don'",no,no,Correct,0.7594
semantic,11,dev_0943,no,"NO, the Book of Deuteronomy is not in the New Testament. It",no,no,Correct,0.7611
semantic,11,dev_1887,no,"NO, the Persian and Arabic alphabets are similar but not",no,no,Correct,0.7577
semantic,11,dev_2892,no,"NO, Scottish Gaelic and Irish Gaelic are not the same.",no,no,Correct,0.7619
semantic,11,dev_2691,no,"NO, King's College London is not part of Cambridge University. They are",no,no,Correct,0.7577
semantic,11,dev_0065,yes,YES,yes,yes,Correct,0.24309999999999998
semantic,11,dev_0245,yes,"YES, a player can pass the ball more than once in American football,",yes,yes,Correct,0.7685
semantic,11,dev_0315,yes,YES,yes,yes,Correct,0.2379
semantic,11,dev_0361,yes,"YES, chewing tobacco is banned in Major League Baseball as of January",yes,yes,Correct,0.7614
semantic,11,dev_0550,yes,YES,yes,yes,Correct,0.2377
semantic,11,dev_0595,yes,"NO, the Ivy League does not have a basketball tournament. Instead, the",no,no,Incorrect,0.7671
semantic,11,dev_0966,yes,YES,yes,yes,Correct,0.2772
semantic,11,dev_1078,yes,YES,yes,yes,Correct,0.2339
semantic,11,dev_1224,yes,"NO, a rugby field is not necessarily bigger than a football field. The dimensions",no,no,Incorrect,2.1286
semantic,11,dev_1251,yes,YES,yes,yes,Correct,0.2427
semantic,11,dev_1260,yes,"NO, Nike Air Force 1s are not designed for basketball. They",no,no,Incorrect,2.0967
semantic,11,dev_1278,yes,YES,yes,yes,Correct,0.2357
semantic,11,dev_1462,yes,YES,yes,yes,Correct,0.2321
semantic,11,dev_1494,yes,YES,yes,yes,Correct,0.236
semantic,11,dev_1543,yes,YES,yes,yes,Correct,0.2349
semantic,11,dev_2012,yes,YES,yes,yes,Correct,0.234
semantic,11,dev_2118,yes,I don't know. The ability to break someone's wrist by tw,i,idk,IDK,0.7651
semantic,11,dev_2272,yes,"YES, AstroTurf is a popular brand of artificial grass.",yes,yes,Correct,0.7212000000000001
semantic,11,dev_2338,yes,I don't know. A player can participate in one UEFA club competition per,i,idk,IDK,0.7602000000000001
semantic,11,dev_2498,yes,"NO, there has never been two grand slams in one inning in Major",no,no,Incorrect,0.7572000000000001
semantic,11,dev_2509,yes,YES,yes,yes,Correct,0.2507
semantic,11,dev_2917,yes,"YES, the Tampa Bay Lightning has won a Stanley Cup. They",yes,yes,Correct,0.7633
semantic,11,dev_2966,yes,"NO, as of the current NBA eligibility rules, players must be at",no,no,Incorrect,0.7539
semantic,11,dev_2974,yes,"YES, it is possible to run for 24 hours, although it",yes,yes,Correct,0.7573
semantic,11,dev_3007,yes,YES,yes,yes,Correct,0.2325
semantic,11,dev_3199,yes,YES,yes,yes,Correct,0.2356
semantic,11,dev_0222,no,"NO, NCAA and NBA basketballs are not the same size. The NBA",no,no,Correct,0.7531
semantic,11,dev_0398,no,"NO, you cannot score directly from a throw-in in soccer. The throw",no,no,Correct,0.763
semantic,11,dev_0426,no,"NO, a soccer goalie cannot pick up a throw-in. The throw",no,no,Correct,0.7861
semantic,11,dev_0464,no,"NO, the golden goal rule was abandoned in 2004 and was",no,no,Correct,0.764
semantic,11,dev_0563,no,"NO, Croatia has not won the soccer World Cup yet. They reached",no,no,Correct,0.779
semantic,11,dev_0658,no,"YES, a walk in baseball is a dead ball. A walk occurs when",yes,yes,Incorrect,0.7605
semantic,11,dev_1366,no,"NO, they do not make a new Champions League trophy every year. The",no,no,Correct,0.7674
semantic,11,dev_1471,no,YES,yes,yes,Incorrect,0.2388
semantic,11,dev_1558,no,"NO, the FIFA World Cup is not held every year. It is a quad",no,no,Correct,0.7622000000000001
semantic,11,dev_1580,no,"NO, the Chicago White Sox and Chicago Cubs do not share a stadium",no,no,Correct,0.7601
semantic,11,dev_2401,no,"NO, a batsman cannot be run out on a no-ball.",no,no,Correct,0.7577
semantic,11,dev_2436,no,"NO, it is not possible to run a mile in 2 minutes. The",no,no,Correct,0.7566
semantic,11,dev_3224,no,"NO, an MLB game cannot end in a tie during the regular season.",no,no,Correct,0.7611
semantic,11,dev_0022,yes,"NO, a spark plug does not keep an engine running. While it is essential",no,no,Incorrect,0.7609
semantic,11,dev_0132,yes,"YES, a NAS (Network Attached Storage) can be used as a",yes,yes,Correct,0.763
semantic,11,dev_0268,yes,YES,yes,yes,Correct,0.2415
semantic,11,dev_0646,yes,"YES, multithreading can be useful even on a single processor,",yes,yes,Correct,0.757
semantic,11,dev_0697,yes,YES,yes,yes,Correct,0.2375
semantic,11,dev_0935,yes,YES,yes,yes,Correct,0.2334
semantic,11,dev_1159,yes,YES,yes,yes,Correct,0.2365
semantic,11,dev_1376,yes,YES,yes,yes,Correct,0.2312
semantic,11,dev_1646,yes,"YES, you can use cast-iron pans on an induction cook",yes,yes,Correct,0.762
semantic,11,dev_1869,yes,"YES, a database table can have multiple foreign keys. Each foreign key must",yes,yes,Correct,0.7606
semantic,11,dev_2397,yes,YES,yes,yes,Correct,0.2322
semantic,11,dev_0512,no,"NO, Microsoft Visio and Visual Studio are not the same. Microsoft Visio",no,no,Correct,0.756
semantic,11,dev_1524,no,"NO, the transmission and the engine are not the same thing. The engine generates",no,no,Correct,0.7613
semantic,11,dev_1675,no,"No, input lag and response time are not the same thing. Input lag refers",no,no,Correct,0.7545
semantic,11,dev_1723,no,"NO, a regular bulb cannot be used in a 3-way lamp",no,no,Correct,0.7601
semantic,11,dev_2027,no,"NO, HD DVD and Blu-ray are not the same. HD DVD",no,no,Correct,0.7646000000000001
semantic,11,dev_2104,no,YES,yes,yes,Incorrect,0.2367
semantic,11,dev_2262,no,"NO, WordPad is a basic text editor that comes pre-installed with",no,no,Correct,0.7866000000000001
semantic,11,dev_2431,no,"NO, in a tree, a node can have only one parent.",no,no,Correct,0.6792
semantic,11,dev_2524,no,"NO, the iPhone SE and iPhone 5 are not the same. The iPhone",no,no,Correct,0.7607
semantic,11,dev_3057,no,"Yes, Windows Subsystem for Linux (WSL) is a virtual machine.",yes,yes,Incorrect,0.7609
semantic,11,dev_3167,no,"NO, gear oil and motor oil are not the same. Gear oil is",no,no,Correct,0.7785
semantic,21,dev_0023,yes,"NO, a cape and a cloak are not the same. While both",no,no,Incorrect,0.9418
semantic,21,dev_0039,no,YES,yes,yes,Incorrect,0.44530000000000003
semantic,21,dev_0055,no,"YES, Wisconsin has been in the Little League World Series. The first Wisconsin",yes,yes,Incorrect,0.9208
semantic,21,dev_0059,no,YES,yes,yes,Incorrect,0.4079
semantic,21,dev_0068,no,"NO, minors cannot receive the death penalty in the United States. The Supreme",no,no,Correct,0.9214
semantic,21,dev_0087,yes,"NO, frogs do not jump out of boiling water. This is a",no,no,Incorrect,0.916
semantic,21,dev_0107,no,"Yes, gambling winnings are considered taxable income in Australia. However, there",yes,yes,Incorrect,0.9284
semantic,21,dev_0120,yes,"NO, a vehicle title and registration are separate documents. While a title proves ownership",no,no,Incorrect,0.9352
semantic,21,dev_0138,no,"YES, the drinking age can be different in different states within the United States",yes,yes,Incorrect,0.9216
semantic,21,dev_0151,no,"NO, numbers do not look the same in all languages. The shapes and symbols",no,no,Correct,0.9512999999999999
semantic,21,dev_0163,yes,"NO, the square root of 2 cannot be written as a fraction. It",no,no,Incorrect,0.9151
semantic,21,dev_0165,no,"Yes, dragon fruit and pitaya are the same thing.",yes,yes,Incorrect,0.7533
semantic,21,dev_0207,no,"YES, France and the UK are in the same time zone during standard time",yes,yes,Incorrect,0.9306
semantic,21,dev_0210,no,"NO, ""The Three Little Pigs"" is not a nursery rh",no,no,Correct,0.9228
semantic,21,dev_0221,no,YES,yes,yes,Incorrect,0.3625
semantic,21,dev_0229,yes,YES,yes,yes,Correct,0.3697
semantic,21,dev_0237,no,"Yes, there is a difference between 2-cycle and 2-stroke",yes,yes,Incorrect,0.9025
semantic,21,dev_0243,no,"Yes, there is a Chinatown in St. Louis, Missouri.",yes,yes,Incorrect,0.9262
semantic,21,dev_0248,yes,YES,yes,yes,Correct,0.4111
semantic,21,dev_0249,yes,"NO, queen ants do not give birth to queen ants. Instead,",no,no,Incorrect,0.9312999999999999
semantic,21,dev_0251,yes,"NO, each sister chromatid has the same amount of DNA as the original",no,no,Incorrect,0.9425
semantic,21,dev_0257,yes,"YES, a glass window can break on its own, especially if it is",yes,yes,Correct,0.9128999999999999
semantic,21,dev_0270,no,"NO, there is no U.S. state where the drinking age is",no,no,Correct,0.9377000000000001
semantic,21,dev_0287,yes,Yes. A player on the receiving team can call a fair catch on a kick,yes,yes,Correct,0.9519
semantic,21,dev_0295,no,"Yes, there is a difference between doves and pigeons. Doves",yes,yes,Incorrect,0.9176
semantic,21,dev_0298,yes,"NO, sheet metal gauge and wire gauge are not the same. While both systems",no,no,Incorrect,0.937
semantic,21,dev_0312,no,"NO, adjectives do not always have to come before a noun.",no,no,Correct,0.9299
semantic,21,dev_0316,yes,YES,yes,yes,Correct,0.4063
semantic,21,dev_0318,yes,"YES, an Ace-2-3-4-5 is a",yes,yes,Correct,0.935
semantic,21,dev_0321,yes,"YES, a filibuster can potentially stop a Supreme Court nominee",yes,yes,Correct,0.9632000000000001
semantic,21,dev_0333,yes,"NO, .22 Magnum and .22 WMR (Winchester",no,no,Incorrect,0.9552999999999999
semantic,21,dev_0336,no,"Yes, there is a difference between Muay Thai and Thai boxing",yes,yes,Incorrect,0.9284
semantic,21,dev_0343,yes,"NO, the President is not the only member of the executive branch. The executive",no,no,Incorrect,0.9508
semantic,21,dev_0352,no,"NO, you cannot score off a throw-in in soccer. A throw-",no,no,Correct,0.9354
semantic,21,dev_0355,no,YES,yes,yes,Incorrect,0.393
semantic,21,dev_0364,no,Yes.,yes,yes,Incorrect,0.4168
semantic,21,dev_0366,no,"YES, the diaphragm separates the abdominal c",yes,yes,Incorrect,0.9474
semantic,21,dev_0406,no,YES,yes,yes,Incorrect,0.3836
semantic,21,dev_0428,no,"NO, peroxide is a general term for compounds containing the -O",no,no,Correct,0.941
semantic,21,dev_0429,yes,I don't know. While both flax oil and linseed oil are,i,idk,IDK,2.2771999999999997
semantic,21,dev_0430,yes,"NO, the Banaue Rice Terraces are not one of the 7",no,no,Incorrect,0.9234
semantic,21,dev_0436,no,"Yes, there is such a thing as a broken heart, and it is often",yes,yes,Incorrect,0.924
semantic,21,dev_0441,no,"NO, there is no lobster in shrimp with lobster sauce.",no,no,Correct,0.9497000000000001
semantic,21,dev_0442,yes,YES,yes,yes,Correct,0.4095
semantic,21,dev_0479,no,YES,yes,yes,Incorrect,0.3997
semantic,21,dev_0481,no,"NO, there has never been a 6th borough in New York City",no,no,Correct,0.9308
semantic,21,dev_0482,no,"NO, a bumblebee does not die after stinging someone. Unlike honey",no,no,Correct,0.9446
semantic,21,dev_0487,no,"Yes, you can grow banana trees from a banana. The process is",yes,yes,Incorrect,0.9349
semantic,21,dev_0504,yes,"NO, friction tape and electrical tape are not the same. Friction tape",no,no,Incorrect,0.9213
semantic,21,dev_0509,no,YES,yes,yes,Incorrect,0.3837
semantic,21,dev_0532,no,"YES, it is possible to connect your brain to a computer through a brain",yes,yes,Incorrect,0.9248
semantic,21,dev_0534,no,"Yes, the National Guard is primarily a state-based military force that is primarily",yes,yes,Incorrect,0.9208999999999999
semantic,21,dev_0536,yes,"NO, Thanos did not appear in the first Guardians of the Galaxy.",no,no,Incorrect,0.9601000000000001
semantic,21,dev_0537,no,YES,yes,yes,Incorrect,0.4169
semantic,21,dev_0546,yes,"NO, the College of William & Mary is not an Ivy League school.",no,no,Incorrect,0.9588
semantic,21,dev_0560,no,"I don't know. To find the answer, you can visit the University",i,idk,IDK,0.9289
semantic,21,dev_0568,no,"NO, the movie Heat is not based on a book. It is an original",no,no,Correct,0.94
semantic,21,dev_0569,no,YES,yes,yes,Incorrect,0.38230000000000003
semantic,21,dev_0588,yes,"NO, Boost Mobile and Virgin Mobile are not the same. Boost Mobile",no,no,Incorrect,0.9309
semantic,21,dev_0594,no,"YES, bee stingers do fall out on their own after a",yes,yes,Incorrect,0.9352
semantic,21,dev_0596,no,"Yes, C# and Visual C# are essentially the same. Visual C#",yes,yes,Incorrect,0.936
semantic,21,dev_0598,yes,"NO, the Vice President is not the head of the Senate. The Vice President",no,no,Incorrect,0.9325
semantic,21,dev_0612,yes,"NO, popcorn is not made from corn on the cob. Popc",no,no,Incorrect,0.9247000000000001
semantic,21,dev_0617,yes,YES,yes,yes,Correct,0.4044
semantic,21,dev_0662,yes,"NO, LensCrafters and Pearle Vision are not the same",no,no,Incorrect,0.9287000000000001
semantic,21,dev_0678,no,"NO, it is not safe to wash a child's mouth out with soap",no,no,Correct,0.9411
semantic,21,dev_0696,no,"NO, New Hampshire does not have a primary seat belt law for adults. However",no,no,Correct,0.9432
semantic,21,dev_0711,yes,I don't know. Musician's Friend and Guitar Center are,i,idk,IDK,0.9138999999999999
semantic,21,dev_0718,yes,YES,yes,yes,Correct,0.3942
semantic,21,dev_0724,no,YES,yes,yes,Incorrect,0.423
semantic,21,dev_0731,no,"YES, there is raw egg in egg drop soup. The soup is made",yes,yes,Incorrect,0.95
semantic,21,dev_0737,no,"NO, a Cornish game hen is not a baby chicken. It is a",no,no,Correct,0.9317000000000001
semantic,21,dev_0754,yes,"NO, World at War is not part of Black Ops. World at War",no,no,Incorrect,0.9645
semantic,21,dev_0759,no,"NO, North and South Korea speak different dialects of the Korean language, although",no,no,Correct,0.9054
semantic,21,dev_0764,yes,"No, sampling error is not the same as standard deviation. While standard dev",no,no,Incorrect,0.8984
semantic,21,dev_0782,yes,"YES, AC Milan and Inter Milan share the Giuseppe Meazza Stadium",yes,yes,Correct,0.906
semantic,21,dev_0817,no,YES,yes,yes,Incorrect,0.3673
semantic,21,dev_0829,no,YES,yes,yes,Incorrect,0.37460000000000004
semantic,21,dev_0832,no,"YES, you can get to South America by car, but it requires traveling",yes,yes,Incorrect,0.9053
semantic,21,dev_0837,yes,I don't know. While both universal healthcare and socialized medicine aim to,i,idk,IDK,0.92
semantic,21,dev_0853,no,"NO, a Girl Scout cannot be an Eagle Scout because the E",no,no,Correct,0.902
semantic,21,dev_0854,no,"NO, elephants are herbivores and are not at the top",no,no,Correct,0.9093
semantic,21,dev_0862,no,"YES, in chess, it is necessary to announce ""check"" when",yes,yes,Incorrect,0.9064
semantic,21,dev_0871,yes,"YES, English is one of the most commonly spoken languages in the world,",yes,yes,Correct,0.9482
semantic,21,dev_0916,yes,"NO, the Ryman Auditorium and the Grand Ole Opry are",no,no,Incorrect,0.9407000000000001
semantic,21,dev_0922,yes,I don't know. The Passport Card is a U.S.,i,idk,IDK,0.9404
semantic,21,dev_0933,no,YES,yes,yes,Incorrect,0.4014
semantic,21,dev_0934,yes,"YES, Pokémon: Let's Go is a main series game",yes,yes,Correct,0.9625
semantic,21,dev_0940,yes,"NO, a passport card is not valid for domestic flights. A passport",no,no,Incorrect,0.9585
semantic,21,dev_0944,no,Yes,yes,yes,Incorrect,0.3583
semantic,21,dev_0952,yes,"NO, Merrill Lynch and Bank of America are not the same.",no,no,Incorrect,0.9496
semantic,21,dev_0958,yes,Yes. The eyes are part of the nervous system because they contain specialized sensory,yes,yes,Correct,0.9254
semantic,21,dev_0981,no,"Yes, pyruvic acid and pyruvate are the same thing",yes,yes,Incorrect,0.9392999999999999
semantic,21,dev_0991,yes,"YES, you need a TV license to watch or record live TV programs as",yes,yes,Correct,0.9118999999999999
semantic,21,dev_0994,yes,"NO, it is not recommended to use a white background as a green screen,",no,no,Incorrect,0.9025
semantic,21,dev_0996,no,"NO, there is no town called Radiator Springs on Route 66",no,no,Correct,0.9233
semantic,21,dev_1006,no,"NO, you do not have to be literate to vote in the United States",no,no,Correct,0.9203
semantic,21,dev_1011,no,"YES, the World Cup trophy is named the FIFA World Cup Trophy",yes,yes,Incorrect,0.9146
semantic,21,dev_1022,yes,"YES, Enterprise Value is a measure of a company's total firm value",yes,yes,Correct,0.8986000000000001
semantic,21,dev_1049,no,"YES, a red panda is related to a panda, but they",yes,yes,Incorrect,0.8991
semantic,21,dev_1062,yes,"Yes, a wheel and axle can be considered a type of lever. The",yes,yes,Correct,0.9218999999999999
semantic,21,dev_1075,yes,YES,yes,yes,Correct,0.4073
semantic,21,dev_1102,no,"Yes, there is a difference between sweating and perspiring. Swe",yes,yes,Incorrect,0.9341
semantic,21,dev_1110,yes,"NO, there are multiple rounds in the NBA draft. The exact number of rounds",no,no,Incorrect,0.9312999999999999
semantic,21,dev_1112,no,"Yes, nuclear power is a type of nuclear energy. Nuclear power refers",yes,yes,Incorrect,0.9299
semantic,21,dev_1113,yes,"NO, a ball python and a royal python are not the same. They are",no,no,Incorrect,0.9248999999999999
semantic,21,dev_1121,no,"NO, there was no world war before World War I. The first World War",no,no,Correct,0.9588
semantic,21,dev_1133,no,"YES, The Crew 2 has a storyline.",yes,yes,Incorrect,0.8452000000000001
semantic,21,dev_1138,yes,YES,yes,yes,Correct,0.4026
semantic,21,dev_1146,yes,"No, a penalty charge notice (PCN) is not the same as a",no,no,Incorrect,0.9388
semantic,21,dev_1155,yes,"NO, GMC Sierra and Chevy Silverado are not the same. They",no,no,Incorrect,0.9291
semantic,21,dev_1175,no,YES,yes,yes,Incorrect,0.4067
semantic,21,dev_1178,no,YES,yes,yes,Incorrect,0.3905
semantic,21,dev_1183,yes,"NO, pork loin ribs are not the same as baby back rib",no,no,Incorrect,0.9368
semantic,21,dev_1196,no,YES,yes,yes,Incorrect,0.3897
semantic,21,dev_1204,yes,YES,yes,yes,Correct,0.4074
semantic,21,dev_1205,no,"NO, you cannot take out the king in chess. The objective of the",no,no,Correct,0.9138999999999999
semantic,21,dev_1209,yes,"NO, it is not possible to turn lead into gold through nuclear transmutation",no,no,Incorrect,0.9456
semantic,21,dev_1227,no,"NO, 1 is not a prime factor of every number. It is a",no,no,Correct,0.903
semantic,21,dev_1229,no,"NO, the color orange is named after the fruit. The fruit was named after",no,no,Correct,0.8994
semantic,21,dev_1230,yes,"NO, a double eagle is not the same as an albatross.",no,no,Incorrect,0.9187000000000001
semantic,21,dev_1235,no,"YES, a birth certificate can serve as a form of identification, especially in",yes,yes,Incorrect,0.9024
semantic,21,dev_1239,yes,"NO, a CPAP (Continuous Positive Airway Pressure) machine",no,no,Incorrect,0.92
semantic,21,dev_1241,no,Yes,yes,yes,Incorrect,0.3425
semantic,21,dev_1250,yes,YES,yes,yes,Correct,0.3802
semantic,21,dev_1256,yes,YES,yes,yes,Correct,0.36519999999999997
semantic,21,dev_1261,no,YES,yes,yes,Incorrect,0.3659
semantic,21,dev_1267,no,"NO, Better Call Saul is a prequel to Breaking Bad and is",no,no,Correct,0.907
semantic,21,dev_1271,no,"NO, the drinking age is uniform across the United States due to the National Min",no,no,Correct,0.9111
semantic,21,dev_1283,yes,"NO, lock nuts and stop nuts are not the same. Lock nuts have a",no,no,Incorrect,0.9227000000000001
semantic,21,dev_1285,no,YES,yes,yes,Incorrect,0.37239999999999995
semantic,21,dev_1286,no,"Yes, there is a difference between lightning bugs and fireflies. While both",yes,yes,Incorrect,0.928
semantic,21,dev_1294,yes,"NO, a terminating decimal cannot be written as a recurring decimal. A",no,no,Incorrect,0.9034
semantic,21,dev_1296,yes,"NO, PlayStation 2 games do not play on PlayStation 4 without",no,no,Incorrect,0.9194
semantic,21,dev_1303,no,"NO, you do not have to touch the ball to be offside in soccer",no,no,Correct,0.9032
semantic,21,dev_1307,yes,"NO, you cannot score directly from a kickoff in football. The ball must",no,no,Incorrect,0.9067999999999999
semantic,21,dev_1311,yes,"NO, the crankshaft pulley and harmonic balancer are not",no,no,Incorrect,0.9792000000000001
semantic,21,dev_1316,yes,"NO, the Arch in St. Louis is not a national park. It is",no,no,Incorrect,0.9592999999999999
semantic,21,dev_1317,no,"NO, planets are not involved in the formation of an actual planetary neb",no,no,Correct,0.962
semantic,21,dev_1333,yes,"NO, a Dame is a female equivalent of a Knight.",no,no,Incorrect,0.8052999999999999
semantic,21,dev_1336,yes,Yes. The central nervous system (CNS) consists of the brain and sp,yes,yes,Correct,0.9026000000000001
semantic,21,dev_1345,no,"Yes, there is a difference between a confidentiality agreement and a non-dis",yes,yes,Incorrect,0.9524
semantic,21,dev_1359,no,"NO, you cannot give yourself an assist in basketball. An assist is a stat",no,no,Correct,0.9492999999999999
semantic,21,dev_1370,yes,"Yes, A-2-3-4-5 is a straight.",yes,yes,Correct,0.917
semantic,21,dev_1371,no,"NO, Rafflesia arnoldii is not the largest flower in",no,no,Correct,0.9349
semantic,21,dev_1372,yes,"NO, a kilowatt-hour (kWh) is a unit of",no,no,Incorrect,0.9567
semantic,21,dev_1382,no,"NO, a catcher cannot block home plate without the ball. According to ML",no,no,Correct,0.9576
semantic,21,dev_1406,no,YES,yes,yes,Incorrect,0.4032
semantic,21,dev_1408,yes,"NO, you cannot run on a caught foul ball. Once a foul ball is",no,no,Incorrect,0.9337000000000001
semantic,21,dev_1413,yes,"NO, Brazil has never won the World Cup in Europe. The World Cup is",no,no,Incorrect,0.9653999999999999
semantic,21,dev_1419,yes,Yes,yes,yes,Correct,0.35
semantic,21,dev_1420,yes,YES,yes,yes,Correct,0.4153
semantic,21,dev_1423,no,"NO, ""Take Me Home, Country Roads"" is not about Virginia.",no,no,Correct,0.942
semantic,21,dev_1424,no,YES,yes,yes,Incorrect,0.4176
semantic,21,dev_1436,no,"No, equity in your home is not a liquid asset because it cannot be easily",no,no,Correct,0.9392999999999999
semantic,21,dev_1438,yes,"NO, not all of the UK is in the same time zone. The Is",no,no,Incorrect,0.9366
semantic,21,dev_1452,no,"Yes, a neurotransmitter can be both excitatory and inhibitory,",yes,yes,Incorrect,0.9598
semantic,21,dev_1455,yes,"NO, the abdomen is not the same as the stomach. The ab",no,no,Incorrect,0.9294
semantic,21,dev_1464,no,"NO, a sweet potato is not part of the potato family. It",no,no,Correct,0.926
semantic,21,dev_1467,yes,YES,yes,yes,Correct,0.3665
semantic,21,dev_1473,yes,"NO, a sailboat cannot travel faster than the wind. The boat's",no,no,Incorrect,0.9198999999999999
semantic,21,dev_1489,yes,YES,yes,yes,Correct,0.3675
semantic,21,dev_1498,yes,YES,yes,yes,Correct,0.3678
semantic,21,dev_1508,no,YES,yes,yes,Incorrect,0.36469999999999997
semantic,21,dev_1515,no,YES,yes,yes,Incorrect,0.393
semantic,21,dev_1517,yes,"NO, you cannot use hydraulic fluid as brake fluid. They",no,no,Incorrect,0.9326
semantic,21,dev_1528,yes,"NO, a J.D. (Juris Doctor) is not the",no,no,Incorrect,0.9216
semantic,21,dev_1533,no,YES,yes,yes,Incorrect,0.38239999999999996
semantic,21,dev_1534,no,"NO, a baseball player cannot legally catch a ball in the stands. Catch",no,no,Correct,0.8998999999999999
semantic,21,dev_1546,yes,"NO, a passport card cannot be used for REAL ID purposes. The",no,no,Incorrect,0.9096000000000001
semantic,21,dev_1552,yes,"NO, the poly(A) tail is added to the 3' end",no,no,Incorrect,0.9093
semantic,21,dev_1557,no,"NO, New York State does not have the death penalty. The state abolished",no,no,Correct,0.9168
semantic,21,dev_1563,no,"YES, the Big Dipper is a part of Ursa Major. The",yes,yes,Incorrect,0.9244
semantic,21,dev_1627,no,"NO, the esophagus is located behind the heart. The esoph",no,no,Correct,0.9236
semantic,21,dev_1632,yes,"NO, the World Health Organization (WHO) is an intergovernmental",no,no,Incorrect,0.9074
semantic,21,dev_1650,yes,"YES, it is illegal to take a stop sign. Traffic signs are",yes,yes,Correct,0.9034
semantic,21,dev_1655,no,"Yes, there is a difference between soy sauce and soya sauce. S",yes,yes,Incorrect,0.9194
semantic,21,dev_1658,yes,"YES, the Nazca Lines can be seen from the ground, but",yes,yes,Correct,0.9226
semantic,21,dev_1659,yes,YES,yes,yes,Correct,0.36910000000000004
semantic,21,dev_1673,yes,YES,yes,yes,Correct,0.36319999999999997
semantic,21,dev_1680,no,"YES, picking your nose can potentially affect your sense of smell, as it",yes,yes,Incorrect,0.9232
semantic,21,dev_1687,no,YES,yes,yes,Incorrect,0.371
semantic,21,dev_1698,no,"YES, Fullmetal Alchemist: Brotherhood is a continuation",yes,yes,Incorrect,0.9202
semantic,21,dev_1707,yes,"NO, a PLC (Public Limited Company) is a type of limited company",no,no,Incorrect,0.9072
semantic,21,dev_1727,yes,"NO, a digital audio cable and an optical audio cable are not the same.",no,no,Incorrect,0.9146
semantic,21,dev_1736,no,YES,yes,yes,Incorrect,0.36710000000000004
semantic,21,dev_1737,yes,"NO, you cannot take a jump shot on a free throw. A free throw",no,no,Incorrect,0.9146
semantic,21,dev_1740,yes,"Yes, there is spongy bone, also known as cancellous bone,",yes,yes,Correct,0.9057999999999999
semantic,21,dev_1743,no,"I don't know. The film ""The Last King of Scotland"" is",i,idk,IDK,0.9152
semantic,21,dev_1749,yes,"YES, Delhi University and the University of Delhi are the same. The University",yes,yes,Correct,0.9053
semantic,21,dev_1750,no,"NO, fighting words are not protected under freedom of speech. The ""fight",no,no,Correct,0.9206
semantic,21,dev_1757,yes,"Yes, the profit and loss statement and income statement are the same thing. They",yes,yes,Correct,0.9171
semantic,21,dev_1763,yes,"NO, the House of Representatives is a part of Congress, which also includes",no,no,Incorrect,0.9017000000000001
semantic,21,dev_1775,no,"NO, the NBA playoffs are not played in a 2-3-",no,no,Correct,2.2611999999999997
semantic,21,dev_1789,no,YES,yes,yes,Incorrect,0.36989999999999995
semantic,21,dev_1806,no,"NO, the U.S. does not currently issue $1,00",no,no,Correct,0.9184
semantic,21,dev_1814,no,YES,yes,yes,Incorrect,0.36769999999999997
semantic,21,dev_1823,yes,"NO, the MLB All-Star Game does not determine World Series home-",no,no,Incorrect,0.936
semantic,21,dev_1832,no,"YES, there is a real town called Garrison, Colorado. It",yes,yes,Incorrect,0.9078999999999999
semantic,21,dev_1849,yes,"NO, in a RACI chart, one person cannot be both Respons",no,no,Incorrect,0.9043
semantic,21,dev_1851,no,YES,yes,yes,Incorrect,0.3847
semantic,21,dev_1857,no,YES,yes,yes,Incorrect,0.36410000000000003
semantic,21,dev_1895,yes,"NO, the empty set is not an element of itself. The empty set has",no,no,Incorrect,0.923
semantic,21,dev_1906,no,"NO, college football players do not have to enter the NFL Draft to play",no,no,Correct,0.9108999999999999
semantic,21,dev_1916,yes,YES,yes,yes,Correct,0.3887
semantic,21,dev_1919,yes,YES,yes,yes,Correct,0.36369999999999997
semantic,21,dev_1924,yes,"NO, a car's serial number is not the same as its VIN",no,no,Incorrect,0.9026000000000001
semantic,21,dev_1938,no,"NO, the empty set is not an element of the set that contains the empty",no,no,Correct,0.9014
semantic,21,dev_1948,yes,"NO, a chicken is a general term that can refer to both male and female",no,no,Incorrect,0.9182
semantic,21,dev_1950,no,"NO, the Gulf of Mexico is not considered an ocean. It is a large",no,no,Correct,0.9101
semantic,21,dev_1960,no,"NO, they are not the same country. The Republic of the Congo (",no,no,Correct,0.9184
semantic,21,dev_1977,no,"NO, according to the natural-born citizen clause in the U.S.",no,no,Correct,0.9054
semantic,21,dev_1995,yes,YES,yes,yes,Correct,0.3875
semantic,21,dev_1997,yes,YES,yes,yes,Correct,0.3697
semantic,21,dev_2009,no,"NO, Color Wonder markers are designed to work only on Color Wonder paper,",no,no,Correct,1.1769
semantic,21,dev_2032,yes,YES,yes,yes,Correct,0.365
semantic,21,dev_2045,yes,"NO, a Supreme Court justice is not eligible to run for President because they are",no,no,Incorrect,0.9231
semantic,21,dev_2053,no,YES,yes,yes,Incorrect,0.366
semantic,21,dev_2061,no,Yes.,yes,yes,Incorrect,0.382
semantic,21,dev_2065,yes,"NO, ""RealFeel"" is a trademarked term used by Acc",no,no,Incorrect,0.8998999999999999
semantic,21,dev_2068,yes,"NO, Allied Waste is not the same company as Republic Services. All",no,no,Incorrect,0.9021
semantic,21,dev_2078,no,YES,yes,yes,Incorrect,0.3805
semantic,21,dev_2079,yes,YES,yes,yes,Correct,0.38039999999999996
semantic,21,dev_2088,no,"YES, English is the de facto official language of the United States at",yes,yes,Incorrect,0.9146
semantic,21,dev_2091,no,"NO, the home team cannot win by two runs in extra innings. In",no,no,Correct,0.9246
semantic,21,dev_2094,no,YES,yes,yes,Incorrect,0.36860000000000004
semantic,21,dev_2095,yes,"NO, Liam Gallagher sings ""Don't Look Back in",no,no,Incorrect,0.9314
semantic,21,dev_2139,no,"NO, a passport card is not valid for international air travel. It can",no,no,Correct,0.9178999999999999
semantic,21,dev_2166,yes,"YES, staring at a bright light, especially the sun, can cause temporary",yes,yes,Correct,2.2479
semantic,21,dev_2184,no,YES,yes,yes,Incorrect,0.38680000000000003
semantic,21,dev_2187,yes,"NO, a player cannot jump while taking a free throw. They must remain station",no,no,Incorrect,0.9078999999999999
semantic,21,dev_2192,no,"NO, a lieutenant colonel is lower in rank than a colonel.",no,no,Correct,0.8849
semantic,21,dev_2196,no,YES,yes,yes,Incorrect,0.38430000000000003
semantic,21,dev_2199,yes,YES,yes,yes,Correct,0.3664
semantic,21,dev_2204,yes,"NO, it is not safe or recommended to pick someone up by their hair.",no,no,Incorrect,0.9145
semantic,21,dev_2220,no,"YES, the ball is considered dead on an infield fly in baseball.",yes,yes,Incorrect,0.9173
semantic,21,dev_2224,no,"YES, there is such a thing as a blue ruby. However,",yes,yes,Incorrect,0.9381
semantic,21,dev_2232,no,YES,yes,yes,Incorrect,0.3865
semantic,21,dev_2234,no,"Yes, Pokémon: Let's Go, Eevee! is",yes,yes,Incorrect,0.9282999999999999
semantic,21,dev_2237,no,"NO, the Riviera Maya is located on the Caribbean Sea, not",no,no,Correct,0.9299
semantic,21,dev_2247,yes,"NO, in New Jersey, it is illegal for a person under the age of",no,no,Incorrect,0.918
semantic,21,dev_2248,yes,"No, pixel density and resolution are not the same thing. Pixel density refers",no,no,Incorrect,0.9121
semantic,21,dev_2266,no,"YES, the Nissan Pathfinder is classified as a full-size",yes,yes,Incorrect,0.9227000000000001
semantic,21,dev_2275,yes,"YES, it is legal to count cards in Las Vegas, as long as",yes,yes,Correct,0.9036000000000001
semantic,21,dev_2295,yes,I don't know. The answer depends on the specific rules and procedures of,i,idk,IDK,0.9053
semantic,21,dev_2304,yes,"NO, the House of Representatives is not called Congress. Congress is the b",no,no,Incorrect,0.9081
semantic,21,dev_2306,yes,"YES, you can keep doubling your bet on roulette, but it",yes,yes,Correct,0.913
semantic,21,dev_2310,no,"YES, In-N-Out Burger is a franchise, but it",yes,yes,Incorrect,0.9257000000000001
semantic,21,dev_2315,yes,"NO, centripetal and centrifugal forces are not an action",no,no,Incorrect,2.2469
semantic,21,dev_2323,no,"NO, the film Tully is not based on a book. It was written",no,no,Correct,0.9156
semantic,21,dev_2328,no,YES,yes,yes,Incorrect,0.38060000000000005
semantic,21,dev_2350,no,"YES, Little House on the Prairie is fiction. Although the series",yes,yes,Incorrect,0.8971
semantic,21,dev_2382,yes,"NO, the right atrium does not receive blood from the lungs. It receives",no,no,Incorrect,0.9142
semantic,21,dev_2387,yes,"NO, Northern Ireland does not have a World Cup team as of the most recent",no,no,Incorrect,0.9242
semantic,21,dev_2388,no,"YES, in some cases, a defendant can be retried if new",yes,yes,Incorrect,0.9257000000000001
semantic,21,dev_2396,yes,"NO, Semolina flour is not the same as Cream of Wheat",no,no,Incorrect,2.2438000000000002
semantic,21,dev_2408,yes,"NO, employment termination and being fired are not the same thing. Employment",no,no,Incorrect,0.928
semantic,21,dev_2413,no,"YES, the movie Stalingrad is based on a true story. It",yes,yes,Incorrect,0.9107999999999999
semantic,21,dev_2428,yes,"NO, a PICC line (Peripheral Intravenous Central",no,no,Incorrect,0.9005
semantic,21,dev_2433,no,"NO, the ability to have a beard in the military depends on the specific facial",no,no,Correct,0.9185
semantic,21,dev_2434,no,"YES, 'Marcha Real' does have words. It is a",yes,yes,Incorrect,0.9067999999999999
semantic,21,dev_2447,no,YES,yes,yes,Incorrect,0.37739999999999996
semantic,21,dev_2473,yes,"NO, Pokémon Gold, Silver, and Crystal are not the same",no,no,Incorrect,2.2533000000000003
semantic,21,dev_2479,no,"NO, Hong Kong is not inside the Great Firewall of China. It operates",no,no,Correct,0.9307000000000001
semantic,21,dev_2504,no,"YES, the Strip is located within the city limits of Las Vegas,",yes,yes,Incorrect,0.9051
semantic,21,dev_2532,yes,"Yes, in the case of fetus in fetu, a twin can be",yes,yes,Correct,0.9177000000000001
semantic,21,dev_2537,no,"No, social studies and social science are not the same. Social studies is an",no,no,Correct,0.9052
semantic,21,dev_2538,no,"NO, War Room is not based on a true story. It is a fict",no,no,Correct,0.9023
semantic,21,dev_2547,yes,"NO, .224 bullets are not compatible with a .22",no,no,Incorrect,0.9465
semantic,21,dev_2548,no,"NO, the queen bee does not die after she stings. The st",no,no,Correct,0.9047000000000001
semantic,21,dev_2555,no,"Yes, lymphoma is a type of cancer that originates in the",yes,yes,Incorrect,0.934
semantic,21,dev_2566,no,YES,yes,yes,Incorrect,0.3683
semantic,21,dev_2572,no,"NO, the Channel Islands are not part of Great Britain. They are Crown dependencies",no,no,Correct,0.8647999999999999
semantic,21,dev_2577,no,YES,yes,yes,Incorrect,0.36369999999999997
semantic,21,dev_2605,yes,"NO, .45 Colt and .45 Long Colt are not",no,no,Incorrect,0.8979
semantic,21,dev_2614,yes,"NO, Snow-on-the-Mountain (Aegopodium",no,no,Incorrect,0.9162
semantic,21,dev_2622,no,Yes,yes,yes,Incorrect,0.3272
semantic,21,dev_2634,yes,"YES, there is a ball-in-hand rule in 8-",yes,yes,Correct,0.8977999999999999
semantic,21,dev_2643,no,YES,yes,yes,Incorrect,0.38060000000000005
semantic,21,dev_2655,yes,"NO, Visa Delta and Visa Debit are not the same. Vis",no,no,Incorrect,0.9023
semantic,21,dev_2656,yes,I don't know. The right of abode and indefinite,i,idk,IDK,0.8976000000000001
semantic,21,dev_2690,yes,"NO, Parcelforce is a subsidiary of Royal Mail,",no,no,Incorrect,0.8961
semantic,21,dev_2719,no,"NO, electrons flow in the opposite direction of conventional current, which is model",no,no,Correct,0.8989
semantic,21,dev_2727,no,"I don't know. The AR-10 is a battle rifle,",i,idk,IDK,0.8987999999999999
semantic,21,dev_2750,yes,"YES, cows need to get pregnant to give milk. The lact",yes,yes,Correct,0.9007999999999999
semantic,21,dev_2757,yes,YES,yes,yes,Correct,0.3653
semantic,21,dev_2770,yes,"NO, a 9 to 5 schedule can be more or less than a",no,no,Incorrect,0.8974
semantic,21,dev_2791,yes,"No, the gut is not the same as the stomach. The gut refers to",no,no,Incorrect,2.2464
semantic,21,dev_2813,yes,YES,yes,yes,Correct,0.36839999999999995
semantic,21,dev_2821,yes,"NO, nicotine is not classified as a ganglion blocker.",no,no,Incorrect,0.9346
semantic,21,dev_2832,yes,YES,yes,yes,Correct,0.3673
semantic,21,dev_2838,no,"NO, 'The Prince of Tides' is not based on a true story",no,no,Correct,0.8994
semantic,21,dev_2853,no,"NO, the languages in North and South Korea are not the same. Although they",no,no,Correct,0.8959
semantic,21,dev_2870,no,YES,yes,yes,Incorrect,0.36469999999999997
semantic,21,dev_2875,yes,I don't know. Aldi and Trader Joe's are separate,i,idk,IDK,0.92
semantic,21,dev_2880,no,"Yes, the County Court Business Centre is a real court. It is a part",yes,yes,Incorrect,0.9167000000000001
semantic,21,dev_2890,no,"No, non-permanent members of the Security Council do not have v",no,no,Correct,0.9066000000000001
semantic,21,dev_2901,yes,"NO, VW, Audi, and Porsche are not the same",no,no,Incorrect,0.9026000000000001
semantic,21,dev_2906,yes,I don't know. A fidelity bond is a type of insurance,i,idk,IDK,0.8923
semantic,21,dev_2919,no,"YES, the",yes,yes,Incorrect,0.7485
semantic,21,dev_2931,yes,"NO, in most jurisdictions, it is not legal to drink under the",no,no,Incorrect,0.9117000000000001
semantic,21,dev_2933,no,YES,yes,yes,Incorrect,0.35760000000000003
semantic,21,dev_2956,yes,"Yes, a .17 HMR (.17 Hornady Magnum",yes,yes,Correct,0.9005
semantic,21,dev_2959,no,YES,yes,yes,Incorrect,0.37039999999999995
semantic,21,dev_2967,yes,"NO, the Sun never shines from the north for any location on Earth.",no,no,Incorrect,0.8962
semantic,21,dev_2973,no,"NO, there is not a second movie to The Golden Compass. The first",no,no,Correct,0.8977
semantic,21,dev_2991,yes,YES,yes,yes,Correct,0.36460000000000004
semantic,21,dev_3000,yes,"NO, back ribs are not the same as baby back ribs. Back",no,no,Incorrect,0.9128
semantic,21,dev_3015,yes,"NO, keyless entry and remote start are not the same. Keyless entry",no,no,Incorrect,0.8981
semantic,21,dev_3027,no,"NO, a Schengen visa does not allow travel to Ireland, as Ireland",no,no,Correct,1.0854000000000001
semantic,21,dev_3029,no,"YES, the United Kingdom left the European Union on January 31,",yes,yes,Incorrect,0.9025
semantic,21,dev_3035,no,YES,yes,yes,Incorrect,0.3623
semantic,21,dev_3040,no,"YES, a no-insurance ticket is a moving violation.",yes,yes,Incorrect,0.8266
semantic,21,dev_3073,no,"NO, top sirloin steak is not the same as sirloin",no,no,Correct,0.9016000000000001
semantic,21,dev_3079,yes,"NO, salary is not included in the cost of goods sold (COGS).",no,no,Incorrect,0.901
semantic,21,dev_3089,yes,"NO, a peach is not part of the almond family. Peaches",no,no,Incorrect,0.8997
semantic,21,dev_3105,yes,"NO, a neutral wire should not be connected to ground in a properly wired",no,no,Incorrect,0.9003
semantic,21,dev_3106,yes,"Yes, high-rise and high-waisted jeans are essentially the same.",yes,yes,Correct,0.9161
semantic,21,dev_3107,yes,I don't know. Recess appointments have been made to other federal,i,idk,IDK,0.9182
semantic,21,dev_3122,no,YES,yes,yes,Incorrect,0.373
semantic,21,dev_3143,no,YES,yes,yes,Incorrect,0.3735
semantic,21,dev_3173,no,"Yes, a private equity fund is a type of financial institution. It is a",yes,yes,Incorrect,0.9017999999999999
semantic,21,dev_3183,no,YES,yes,yes,Incorrect,0.3634
semantic,21,dev_3187,yes,Yes,yes,yes,Correct,0.32839999999999997
semantic,21,dev_3204,no,Yes. The fundus of the gallbladder is located near the c,yes,yes,Incorrect,0.9063
semantic,21,dev_3212,yes,"Yes, a physical address is the same as a MAC address. The physical address",yes,yes,Correct,0.895
semantic,21,dev_3221,no,"NO, pool water does not change color if you pee in it. The",no,no,Correct,0.9017999999999999
semantic,21,dev_3231,yes,"NO, the standard error is not the same as the standard deviation. While",no,no,Incorrect,0.8997999999999999
semantic,21,dev_3232,yes,"NO, corn starch and corn flour are not the same. Corn starch",no,no,Incorrect,0.9107999999999999
semantic,21,dev_3238,yes,"NO, the non-striker cannot be run out by the bowler.",no,no,Incorrect,0.9021
semantic,21,dev_3239,yes,"NO, the Conn Smythe Trophy is awarded to the most valuable",no,no,Incorrect,0.9195
semantic,21,dev_3241,yes,YES,yes,yes,Correct,0.36369999999999997
semantic,21,dev_3242,yes,YES,yes,yes,Correct,0.3668
semantic,21,dev_0031,yes,YES,yes,yes,Correct,0.37289999999999995
semantic,21,dev_0148,yes,"YES, Sméagol (Gollum) dies in 'The",yes,yes,Correct,0.898
semantic,21,dev_0178,yes,YES,yes,yes,Correct,0.3678
semantic,21,dev_0410,yes,YES,yes,yes,Correct,0.36610000000000004
semantic,21,dev_0419,yes,YES,yes,yes,Correct,0.36619999999999997
semantic,21,dev_0448,yes,YES,yes,yes,Correct,0.3845
semantic,21,dev_0224,no,"NO, 'The Outsiders' is not based on a true story.",no,no,Correct,0.9073
semantic,21,dev_0317,no,I don't know. While some people may naturally have a greater ability to,i,idk,IDK,0.9066000000000001
semantic,21,dev_0368,no,"NO, The Color Purple is a work of fiction, although it draws on",no,no,Correct,0.9061
semantic,21,dev_0507,no,I don't know. The answer may vary depending on the specific adaptation or,i,idk,IDK,0.9083
semantic,21,dev_0603,no,"NO, the Seven Ages of Man is not a sonnet. It is",no,no,Correct,0.9007999999999999
semantic,21,dev_0938,no,"NO, ""House of the Rising Sun"" is not about Vietnam.",no,no,Correct,0.9045
semantic,21,dev_0076,yes,I don't know. The question is not specific enough to provide an accurate,i,idk,IDK,0.9195
semantic,21,dev_0459,yes,"Yes, it matters which DNA strand is transcribed. The template strand",yes,yes,Correct,0.8997
semantic,21,dev_0502,yes,"NO, a kingsnake is not immune to rattlesnake ven",no,no,Incorrect,0.9008999999999999
semantic,21,dev_0580,yes,"NO, female and male blue jays do not look the same. Female",no,no,Incorrect,0.9023
semantic,21,dev_1089,yes,"Yes, it is possible to remove the venom glands from a snake,",yes,yes,Correct,0.9041
semantic,21,dev_1153,yes,"NO, Melaleuca and tea tree are not the same thing. While",no,no,Incorrect,0.9056000000000001
semantic,21,dev_1315,yes,I don't know. The strength of intermolecular forces depends on,i,idk,IDK,0.9366
semantic,21,dev_1482,yes,"NO, muscle fibers are made up of multiple muscle cells, also known as",no,no,Incorrect,0.9067000000000001
semantic,21,dev_1568,yes,"No, a vulture is not the same as a buzzard. Vult",no,no,Incorrect,0.9044
semantic,21,dev_1968,yes,"NO, a turtle is not the same as a tortoise. T",no,no,Incorrect,0.8981
semantic,21,dev_2223,yes,I don't know. While the Turritopsis dohrnii j,i,idk,IDK,0.9198
semantic,21,dev_2420,yes,"I don't know. The term ""rain crow"" is not a",i,idk,IDK,0.9191
semantic,21,dev_2882,yes,"NO, redback spiders (Latrodectus hasselti)",no,no,Incorrect,0.9072
semantic,21,dev_2899,yes,"YES, Dalmatians can continue to develop more spots as they grow,",yes,yes,Correct,0.9152
semantic,21,dev_2910,yes,"NO, taro root is not the same as elephant ears. Elephant",no,no,Incorrect,0.8987999999999999
semantic,21,dev_0713,no,"YES, a cow does not have to be pregnant to lactate.",yes,yes,Incorrect,0.8997999999999999
semantic,21,dev_0816,no,"NO, the spinal cord and vertebral column are not the same",no,no,Correct,0.908
semantic,21,dev_0911,no,"NO, the ring finger does not connect directly to the heart. The miscon",no,no,Correct,0.9018999999999999
semantic,21,dev_0997,no,"NO, surgical spirit and rubbing alcohol are not the same thing. S",no,no,Correct,0.9152
semantic,21,dev_1258,no,"NO, the umbilical cord is not inside the amniotic sac",no,no,Correct,0.9321
semantic,21,dev_1422,no,"Yes, root hairs can occur along the entire length of a root, but",yes,yes,Incorrect,0.9292999999999999
semantic,21,dev_2120,no,YES,yes,yes,Incorrect,0.3634
semantic,21,dev_2353,no,"NO, bees and hornets have different venom. Bees produce a",no,no,Correct,0.9134
semantic,21,dev_2441,no,"YES, it is possible to have a boy and a girl identical twins",yes,yes,Incorrect,0.9004
semantic,21,dev_2087,no,"YES, sperm whales are listed as Endangered on the I",yes,yes,Incorrect,0.8991
semantic,21,dev_2215,no,"NO, the two chromosomes in a pair are not identical. They are",no,no,Correct,0.899
semantic,21,dev_2503,no,"NO, a catbird is not the same as a mockingbird. Although",no,no,Correct,0.9147000000000001
semantic,21,dev_2652,no,YES,yes,yes,Incorrect,0.3648
semantic,21,dev_2850,no,"Yes, there is always a stinger in a bee sting. Be",yes,yes,Incorrect,1.1555
semantic,21,dev_3062,no,"NO, black and yellow garden spiders (Argiope aurantia)",no,no,Correct,0.9014
semantic,21,dev_0400,yes,Yes,yes,yes,Correct,0.327
semantic,21,dev_0432,yes,YES,yes,yes,Correct,0.36719999999999997
semantic,21,dev_0446,yes,"YES, Bi-Mart is a membership retail store that requires customers to have",yes,yes,Correct,0.9014
semantic,21,dev_0455,yes,"YES, the new Indian motorcycles are made in America. Indian Motor",yes,yes,Correct,0.8984
semantic,21,dev_0472,yes,"NO, Toys R Us and Babies R Us are not the same company",no,no,Incorrect,0.9043
semantic,21,dev_0524,yes,"Yes, there are In-N-Out Burger locations in Nevada. The",yes,yes,Correct,0.8982
semantic,21,dev_0767,yes,"YES, the Canadian dollar has been worth more than the American dollar in the",yes,yes,Correct,0.9198
semantic,21,dev_0875,yes,"NO, there are no thousand-dollar bills in circulation in the United States",no,no,Incorrect,0.9157000000000001
semantic,21,dev_0950,yes,YES,yes,yes,Correct,0.3634
semantic,21,dev_1023,yes,"Yes, a mortgage loan originator (MLO) is essentially the same as",yes,yes,Correct,0.9125
semantic,21,dev_1171,yes,YES,yes,yes,Correct,0.3743
semantic,21,dev_1207,yes,YES,yes,yes,Correct,0.36560000000000004
semantic,21,dev_1299,yes,"Yes, net earnings and net income are the same. They both refer to the",yes,yes,Correct,0.898
semantic,21,dev_0157,no,"NO, not all eyeglasses are made by the same company. There",no,no,Correct,0.8964
semantic,21,dev_0371,no,"NO, National and Enterprise car rental are separate brands owned by the same parent company",no,no,Correct,0.9022
semantic,21,dev_0621,no,"YES, it can cost money to get cash back, as some retailers",yes,yes,Incorrect,0.8989
semantic,21,dev_0699,no,"I don't know. As of my last update, Aldi is one",i,idk,IDK,0.8969
semantic,21,dev_0954,no,I don't know. The status of £2 coins in circulation can change,i,idk,IDK,0.8972
semantic,21,dev_1050,no,"NO, White Castle is not only on the East Coast. It originated in",no,no,Correct,0.9117000000000001
semantic,21,dev_1208,no,"NO, there are no Sam's Clubs in Canada. Walmart Canada",no,no,Correct,0.8995
semantic,21,dev_1257,no,I don't know. Home Bargains and Quality Save are both discount,i,idk,IDK,0.9018999999999999
semantic,21,dev_1805,no,"NO, $10,000 bills are no longer in circulation in",no,no,Correct,0.8995
semantic,21,dev_1876,no,"I don't know. As of my last update, Montgomery Ward has",i,idk,IDK,0.9014
semantic,21,dev_2290,no,"Yes, GDP per capita and per capita income are essentially the same",yes,yes,Incorrect,0.9164
semantic,21,dev_2444,no,"No, land tax and property tax are not the same. Land tax is a",no,no,Correct,0.8995
semantic,21,dev_0250,yes,"YES, they celebrate Father's Day in the Netherlands. It is celebrated",yes,yes,Correct,0.9151
semantic,21,dev_0337,yes,"YES, The King's Birthday is a public holiday in Victoria,",yes,yes,Correct,0.8991
semantic,21,dev_0386,yes,"YES, there is a red light district in Brussels, called the",yes,yes,Correct,0.9312999999999999
semantic,21,dev_0591,yes,"YES, Copa Airlines is part of the Star Alliance.",yes,yes,Correct,0.7449
semantic,21,dev_0746,yes,"YES, June 12 is a holiday in the Philippines. It is",yes,yes,Correct,0.8981
semantic,21,dev_0845,yes,Yes.,yes,yes,Correct,0.38630000000000003
semantic,21,dev_0855,yes,YES,yes,yes,Correct,0.36960000000000004
semantic,21,dev_0915,yes,YES,yes,yes,Correct,0.36010000000000003
semantic,21,dev_0945,yes,"Yes, thread seal tape and Teflon tape are the same. Tef",yes,yes,Correct,0.9046000000000001
semantic,21,dev_0021,no,"NO, a P.O. Box comes after the street address in a mail",no,no,Correct,0.8981
semantic,21,dev_0490,no,"NO, American citizens do not need a visa for Georgia for stays of up to",no,no,Correct,0.9031
semantic,21,dev_0581,no,"NO, a peck is not the same as a bushel. A pe",no,no,Correct,0.899
semantic,21,dev_0631,no,"NO, the post office does not run on Memorial Day, as it is a",no,no,Correct,0.9208
semantic,21,dev_0691,no,"YES, you do not need a stamp if it says ""Freep",yes,yes,Incorrect,0.9057000000000001
semantic,21,dev_0783,no,"NO, the Honda CRF 250 is a four-stroke",no,no,Correct,0.9226
semantic,21,dev_0787,no,"YES, the BMW 1 Series is front-wheel drive.",yes,yes,Incorrect,0.8772000000000001
semantic,21,dev_0825,no,"NO, the Waterloo & City line does not run on Sundays.",no,no,Correct,0.9033
semantic,21,dev_0885,no,"YES, UK citizens need a visa for Albania.",yes,yes,Incorrect,0.7691
semantic,21,dev_0089,yes,YES,yes,yes,Correct,0.3645
semantic,21,dev_0095,yes,YES,yes,yes,Correct,0.3613
semantic,21,dev_0211,yes,YES,yes,yes,Correct,0.36469999999999997
semantic,21,dev_0238,yes,"NO, Beau Abbott does not appear in the film ""A Quiet",no,no,Incorrect,0.9287000000000001
semantic,21,dev_0252,yes,YES,yes,yes,Correct,0.3618
semantic,21,dev_0256,yes,"NO, The",no,no,Incorrect,0.9056000000000001
semantic,21,dev_0266,yes,YES,yes,yes,Correct,0.366
semantic,21,dev_0310,yes,I don't know. The payment structure for reality television shows like Surviv,i,idk,IDK,0.8983
semantic,21,dev_0359,yes,YES,yes,yes,Correct,0.3827
semantic,21,dev_0422,yes,"YES, Lucas and Peyton come back to One Tree Hill.",yes,yes,Correct,0.8782000000000001
semantic,21,dev_0040,no,"NO, there is no sequel to the movie ""The Golden Compass.""",no,no,Correct,0.8984
semantic,21,dev_0080,no,"I don't know, as I do not have information on specific film adapt",i,idk,IDK,0.9329
semantic,21,dev_0100,no,"NO, the girl in The Lost World, Cassidy, does not die in",no,no,Correct,0.9017999999999999
semantic,21,dev_0240,no,"NO, The Walking Dead and Fear the Walking Dead are two separate",no,no,Correct,0.9136
semantic,21,dev_0247,no,"I don't know. The film ""Let There Be Light"" is a",i,idk,IDK,0.8991
semantic,21,dev_0260,no,"NO, they did not use a real gorilla in Mighty Joe Young",no,no,Correct,0.8964
semantic,21,dev_0277,no,YES,yes,yes,Incorrect,0.3683
semantic,21,dev_0290,no,I don't know. The Vampire Diaries is a television series,i,idk,IDK,0.9007000000000001
semantic,21,dev_0303,no,"NO, Arizona did not die in season 8 of Grey's Anat",no,no,Correct,0.9038999999999999
semantic,21,dev_0231,yes,"YES, Penne alla vodka contains dairy, as it is made",yes,yes,Correct,0.9405
semantic,21,dev_0401,yes,"NO, whole wheat rice is not the same as brown rice. Whole wheat",no,no,Incorrect,0.9096000000000001
semantic,21,dev_0420,yes,"NO, red velvet cake is not chocolate cake with red dye. It",no,no,Incorrect,0.9008999999999999
semantic,21,dev_0571,yes,"NO, Chicken cordon bleu is not made with blue cheese. It",no,no,Incorrect,0.8981
semantic,21,dev_0583,yes,"NO, pork back ribs are not the same as baby back ribs",no,no,Incorrect,0.9088999999999999
semantic,21,dev_0765,yes,"YES, salted duck eggs need to be cooked before consumption. The cooking",yes,yes,Correct,2.2545
semantic,21,dev_0778,yes,"YES, a cookie sheet is the same as a sheet pan. Both terms",yes,yes,Correct,0.9147000000000001
semantic,21,dev_0815,yes,"Yes, Sprite contains both lemon and lime flavors.",yes,yes,Correct,0.7923
semantic,21,dev_0073,no,"NO, blue and pink cotton candy do not taste the same. Blue cotton candy",no,no,Correct,0.9312
semantic,21,dev_0491,no,"NO, picante sauce and taco sauce are not the same. P",no,no,Correct,0.9021
semantic,21,dev_0615,no,"NO, rice noodles and glass noodles are not the same.",no,no,Correct,0.9021
semantic,21,dev_0868,no,"NO, Fruit Roll-Ups are not made with real fruit. They",no,no,Correct,0.9036000000000001
semantic,21,dev_0880,no,"NO, Thousand Island dressing and French dressing are not the same. Th",no,no,Correct,0.9037000000000001
semantic,21,dev_0953,no,"NO, Monster energy drinks do not have alcohol in them. They are non",no,no,Correct,0.9036000000000001
semantic,21,dev_0985,no,"NO, Long Island Iced Teas do not have tea in them. The",no,no,Correct,0.9016000000000001
semantic,21,dev_0136,yes,Yes.,yes,yes,Correct,0.36360000000000003
semantic,21,dev_0367,yes,"YES, Devil May Cry 5 is set after Devil May Cry",yes,yes,Correct,0.9108999999999999
semantic,21,dev_0618,yes,"YES, Dying Light: The Following Enhanced Edition includes the original",yes,yes,Correct,0.9086000000000001
semantic,21,dev_0720,yes,"YES, State of Decay is co-op on Xbox One.",yes,yes,Correct,0.8593999999999999
semantic,21,dev_0770,yes,I don't know. The numbers on a roulette wheel do not necessarily,i,idk,IDK,0.8994
semantic,21,dev_0835,yes,"YES, Pokémon Let's Go Pikachu and Let",yes,yes,Correct,0.8967
semantic,21,dev_0896,yes,"YES, Naruto Ultimate Ninja Storm has a story mode.",yes,yes,Correct,0.8607
semantic,21,dev_0434,no,"NO, not all Xbox games are compatible with the Xbox One. Some Xbox games",no,no,Correct,0.8995
semantic,21,dev_0489,no,"YES, the Far Cry games are connected, as they share the same universe",yes,yes,Incorrect,0.9043
semantic,21,dev_0852,no,"YES, you can play Phase 10 with 7 players. The",yes,yes,Incorrect,0.9047999999999999
semantic,21,dev_0870,no,"YES, a Paladin in Dungeons & Dragons typically ad",yes,yes,Incorrect,0.9288
semantic,21,dev_1148,no,"NO, RollerCoaster Tycoon World is not available for Mac.",no,no,Correct,0.8996000000000001
semantic,21,dev_2595,no,"NO, A Way Out is not a single-player game. It is a",no,no,Correct,0.9026000000000001
semantic,21,dev_0281,yes,YES,yes,yes,Correct,0.3693
semantic,21,dev_0528,yes,YES,yes,yes,Correct,0.36960000000000004
semantic,21,dev_0547,yes,YES,yes,yes,Correct,0.386
semantic,21,dev_0623,yes,I don't know. The George Washington Bridge is a double-decked,i,idk,IDK,0.9081
semantic,21,dev_0626,yes,YES,yes,yes,Correct,0.3683
semantic,21,dev_0686,yes,"NO, Edinburgh Castle is not built on top of a volcano. It",no,no,Incorrect,0.8991
semantic,21,dev_0822,yes,"I don't know. Marble Falls, TX is a city located in",i,idk,IDK,1.1395
semantic,21,dev_1210,yes,I don't know. The question does not specify the location of Caesar,i,idk,IDK,0.916
semantic,21,dev_0374,no,"NO, San Pedro, Laguna is not part of Metro Manila. It",no,no,Correct,0.9024
semantic,21,dev_0900,no,"NO, Fort Walton Beach and Destin are two separate cities located along the",no,no,Correct,0.8973
semantic,21,dev_0913,no,"NO, there is no real-life location called Porpoise Spit in",no,no,Correct,0.9061
semantic,21,dev_1234,no,"No, there is no Gulf Stream in the Pacific. The Kuroshio",no,no,Correct,0.9245
semantic,21,dev_1360,no,"NO, there is no lake in Lake Hiawatha, NJ",no,no,Correct,0.9017999999999999
semantic,21,dev_1544,no,I don't know. The status of I-30 in Dallas regarding,i,idk,IDK,0.8944
semantic,21,dev_1588,no,"NO, Lake George is a natural lake.",no,no,Correct,0.6514
semantic,21,dev_0344,yes,I don't know. The development of immunity to arsenic is,i,idk,IDK,0.9051
semantic,21,dev_0379,yes,"Yes, New England Baptist Hospital is a teaching hospital. It is affiliated",yes,yes,Correct,0.8961
semantic,21,dev_0474,yes,I don't know. It would be best to check the specific product',i,idk,IDK,0.9204
semantic,21,dev_0614,yes,I don't know. The effectiveness of a cold water bath versus an ice,i,idk,IDK,0.9182
semantic,21,dev_0655,yes,"Yes, a hiatal hernia can potentially cause an irregular heartbeat,",yes,yes,Correct,0.8972
semantic,21,dev_1195,yes,"YES, but it is extremely rare and requires immediate medical attention. The blue",yes,yes,Correct,0.9345
semantic,21,dev_1197,yes,"NO, an ectopic pregnancy cannot be carried to term as the fertil",no,no,Incorrect,0.9185
semantic,21,dev_1313,yes,"No, relative risk and risk ratio are not the same. Relative risk comp",no,no,Incorrect,0.8997999999999999
semantic,21,dev_1564,yes,"NO, PCP and angel dust are not the same thing. While they are",no,no,Incorrect,0.915
semantic,21,dev_0078,no,"Yes, there is a right and left brachiocephalic ar",yes,yes,Incorrect,0.9184
semantic,21,dev_0166,no,"YES, that is a common interpretation of the 'five-a-day",yes,yes,Incorrect,0.9064
semantic,21,dev_0851,no,"YES, attending a first aid course is part of the chain of survival.",yes,yes,Incorrect,0.8962
semantic,21,dev_0861,no,"Yes, a junctional rhythm does have a P wave, but it is",yes,yes,Incorrect,0.9152
semantic,21,dev_0872,no,I don't know. The severity of a burn is not determined solely,i,idk,IDK,0.9312999999999999
semantic,21,dev_1554,no,I don't know. The concept of chronic Lyme disease is a subject,i,idk,IDK,0.9111
semantic,21,dev_1719,no,"Yes, extended release and sustained release are often used interchangeably to refer to",yes,yes,Incorrect,0.902
semantic,21,dev_1991,no,"NO, it is not true that the ring finger is connected to the heart.",no,no,Correct,0.9105
semantic,21,dev_2115,no,I don't know. The health implications of being a sumo wrestler,i,idk,IDK,0.897
semantic,21,dev_0105,yes,"Yes, there was a draft during the Revolutionary War, but it was not",yes,yes,Correct,0.8951
semantic,21,dev_0125,yes,"NO, there were no known survivors of the Pompeii eruption.",no,no,Incorrect,0.9377000000000001
semantic,21,dev_0191,yes,Yes. The Tomb of the Unknown Soldier contains the remains of an,yes,yes,Correct,0.8997
semantic,21,dev_1292,yes,YES,yes,yes,Correct,0.3638
semantic,21,dev_1338,yes,"NO, it did not rain oil during the Gulf War. The oil fires produced",no,no,Incorrect,0.9153
semantic,21,dev_0388,no,"YES, integration was generally the rule in the northern states, although there were",yes,yes,Incorrect,0.8987
semantic,21,dev_0703,no,I don't know. The Peacock Throne was a famous,i,idk,IDK,0.9021
semantic,21,dev_0833,no,I don't know. The recovery of bodies from the Edmund Fitzger,i,idk,IDK,0.9028999999999999
semantic,21,dev_0874,no,I don't know. The question is about the Alcatraz prison escape,i,idk,IDK,0.9165
semantic,21,dev_1651,no,"YES, there are still tin mines operating in Cornwall, although the industry",yes,yes,Incorrect,0.8986000000000001
semantic,21,dev_0072,yes,"No, you do not need a Possession and Acquisition License (P",no,no,Incorrect,0.8939
semantic,21,dev_0258,yes,"NO, as of 2021, the sale of alcohol in Wisconsin",no,no,Incorrect,0.9087000000000001
semantic,21,dev_0286,yes,YES,yes,yes,Correct,0.36510000000000004
semantic,21,dev_0348,yes,"NO, you cannot own a skunk in the UK as it is not listed",no,no,Incorrect,0.9062
semantic,21,dev_0467,yes,"Yes, a certification of birth is the same as a birth certificate. It is",yes,yes,Correct,0.9011
semantic,21,dev_0515,yes,"I don't know. In general, a restraining order is a civil",i,idk,IDK,0.9176
semantic,21,dev_0562,yes,I don't know. The validity of Texas concealed carry permits,i,idk,IDK,0.9248999999999999
semantic,21,dev_0636,yes,"NO, in California, you generally need a concealed carry permit to carry a",no,no,Incorrect,0.9155
semantic,21,dev_0740,yes,YES,yes,yes,Correct,0.37210000000000004
semantic,21,dev_0838,yes,"YES, you can turn right on a red light in Quebec, but only",yes,yes,Correct,0.9167000000000001
semantic,21,dev_0864,yes,"YES, you can open carry in the state of Ohio, but there are",yes,yes,Correct,0.9133
semantic,21,dev_0873,yes,"Yes. However, the driver must be accompanied by a supervising driver who",yes,yes,Correct,0.9011
semantic,21,dev_0901,yes,"Yes, it is generally illegal to drive over a median, as it is designed",yes,yes,Correct,0.902
semantic,21,dev_0909,yes,I don't know. The use of an X as a signature can be,i,idk,IDK,0.9066000000000001
semantic,21,dev_1134,yes,"YES, New York State is a common law state.",yes,yes,Correct,0.7445
semantic,21,dev_0198,no,YES,yes,yes,Incorrect,0.36910000000000004
semantic,21,dev_0215,no,I don't know. The operating hours for liquor stores on Memorial Day,i,idk,IDK,0.8712000000000001
semantic,21,dev_0223,no,"NO, it is not illegal to record covers of songs, but it is important",no,no,Correct,0.9025
semantic,21,dev_0234,no,I don't know. The answer depends on the jurisdiction and the existence,i,idk,IDK,0.9207000000000001
semantic,21,dev_0272,no,I don't know. The Taconic State Parkway has certain restrictions,i,idk,IDK,0.8987999999999999
semantic,21,dev_0453,no,"NO, there are no states in the United States where you can marry your sib",no,no,Correct,0.9102
semantic,21,dev_0499,no,"NO, a Puerto Rican resident cannot vote for president because Puerto Rico is an",no,no,Correct,0.9016000000000001
semantic,21,dev_0552,no,"NO, inmates are generally not allowed to have their own phones in prison.",no,no,Correct,0.9014
semantic,21,dev_0680,no,YES,yes,yes,Incorrect,0.36560000000000004
semantic,21,dev_0738,no,"YES, Taiwan is a member of the Paris Convention.",yes,yes,Incorrect,0.7531
semantic,21,dev_0771,no,"In the United States, payola (the practice of paying for airplay)",in,other,NC,0.8996000000000001
semantic,21,dev_0888,no,"NO, no Supreme Court justice has ever been removed from office through the impe",no,no,Correct,0.9295
semantic,21,dev_1135,no,"NO, a certified copy is not the same as an original in the UK.",no,no,Correct,0.8983
semantic,21,dev_1188,no,"NO, a dishonorable discharge from the military can result in the loss",no,no,Correct,0.9034
semantic,21,dev_0339,yes,I don't know. The specific requirements for entering Canada with a military ID,i,idk,IDK,0.9469
semantic,21,dev_0357,yes,I don't know. The requirement to complete the American Community Survey depends on,i,idk,IDK,0.8596
semantic,21,dev_0498,yes,YES,yes,yes,Correct,0.36669999999999997
semantic,21,dev_0620,yes,"Yes. The United Nations has intervened in several conflicts involving Pakistan, including the",yes,yes,Correct,0.8954
semantic,21,dev_0878,yes,"YES, in the context of federal systems, the national government and the federal",yes,yes,Correct,0.9073
semantic,21,dev_1864,yes,YES,yes,yes,Correct,0.385
semantic,21,dev_2080,yes,YES,yes,yes,Correct,0.3807
semantic,21,dev_2395,yes,"NO, the Governor-General does not have to sign all bills passed by federal",no,no,Incorrect,0.9165
semantic,21,dev_2639,yes,"YES, Canada is a member of the United Nations",yes,yes,Correct,0.8713
semantic,21,dev_3155,yes,I don't know. The eligibility for overseas service bars for Korea,i,idk,IDK,0.8906000000000001
semantic,21,dev_3209,yes,"NO, attending the United States Naval Academy does not automatically make someone a member of",no,no,Incorrect,0.9007999999999999
semantic,21,dev_0209,no,"NO, Israel is not part of the European Economic Area (EEA). The",no,no,Correct,0.8983
semantic,21,dev_0273,no,"YES, you have to pay tolls both ways on the George Washington Bridge",yes,yes,Incorrect,0.9052
semantic,21,dev_0404,no,YES,yes,yes,Incorrect,0.3707
semantic,21,dev_0567,no,"NO, Romania is not part of the Visa Waiver Program.",no,no,Correct,0.898
semantic,21,dev_0675,no,"Yes, Saudi Arabia has signed the Universal Declaration of",yes,yes,Incorrect,0.9102
semantic,21,dev_1172,no,"NO, Turkey is not currently a part of the European Union. It is a",no,no,Correct,0.899
semantic,21,dev_1275,no,I don't know. The policy on wearing state awards on active duty can,i,idk,IDK,0.9117999999999999
semantic,21,dev_1971,no,"NO, Bosnia and Herzegovina is not part of the European Union",no,no,Correct,0.9075
semantic,21,dev_2001,no,"NO, the President does not have the authority to pardon someone convicted of a",no,no,Correct,0.9091
semantic,21,dev_3004,no,"NO, the Right to Buy scheme was introduced in the UK in 19",no,no,Correct,0.9026000000000001
semantic,21,dev_3256,no,"NO, there is not a camera on all traffic lights. While some intersections",no,no,Correct,0.8946000000000001
semantic,21,dev_1132,yes,"NO, pink quartz is not the same as rose quartz. While they",no,no,Incorrect,0.8967999999999999
semantic,21,dev_1233,yes,"NO, temperature does not remain constant in an adiabatic process. An",no,no,Incorrect,2.2535
semantic,21,dev_1511,yes,"NO, the heat index and RealFeel are not the same. While both",no,no,Incorrect,0.9097000000000001
semantic,21,dev_1633,yes,"NO, nail acetone and paint acetone are not the same.",no,no,Incorrect,0.9204
semantic,21,dev_2007,yes,"No, Liquefied Petroleum Gas (LPG) is not",no,no,Incorrect,0.9178
semantic,21,dev_2214,yes,"I don't know. The term ""dry water"" is not a",i,idk,IDK,0.9267000000000001
semantic,21,dev_2239,yes,YES,yes,yes,Correct,0.3634
semantic,21,dev_2299,yes,"NO, it cannot rain if there are no clouds. Rain requires the presence of",no,no,Incorrect,0.9054
semantic,21,dev_2303,yes,YES,yes,yes,Correct,0.38339999999999996
semantic,21,dev_2477,yes,YES,yes,yes,Correct,0.36619999999999997
semantic,21,dev_2993,yes,"NO, eidetic memory and photographic memory are not the same. E",no,no,Incorrect,0.895
semantic,21,dev_3126,yes,"Yes, there is such a thing as an upside-down rainbow,",yes,yes,Correct,0.8993
semantic,21,dev_3188,yes,"NO, a turkey vulture is not the same as a buzzard.",no,no,Incorrect,0.8962
semantic,21,dev_3193,yes,"YES, the Georgia Aquarium does have whale sharks.",yes,yes,Correct,0.8239
semantic,21,dev_3234,yes,"NO, a rhombus is not the same as a diamond. A rh",no,no,Incorrect,0.902
semantic,21,dev_3265,yes,I don't know. The Titius-Bode rule is a mathematical,i,idk,IDK,0.9572
semantic,21,dev_0001,no,I don't know. The energy return on investment (EROI) of,i,idk,IDK,0.9201
semantic,21,dev_0579,no,"NO, you cannot hear the ocean in a seashell. The sound you hear",no,no,Correct,0.8987
semantic,21,dev_1003,no,Yes,yes,yes,Incorrect,0.3301
semantic,21,dev_1483,no,"No, a meter stick and a yardstick are not the same. A meter",no,no,Correct,0.9028999999999999
semantic,21,dev_1551,no,"YES, Australia is part of the Ring of Fire, although it is not",yes,yes,Incorrect,0.8981
semantic,21,dev_1702,no,"NO, a Pterodactylus is a specific genus of pter",no,no,Correct,0.9194
semantic,21,dev_1925,no,"NO, percent difference and percent change are not the same. Percent difference refers",no,no,Correct,0.9047000000000001
semantic,21,dev_2025,no,"NO, the load is not the pivot point of a lever. The p",no,no,Correct,0.9011
semantic,21,dev_2312,no,"NO, turpentine and white spirit are not the same thing. While they",no,no,Correct,0.8984
semantic,21,dev_2471,no,YES,yes,yes,Incorrect,0.3645
semantic,21,dev_2521,no,"NO, the t-distribution does not have a standard deviation of",no,no,Correct,0.9231
semantic,21,dev_2782,no,"Yes, the hydronium ion (H3O+) and hydrogen",yes,yes,Incorrect,0.9277000000000001
semantic,21,dev_2812,no,"YES, it is generally saltier at the bottom of the ocean because the",yes,yes,Incorrect,0.8936000000000001
semantic,21,dev_3014,no,"YES, the days get longer and shorter at the Equator, just like",yes,yes,Incorrect,0.8989
semantic,21,dev_3034,no,I don't know. Hydraulic lime and hydr,i,idk,IDK,0.9001
semantic,21,dev_3159,no,"No, a chipmunk is not the same as a ground squirrel",no,no,Correct,0.9204
semantic,21,dev_3190,no,"NO, Mahi-Mahi and Ahi Tuna are not the",no,no,Correct,0.9226
semantic,21,dev_0682,yes,"Yes, a sermon and a homily are often used interchangeably",yes,yes,Correct,2.253
semantic,21,dev_0735,yes,YES,yes,yes,Correct,0.3649
semantic,21,dev_1505,yes,"YES, the University of St. Thomas is a nonprofit institution.",yes,yes,Correct,0.8598
semantic,21,dev_1668,yes,YES,yes,yes,Correct,0.38389999999999996
semantic,21,dev_2373,yes,"NO, 'Lord of All Hopefulness' is not traditionally considered a",no,no,Incorrect,0.9077999999999999
semantic,21,dev_2793,yes,"YES, Eastern Kentucky University is a Division 1 school. It is a",yes,yes,Correct,0.8973
semantic,21,dev_2929,yes,"NO, child psychology and developmental psychology are not the same. Child psychology focuses",no,no,Incorrect,0.8974
semantic,21,dev_0605,no,"NO, you do not have to be a Mormon to go to Br",no,no,Correct,0.9065
semantic,21,dev_0908,no,"I don't know. To find the answer, you can visit the American",i,idk,IDK,0.9037999999999999
semantic,21,dev_1388,no,"NO, UCL (University College London) is a constituent college of",no,no,Correct,0.899
semantic,21,dev_1521,no,I don't know. While Sweden provides financial assistance to students in the form,i,idk,IDK,0.9245
semantic,21,dev_2334,no,"NO, the Book of Jasher is not in the Bible. It is",no,no,Correct,0.905
semantic,21,dev_2641,no,I don't know. The use of hyphens in double-barrel,i,idk,IDK,0.8993
semantic,21,dev_0347,yes,"YES, the Women's College World Series is a double-elim",yes,yes,Correct,0.8955
semantic,21,dev_0411,yes,I don't know. The Redskins' defensive scheme can change from,i,idk,IDK,0.9275
semantic,21,dev_0439,yes,YES,yes,yes,Correct,0.38039999999999996
semantic,21,dev_0452,yes,YES,yes,yes,Correct,0.3649
semantic,21,dev_0585,yes,YES,yes,yes,Correct,0.3718
semantic,21,dev_0656,yes,"NO, Kaká did not play in the 2002 World",no,no,Incorrect,0.8967999999999999
semantic,21,dev_0661,yes,Yes. The KSI vs. Logan Paul fight was a pay-per-,yes,yes,Correct,0.9041
semantic,21,dev_0701,yes,YES,yes,yes,Correct,0.3718
semantic,21,dev_0704,yes,YES,yes,yes,Correct,0.3842
semantic,21,dev_0752,yes,"NO, there is no mercy rule in professional soccer. The game continues until the",no,no,Incorrect,0.9083
semantic,21,dev_0848,yes,"YES, you can sign free agents outside the transfer window. Free agents are",yes,yes,Correct,0.898
semantic,21,dev_0883,yes,"YES, a team has come back from a 3–1 series def",yes,yes,Correct,0.9054
semantic,21,dev_1143,yes,YES,yes,yes,Correct,0.36360000000000003
semantic,21,dev_1305,yes,"NO, a school cannot be Division I and II at the same time. They",no,no,Incorrect,0.9011
semantic,21,dev_1497,yes,YES,yes,yes,Correct,0.37989999999999996
semantic,21,dev_1777,yes,I don't know. The answer may vary depending on the specific league rules,i,idk,IDK,0.9
semantic,21,dev_2250,yes,"YES, Poland qualified for the 2018 FIFA World Cup.",yes,yes,Correct,0.8977
semantic,21,dev_2370,yes,"YES, Ireland has beaten the Wallabies in Australia. The first victory",yes,yes,Correct,0.9064
semantic,21,dev_0083,no,"NO, there is no tiebreaker in the final set at Wimbled",no,no,Correct,0.9032
semantic,21,dev_0085,no,"NO, Deion Sanders never won a World Series as a baseball player.",no,no,Correct,0.9331
semantic,21,dev_0170,no,"NO, the Czech Republic has not won the FIFA World Cup yet.",no,no,Correct,0.8438
semantic,21,dev_0230,no,"YES, in Little League, a runner can advance on a dropped third strike",yes,yes,Incorrect,0.8963
semantic,21,dev_0412,no,"NO, the Miami Dolphins do not have a real dolphin in",no,no,Correct,0.8967999999999999
semantic,21,dev_0421,no,"NO, penalty shoot-out goals do not count in the Golden Boot. The",no,no,Correct,0.8974
semantic,21,dev_0447,no,"YES, Panama has qualified for the World Cup. They made their first",yes,yes,Incorrect,0.8612000000000001
semantic,21,dev_0544,no,I don't know. Trinity Forest Golf Club is a private course that,i,idk,IDK,0.9045
semantic,21,dev_0565,no,"NO, walks are not included in the calculation of batting average. Batting",no,no,Correct,0.8991
semantic,21,dev_0589,no,"NO, it is not goaltending if the ball hits the backboard below",no,no,Correct,0.9025
semantic,21,dev_0593,no,"NO, the FIFA World Cup trophy is not kept by the winning team.",no,no,Correct,0.8966000000000001
semantic,21,dev_0859,no,"NO, the U.S. Open is not played on the same course every",no,no,Correct,0.8991
semantic,21,dev_0865,no,"NO, the San Jose Sharks have not won a Stanley Cup.",no,no,Correct,0.8275
semantic,21,dev_1518,no,YES,yes,yes,Incorrect,0.36719999999999997
semantic,21,dev_1768,no,YES,yes,yes,Incorrect,0.3831
semantic,21,dev_1779,no,"NO, India did not qualify for the 2018 FIFA World Cup",no,no,Correct,0.9245
semantic,21,dev_1905,no,"NO, a player cannot be offside directly from a goal kick. The oppos",no,no,Correct,0.9093
semantic,21,dev_2156,no,YES,yes,yes,Incorrect,0.367
semantic,21,dev_2158,no,YES,yes,yes,Incorrect,0.3738
semantic,21,dev_2798,no,"NO, the Super Bowl loser does not receive a ring. Only the winning",no,no,Correct,0.8961
semantic,21,dev_3138,no,"NO, the Olympic gold medal is actually made of silver. The gold color comes",no,no,Correct,0.9124
semantic,21,dev_0307,yes,"NO, 700c tires are not compatible with a 29",no,no,Incorrect,0.8981
semantic,21,dev_0506,yes,"Yes, drywall mud and joint compound are essentially the same thing. They are",yes,yes,Correct,0.8974
semantic,21,dev_0641,yes,I don't know. The interchangeability of parts between the Maver,i,idk,IDK,0.9138
semantic,21,dev_0844,yes,I don't know. It would depend on the specific infrastructure agreements between Bell,i,idk,IDK,0.9025
semantic,21,dev_1032,yes,"YES, 1-844 is toll-free in Canada.",yes,yes,Correct,0.9195
semantic,21,dev_1574,yes,YES,yes,yes,Correct,0.3803
semantic,21,dev_1889,yes,"NO, the Mazda Tribute and Ford Escape are not essentially the same",no,no,Incorrect,0.9081
semantic,21,dev_2093,yes,"YES, you can call the police without a SIM card, but the",yes,yes,Correct,0.9238999999999999
semantic,21,dev_2213,yes,"YES, U.S. toll-free numbers are free to call in",yes,yes,Correct,0.8989
semantic,21,dev_2735,yes,"YES, pipelining can help reduce the latency of a single task",yes,yes,Correct,0.8987
semantic,21,dev_2836,yes,"NO, the F-4 Phantom is no longer in active service with",no,no,Incorrect,0.8997
semantic,21,dev_0788,no,"NO, MiniDV tapes are not the same as 8mm t",no,no,Correct,0.9367000000000001
semantic,21,dev_0798,no,"NO, area code 669 is not a toll-free number.",no,no,Correct,0.906
semantic,21,dev_1249,no,"NO, C++ strings do not need to be null-terminated, as",no,no,Correct,0.9218
semantic,21,dev_1458,no,"NO, powered speakers do not need an external amplifier because they have built-",no,no,Correct,0.899
semantic,21,dev_1584,no,"NO, there is no GMC version of the Chevrolet Aval",no,no,Correct,0.9207000000000001
semantic,21,dev_1589,no,"NO, a SIM-free phone does not lock to a network. It",no,no,Correct,0.8971
semantic,21,dev_1657,no,"NO, the first iPhone (iPhone 2G) did not have a",no,no,Correct,0.9022
semantic,21,dev_1691,no,"No, response time and input lag are not the same. Response time refers to",no,no,Correct,0.8969
semantic,21,dev_1943,no,Yes.,yes,yes,Incorrect,0.3664
semantic,21,dev_2682,no,I don't know. E-ZPass and EZ TAG are,i,idk,IDK,0.8986000000000001
semantic,21,dev_2712,no,I don't know. The A23 and N batteries are similar in,i,idk,IDK,0.919
semantic,21,dev_0427,no,"NO, The Barber of Seville is an opera by Gioachino",no,no,Correct,0.9035
semantic,21,dev_0531,no,"NO, Smaug is not the only dragon in Middle-earth. There",no,no,Correct,0.9168
semantic,21,dev_1915,no,"NO, ""The Hunchback of Notre-Dame"" is a",no,no,Correct,0.9038999999999999
semantic,21,dev_1946,no,"NO, Snake Eyes and Storm Shadow are not the same person. They",no,no,Correct,0.9161
semantic,21,dev_2024,no,YES,yes,yes,Incorrect,0.3615
semantic,21,dev_2265,no,"NO, G major and E minor are not the same. They are relative keys",no,no,Correct,0.9084
semantic,21,dev_0004,yes,"NO, Harry Potter and the Escape from Gringotts is not",no,no,Incorrect,0.9105
semantic,21,dev_0241,yes,YES,yes,yes,Correct,0.3625
semantic,21,dev_0326,yes,YES,yes,yes,Correct,0.36619999999999997
semantic,21,dev_0525,yes,"YES, Queen had several number-one hits in the UK and the US",yes,yes,Correct,0.9007999999999999
semantic,21,dev_0577,yes,YES,yes,yes,Correct,0.3648
semantic,21,dev_0799,yes,"YES, contestants on Jeopardy! receive the money they win",yes,yes,Correct,0.9021
semantic,21,dev_0142,no,"NO, denatured alcohol and acetone are not the same thing.",no,no,Correct,0.8992
semantic,21,dev_0494,no,"No, fitness and survival do not have the same meaning. Fitness refers to",no,no,Correct,0.8994
semantic,21,dev_0527,no,"NO, HeLa cells are aneuploid and have an abnormal number",no,no,Correct,0.9148
semantic,21,dev_0566,no,"NO, not all bacteria of a single species are the exact same shape. B",no,no,Correct,1.1401
semantic,21,dev_0648,no,"NO, evergreen trees do not lose their leaves in the winter. They retain",no,no,Correct,0.9259
semantic,21,dev_0668,no,"NO, Red-eared sliders are freshwater turtles and cannot",no,no,Correct,0.8989
semantic,21,dev_0749,no,"NO, sensory neurons are part of the peripheral nervous system. They",no,no,Correct,0.9242
semantic,21,dev_0790,no,"NO, great white sharks do not live at the bottom of the sea.",no,no,Correct,0.8963
semantic,21,dev_0867,no,"NO, the same genotype does not always result in the same phenotype due",no,no,Correct,0.9057999999999999
semantic,21,dev_0921,no,"NO, you cannot get eaten by a whale shark. Whale sh",no,no,Correct,0.9037000000000001
semantic,21,dev_1088,no,"NO, rabbits and cats belong to different species and cannot produce viable offspring",no,no,Correct,0.9067999999999999
semantic,21,dev_1329,no,"NO, there is no bone in the earlobe. The earlobe",no,no,Correct,0.9165
semantic,21,dev_1402,no,"NO, tissue is not composed of one type of cell. Tissues are composed",no,no,Correct,0.9047999999999999
semantic,21,dev_1428,no,"NO, sweat glands are not part of the lymphatic system.",no,no,Correct,0.9013
semantic,21,dev_1439,no,"NO, a groundhog and a mole are not the same thing. A",no,no,Correct,0.9064
semantic,21,dev_0020,yes,YES,yes,yes,Correct,0.36619999999999997
semantic,21,dev_0027,yes,YES,yes,yes,Correct,0.3723
semantic,21,dev_0047,yes,YES,yes,yes,Correct,0.36219999999999997
semantic,21,dev_0070,yes,"Yes, T. rex and Tyrannosaurus rex are the",yes,yes,Correct,2.2500999999999998
semantic,21,dev_0086,yes,"Yes, a German Shepherd and an Alsatian are the same breed",yes,yes,Correct,0.8996000000000001
semantic,21,dev_0121,yes,"Yes, St. Bernards and Bernese Mountain Dogs are related. Both",yes,yes,Correct,0.9063
semantic,21,dev_0131,yes,"YES, the latent heat of vaporization does change with temperature.",yes,yes,Correct,0.8939
semantic,21,dev_0147,yes,"Yes, the navel and belly button are the same. They refer to the",yes,yes,Correct,0.8985
semantic,21,dev_0159,yes,YES,yes,yes,Correct,0.366
semantic,21,dev_0190,yes,YES,yes,yes,Correct,0.3674
semantic,21,dev_0195,yes,"NO, alligators do not drown their prey and eat it later.",no,no,Incorrect,0.9057000000000001
semantic,21,dev_0200,yes,YES,yes,yes,Correct,0.38730000000000003
semantic,21,dev_0214,yes,YES,yes,yes,Correct,0.368
semantic,21,dev_0242,yes,Yes,yes,yes,Correct,0.32789999999999997
semantic,21,dev_0522,yes,YES,yes,yes,Correct,0.3807
semantic,21,dev_0033,no,"NO, federal income tax and Social Security are not the same. Federal income tax",no,no,Correct,0.9067999999999999
semantic,21,dev_0123,no,"NO, public limited companies (PLCs) are in the public sector,",no,no,Correct,0.8995
semantic,21,dev_0501,no,"NO, Comcast and Time Warner are not the same company. They are two",no,no,Correct,0.9123
semantic,21,dev_0526,no,"NO, Canadian dollars (CAD) are not the same as American dollars (",no,no,Correct,0.9134
semantic,21,dev_1076,no,"No, not only commercial banks can be subject to runs. Other financial institutions,",no,no,Correct,0.9058999999999999
semantic,21,dev_1213,no,"No, discretionary income and disposable income are not the same. Dis",no,no,Correct,0.8927
semantic,21,dev_1654,no,"NO, discouraged workers are not counted in the unemployment rate because they have given",no,no,Correct,0.9117000000000001
semantic,21,dev_1753,no,"NO, Universal Music Group (UMG) and Universal Studios are separate entities,",no,no,Correct,0.902
semantic,21,dev_1825,no,"NO, a bank sort code is not the same for everyone. Each bank and",no,no,Correct,0.8974
semantic,21,dev_2911,no,"NO, the United States has a floating exchange rate.",no,no,Correct,0.7171000000000001
semantic,21,dev_2740,no,"NO, the Better Business Bureau is a non-governmental organization. It",no,no,Correct,0.8984
semantic,21,dev_2517,no,"NO, the Bank of England is not a private company. It is a central",no,no,Correct,0.8971
semantic,21,dev_1139,yes,YES,yes,yes,Correct,0.36819999999999997
semantic,21,dev_0002,yes,"NO, house tax is not the same as property tax. House tax is a",no,no,Incorrect,0.8639
semantic,21,dev_0773,yes,Yes. A company can be public but not listed on a stock exchange if it,yes,yes,Correct,0.899
semantic,21,dev_1186,yes,YES,yes,yes,Correct,0.3633
semantic,21,dev_1302,yes,YES,yes,yes,Correct,0.3675
semantic,21,dev_1349,yes,YES,yes,yes,Correct,0.36610000000000004
semantic,21,dev_1771,yes,"Yes, a news release and a press release are essentially the same thing. The",yes,yes,Correct,0.9026000000000001
semantic,21,dev_1804,yes,"YES, a two-dollar bill does have monetary value. However",yes,yes,Correct,0.9043
semantic,21,dev_1873,yes,YES,yes,yes,Correct,0.38389999999999996
semantic,21,dev_1963,yes,"YES, there is no state-level sales tax in New Hampshire.",yes,yes,Correct,2.2044
semantic,21,dev_2582,yes,"Yes, a profit and loss statement is the same as an income statement. They",yes,yes,Correct,0.8974
semantic,21,dev_2598,yes,"Yes, Hellmann's and Best Foods are the same company. They",yes,yes,Correct,0.9008999999999999
semantic,21,dev_3158,yes,"Yes, there is a direct link between economic development and social development. Economic development",yes,yes,Correct,0.9004
semantic,21,dev_0551,no,"NO, an ounce (oz) and a fluid ounce (fl oz",no,no,Correct,0.9002
semantic,21,dev_1158,no,I don't know. While crossovers and SUVs share,i,idk,IDK,0.9084
semantic,21,dev_1364,no,"NO, a jet engine is an internal combustion engine. The fuel is",no,no,Correct,0.9
semantic,21,dev_1807,no,"NO, 8.5x11 (US Letter) is not the",no,no,Correct,0.9001
semantic,21,dev_2542,no,"NO, Father's Day is celebrated on the third Sunday in June in the",no,no,Correct,0.9013
semantic,21,dev_2562,no,"NO, a ribeye steak is not the same as a Delmon",no,no,Correct,0.9158999999999999
semantic,21,dev_3005,no,"NO, an English Bull Terrier is not a Pit Bull. While they",no,no,Correct,0.9157000000000001
semantic,21,dev_3194,no,"NO, corn chips and tortilla chips are not the same. While both are",no,no,Correct,0.9002
semantic,21,dev_3195,no,"NO, a boarding pass is not the same as a ticket. A board",no,no,Correct,0.8972
semantic,21,dev_0013,yes,"NO, it is not bad to wash your hair with shower gel, but it",no,no,Incorrect,1.0582
semantic,21,dev_0043,yes,YES,yes,yes,Correct,0.3815
semantic,21,dev_0052,yes,YES,yes,yes,Correct,0.3658
semantic,21,dev_0091,yes,"Yes, a tablespoon is generally bigger than a dessert spoon.",yes,yes,Correct,0.8232999999999999
semantic,21,dev_0116,yes,"YES, a father-in-law is considered a relative. He is",yes,yes,Correct,0.8976000000000001
semantic,21,dev_0288,yes,"YES, the UK uses both the 12-hour and 2",yes,yes,Correct,0.9232
semantic,21,dev_0555,yes,"No, ZIP code and postal code are not the same. ZIP",no,no,Incorrect,0.928
semantic,21,dev_0627,yes,"Yes, it is possible to be a ""Sir"" if not British. The",yes,yes,Correct,0.8991
semantic,21,dev_0831,yes,"Yes, a U.S. passport card is a valid form of ID",yes,yes,Correct,0.8984
semantic,21,dev_0721,no,"NO, Night of the Living Dead is a work of fiction. It is a",no,no,Correct,0.9016000000000001
semantic,21,dev_0863,no,"NO, The Closer and Major Crimes are not the same. The Cl",no,no,Correct,0.903
semantic,21,dev_1357,no,"NO, The View and The Talk are not the same show. They are two",no,no,Correct,0.8971
semantic,21,dev_1951,no,YES,yes,yes,Incorrect,0.36519999999999997
semantic,21,dev_2131,no,"NO, Nacho Varga is a character from Better Call Saul and does",no,no,Correct,0.9193
semantic,21,dev_2174,no,"NO, Fear the Walking Dead is a spin-off of The Walk",no,no,Correct,0.9132
semantic,21,dev_2252,no,"NO, you do not have to be from America to be on America's",no,no,Correct,0.905
semantic,21,dev_2309,no,"NO, Maleficent and the Evil Queen are two different characters from",no,no,Correct,0.9044
semantic,21,dev_2364,no,"NO, ""The Outsiders"" movie is not based on a true story",no,no,Correct,0.9384
semantic,21,dev_3075,no,"NO, Pulp Fiction is not based on a true story. It is",no,no,Correct,0.9044
semantic,21,dev_3205,no,"NO, the movie ""Lady Bird"" is not about Lady Bird Johnson.",no,no,Correct,0.9002
semantic,21,dev_0015,yes,"YES, Fantastic Beasts and Where to Find Them is a pre",yes,yes,Correct,0.8977
semantic,21,dev_0153,yes,YES,yes,yes,Correct,0.3821
semantic,21,dev_0161,yes,YES,yes,yes,Correct,0.36519999999999997
semantic,21,dev_0306,yes,"Yes, Grey's Anatomy is filmed at a real hospital.",yes,yes,Correct,0.916
semantic,21,dev_0334,yes,Yes.,yes,yes,Correct,0.38380000000000003
semantic,21,dev_0338,yes,YES,yes,yes,Correct,0.3895
semantic,21,dev_0493,yes,"I don't know. Love Child is an Australian television drama series, but",i,idk,IDK,0.9012
semantic,21,dev_0520,yes,YES,yes,yes,Correct,0.3679
semantic,21,dev_0212,no,"NO, maple syrup does not come straight from the tree. It is",no,no,Correct,0.9025
semantic,21,dev_0309,no,"NO, ground coriander and cumin are not the same thing. Ground",no,no,Correct,0.9005
semantic,21,dev_0484,no,"NO, salt water taffy does not have salt water in it. The",no,no,Correct,0.9094
semantic,21,dev_0654,no,"NO, beef short ribs are not the same as spare ribs. Be",no,no,Correct,0.901
semantic,21,dev_0973,no,I don't know. Salt water taffy is a type of t,i,idk,IDK,0.899
semantic,21,dev_1335,no,"NO, a cocoa bean is not the same as a coffee bean.",no,no,Correct,0.9148
semantic,21,dev_1443,no,"NO, a lungo is not the same as an Americano. A lung",no,no,Correct,0.8997999999999999
semantic,21,dev_0284,yes,"YES, enameled cast iron can leach small amounts of iron into",yes,yes,Correct,0.8969
semantic,21,dev_0330,yes,"YES, the white cover on Brie cheese is edible. It is",yes,yes,Correct,0.9236
semantic,21,dev_0443,yes,"Yes, powdered sugar and confectioners' sugar are the same. They",yes,yes,Correct,0.9152
semantic,21,dev_0975,yes,"YES, wholemeal flour is the same as whole wheat flour. Both",yes,yes,Correct,0.9223
semantic,21,dev_1741,yes,"Yes, garbanzo beans and chickpeas are the same thing. They",yes,yes,Correct,0.9031
semantic,21,dev_1770,yes,YES,yes,yes,Correct,0.36519999999999997
semantic,21,dev_1860,no,"NO, Pinot Noir and Pinot Gris are not the same gr",no,no,Correct,0.9234
semantic,21,dev_1967,yes,"NO, a caffe latte is not the same as a latte.",no,no,Incorrect,0.915
semantic,21,dev_0236,no,"NO, straights do not have to be the same suit in poker. A",no,no,Correct,0.8919
semantic,21,dev_0741,no,I don't know. The answer depends on the specific rules and strategies used,i,idk,IDK,0.8987999999999999
semantic,21,dev_1440,no,"NO, the Xbox One does not have backward compatibility for Xbox 360",no,no,Correct,0.9096000000000001
semantic,21,dev_2062,no,"NO, a queen cannot move like a knight. A queen can move any",no,no,Correct,0.9014
semantic,21,dev_2109,no,"NO, Call of Duty: World at War is based on World War II",no,no,Correct,0.9016000000000001
semantic,21,dev_2137,no,"NO, it is not possible to win chess with only a king. The",no,no,Correct,0.8977999999999999
semantic,21,dev_0478,yes,"YES, Call of Duty: Modern Warfare 2 has a multi",yes,yes,Correct,0.897
semantic,21,dev_0545,yes,"YES, Just Cause 3 has a storyline.",yes,yes,Correct,0.7883
semantic,21,dev_1125,yes,"YES, Need for Speed has a story mode.",yes,yes,Correct,0.7179
semantic,21,dev_1137,yes,"YES, Pokémon Crystal is compatible with Pokémon Stadium",yes,yes,Correct,0.9067000000000001
semantic,21,dev_1162,yes,"YES, you can play DS games on a DS Lite. The DS",yes,yes,Correct,0.8974
semantic,21,dev_1177,yes,"YES, Company of Heroes 2 has a campaign.",yes,yes,Correct,0.8001
semantic,21,dev_1444,yes,"YES, some original Xbox games work on Xbox One through backward compatibility.",yes,yes,Correct,0.8595
semantic,21,dev_0313,no,"NO, St. Kitts and Nevis is not a U.S",no,no,Correct,0.9183
semantic,21,dev_0823,no,"NO, the Ogallala Aquifer is not the largest in the world.",no,no,Correct,0.9302999999999999
semantic,21,dev_0839,no,"NO, West Virginia and Virginia are not the same state. West Virginia separated from",no,no,Correct,0.9368
semantic,21,dev_1222,no,"NO, the Isle of Man is not part of Great Britain, but it",no,no,Correct,0.8997
semantic,21,dev_1254,no,"NO, Sudan and South Sudan are not the same country. Sudan",no,no,Correct,0.9258
semantic,21,dev_1269,no,"NO, the Mississippi River flows into the Gulf of Mexico.",no,no,Correct,0.7683
semantic,21,dev_1334,no,"NO, Patagonia is not a country in its own right. It is",no,no,Correct,0.8996000000000001
semantic,21,dev_0184,yes,"YES, you can boat from Lake Michigan to the Atlantic Ocean through the Saint",yes,yes,Correct,0.8981
semantic,21,dev_0322,yes,"YES, City of Industry is in Los Angeles County.",yes,yes,Correct,0.77
semantic,21,dev_0557,yes,"YES, the water in the Amazon River is fresh. It is the world",yes,yes,Correct,0.9245
semantic,21,dev_0573,yes,YES,yes,yes,Correct,0.3836
semantic,21,dev_1179,yes,"YES, Phoenix and Denver are in the same time zone, which is Mountain",yes,yes,Correct,0.9015
semantic,21,dev_0619,yes,YES,yes,yes,Correct,0.3644
semantic,21,dev_0650,yes,YES,yes,yes,Correct,0.3658
semantic,21,dev_0734,yes,YES,yes,yes,Correct,0.3668
semantic,21,dev_0061,no,"YES, an EMT-Basic is trained to establish intravenous access",yes,yes,Incorrect,0.9035
semantic,21,dev_0124,no,"NO, health care is not free in the United States. While some people may",no,no,Correct,0.8973
semantic,21,dev_0914,no,"No, stroke volume and ejection fraction are not the same. Stroke volume",no,no,Correct,0.9015
semantic,21,dev_0955,no,"NO, mycosis fungoides is not caused by a fungal",no,no,Correct,0.9334
semantic,21,dev_1610,no,I don't know. Soft-tissue damage can include a variety of,i,idk,IDK,0.9045
semantic,21,dev_1790,no,"NO, the lining of the uterus does not shed during implant",no,no,Correct,0.9245
semantic,21,dev_2096,no,"NO, an X-ray and an MRI are not the same. An",no,no,Correct,0.9187000000000001
semantic,21,dev_2277,no,"NO, high dependency is not the same as intensive care. High dependency units",no,no,Correct,0.9024
semantic,21,dev_2499,no,"NO, a Doctor of Physical Therapy (DPT) is not an MD",no,no,Correct,0.8977
semantic,21,dev_1959,yes,YES,yes,yes,Correct,0.3755
semantic,21,dev_1992,yes,YES,yes,yes,Correct,0.38039999999999996
semantic,21,dev_2047,yes,"Yes. Organs in the digestive system, such as the liver,",yes,yes,Correct,0.9011
semantic,21,dev_1656,yes,I don't know. While emotional pain can be intense and feel physically distress,i,idk,IDK,1.1325
semantic,21,dev_1663,yes,"Yes, turf toe can occur on any of the toes, not just the",yes,yes,Correct,0.9138
semantic,21,dev_1752,yes,"YES, triamcinolone cream can be used for poison ivy",yes,yes,Correct,0.9185
semantic,21,dev_2049,yes,YES,yes,yes,Correct,0.38110000000000005
semantic,21,dev_2050,yes,YES,yes,yes,Correct,0.38289999999999996
semantic,21,dev_1442,yes,"YES, a lipid profile and a lipid panel are essentially the same",yes,yes,Correct,0.9027999999999999
semantic,21,dev_0301,no,"NO, the Berlin Wall and the Berlin Blockade are not the same. The",no,no,Correct,0.9027999999999999
semantic,21,dev_0480,no,"NO, we no longer follow the Articles of Confederation. The U.",no,no,Correct,2.2735
semantic,21,dev_1290,no,"NO, Nova Scotia was not part of the 13 Colonies",no,no,Correct,0.9066000000000001
semantic,21,dev_1819,no,"NO, the Czech Republic and Czechoslovakia are not the same country",no,no,Correct,0.9182
semantic,21,dev_2206,no,"NO, the Emancipation Proclamation only applied to the Confederate",no,no,Correct,0.9147000000000001
semantic,21,dev_0376,yes,"YES, William the Conqueror had a legitimate claim to the English throne",yes,yes,Correct,0.9356
semantic,21,dev_0346,yes,YES,yes,yes,Correct,0.3897
semantic,21,dev_0363,yes,YES,yes,yes,Correct,0.3643
semantic,21,dev_0535,yes,YES,yes,yes,Correct,1.7092
semantic,21,dev_0629,yes,YES,yes,yes,Correct,0.37960000000000005
semantic,21,dev_0179,no,"NO, U.S. courts of appeals do not have original jurisdiction",no,no,Correct,0.8993
semantic,21,dev_0402,no,"NO, it is illegal to have more than one wife in the UK. Pol",no,no,Correct,0.8957999999999999
semantic,21,dev_0513,no,I don't know. The answer may vary depending on the jurisdiction and,i,idk,IDK,0.9013
semantic,21,dev_0606,no,I don't know. The legality of escaping from prison can vary,i,idk,IDK,0.9021
semantic,21,dev_0630,no,"NO, 'under honorable conditions' is not the same as an honorable",no,no,Correct,0.8995
semantic,21,dev_0795,no,"NO, driving laws are not the same in all states.",no,no,Correct,0.7447
semantic,21,dev_1457,no,"NO, the Civil Rights Act is not part of the U.S. Constitution",no,no,Correct,0.9259
semantic,21,dev_1776,no,"NO, an Employment Authorization Document (Form I-766)",no,no,Correct,0.9211
semantic,21,dev_1862,no,"NO, the FCC's equal-time rule does not apply to newspapers",no,no,Correct,0.899
semantic,21,dev_1911,no,"NO, there is no mandatory retirement age for U.S. Supreme Court just",no,no,Correct,0.9254
semantic,21,dev_2755,no,"NO, you cannot be an attorney without taking the bar exam. The bar exam",no,no,Correct,0.9057000000000001
semantic,21,dev_2756,no,YES,yes,yes,Incorrect,0.3693
semantic,21,dev_2921,no,"NO, property tax and council tax are not the same. Property tax is a",no,no,Correct,0.873
semantic,21,dev_2972,no,"NO, commercial law and corporate law are not the same. While commercial law en",no,no,Correct,2.2465
semantic,21,dev_0009,yes,"YES, you can drive in Canada with a valid US driver's license",yes,yes,Correct,0.9037999999999999
semantic,21,dev_0038,yes,"YES, it is legal to record a cover of a song, but you",yes,yes,Correct,0.933
semantic,21,dev_0129,yes,I don't know. The specific laws regarding private gun sales in Florida can,i,idk,IDK,0.9084
semantic,21,dev_0202,yes,"YES, breaking and entering into a car can be a felony, depending",yes,yes,Correct,0.9066000000000001
semantic,21,dev_0308,yes,"YES, it is generally illegal for a minor to be in possession of alcohol",yes,yes,Correct,0.8974
semantic,21,dev_0584,yes,YES,yes,yes,Correct,0.36619999999999997
semantic,21,dev_0644,yes,YES,yes,yes,Correct,0.3654
semantic,21,dev_0653,yes,YES,yes,yes,Correct,0.36760000000000004
semantic,21,dev_0671,yes,YES,yes,yes,Correct,0.3659
semantic,21,dev_0757,yes,YES,yes,yes,Correct,0.3638
semantic,21,dev_1059,yes,"YES, the Supreme Court can review the constitutionality of an executive order and",yes,yes,Correct,0.8946000000000001
semantic,21,dev_1067,yes,YES,yes,yes,Correct,1.7312
semantic,21,dev_1097,yes,YES,yes,yes,Correct,0.3668
semantic,21,dev_1131,yes,I don't know. The specific self-defense laws in Illinois do,i,idk,IDK,0.9208999999999999
semantic,21,dev_1324,yes,"YES, a flask can count as an open container in the context of",yes,yes,Correct,0.9017999999999999
semantic,21,dev_0305,no,"NO, language is not the only criterion for classifying states in India",no,no,Correct,0.9332999999999999
semantic,21,dev_0465,no,"NO, the National Guard is part of the Army, not the Coast Guard.",no,no,Correct,0.9023
semantic,21,dev_0508,no,"NO, according to the 22nd Amendment to the U.S",no,no,Correct,0.9013
semantic,21,dev_0518,no,"NO, the Justice Department is part of the executive branch.",no,no,Correct,2.0921999999999996
semantic,21,dev_0572,no,"NO, a legislator is a broad term that refers to any elected official who",no,no,Correct,0.8986000000000001
semantic,21,dev_0898,no,"NO, permanent residents of Canada are not eligible to vote in federal elections. Only",no,no,Correct,0.8967
semantic,21,dev_1154,no,YES,yes,yes,Incorrect,0.3825
semantic,21,dev_1221,no,"NO, a filibuster cannot take place in the House of Representatives because",no,no,Correct,0.8993
semantic,21,dev_1244,no,"NO, Canada and Australia are not part of the United Kingdom. They are independent",no,no,Correct,0.8997
semantic,21,dev_1245,no,"NO, Turkey is not a member of the European Economic Area. It is,",no,no,Correct,0.8989
semantic,21,dev_1273,no,"NO, Guam is not part of the U.S. Virgin Islands.",no,no,Correct,0.9157000000000001
semantic,21,dev_0647,yes,YES,yes,yes,Correct,0.3718
semantic,21,dev_0254,yes,"NO, the Vice President is not the President of the Senate. The Vice President",no,no,Incorrect,0.9113
semantic,21,dev_0486,yes,YES,yes,yes,Correct,0.3639
semantic,21,dev_0736,yes,YES,yes,yes,Correct,0.36660000000000004
semantic,21,dev_0814,yes,"NO, the Air Force does not have ground combat troops. The Air Force primarily",no,no,Incorrect,0.9021
semantic,21,dev_1477,yes,YES,yes,yes,Correct,0.36469999999999997
semantic,21,dev_1721,yes,YES,yes,yes,Correct,0.3673
semantic,21,dev_1786,yes,"YES, New York City still has rent control for some apartments.",yes,yes,Correct,0.8286
semantic,21,dev_1970,yes,YES,yes,yes,Correct,0.3654
semantic,21,dev_1985,yes,YES,yes,yes,Correct,0.38
semantic,21,dev_2448,no,"NO, Puerto Rico does not have voting representation in the Electoral College and",no,no,Correct,1.1194000000000002
semantic,21,dev_0066,yes,YES,yes,yes,Correct,0.36419999999999997
semantic,21,dev_0088,yes,YES,yes,yes,Correct,0.36769999999999997
semantic,21,dev_0196,yes,"NO, a complete T. rex skull has never been found. Only a",no,no,Incorrect,0.9005
semantic,21,dev_0262,yes,"YES, a real image can be projected onto a screen. A real image",yes,yes,Correct,0.907
semantic,21,dev_0271,yes,"Yes, an outcome variable is the same as a dependent variable. In statistical analysis",yes,yes,Correct,0.924
semantic,21,dev_0329,yes,YES,yes,yes,Correct,0.3702
semantic,21,dev_0331,yes,"YES, a wheel and axle is a simple machine.",yes,yes,Correct,2.1238
semantic,21,dev_0387,yes,"YES, density depends on the type of material. Different materials have different masses",yes,yes,Correct,0.8947999999999999
semantic,21,dev_0418,yes,"Yes, it is possible to have thunder and lightning while snowing. This phenomenon",yes,yes,Correct,0.899
semantic,21,dev_0616,yes,"Yes, bicarb soda and baking soda are the same. B",yes,yes,Correct,0.9106000000000001
semantic,21,dev_0638,yes,YES,yes,yes,Correct,0.36219999999999997
semantic,21,dev_0657,yes,"YES, yield stress and yield strength are essentially the same thing. They both",yes,yes,Correct,0.9022
semantic,21,dev_0692,yes,"Yes, we can use a hydrometer to measure the specific gravity of milk",yes,yes,Correct,1.0732000000000002
semantic,21,dev_0744,yes,"NO, a polynomial cannot have a square root of a variable. The square root",no,no,Incorrect,0.8573
semantic,21,dev_0797,yes,"YES, average velocity has a direction associated with it. It is a vector",yes,yes,Correct,0.9051
semantic,21,dev_0842,yes,YES,yes,yes,Correct,0.3674
semantic,21,dev_1379,yes,Yes,yes,yes,Correct,0.3457
semantic,21,dev_0126,no,"NO, according to our current understanding of physics, it is not possible for an",no,no,Correct,0.9088999999999999
semantic,21,dev_0342,no,"NO, the speed of sound is not constant for all materials. It depends on",no,no,Correct,0.9023
semantic,21,dev_0437,no,"NO, there is not always a full moon on the summer solstice.",no,no,Correct,0.9177000000000001
semantic,21,dev_0553,no,YES,yes,yes,Incorrect,0.36310000000000003
semantic,21,dev_0652,no,"NO, the square root of 3 is an irrational number.",no,no,Correct,0.8463999999999999
semantic,21,dev_0708,no,"NO, a negative number cannot be a perfect square because a perfect square is a",no,no,Correct,0.8966000000000001
semantic,21,dev_1083,no,"NO, carbon-14 dating cannot be used to detect the age of a",no,no,Correct,0.9305
semantic,21,dev_1142,no,"NO, quantum entanglement does not allow for faster-than-light communication",no,no,Correct,2.2409
semantic,21,dev_1354,no,"NO, the depth of the water table is not always the same. It can",no,no,Correct,0.9201
semantic,21,dev_1460,no,I don't know. The suitability of a single-subject research design,i,idk,IDK,0.9062
semantic,21,dev_1468,no,"NO, sodium lactate is not the same as lactic acid.",no,no,Correct,0.9027999999999999
semantic,21,dev_1559,no,"NO, log x is not the same as ln x. Log x refers",no,no,Correct,0.9101
semantic,21,dev_1595,no,"NO, reverse osmosis water and deionized water are not the same",no,no,Correct,0.9158999999999999
semantic,21,dev_1643,no,"No, static pressure is not the same as atmospheric pressure. Static",no,no,Correct,0.9021
semantic,21,dev_1692,no,"NO, atmospheric pressure is not always 1 atm. The standard atm",no,no,Correct,0.8994
semantic,21,dev_1726,no,"No, the vagus nerve is part of the peripheral nervous system (P",no,no,Correct,0.9032
semantic,21,dev_0008,yes,YES,yes,yes,Correct,0.3625
semantic,21,dev_0323,yes,YES,yes,yes,Correct,0.3615
semantic,21,dev_0794,yes,YES,yes,yes,Correct,0.36269999999999997
semantic,21,dev_0866,yes,YES,yes,yes,Correct,0.3608
semantic,21,dev_0910,yes,"YES, the Dewey Decimal System is still in use. It",yes,yes,Correct,0.8947
semantic,21,dev_0992,yes,"Yes, students can be held back in elementary school if they do not meet the",yes,yes,Correct,0.8975
semantic,21,dev_1446,yes,"NO, the Church of England and the Anglican Church are not the same",no,no,Incorrect,0.92
semantic,21,dev_0294,no,"NO, Australian Sign Language (Auslan) and American Sign Language (AS",no,no,Correct,0.9054
semantic,21,dev_0521,no,"NO, it is not true that kangaroo means 'I don'",no,no,Correct,0.9217000000000001
semantic,21,dev_0943,no,"NO, the Book of Deuteronomy is not in the New Testament. It",no,no,Correct,0.8987
semantic,21,dev_1887,no,"NO, the Persian and Arabic alphabets are not the same",no,no,Correct,0.897
semantic,21,dev_2892,no,"NO, Scottish Gaelic and Irish Gaelic are not the same.",no,no,Correct,0.9041
semantic,21,dev_2691,no,"NO, King's College London is not part of Cambridge University. They are",no,no,Correct,0.9135
semantic,21,dev_0065,yes,YES,yes,yes,Correct,0.3675
semantic,21,dev_0245,yes,"NO, in American football, a team can only pass the ball once during a",no,no,Incorrect,0.9046000000000001
semantic,21,dev_0315,yes,"Yes, you can play soccer on a football field, but the dimensions and goal",yes,yes,Correct,0.9168999999999999
semantic,21,dev_0361,yes,YES,yes,yes,Correct,0.36819999999999997
semantic,21,dev_0550,yes,YES,yes,yes,Correct,1.7075
semantic,21,dev_0595,yes,"NO, the Ivy League does not have a basketball tournament. Instead, the",no,no,Incorrect,0.9014
semantic,21,dev_0966,yes,YES,yes,yes,Correct,0.36939999999999995
semantic,21,dev_1078,yes,YES,yes,yes,Correct,0.36710000000000004
semantic,21,dev_1224,yes,"NO, a rugby field is not necessarily bigger than a football field. The dimensions",no,no,Incorrect,0.8939
semantic,21,dev_1251,yes,YES,yes,yes,Correct,0.3841
semantic,21,dev_1260,yes,"NO, Nike Air Force 1s are not designed for basketball and do",no,no,Incorrect,0.8599
semantic,21,dev_1278,yes,YES,yes,yes,Correct,0.3638
semantic,21,dev_1462,yes,YES,yes,yes,Correct,0.36369999999999997
semantic,21,dev_1494,yes,YES,yes,yes,Correct,0.3658
semantic,21,dev_1543,yes,YES,yes,yes,Correct,0.3788
semantic,21,dev_2012,yes,YES,yes,yes,Correct,0.36769999999999997
semantic,21,dev_2118,yes,"YES, it is possible to break someone's wrist by twisting it",yes,yes,Correct,0.9163
semantic,21,dev_2272,yes,"YES, AstroTurf is a popular brand of artificial grass.",yes,yes,Correct,0.8627
semantic,21,dev_2338,yes,I don't know. A player's eligibility to play in,i,idk,IDK,0.9435
semantic,21,dev_2498,yes,"NO, there has never been two grand slams in one inning in Major",no,no,Incorrect,0.905
semantic,21,dev_2509,yes,YES,yes,yes,Correct,0.38139999999999996
semantic,21,dev_2917,yes,"YES, the Tampa Bay Lightning has won a Stanley Cup. They",yes,yes,Correct,0.8963
semantic,21,dev_2966,yes,YES,yes,yes,Correct,0.37160000000000004
semantic,21,dev_2974,yes,"Yes, it is possible to run for 24 hours, as there are",yes,yes,Correct,2.2408
semantic,21,dev_3007,yes,YES,yes,yes,Correct,0.36260000000000003
semantic,21,dev_3199,yes,Yes,yes,yes,Correct,0.32430000000000003
semantic,21,dev_0222,no,"NO, NCAA and NBA basketballs are not the same size. The NBA",no,no,Correct,0.8945
semantic,21,dev_0398,no,"NO, you cannot score directly from a throw-in in soccer. A throw",no,no,Correct,0.9101
semantic,21,dev_0426,no,"NO, a soccer goalie cannot pick up a throw-in. Only out",no,no,Correct,0.8977999999999999
semantic,21,dev_0464,no,"NO, the golden goal rule was abandoned in 2004, and",no,no,Correct,0.9331
semantic,21,dev_0563,no,"NO, Croatia has not won the soccer World Cup yet. They reached",no,no,Correct,0.9121
semantic,21,dev_0658,no,"YES, a walk in baseball is a dead ball. A walk occurs when",yes,yes,Incorrect,0.9121
semantic,21,dev_1366,no,"NO, they do not make a new Champions League trophy every year. The",no,no,Correct,0.8996000000000001
semantic,21,dev_1471,no,"NO, a player cannot be offside on a throw-in. The off",no,no,Correct,0.9262
semantic,21,dev_1558,no,"NO, the FIFA World Cup is not held every year. It is a quad",no,no,Correct,0.9034
semantic,21,dev_1580,no,"NO, the Chicago White Sox and the Chicago Cubs do not share a",no,no,Correct,0.9162
semantic,21,dev_2401,no,"NO, a batsman cannot be run out on a no-ball because",no,no,Correct,0.903
semantic,21,dev_2436,no,"NO, it is not possible to run a mile in 2 minutes. The",no,no,Correct,0.898
semantic,21,dev_3224,no,"NO, an MLB game cannot end in a tie during regulation play. If",no,no,Correct,0.9074
semantic,21,dev_0022,yes,"YES, a spark plug is a crucial component of an ignition system that",yes,yes,Correct,0.8987999999999999
semantic,21,dev_0132,yes,"YES, a NAS (Network Attached Storage) can be used as a",yes,yes,Correct,0.9093
semantic,21,dev_0268,yes,YES,yes,yes,Correct,0.3675
semantic,21,dev_0646,yes,"YES, multithreading can be useful even on a single processor,",yes,yes,Correct,0.9012
semantic,21,dev_0697,yes,"YES, there is a storage limit on Google Drive for free accounts, but",yes,yes,Correct,0.9122
semantic,21,dev_0935,yes,"Yes. A table can have multiple foreign keys, as long as each foreign key",yes,yes,Correct,0.9309
semantic,21,dev_1159,yes,"Yes, a high-level language can use an assembler. This is",yes,yes,Correct,0.9067000000000001
semantic,21,dev_1376,yes,YES,yes,yes,Correct,0.36060000000000003
semantic,21,dev_1646,yes,"Yes, you can use cast-iron pans on an induction cooktop",yes,yes,Correct,0.9003
semantic,21,dev_1869,yes,YES,yes,yes,Correct,0.36460000000000004
semantic,21,dev_2397,yes,"Yes, there is such a thing as a cell phone jammer. However,",yes,yes,Correct,0.896
semantic,21,dev_0512,no,"NO, Microsoft Visio and Visual Studio are not the same. Microsoft Visio",no,no,Correct,0.8974
semantic,21,dev_1524,no,"NO, the transmission and the engine are not the same thing. The engine generates",no,no,Correct,0.9168999999999999
semantic,21,dev_1675,no,"No, input lag and response time are not the same thing. Input lag refers",no,no,Correct,0.8979
semantic,21,dev_1723,no,"NO, you cannot use a regular bulb in a 3-way lamp",no,no,Correct,0.8974
semantic,21,dev_2027,no,"NO, HD DVD and Blu-ray are not the same. HD DVD",no,no,Correct,0.9177000000000001
semantic,21,dev_2104,no,"YES, you can get on the internet with a PlayStation 2 using",yes,yes,Incorrect,0.9063
semantic,21,dev_2262,no,"NO, WordPad is a basic text editor that comes pre-installed with",no,no,Correct,0.9216
semantic,21,dev_2431,no,"NO, a node in a tree can have only one parent.",no,no,Correct,2.1185
semantic,21,dev_2524,no,"NO, the iPhone SE and iPhone 5 are not the same. The iPhone",no,no,Correct,0.9034
semantic,21,dev_3057,no,"NO, Windows Subsystem for Linux (WSL) is not a virtual machine",no,no,Correct,0.9124
semantic,21,dev_3167,no,"NO, gear oil and motor oil are not the same. Gear oil is",no,no,Correct,0.9127000000000001
semantic,16,dev_0023,yes,"NO, a cape and a cloak are not the same. While both",no,no,Incorrect,0.8191
semantic,16,dev_0039,no,YES,yes,yes,Incorrect,0.4091
semantic,16,dev_0055,no,"YES, Wisconsin has been in the Little League World Series. The first Wisconsin",yes,yes,Incorrect,0.8903
semantic,16,dev_0059,no,YES,yes,yes,Incorrect,0.3845
semantic,16,dev_0068,no,"NO, minors cannot receive the death penalty in the United States. The Supreme",no,no,Correct,0.8355
semantic,16,dev_0087,yes,"NO, frogs do not have the ability to jump out of boiling water",no,no,Incorrect,2.1637
semantic,16,dev_0107,no,"Yes, gambling winnings are generally considered taxable income in Australia. However,",yes,yes,Incorrect,0.9014
semantic,16,dev_0120,yes,"NO, a vehicle title and registration are separate documents. While a title proves ownership",no,no,Incorrect,0.9078999999999999
semantic,16,dev_0138,no,"YES, the drinking age can be different in various states within a single country",yes,yes,Incorrect,0.8721
semantic,16,dev_0151,no,"NO, numbers do not look the same in all languages. The symbols used to",no,no,Correct,0.8505
semantic,16,dev_0163,yes,"NO, the square root of 2 cannot be written as a fraction. It",no,no,Incorrect,0.9556
semantic,16,dev_0165,no,"Yes, dragon fruit and pitaya are the same thing.",yes,yes,Incorrect,0.7122999999999999
semantic,16,dev_0207,no,"NO, France is in the Central European Time (CET) zone, while",no,no,Correct,0.9411
semantic,16,dev_0210,no,"NO, ""The Three Little Pigs"" is not a nursery rh",no,no,Correct,0.948
semantic,16,dev_0221,no,YES,yes,yes,Incorrect,0.384
semantic,16,dev_0229,yes,YES,yes,yes,Correct,0.4074
semantic,16,dev_0237,no,"Yes, there is a difference between 2-cycle and 2-stroke",yes,yes,Incorrect,0.8943
semantic,16,dev_0243,no,"Yes, there is a Chinatown in St. Louis, Missouri.",yes,yes,Incorrect,0.914
semantic,16,dev_0248,yes,YES,yes,yes,Correct,0.37389999999999995
semantic,16,dev_0249,yes,"NO, queen ants do not give birth to queen ants. Instead,",no,no,Incorrect,0.8816
semantic,16,dev_0251,yes,"NO, one sister chromatid has the same amount of DNA as a chrom",no,no,Incorrect,0.8981
semantic,16,dev_0257,yes,"NO, a glass window should not break on its own if it is in good",no,no,Incorrect,0.9279
semantic,16,dev_0270,no,"NO, there is no U.S. state where the drinking age is",no,no,Correct,0.9422
semantic,16,dev_0287,yes,"Yes, a player can call a fair catch on a kickoff in American football",yes,yes,Correct,0.958
semantic,16,dev_0295,no,"Yes, there is a difference between doves and pigeons. Doves",yes,yes,Incorrect,0.8972
semantic,16,dev_0298,yes,"NO, sheet metal gauge and wire gauge are not the same. While both systems",no,no,Incorrect,0.9164
semantic,16,dev_0312,no,"YES, in most cases, adjectives come before the noun they",yes,yes,Incorrect,0.9361
semantic,16,dev_0316,yes,"YES, the internal intercostal muscles do contract during inspiration, but their",yes,yes,Correct,0.9404
semantic,16,dev_0318,yes,YES,yes,yes,Correct,0.4103
semantic,16,dev_0321,yes,"YES, a filibuster can potentially stop a Supreme Court nominee",yes,yes,Correct,0.959
semantic,16,dev_0333,yes,"No, .22 Magnum and .22 WMR (Winchester",no,no,Incorrect,0.9668
semantic,16,dev_0336,no,"Yes, there is a difference between Muay Thai and Thai boxing",yes,yes,Incorrect,0.8522000000000001
semantic,16,dev_0343,yes,"NO, the President is not the only member of the executive branch. The executive",no,no,Incorrect,0.8595
semantic,16,dev_0352,no,"NO, you cannot score off a throw-in in soccer. The purpose of",no,no,Correct,0.8566
semantic,16,dev_0355,no,YES,yes,yes,Incorrect,0.3054
semantic,16,dev_0364,no,YES,yes,yes,Incorrect,0.3221
semantic,16,dev_0366,no,"Yes, the diaphragm separates the abdominal cavity",yes,yes,Incorrect,0.845
semantic,16,dev_0406,no,YES,yes,yes,Incorrect,0.3306
semantic,16,dev_0428,no,"No, peroxide and hydrogen peroxide are not the same thing",no,no,Correct,0.8385
semantic,16,dev_0429,yes,I don't know. While flax oil is derived from flaxse,i,idk,IDK,0.8984
semantic,16,dev_0430,yes,"NO, the Banaue Rice Terraces are not one of the 7",no,no,Incorrect,0.9617
semantic,16,dev_0436,no,"Yes, there is such a thing as a broken heart, and it is often",yes,yes,Incorrect,0.8776
semantic,16,dev_0441,no,"NO, there is no lobster in shrimp with lobster sauce.",no,no,Correct,0.8642000000000001
semantic,16,dev_0442,yes,"YES, lead dust can be absorbed through the eyes.",yes,yes,Correct,0.6854
semantic,16,dev_0479,no,YES,yes,yes,Incorrect,0.2989
semantic,16,dev_0481,no,"NO, there has never been a 6th borough in New York City",no,no,Correct,0.8408
semantic,16,dev_0482,no,"NO, a bumblebee does not die after stinging someone. Unlike honey",no,no,Correct,0.862
semantic,16,dev_0487,no,"Yes, you can grow banana trees from a banana, but it'",yes,yes,Incorrect,0.8204
semantic,16,dev_0504,yes,"NO, friction tape and electrical tape are not the same. Friction tape",no,no,Incorrect,0.8422000000000001
semantic,16,dev_0509,no,"YES, the AR-15 is used by the military, specifically in",yes,yes,Incorrect,0.8232999999999999
semantic,16,dev_0532,no,"YES, it is possible to connect the brain to a computer through various neuro",yes,yes,Incorrect,0.8356
semantic,16,dev_0534,no,"YES, the National Guard is a military reserve force that is part of the",yes,yes,Incorrect,0.8446
semantic,16,dev_0536,yes,"NO, Thanos did not appear in the first Guardians of the Galaxy.",no,no,Incorrect,2.1775
semantic,16,dev_0537,no,YES,yes,yes,Incorrect,0.30589999999999995
semantic,16,dev_0546,yes,"NO, the College of William & Mary is not an Ivy League school.",no,no,Incorrect,0.8462999999999999
semantic,16,dev_0560,no,"I don't know. To find the answer, you would need to look",i,idk,IDK,0.8201
semantic,16,dev_0568,no,"NO, the movie Heat was not based on a book. It was written by",no,no,Correct,0.8431000000000001
semantic,16,dev_0569,no,"YES, the NBA salary cap is a hard cap. This means that teams",yes,yes,Incorrect,0.8242999999999999
semantic,16,dev_0588,yes,I don't know. Boost Mobile and Virgin Mobile are both mobile virtual,i,idk,IDK,2.1721
semantic,16,dev_0594,no,YES,yes,yes,Incorrect,0.3015
semantic,16,dev_0596,no,"Yes, C# and Visual C# are essentially the same. Visual C#",yes,yes,Incorrect,0.823
semantic,16,dev_0598,yes,"NO, the Vice President is not the head of the Senate. The Vice President",no,no,Incorrect,0.8336
semantic,16,dev_0612,yes,"NO, popcorn is not made from corn on the cob. Popc",no,no,Incorrect,0.8359
semantic,16,dev_0617,yes,YES,yes,yes,Correct,0.2927
semantic,16,dev_0662,yes,"NO, LensCrafters and Pearle Vision are not the same",no,no,Incorrect,0.8513
semantic,16,dev_0678,no,"NO, it is not safe to wash a child's mouth out with soap",no,no,Correct,0.8418
semantic,16,dev_0696,no,"YES, there is a seat belt law in New Hampshire. All drivers and",yes,yes,Incorrect,0.8302
semantic,16,dev_0711,yes,I don't know. Musician's Friend and Guitar Center are,i,idk,IDK,0.831
semantic,16,dev_0718,yes,YES,yes,yes,Correct,0.2923
semantic,16,dev_0724,no,YES,yes,yes,Incorrect,0.3055
semantic,16,dev_0731,no,"YES, egg drop soup typically contains raw eggs that are beaten and drizz",yes,yes,Incorrect,0.8623
semantic,16,dev_0737,no,"NO, a Cornish game hen is not a baby chicken. It is a",no,no,Correct,0.8244
semantic,16,dev_0754,yes,"NO, World at War is not part of Black Ops. World at War",no,no,Incorrect,0.8332999999999999
semantic,16,dev_0759,no,"NO, North and South Korea speak slightly different dialects of the Korean language,",no,no,Correct,0.8483999999999999
semantic,16,dev_0764,yes,"No, sampling error is not the same as standard deviation. While standard dev",no,no,Incorrect,0.8254
semantic,16,dev_0782,yes,"YES, AC Milan and Inter Milan share the Giuseppe Meazza Stadium",yes,yes,Correct,0.8311000000000001
semantic,16,dev_0817,no,YES,yes,yes,Incorrect,0.3049
semantic,16,dev_0829,no,"Yes, the Battle of New Orleans was fought after the War of 18",yes,yes,Incorrect,0.8305
semantic,16,dev_0832,no,"YES, it is possible to reach South America by car, as the Pan",yes,yes,Incorrect,0.828
semantic,16,dev_0837,yes,I don't know. While both universal healthcare and socialized medicine aim to,i,idk,IDK,0.8358
semantic,16,dev_0853,no,"NO, a Girl Scout cannot be an Eagle Scout because the E",no,no,Correct,0.8607
semantic,16,dev_0854,no,"NO, elephants are herbivores and are not at the top",no,no,Correct,2.2865
semantic,16,dev_0862,no,"YES, in chess, it is customary to announce ""check""",yes,yes,Incorrect,0.9439
semantic,16,dev_0871,yes,"YES, English is one of the most commonly spoken languages in the world,",yes,yes,Correct,0.8952
semantic,16,dev_0916,yes,"NO, the Ryman Auditorium and the Grand Ole Opry are",no,no,Incorrect,0.8967
semantic,16,dev_0922,yes,I don't know. The Passport Card is primarily designed for land and,i,idk,IDK,0.9467000000000001
semantic,16,dev_0933,no,YES,yes,yes,Incorrect,0.4077
semantic,16,dev_0934,yes,"NO, Pokémon: Let's Go is not a main series game",no,no,Incorrect,0.9438
semantic,16,dev_0940,yes,"No, a passport card is not valid for domestic flights. A passport",no,no,Incorrect,0.8914
semantic,16,dev_0944,no,"Yes, Greece and Rome were around at the same time, but they were not",yes,yes,Incorrect,0.941
semantic,16,dev_0952,yes,"NO, Merrill Lynch is a subsidiary of Bank of America",no,no,Incorrect,0.8344
semantic,16,dev_0958,yes,YES,yes,yes,Correct,0.299
semantic,16,dev_0981,no,"Yes, pyruvic acid and pyruvate are the same thing",yes,yes,Incorrect,0.8571
semantic,16,dev_0991,yes,"YES, you need a television license to watch or record live TV programs as",yes,yes,Correct,0.8476
semantic,16,dev_0994,yes,"NO, a white background is not typically used as a green screen because the chrom",no,no,Incorrect,0.8312
semantic,16,dev_0996,no,YES,yes,yes,Incorrect,0.312
semantic,16,dev_1006,no,"NO, in most modern democracies, including the United States, there is no",no,no,Correct,0.8423999999999999
semantic,16,dev_1011,no,"YES, the World Cup trophy is named the FIFA World Cup Trophy",yes,yes,Incorrect,0.841
semantic,16,dev_1022,yes,"NO, Enterprise Value is not the same as Firm Value. While both are",no,no,Incorrect,0.8301000000000001
semantic,16,dev_1049,no,"YES, a red panda is related to a panda, but they",yes,yes,Incorrect,0.8417
semantic,16,dev_1062,yes,"NO, a wheel and axle is not a lever. While they are both",no,no,Incorrect,0.9289
semantic,16,dev_1075,yes,"NO, not all NHL ice rinks are the same size. While the",no,no,Incorrect,0.9003
semantic,16,dev_1102,no,"Yes, there is a difference between sweating and perspiring. Swe",yes,yes,Incorrect,0.9287000000000001
semantic,16,dev_1110,yes,"NO, there are typically multiple rounds in the NBA draft, with the exact number",no,no,Incorrect,0.9044
semantic,16,dev_1112,no,"Yes, nuclear power is a type of nuclear energy. Nuclear power refers",yes,yes,Incorrect,0.9013
semantic,16,dev_1113,yes,"NO, a ball python and a royal python are not the same. They are",no,no,Incorrect,0.8697999999999999
semantic,16,dev_1121,no,"Yes, there was a world war before World War I. The Napoleonic Wars",yes,yes,Incorrect,0.9272999999999999
semantic,16,dev_1133,no,"Yes, The Crew 2 has a storyline.",yes,yes,Incorrect,0.7175
semantic,16,dev_1138,yes,YES,yes,yes,Correct,0.335
semantic,16,dev_1146,yes,"No, a penalty charge notice (PCN) is not the same as a",no,no,Incorrect,0.8366
semantic,16,dev_1155,yes,"NO, GMC Sierra and Chevy Silverado are not the same. They",no,no,Incorrect,0.8344
semantic,16,dev_1175,no,YES,yes,yes,Incorrect,0.3088
semantic,16,dev_1178,no,"NO, no Major League Baseball team has gone undefeated in a season",no,no,Correct,2.1612
semantic,16,dev_1183,yes,"NO, pork loin ribs are not the same as baby back rib",no,no,Incorrect,0.8345
semantic,16,dev_1196,no,YES,yes,yes,Incorrect,0.30069999999999997
semantic,16,dev_1204,yes,"NO, the Eye of Agamotto is not the Time Stone. It is",no,no,Incorrect,0.8342999999999999
semantic,16,dev_1205,no,"NO, you cannot take out the king in chess. The objective of the",no,no,Correct,0.8229
semantic,16,dev_1209,yes,"NO, it is not possible to turn lead into gold through nuclear transmutation",no,no,Incorrect,0.8238
semantic,16,dev_1227,no,"NO, 1 is not a prime factor of every number. It is a",no,no,Correct,0.8336
semantic,16,dev_1229,no,"NO, the color orange is named after the fruit. The fruit was named after",no,no,Correct,0.8278
semantic,16,dev_1230,yes,I don't know. A double eagle is three strokes under par,i,idk,IDK,0.8441000000000001
semantic,16,dev_1235,no,"YES, a birth certificate can count as a form of ID.",yes,yes,Incorrect,0.751
semantic,16,dev_1239,yes,"NO, a CPAP (Continuous Positive Airway Pressure) machine",no,no,Incorrect,0.839
semantic,16,dev_1241,no,Yes,yes,yes,Incorrect,0.37
semantic,16,dev_1250,yes,YES,yes,yes,Correct,0.4058
semantic,16,dev_1256,yes,YES,yes,yes,Correct,0.3568
semantic,16,dev_1261,no,"YES, Louisiana has a state income tax.",yes,yes,Incorrect,0.6137999999999999
semantic,16,dev_1267,no,YES,yes,yes,Incorrect,0.4101
semantic,16,dev_1271,no,YES,yes,yes,Incorrect,0.3417
semantic,16,dev_1283,yes,"NO, lock nuts and stop nuts are not the same. Lock nuts have a",no,no,Incorrect,0.9442999999999999
semantic,16,dev_1285,no,"YES, Danica Patrick finished third in the 2009 Indian",yes,yes,Incorrect,2.2796
semantic,16,dev_1286,no,"Yes, there is a difference between lightning bugs and fireflies. While both",yes,yes,Incorrect,0.9072
semantic,16,dev_1294,yes,"NO, a terminating decimal cannot be written as a recurring decimal. A",no,no,Incorrect,0.8807999999999999
semantic,16,dev_1296,yes,"NO, PlayStation 2 games do not play on PlayStation 4 without",no,no,Incorrect,0.8882000000000001
semantic,16,dev_1303,no,"NO, you do not have to touch the ball to be offside in soccer",no,no,Correct,0.8974
semantic,16,dev_1307,yes,"NO, you cannot score directly from a kickoff in football. The ball must",no,no,Incorrect,0.8893
semantic,16,dev_1311,yes,"No, the crankshaft pulley and harmonic balancer are not",no,no,Incorrect,0.9356
semantic,16,dev_1316,yes,"NO, the Gateway Arch is not a national park. It is part of",no,no,Incorrect,0.8651
semantic,16,dev_1317,no,"NO, planets are not involved in the formation of an actual planetary neb",no,no,Correct,0.928
semantic,16,dev_1333,yes,"NO, a Dame is a female equivalent of a Knight, but the titles",no,no,Incorrect,0.8869
semantic,16,dev_1336,yes,Yes. The central nervous system (CNS) consists of the brain and sp,yes,yes,Correct,0.8505
semantic,16,dev_1345,no,"Yes, there is a difference between a confidentiality agreement and a non-dis",yes,yes,Incorrect,0.9506
semantic,16,dev_1359,no,"NO, you cannot give yourself an assist in basketball. An assist is a stat",no,no,Correct,0.9375
semantic,16,dev_1370,yes,"Yes, A-2-3-4-5 is a straight.",yes,yes,Correct,0.9027000000000001
semantic,16,dev_1371,no,"NO, Rafflesia arnoldii is not the largest flower in",no,no,Correct,0.8452000000000001
semantic,16,dev_1372,yes,"NO, a kilowatt-hour (kWh) is a unit of",no,no,Incorrect,0.9391
semantic,16,dev_1382,no,"NO, a catcher cannot block home plate without the ball. This is considered",no,no,Correct,0.9418
semantic,16,dev_1406,no,YES,yes,yes,Incorrect,0.3765
semantic,16,dev_1408,yes,"NO, you cannot run on a caught foul ball. Once a foul ball is",no,no,Incorrect,0.8548
semantic,16,dev_1413,yes,"NO, Brazil has never won the World Cup in Europe. The World Cup has",no,no,Incorrect,0.9348
semantic,16,dev_1419,yes,"Yes, there is a Las Vegas in New Mexico. It is a city located",yes,yes,Correct,0.8545
semantic,16,dev_1420,yes,YES,yes,yes,Correct,0.4071
semantic,16,dev_1423,no,"NO, ""Take Me Home, Country Roads"" is not about Virginia.",no,no,Correct,0.8456
semantic,16,dev_1424,no,YES,yes,yes,Incorrect,0.3266
semantic,16,dev_1436,no,"No, equity in your home is not a liquid asset because it cannot be easily",no,no,Correct,0.8279
semantic,16,dev_1438,yes,"NO, not all of the UK is in the same time zone. The UK",no,no,Incorrect,0.8357
semantic,16,dev_1452,no,"Yes, some neurotransmitters can have both excitatory and inhibitory effects",yes,yes,Incorrect,0.845
semantic,16,dev_1455,yes,"NO, the abdomen is not the same as the stomach. The stomach",no,no,Incorrect,0.8411000000000001
semantic,16,dev_1464,no,"NO, a sweet potato is not part of the potato family. It",no,no,Correct,0.8387
semantic,16,dev_1467,yes,YES,yes,yes,Correct,0.30960000000000004
semantic,16,dev_1473,yes,"NO, a sailboat cannot travel faster than the wind. The speed of a",no,no,Incorrect,0.8386
semantic,16,dev_1489,yes,"NO, not all the songs in ""Mamma Mia! Here We Go",no,no,Incorrect,0.8328
semantic,16,dev_1498,yes,YES,yes,yes,Correct,0.30589999999999995
semantic,16,dev_1508,no,YES,yes,yes,Incorrect,0.29610000000000003
semantic,16,dev_1515,no,YES,yes,yes,Incorrect,0.3392
semantic,16,dev_1517,yes,"NO, you cannot use hydraulic fluid as brake fluid. They",no,no,Incorrect,0.854
semantic,16,dev_1528,yes,"NO, a J.D. (Juris Doctor) is not the",no,no,Incorrect,0.8295
semantic,16,dev_1533,no,YES,yes,yes,Incorrect,0.30319999999999997
semantic,16,dev_1534,no,"NO, a baseball player cannot legally catch a ball in the stands. Catch",no,no,Correct,0.8319
semantic,16,dev_1546,yes,"NO, a passport card cannot be used for REAL ID purposes. The",no,no,Incorrect,0.8332
semantic,16,dev_1552,yes,"NO, the poly(A) tail is added to the 3' end",no,no,Incorrect,0.8889
semantic,16,dev_1557,no,"NO, New York State does not have the death penalty. The state abolished",no,no,Correct,0.8447
semantic,16,dev_1563,no,"YES, the Big Dipper is a part of Ursa Major. The",yes,yes,Incorrect,0.8348
semantic,16,dev_1627,no,"NO, the esophagus is behind the heart. The esophag",no,no,Correct,0.8765
semantic,16,dev_1632,yes,"NO, the World Health Organization (WHO) is an intergovernmental",no,no,Incorrect,0.8641
semantic,16,dev_1650,yes,"YES, it is illegal to take a stop sign as it is considered theft",yes,yes,Correct,0.834
semantic,16,dev_1655,no,"Yes, there is a difference between soy sauce and soya sauce. S",yes,yes,Incorrect,0.8588
semantic,16,dev_1658,yes,"YES, the Nazca Lines can be seen from the ground, but",yes,yes,Correct,0.8702000000000001
semantic,16,dev_1659,yes,YES,yes,yes,Correct,0.3324
semantic,16,dev_1673,yes,"NO, grizzly bears and polar bears are different species and cannot produce viable",no,no,Incorrect,0.8222999999999999
semantic,16,dev_1680,no,"YES, picking your nose can potentially affect your sense of smell, as it",yes,yes,Incorrect,0.833
semantic,16,dev_1687,no,YES,yes,yes,Incorrect,0.30119999999999997
semantic,16,dev_1698,no,"YES, Fullmetal Alchemist: Brotherhood is a continuation",yes,yes,Incorrect,0.8458
semantic,16,dev_1707,yes,"NO, a PLC (Public Limited Company) is a type of limited company",no,no,Incorrect,0.831
semantic,16,dev_1727,yes,"NO, a digital audio cable and an optical audio cable are not the same.",no,no,Incorrect,0.8619
semantic,16,dev_1736,no,"YES, the magnitude of a physical quantity can change with a change in the",yes,yes,Incorrect,0.8357
semantic,16,dev_1737,yes,"NO, you cannot take a jump shot on a free throw. A free throw",no,no,Incorrect,0.8342999999999999
semantic,16,dev_1740,yes,"NO, there is no spongy bone in the medullary cavity",no,no,Incorrect,0.839
semantic,16,dev_1743,no,"I don't know. The accuracy of ""The Last King of Scotland""",i,idk,IDK,0.8335
semantic,16,dev_1749,yes,"Yes, Delhi University and the University of Delhi are the same. The University of",yes,yes,Correct,0.8239
semantic,16,dev_1750,no,"NO, fighting words are not protected under freedom of speech. The ""fight",no,no,Correct,0.833
semantic,16,dev_1757,yes,"Yes, the profit and loss statement and income statement are the same thing. They",yes,yes,Correct,0.8325
semantic,16,dev_1763,yes,"NO, the House of Representatives is a part of Congress, which is the",no,no,Incorrect,0.8198
semantic,16,dev_1775,no,"NO, the NBA playoffs are not played in a 2-3-",no,no,Correct,0.8609
semantic,16,dev_1789,no,"Yes, the spleen is part of the circulatory system because it receives blood",yes,yes,Incorrect,0.8634
semantic,16,dev_1806,no,"NO, the U.S. does not currently issue $1,00",no,no,Correct,0.878
semantic,16,dev_1814,no,YES,yes,yes,Incorrect,0.30360000000000004
semantic,16,dev_1823,yes,"NO, the MLB All-Star Game does not determine World Series home-",no,no,Incorrect,0.8825
semantic,16,dev_1832,no,"NO, there is no real town called Garrison, Colorado. The town",no,no,Correct,0.8211
semantic,16,dev_1849,yes,"NO, in a RACI chart, one person cannot be both Respons",no,no,Incorrect,0.8224
semantic,16,dev_1851,no,YES,yes,yes,Incorrect,0.3424
semantic,16,dev_1857,no,"YES, cows need to give birth to produce milk. The lact",yes,yes,Incorrect,0.8255
semantic,16,dev_1895,yes,"NO, the empty set is not an element of itself. The empty set has",no,no,Incorrect,0.9076000000000001
semantic,16,dev_1906,no,"NO, college football players do not have to enter the NFL Draft to play",no,no,Correct,0.8302
semantic,16,dev_1916,yes,YES,yes,yes,Correct,0.3024
semantic,16,dev_1919,yes,YES,yes,yes,Correct,0.2958
semantic,16,dev_1924,yes,"NO, a car's serial number is not the same as its VIN",no,no,Incorrect,0.8308
semantic,16,dev_1938,no,"NO, the empty set is not an element of the set that contains the empty",no,no,Correct,0.8317
semantic,16,dev_1948,yes,"NO, a chicken is a general term that refers to any domesticated bird",no,no,Incorrect,0.8181
semantic,16,dev_1950,no,"NO, the Gulf of Mexico is not considered an ocean. It is a large",no,no,Correct,2.2244
semantic,16,dev_1960,no,"NO, they are not the same country. The Republic of the Congo (",no,no,Correct,0.8635
semantic,16,dev_1977,no,"NO, according to the natural-born citizen clause in the U.S.",no,no,Correct,0.83
semantic,16,dev_1995,yes,"YES, winning the FA Cup can qualify a team for Europe, as the",yes,yes,Correct,0.8679
semantic,16,dev_1997,yes,"YES, the Alphabet Song and Twinkle, Twinkle, Little Star",yes,yes,Correct,0.859
semantic,16,dev_2009,no,"NO, Color Wonder markers are designed to work only on Color Wonder paper,",no,no,Correct,0.8326
semantic,16,dev_2032,yes,"YES, flies can lay eggs in",yes,yes,Correct,0.8322999999999999
semantic,16,dev_2045,yes,"NO, a Supreme Court justice is not eligible to run for President because they are",no,no,Incorrect,0.8432000000000001
semantic,16,dev_2053,no,YES,yes,yes,Incorrect,0.3158
semantic,16,dev_2061,no,Yes. You can choose who is listed as your next of kin by legally design,yes,yes,Incorrect,0.8463999999999999
semantic,16,dev_2065,yes,"NO, RealFeel is a trademarked term used by The Weather",no,no,Incorrect,0.8294
semantic,16,dev_2068,yes,"NO, Allied Waste and Republic Services are not the same company. All",no,no,Incorrect,1.0643
semantic,16,dev_2078,no,YES,yes,yes,Incorrect,0.3469
semantic,16,dev_2079,yes,YES,yes,yes,Correct,0.3489
semantic,16,dev_2088,no,"Yes, English is the de facto official language of the U.S.",yes,yes,Incorrect,0.8334
semantic,16,dev_2091,no,YES,yes,yes,Incorrect,0.3296
semantic,16,dev_2094,no,YES,yes,yes,Incorrect,0.3054
semantic,16,dev_2095,yes,"NO, Noel Gallagher does not sing ""Don't Look Back",no,no,Incorrect,0.8373999999999999
semantic,16,dev_2139,no,"NO, a passport card is not valid for international air travel. It can",no,no,Correct,0.8453999999999999
semantic,16,dev_2166,yes,"NO, staring at a bright light for a short period of time will not cause",no,no,Incorrect,0.836
semantic,16,dev_2184,no,YES,yes,yes,Incorrect,0.3389
semantic,16,dev_2187,yes,"YES, a player can jump while taking a free throw. However, they",yes,yes,Correct,0.8251000000000001
semantic,16,dev_2192,no,"NO, a colonel is higher than a lieutenant colonel in the military rank",no,no,Correct,0.8661
semantic,16,dev_2196,no,"YES, Red-eared slider turtles lay their eggs on",yes,yes,Incorrect,0.8513999999999999
semantic,16,dev_2199,yes,YES,yes,yes,Correct,0.2955
semantic,16,dev_2204,yes,"NO, it is not safe or recommended to pick someone up by their hair.",no,no,Incorrect,0.8769
semantic,16,dev_2220,no,"YES, the ball is considered dead on an infield fly in baseball.",yes,yes,Incorrect,0.8212999999999999
semantic,16,dev_2224,no,"NO, there is no such thing as a blue ruby. Rubies are",no,no,Correct,1.1042
semantic,16,dev_2232,no,YES,yes,yes,Incorrect,0.32380000000000003
semantic,16,dev_2234,no,"Yes, Pokémon: Let's Go, Eevee! is",yes,yes,Incorrect,0.8745
semantic,16,dev_2237,no,"NO, the Riviera Maya is located on the Caribbean coast of the",no,no,Correct,0.8309
semantic,16,dev_2247,yes,"NO, in New Jersey, it is illegal for a person under the age of",no,no,Incorrect,0.8314
semantic,16,dev_2248,yes,"No, pixel density and resolution are not the same thing. Pixel density refers",no,no,Incorrect,0.8332
semantic,16,dev_2266,no,"YES, the Nissan Pathfinder is classified as a full-size",yes,yes,Incorrect,0.8722000000000001
semantic,16,dev_2275,yes,I don't know. The legality of card counting in Las Vegas can,i,idk,IDK,0.8256
semantic,16,dev_2295,yes,"NO, a unanimous vote means that every eligible voter has cast a",no,no,Incorrect,0.8593
semantic,16,dev_2304,yes,"NO, the House of Representatives is not called Congress. The term ""C",no,no,Incorrect,0.8435
semantic,16,dev_2306,yes,"YES, you can keep doubling your bet on roulette, but it",yes,yes,Correct,0.8397
semantic,16,dev_2310,no,"YES, In-N-Out Burger is a franchise, but it",yes,yes,Incorrect,0.8461000000000001
semantic,16,dev_2315,yes,"NO, centripetal and centrifugal forces are not an action",no,no,Incorrect,0.8362999999999999
semantic,16,dev_2323,no,"NO, the film Tully is not based on a book. It is an",no,no,Correct,0.8215
semantic,16,dev_2328,no,YES,yes,yes,Incorrect,0.31360000000000005
semantic,16,dev_2350,no,"YES, Little House on the Prairie is a work of fiction,",yes,yes,Incorrect,0.832
semantic,16,dev_2382,yes,"NO, the right atrium does not receive blood from the lungs. The right",no,no,Incorrect,0.8801
semantic,16,dev_2387,yes,"NO, Northern Ireland does not have a World Cup team as of yet. They",no,no,Incorrect,0.8409
semantic,16,dev_2388,no,"YES, in some cases, a defendant can be retried if new",yes,yes,Incorrect,0.8438
semantic,16,dev_2396,yes,"NO, semolina flour is not the same as Cream of Wheat",no,no,Incorrect,0.8347
semantic,16,dev_2408,yes,"NO, employment termination and being fired are not the same thing. Employment",no,no,Incorrect,0.8271000000000001
semantic,16,dev_2413,no,YES,yes,yes,Incorrect,0.3029
semantic,16,dev_2428,yes,"NO, a PICC line (Peripherally Inserted Central Cathe",no,no,Incorrect,0.8342999999999999
semantic,16,dev_2433,no,"NO, the ability to have a beard in the military depends on the specific facial",no,no,Correct,0.8605
semantic,16,dev_2434,no,"YES, 'Marcha Real' does have words. It is a",yes,yes,Incorrect,0.8309
semantic,16,dev_2447,no,YES,yes,yes,Incorrect,0.309
semantic,16,dev_2473,yes,"NO, Pokémon Gold, Silver, and Crystal are not the same",no,no,Incorrect,0.8373999999999999
semantic,16,dev_2479,no,"NO, Hong Kong is not inside the Great Firewall of China. It has",no,no,Correct,0.8365
semantic,16,dev_2504,no,"YES, The Strip is located within the city limits of Las Vegas,",yes,yes,Incorrect,0.8392999999999999
semantic,16,dev_2532,yes,"YES, in the case of fetus in fetu, a twin can",yes,yes,Correct,0.8475
semantic,16,dev_2537,no,"No, social studies and social science are not the same. Social studies is an",no,no,Correct,0.8318
semantic,16,dev_2538,no,"NO, War Room is not based on a true story. It is a fict",no,no,Correct,0.8362999999999999
semantic,16,dev_2547,yes,"NO, .224 bullets are not compatible with a .22",no,no,Incorrect,0.8847
semantic,16,dev_2548,no,"NO, the queen bee does not die after she stings. Unlike worker",no,no,Correct,0.8364
semantic,16,dev_2555,no,"NO, lymphoma is not the same as lymph node cancer",no,no,Correct,0.859
semantic,16,dev_2566,no,"YES, a Bachelor of Education is an undergraduate degree. It is a",yes,yes,Incorrect,0.8379
semantic,16,dev_2572,no,"NO, the Channel Islands are not part of Great Britain. They are Crown dependencies",no,no,Correct,0.8172
semantic,16,dev_2577,no,"YES, a soccer kick-off must be directed forward. The ball must",yes,yes,Incorrect,0.8241
semantic,16,dev_2605,yes,"No, .45 Colt and .45 Long Colt are not",no,no,Incorrect,0.8224
semantic,16,dev_2614,yes,"NO, Snow-on-the-Mountain (Aegopodium",no,no,Incorrect,0.8605
semantic,16,dev_2622,no,"NO, 7.62 NATO and .308 Win are",no,no,Correct,0.8274
semantic,16,dev_2634,yes,"YES, there is a ball-in-hand rule in 8-",yes,yes,Correct,0.821
semantic,16,dev_2643,no,"YES, elements of the periodic table are typically capitalized in scientific writing.",yes,yes,Incorrect,0.8496
semantic,16,dev_2655,yes,"NO, Visa Delta and Visa Debit are not the same. Vis",no,no,Incorrect,0.8431000000000001
semantic,16,dev_2656,yes,I don't know. The right of abode and indefinite,i,idk,IDK,0.8248
semantic,16,dev_2690,yes,"NO, Parcelforce is a subsidiary of Royal Mail,",no,no,Incorrect,0.8228
semantic,16,dev_2719,no,"NO, electrons flow in the opposite direction of conventional current, which is model",no,no,Correct,0.8433999999999999
semantic,16,dev_2727,no,"I don't know. The AR-10 is a battle rifle,",i,idk,IDK,0.8332
semantic,16,dev_2750,yes,"YES, cows need to get pregnant to give milk. The lact",yes,yes,Correct,0.8507
semantic,16,dev_2757,yes,YES,yes,yes,Correct,0.3138
semantic,16,dev_2770,yes,"YES, a 9 to 5 schedule can represent a 40",yes,yes,Correct,0.8207000000000001
semantic,16,dev_2791,yes,"No, the gut is not the same as the stomach. The gut refers to",no,no,Incorrect,0.86
semantic,16,dev_2813,yes,YES,yes,yes,Correct,0.303
semantic,16,dev_2821,yes,"NO, nicotine is not classified as a ganglion blocker.",no,no,Incorrect,0.8561
semantic,16,dev_2832,yes,YES,yes,yes,Correct,0.33130000000000004
semantic,16,dev_2838,no,"NO, 'The Prince of Tides' is not based on a true story",no,no,Correct,0.8348
semantic,16,dev_2853,no,"NO, the languages in North and South Korea are not the same. Although they",no,no,Correct,0.82
semantic,16,dev_2870,no,YES,yes,yes,Incorrect,0.3019
semantic,16,dev_2875,yes,I don't know. Aldi and Trader Joe's are separate,i,idk,IDK,2.188
semantic,16,dev_2880,no,"Yes, the County Court Business Centre is a real court. It is a part",yes,yes,Incorrect,0.82
semantic,16,dev_2890,no,"NO, non-permanent members of the Security Council do not have v",no,no,Correct,0.8328
semantic,16,dev_2901,yes,"NO, VW, Audi, and Porsche are not the same",no,no,Incorrect,0.8326
semantic,16,dev_2906,yes,"No, a fidelity bond is a type of crime insurance that provides coverage",no,no,Incorrect,0.8202999999999999
semantic,16,dev_2919,no,"Yes, the",yes,yes,Incorrect,0.6351
semantic,16,dev_2931,yes,"NO, in most countries, the minimum legal drinking age is 21.",no,no,Incorrect,0.8221
semantic,16,dev_2933,no,YES,yes,yes,Incorrect,0.2919
semantic,16,dev_2956,yes,"Yes, a .17 HMR (.17 Hornady Magnum",yes,yes,Correct,0.862
semantic,16,dev_2959,no,"Yes, there is a bridge between Morocco and Spain. The Strait",yes,yes,Incorrect,0.8336
semantic,16,dev_2967,yes,"NO, the Sun never shines from the north for any location on Earth.",no,no,Incorrect,0.8295
semantic,16,dev_2973,no,YES,yes,yes,Incorrect,0.3053
semantic,16,dev_2991,yes,YES,yes,yes,Correct,0.3065
semantic,16,dev_3000,yes,"NO, back ribs are not the same as baby back ribs. Back",no,no,Incorrect,0.8234
semantic,16,dev_3015,yes,"NO, keyless entry and remote start are not the same. Keyless entry",no,no,Incorrect,0.822
semantic,16,dev_3027,no,"NO, a Schengen visa does not allow travel to Ireland as it is",no,no,Correct,0.8222
semantic,16,dev_3029,no,YES,yes,yes,Incorrect,0.30619999999999997
semantic,16,dev_3035,no,YES,yes,yes,Incorrect,0.2924
semantic,16,dev_3040,no,YES,yes,yes,Incorrect,0.2949
semantic,16,dev_3073,no,"NO, top sirloin steak is a specific cut from the sirlo",no,no,Correct,0.8289
semantic,16,dev_3079,yes,"NO, salary is not included in the Cost of Goods Sold (COGS",no,no,Incorrect,0.8339
semantic,16,dev_3089,yes,"NO, a peach is not part of the almond family. Peaches",no,no,Incorrect,0.8238
semantic,16,dev_3105,yes,"NO, a neutral wire should not be connected to ground under normal circumstances. The",no,no,Incorrect,0.8377
semantic,16,dev_3106,yes,"Yes, high-rise and high-waisted jeans are often used interchange",yes,yes,Correct,0.8367
semantic,16,dev_3107,yes,"Yes, there have been recess appointments to the Supreme Court in U.",yes,yes,Correct,0.8373999999999999
semantic,16,dev_3122,no,YES,yes,yes,Incorrect,0.3367
semantic,16,dev_3143,no,"NO, the Republic of Ireland is not part of the Schengen visa area",no,no,Correct,0.8325
semantic,16,dev_3173,no,"YES, a private equity fund is considered a financial institution because it manages",yes,yes,Incorrect,0.8281000000000001
semantic,16,dev_3183,no,YES,yes,yes,Incorrect,0.2939
semantic,16,dev_3187,yes,"Yes, Batman Forever is a sequel to Batman Returns. It",yes,yes,Correct,1.0255
semantic,16,dev_3204,no,Yes. The fundus of the gallbladder is located near the c,yes,yes,Incorrect,0.8378
semantic,16,dev_3212,yes,"Yes, a physical address is the same as a MAC address. The MAC address",yes,yes,Correct,0.8378
semantic,16,dev_3221,no,"NO, pool water does not change color if you pee in it. The",no,no,Correct,0.8319
semantic,16,dev_3231,yes,"NO, the standard error is not the same as the standard deviation. While",no,no,Incorrect,0.82
semantic,16,dev_3232,yes,"NO, corn starch and corn flour are not the same. Corn starch",no,no,Incorrect,0.8376
semantic,16,dev_3238,yes,"NO, the non-striker cannot be run out by the bowler.",no,no,Incorrect,0.8376
semantic,16,dev_3239,yes,"NO, the Conn Smythe Trophy is awarded to the most valuable",no,no,Incorrect,0.8433999999999999
semantic,16,dev_3241,yes,"NO, Romania was not part of the Austro-Hungarian Empire",no,no,Incorrect,0.8278
semantic,16,dev_3242,yes,"YES, a Ruby and a Sapphire can form a Garn",yes,yes,Correct,2.1908000000000003
semantic,16,dev_0031,yes,YES,yes,yes,Correct,0.3321
semantic,16,dev_0148,yes,"YES, Sméagol (Gollum) dies in 'The",yes,yes,Correct,0.8305
semantic,16,dev_0178,yes,YES,yes,yes,Correct,0.3015
semantic,16,dev_0410,yes,"NO, Revenge of the Mummy is not a roller coaster.",no,no,Incorrect,0.8345
semantic,16,dev_0419,yes,YES,yes,yes,Correct,0.30589999999999995
semantic,16,dev_0448,yes,YES,yes,yes,Correct,0.3317
semantic,16,dev_0224,no,"NO, 'The Outsiders' is not based on a true story.",no,no,Correct,0.8677
semantic,16,dev_0317,no,I don't know. While some people may naturally have an easier time developing,i,idk,IDK,0.8338
semantic,16,dev_0368,no,"NO, The Color Purple is a work of fiction, not based on a",no,no,Correct,0.8619
semantic,16,dev_0507,no,"NO, the girl does not die in Brain on Fire. The memoir",no,no,Correct,0.8188
semantic,16,dev_0603,no,"NO, the Seven Ages of Man is not a sonnet. It is",no,no,Correct,0.8488
semantic,16,dev_0938,no,"NO, ""House of the Rising Sun"" is not about Vietnam.",no,no,Correct,0.822
semantic,16,dev_0076,yes,I don't know. The reproductive biology of ferrets kept,i,idk,IDK,0.8623999999999999
semantic,16,dev_0459,yes,"Yes, it matters which DNA strand is transcribed. The template strand",yes,yes,Correct,0.8435
semantic,16,dev_0502,yes,"NO, a kingsnake is not immune to rattlesnake ven",no,no,Incorrect,0.8606
semantic,16,dev_0580,yes,"NO, female and male blue jays do not look the same. Female",no,no,Incorrect,0.8646
semantic,16,dev_1089,yes,"NO, it is not possible to remove the venom glands from a snake",no,no,Incorrect,0.8348
semantic,16,dev_1153,yes,"NO, Melaleuca and tea tree are not the same thing. While",no,no,Incorrect,0.8647999999999999
semantic,16,dev_1315,yes,I don't know. The strength of intermolecular forces depends on,i,idk,IDK,0.8693
semantic,16,dev_1482,yes,"NO, muscle fibers are made up of multiple muscle cells, also known as",no,no,Incorrect,0.828
semantic,16,dev_1568,yes,"NO, a vulture is not the same as a buzzard. Vult",no,no,Incorrect,0.849
semantic,16,dev_1968,yes,"NO, a turtle is not the same as a tortoise. T",no,no,Incorrect,0.8522000000000001
semantic,16,dev_2223,yes,I don't know. While the Turritopsis dohrnii j,i,idk,IDK,0.86
semantic,16,dev_2420,yes,"I don't know. The term ""rain crow"" is not univers",i,idk,IDK,0.8262999999999999
semantic,16,dev_2882,yes,"NO, Redback spiders (Latrodectus hasselti)",no,no,Incorrect,0.8587
semantic,16,dev_2899,yes,"YES, Dalmatians can continue to develop new spots as they grow,",yes,yes,Correct,0.8349
semantic,16,dev_2910,yes,"NO, taro root is not the same as elephant ears. Elephant",no,no,Incorrect,0.8512000000000001
semantic,16,dev_0713,no,"YES, a cow has to be pregnant to lactate. The la",yes,yes,Incorrect,0.8332
semantic,16,dev_0816,no,"NO, the spinal cord and vertebral column are not the same",no,no,Correct,0.8312
semantic,16,dev_0911,no,"NO, the ring finger does not connect directly to the heart. The miscon",no,no,Correct,0.83
semantic,16,dev_0997,no,"NO, surgical spirit and rubbing alcohol are not the same thing. S",no,no,Correct,2.1759
semantic,16,dev_1258,no,"NO, the umbilical cord is not inside the amniotic sac",no,no,Correct,0.8298
semantic,16,dev_1422,no,"NO, root hairs do not occur along the entire length of a root.",no,no,Correct,0.8277
semantic,16,dev_2120,no,YES,yes,yes,Incorrect,0.29419999999999996
semantic,16,dev_2353,no,"NO, bees and hornets have different venom. Bees produce a",no,no,Correct,0.8322
semantic,16,dev_2441,no,"YES, it is possible to have a boy and a girl identical twins",yes,yes,Incorrect,0.8511
semantic,16,dev_2087,no,"NO, sperm whales are not currently listed as endangered on the",no,no,Correct,0.8335
semantic,16,dev_2215,no,"NO, the two chromosomes in a pair are not identical. They are",no,no,Correct,0.8617999999999999
semantic,16,dev_2503,no,"No, a catbird is not the same as a mockingbird. While",no,no,Correct,0.8685
semantic,16,dev_2652,no,"YES, most baby birds have an egg tooth, which is a small,",yes,yes,Incorrect,0.8632000000000001
semantic,16,dev_2850,no,"Yes, there is always a stinger in a bee sting. Be",yes,yes,Incorrect,0.8322
semantic,16,dev_3062,no,"NO, black and yellow garden spiders (Argiope aurantia)",no,no,Correct,0.8344
semantic,16,dev_0400,yes,"Yes, a profit and loss account is the same as an income statement. Both",yes,yes,Correct,2.2235
semantic,16,dev_0432,yes,YES,yes,yes,Correct,0.31189999999999996
semantic,16,dev_0446,yes,"YES, Bi-Mart is a membership retail store and customers are required to",yes,yes,Correct,0.8365
semantic,16,dev_0455,yes,"YES, the new Indian motorcycles are made in America, specifically at",yes,yes,Correct,0.8304
semantic,16,dev_0472,yes,"NO, Toys R Us and Babies R Us are not the same company",no,no,Incorrect,0.8281000000000001
semantic,16,dev_0524,yes,"Yes, there are In-N-Out Burger locations in Nevada. The",yes,yes,Correct,0.833
semantic,16,dev_0767,yes,"YES, the Canadian dollar has been worth more than the American dollar in the",yes,yes,Correct,0.851
semantic,16,dev_0875,yes,"NO, there are no $1,000 bills currently in circulation in",no,no,Incorrect,0.8269
semantic,16,dev_0950,yes,YES,yes,yes,Correct,0.2979
semantic,16,dev_1023,yes,"YES, a mortgage loan originator is often referred to as a loan officer",yes,yes,Correct,0.8659
semantic,16,dev_1171,yes,"YES, money from Guernsey is legal tender in the UK. Gu",yes,yes,Correct,0.8324
semantic,16,dev_1207,yes,YES,yes,yes,Correct,0.3043
semantic,16,dev_1299,yes,"Yes, net earnings and net income are the same. Net earnings is another term",yes,yes,Correct,0.8261000000000001
semantic,16,dev_0157,no,"NO, not all eyeglasses are made by the same company. There",no,no,Correct,0.8251000000000001
semantic,16,dev_0371,no,"NO, National and Enterprise car rental are separate companies, but they are both owned",no,no,Correct,0.833
semantic,16,dev_0621,no,"YES, it can cost money to get cash back, depending on the bank",yes,yes,Incorrect,0.8309
semantic,16,dev_0699,no,"I don't know. As of my last update, Aldi is one",i,idk,IDK,0.8234
semantic,16,dev_0954,no,I don't know. The circulation of £2 coins can change over time,i,idk,IDK,0.8316
semantic,16,dev_1050,no,"NO, White Castle is not only on the East Coast. It originated in",no,no,Correct,0.8348
semantic,16,dev_1208,no,"NO, there are no Sam's Clubs in Canada. Walmart Canada",no,no,Correct,0.8238
semantic,16,dev_1257,no,I don't know. Home Bargains and Quality Save are both discount,i,idk,IDK,0.8231
semantic,16,dev_1805,no,"NO, $10,000 bills are no longer in circulation in",no,no,Correct,0.8236
semantic,16,dev_1876,no,"I don't know. As of my last update, Montgomery Ward has",i,idk,IDK,0.8272
semantic,16,dev_2290,no,"Yes, GDP per capita and per capita income are essentially the same",yes,yes,Incorrect,0.8411000000000001
semantic,16,dev_2444,no,"No, land tax and property tax are not the same. Land tax is a",no,no,Correct,0.8425
semantic,16,dev_0250,yes,"YES, they celebrate Father's Day in the Netherlands. It is celebrated",yes,yes,Correct,0.8227000000000001
semantic,16,dev_0337,yes,"YES, The King's Birthday is a public holiday in Victoria,",yes,yes,Correct,0.825
semantic,16,dev_0386,yes,"YES, there is a red-light district in Brussels, located",yes,yes,Correct,0.8466
semantic,16,dev_0591,yes,"NO, Copa Airlines is not part of the Star Alliance. It is a member",no,no,Incorrect,0.8416
semantic,16,dev_0746,yes,"YES, June 12 is a holiday in the Philippines. It is",yes,yes,Correct,0.8246
semantic,16,dev_0845,yes,"Yes, new car engines do require a break-in period. This is a",yes,yes,Correct,0.8327
semantic,16,dev_0855,yes,YES,yes,yes,Correct,0.30210000000000004
semantic,16,dev_0915,yes,YES,yes,yes,Correct,0.2915
semantic,16,dev_0945,yes,"NO, thread seal tape is not the same as Teflon tape. Thread",no,no,Incorrect,0.8315
semantic,16,dev_0021,no,"NO, a P.O. Box comes after the street address in a mail",no,no,Correct,0.8356
semantic,16,dev_0490,no,"NO, American citizens do not need a visa for Georgia for stays of up to",no,no,Correct,0.8461000000000001
semantic,16,dev_0581,no,"NO, a peck is not the same as a bushel. A pe",no,no,Correct,0.8185
semantic,16,dev_0631,no,"NO, the post office does not run on Memorial Day, which is a federal",no,no,Correct,0.8573999999999999
semantic,16,dev_0691,no,"YES, you do not need a stamp if it says ""Freep",yes,yes,Incorrect,0.8346
semantic,16,dev_0783,no,"NO, the Honda CRF 250 is a 4-",no,no,Correct,0.8403999999999999
semantic,16,dev_0787,no,"YES, the BMW 1 Series is front-wheel drive.",yes,yes,Incorrect,0.8181
semantic,16,dev_0825,no,"NO, the Waterloo & City line does not run on Sundays.",no,no,Correct,0.8202999999999999
semantic,16,dev_0885,no,"YES, UK citizens need a visa for Albania. However, they can",yes,yes,Incorrect,0.8656
semantic,16,dev_0089,yes,YES,yes,yes,Correct,0.2943
semantic,16,dev_0095,yes,YES,yes,yes,Correct,0.2958
semantic,16,dev_0211,yes,"YES, Murphy Brown had a baby on the show. The character gave birth",yes,yes,Correct,0.8252999999999999
semantic,16,dev_0238,yes,"NO, Beau Abbott is not a character in ""A Quiet Place",no,no,Incorrect,0.8662000000000001
semantic,16,dev_0252,yes,Yes. The Lizzie McGuire movie was filmed in Rome.,yes,yes,Correct,0.8341000000000001
semantic,16,dev_0256,yes,"NO, The",no,no,Incorrect,0.8252999999999999
semantic,16,dev_0266,yes,YES,yes,yes,Correct,0.3073
semantic,16,dev_0310,yes,I don't know. The specifics of contestant compensation for Surviv,i,idk,IDK,0.8509
semantic,16,dev_0359,yes,YES,yes,yes,Correct,0.3053
semantic,16,dev_0422,yes,"YES, Lucas and Peyton come back to One Tree Hill. They",yes,yes,Correct,0.8286
semantic,16,dev_0040,no,"NO, as of now, there is no official sequel to the movie """,no,no,Correct,0.8607
semantic,16,dev_0080,no,I don't know. The question does not provide enough context to determine if,i,idk,IDK,0.8587
semantic,16,dev_0100,no,"NO, the girl in The Lost World, Dr. Sarah Harding, does",no,no,Correct,0.8302
semantic,16,dev_0240,no,"NO, The Walking Dead and Fear the Walking Dead are separate television",no,no,Correct,0.8452000000000001
semantic,16,dev_0247,no,"I don't know. The film ""Let There Be Light"" is a",i,idk,IDK,0.8317
semantic,16,dev_0260,no,"NO, they did not use a real gorilla in Mighty Joe Young",no,no,Correct,0.8305
semantic,16,dev_0277,no,YES,yes,yes,Incorrect,0.3008
semantic,16,dev_0290,no,"NO, Elena does not die for good in The Vampire Diaries",no,no,Correct,0.8214
semantic,16,dev_0303,no,I don't know. The character Arizona Robbins is played by Sara,i,idk,IDK,0.8301000000000001
semantic,16,dev_0231,yes,"YES, Penne alla vodka contains dairy because it is made with",yes,yes,Correct,0.8302999999999999
semantic,16,dev_0401,yes,"NO, whole wheat rice is not the same as brown rice. Whole wheat",no,no,Incorrect,0.8456
semantic,16,dev_0420,yes,"YES, red velvet cake is not chocolate cake, but it is often",yes,yes,Correct,0.8287
semantic,16,dev_0571,yes,"NO, Chicken cordon bleu is not made with blue cheese. It",no,no,Incorrect,0.8311000000000001
semantic,16,dev_0583,yes,"NO, pork back ribs are not the same as baby back ribs",no,no,Incorrect,0.8507
semantic,16,dev_0765,yes,"YES, salted duck eggs need to be cooked before consumption. The eggs",yes,yes,Correct,0.8406
semantic,16,dev_0778,yes,"YES, a cookie sheet and a sheet pan are essentially the same thing.",yes,yes,Correct,0.8312999999999999
semantic,16,dev_0815,yes,"NO, Sprite does not have lemon and lime in it. It is",no,no,Incorrect,0.8235
semantic,16,dev_0073,no,"NO, blue and pink cotton candy do not taste the same. Blue cotton candy",no,no,Correct,0.8308
semantic,16,dev_0491,no,"NO, picante sauce and taco sauce are not the same. P",no,no,Correct,0.8324
semantic,16,dev_0615,no,"NO, rice noodles and glass noodles are not the same.",no,no,Correct,0.8351000000000001
semantic,16,dev_0868,no,"NO, Fruit Roll-Ups are not made with real fruit. They",no,no,Correct,0.8325
semantic,16,dev_0880,no,"NO, Thousand Island dressing and French dressing are not the same. Th",no,no,Correct,0.8403999999999999
semantic,16,dev_0953,no,"NO, Monster energy drinks do not contain alcohol.",no,no,Correct,0.6427
semantic,16,dev_0985,no,"NO, Long Island Iced Teas do not have tea in them. The",no,no,Correct,0.8473999999999999
semantic,16,dev_0136,yes,Yes.,yes,yes,Correct,0.2931
semantic,16,dev_0367,yes,"YES, Devil May Cry 5 is set after Devil May Cry",yes,yes,Correct,0.8327
semantic,16,dev_0618,yes,"YES, Dying Light: The Following Enhanced Edition includes the original",yes,yes,Correct,0.8319
semantic,16,dev_0720,yes,"YES, State of Decay is co-op on Xbox One. Players",yes,yes,Correct,0.8467
semantic,16,dev_0770,yes,"NO, the numbers on a roulette wheel do not add up to 6",no,no,Incorrect,0.832
semantic,16,dev_0835,yes,"YES, Pokémon Let's Go Pikachu and Let",yes,yes,Correct,0.8218
semantic,16,dev_0896,yes,YES,yes,yes,Correct,0.306
semantic,16,dev_0434,no,"NO, not all Xbox games are compatible with the Xbox One. Some Xbox games",no,no,Correct,0.824
semantic,16,dev_0489,no,"YES, the Far Cry games are connected through shared characters, locations, and",yes,yes,Incorrect,0.8297
semantic,16,dev_0852,no,"YES, Phase 10 can be played with 7 players. However",yes,yes,Incorrect,0.8197000000000001
semantic,16,dev_0870,no,"NO, a Paladin does not have to be Lawful Good. While",no,no,Correct,0.8326
semantic,16,dev_1148,no,"NO, RollerCoaster Tycoon World is not available for Mac.",no,no,Correct,0.8344
semantic,16,dev_2595,no,"NO, ""A Way Out"" is not a single-player game. It",no,no,Correct,0.8426
semantic,16,dev_0281,yes,YES,yes,yes,Correct,0.3014
semantic,16,dev_0528,yes,YES,yes,yes,Correct,0.3039
semantic,16,dev_0547,yes,"YES, there is a toll on the Battery Tunnel, which is",yes,yes,Correct,0.8383999999999999
semantic,16,dev_0623,yes,"NO, the George Washington Bridge is not a one-way toll. It is",no,no,Incorrect,0.8207000000000001
semantic,16,dev_0626,yes,"YES, Skyline Drive is part of the Blue Ridge Parkway. It",yes,yes,Correct,0.8642000000000001
semantic,16,dev_0686,yes,"NO, Edinburgh Castle is not built on top of a volcano. It",no,no,Incorrect,0.8199
semantic,16,dev_0822,yes,"I don't know. Marble Falls, TX is a city in the",i,idk,IDK,0.8277
semantic,16,dev_1210,yes,I don't know. Caesar's Creek is a reservoir in,i,idk,IDK,0.8705
semantic,16,dev_0374,no,"NO, San Pedro, Laguna is not part of Metro Manila. It",no,no,Correct,0.8599
semantic,16,dev_0900,no,"NO, Fort Walton Beach and Destin are two separate cities located along the",no,no,Correct,0.8357
semantic,16,dev_0913,no,"NO, there is no real Porpoise Spit in Australia. It is",no,no,Correct,0.8311000000000001
semantic,16,dev_1234,no,"NO, there is no Gulf Stream in the Pacific. The Kuroshio",no,no,Correct,0.8591
semantic,16,dev_1360,no,"Yes, there is a lake in Lake Hiawatha, NJ",yes,yes,Incorrect,0.8834
semantic,16,dev_1544,no,"NO, I-30 in Dallas is not a toll road. However,",no,no,Correct,0.8416
semantic,16,dev_1588,no,"NO, Lake George is a natural lake. It was formed by glacial",no,no,Correct,0.8632000000000001
semantic,16,dev_0344,yes,"NO, it is not possible to build up an immunity to arsenic",no,no,Incorrect,0.8712000000000001
semantic,16,dev_0379,yes,"Yes, New England Baptist Hospital is a teaching hospital. It is affiliated",yes,yes,Correct,0.8221
semantic,16,dev_0474,yes,I don't know. It is not accurate to say that a specific diet,i,idk,IDK,0.8683
semantic,16,dev_0614,yes,I don't know. While both cold water baths and ice baths,i,idk,IDK,0.8693
semantic,16,dev_0655,yes,"Yes, a hiatal hernia can potentially cause an irregular heartbeat,",yes,yes,Correct,0.8207000000000001
semantic,16,dev_1195,yes,"YES, but it is extremely rare and requires immediate medical attention. The blue",yes,yes,Correct,0.8693
semantic,16,dev_1197,yes,"NO, an ectopic pregnancy cannot be carried to term. An ect",no,no,Incorrect,0.8707999999999999
semantic,16,dev_1313,yes,I don't know. While both relative risk and risk ratio are measures of,i,idk,IDK,0.8472000000000001
semantic,16,dev_1564,yes,"YES, PCP and angel dust are the same thing. Angel dust is",yes,yes,Correct,0.8677999999999999
semantic,16,dev_0078,no,Yes,yes,yes,Incorrect,0.3123
semantic,16,dev_0166,no,"YES, that is a common interpretation of the 'five-a-day",yes,yes,Incorrect,0.8467
semantic,16,dev_0851,no,"YES, attending a first aid course can be part of the chain of survival",yes,yes,Incorrect,0.8585
semantic,16,dev_0861,no,"YES, a junctional rhythm does have a P wave, but it",yes,yes,Incorrect,0.851
semantic,16,dev_0872,no,I don't know. The severity of a burn is not determined solely,i,idk,IDK,0.8696
semantic,16,dev_1554,no,"I don't know. The term ""chronic Lyme disease"" is",i,idk,IDK,0.8659
semantic,16,dev_1719,no,"Yes, extended release and sustained release are often used interchangeably to refer to",yes,yes,Incorrect,0.8418
semantic,16,dev_1991,no,I don't know. While there is a nerve called the 'anatom,i,idk,IDK,2.2058
semantic,16,dev_2115,no,I don't know. The health implications of being a sumo wrestler,i,idk,IDK,0.8342999999999999
semantic,16,dev_0105,yes,YES,yes,yes,Correct,0.29369999999999996
semantic,16,dev_0125,yes,"NO, there were no known survivors of the Pompeii eruption.",no,no,Incorrect,0.841
semantic,16,dev_0191,yes,Yes,yes,yes,Correct,0.2554
semantic,16,dev_1292,yes,YES,yes,yes,Correct,0.2953
semantic,16,dev_1338,yes,"NO, it did not rain oil during the Gulf War. The misconception",no,no,Incorrect,0.8319
semantic,16,dev_0388,no,"NO, integration was not the rule in the northern states. While the North was",no,no,Correct,0.8324
semantic,16,dev_0703,no,I don't know. The Peacock Throne was a famous,i,idk,IDK,0.8467
semantic,16,dev_0833,no,"YES, bodies were found from the Edmund Fitzgerald. The wreck",yes,yes,Incorrect,0.839
semantic,16,dev_0874,no,I don't know. The question is about the Alcatraz prison escape,i,idk,IDK,0.8339
semantic,16,dev_1651,no,"YES, there are still tin mines operating in Cornwall, England. Although",yes,yes,Incorrect,0.8407
semantic,16,dev_0072,yes,"NO, you do not need a Possession and Acquisition License (P",no,no,Incorrect,0.817
semantic,16,dev_0258,yes,"NO, as of 2021, the sale of alcohol in Wisconsin",no,no,Incorrect,0.8258
semantic,16,dev_0286,yes,YES,yes,yes,Correct,0.2925
semantic,16,dev_0348,yes,"NO, you cannot own a skunk in the UK due to the Danger",no,no,Incorrect,0.8302999999999999
semantic,16,dev_0467,yes,"Yes, a certification of birth is the same as a birth certificate. It is",yes,yes,Correct,0.8342
semantic,16,dev_0515,yes,I don't know. The ability to obtain a restraining order against a,i,idk,IDK,0.8422999999999999
semantic,16,dev_0562,yes,I don't know. The validity of Texas concealed carry permits,i,idk,IDK,0.8329
semantic,16,dev_0636,yes,I don't know. The laws regarding carrying a gun in California can be,i,idk,IDK,0.8362
semantic,16,dev_0740,yes,YES,yes,yes,Correct,0.3009
semantic,16,dev_0838,yes,"YES, in Quebec, you can turn right on a red light after stopping",yes,yes,Correct,0.8294
semantic,16,dev_0864,yes,"NO, in the state of Ohio, open carry is legal with a valid permit",no,no,Incorrect,0.8319
semantic,16,dev_0873,yes,"Yes, you can drive a car with a learner's permit, but",yes,yes,Correct,2.1899
semantic,16,dev_0901,yes,"Yes, it is generally illegal to drive over a median, as it is designed",yes,yes,Correct,0.833
semantic,16,dev_0909,yes,I don't know. The use of an X as a signature can depend,i,idk,IDK,0.8302
semantic,16,dev_1134,yes,"YES, New York State is a common law state.",yes,yes,Correct,0.6812999999999999
semantic,16,dev_0198,no,"NO, as of 2021, New Hampshire does not require a",no,no,Correct,0.841
semantic,16,dev_0215,no,I don't know. The operating hours of liquor stores can vary by,i,idk,IDK,0.8224
semantic,16,dev_0223,no,"NO, it is not illegal to record covers of songs, but it is important",no,no,Correct,0.8295
semantic,16,dev_0234,no,I don't know. The answer depends on the jurisdiction. In some,i,idk,IDK,0.8561
semantic,16,dev_0272,no,I don't know. The ability of trucks to use the Taconic,i,idk,IDK,0.8332999999999999
semantic,16,dev_0453,no,"NO, there are no states in the United States where you can marry your sib",no,no,Correct,0.8311000000000001
semantic,16,dev_0499,no,"NO, a Puerto Rican resident cannot vote for president because Puerto Rico is an",no,no,Correct,0.8361000000000001
semantic,16,dev_0552,no,"NO, inmates are typically not allowed to have personal phones in prison. However",no,no,Correct,0.8322999999999999
semantic,16,dev_0680,no,"YES, there is a time limit on trade secrets. In the United States",yes,yes,Incorrect,0.8352999999999999
semantic,16,dev_0738,no,"YES, Taiwan is a member of the Paris Convention. Taiwan joined the Paris",yes,yes,Incorrect,0.8482000000000001
semantic,16,dev_0771,no,"In the United States, payola (the illegal practice of paying radio stations to",in,other,NC,0.8892
semantic,16,dev_0888,no,"NO, no Supreme Court justice has ever been removed from office through the impe",no,no,Correct,0.8371000000000001
semantic,16,dev_1135,no,"NO, a certified copy is not the same as an original in the UK.",no,no,Correct,0.8241
semantic,16,dev_1188,no,"NO, a dishonorable discharge from the military can result in a loss",no,no,Correct,0.8311000000000001
semantic,16,dev_0339,yes,I don't know. The specific entry requirements for a U.S.,i,idk,IDK,0.8747999999999999
semantic,16,dev_0357,yes,I don't know. The requirement to complete the American Community Survey depends on,i,idk,IDK,0.8428
semantic,16,dev_0498,yes,YES,yes,yes,Correct,0.292
semantic,16,dev_0620,yes,"Yes. The United Nations has intervened in several conflicts involving Pakistan, including the",yes,yes,Correct,0.8226
semantic,16,dev_0878,yes,"NO, the national government and the federal government are not the same thing. The",no,no,Incorrect,0.8644
semantic,16,dev_1864,yes,YES,yes,yes,Correct,0.3428
semantic,16,dev_2080,yes,YES,yes,yes,Correct,0.3202
semantic,16,dev_2395,yes,"NO, the Governor-General does not have to sign all bills passed by federal",no,no,Incorrect,0.8244
semantic,16,dev_2639,yes,"YES, Canada is a member of the United Nations",yes,yes,Correct,0.8052
semantic,16,dev_3155,yes,"Yes, military personnel who serve in Korea are eligible to receive overseas service bars.",yes,yes,Correct,0.8188
semantic,16,dev_3209,yes,Yes,yes,yes,Correct,0.26489999999999997
semantic,16,dev_0209,no,"NO, Israel is not part of the European Economic Area (EEA). The",no,no,Correct,0.8239
semantic,16,dev_0273,no,"YES, drivers traveling in both directions on the George Washington Bridge are required to",yes,yes,Incorrect,0.8666
semantic,16,dev_0404,no,YES,yes,yes,Incorrect,0.33030000000000004
semantic,16,dev_0567,no,"NO, Romania is not part of the Visa Waiver Program.",no,no,Correct,0.8452000000000001
semantic,16,dev_0675,no,"YES, Saudi Arabia has signed the Universal Declaration of",yes,yes,Incorrect,0.8337
semantic,16,dev_1172,no,"NO, Turkey is not a part of the European Union yet. It is currently",no,no,Correct,0.8232
semantic,16,dev_1275,no,I don't know. The policy on wearing state awards on active duty can,i,idk,IDK,0.8365
semantic,16,dev_1971,no,"NO, Bosnia and Herzegovina is not part of the European Union",no,no,Correct,0.8512000000000001
semantic,16,dev_2001,no,"NO, the President does not have the authority to pardon someone convicted of a",no,no,Correct,0.8317
semantic,16,dev_3004,no,"NO, the Right to Buy scheme was introduced in the UK in 19",no,no,Correct,0.825
semantic,16,dev_3256,no,"No, there is not a camera on all traffic lights. While some intersections",no,no,Correct,0.8204
semantic,16,dev_1132,yes,"No, pink quartz is not the same as rose quartz. While they",no,no,Incorrect,0.8217000000000001
semantic,16,dev_1233,yes,"NO, temperature does not remain constant in an adiabatic process. An",no,no,Incorrect,0.8377
semantic,16,dev_1511,yes,"NO, the heat index is not the same as ""RealFeel."" While",no,no,Incorrect,0.8502000000000001
semantic,16,dev_1633,yes,"NO, nail acetone and paint acetone are not the same.",no,no,Incorrect,0.8249
semantic,16,dev_2007,yes,"NO, Liquefied Petroleum Gas (LPG) is not",no,no,Incorrect,0.8332
semantic,16,dev_2214,yes,"I don't know. The term ""dry water"" is not a",i,idk,IDK,0.8625
semantic,16,dev_2239,yes,"YES, the speed of sound does vary with frequency at constant temperature, a",yes,yes,Correct,0.8326
semantic,16,dev_2299,yes,"NO, it cannot rain if there are no clouds. Rain requires the presence of",no,no,Incorrect,2.194
semantic,16,dev_2303,yes,YES,yes,yes,Correct,0.31939999999999996
semantic,16,dev_2477,yes,"NO, 0 is not in the set of natural numbers. Natural numbers start",no,no,Incorrect,0.8262
semantic,16,dev_2993,yes,I don't know. While the terms eidetic memory and photographic,i,idk,IDK,0.8277
semantic,16,dev_3126,yes,"Yes, there is such a thing as an upside-down rainbow,",yes,yes,Correct,0.831
semantic,16,dev_3188,yes,"NO, a turkey vulture is not the same as a buzzard.",no,no,Incorrect,0.8304
semantic,16,dev_3193,yes,"YES, the Georgia Aquarium does have whale sharks.",yes,yes,Correct,0.7465
semantic,16,dev_3234,yes,"NO, a rhombus is not the same as a diamond. A rh",no,no,Incorrect,0.8241
semantic,16,dev_3265,yes,I don't know. The Titius-Bode rule is a mathematical,i,idk,IDK,0.8329
semantic,16,dev_0001,no,I don't know. The energy balance of ethanol production depends on,i,idk,IDK,0.8555
semantic,16,dev_0579,no,"YES, you can hear the ocean in a seashell, but it'",yes,yes,Incorrect,0.8262999999999999
semantic,16,dev_1003,no,YES,yes,yes,Incorrect,0.30360000000000004
semantic,16,dev_1483,no,"NO, a meter stick and a yardstick are not the same. A meter",no,no,Correct,0.833
semantic,16,dev_1551,no,"YES, Australia is part of the Ring of Fire, although it is not",yes,yes,Incorrect,0.8307
semantic,16,dev_1702,no,"NO, a Pterodactylus is not the same as a P",no,no,Correct,0.8417
semantic,16,dev_1925,no,"NO, percent difference and percent change are not the same. Percent difference refers",no,no,Correct,0.8325
semantic,16,dev_2025,no,"NO, the load is not the pivot point of a lever. The p",no,no,Correct,0.8235
semantic,16,dev_2312,no,"NO, turpentine and white spirit are not the same thing. While both",no,no,Correct,0.8359
semantic,16,dev_2471,no,YES,yes,yes,Incorrect,0.3008
semantic,16,dev_2521,no,"NO, the t-distribution does not have a standard deviation of",no,no,Correct,0.8328
semantic,16,dev_2782,no,"Yes, the hydronium ion (H3O+) and hydrogen",yes,yes,Incorrect,0.8652000000000001
semantic,16,dev_2812,no,"YES, the bottom of the ocean is generally saltier than the surface due",yes,yes,Incorrect,0.8399
semantic,16,dev_3014,no,"YES, the days do get longer and shorter at the Equator, but",yes,yes,Incorrect,0.8479
semantic,16,dev_3034,no,I don't know. Hydraulic lime and hydr,i,idk,IDK,0.8345
semantic,16,dev_3159,no,"No, a chipmunk is not the same as a ground squirrel",no,no,Correct,0.8588
semantic,16,dev_3190,no,"NO, Mahi-Mahi and Ahi Tuna are not the",no,no,Correct,0.8312
semantic,16,dev_0682,yes,"NO, a sermon and a homily are not the same. A",no,no,Incorrect,0.8262
semantic,16,dev_0735,yes,YES,yes,yes,Correct,0.29369999999999996
semantic,16,dev_1505,yes,"YES, the University of St. Thomas is a nonprofit institution.",yes,yes,Correct,0.7854
semantic,16,dev_1668,yes,YES,yes,yes,Correct,0.3065
semantic,16,dev_2373,yes,"NO, 'Lord of All Hopefulness' is not traditionally considered a",no,no,Incorrect,0.8432999999999999
semantic,16,dev_2793,yes,"YES, Eastern Kentucky University is a Division I school. It is a member",yes,yes,Correct,0.8462999999999999
semantic,16,dev_2929,yes,"NO, child psychology and developmental psychology are not the same. Child psychology focuses",no,no,Incorrect,0.8305
semantic,16,dev_0605,no,Yes. Brigham Young University (BYU) is a private university owned,yes,yes,Incorrect,0.8312999999999999
semantic,16,dev_0908,no,"I don't know. To find the answer, you would need to check",i,idk,IDK,0.8623
semantic,16,dev_1388,no,"NO, UCL (University College London) is a constituent college of",no,no,Correct,0.8346
semantic,16,dev_1521,no,I don't know. Sweden does not have a policy of paying students to,i,idk,IDK,0.8755
semantic,16,dev_2334,no,"NO, the Book of Jasher is not in the Bible. It is",no,no,Correct,0.8623
semantic,16,dev_2641,no,I don't know. The use of hyphens in double-barrel,i,idk,IDK,1.0829000000000002
semantic,16,dev_0347,yes,"YES, the Women's College World Series is a double-elim",yes,yes,Correct,0.8502000000000001
semantic,16,dev_0411,yes,I don't know. The Redskins' defensive scheme can change from,i,idk,IDK,0.8563
semantic,16,dev_0439,yes,"YES, the Brewers have made it to the World Series. They appeared",yes,yes,Correct,0.8633
semantic,16,dev_0452,yes,"NO, Belgium has not yet reached the World Cup final.",no,no,Incorrect,0.7098
semantic,16,dev_0585,yes,"YES, in rugby league, players can push during a scrum. However",yes,yes,Correct,0.844
semantic,16,dev_0656,yes,"NO, Kaká did not play in the 2002 World",no,no,Incorrect,0.8312999999999999
semantic,16,dev_0661,yes,YES,yes,yes,Correct,0.29510000000000003
semantic,16,dev_0701,yes,YES,yes,yes,Correct,0.3336
semantic,16,dev_0704,yes,YES,yes,yes,Correct,0.3345
semantic,16,dev_0752,yes,"NO, there is no mercy rule in professional soccer. The game continues until the",no,no,Incorrect,0.822
semantic,16,dev_0848,yes,"NO, in most cases, you cannot sign free agents outside the transfer window as",no,no,Incorrect,0.8311000000000001
semantic,16,dev_0883,yes,"Yes, a team has come back from 3-1 in a best-",yes,yes,Correct,0.8197000000000001
semantic,16,dev_1143,yes,YES,yes,yes,Correct,0.3321
semantic,16,dev_1305,yes,"NO, a school cannot be Division I and II at the same time. They",no,no,Incorrect,0.8427
semantic,16,dev_1497,yes,"YES, Alphonse Areola played in the 201",yes,yes,Correct,0.8482000000000001
semantic,16,dev_1777,yes,I don't know. The answer can vary depending on the specific rules of,i,idk,IDK,0.8603999999999999
semantic,16,dev_2250,yes,"Yes, Poland qualified for the 2018 FIFA World Cup.",yes,yes,Correct,0.791
semantic,16,dev_2370,yes,"YES, Ireland has beaten the Wallabies in Australia. The first victory",yes,yes,Correct,0.8348
semantic,16,dev_0083,no,YES,yes,yes,Incorrect,0.29369999999999996
semantic,16,dev_0085,no,"NO, Deion Sanders never won a World Series as a baseball player.",no,no,Correct,0.8395
semantic,16,dev_0170,no,"NO, the Czech Republic has not won the FIFA World Cup yet.",no,no,Correct,0.7476
semantic,16,dev_0230,no,"YES, in Little League, a runner can advance on a dropped third strike",yes,yes,Incorrect,0.8256
semantic,16,dev_0412,no,"NO, the Miami Dolphins do not have a real dolphin in",no,no,Correct,0.8413999999999999
semantic,16,dev_0421,no,"NO, penalty shoot-out goals do not count in the Golden Boot. The",no,no,Correct,0.8466
semantic,16,dev_0447,no,YES,yes,yes,Incorrect,0.2913
semantic,16,dev_0544,no,I don't know. Trinity Forest Golf Club is a private golf course,i,idk,IDK,0.8235
semantic,16,dev_0565,no,"Yes, walks are included in the on-base percentage (OBP), but",yes,yes,Incorrect,0.8318
semantic,16,dev_0589,no,"NO, it is not goaltending if the ball hits the backboard below",no,no,Correct,0.8376
semantic,16,dev_0593,no,"NO, the FIFA World Cup trophy is not kept by the winning team.",no,no,Correct,2.1778000000000004
semantic,16,dev_0859,no,"NO, the U.S. Open is not played on the same course every",no,no,Correct,0.836
semantic,16,dev_0865,no,"NO, the San Jose Sharks have not won a Stanley Cup.",no,no,Correct,0.7476
semantic,16,dev_1518,no,YES,yes,yes,Incorrect,0.3107
semantic,16,dev_1768,no,YES,yes,yes,Incorrect,0.3408
semantic,16,dev_1779,no,"NO, India did not qualify for the 2018 FIFA World Cup",no,no,Correct,0.8712000000000001
semantic,16,dev_1905,no,"NO, a player cannot be offside directly from a goal kick. The oppos",no,no,Correct,2.1918
semantic,16,dev_2156,no,YES,yes,yes,Incorrect,0.309
semantic,16,dev_2158,no,YES,yes,yes,Incorrect,0.3028
semantic,16,dev_2798,no,"NO, the Super Bowl loser does not receive a ring. Only the winning",no,no,Correct,0.833
semantic,16,dev_3138,no,"NO, the Olympic gold medal is actually made of silver. The gold color comes",no,no,Correct,0.8207000000000001
semantic,16,dev_0307,yes,"NO, you cannot put 700c tires on a 29",no,no,Incorrect,0.8275
semantic,16,dev_0506,yes,"Yes, drywall mud and joint compound are essentially the same thing. They are",yes,yes,Correct,0.8282
semantic,16,dev_0641,yes,I don't know. The interchangeability of parts between the Maver,i,idk,IDK,0.832
semantic,16,dev_0844,yes,I don't know. It would depend on the specific infrastructure sharing agreements between,i,idk,IDK,0.8392000000000001
semantic,16,dev_1032,yes,"YES, 1-844 is toll-free in Canada.",yes,yes,Correct,0.8587
semantic,16,dev_1574,yes,"Yes, there is a chip in Apple Lightning cables. This chip is",yes,yes,Correct,0.8762000000000001
semantic,16,dev_1889,yes,"YES, the Mazda Tribute and Ford Escape are essentially the same",yes,yes,Correct,0.8362
semantic,16,dev_2093,yes,"NO, you cannot call the police without a SIM card or an active mobile",no,no,Incorrect,0.871
semantic,16,dev_2213,yes,"YES, U.S. toll-free numbers are free to call from",yes,yes,Correct,0.8312
semantic,16,dev_2735,yes,"YES, pipelining can help reduce the latency of a single task",yes,yes,Correct,0.8242999999999999
semantic,16,dev_2836,yes,"NO, the F-4 Phantom is no longer in active service with",no,no,Incorrect,0.8309
semantic,16,dev_0788,no,"NO, MiniDV tapes are not the same as 8mm t",no,no,Correct,0.8655
semantic,16,dev_0798,no,"NO, area code 669 is not a toll-free number.",no,no,Correct,0.8732000000000001
semantic,16,dev_1249,no,"NO, C++ strings do not need to be null-terminated. The",no,no,Correct,0.8231
semantic,16,dev_1458,no,"NO, powered speakers do not need an external amplifier because they have built-",no,no,Correct,0.835
semantic,16,dev_1584,no,"Yes, there was a GMC version of the Avalanche, known as",yes,yes,Incorrect,0.8795
semantic,16,dev_1589,no,"NO, a SIM-free phone does not lock to a network. It",no,no,Correct,0.8225
semantic,16,dev_1657,no,"NO, the first iPhone (iPhone 2G) did not have a",no,no,Correct,0.8722000000000001
semantic,16,dev_1691,no,"No, response time and input lag are not the same. Response time refers to",no,no,Correct,0.8232
semantic,16,dev_1943,no,"YES, it costs money to join PlayStation Network, but only for a",yes,yes,Incorrect,2.1794000000000002
semantic,16,dev_2682,no,I don't know. E-ZPass and EZ TAG are,i,idk,IDK,0.8332
semantic,16,dev_2712,no,"NO, A23 batteries are not the same as N batteries. A2",no,no,Correct,0.8262999999999999
semantic,16,dev_0427,no,"No, The Barber of Seville and Sweeney Todd are not the",no,no,Correct,0.8215
semantic,16,dev_0531,no,"NO, Smaug is not the only dragon in Middle-earth. There",no,no,Correct,0.869
semantic,16,dev_1915,no,"NO, ""The Hunchback of Notre-Dame"" is a",no,no,Correct,0.8759
semantic,16,dev_1946,no,"NO, Snake Eyes and Storm Shadow are not the same person. They",no,no,Correct,0.8596
semantic,16,dev_2024,no,YES,yes,yes,Incorrect,0.29419999999999996
semantic,16,dev_2265,no,I don't know. The answer depends on the context. In terms of,i,idk,IDK,0.8299
semantic,16,dev_0004,yes,Yes,yes,yes,Correct,0.2784
semantic,16,dev_0241,yes,YES,yes,yes,Correct,0.29460000000000003
semantic,16,dev_0326,yes,YES,yes,yes,Correct,0.30219999999999997
semantic,16,dev_0525,yes,YES,yes,yes,Correct,0.3697
semantic,16,dev_0577,yes,YES,yes,yes,Correct,0.30519999999999997
semantic,16,dev_0799,yes,"YES, contestants on Jeopardy! receive the money they win",yes,yes,Correct,0.8423999999999999
semantic,16,dev_0142,no,"No, denatured alcohol and acetone are not the same thing.",no,no,Correct,0.8472999999999999
semantic,16,dev_0494,no,"No, fitness and survival do not have the same meaning. Fitness refers to",no,no,Correct,0.9719
semantic,16,dev_0527,no,"NO, HeLa cells are aneuploid and have an abnormal number",no,no,Correct,0.8535
semantic,16,dev_0566,no,"NO, not all bacteria of a single species are the exact same shape. B",no,no,Correct,0.8327
semantic,16,dev_0648,no,"NO, evergreen trees do not lose their leaves in the winter. They retain",no,no,Correct,0.8239
semantic,16,dev_0668,no,"NO, Red-eared sliders are freshwater turtles and cannot",no,no,Correct,0.8338
semantic,16,dev_0749,no,"NO, sensory neurons are part of the peripheral nervous system, not",no,no,Correct,0.848
semantic,16,dev_0790,no,"NO, great white sharks do not live at the bottom of the sea.",no,no,Correct,0.8257000000000001
semantic,16,dev_0867,no,"NO, the same genotype does not always result in the same phenotype due",no,no,Correct,2.1752
semantic,16,dev_0921,no,I don't know. While whale sharks are filter feeders and,i,idk,IDK,0.8291000000000001
semantic,16,dev_1088,no,"NO, rabbits and cats belong to different species and cannot produce viable offspring",no,no,Correct,0.835
semantic,16,dev_1329,no,"NO, there is no bone in the earlobe. The earlobe",no,no,Correct,0.8426
semantic,16,dev_1402,no,"NO, tissue is not composed of one type of cell. Tissues are composed",no,no,Correct,0.8314
semantic,16,dev_1428,no,"NO, sweat glands are not part of the lymphatic system.",no,no,Correct,0.8567
semantic,16,dev_1439,no,"NO, a groundhog and a mole are not the same thing. A",no,no,Correct,0.8359
semantic,16,dev_0020,yes,"YES, magnesium citrate does contain citric acid as it is",yes,yes,Correct,0.8276
semantic,16,dev_0027,yes,YES,yes,yes,Correct,0.3028
semantic,16,dev_0047,yes,YES,yes,yes,Correct,0.3034
semantic,16,dev_0070,yes,Yes,yes,yes,Correct,0.2671
semantic,16,dev_0086,yes,"Yes, German Shepherd and Alsatian are the same breed. The",yes,yes,Correct,0.8512000000000001
semantic,16,dev_0121,yes,"Yes, St. Bernards and Bernese Mountain Dogs are related. Both",yes,yes,Correct,0.841
semantic,16,dev_0131,yes,"YES, the latent heat of vaporization does change with temperature.",yes,yes,Correct,0.8386
semantic,16,dev_0147,yes,"Yes, the navel and belly button are the same. They are both the",yes,yes,Correct,0.8589
semantic,16,dev_0159,yes,YES,yes,yes,Correct,0.3038
semantic,16,dev_0190,yes,YES,yes,yes,Correct,0.32689999999999997
semantic,16,dev_0195,yes,"NO, alligators do not drown their prey and eat it later.",no,no,Incorrect,0.8336
semantic,16,dev_0200,yes,YES,yes,yes,Correct,0.3394
semantic,16,dev_0214,yes,YES,yes,yes,Correct,0.3348
semantic,16,dev_0242,yes,"Yes, both male and female bighorn sheep have horns, but the",yes,yes,Correct,0.8258
semantic,16,dev_0522,yes,YES,yes,yes,Correct,0.3345
semantic,16,dev_0033,no,"NO, federal income tax and Social Security are not the same. Federal income tax",no,no,Correct,0.839
semantic,16,dev_0123,no,"NO, public limited companies (PLCs) are in the public sector,",no,no,Correct,0.8262999999999999
semantic,16,dev_0501,no,"NO, Comcast and Time Warner are not the same company. Comcast is",no,no,Correct,0.8271000000000001
semantic,16,dev_0526,no,"NO, Canadian dollars are not the same as American dollars. They are two different",no,no,Correct,0.8431000000000001
semantic,16,dev_1076,no,"No, commercial banks are not the only entities subject to runs. Other financial institutions",no,no,Correct,0.8445
semantic,16,dev_1213,no,"Yes, discretionary income and disposable income are the same. Dispos",yes,yes,Incorrect,0.8417
semantic,16,dev_1654,no,"Yes, discouraged workers are counted in the U-6 unemployment rate, but",yes,yes,Incorrect,0.8413999999999999
semantic,16,dev_1753,no,"NO, Universal Music Group (UMG) and Universal Studios are separate entities within",no,no,Correct,0.8432999999999999
semantic,16,dev_1825,no,"NO, a bank sort code is not the same for everyone. Each bank and",no,no,Correct,0.8282999999999999
semantic,16,dev_2911,no,"NO, the United States has a floating exchange rate, also known as a flexible",no,no,Correct,0.8269
semantic,16,dev_2740,no,"NO, the Better Business Bureau is a non-governmental organization. It",no,no,Correct,0.8235
semantic,16,dev_2517,no,"NO, the Bank of England is not a private company. It is a central",no,no,Correct,0.8419
semantic,16,dev_1139,yes,YES,yes,yes,Correct,0.33080000000000004
semantic,16,dev_0002,yes,"No, house tax is not the same as property tax. House tax is a",no,no,Incorrect,0.8236
semantic,16,dev_0773,yes,YES,yes,yes,Correct,0.30410000000000004
semantic,16,dev_1186,yes,YES,yes,yes,Correct,0.2935
semantic,16,dev_1302,yes,YES,yes,yes,Correct,0.31110000000000004
semantic,16,dev_1349,yes,YES,yes,yes,Correct,0.2949
semantic,16,dev_1771,yes,"Yes, a news release and a press release are essentially the same thing. They",yes,yes,Correct,0.8248
semantic,16,dev_1804,yes,"YES, a two-dollar bill does have monetary value. It",yes,yes,Correct,0.8673
semantic,16,dev_1873,yes,YES,yes,yes,Correct,0.3226
semantic,16,dev_1963,yes,YES,yes,yes,Correct,0.3395
semantic,16,dev_2582,yes,"Yes, a profit and loss statement is the same as an income statement. Both",yes,yes,Correct,0.8234
semantic,16,dev_2598,yes,"Yes, Hellmann's and Best Foods are the same company. They",yes,yes,Correct,0.842
semantic,16,dev_3158,yes,"Yes, there is a direct link between economic development and social development, as economic",yes,yes,Correct,0.8423999999999999
semantic,16,dev_0551,no,"NO, an ounce (oz) and a fluid ounce (fl oz",no,no,Correct,2.1837
semantic,16,dev_1158,no,"No, a crossover is not the same as an SUV.",no,no,Correct,0.8516
semantic,16,dev_1364,no,"NO, a jet engine is an internal combustion engine. The fuel is",no,no,Correct,0.8373999999999999
semantic,16,dev_1807,no,"NO, 8.5×11 (US Letter) is not the",no,no,Correct,0.8274
semantic,16,dev_2542,no,"NO, Father's Day is not celebrated on the first Sunday in September.",no,no,Correct,0.8681
semantic,16,dev_2562,no,"NO, a ribeye steak is not the same as a Delmon",no,no,Correct,0.8522000000000001
semantic,16,dev_3005,no,"NO, an English Bull Terrier is not a Pit Bull. While they",no,no,Correct,2.193
semantic,16,dev_3194,no,"No, corn chips and tortilla chips are not the same. While both are",no,no,Correct,0.8445
semantic,16,dev_3195,no,"No, a boarding pass is not the same as a ticket. A board",no,no,Correct,0.8307
semantic,16,dev_0013,yes,"NO, it is not necessarily bad to wash your hair with shower gel, but",no,no,Incorrect,0.8416
semantic,16,dev_0043,yes,Yes.,yes,yes,Correct,0.3416
semantic,16,dev_0052,yes,YES,yes,yes,Correct,0.331
semantic,16,dev_0091,yes,"YES, a tablespoon is generally bigger than a dessert spoon.",yes,yes,Correct,0.8045
semantic,16,dev_0116,yes,"YES, a father-in-law is considered a relative.",yes,yes,Correct,0.7619
semantic,16,dev_0288,yes,"YES, the UK uses a 24-hour clock, also known",yes,yes,Correct,0.8533999999999999
semantic,16,dev_0555,yes,"No, ZIP code and postal code are not the same. While both",no,no,Incorrect,0.8302999999999999
semantic,16,dev_0627,yes,"NO, the title ""Sir"" is a title of knighthood in the",no,no,Incorrect,0.8256
semantic,16,dev_0831,yes,"Yes, a U.S. passport card is a valid form of ID",yes,yes,Correct,0.8199
semantic,16,dev_0721,no,"NO, Night of the Living Dead is a work of fiction and not a true",no,no,Correct,2.2163000000000004
semantic,16,dev_0863,no,"NO, The Closer and Major Crimes are not the same show. The",no,no,Correct,0.8871
semantic,16,dev_1357,no,"NO, The View and The Talk are not the same show. They are two",no,no,Correct,0.8325
semantic,16,dev_1951,no,YES,yes,yes,Incorrect,0.30169999999999997
semantic,16,dev_2131,no,"NO, Nacho Varga is a character from Better Call Saul and does",no,no,Correct,0.8882000000000001
semantic,16,dev_2174,no,"NO, Fear the Walking Dead is a spin-off of The Walk",no,no,Correct,0.8336
semantic,16,dev_2252,no,"NO, you do not have to be from America to be on America's",no,no,Correct,0.8831
semantic,16,dev_2309,no,"NO, Maleficent and the Evil Queen are two different characters from",no,no,Correct,0.8452000000000001
semantic,16,dev_2364,no,"NO, ""The Outsiders"" movie is not based on a true story",no,no,Correct,0.8795
semantic,16,dev_3075,no,"NO, Pulp Fiction is not based on a true story. It is",no,no,Correct,0.86
semantic,16,dev_3205,no,"NO, the movie ""Lady Bird"" is not about Lady Bird Johnson.",no,no,Correct,0.8232999999999999
semantic,16,dev_0015,yes,"YES, Fantastic Beasts and Where to Find Them is a pre",yes,yes,Correct,0.8228
semantic,16,dev_0153,yes,YES,yes,yes,Correct,0.3353
semantic,16,dev_0161,yes,YES,yes,yes,Correct,0.2954
semantic,16,dev_0306,yes,"NO, Grey's Anatomy is not filmed at a real hospital",no,no,Incorrect,0.8265
semantic,16,dev_0334,yes,YES,yes,yes,Correct,0.3495
semantic,16,dev_0338,yes,YES,yes,yes,Correct,0.3378
semantic,16,dev_0493,yes,I don't know. Love Child is an Australian television drama series that is,i,idk,IDK,0.8714
semantic,16,dev_0520,yes,YES,yes,yes,Correct,0.3396
semantic,16,dev_0212,no,"NO, maple syrup does not come straight from the tree. The sap",no,no,Correct,0.8385
semantic,16,dev_0309,no,"NO, ground coriander and cumin are not the same thing. Ground",no,no,Correct,0.8344
semantic,16,dev_0484,no,YES,yes,yes,Incorrect,0.30119999999999997
semantic,16,dev_0654,no,"NO, Beef short ribs are not the same as spare ribs.",no,no,Correct,0.8671
semantic,16,dev_0973,no,"NO, salt water taffy is not made with ocean water. The name",no,no,Correct,0.843
semantic,16,dev_1335,no,"NO, a cocoa bean is not the same as a coffee bean.",no,no,Correct,0.891
semantic,16,dev_1443,no,"NO, a lungo is not the same as an Americano. A lung",no,no,Correct,0.8372999999999999
semantic,16,dev_0284,yes,"YES, enameled cast iron can leach small amounts of iron into",yes,yes,Correct,0.8386
semantic,16,dev_0330,yes,"YES, the white cover on Brie cheese is edible. It is",yes,yes,Correct,0.8652000000000001
semantic,16,dev_0443,yes,"Yes, powdered sugar and confectioners' sugar are the same. They",yes,yes,Correct,0.8713
semantic,16,dev_0975,yes,"Yes, wholemeal flour is the same as whole wheat flour. Both terms",yes,yes,Correct,0.8733
semantic,16,dev_1741,yes,"YES, garbanzo beans and chickpeas are the same thing.",yes,yes,Correct,0.8666
semantic,16,dev_1770,yes,YES,yes,yes,Correct,0.30060000000000003
semantic,16,dev_1860,no,"NO, Pinot Noir and Pinot Gris are not the same gr",no,no,Correct,0.856
semantic,16,dev_1967,yes,"Yes, a caffe latte is the same as a latte. Both",yes,yes,Correct,0.8727
semantic,16,dev_0236,no,"NO, straights do not have to be the same suit in poker. A",no,no,Correct,0.831
semantic,16,dev_0741,no,"NO, there is not always a way to win Solitaire, as the game",no,no,Correct,0.8287
semantic,16,dev_1440,no,"NO, the Xbox One does not natively support playing Xbox 360",no,no,Correct,0.8291000000000001
semantic,16,dev_2062,no,"NO, a queen cannot move like a knight. A queen can move any",no,no,Correct,0.877
semantic,16,dev_2109,no,"NO, Call of Duty: World at War is based on World War II",no,no,Correct,0.8735
semantic,16,dev_2137,no,"NO, it is not possible to win chess with only a king. The",no,no,Correct,0.8282999999999999
semantic,16,dev_0478,yes,"YES, Call of Duty: Modern Warfare 2 has a multi",yes,yes,Correct,0.8513
semantic,16,dev_0545,yes,"YES, Just Cause 3 has a storyline. The game follows",yes,yes,Correct,0.8317
semantic,16,dev_1125,yes,"YES, Need for Speed has a story mode. The story mode in Need",yes,yes,Correct,0.8667
semantic,16,dev_1137,yes,"YES, Pokémon Crystal can work with Pokémon Stadium",yes,yes,Correct,0.8242
semantic,16,dev_1162,yes,"YES, you can play DS games on a DS Lite. The DS",yes,yes,Correct,0.8269
semantic,16,dev_1177,yes,"YES, Company of Heroes 2 has a campaign.",yes,yes,Correct,0.7117
semantic,16,dev_1444,yes,"YES, some original Xbox games work on Xbox One through backward compatibility.",yes,yes,Correct,0.7855
semantic,16,dev_0313,no,"NO, St. Kitts and Nevis is not a U.S",no,no,Correct,0.8627999999999999
semantic,16,dev_0823,no,"NO, the Ogallala Aquifer is not the largest in the world.",no,no,Correct,0.8775
semantic,16,dev_0839,no,"NO, West Virginia and Virginia are not the same state. West Virginia separated from",no,no,Correct,2.2155
semantic,16,dev_1222,no,"NO, the Isle of Man is not part of Great Britain. It is",no,no,Correct,0.8381000000000001
semantic,16,dev_1254,no,"NO, Sudan and South Sudan are not the same country. Sudan",no,no,Correct,0.8228
semantic,16,dev_1269,no,"NO, the Mississippi River does not flow into the Pacific Ocean. It flows into",no,no,Correct,0.8722000000000001
semantic,16,dev_1334,no,"NO, Patagonia is not a country in its own right. It is",no,no,Correct,0.8242999999999999
semantic,16,dev_0184,yes,"YES, you can boat from Lake Michigan to the Atlantic Ocean through the Saint",yes,yes,Correct,0.8344
semantic,16,dev_0322,yes,"YES, City of Industry is in Los Angeles County.",yes,yes,Correct,0.6776
semantic,16,dev_0557,yes,"YES, the water in the Amazon River is fresh. It is the world",yes,yes,Correct,0.8585
semantic,16,dev_0573,yes,"YES, you can get to the Black Sea from the Mediterranean through the Turkish",yes,yes,Correct,0.8755
semantic,16,dev_1179,yes,"YES, Phoenix and Denver are both in the Mountain Time Zone (MT).",yes,yes,Correct,0.8433999999999999
semantic,16,dev_0619,yes,"YES, the state of Texas is bigger than Germany. Texas has a land",yes,yes,Correct,0.8299
semantic,16,dev_0650,yes,YES,yes,yes,Correct,0.3025
semantic,16,dev_0734,yes,"YES, you can boat from Lake Erie to Lake Ontario using the Well",yes,yes,Correct,0.8443999999999999
semantic,16,dev_0061,no,"YES, an EMT-Basic is trained to establish intravenous access",yes,yes,Incorrect,0.8462999999999999
semantic,16,dev_0124,no,"NO, health care is not free in the United States. While there are government",no,no,Correct,0.8492000000000001
semantic,16,dev_0914,no,"NO, stroke volume and ejection fraction are not the same. Stroke volume",no,no,Correct,0.8476
semantic,16,dev_0955,no,"NO, Mycosis fungoides is not caused by a fungal",no,no,Correct,0.8365
semantic,16,dev_1610,no,"No, soft-tissue damage is not the same as a sprain.",no,no,Correct,0.8482999999999999
semantic,16,dev_1790,no,"NO, the lining of the uterus does not shed during implant",no,no,Correct,0.8385
semantic,16,dev_2096,no,"NO, an X-ray and an MRI are not the same. An",no,no,Correct,0.8339
semantic,16,dev_2277,no,"NO, high dependency is not the same as intensive care. High dependency units",no,no,Correct,0.8513
semantic,16,dev_2499,no,"NO, a Doctor of Physical Therapy (DPT) is not an MD",no,no,Correct,0.8392999999999999
semantic,16,dev_1959,yes,YES,yes,yes,Correct,0.3028
semantic,16,dev_1992,yes,YES,yes,yes,Correct,0.3322
semantic,16,dev_2047,yes,YES,yes,yes,Correct,0.2963
semantic,16,dev_1656,yes,"I don't know. While the phrase ""broken heart"" is often",i,idk,IDK,0.8342999999999999
semantic,16,dev_1663,yes,"Yes, turf toe can occur on any of the toes, not just the",yes,yes,Correct,0.8716
semantic,16,dev_1752,yes,"YES, triamcinolone cream can be used for treating the symptoms",yes,yes,Correct,0.8772000000000001
semantic,16,dev_2049,yes,YES,yes,yes,Correct,0.3486
semantic,16,dev_2050,yes,YES,yes,yes,Correct,0.3442
semantic,16,dev_1442,yes,"YES, a lipid profile and a lipid panel are essentially the same",yes,yes,Correct,0.8816
semantic,16,dev_0301,no,"NO, the Berlin Wall and the Berlin Blockade are not the same. The",no,no,Correct,2.2195
semantic,16,dev_0480,no,"NO, we no longer follow the Articles of Confederation. The U.",no,no,Correct,0.8877999999999999
semantic,16,dev_1290,no,"NO, Nova Scotia was not part of the 13 Colonies",no,no,Correct,0.8487
semantic,16,dev_1819,no,"NO, the Czech Republic and Czechoslovakia are not the same country",no,no,Correct,0.8846
semantic,16,dev_2206,no,"NO, the Emancipation Proclamation did not apply to all states",no,no,Correct,0.8649
semantic,16,dev_0376,yes,"YES, William the Conqueror had a legitimate claim to the English throne",yes,yes,Correct,0.8745
semantic,16,dev_0346,yes,YES,yes,yes,Correct,0.3477
semantic,16,dev_0363,yes,YES,yes,yes,Correct,0.3342
semantic,16,dev_0535,yes,YES,yes,yes,Correct,0.3108
semantic,16,dev_0629,yes,YES,yes,yes,Correct,0.3281
semantic,16,dev_0179,no,"NO, U.S. courts of appeals do not have original jurisdiction",no,no,Correct,0.8553
semantic,16,dev_0402,no,"NO, it is not legal to have more than one wife in the UK.",no,no,Correct,0.831
semantic,16,dev_0513,no,I don't know. The answer may vary depending on the jurisdiction and,i,idk,IDK,0.8459
semantic,16,dev_0606,no,I don't know. The legality of escaping from prison can vary,i,idk,IDK,2.1686
semantic,16,dev_0630,no,"No, 'under honorable conditions' is not the same as an honorable",no,no,Correct,0.841
semantic,16,dev_0795,no,"NO, driving laws are not the same in all states.",no,no,Correct,0.6698
semantic,16,dev_1457,no,"NO, the Civil Rights Act is not part of the U.S. Constitution",no,no,Correct,0.8767999999999999
semantic,16,dev_1776,no,"NO, an Employment Authorization Document (Form I-766)",no,no,Correct,0.9001
semantic,16,dev_1862,no,"NO, the FCC's equal-time rule does not apply to newspapers",no,no,Correct,0.839
semantic,16,dev_1911,no,"Yes. In the United States, Supreme Court justices are required to retire at",yes,yes,Incorrect,0.8386
semantic,16,dev_2755,no,"NO, you cannot be an attorney without taking the bar exam in most jurisdict",no,no,Correct,0.8741
semantic,16,dev_2756,no,YES,yes,yes,Incorrect,0.3421
semantic,16,dev_2921,no,"No, property tax and council tax are not the same. Property tax is a",no,no,Correct,0.8543999999999999
semantic,16,dev_2972,no,"NO, commercial law and corporate law are not the same. While commercial law en",no,no,Correct,0.8352999999999999
semantic,16,dev_0009,yes,"YES, you can drive in Canada with a valid US driver's license",yes,yes,Correct,0.8339
semantic,16,dev_0038,yes,"YES, it is legal to record a cover of a song, but you",yes,yes,Correct,0.8401000000000001
semantic,16,dev_0129,yes,I don't know. The laws regarding private firearm sales can vary by,i,idk,IDK,0.8701
semantic,16,dev_0202,yes,"YES, breaking and entering into a car can be a felony, depending",yes,yes,Correct,0.84
semantic,16,dev_0308,yes,"YES, it is generally illegal for a minor to be in possession of alcohol",yes,yes,Correct,0.8232
semantic,16,dev_0584,yes,YES,yes,yes,Correct,0.3073
semantic,16,dev_0644,yes,YES,yes,yes,Correct,0.33030000000000004
semantic,16,dev_0653,yes,YES,yes,yes,Correct,0.32130000000000003
semantic,16,dev_0671,yes,YES,yes,yes,Correct,0.2975
semantic,16,dev_0757,yes,YES,yes,yes,Correct,0.2949
semantic,16,dev_1059,yes,"YES, the Supreme Court can review the constitutionality of an executive order and",yes,yes,Correct,0.8418
semantic,16,dev_1067,yes,YES,yes,yes,Correct,0.3478
semantic,16,dev_1097,yes,YES,yes,yes,Correct,0.3392
semantic,16,dev_1131,yes,"I don't know. The specifics of self-defense laws,",i,idk,IDK,0.8777
semantic,16,dev_1324,yes,I don't know. The definition of an open container can vary by juris,i,idk,IDK,0.8441000000000001
semantic,16,dev_0305,no,"NO, language is not the only criterion for classifying states in India",no,no,Correct,0.8813
semantic,16,dev_0465,no,"NO, the National Guard is part of the Army, not the Coast Guard.",no,no,Correct,0.8322
semantic,16,dev_0508,no,"NO, under the 22nd Amendment to the U.S.",no,no,Correct,0.8312
semantic,16,dev_0518,no,"NO, the Justice Department is part of the executive branch.",no,no,Correct,0.6744
semantic,16,dev_0572,no,"NO, a legislator is a broad term that refers to any elected official who",no,no,Correct,0.8451000000000001
semantic,16,dev_0898,no,"NO, permanent residents of Canada are not eligible to vote in federal elections. Only",no,no,Correct,0.8322999999999999
semantic,16,dev_1154,no,YES,yes,yes,Incorrect,0.3487
semantic,16,dev_1221,no,"NO, a filibuster cannot take place in the House. The House of",no,no,Correct,0.8329
semantic,16,dev_1244,no,"NO, Canada and Australia are not part of the United Kingdom. They are independent",no,no,Correct,2.2229
semantic,16,dev_1245,no,"NO, Turkey is not a member of the European Economic Area. It is,",no,no,Correct,0.8393999999999999
semantic,16,dev_1273,no,"NO, Guam is not part of the U.S. Virgin Islands.",no,no,Correct,0.824
semantic,16,dev_0647,yes,YES,yes,yes,Correct,0.303
semantic,16,dev_0254,yes,"NO, the Vice President is not the President of the Senate. The Vice President",no,no,Incorrect,0.8949
semantic,16,dev_0486,yes,YES,yes,yes,Correct,0.2925
semantic,16,dev_0736,yes,"YES, the World Bank is affiliated with the United Nations as it is",yes,yes,Correct,0.8765
semantic,16,dev_0814,yes,"NO, the Air Force does not have ground combat troops as its primary mission is",no,no,Incorrect,0.8354
semantic,16,dev_1477,yes,YES,yes,yes,Correct,0.3023
semantic,16,dev_1721,yes,YES,yes,yes,Correct,0.30369999999999997
semantic,16,dev_1786,yes,"NO, New York City no longer has rent control in the traditional sense. However",no,no,Incorrect,0.875
semantic,16,dev_1970,yes,YES,yes,yes,Correct,0.2964
semantic,16,dev_1985,yes,YES,yes,yes,Correct,0.3467
semantic,16,dev_2448,no,"YES, Puerto Rico residents can vote for the U.S. President,",yes,yes,Incorrect,0.874
semantic,16,dev_0066,yes,YES,yes,yes,Correct,0.29460000000000003
semantic,16,dev_0088,yes,YES,yes,yes,Correct,0.30260000000000004
semantic,16,dev_0196,yes,YES,yes,yes,Correct,0.3048
semantic,16,dev_0262,yes,YES,yes,yes,Correct,0.30419999999999997
semantic,16,dev_0271,yes,"Yes, an outcome variable is the same as a dependent variable. In statistical analysis",yes,yes,Correct,0.8197000000000001
semantic,16,dev_0329,yes,YES,yes,yes,Correct,0.3033
semantic,16,dev_0331,yes,"YES, a wheel and axle is a simple machine.",yes,yes,Correct,0.7091000000000001
semantic,16,dev_0387,yes,"YES, density depends on the type of material. Different materials have different masses",yes,yes,Correct,0.8257000000000001
semantic,16,dev_0418,yes,"Yes, it is possible to have thunder and lightning while snowing. This phenomenon",yes,yes,Correct,0.8342999999999999
semantic,16,dev_0616,yes,"Yes, bicarb soda and baking soda are the same. They",yes,yes,Correct,0.8362999999999999
semantic,16,dev_0638,yes,YES,yes,yes,Correct,0.29419999999999996
semantic,16,dev_0657,yes,I don't know. Yield stress and yield strength are related but not,i,idk,IDK,0.825
semantic,16,dev_0692,yes,"NO, a hydrometer is not typically used to measure the density of milk",no,no,Incorrect,0.8248
semantic,16,dev_0744,yes,"YES, a polynomial can have a square root of a variable. For example",yes,yes,Correct,0.8369
semantic,16,dev_0797,yes,"NO, average velocity does not have a direction associated with it. It is a",no,no,Incorrect,0.838
semantic,16,dev_0842,yes,YES,yes,yes,Correct,0.3077
semantic,16,dev_1379,yes,"Yes, talc and talcum powder are the same. Talcum",yes,yes,Correct,0.8664
semantic,16,dev_0126,no,"NO, according to our current understanding of physics, it is not possible for an",no,no,Correct,0.8392000000000001
semantic,16,dev_0342,no,"NO, the speed of sound is not constant for all materials. It depends on",no,no,Correct,0.829
semantic,16,dev_0437,no,"NO, there is not always a full moon on the summer solstice.",no,no,Correct,0.8707
semantic,16,dev_0553,no,YES,yes,yes,Incorrect,0.29460000000000003
semantic,16,dev_0652,no,"NO, the square root of 3 is an irrational number.",no,no,Correct,0.8038
semantic,16,dev_0708,no,"NO, a negative number cannot be a perfect square because a perfect square is a",no,no,Correct,0.8432000000000001
semantic,16,dev_1083,no,"NO, carbon-14 dating cannot be used to detect the age of a",no,no,Correct,0.8689
semantic,16,dev_1142,no,"NO, quantum entanglement does not allow for faster-than-light communication",no,no,Correct,0.8377
semantic,16,dev_1354,no,"NO, the depth of the water table is not always the same. It can",no,no,Correct,2.1683000000000003
semantic,16,dev_1460,no,I don't know. The suitability of a single-subject research design,i,idk,IDK,0.8306
semantic,16,dev_1468,no,"No, sodium lactate is not the same as lactic acid.",no,no,Correct,0.8322999999999999
semantic,16,dev_1559,no,"NO, log x is not the same as ln x. Log x refers",no,no,Correct,0.8412000000000001
semantic,16,dev_1595,no,"NO, reverse osmosis water and deionized water are not the same",no,no,Correct,0.8445
semantic,16,dev_1643,no,"No, static pressure is not the same as atmospheric pressure. Atm",no,no,Correct,0.8573999999999999
semantic,16,dev_1692,no,"NO, atmospheric pressure is not always 1 atm. The atmospher",no,no,Correct,0.8492000000000001
semantic,16,dev_1726,no,"Yes, the vagus nerve is part of the central nervous system (CNS",yes,yes,Incorrect,0.8359
semantic,16,dev_0008,yes,YES,yes,yes,Correct,0.30569999999999997
semantic,16,dev_0323,yes,YES,yes,yes,Correct,0.2935
semantic,16,dev_0794,yes,YES,yes,yes,Correct,0.304
semantic,16,dev_0866,yes,YES,yes,yes,Correct,0.2913
semantic,16,dev_0910,yes,"YES, the Dewey Decimal System is still in use. It",yes,yes,Correct,0.8336
semantic,16,dev_0992,yes,"Yes, students can be held back in elementary school if they do not meet the",yes,yes,Correct,0.8249
semantic,16,dev_1446,yes,"NO, the Church of England and the Anglican Church are not the same",no,no,Incorrect,0.8767999999999999
semantic,16,dev_0294,no,I don't know. While both Australian Sign Language (Auslan),i,idk,IDK,0.8637999999999999
semantic,16,dev_0521,no,"NO, it is not true that kangaroo means 'I don'",no,no,Correct,0.8987999999999999
semantic,16,dev_0943,no,"NO, the Book of Deuteronomy is not in the New Testament. It",no,no,Correct,0.834
semantic,16,dev_1887,no,"NO, the Persian and Arabic alphabets are similar but not",no,no,Correct,0.8244
semantic,16,dev_2892,no,"NO, Scottish Gaelic and Irish Gaelic are not the same.",no,no,Correct,0.8408
semantic,16,dev_2691,no,"NO, King's College London is not part of Cambridge University. They are",no,no,Correct,0.8226
semantic,16,dev_0065,yes,YES,yes,yes,Correct,0.3325
semantic,16,dev_0245,yes,"NO, in American football, a team can only pass the ball once during a",no,no,Incorrect,0.8295
semantic,16,dev_0315,yes,YES,yes,yes,Correct,0.3054
semantic,16,dev_0361,yes,YES,yes,yes,Correct,0.30589999999999995
semantic,16,dev_0550,yes,YES,yes,yes,Correct,0.3335
semantic,16,dev_0595,yes,"NO, the Ivy League does not have a basketball tournament. Instead, the",no,no,Incorrect,0.8452000000000001
semantic,16,dev_0966,yes,YES,yes,yes,Correct,0.3025
semantic,16,dev_1078,yes,YES,yes,yes,Correct,0.29719999999999996
semantic,16,dev_1224,yes,"NO, a rugby field is not necessarily bigger than a football field. The dimensions",no,no,Incorrect,0.8362999999999999
semantic,16,dev_1251,yes,YES,yes,yes,Correct,0.3092
semantic,16,dev_1260,yes,"NO, Nike Air Force 1s are not designed for basketball and do",no,no,Incorrect,0.8172999999999999
semantic,16,dev_1278,yes,YES,yes,yes,Correct,0.2955
semantic,16,dev_1462,yes,YES,yes,yes,Correct,0.295
semantic,16,dev_1494,yes,YES,yes,yes,Correct,0.30510000000000004
semantic,16,dev_1543,yes,YES,yes,yes,Correct,0.30710000000000004
semantic,16,dev_2012,yes,YES,yes,yes,Correct,0.3033
semantic,16,dev_2118,yes,"YES, it is possible to break someone's wrist by twisting it",yes,yes,Correct,0.833
semantic,16,dev_2272,yes,"YES, AstroTurf is a popular brand of artificial grass.",yes,yes,Correct,0.812
semantic,16,dev_2338,yes,I don't know. A player's eligibility to play in,i,idk,IDK,0.8326
semantic,16,dev_2498,yes,"NO, there has never been two grand slams in one inning in Major",no,no,Incorrect,0.8192999999999999
semantic,16,dev_2509,yes,YES,yes,yes,Correct,0.30360000000000004
semantic,16,dev_2917,yes,YES,yes,yes,Correct,0.2909
semantic,16,dev_2966,yes,"NO, as per current NBA eligibility rules, players must be at least",no,no,Incorrect,0.8359
semantic,16,dev_2974,yes,"Yes, it is possible to run for 24 hours, as there are",yes,yes,Correct,0.824
semantic,16,dev_3007,yes,YES,yes,yes,Correct,0.2948
semantic,16,dev_3199,yes,YES,yes,yes,Correct,0.29410000000000003
semantic,16,dev_0222,no,"NO, NCAA and NBA basketballs are not the same size. The NBA",no,no,Correct,0.8379
semantic,16,dev_0398,no,"NO, you cannot score directly from a throw-in in soccer. A throw",no,no,Correct,0.8503999999999999
semantic,16,dev_0426,no,"NO, a soccer goalie cannot pick up a throw-in. The goal",no,no,Correct,0.8332
semantic,16,dev_0464,no,"NO, the golden goal rule was abandoned in 2004, and",no,no,Correct,0.8332
semantic,16,dev_0563,no,"NO, Croatia has not won the soccer World Cup yet. They reached",no,no,Correct,0.8224
semantic,16,dev_0658,no,"YES, a walk in baseball is a dead ball. A walk occurs when",yes,yes,Incorrect,0.8573
semantic,16,dev_1366,no,"NO, they do not make a new Champions League trophy every year. The",no,no,Correct,0.8331000000000001
semantic,16,dev_1471,no,YES,yes,yes,Incorrect,0.30710000000000004
semantic,16,dev_1558,no,"NO, the FIFA World Cup is not held every year. It is a quad",no,no,Correct,0.8241
semantic,16,dev_1580,no,"NO, the Chicago White Sox and Cubs do not share a stadium.",no,no,Correct,0.8368
semantic,16,dev_2401,no,"NO, a batsman cannot be run out on a no-ball because",no,no,Correct,0.8324
semantic,16,dev_2436,no,"NO, it is not possible to run a mile in 2 minutes. The",no,no,Correct,0.833
semantic,16,dev_3224,no,"NO, an MLB game cannot end in a tie in the regular season.",no,no,Correct,0.8271000000000001
semantic,16,dev_0022,yes,"YES, a spark plug is a crucial component of an ignition system that",yes,yes,Correct,0.8294
semantic,16,dev_0132,yes,"YES, a NAS (Network Attached Storage) can be used as a",yes,yes,Correct,0.8321000000000001
semantic,16,dev_0268,yes,Yes,yes,yes,Correct,0.26589999999999997
semantic,16,dev_0646,yes,"YES, multithreading can still be useful on a single processor,",yes,yes,Correct,0.8249
semantic,16,dev_0697,yes,YES,yes,yes,Correct,0.2934
semantic,16,dev_0935,yes,YES,yes,yes,Correct,0.30219999999999997
semantic,16,dev_1159,yes,"YES, a high-level language can use an assembler. An",yes,yes,Correct,0.825
semantic,16,dev_1376,yes,YES,yes,yes,Correct,0.2902
semantic,16,dev_1646,yes,"Yes, you can use cast-iron pans on an induction cooktop",yes,yes,Correct,0.8431000000000001
semantic,16,dev_1869,yes,"YES, a database table can have multiple foreign keys. Each foreign key must",yes,yes,Correct,0.8476
semantic,16,dev_2397,yes,YES,yes,yes,Correct,0.291
semantic,16,dev_0512,no,"NO, Microsoft Visio and Visual Studio are not the same. Microsoft Visio",no,no,Correct,0.8458
semantic,16,dev_1524,no,"NO, the transmission and the engine are not the same thing. The engine generates",no,no,Correct,2.1693000000000002
semantic,16,dev_1675,no,"No, input lag and response time are not the same thing. Input lag refers",no,no,Correct,0.8314
semantic,16,dev_1723,no,"NO, you cannot use a regular bulb in a 3-way lamp",no,no,Correct,0.8406
semantic,16,dev_2027,no,"NO, HD DVD and Blu-ray are not the same. HD DVD",no,no,Correct,0.8503
semantic,16,dev_2104,no,YES,yes,yes,Incorrect,0.3004
semantic,16,dev_2262,no,"NO, WordPad is a basic text editor that comes pre-installed with",no,no,Correct,0.8362999999999999
semantic,16,dev_2431,no,"NO, in a tree, a node can have at most one parent.",no,no,Correct,0.7984
semantic,16,dev_2524,no,"NO, the iPhone SE and iPhone 5 are not the same. The iPhone",no,no,Correct,0.8479
semantic,16,dev_3057,no,"Yes, Windows Subsystem for Linux (WSL) is a virtual machine.",yes,yes,Incorrect,0.8379
semantic,16,dev_3167,no,"NO, gear oil and motor oil are not the same. Gear oil is",no,no,Correct,0.8358
