scaffold,L,boolq_id,gold,reply,first_token,pred_label,acc_type,timing_s
underspecified,16,dev_0023,yes,NO. A cape and a cloak are related but distinct types of garments. A,no,no,Incorrect,0.6757000000000001
underspecified,16,dev_0039,no,Yes.,yes,yes,Incorrect,0.6654
underspecified,16,dev_0055,no,"YES, Wisconsin has been in the Little League World Series. In fact, Wisconsin",yes,yes,Incorrect,0.6912
underspecified,16,dev_0059,no,YES. The Five Heartbeats is a fictional R&B group from the,yes,yes,Incorrect,0.6911
underspecified,16,dev_0068,no,"NO. In most jurisdictions, the death penalty is not applicable to minors, as",no,no,Correct,0.6914
underspecified,16,dev_0087,yes,"YES. According to a popular myth, a frog will jump out of boiling water",yes,yes,Correct,0.6922
underspecified,16,dev_0107,no,"YES, in Australia, you are required to report and pay tax on your gambling",yes,yes,Incorrect,0.6904
underspecified,16,dev_0120,yes,NO  A vehicle title and registration are related but distinct documents. A vehicle title,no,no,Incorrect,0.6737000000000001
underspecified,16,dev_0138,no,YES,yes,yes,Incorrect,0.6751
underspecified,16,dev_0151,no,"NO. Numbers can be represented differently in various languages, and the numeral systems used",no,no,Correct,0.6938
underspecified,16,dev_0163,yes,"YES. The square root of 2 is an irrational number, but it can",yes,yes,Correct,0.6732
underspecified,16,dev_0165,no,NO. While dragon fruit and pitaya are both tropical fruits that belong to the,no,no,Correct,0.6927000000000001
underspecified,16,dev_0207,no,"NO. France is in the Central European Time (CET) zone, while",no,no,Correct,0.6737000000000001
underspecified,16,dev_0210,no,"NO. The Three Little Pigs is a traditional European folk tale, a type",no,no,Correct,0.6908
underspecified,16,dev_0221,no,YES,yes,yes,Incorrect,0.671
underspecified,16,dev_0229,yes,"YES. In the UK, National Insurance numbers are typically formatted as a combination of",yes,yes,Correct,0.6944
underspecified,16,dev_0237,no,YES. A 2-cycle engine and a 2-stroke engine are often,yes,yes,Incorrect,0.6721
underspecified,16,dev_0243,no,YES,yes,yes,Incorrect,0.692
underspecified,16,dev_0248,yes,"NO. Cheetahs are widely considered the fastest land animal on Earth,",no,no,Incorrect,0.6648999999999999
underspecified,16,dev_0249,yes,I don't know,i,idk,IDK,0.6868
underspecified,16,dev_0251,yes,"Yes. One sister chromatid has half the DNA of a chromosome, because during",yes,yes,Correct,0.6867000000000001
underspecified,16,dev_0257,yes,YES. Glass windows can break on their own due to various factors such as thermal,yes,yes,Correct,0.6827000000000001
underspecified,16,dev_0270,no,NO,no,no,Correct,0.6617000000000001
underspecified,16,dev_0287,yes,NO,no,no,Incorrect,0.6947000000000001
underspecified,16,dev_0295,no,YES. Doves and pigeons are both members of the Columbidae family,yes,yes,Incorrect,0.694
underspecified,16,dev_0298,yes,NO,no,no,Incorrect,0.6805
underspecified,16,dev_0312,no,"YES, in general, adjectives typically come before the noun they modify in English",yes,yes,Incorrect,0.6772
underspecified,16,dev_0316,yes,"NO. The internal intercostal muscles contract during expiration, which helps to pull",no,no,Incorrect,0.6956
underspecified,16,dev_0318,yes,"NO (in most poker variants, an Ace-2-3-4-",no,no,Incorrect,0.6745
underspecified,16,dev_0321,yes,NO,no,no,Incorrect,0.6756
underspecified,16,dev_0333,yes,,,other,NC,0.6954
underspecified,16,dev_0336,no,"YES. Muay Thai and Thai boxing are often used interchangeably, but technically",yes,yes,Incorrect,0.6927000000000001
underspecified,16,dev_0343,yes,NO,no,no,Incorrect,0.6812
underspecified,16,dev_0352,no,"NO. In soccer, a throw-in is a way to restart play after the",no,no,Correct,0.6812999999999999
underspecified,16,dev_0355,no,YES,yes,yes,Incorrect,0.6626000000000001
underspecified,16,dev_0364,no,"Yes. In cricket, a wicket keeper is a specific player who stands behind",yes,yes,Incorrect,0.6804
underspecified,16,dev_0366,no,"YES, the diaphragm separates the abdominal cavity and the thoracic cavity,",yes,yes,Incorrect,0.6658
underspecified,16,dev_0406,no,"YES. A California roll typically includes fish, such as crab or salmon, along",yes,yes,Incorrect,0.6845
underspecified,16,dev_0428,no,NO. While both peroxide and hydrogen peroxide contain the peroxide ion (,no,no,Correct,0.6858
underspecified,16,dev_0429,yes,NO  Flax oil and linseed oil are related but not the,no,no,Incorrect,0.6934
underspecified,16,dev_0430,yes,YES. The Banaue Rice Terraces in the Philippines were one of the,yes,yes,Correct,0.696
underspecified,16,dev_0436,no,YES,yes,yes,Incorrect,0.6842999999999999
underspecified,16,dev_0441,no,YES. Shrimp with lobster sauce is a common Chinese-American dish that typically contains,yes,yes,Incorrect,0.6872
underspecified,16,dev_0442,yes,"YES. Lead dust can be absorbed through the eyes, and prolonged exposure to lead",yes,yes,Correct,0.6625
underspecified,16,dev_0479,no,"YES. Miniature pigs, also known as teacup pigs or pet pigs",yes,yes,Incorrect,0.6825
underspecified,16,dev_0481,no,"I don't know. However, I can tell you that New York City has",i,idk,IDK,0.6623
underspecified,16,dev_0482,no,NO.,no,no,Correct,0.6634
underspecified,16,dev_0487,no,"YES, you can grow banana trees from a banana, but it's a bit",yes,yes,Incorrect,0.6809
underspecified,16,dev_0504,yes,"NO. While both tapes are types of adhesive tapes, they are designed for different",no,no,Incorrect,0.6939
underspecified,16,dev_0509,no,Yes. The AR-15 is a type of semi-automatic rifle that has been,yes,yes,Incorrect,0.6861
underspecified,16,dev_0532,no,YES. Brain-computer interfaces (BCIs) are a type of neurotechnology,yes,yes,Incorrect,0.6998
underspecified,16,dev_0534,no,YES. The National Guard is a reserve component of the US Armed Forces,yes,yes,Incorrect,0.697
underspecified,16,dev_0536,yes,NO,no,no,Incorrect,0.6945
underspecified,16,dev_0537,no,"Yes. In the UK, a person can receive a caution without being arrested.",yes,yes,Incorrect,0.6929
underspecified,16,dev_0546,yes,NO. The College of William & Mary is a public research university located in Williams,no,no,Incorrect,0.6947000000000001
underspecified,16,dev_0560,no,YES. The University of Tampa has a football team that competes in the NCAA,yes,yes,Incorrect,0.6939
underspecified,16,dev_0568,no,YES. The movie Heat (1995) is loosely based on the 198,yes,yes,Incorrect,0.6759
underspecified,16,dev_0569,no,Yes.,yes,yes,Incorrect,0.6755
underspecified,16,dev_0588,yes,NO,no,no,Incorrect,0.6724
underspecified,16,dev_0594,no,"YES, bee stingers do fall out on their own. This is because the",yes,yes,Incorrect,0.696
underspecified,16,dev_0596,no,"YES (Although they are often used interchangeably, C# is a",yes,yes,Incorrect,0.693
underspecified,16,dev_0598,yes,No. The Vice President is the second-highest official in the executive branch and,no,no,Incorrect,0.6948
underspecified,16,dev_0612,yes,YES,yes,yes,Correct,0.6937000000000001
underspecified,16,dev_0617,yes,"YES. France and England have competed in the World Cup many times, with their",yes,yes,Correct,0.6944
underspecified,16,dev_0662,yes,NO,no,no,Incorrect,0.6948
underspecified,16,dev_0678,no,NO. Washing a child's mouth out with soap is not a recommended or safe,no,no,Correct,0.6947000000000001
underspecified,16,dev_0696,no,YES,yes,yes,Incorrect,0.7131000000000001
underspecified,16,dev_0711,yes,NO. Musician's Friend and Guitar Center are two separate music retailers that offer,no,no,Incorrect,0.6928
underspecified,16,dev_0718,yes,"YES. Chicago is the third most populous city in the United States, after New",yes,yes,Correct,0.6946
underspecified,16,dev_0724,no,I don't know,i,idk,IDK,0.6748
underspecified,16,dev_0731,no,NO,no,no,Correct,0.677
underspecified,16,dev_0737,no,NO,no,no,Correct,0.6944
underspecified,16,dev_0754,yes,"YES, World at War is part of the Call of Duty series, and it",yes,yes,Correct,0.6919
underspecified,16,dev_0759,no,"NO. While North and South Korea share a common Korean language heritage, the two",no,no,Correct,0.6912999999999999
underspecified,16,dev_0764,yes,NO. Sampling error and standard deviation are related but distinct concepts in statistics. Sampling,no,no,Incorrect,0.6747000000000001
underspecified,16,dev_0782,yes,YES,yes,yes,Correct,0.6918
underspecified,16,dev_0817,no,YES,yes,yes,Incorrect,0.6932
underspecified,16,dev_0829,no,"YES The Battle of New Orleans was fought on January 8,",yes,yes,Incorrect,0.6937000000000001
underspecified,16,dev_0832,no,"YES, it is possible to drive to South America from many parts of the world",yes,yes,Incorrect,0.6922
underspecified,16,dev_0837,yes,NO,no,no,Incorrect,0.6727000000000001
underspecified,16,dev_0853,no,"NO. A Girl Scout is a member of the Girl Scouts of the USA,",no,no,Correct,0.6954
underspecified,16,dev_0854,no,"NO. Elephants are herbivores and have predators such as lions, t",no,no,Correct,0.678
underspecified,16,dev_0862,no,"NO. In chess, players announce ""check"" when a player's king is",no,no,Correct,0.696
underspecified,16,dev_0871,yes,"YES. According to Ethnologue, a reliable source for language statistics, English",yes,yes,Correct,0.675
underspecified,16,dev_0916,yes,NO,no,no,Incorrect,0.6922999999999999
underspecified,16,dev_0922,yes,NO. A passport card is a special document that can only be used for land,no,no,Incorrect,0.6936
underspecified,16,dev_0933,no,"YES, the cremaster muscle is indeed a part of the spermatic cord.",yes,yes,Incorrect,0.6931
underspecified,16,dev_0934,yes,YES,yes,yes,Correct,0.6915
underspecified,16,dev_0940,yes,YES. A passport card is a valid form of identification for domestic air travel in,yes,yes,Correct,0.6788
underspecified,16,dev_0944,no,"YES Greece and Rome were around at the same time, with the Classical",yes,yes,Incorrect,0.6924
underspecified,16,dev_0952,yes,NO,no,no,Incorrect,0.6907000000000001
underspecified,16,dev_0958,yes,NO,no,no,Incorrect,0.6901
underspecified,16,dev_0981,no,YES. Pyruvic acid and pyruvate are the same thing.,yes,yes,Incorrect,0.6949
underspecified,16,dev_0991,yes,NO,no,no,Incorrect,0.6742
underspecified,16,dev_0994,yes,"NO. A white background cannot be used as a green screen, as the key",no,no,Incorrect,0.6922999999999999
underspecified,16,dev_0996,no,YES,yes,yes,Incorrect,0.6935
underspecified,16,dev_1006,no,"NO 

Note: In the United States, the Voting Rights Act of 196",no,no,Correct,0.6954
underspecified,16,dev_1011,no,YES. The World Cup trophy is officially called the FIFA World Cup Trophy.,yes,yes,Incorrect,0.6811
underspecified,16,dev_1022,yes,NO. Enterprise value and firm value are related but distinct concepts in finance. Enterprise,no,no,Incorrect,0.6942999999999999
underspecified,16,dev_1049,no,"YES, a red panda (Ailurus fulgens) is a member of",yes,yes,Incorrect,0.6934
underspecified,16,dev_1062,yes,NO,no,no,Incorrect,0.675
underspecified,16,dev_1075,yes,"YES, all NHL ice rinks are the same size, with a regulation size",yes,yes,Correct,0.6761
underspecified,16,dev_1102,no,"YES. Sweating and perspiring are often used interchangeably, but technically,",yes,yes,Incorrect,0.6937000000000001
underspecified,16,dev_1110,yes,NO,no,no,Incorrect,0.6958
underspecified,16,dev_1112,no,"NO. Nuclear power refers to the generation of electricity from nuclear reactions, whereas nuclear",no,no,Correct,0.6954
underspecified,16,dev_1113,yes,"NO. A ball python and a royal python are two different species of snakes,",no,no,Incorrect,0.6938
underspecified,16,dev_1121,no,"NO. World War I was the first global conflict on a large scale, but",no,no,Correct,0.6975
underspecified,16,dev_1133,no,YES,yes,yes,Incorrect,0.6848
underspecified,16,dev_1138,yes,"NO. Anaerobic respiration does not involve an electron transport chain, as",no,no,Incorrect,0.6864
underspecified,16,dev_1146,yes,NO. A penalty charge notice (PCN) and a fixed penalty are related,no,no,Incorrect,0.6636
underspecified,16,dev_1155,yes,NO. While both GMC Sierra and Chevy Silverado are pickup trucks produced by General,no,no,Incorrect,0.6802
underspecified,16,dev_1175,no,YES. Michigan was admitted to the Union as the 26th state on January,yes,yes,Incorrect,0.6864
underspecified,16,dev_1178,no,I don't know. I am not aware of any Major League Baseball team that,i,idk,IDK,0.6808
underspecified,16,dev_1183,yes,NO  Would you like to,no,no,Incorrect,0.6543
underspecified,16,dev_1196,no,"YES. In India, a person can hold dual citizenship, meaning they can be",yes,yes,Incorrect,0.6621
underspecified,16,dev_1204,yes,YES,yes,yes,Correct,0.6812999999999999
underspecified,16,dev_1205,no,"YES, in chess, the king can be captured (taken out) by an",yes,yes,Incorrect,0.6817000000000001
underspecified,16,dev_1209,yes,"YES, in theory, it is possible to turn lead into gold through nuclear trans",yes,yes,Correct,0.6824
underspecified,16,dev_1227,no,"YES. 1 is a factor of every number, but it is not considered",yes,yes,Incorrect,0.6812
underspecified,16,dev_1229,no,"YES. The fruit ""orange"" is indeed named after the",yes,yes,Incorrect,0.6811
underspecified,16,dev_1230,yes,"YES. A double eagle and an albatross are the same, both referring",yes,yes,Correct,0.6985
underspecified,16,dev_1235,no,YES,yes,yes,Incorrect,0.676
underspecified,16,dev_1239,yes,NO. While both CPAP (Continuous Positive Airway Pressure) and ventilators,no,no,Incorrect,0.6948
underspecified,16,dev_1241,no,YES,yes,yes,Incorrect,0.6926
underspecified,16,dev_1250,yes,YES,yes,yes,Correct,0.6894
underspecified,16,dev_1256,yes,YES. The 1906 San Francisco earthquake triggered a tsunami that caused damage and,yes,yes,Correct,0.6977000000000001
underspecified,16,dev_1261,no,YES,yes,yes,Incorrect,0.6941
underspecified,16,dev_1267,no,"YES. Better Call Saul is a prequel series to Breaking Bad, set several",yes,yes,Incorrect,0.6936
underspecified,16,dev_1271,no,Yes.,yes,yes,Incorrect,0.6724
underspecified,16,dev_1283,yes,"NO. Lock nuts and stop nuts are different types of fasteners, with distinct",no,no,Incorrect,0.6746
underspecified,16,dev_1285,no,"YES, a woman has won the Indianapolis 500. Janet Guthrie was the",yes,yes,Incorrect,0.6982
underspecified,16,dev_1286,no,"YES. While the terms ""lightning bugs"" and ""fireflies"" are",yes,yes,Incorrect,0.7212000000000001
underspecified,16,dev_1294,yes,NO,no,no,Incorrect,0.6938
underspecified,16,dev_1296,yes,NO,no,no,Incorrect,0.6951
underspecified,16,dev_1303,no,"No. In soccer, a player is considered offside if they are closer to",no,no,Correct,0.6954
underspecified,16,dev_1307,yes,"YES, it is possible to score directly from a kickoff in football, although it",yes,yes,Correct,0.6954
underspecified,16,dev_1311,yes,NO,no,no,Incorrect,0.6754
underspecified,16,dev_1316,yes,NO,no,no,Incorrect,0.6954
underspecified,16,dev_1317,no,"YES, the formation of a planetary nebula is often associated with the death of",yes,yes,Incorrect,0.6987000000000001
underspecified,16,dev_1333,yes,NO,no,no,Incorrect,0.698
underspecified,16,dev_1336,yes,YES,yes,yes,Correct,0.695
underspecified,16,dev_1345,no,YES. While both confidentiality agreements and non-disclosure agreements (NDAs) are,yes,yes,Incorrect,0.6834
underspecified,16,dev_1359,no,NO,no,no,Correct,0.6634
underspecified,16,dev_1370,yes,"NO. A-2-3-4-5 is not a straight,",no,no,Incorrect,0.6804
underspecified,16,dev_1371,no,YES.,yes,yes,Incorrect,0.6611
underspecified,16,dev_1372,yes,NO,no,no,Incorrect,0.6816
underspecified,16,dev_1382,no,"NO. In baseball, a catcher is not allowed to block the plate without possession",no,no,Correct,0.6941
underspecified,16,dev_1406,no,YES. The Postmaster General is appointed by the President with the advice and consent,yes,yes,Incorrect,0.7061000000000001
underspecified,16,dev_1408,yes,"NO. According to the official baseball rules, a runner is out if they are",no,no,Incorrect,0.6772
underspecified,16,dev_1413,yes,"YES. Brazil won the 1970 World Cup in Mexico, which was held",yes,yes,Correct,0.6974
underspecified,16,dev_1419,yes,"NO. Las Vegas is a city located in the state of Nevada, not New",no,no,Incorrect,0.6929
underspecified,16,dev_1420,yes,YES. Four-wheel drive (4x4) refers to a system that trans,yes,yes,Correct,0.7209
underspecified,16,dev_1423,no,"YES. ""Take Me Home, Country Roads"" is a song written about West",yes,yes,Incorrect,0.6771
underspecified,16,dev_1424,no,"YES (in the winter months, Hawaii's temperature can drop to around 60",yes,yes,Incorrect,0.6774
underspecified,16,dev_1436,no,"NO. Equity in your home is not a liquid asset, as it cannot be",no,no,Correct,0.6745
underspecified,16,dev_1438,yes,"NO, the UK is divided into several time zones, including Greenwich Mean Time (",no,no,Incorrect,0.6765
underspecified,16,dev_1452,no,I don't know. While some neurotransmitters can have complex or context-dependent effects,i,idk,IDK,0.6966
underspecified,16,dev_1455,yes,NO,no,no,Incorrect,0.694
underspecified,16,dev_1464,no,NO,no,no,Correct,0.6942999999999999
underspecified,16,dev_1467,yes,"YES. In the UK, a grade D at A-level is considered a pass",yes,yes,Correct,0.6955
underspecified,16,dev_1473,yes,NO,no,no,Incorrect,0.6968
underspecified,16,dev_1489,yes,YES. The songs in the 2018 film Mamma Mia! Here We,yes,yes,Correct,0.6959
underspecified,16,dev_1498,yes,YES,yes,yes,Correct,0.6961
underspecified,16,dev_1508,no,"YES. Unfortunately, yes, there have been fatalities during the Tour de",yes,yes,Incorrect,0.6947000000000001
underspecified,16,dev_1515,no,"YES. In the United States, federal income tax is required by law, and",yes,yes,Incorrect,0.6998
underspecified,16,dev_1517,yes,NO. Hydraulic fluid and brake fluid are two different types of fluids with different properties,no,no,Incorrect,0.6751
underspecified,16,dev_1528,yes,Yes. A Juris Doctor (J.D.) is considered a professional doctorate,yes,yes,Correct,0.6856
underspecified,16,dev_1533,no,"YES. The July 27, 2018 lunar eclipse, also known as",yes,yes,Incorrect,0.6842999999999999
underspecified,16,dev_1534,no,NO,no,no,Correct,0.6837000000000001
underspecified,16,dev_1546,yes,NO,no,no,Incorrect,0.6844
underspecified,16,dev_1552,yes,NO. The poly(A) tail is added after the transcription of the mRNA has,no,no,Incorrect,0.6779
underspecified,16,dev_1557,no,NO. New York State abolished the death penalty in 2007.,no,no,Correct,0.6942999999999999
underspecified,16,dev_1563,no,YES. The Big Dipper is an asterism within the constellation U,yes,yes,Incorrect,0.6756
underspecified,16,dev_1627,no,NO,no,no,Correct,0.6979
underspecified,16,dev_1632,yes,NO. The World Health Organization (WHO) is a specialized agency of the United,no,no,Incorrect,0.6975
underspecified,16,dev_1650,yes,"YES (in most jurisdictions, taking a stop sign is considered a traffic",yes,yes,Correct,0.677
underspecified,16,dev_1655,no,"YES. ""Soy"" is commonly used in American English, while ""so",yes,yes,Incorrect,0.695
underspecified,16,dev_1658,yes,NO. The Nazca Lines are geoglyphs that can only be fully,no,no,Incorrect,0.6962
underspecified,16,dev_1659,yes,YES,yes,yes,Correct,0.6944
underspecified,16,dev_1673,yes,YES. Grizzly bears and polar bears are both members of the Ursidae family,yes,yes,Correct,0.6959
underspecified,16,dev_1680,no,YES. Picking your nose can potentially damage the delicate tissues in the nasal cavity,yes,yes,Incorrect,0.6959
underspecified,16,dev_1687,no,"YES. The U.S. Air Force has warrant officers, who are technical experts",yes,yes,Incorrect,0.6757000000000001
underspecified,16,dev_1698,no,YES. Fullmetal Alchemist: Brotherhood is a continuation of the original Fullmetal,yes,yes,Incorrect,0.7056
underspecified,16,dev_1707,yes,Yes,yes,yes,Correct,0.6829
underspecified,16,dev_1727,yes,NO,no,no,Incorrect,0.7078
underspecified,16,dev_1736,no,"NO. According to the fundamental principles of measurement theory, the magnitude of a physical",no,no,Correct,0.6842999999999999
underspecified,16,dev_1737,yes,"NO. In basketball, a free throw is a shot taken from the free throw",no,no,Incorrect,0.6836
underspecified,16,dev_1740,yes,YES,yes,yes,Correct,0.6839
underspecified,16,dev_1743,no,"I don't know. The film ""The Last King of Scotland"" (200",i,idk,IDK,0.7105
underspecified,16,dev_1749,yes,"YES, Delhi University and the University of Delhi are the same institution, with """,yes,yes,Correct,0.6959
underspecified,16,dev_1750,no,NO. Fighting words are not protected under freedom of speech. The Supreme Court has,no,no,Correct,0.6946
underspecified,16,dev_1757,yes,"NO. While the terms are often used interchangeably, the profit and loss statement",no,no,Incorrect,0.696
underspecified,16,dev_1763,yes,NO. The House of Representatives is one of the two chambers of the U.S,no,no,Incorrect,0.6957000000000001
underspecified,16,dev_1775,no,"NO. The NBA playoffs are played in a best-of-seven format, where the",no,no,Correct,0.6955
underspecified,16,dev_1789,no,Yes. The spleen plays a role in filtering the blood and storing red blood,yes,yes,Incorrect,0.6752
underspecified,16,dev_1806,no,"YES, the U.S. still issues $1,000 bills, although",yes,yes,Incorrect,0.7001000000000001
underspecified,16,dev_1814,no,NO,no,no,Correct,0.6735
underspecified,16,dev_1823,yes,YES. The MLB All-Star Game previously determined home-field advantage for the World Series,yes,yes,Correct,0.6954
underspecified,16,dev_1832,no,"YES, there is a real town called Garrison, Colorado. It's a small",yes,yes,Incorrect,0.6958
underspecified,16,dev_1849,yes,"NO. In a RACI chart, one person can be either Responsible or",no,no,Incorrect,0.6961
underspecified,16,dev_1851,no,YES,yes,yes,Incorrect,0.6947000000000001
underspecified,16,dev_1857,no,YES. Cows need to give birth to produce milk. Milk production is closely,yes,yes,Incorrect,0.6771
underspecified,16,dev_1895,yes,I don't know. The question of whether the empty set is an element of,i,idk,IDK,0.6767000000000001
underspecified,16,dev_1906,no,"YES. In the United States, the National Football League (NFL) is the",yes,yes,Incorrect,0.6782999999999999
underspecified,16,dev_1916,yes,NO,no,no,Incorrect,0.6952
underspecified,16,dev_1919,yes,YES,yes,yes,Correct,0.6762
underspecified,16,dev_1924,yes,NO. A car's serial number and Vehicle Identification Number (VIN) are related,no,no,Incorrect,0.6959
underspecified,16,dev_1938,no,"NO. The empty set is a set that contains no elements, and it is",no,no,Correct,0.6947000000000001
underspecified,16,dev_1948,yes,NO,no,no,Incorrect,0.6744
underspecified,16,dev_1950,no,"NO The Gulf of Mexico is considered a sea, which is a smaller",no,no,Correct,0.6945
underspecified,16,dev_1960,no,NO. The Republic of the Congo and the Democratic Republic of the Congo are two,no,no,Correct,0.6762999999999999
underspecified,16,dev_1977,no,"No. According to Article II, Section 1 of the United States Constitution,",no,no,Correct,0.7175
underspecified,16,dev_1995,yes,YES,yes,yes,Correct,0.6771
underspecified,16,dev_1997,yes,NO,no,no,Incorrect,0.6952
underspecified,16,dev_2009,no,"NO, Color Wonder markers do not work on regular paper. They require special Color",no,no,Correct,0.7058
underspecified,16,dev_2032,yes,"YES. Flies, specifically the larvae of certain species, can lay eggs in",yes,yes,Correct,0.6761
underspecified,16,dev_2045,yes,"NO.  The U.S. Constitution sets out eligibility requirements for the presidency,",no,no,Incorrect,0.6968
underspecified,16,dev_2053,no,"No. In tennis, you do not have to be serving to score. You",no,no,Correct,0.6942
underspecified,16,dev_2061,no,"NO. In most cases, the next of kin is determined by law or by",no,no,Correct,0.6975
underspecified,16,dev_2065,yes,YES,yes,yes,Correct,0.694
underspecified,16,dev_2068,yes,YES. Allied Waste and Republic Services are the same company. Republic Services acquired Allied,yes,yes,Correct,0.6968
underspecified,16,dev_2078,no,NO. Black cumin seed (Nigella sativa) and black seed,no,no,Correct,0.6814
underspecified,16,dev_2079,yes,YES. Eeyore is a donkey from the Winnie-the-Po,yes,yes,Correct,0.6819
underspecified,16,dev_2088,no,"YES.  The official language of the United States is English, as established by",yes,yes,Incorrect,0.6812999999999999
underspecified,16,dev_2091,no,"YES. In baseball, the home team can win by two runs in extra innings",yes,yes,Incorrect,0.6985
underspecified,16,dev_2094,no,YES,yes,yes,Incorrect,0.6949
underspecified,16,dev_2095,yes,"Yes. Noel Gallagher is the lead vocalist and songwriter of the song ""Don't",yes,yes,Correct,0.6952
underspecified,16,dev_2139,no,NO,no,no,Correct,0.6948
underspecified,16,dev_2166,yes,NO,no,no,Incorrect,0.669
underspecified,16,dev_2184,no,"Yes. The U.S. has a significant military presence in Saudi Arabia, with",yes,yes,Incorrect,0.6946
underspecified,16,dev_2187,yes,"NO. In basketball, players are not allowed to jump while taking a free throw",no,no,Incorrect,0.6946
underspecified,16,dev_2192,no,"NO, a lieutenant colonel is typically lower in rank than a colonel.",no,no,Correct,0.6964
underspecified,16,dev_2196,no,"YES. Red-eared slider turtles typically lay their eggs on land, but they",yes,yes,Incorrect,0.6959
underspecified,16,dev_2199,yes,YES. The Dark Knight is a sequel to Batman Begins.,yes,yes,Correct,0.6945
underspecified,16,dev_2204,yes,NO,no,no,Incorrect,0.6945
underspecified,16,dev_2220,no,NO. The ball is not dead on an infield fly. The umpire will,no,no,Correct,0.6959
underspecified,16,dev_2224,no,"YES. Rubies can occur in a range of colors, including blue, although",yes,yes,Incorrect,0.6941
underspecified,16,dev_2232,no,YES,yes,yes,Incorrect,0.6965
underspecified,16,dev_2234,no,YES,yes,yes,Incorrect,0.695
underspecified,16,dev_2237,no,YES. The Riviera Maya is a coastal region located on the Caribbean coast of,yes,yes,Incorrect,0.692
underspecified,16,dev_2247,yes,I don't know. Laws regarding underage access to liquor stores can vary by location,i,idk,IDK,0.6728999999999999
underspecified,16,dev_2248,yes,"NO  Resolution refers to the number of pixels in a display, while pixel density",no,no,Incorrect,0.6964
underspecified,16,dev_2266,no,"I don't know. The classification of a vehicle can depend on various factors,",i,idk,IDK,0.6955
underspecified,16,dev_2275,yes,Yes,yes,yes,Correct,0.6652
underspecified,16,dev_2295,yes,NO. An abstention means that a voter or member has chosen not to vote,no,no,Incorrect,0.6861
underspecified,16,dev_2304,yes,NO. The House of Representatives is one of the two chambers of the US Congress,no,no,Incorrect,0.6651
underspecified,16,dev_2306,yes,"NO. In roulette, doubling your bet after each loss is a classic example of",no,no,Incorrect,0.6645
underspecified,16,dev_2310,no,YES,yes,yes,Incorrect,0.6837000000000001
underspecified,16,dev_2315,yes,NO. Centripetal and centrifugal forces are not an action-reaction pair,no,no,Incorrect,0.6845
underspecified,16,dev_2323,no,"YES. The film ""Tully"" is based on a novel of the same",yes,yes,Incorrect,0.6822999999999999
underspecified,16,dev_2328,no,YES,yes,yes,Incorrect,0.6643
underspecified,16,dev_2350,no,"YES, Little House on the Prairie is a work of fiction, although it is",yes,yes,Incorrect,0.6828
underspecified,16,dev_2382,yes,YES. The right atrium receives blood from the lungs through the pulmonary veins.,yes,yes,Correct,0.6832999999999999
underspecified,16,dev_2387,yes,"YES  Northern Ireland has a national football team that competes in international competitions,",yes,yes,Correct,0.6826
underspecified,16,dev_2388,no,"YES.  In the US, a defendant has the right to a fair trial",yes,yes,Incorrect,0.6815
underspecified,16,dev_2396,yes,"NO  Semolina flour and Cream of Wheat are both made from wheat, but",no,no,Incorrect,0.6636
underspecified,16,dev_2408,yes,NO,no,no,Incorrect,0.6821
underspecified,16,dev_2413,no,YES. The movie Stalingrad is a 1993 German film directed by,yes,yes,Incorrect,0.663
underspecified,16,dev_2428,yes,NO. A Peripherally Inserted Central Catheter (PICC) line,no,no,Incorrect,0.68
underspecified,16,dev_2433,no,NO,no,no,Correct,0.6811
underspecified,16,dev_2434,no,YES,yes,yes,Incorrect,0.6607000000000001
underspecified,16,dev_2447,no,"YES. In the MLB playoffs, the wild card teams can have home field advantage",yes,yes,Incorrect,0.6632
underspecified,16,dev_2473,yes,NO,no,no,Incorrect,0.6822999999999999
underspecified,16,dev_2479,no,YES,yes,yes,Incorrect,0.6658
underspecified,16,dev_2504,no,NO,no,no,Correct,0.6618999999999999
underspecified,16,dev_2532,yes,"YES. In the rare condition known as fetus in fetu, a twin can",yes,yes,Correct,0.6828
underspecified,16,dev_2537,no,NO,no,no,Correct,0.6628999999999999
underspecified,16,dev_2538,no,NO,no,no,Correct,0.6648
underspecified,16,dev_2547,yes,,,other,NC,0.6957000000000001
underspecified,16,dev_2548,no,"NO.  Queen bees are able to sting without dying, but they do lose",no,no,Correct,0.6946
underspecified,16,dev_2555,no,NO. Lymphoma is a type of blood cancer that affects the immune system,no,no,Correct,0.6949
underspecified,16,dev_2566,no,YES. A Bachelor of Education (B.Ed.) is typically an undergraduate degree that,yes,yes,Incorrect,0.6862999999999999
underspecified,16,dev_2572,no,YES,yes,yes,Incorrect,0.6775
underspecified,16,dev_2577,no,"YES. In soccer, a kick-off must go forward from the center of the",yes,yes,Incorrect,0.6952
underspecified,16,dev_2605,yes,,,other,NC,0.6762
underspecified,16,dev_2614,yes,NO,no,no,Incorrect,0.6941
underspecified,16,dev_2622,no,,,other,NC,0.6796
underspecified,16,dev_2634,yes,YES,yes,yes,Correct,0.6797000000000001
underspecified,16,dev_2643,no,"YES, elements of the periodic table are typically capitalized in chemical nomenclature.",yes,yes,Incorrect,0.6941
underspecified,16,dev_2655,yes,NO,no,no,Incorrect,0.7081000000000001
underspecified,16,dev_2656,yes,NO. Right of abode and indefinite leave to remain are related but distinct concepts,no,no,Incorrect,0.6744
underspecified,16,dev_2690,yes,"NO. Parcelforce is a subsidiary of Royal Mail, but they are",no,no,Incorrect,0.6977000000000001
underspecified,16,dev_2719,no,NO. Electrons flow in the opposite direction of conventional current. In other words,no,no,Correct,0.6942999999999999
underspecified,16,dev_2727,no,"NO, the AR-10 is a semi-automatic rifle, but it's often",no,no,Correct,0.6958
underspecified,16,dev_2750,yes,"YES

Cows need to be pregnant and give birth to calves in order",yes,yes,Correct,0.6948
underspecified,16,dev_2757,yes,YES. There is a Dodo in Lewis Carroll's Alice's Adventures in Wonderland,yes,yes,Correct,0.6965
underspecified,16,dev_2770,yes,"YES. A typical 9-to-5 work schedule, Monday through Friday,",yes,yes,Correct,0.696
underspecified,16,dev_2791,yes,NO,no,no,Incorrect,0.676
underspecified,16,dev_2813,yes,I don't know. While the movie The Greatest Showman is inspired by the,i,idk,IDK,0.6957000000000001
underspecified,16,dev_2821,yes,"NO. Nicotine is a cholinergic agonist, which means it stimulates",no,no,Incorrect,0.6944
underspecified,16,dev_2832,yes,YES,yes,yes,Correct,0.6961
underspecified,16,dev_2838,no,I don't know. The Prince of Tides is a novel by Pat Con,i,idk,IDK,0.6962999999999999
underspecified,16,dev_2853,no,I don't know,i,idk,IDK,0.6754
underspecified,16,dev_2870,no,NO. The derivative of a continuous function is not always continuous; it may have,no,no,Correct,0.6766
underspecified,16,dev_2875,yes,I don't know. Aldi and Trader Joe's are both discount grocery store,i,idk,IDK,0.6939
underspecified,16,dev_2880,no,"YES, the County Court Business Centre is a real court in England and Wales,",yes,yes,Incorrect,0.6962
underspecified,16,dev_2890,no,NO. Non-permanent members of the United Nations Security Council do not have veto,no,no,Correct,0.6934
underspecified,16,dev_2901,yes,"NO. While they are all part of the Volkswagen Group (VWAG),",no,no,Incorrect,0.6934
underspecified,16,dev_2906,yes,NO A fidelity bond and crime insurance are related but distinct types of insurance,no,no,Incorrect,0.6774
underspecified,16,dev_2919,no,YES. The,yes,yes,Incorrect,0.6915
underspecified,16,dev_2931,yes,NO,no,no,Incorrect,0.6958
underspecified,16,dev_2933,no,YES,yes,yes,Incorrect,0.6762999999999999
underspecified,16,dev_2956,yes,,,other,NC,0.6932999999999999
underspecified,16,dev_2959,no,"YES. There is a bridge between Morocco and Spain, specifically the Strait of Gibraltar",yes,yes,Incorrect,0.6797000000000001
underspecified,16,dev_2967,yes,"YES. The sun appears to rise in the east and set in the west,",yes,yes,Correct,0.6772999999999999
underspecified,16,dev_2973,no,"YES, there is a second movie to The Golden Compass. However, it's",yes,yes,Incorrect,0.6986
underspecified,16,dev_2991,yes,"YES

In many casino games, such as Blackjack, Craps, and",yes,yes,Correct,0.6925
underspecified,16,dev_3000,yes,No. Back ribs and baby back ribs are two different types of pork ribs.,no,no,Incorrect,0.6724
underspecified,16,dev_3015,yes,NO,no,no,Incorrect,0.6812
underspecified,16,dev_3027,no,"NO, a Schengen visa is not valid for travel to Ireland. Ireland",no,no,Correct,0.6969
underspecified,16,dev_3029,no,YES. The United Kingdom (UK) left the European Union (EU) on,yes,yes,Incorrect,0.7
underspecified,16,dev_3035,no,"YES, Halo 2 has achievements on Xbox 360.  Halo 2",yes,yes,Incorrect,0.6996
underspecified,16,dev_3040,no,I don't know. The classification of a no-insurance ticket as a moving,i,idk,IDK,0.6772999999999999
underspecified,16,dev_3073,no,"NO, top sirloin steak and sirloin steak are not the same",no,no,Correct,0.6999
underspecified,16,dev_3079,yes,"NO. Salary is typically included in operating expenses, not in the cost of goods",no,no,Incorrect,0.697
underspecified,16,dev_3089,yes,"NO 

Peaches (Prunus persica) belong to the Ros",no,no,Incorrect,0.6984
underspecified,16,dev_3105,yes,"NO. A neutral wire should not be connected to ground. In electrical systems,",no,no,Incorrect,0.6798
underspecified,16,dev_3106,yes,NO,no,no,Incorrect,0.7012999999999999
underspecified,16,dev_3107,yes,"YES. There have been several recess appointments to the Supreme Court throughout history, including",yes,yes,Correct,0.6992
underspecified,16,dev_3122,no,YES,yes,yes,Incorrect,0.6977000000000001
underspecified,16,dev_3143,no,"YES. The Republic of Ireland is not part of the Schengen Area,",yes,yes,Incorrect,0.6999
underspecified,16,dev_3173,no,"I don't know. Private equity funds are a type of investment fund, but",i,idk,IDK,0.6799
underspecified,16,dev_3183,no,"YES. The winner of the British Open gets to keep the Claret Jug,",yes,yes,Incorrect,0.6964
underspecified,16,dev_3187,yes,YES. Batman Forever is a sequel to Batman Returns. It is the third film,yes,yes,Correct,0.6964
underspecified,16,dev_3204,no,YES. The fundus of the gallbladder is indeed located near the cyst,yes,yes,Incorrect,0.6794
underspecified,16,dev_3212,yes,NO,no,no,Incorrect,0.6744
underspecified,16,dev_3221,no,I don't know. There's a common urban legend that suggests that if you,i,idk,IDK,0.6959
underspecified,16,dev_3231,yes,NO,no,no,Incorrect,0.6733
underspecified,16,dev_3232,yes,NO,no,no,Incorrect,0.6939
underspecified,16,dev_3238,yes,NO. A non-striker cannot be run out by the bowler.,no,no,Incorrect,0.6945
underspecified,16,dev_3239,yes,"Yes, the Conn Smythe Trophy has been awarded to a player on the losing",yes,yes,Correct,0.7036
underspecified,16,dev_3241,yes,YES. Romania was part of the Austro-Hungarian Empire from,yes,yes,Correct,0.6945
underspecified,16,dev_3242,yes,"YES, in the context of the animated series Adventure Time, a Ruby and a",yes,yes,Correct,0.6966
underspecified,16,dev_0031,yes,"YES. In the comics, Deadpool has a daughter named Ellie Parker, also known",yes,yes,Correct,0.68
underspecified,16,dev_0148,yes,"YES. Sméagol, also known as Gollum, dies in",yes,yes,Correct,0.6957000000000001
underspecified,16,dev_0178,yes,"YES. ""Eye of the Tiger"" was written by Jim Peterik and Frankie",yes,yes,Correct,0.6942
underspecified,16,dev_0410,yes,YES,yes,yes,Correct,0.6778
underspecified,16,dev_0419,yes,YES. Eric Clapton played on 'While My Guitar Gently Weeps,yes,yes,Correct,0.6964
underspecified,16,dev_0448,yes,YES,yes,yes,Correct,0.6971
underspecified,16,dev_0224,no,"NO. The Outsiders, a novel by S.E. Hinton, is",no,no,Correct,0.6949
underspecified,16,dev_0317,no,NO,no,no,Correct,0.6951
underspecified,16,dev_0368,no,"NO. The Color Purple is a novel by Alice Walker, published in 198",no,no,Correct,0.6944
underspecified,16,dev_0507,no,"I don't know. I'm a large language model, I don't have",i,idk,IDK,0.695
underspecified,16,dev_0603,no,NO. The Seven Ages of Man is a famous speech from William Shakespeare's play,no,no,Correct,0.6951
underspecified,16,dev_0938,no,"NO. The song ""House of the Rising Sun"" is a traditional folk ball",no,no,Correct,0.7082999999999999
underspecified,16,dev_0076,yes,YES. Female ferrets are prone to a life-threatening condition called adrenal disease if,yes,yes,Correct,0.6952
underspecified,16,dev_0459,yes,"YES. In eukaryotic cells, only one of the two DNA strands",yes,yes,Correct,0.6776
underspecified,16,dev_0502,yes,YES. Kingsnakes have a unique adaptation that makes them resistant to the venom,yes,yes,Correct,0.6952
underspecified,16,dev_0580,yes,NO. Male and female blue jays can be distinguished by their plumage and,no,no,Incorrect,0.6938
underspecified,16,dev_1089,yes,"YES
It is technically possible to remove the venom glands from a snake,",yes,yes,Correct,0.6864
underspecified,16,dev_1153,yes,NO. Melaleuca and tea tree are related but distinct species. Mel,no,no,Incorrect,0.6966
underspecified,16,dev_1315,yes,"I would answer: YES

Ion-dipole interactions are typically stronger than hydrogen",i,yes,Correct,0.7251000000000001
underspecified,16,dev_1482,yes,YES,yes,yes,Correct,0.6936
underspecified,16,dev_1568,yes,"No. While both vultures and buzzards are birds of prey, they",no,no,Incorrect,0.694
underspecified,16,dev_1968,yes,"No. Turtles and tortoises are both reptiles, but they belong",no,no,Incorrect,0.6934
underspecified,16,dev_2223,yes,NO,no,no,Incorrect,0.6808
underspecified,16,dev_2420,yes,"YES. In some cultures, a bird called the ""rain crow"" is a",yes,yes,Correct,0.6967000000000001
underspecified,16,dev_2882,yes,I don't know. I couldn't find any information that suggests the redback,i,idk,IDK,0.6945
underspecified,16,dev_2899,yes,"YES. Dalmatians are known for their unique coat pattern, and as",yes,yes,Correct,0.6784
underspecified,16,dev_2910,yes,"NO. Taro root and elephant ears are both edible plants, but they belong",no,no,Incorrect,0.6964
underspecified,16,dev_0713,no,"YES. Cows typically need to be pregnant to lactate, as pregnancy triggers",yes,yes,Incorrect,0.6958
underspecified,16,dev_0816,no,YES. The spinal cord and vertebral column are generally the same length in adults,yes,yes,Incorrect,0.6966
underspecified,16,dev_0911,no,NO,no,no,Correct,0.7022999999999999
underspecified,16,dev_0997,no,NO,no,no,Correct,0.6974
underspecified,16,dev_1258,no,"YES. The umbilical cord is indeed inside the amniotic sac,",yes,yes,Incorrect,0.6964
underspecified,16,dev_1422,no,Yes. Root hairs are specialized cells that occur along the entire length of a root,yes,yes,Incorrect,0.6777000000000001
underspecified,16,dev_2120,no,"NO, Dalmatians are born with a solid coat, and their characteristic",no,no,Correct,0.6964
underspecified,16,dev_2353,no,"No, bees and hornets do not have the same venom. Bees have",no,no,Correct,0.6771
underspecified,16,dev_2441,no,NO.  Identical twins are formed when a single fertilized egg (zy,no,no,Correct,0.677
underspecified,16,dev_2087,no,"YES, sperm whales are listed as a vulnerable species on the IUCN Red",yes,yes,Incorrect,0.6968
underspecified,16,dev_2215,no,"NO. The two chromosomes in a pair are homologous, meaning they have",no,no,Correct,0.6967000000000001
underspecified,16,dev_2503,no,"NO. While both are birds known for their singing abilities, catbirds and mocking",no,no,Correct,0.6959
underspecified,16,dev_2652,no,"YES. Baby birds, also known as hatchlings, typically have a small,",yes,yes,Incorrect,0.6956
underspecified,16,dev_2850,no,"NO. In some cases, the stinger may not be present, or it",no,no,Correct,0.6958
underspecified,16,dev_3062,no,NO. Black and yellow garden spiders (Argiope aurantia) are,no,no,Correct,0.6999
underspecified,16,dev_0400,yes,YES. A profit and loss account and an income statement are essentially the same financial,yes,yes,Correct,0.6782999999999999
underspecified,16,dev_0432,yes,Yes. The Central Bank of India is a nationalised bank in India. It,yes,yes,Correct,0.6965
underspecified,16,dev_0446,yes,"NO. Bi-Mart is a membership-based retailer, but membership is not required to",no,no,Incorrect,0.6962999999999999
underspecified,16,dev_0455,yes,YES,yes,yes,Correct,0.6754
underspecified,16,dev_0472,yes,YES. Toys R Us and Babies R Us were both subsidiaries of the same parent,yes,yes,Correct,0.6962999999999999
underspecified,16,dev_0524,yes,"YES. In-N-Out Burger has several locations in Nevada, including in the Las",yes,yes,Correct,0.6984
underspecified,16,dev_0767,yes,I don't know. The exchange rate between the Canadian dollar and the American dollar,i,idk,IDK,0.6771
underspecified,16,dev_0875,yes,NO,no,no,Incorrect,0.6683
underspecified,16,dev_0950,yes,YES,yes,yes,Correct,0.6948
underspecified,16,dev_1023,yes,NO. A mortgage loan originator and a loan officer are related but distinct roles,no,no,Incorrect,0.6781
underspecified,16,dev_1171,yes,"YES. Guernsey is part of the British Crown dependencies, and its currency",yes,yes,Correct,0.6956
underspecified,16,dev_1207,yes,NO,no,no,Incorrect,0.6778
underspecified,16,dev_1299,yes,YES. Net earnings and net income are synonyms and refer to the profit earned by,yes,yes,Correct,0.6965
underspecified,16,dev_0157,no,NO,no,no,Correct,0.6777000000000001
underspecified,16,dev_0371,no,NO. National and Enterprise are two separate car rental companies. Enterprise is a privately,no,no,Correct,0.6956
underspecified,16,dev_0621,no,"NO. Getting cash back typically doesn't cost money. In fact, it's",no,no,Correct,0.6964
underspecified,16,dev_0699,no,NO,no,no,Correct,0.6788
underspecified,16,dev_0954,no,NO,no,no,Correct,0.6746
underspecified,16,dev_1050,no,NO. White Castle is a fast-food restaurant chain that has locations across the United,no,no,Correct,0.6767000000000001
underspecified,16,dev_1208,no,NO,no,no,Correct,0.6792
underspecified,16,dev_1257,no,I don't know. Home Bargains and Quality Save are both discount retailers in,i,idk,IDK,0.697
underspecified,16,dev_1805,no,"NO. The $10,000 bill was last printed in 1945 and",no,no,Correct,0.6972
underspecified,16,dev_1876,no,"I don't know. However, I can tell you that Montgomery Ward is an",i,idk,IDK,0.696
underspecified,16,dev_2290,no,NO,no,no,Correct,0.6965
underspecified,16,dev_2444,no,NO,no,no,Correct,0.6972999999999999
underspecified,16,dev_0250,yes,"YES. In the Netherlands, Father's Day is celebrated on the third Sunday of",yes,yes,Correct,0.7009
underspecified,16,dev_0337,yes,Yes,yes,yes,Correct,0.6779
underspecified,16,dev_0386,yes,"YES. Brussels has a red-light district, also known as the ""Rue",yes,yes,Correct,0.6775
underspecified,16,dev_0591,yes,"NO. Copa Airlines is a member of the SkyTeam alliance. 
However,",no,no,Incorrect,0.6972
underspecified,16,dev_0746,yes,"YES (in the Philippines, June 12 is a national holiday known as Independence",yes,yes,Correct,0.6812999999999999
underspecified,16,dev_0845,yes,"YES, but only for a short period of time, typically around 500-",yes,yes,Correct,0.6976
underspecified,16,dev_0855,yes,YES. Flight paths that go over the North Pole are known as polar routes and,yes,yes,Correct,0.6786
underspecified,16,dev_0915,yes,"NO. Ontario Place is a recreational and entertainment complex in Toronto, Ontario, Canada",no,no,Incorrect,0.699
underspecified,16,dev_0945,yes,NO. Thread seal tape and Teflon tape are both used for sealing threaded,no,no,Incorrect,0.6959
underspecified,16,dev_0021,no,NO,no,no,Correct,0.6966
underspecified,16,dev_0490,no,"NO, American citizens do not need a visa to enter Georgia. As a U",no,no,Correct,0.6772999999999999
underspecified,16,dev_0581,no,"NO, a peck and a bushel are not the same. A pe",no,no,Correct,0.697
underspecified,16,dev_0631,no,"YES.  In the United States, the post office is typically closed on Memorial",yes,yes,Incorrect,0.6968
underspecified,16,dev_0691,no,"NO, if it says ""Freepost"" on the envelope, you don",no,no,Correct,0.6962999999999999
underspecified,16,dev_0783,no,NO,no,no,Correct,0.7002
underspecified,16,dev_0787,no,NO,no,no,Correct,0.697
underspecified,16,dev_0825,no,I don't know. I don't have information about the Waterloo & City line,i,idk,IDK,0.6962
underspecified,16,dev_0885,no,I don't know. I'd recommend checking the official government websites or a reliable,i,idk,IDK,0.6976
underspecified,16,dev_0089,yes,YES. There are several movies with 0% on Rotten Tomatoes.,yes,yes,Correct,0.6974
underspecified,16,dev_0095,yes,"YES. The Canadian television series ""Anne with an E"" was primarily filmed on",yes,yes,Correct,0.6998
underspecified,16,dev_0211,yes,YES. Murphy Brown had a baby on the show. The show's main character,yes,yes,Correct,0.7
underspecified,16,dev_0238,yes,"NO. Beau Abbott, the character played by Evan Alex, survives in the film",no,no,Incorrect,0.6967000000000001
underspecified,16,dev_0252,yes,I don't know.,i,idk,IDK,0.6814
underspecified,16,dev_0256,yes,NO. The,no,no,Incorrect,0.6807000000000001
underspecified,16,dev_0266,yes,"I don't know. I'm a large language model, I don't have",i,idk,IDK,0.684
underspecified,16,dev_0310,yes,"YES. Contestants on Survivor, a popular reality TV show, typically receive a",yes,yes,Correct,0.6806
underspecified,16,dev_0359,yes,YES,yes,yes,Correct,0.6624
underspecified,16,dev_0422,yes,"YES, Lucas and Peyton do come back to One Tree Hill. They are recurring",yes,yes,Correct,0.6811
underspecified,16,dev_0040,no,YES. The Golden Compass is the first book in Philip Pullman's His Dark,yes,yes,Incorrect,0.6888
underspecified,16,dev_0080,no,NO.,no,no,Correct,0.7005
underspecified,16,dev_0100,no,"I don't know. I'm a large language model, I don't have",i,idk,IDK,0.6951
underspecified,16,dev_0240,no,"NO. While both shows are part of the Walking Dead franchise, they are separate",no,no,Correct,0.6945
underspecified,16,dev_0247,no,"NO
Let There Be Light is a 2017 American drama film directed",no,no,Correct,0.6951
underspecified,16,dev_0260,no,"YES. In the 1998 film Mighty Joe Young, a real western low",yes,yes,Incorrect,0.6919
underspecified,16,dev_0277,no,"Yes. Michael Scott and Carol Stills, but also Michael Scott and Carol's",yes,yes,Incorrect,0.6956
underspecified,16,dev_0290,no,"YES. Elena Gilbert, the main character played by Nina Dobrev, dies in",yes,yes,Incorrect,0.6956
underspecified,16,dev_0303,no,NO,no,no,Correct,0.6955
underspecified,16,dev_0231,yes,"YES. Penne alla vodka is a pasta dish that typically includes tomato sauce,",yes,yes,Correct,0.6998
underspecified,16,dev_0401,yes,No,no,no,Incorrect,0.693
underspecified,16,dev_0420,yes,NO. Red velvet cake is a specific type of cake that has a distinctive flavor,no,no,Incorrect,0.6942999999999999
underspecified,16,dev_0571,yes,NO,no,no,Incorrect,0.6764
underspecified,16,dev_0583,yes,"NO.  Baby back ribs are a different cut of pork, typically taken from",no,no,Incorrect,0.7092999999999999
underspecified,16,dev_0765,yes,YES. Salted duck eggs typically need to be cooked before consumption to make them,yes,yes,Correct,0.6755
underspecified,16,dev_0778,yes,NO,no,no,Incorrect,0.6989
underspecified,16,dev_0815,yes,"NO, Sprite is a lemon-lime flavored soft drink, but it does not",no,no,Incorrect,0.698
underspecified,16,dev_0073,no,I don't know. The taste of cotton candy is often associated with its color,i,idk,IDK,0.6939
underspecified,16,dev_0491,no,I don't know. While both picante sauce and taco sauce are condiments,i,idk,IDK,0.6992
underspecified,16,dev_0615,no,NO. Rice noodles and glass noodles are two different types of noodles commonly used in,no,no,Correct,0.6779
underspecified,16,dev_0868,no,"NO. Fruit Roll-Ups are a type of fruit-flavored snack food,",no,no,Correct,0.6795
underspecified,16,dev_0880,no,NO,no,no,Correct,0.677
underspecified,16,dev_0953,no,"NO. Monster energy drinks are a type of energy drink that contains caffeine, t",no,no,Correct,0.6755
underspecified,16,dev_0985,no,NO. Long Island Iced Teas are a type of cocktail that typically consists,no,no,Correct,0.694
underspecified,16,dev_0136,yes,YES,yes,yes,Correct,0.6941
underspecified,16,dev_0367,yes,YES. Devil May Cry 5 is set after the events of Devil May Cry,yes,yes,Correct,0.6961
underspecified,16,dev_0618,yes,"YES, Dying Light: The Following Enhanced Edition comes with the original game.",yes,yes,Correct,0.6946
underspecified,16,dev_0720,yes,"Yes, State of Decay has co-op on Xbox One.",yes,yes,Correct,0.6976
underspecified,16,dev_0770,yes,"NO. The numbers on a roulette wheel are arranged in a specific pattern, with",no,no,Incorrect,0.6954
underspecified,16,dev_0835,yes,YES,yes,yes,Correct,0.6958
underspecified,16,dev_0896,yes,YES,yes,yes,Correct,0.6956
underspecified,16,dev_0434,no,"YES, all Xbox games are backward compatible with the Xbox One, meaning players can",yes,yes,Incorrect,0.6779
underspecified,16,dev_0489,no,NO,no,no,Correct,0.6757000000000001
underspecified,16,dev_0852,no,NO,no,no,Correct,0.6958
underspecified,16,dev_0870,no,"I don't know. In Dungeons & Dragons, the paladin class is typically",i,idk,IDK,0.699
underspecified,16,dev_1148,no,I don't know. I'd recommend checking the official website or store listings for,i,idk,IDK,0.6939
underspecified,16,dev_2595,no,NO,no,no,Correct,0.6935
underspecified,16,dev_0281,yes,I don't know,i,idk,IDK,0.6766
underspecified,16,dev_0528,yes,"YES, Atlantic City has a train station called Atlantic City Station, which is served",yes,yes,Correct,0.7005
underspecified,16,dev_0547,yes,I don't know. I don't have information about tolls on the Battery,i,idk,IDK,0.6934
underspecified,16,dev_0623,yes,"YES, the George Washington Bridge has a one-way toll, with traffic traveling north",yes,yes,Correct,0.6623
underspecified,16,dev_0626,yes,NO,no,no,Incorrect,0.6805
underspecified,16,dev_0686,yes,"I don't know. Edinburgh Castle is a historic fortress located in Edinburgh, Scotland",i,idk,IDK,0.6825
underspecified,16,dev_0822,yes,NO,no,no,Incorrect,0.6811
underspecified,16,dev_1210,yes,NO,no,no,Incorrect,0.6826
underspecified,16,dev_0374,no,"NO. San Pedro, Laguna is a city in Laguna province, which is part",no,no,Correct,0.6804
underspecified,16,dev_0900,no,NO,no,no,Correct,0.6621
underspecified,16,dev_0913,no,NO,no,no,Correct,0.6645
underspecified,16,dev_1234,no,NO,no,no,Correct,0.6756
underspecified,16,dev_1360,no,"I don't know. I'm a large language model, I don't have",i,idk,IDK,0.6959
underspecified,16,dev_1544,no,NO. I-30 in Dallas is a non-toll interstate highway.,no,no,Correct,0.697
underspecified,16,dev_1588,no,NO,no,no,Correct,0.6762999999999999
underspecified,16,dev_0344,yes,"NO, it is not possible to build up an immunity to arsenic. Ar",no,no,Incorrect,0.6938
underspecified,16,dev_0379,yes,"YES, New England Baptist Hospital is a teaching hospital. It is affiliated with Tu",yes,yes,Correct,0.6932999999999999
underspecified,16,dev_0474,yes,I don't know,i,idk,IDK,0.6742999999999999
underspecified,16,dev_0614,yes,I don't know. The effectiveness of a cold water bath versus an ice bath,i,idk,IDK,0.6922999999999999
underspecified,16,dev_0655,yes,NO. A hiatal hernia is a condition where part of the stomach pushes,no,no,Incorrect,0.6772
underspecified,16,dev_1195,yes,"YES, but only if you receive prompt and proper medical attention. Blue-r",yes,yes,Correct,0.7002
underspecified,16,dev_1197,yes,"No. An ectopic pregnancy is a pregnancy that develops outside the uterus, typically",no,no,Incorrect,0.6962999999999999
underspecified,16,dev_1313,yes,NO. Relative risk and risk ratio are related but distinct measures of the association between,no,no,Incorrect,0.6952999999999999
underspecified,16,dev_1564,yes,NO. PCP (Phencyclidine) and angel dust are,no,no,Incorrect,0.6967000000000001
underspecified,16,dev_0078,no,YES,yes,yes,Incorrect,0.6955
underspecified,16,dev_0166,no,I don't know. The Dietary Guidelines for Americans recommend a variety of fruits and,i,idk,IDK,0.7087
underspecified,16,dev_0851,no,YES,yes,yes,Incorrect,0.6789
underspecified,16,dev_0861,no,"NO. A junctional rhythm typically does not have a P wave, as it",no,no,Correct,0.6948
underspecified,16,dev_0872,no,NO,no,no,Correct,0.6957000000000001
underspecified,16,dev_1554,no,Yes,yes,yes,Incorrect,0.6761
underspecified,16,dev_1719,no,"NO

Extended release and sustained release are related but not exactly the same. Both",no,no,Correct,0.6956
underspecified,16,dev_1991,no,NO,no,no,Correct,0.7002
underspecified,16,dev_2115,no,I don't know. Being a sumo wrestler can be physically demanding and may,i,idk,IDK,0.6775
underspecified,16,dev_0105,yes,YES,yes,yes,Correct,0.6924
underspecified,16,dev_0125,yes,"YES, there were a few survivors of the Pompeii eruption in 79 AD",yes,yes,Correct,0.6942
underspecified,16,dev_0191,yes,"YES, there are actual bodies in the Tomb of the Unknown Soldier, specifically the",yes,yes,Correct,0.6952
underspecified,16,dev_1292,yes,"YES. The Queen of England, Elizabeth II, married Prince Philip, Duke of",yes,yes,Correct,0.6942
underspecified,16,dev_1338,yes,NO,no,no,Incorrect,0.6951
underspecified,16,dev_0388,no,YES.,yes,yes,Incorrect,0.6952999999999999
underspecified,16,dev_0703,no,I don't know. The Peacock Throne is a legendary throne said to have,i,idk,IDK,0.7186
underspecified,16,dev_0833,no,YES,yes,yes,Incorrect,0.6952999999999999
underspecified,16,dev_0874,no,"NO. Despite numerous attempts, no one is believed to have successfully escaped from Al",no,no,Correct,0.6962999999999999
underspecified,16,dev_1651,no,"YES, there are still tin mines in Cornwall, although many have closed over the",yes,yes,Incorrect,0.675
underspecified,16,dev_0072,yes,"NO. In Canada, a Possession and Acquisition Licence (PAL) is required",no,no,Incorrect,0.6726
underspecified,16,dev_0258,yes,"YES, in Wisconsin, you can buy alcohol on Sundays. Wisconsin is one of",yes,yes,Correct,0.6909
underspecified,16,dev_0286,yes,Yes,yes,yes,Correct,0.7
underspecified,16,dev_0348,yes,NO  Would,no,no,Incorrect,0.6809
underspecified,16,dev_0467,yes,YES. A certification of birth and a birth certificate are essentially the same,yes,yes,Correct,0.6941
underspecified,16,dev_0515,yes,I don't know. The possibility of putting a restraining order on a landlord depends,i,idk,IDK,0.6939
underspecified,16,dev_0562,yes,I don't know,i,idk,IDK,0.6938
underspecified,16,dev_0636,yes,"NO. In California, there are strict laws regarding the carrying of firearms. Generally",no,no,Incorrect,0.6955
underspecified,16,dev_0740,yes,"YES, there is a time limit for ratification of an amendment. In the",yes,yes,Correct,0.6974
underspecified,16,dev_0838,yes,"YES (in most cases, but with some exceptions) In Quebec, you can",yes,yes,Correct,0.6758
underspecified,16,dev_0864,yes,Yes,yes,yes,Correct,0.6967000000000001
underspecified,16,dev_0873,yes,"YES, but with certain restrictions and under the supervision of a licensed driver, typically",yes,yes,Correct,0.694
underspecified,16,dev_0901,yes,"YES, in many jurisdictions, driving over a median is prohibited and can result in",yes,yes,Correct,0.6958
underspecified,16,dev_0909,yes,NO,no,no,Incorrect,0.6935
underspecified,16,dev_1134,yes,"YES. New York State is a common law state, which means that its legal",yes,yes,Correct,0.6962999999999999
underspecified,16,dev_0198,no,"YES. In New Hampshire, you are not required to have a permit to carry",yes,yes,Incorrect,0.6959
underspecified,16,dev_0215,no,NO,no,no,Correct,0.6748
underspecified,16,dev_0223,no,"YES, but with some exceptions. In the United States, recording a cover of",yes,yes,Incorrect,0.6759
underspecified,16,dev_0234,no,"NO. In most jurisdictions, the age of consent is higher than 15,",no,no,Correct,0.6746
underspecified,16,dev_0272,no,"I don't know. I'm a large language model, I don't have",i,idk,IDK,0.6931
underspecified,16,dev_0453,no,"No. In the United States, incest laws generally prohibit marriage between close family members",no,no,Correct,0.6789
underspecified,16,dev_0499,no,"I don't know. Puerto Rico is a US territory, but its residents do",i,idk,IDK,0.6942999999999999
underspecified,16,dev_0552,no,"NO. In the United States, prisoners are generally not allowed to have their phones",no,no,Correct,0.6962
underspecified,16,dev_0680,no,"YES. Trade secrets are protected for a limited time, typically as long as they",yes,yes,Incorrect,0.6825
underspecified,16,dev_0738,no,"YES. Taiwan is a member of the Paris Convention, which is an international treaty",yes,yes,Incorrect,0.6899
underspecified,16,dev_0771,no,"NO. In both Canada and the United States, payola is generally considered an",no,no,Correct,0.6944
underspecified,16,dev_0888,no,YES,yes,yes,Incorrect,0.6944
underspecified,16,dev_1135,no,"NO. In the UK, a certified copy is a copy of a document that",no,no,Correct,0.687
underspecified,16,dev_1188,no,"NO. In the United States, federal law prohibits individuals who have been dishonor",no,no,Correct,0.6962
underspecified,16,dev_0339,yes,I don't know. The requirements for entering Canada with a military ID can vary,i,idk,IDK,0.6785
underspecified,16,dev_0357,yes,"I don't know

(Note: The American Community Survey (ACS) is a",i,idk,IDK,0.6934
underspecified,16,dev_0498,yes,"YES, according to the Florida Constitution, the minimum age for legislators is 21",yes,yes,Correct,0.6948
underspecified,16,dev_0620,yes,YES,yes,yes,Correct,0.677
underspecified,16,dev_0878,yes,"NO. While the terms ""national government"" and ""federal government",no,no,Incorrect,0.6947000000000001
underspecified,16,dev_1864,yes,NO. The U.S. Marines are a separate branch of the U.S.,no,no,Incorrect,0.7082
underspecified,16,dev_2080,yes,NO. The U.S. Coast Guard is part of the Department of Homeland Security,no,no,Incorrect,0.6982999999999999
underspecified,16,dev_2395,yes,NO,no,no,Incorrect,0.6977000000000001
underspecified,16,dev_2639,yes,"YES, Canada is a member of the United Nations",yes,yes,Correct,0.6925
underspecified,16,dev_3155,yes,"Yes.  The Korean Service Medal with 3, 4, or",yes,yes,Correct,0.7002
underspecified,16,dev_3209,yes,YES. Attending the Naval Academy is one way to become a commissioned officer in,yes,yes,Correct,0.6941
underspecified,16,dev_0209,no,NO. Israel is not a member of the European Economic Area (EEA).,no,no,Correct,0.6976
underspecified,16,dev_0273,no,YES,yes,yes,Incorrect,0.6938
underspecified,16,dev_0404,no,"NO. Puerto Rico is a territory of the United States, but not a protector",no,no,Correct,0.6771
underspecified,16,dev_0567,no,NO. Romania is not part of the Visa Waiver Program (VWP),no,no,Correct,0.675
underspecified,16,dev_0675,no,"YES, Saudi Arabia has signed the Universal Declaration of",yes,yes,Incorrect,0.6758
underspecified,16,dev_1172,no,"NO, Turkey is not a member of the European Union (EU), but it",no,no,Correct,0.6937000000000001
underspecified,16,dev_1275,no,"NO. State awards are typically worn on civilian attire, and are not authorized for",no,no,Correct,0.6738
underspecified,16,dev_1971,no,"NO. Bosnia and Herzegovina is a country located in Southeastern Europe,",no,no,Correct,0.6955
underspecified,16,dev_2001,no,"NO. The presidential pardon power only applies to federal crimes, not state crimes.",no,no,Correct,0.6978
underspecified,16,dev_3004,no,"YES. Prior to 1980, council house tenants in the UK had the",yes,yes,Incorrect,0.6759
underspecified,16,dev_3256,no,NO  There is not a camera on all traffic lights. While some traffic lights,no,no,Correct,0.6764
underspecified,16,dev_1132,yes,"No. While both are types of quartz, pink quartz and rose quartz have different",no,no,Incorrect,0.6945
underspecified,16,dev_1233,yes,NO,no,no,Incorrect,0.6771
underspecified,16,dev_1511,yes,"NO. While both the heat index and ""RealFeel"" are measures of how",no,no,Incorrect,0.6958
underspecified,16,dev_1633,yes,NO,no,no,Incorrect,0.6955
underspecified,16,dev_2007,yes,NO. While liquefied petroleum gas (LPG) and propane are related,no,no,Incorrect,0.6792
underspecified,16,dev_2214,yes,NO. Water is a liquid substance that requires a certain level of moisture to exist,no,no,Incorrect,0.676
underspecified,16,dev_2239,yes,YES. The speed of sound in a given medium is generally constant at a given,yes,yes,Correct,0.696
underspecified,16,dev_2299,yes,"I don't know. While clouds are often associated with precipitation, there are other",i,idk,IDK,0.6947000000000001
underspecified,16,dev_2303,yes,"YES, all life on Earth requires the same essential elements, which are carbon,",yes,yes,Correct,0.6974
underspecified,16,dev_2477,yes,"YES. In the Peano axioms, which define the natural numbers,",yes,yes,Correct,0.6782999999999999
underspecified,16,dev_2993,yes,NO. While both terms are often used to describe an exceptional ability to recall visual,no,no,Incorrect,0.6962
underspecified,16,dev_3126,yes,"YES. An upside-down rainbow is called a ""reflected rainbow"" or """,yes,yes,Correct,0.6947000000000001
underspecified,16,dev_3188,yes,"NO (Note: In the United States, ""buzzard"" is",no,no,Incorrect,0.677
underspecified,16,dev_3193,yes,"YES. The Georgia Aquarium in Atlanta, Georgia, USA is home to a large",yes,yes,Correct,0.6936
underspecified,16,dev_3234,yes,YES. A rhombus and a diamond are often used interchangeably to describe,yes,yes,Correct,0.6985
underspecified,16,dev_3265,yes,"NO

The Titius–Bode rule is a mathematical relationship that was used",no,no,Incorrect,0.6954
underspecified,16,dev_0001,no,"Yes. Ethanol production is often considered ""energy-intensive"" because it requires significant",yes,yes,Incorrect,0.6948
underspecified,16,dev_0579,no,YES (although it's a common myth that you can hear the ocean,yes,yes,Incorrect,0.6979
underspecified,16,dev_1003,no,YES. Least squares is a method used to estimate the parameters of a linear regression,yes,yes,Incorrect,0.6812999999999999
underspecified,16,dev_1483,no,NO,no,no,Correct,0.6607999999999999
underspecified,16,dev_1551,no,"NO. Australia is not part of the Ring of Fire, which is a",no,no,Correct,0.6829
underspecified,16,dev_1702,no,NO. A pterodactyl and a Pteranodon are both,no,no,Correct,0.6882
underspecified,16,dev_1925,no,NO. Percent difference and percent change are related but distinct concepts,no,no,Correct,0.6845
underspecified,16,dev_2025,no,NO. The load is the weight or effort that is being lifted or moved by,no,no,Correct,0.6666
underspecified,16,dev_2312,no,"NO. Turpentine and white spirit are both solvents, but they are",no,no,Correct,0.6826
underspecified,16,dev_2471,no,YES.,yes,yes,Incorrect,0.683
underspecified,16,dev_2521,no,NO. The t-distribution is a probability distribution that is used for,no,no,Correct,0.6974
underspecified,16,dev_2782,no,NO. While the hydronium ion (H3O+) and the,no,no,Correct,0.6997000000000001
underspecified,16,dev_2812,no,"YES. The ocean is a vast body of saltwater, and the density of",yes,yes,Incorrect,0.6992999999999999
underspecified,16,dev_3014,no,"NO. At the Equator, the days are approximately 12 hours long,",no,no,Correct,0.6944
underspecified,16,dev_3034,no,NO,no,no,Correct,0.6892999999999999
underspecified,16,dev_3159,no,"NO. While both chipmunks and ground squirrels are small, burrowing",no,no,Correct,0.7015
underspecified,16,dev_3190,no,NO,no,no,Correct,0.6981
underspecified,16,dev_0682,yes,YES. A sermon and a homily are often used interchangeably to refer to,yes,yes,Correct,0.6981
underspecified,16,dev_0735,yes,"YES, in the United States, secondary school is commonly referred to as high school",yes,yes,Correct,0.6972
underspecified,16,dev_1505,yes,"YES, the University of St. Thomas is a nonprofit institution. It is a",yes,yes,Correct,0.6974
underspecified,16,dev_1668,yes,"Yes. In the Church of England (Anglican), worshippers make the",yes,yes,Correct,0.698
underspecified,16,dev_2373,yes,NO,no,no,Incorrect,0.6995
underspecified,16,dev_2793,yes,YES. Eastern Kentucky University is a Division I school. It competes in the,yes,yes,Correct,0.6979
underspecified,16,dev_2929,yes,NO. Child psychology and developmental psychology are related but distinct fields. Child psychology focuses,no,no,Incorrect,0.6801
underspecified,16,dev_0605,no,"NO, you don't have to be a Mormon to attend Brigham Young University",no,no,Correct,0.6952999999999999
underspecified,16,dev_0908,no,I don't know. I would need more information or context to determine the accreditation,i,idk,IDK,0.6655
underspecified,16,dev_1388,no,NO. While the University of London is a federation of colleges and institutions,no,no,Correct,0.6625
underspecified,16,dev_1521,no,"NO, Sweden does not pay students to attend school. However, students may receive",no,no,Correct,0.6962
underspecified,16,dev_2334,no,"NO. The Book of Jasher is not included in the canonical Bible, but",no,no,Correct,0.6947000000000001
underspecified,16,dev_2641,no,NO. A double-barrel surname does not necessarily have to be hyphenated,no,no,Correct,0.6947000000000001
underspecified,16,dev_0347,yes,YES,yes,yes,Correct,0.6748999999999999
underspecified,16,dev_0411,yes,"I don't know. The Redskins have changed their defensive scheme over the years,",i,idk,IDK,0.6944
underspecified,16,dev_0439,yes,YES,yes,yes,Correct,0.6931
underspecified,16,dev_0452,yes,"YES. Belgium has reached the World Cup final once, in 2018,",yes,yes,Correct,0.6952
underspecified,16,dev_0585,yes,"NO. In rugby league, the scrum is a form of restart play where",no,no,Incorrect,0.6934
underspecified,16,dev_0656,yes,YES. Kaká played in the 2002 World Cup for Brazil.,yes,yes,Correct,0.6961
underspecified,16,dev_0661,yes,"YES, the KSI vs. Logan Paul fight was a pay-per-view event",yes,yes,Correct,0.6931
underspecified,16,dev_0701,yes,YES. The Kentucky Derby is typically held on the first Saturday,yes,yes,Correct,0.6921
underspecified,16,dev_0704,yes,"YES. Wayne Gretzky, also known as ""The Great One"", won",yes,yes,Correct,0.6941
underspecified,16,dev_0752,yes,No.,no,no,Incorrect,0.6741
underspecified,16,dev_0848,yes,NO,no,no,Incorrect,0.6941
underspecified,16,dev_0883,yes,YES. There have been several instances in various sports where a team has come back,yes,yes,Correct,0.6946
underspecified,16,dev_1143,yes,"YES. Dan Marino is a member of the Pro Football Hall of Fame, class",yes,yes,Correct,0.6936
underspecified,16,dev_1305,yes,NO,no,no,Incorrect,0.6924
underspecified,16,dev_1497,yes,"YES, Alphonso Areola (not Alphonse) played in the",yes,yes,Correct,0.6925
underspecified,16,dev_1777,yes,NO,no,no,Incorrect,0.6948
underspecified,16,dev_2250,yes,YES,yes,yes,Correct,0.6949
underspecified,16,dev_2370,yes,YES. Ireland has beaten the Wallabies in Australia on several occasions. One notable,yes,yes,Correct,0.7079
underspecified,16,dev_0083,no,"YES, at Wimbledon, a tiebreaker is played at 12-12 in",yes,yes,Incorrect,0.7008
underspecified,16,dev_0085,no,"YES. Deion Sanders won two World Series championships, one with the New York",yes,yes,Incorrect,0.6818
underspecified,16,dev_0170,no,NO,no,no,Correct,0.7066
underspecified,16,dev_0230,no,"NO. In Little League, a dropped third strike is considered a strike, and",no,no,Correct,0.6675
underspecified,16,dev_0412,no,"NO. The Miami Dolphins' mascot is a dolphin named T.D., but it",no,no,Correct,0.6842
underspecified,16,dev_0421,no,"NO. In most competitions, including the FIFA World Cup, penalty shoot-out goals",no,no,Correct,0.6806
underspecified,16,dev_0447,no,YES. Panama qualified for the FIFA World Cup for the first time in 201,yes,yes,Incorrect,0.6824
underspecified,16,dev_0544,no,"NO, Trinity Forest Golf Club is a private golf club.  It's a",no,no,Correct,0.6618999999999999
underspecified,16,dev_0565,no,"NO. Walks are not included in batting average, which is typically calculated as",no,no,Correct,0.6804
underspecified,16,dev_0589,no,"NO. According to official basketball rules, goaltending is called when a defensive player",no,no,Correct,0.6814
underspecified,16,dev_0593,no,"NO. The FIFA World Cup trophy, also known as the FIFA World Cup,",no,no,Correct,0.6808
underspecified,16,dev_0859,no,"NO, the U.S. Open is not played on the same course every",no,no,Correct,0.681
underspecified,16,dev_0865,no,NO,no,no,Correct,0.6797000000000001
underspecified,16,dev_1518,no,YES,yes,yes,Incorrect,0.679
underspecified,16,dev_1768,no,"YES, England won the 2022 Women's Euro, but not the Women",yes,yes,Incorrect,0.6641
underspecified,16,dev_1779,no,NO,no,no,Correct,0.6632
underspecified,16,dev_1905,no,"NO. According to the Laws of the Game, a player cannot be offside",no,no,Correct,0.6834
underspecified,16,dev_2156,no,"YES, the New York Yankees won the World Series in 2001. They",yes,yes,Incorrect,0.699
underspecified,16,dev_2158,no,NO. The Cincinnati Bengals have not won a Super Bowl in their franchise history.,no,no,Correct,0.7161000000000001
underspecified,16,dev_2798,no,NO  The Super Bowl loser does not receive a championship ring.  Only the,no,no,Correct,0.6966
underspecified,16,dev_3138,no,"YES. The Olympic gold medal is made of gold, specifically 92.5",yes,yes,Incorrect,0.6756
underspecified,16,dev_0307,yes,NO. 700c tires are designed for wheels with a 622mm diameter,no,no,Incorrect,0.6697000000000001
underspecified,16,dev_0506,yes,Yes. Drywall mud and joint compound are often used interchangeably and refer to,yes,yes,Correct,0.6808
underspecified,16,dev_0641,yes,NO. The Maverick 88 and Mossberg 500 are two different firearm,no,no,Incorrect,0.6651
underspecified,16,dev_0844,yes,I don't know. The ownership and usage of cell towers can be complex and,i,idk,IDK,0.6581
underspecified,16,dev_1032,yes,"NO (1-844 is a toll-free prefix in North America, but it",no,no,Incorrect,0.6938
underspecified,16,dev_1574,yes,YES,yes,yes,Correct,0.6638
underspecified,16,dev_1889,yes,"YES, the Mazda Tribute and Ford Escape are essentially the same vehicle, as",yes,yes,Correct,0.6655
underspecified,16,dev_2093,yes,NO,no,no,Incorrect,0.6834
underspecified,16,dev_2213,yes,"YES. U.S. toll-free numbers are generally free in Canada, as they",yes,yes,Correct,0.6942999999999999
underspecified,16,dev_2735,yes,YES Pipelining can help reduce the latency of a single task by,yes,yes,Correct,0.6815
underspecified,16,dev_2836,yes,NO,no,no,Incorrect,0.6762999999999999
underspecified,16,dev_0788,no,I don't know,i,idk,IDK,0.6732
underspecified,16,dev_0798,no,NO.,no,no,Correct,0.6942
underspecified,16,dev_1249,no,"YES. In C++, strings are typically null-terminated, meaning they are stored",yes,yes,Incorrect,0.6979
underspecified,16,dev_1458,no,YES,yes,yes,Incorrect,0.6818
underspecified,16,dev_1584,no,"YES, there is a GMC version of the Avalanche, a mid-size pickup truck",yes,yes,Incorrect,0.6989
underspecified,16,dev_1589,no,"YES, a SIM-free phone can still lock to a specific network, even without",yes,yes,Incorrect,0.6799
underspecified,16,dev_1657,no,"YES. The first iPhone, released in 2007, had a 0",yes,yes,Incorrect,0.6936
underspecified,16,dev_1691,no,NO. Response time refers to how quickly a display can change the color of a,no,no,Correct,0.6771
underspecified,16,dev_1943,no,YES,yes,yes,Incorrect,0.6771
underspecified,16,dev_2682,no,NO.,no,no,Correct,0.693
underspecified,16,dev_2712,no,NO,no,no,Correct,0.6796
underspecified,16,dev_0427,no,NO,no,no,Correct,0.6934
underspecified,16,dev_0531,no,NO,no,no,Correct,0.6952999999999999
underspecified,16,dev_1915,no,"NO. The Hunchback of Notre-Dame, a novel by Victor Hugo",no,no,Correct,0.6744
underspecified,16,dev_1946,no,NO. Snake Eyes and Storm Shadow are two separate characters in the G.I.,no,no,Correct,0.6742999999999999
underspecified,16,dev_2024,no,I don't know. The order of the front matter pages can vary depending on,i,idk,IDK,0.694
underspecified,16,dev_2265,no,NO,no,no,Correct,0.673
underspecified,16,dev_0004,yes,YES,yes,yes,Correct,0.6958
underspecified,16,dev_0241,yes,YES,yes,yes,Correct,0.6738
underspecified,16,dev_0326,yes,YES,yes,yes,Correct,0.6728
underspecified,16,dev_0525,yes,"YES, Queen did have a number one hit. ""Bohemian Rhaps",yes,yes,Correct,0.6615
underspecified,16,dev_0577,yes,YES. Phil Collins and Peter Gabriel were both members of the British rock band Genesis,yes,yes,Correct,0.6812
underspecified,16,dev_0799,yes,NO. Contestants on Jeopardy! do not get to keep the money,no,no,Incorrect,0.6817000000000001
underspecified,16,dev_0142,no,NO  Denatured alcohol and acetone are not the same thing,no,no,Correct,0.6879
underspecified,16,dev_0494,no,"NO. In biology, fitness refers to an individual's ability to survive and reproduce",no,no,Correct,0.6938
underspecified,16,dev_0527,no,NO. HeLa cells are a well-known example of a cell line with an,no,no,Correct,0.6911
underspecified,16,dev_0566,no,"NO. While bacteria of a single species can have similar shapes, they can also",no,no,Correct,0.6932999999999999
underspecified,16,dev_0648,no,NO,no,no,Correct,0.6981
underspecified,16,dev_0668,no,NO,no,no,Correct,0.6955
underspecified,16,dev_0749,no,"YES. Sensory neurons are indeed part of the central nervous system, as they",yes,yes,Incorrect,0.6851
underspecified,16,dev_0790,no,"NO. Great white sharks are apex predators that live in the ocean, but they",no,no,Correct,0.6799
underspecified,16,dev_0867,no,NO. The same genotype does not always result in the same phenotype. This is,no,no,Correct,0.6726
underspecified,16,dev_0921,no,"NO 

Whale sharks are filter feeders and are not aggressive towards",no,no,Correct,0.6932
underspecified,16,dev_1088,no,NO,no,no,Correct,0.6939
underspecified,16,dev_1329,no,"YES, there is a bone in your earlobe, specifically the styloid process",yes,yes,Incorrect,0.6631
underspecified,16,dev_1402,no,"NO. Tissue is composed of multiple types of cells, which work together to",no,no,Correct,0.6752
underspecified,16,dev_1428,no,"NO. Sweat glands are part of the integumentary system, which is a",no,no,Correct,0.6947000000000001
underspecified,16,dev_1439,no,"NO. A groundhog and a mole are not the same thing, although they",no,no,Correct,0.6978
underspecified,16,dev_0020,yes,YES. Magnesium citrate is a compound that contains both magnesium and citric,yes,yes,Correct,0.6962
underspecified,16,dev_0027,yes,"YES. Penguins, like all birds, have feathers that arise from the epider",yes,yes,Correct,0.698
underspecified,16,dev_0047,yes,YES,yes,yes,Correct,0.6746
underspecified,16,dev_0070,yes,YES. T. rex and Tyrannosaurus rex are the same dinosaur species,yes,yes,Correct,0.6955
underspecified,16,dev_0086,yes,"YES (in some countries, specifically the UK, Australia, and New Zealand,",yes,yes,Correct,0.6976
underspecified,16,dev_0121,yes,Yes. St. Bernards and Bernese Mountain Dogs are both part of the,yes,yes,Correct,0.6926
underspecified,16,dev_0131,yes,YES. The latent heat of vaporization is a function of,yes,yes,Correct,0.6962999999999999
underspecified,16,dev_0147,yes,YES. The navel and belly button are often used interchangeably to refer to,yes,yes,Correct,0.6857000000000001
underspecified,16,dev_0159,yes,"YES. Some trees, such as multi-stemmed trees or trees that have",yes,yes,Correct,0.6936
underspecified,16,dev_0190,yes,YES. Honey bees (Apis mellifera) are one of the few insects,yes,yes,Correct,0.6944
underspecified,16,dev_0195,yes,NO. Alligators are ambush predators and typically eat their prey immediately after catching it,no,no,Incorrect,0.6945
underspecified,16,dev_0200,yes,"YES. Competitive inhibitors bind to the active site of the enzyme, which is the",yes,yes,Correct,0.6949
underspecified,16,dev_0214,yes,"YES. Animal cells do have a cell membrane, also known as the plasma membrane",yes,yes,Correct,0.6782
underspecified,16,dev_0242,yes,"YES. Both male and female bighorn sheep have horns, although they may",yes,yes,Correct,0.6787000000000001
underspecified,16,dev_0522,yes,"YES, a hornet can sting you more than once. Unlike bees, which",yes,yes,Correct,0.6952999999999999
underspecified,16,dev_0033,no,NO. Federal income tax and Social Security tax are two separate types of taxes.,no,no,Correct,0.6968
underspecified,16,dev_0123,no,NO. Public limited companies are typically considered to be in the public sector.,no,no,Correct,0.6945
underspecified,16,dev_0501,no,NO. Comcast and Time Warner are two separate and distinct media corporations. Time Warner,no,no,Correct,0.6821
underspecified,16,dev_0526,no,"NO. Canadian dollars and American dollars are two different currencies, with the Canadian dollar",no,no,Correct,0.6816
underspecified,16,dev_1076,no,"NO. Runs on banks can also occur at other types of financial institutions, such",no,no,Correct,0.6915
underspecified,16,dev_1213,no,"NO. While discretionary income and disposable income are related, they are not",no,no,Correct,0.682
underspecified,16,dev_1654,no,YES. Discouraged workers are individuals who are not counted in the official unemployment,yes,yes,Incorrect,0.6671
underspecified,16,dev_1753,no,NO. Universal Music Group is a separate company that is part of the Vivendi,no,no,Correct,0.6815
underspecified,16,dev_1825,no,NO. A bank sort code is a unique six-digit code that identifies a specific,no,no,Correct,0.6618999999999999
underspecified,16,dev_2911,no,NO. The United States has a fiat currency with a floating exchange rate,no,no,Correct,0.6626000000000001
underspecified,16,dev_2740,no,NO. The Better Business Bureau (BBB) is a non-profit organization that,no,no,Correct,0.6617999999999999
underspecified,16,dev_2517,no,"NO. The Bank of England is a central bank and a public institution, not",no,no,Correct,0.6935
underspecified,16,dev_1139,yes,YES. New Mexico does have a state income tax. The state income tax rates,yes,yes,Correct,0.6932999999999999
underspecified,16,dev_0002,yes,NO. While both house tax and property tax are taxes levied on real estate,no,no,Incorrect,0.6969
underspecified,16,dev_0773,yes,YES. A company can be a public company (meaning it's not privately held,yes,yes,Correct,0.6764
underspecified,16,dev_1186,yes,YES,yes,yes,Correct,0.6946
underspecified,16,dev_1302,yes,"YES. Dodge and Jeep are both brands of the same company, Fiat Chrysler Automobile",yes,yes,Correct,0.6761
underspecified,16,dev_1349,yes,YES. The Net Present Value (NPV) calculation takes into account the time,yes,yes,Correct,0.6796
underspecified,16,dev_1771,yes,"NO. While often used interchangeably, a news release and a press release have",no,no,Incorrect,0.6799
underspecified,16,dev_1804,yes,YES. A two-dollar bill is a valid denomination of U.S. currency and,yes,yes,Correct,0.6808
underspecified,16,dev_1873,yes,"NO. Stop & Shop is owned by Ahold Delhaize,",no,no,Incorrect,0.68
underspecified,16,dev_1963,yes,YES. New Hampshire is one of the few states in the US that does not,yes,yes,Correct,0.6809
underspecified,16,dev_2582,yes,"YES
A profit and loss statement and an income statement are essentially the same financial",yes,yes,Correct,0.6811
underspecified,16,dev_2598,yes,YES. Hellmann's and Best Foods are the same company. In 200,yes,yes,Correct,0.6764
underspecified,16,dev_3158,yes,YES,yes,yes,Correct,0.6769
underspecified,16,dev_0551,no,NO,no,no,Correct,0.6786
underspecified,16,dev_1158,no,NO. While both crossovers and SUVs are types of vehicles that combine,no,no,Correct,0.6945
underspecified,16,dev_1364,no,YES,yes,yes,Incorrect,0.6952
underspecified,16,dev_1807,no,"NO, 8.5×11 (US Letter) is not the same",no,no,Correct,0.6924
underspecified,16,dev_2542,no,NO,no,no,Correct,0.6935
underspecified,16,dev_2562,no,I don't know,i,idk,IDK,0.6828
underspecified,16,dev_3005,no,NO,no,no,Correct,0.6622
underspecified,16,dev_3194,no,NO.  While both corn chips and tortilla chips are types of fried or,no,no,Correct,0.6626000000000001
underspecified,16,dev_3195,no,"YES. A boarding pass and a ticket are essentially the same thing, with the",yes,yes,Incorrect,0.6945
underspecified,16,dev_0013,yes,NO (under normal circumstances). While it's not ideal to use shower,no,no,Incorrect,0.6967000000000001
underspecified,16,dev_0043,yes,YES. The U.S. interstate highway system has several routes that span from coast,yes,yes,Correct,0.6818
underspecified,16,dev_0052,yes,YES. A hammer can be used as a weapon.,yes,yes,Correct,0.7086
underspecified,16,dev_0091,yes,I don't know. The size of a tablespoon and a dessert spoon can vary,i,idk,IDK,0.661
underspecified,16,dev_0116,yes,"YES. A father-in-law is a relative, specifically the father of one's",yes,yes,Correct,0.6817000000000001
underspecified,16,dev_0288,yes,YES,yes,yes,Correct,0.6992999999999999
underspecified,16,dev_0555,yes,"NO. While both are used for addressing and routing mail, they serve different purposes",no,no,Incorrect,0.6631
underspecified,16,dev_0627,yes,"YES. Honorary titles such as ""Sir"" or ""Dame"" can",yes,yes,Correct,0.6937000000000001
underspecified,16,dev_0831,yes,"YES, a U.S. passport card is a valid form of identification and proof",yes,yes,Correct,0.6654
underspecified,16,dev_0721,no,NO. Night of the Living Dead is a 1968 horror film directed by,no,no,Correct,0.6636
underspecified,16,dev_0863,no,NO. The Closer and Major Crimes are two separate television series that are connected,no,no,Correct,0.681
underspecified,16,dev_1357,no,NO. The View and The Talk are two separate daytime talk shows. The View,no,no,Correct,0.6806
underspecified,16,dev_1951,no,"NO. The Bridge on the River Kwai is a fictional story, although it",no,no,Correct,0.6811
underspecified,16,dev_2131,no,"NO. Nacho is a character from the TV series Better Call Saul, which",no,no,Correct,0.6981
underspecified,16,dev_2174,no,"NO. Fear the Walking Dead is a spin-off of The Walking Dead, but",no,no,Correct,0.7012
underspecified,16,dev_2252,no,"NO, you don't have to be from America to be on America's Got",no,no,Correct,0.694
underspecified,16,dev_2309,no,NO. Maleficent and the Evil Queen are two distinct fairy tale villains from,no,no,Correct,0.6932
underspecified,16,dev_2364,no,"NO. The Outsiders is a novel by S.E. Hinton, and",no,no,Correct,0.6952999999999999
underspecified,16,dev_3075,no,NO. Pulp Fiction is a work of fiction written and directed by Quentin Tar,no,no,Correct,0.6925
underspecified,16,dev_3205,no,NO. The movie Lady Bird (2017) is actually a coming-of-age,no,no,Correct,0.6947000000000001
underspecified,16,dev_0015,yes,YES,yes,yes,Correct,0.6852
underspecified,16,dev_0153,yes,"YES, there is a movie adaptation of The Handmaid's Tale, but it",yes,yes,Correct,0.6844
underspecified,16,dev_0161,yes,NO,no,no,Incorrect,0.687
underspecified,16,dev_0306,yes,"YES, Grey's Anatomy is filmed at a real hospital, Providence St. Peter",yes,yes,Correct,0.6652
underspecified,16,dev_0334,yes,YES,yes,yes,Correct,0.6817000000000001
underspecified,16,dev_0338,yes,YES. Fear the Walking Dead and The Walking Dead are related as they are both,yes,yes,Correct,0.695
underspecified,16,dev_0493,yes,I don't know. Love Child is an Australian television drama series that aired from,i,idk,IDK,0.6936
underspecified,16,dev_0520,yes,YES,yes,yes,Correct,0.6944
underspecified,16,dev_0212,no,"NO. Maple syrup is made from the sap of maple trees, but",no,no,Correct,0.6935
underspecified,16,dev_0309,no,"NO. Ground coriander and cumin are two distinct spices, although they",no,no,Correct,0.695
underspecified,16,dev_0484,no,"YES, salt water taffy is a type of candy that traditionally contains salt",yes,yes,Incorrect,0.6962999999999999
underspecified,16,dev_0654,no,I don't know,i,idk,IDK,0.694
underspecified,16,dev_0973,no,"NO, salt water taffy is not made with ocean water, but rather",no,no,Correct,0.6762999999999999
underspecified,16,dev_1335,no,NO,no,no,Correct,0.6761
underspecified,16,dev_1443,no,NO,no,no,Correct,0.686
underspecified,16,dev_0284,yes,"YES, enameled cast iron cookware can leach iron into food,",yes,yes,Correct,0.6952999999999999
underspecified,16,dev_0330,yes,"YES. The white cover on brie cheese is called a ""white rind",yes,yes,Correct,0.695
underspecified,16,dev_0443,yes,Yes. Powdered sugar and confectioners' sugar are essentially the same thing,yes,yes,Correct,0.6785
underspecified,16,dev_0975,yes,No. Wholemeal flour and whole wheat flour are related but not exactly the same,no,no,Incorrect,0.6942999999999999
underspecified,16,dev_1741,yes,"NO. Garbanzo beans and chickpeas are related, but not the",no,no,Incorrect,0.6748
underspecified,16,dev_1770,yes,YES,yes,yes,Correct,0.6748999999999999
underspecified,16,dev_1860,no,"NO. Pinot Noir and Pinot Gris are related grape varieties, but",no,no,Correct,0.6938
underspecified,16,dev_1967,yes,NO. A caffe latte is a variant of a latte that contains an,no,no,Incorrect,0.6759
underspecified,16,dev_0236,no,"NO. In poker, straights do not have to be the same suit.",no,no,Correct,0.6962
underspecified,16,dev_0741,no,I don't know,i,idk,IDK,0.6935
underspecified,16,dev_1440,no,"NO, the Xbox One is not compatible with Xbox 360 discs. However,",no,no,Correct,0.6762999999999999
underspecified,16,dev_2062,no,"NO. A queen moves horizontally, vertically, or diagonally any number of squares",no,no,Correct,0.6928
underspecified,16,dev_2109,no,NO. Call of Duty: World at War is actually based on World War II,no,no,Correct,0.6744
underspecified,16,dev_2137,no,"YES, it is possible to win chess with only a king. This is known",yes,yes,Incorrect,0.6742999999999999
underspecified,16,dev_0478,yes,YES,yes,yes,Correct,0.6897000000000001
underspecified,16,dev_0545,yes,"YES. Just Cause 3 has a storyline that follows the game's protagonist,",yes,yes,Correct,0.6978
underspecified,16,dev_1125,yes,YES,yes,yes,Correct,0.6961
underspecified,16,dev_1137,yes,"YES, Pokémon Crystal is compatible with Pokémon Stadium 2.",yes,yes,Correct,0.6756
underspecified,16,dev_1162,yes,"YES  You can play DS games on a DS Lite, as it is a",yes,yes,Correct,0.6824
underspecified,16,dev_1177,yes,"YES, Company of Heroes 2 has a single-player campaign. It's a",yes,yes,Correct,0.6832999999999999
underspecified,16,dev_1444,yes,"YES. Original Xbox games can be played on Xbox One through backward compatibility, which",yes,yes,Correct,0.6614
underspecified,16,dev_0313,no,NO. St. Kitts and Nevis is a sovereign island nation located in,no,no,Correct,0.6802
underspecified,16,dev_0823,no,NO. The Ogallala Aquifer is a large and important aquifer in,no,no,Correct,0.6822
underspecified,16,dev_0839,no,NO,no,no,Correct,0.6849
underspecified,16,dev_1222,no,"No, the Isle of Man is not part of Great Britain. It is a",no,no,Correct,0.6811
underspecified,16,dev_1254,no,"NO. Sudan and South Sudan are two separate and independent countries, with Sudan being",no,no,Correct,0.6627000000000001
underspecified,16,dev_1269,no,NO  The Mississippi River flows into the Gulf of Mexico.  I don't,no,no,Correct,0.6838
underspecified,16,dev_1334,no,"NO. Patagonia is a region at the southern end of South America,",no,no,Correct,0.6816
underspecified,16,dev_0184,yes,NO.  The Great Lakes (including Lake Michigan) are not connected to the,no,no,Incorrect,0.6989
underspecified,16,dev_0322,yes,"YES. City of Industry is a city located in Los Angeles County, California.",yes,yes,Correct,0.697
underspecified,16,dev_0557,yes,"YES. The water in the Amazon River is generally fresh, with a pH range",yes,yes,Correct,0.6934
underspecified,16,dev_0573,yes,YES,yes,yes,Correct,0.6958
underspecified,16,dev_1179,yes,"NO. Phoenix, Arizona is in the Mountain Standard Time (MST) zone",no,no,Incorrect,0.702
underspecified,16,dev_0619,yes,The state of Texas is smaller than Germany. Texas has a total area of approximately,the,other,NC,0.6919
underspecified,16,dev_0650,yes,YES,yes,yes,Correct,0.6755
underspecified,16,dev_0734,yes,"YES, you can boat from Lake Erie to Lake Ontario. The two lakes are",yes,yes,Correct,0.6929
underspecified,16,dev_0061,no,"YES (in many jurisdictions, EMT-Basics are trained to start",yes,yes,Incorrect,0.6932
underspecified,16,dev_0124,no,NO,no,no,Correct,0.6966
underspecified,16,dev_0914,no,NO,no,no,Correct,0.6964
underspecified,16,dev_0955,no,NO,no,no,Correct,0.6724
underspecified,16,dev_1610,no,"NO. While both soft-tissue damage and sprains involve injuries to muscles,",no,no,Correct,0.6938
underspecified,16,dev_1790,no,"YES, the lining of the uterus (endometrium) does undergo a change",yes,yes,Incorrect,0.6922999999999999
underspecified,16,dev_2096,no,NO,no,no,Correct,0.6952
underspecified,16,dev_2277,no,NO. High dependency and intensive care are related but distinct levels of care. High,no,no,Correct,0.6997000000000001
underspecified,16,dev_2499,no,NO. A Doctor of Physical Therapy (DPT) is a doctoral degree in,no,no,Correct,0.6785
underspecified,16,dev_1959,yes,"YES. Normal body temperature can vary slightly throughout the day, typically peaking in",yes,yes,Correct,0.695
underspecified,16,dev_1992,yes,Yes,yes,yes,Correct,0.696
underspecified,16,dev_2047,yes,YES,yes,yes,Correct,0.6784
underspecified,16,dev_1656,yes,"YES. Research has shown that emotional pain, such as a broken heart, can",yes,yes,Correct,0.6971
underspecified,16,dev_1663,yes,"YES. Turf toe can occur on toes other than the big toe, although",yes,yes,Correct,0.6989
underspecified,16,dev_1752,yes,"YES, triamcinolone cream (a topical corticosteroid)",yes,yes,Correct,0.6992
underspecified,16,dev_2049,yes,"YES. The common femoral vein is a deep vein, located in the thigh",yes,yes,Correct,0.679
underspecified,16,dev_2050,yes,YES. Receptor upregulation and downregulation can contribute to drug tolerance,yes,yes,Correct,0.6821
underspecified,16,dev_1442,yes,"YES. A lipid profile and a lipid panel are essentially the same thing, referring",yes,yes,Correct,0.6628999999999999
underspecified,16,dev_0301,no,NO,no,no,Correct,0.6814
underspecified,16,dev_0480,no,"NO. The Articles of Confederation were the first constitution of the United States,",no,no,Correct,0.6834
underspecified,16,dev_1290,no,"NO. Nova Scotia was a British colony, but it was not one of the",no,no,Correct,0.6628999999999999
underspecified,16,dev_1819,no,NO,no,no,Correct,0.6816
underspecified,16,dev_2206,no,"NO

The Emancipation Proclamation, issued by President Abraham Lincoln on",no,no,Correct,0.681
underspecified,16,dev_0376,yes,YES. William the Conqueror had a legitimate claim to the English throne through,yes,yes,Correct,0.6822
underspecified,16,dev_0346,yes,YES,yes,yes,Correct,0.6685
underspecified,16,dev_0363,yes,"NO. The 1971 silver dollar is actually a copper-clad coin,",no,no,Incorrect,0.6837000000000001
underspecified,16,dev_0535,yes,YES. Houston was the temporary capital of the Republic of Texas from 1837,yes,yes,Correct,0.6852
underspecified,16,dev_0629,yes,YES. The 13th Amendment to the United States Constitution was ratified on December,yes,yes,Correct,0.6632
underspecified,16,dev_0179,no,"NO. U.S. courts of appeals have appellate jurisdiction, meaning they hear appeals",no,no,Correct,0.6646
underspecified,16,dev_0402,no,"NO. In the UK, a person can only be married to one person at",no,no,Correct,0.6645
underspecified,16,dev_0513,no,NO. A purchase price alone is typically not considered to be proof of part performance,no,no,Correct,0.6638999999999999
underspecified,16,dev_0606,no,"NO. In Germany, attempting to escape from prison is considered a serious offense and",no,no,Correct,0.6804
underspecified,16,dev_0630,no,"No, ""under honorable conditions"" is not the same as an honorable discharge.",no,no,Correct,0.6834
underspecified,16,dev_0795,no,NO,no,no,Correct,0.6627000000000001
underspecified,16,dev_1457,no,"NO. The Civil Rights Act is a federal law passed by Congress, not a",no,no,Correct,0.6816
underspecified,16,dev_1776,no,No. An Employment Authorization Document (EAD) and a green card are two,no,no,Correct,0.6841
underspecified,16,dev_1862,no,"NO
The FCC's equal-time rule primarily applies to broadcast media, such as",no,no,Correct,0.6821
underspecified,16,dev_1911,no,"YES. According to the Judiciary Act of 1869, U.S. Supreme",yes,yes,Incorrect,0.6869
underspecified,16,dev_2755,no,"NO. In most jurisdictions, passing the bar exam is a requirement to become a",no,no,Correct,0.6646
underspecified,16,dev_2756,no,"YES. The Bill of Rights, which consists of the first 10 amendments to",yes,yes,Incorrect,0.6626000000000001
underspecified,16,dev_2921,no,NO. Property tax and council tax are related but distinct concepts. Property tax is,no,no,Correct,0.6826
underspecified,16,dev_2972,no,"NO. While commercial law and corporate law overlap, they are not the same.",no,no,Correct,0.6638999999999999
underspecified,16,dev_0009,yes,"YES, in most cases, you can drive in Canada with a valid US",yes,yes,Correct,0.6634
underspecified,16,dev_0038,yes,"YES. Recording a cover of a song is generally legal, but you may need",yes,yes,Correct,0.6812
underspecified,16,dev_0129,yes,Yes,yes,yes,Correct,0.6819
underspecified,16,dev_0202,yes,"The answer to this question varies depending on the jurisdiction. In some places, breaking",the,other,NC,0.6657000000000001
underspecified,16,dev_0308,yes,"YES, in most jurisdictions, it is illegal for a minor (someone under the",yes,yes,Correct,0.6653
underspecified,16,dev_0584,yes,YES,yes,yes,Correct,0.6819
underspecified,16,dev_0644,yes,"YES. In most jurisdictions, it is a law that you are required to yield",yes,yes,Correct,0.6807000000000001
underspecified,16,dev_0653,yes,YES. The Family Medical Leave Act (FMLA) is a federal law that,yes,yes,Correct,0.6847000000000001
underspecified,16,dev_0671,yes,YES,yes,yes,Correct,0.6653
underspecified,16,dev_0757,yes,"YES, in many jurisdictions, stealing a street sign is considered a criminal offense,",yes,yes,Correct,0.683
underspecified,16,dev_1059,yes,Yes. The Supreme Court has the power to review and potentially strike down executive orders,yes,yes,Correct,0.6638
underspecified,16,dev_1067,yes,YES. The Preamble is a part of the Indian Constitution. It is a,yes,yes,Correct,0.6758
underspecified,16,dev_1097,yes,YES,yes,yes,Correct,0.6666
underspecified,16,dev_1131,yes,"NO. Illinois has a duty to retreat law, which requires individuals to attempt to",no,no,Incorrect,0.6757000000000001
underspecified,16,dev_1324,yes,I don't know. The answer to this question may depend on the specific laws,i,idk,IDK,0.676
underspecified,16,dev_0305,no,YES,yes,yes,Incorrect,0.6834
underspecified,16,dev_0465,no,NO. The National Guard is a reserve component of the U.S. Army and,no,no,Correct,0.6832
underspecified,16,dev_0508,no,NO,no,no,Correct,0.6631
underspecified,16,dev_0518,no,"Yes. The Department of Justice is part of the judicial branch, and its primary",yes,yes,Incorrect,0.694
underspecified,16,dev_0572,no,NO. While a legislator is a general term that refers to a person who,no,no,Correct,0.6938
underspecified,16,dev_0898,no,"NO. In Canada, only Canadian citizens are eligible to vote in federal elections.",no,no,Correct,0.693
underspecified,16,dev_1154,no,NO. There have been times in the history of the Supreme Court when there were,no,no,Correct,0.6967000000000001
underspecified,16,dev_1221,no,NO. A filibuster is a parliamentary procedure in which a senator prolongs debate,no,no,Correct,0.6958
underspecified,16,dev_1244,no,"NO. Canada and Australia are Commonwealth realms that are independent countries, but they are",no,no,Correct,0.6955
underspecified,16,dev_1245,no,I don't know,i,idk,IDK,0.6876
underspecified,16,dev_1273,no,NO. Guam is a separate U.S. territory located in the western Pacific Ocean,no,no,Correct,0.6964
underspecified,16,dev_0647,yes,"YES. Every nation-state has a national government, which is responsible for",yes,yes,Correct,0.6958
underspecified,16,dev_0254,yes,YES. The Vice President of the United States serves as the President of the Senate,yes,yes,Correct,0.6959
underspecified,16,dev_0486,yes,"YES. The US Postal Service is an independent agency of the federal government, established",yes,yes,Correct,0.6938
underspecified,16,dev_0736,yes,YES. The World Bank is affiliated with the United Nations and is an international financial,yes,yes,Correct,0.6787000000000001
underspecified,16,dev_0814,yes,"YES. The Air Force has ground combat troops, known as Security Forces (also",yes,yes,Correct,0.6855
underspecified,16,dev_1477,yes,YES. The cabinet is a group of high-ranking officials appointed by the President and,yes,yes,Correct,0.6815
underspecified,16,dev_1721,yes,"YES, there are U.S. military bases in the UK, including RAF L",yes,yes,Correct,0.6825
underspecified,16,dev_1786,yes,"YES. New York City still has rent control, which is a regulation that limits",yes,yes,Correct,0.6632
underspecified,16,dev_1970,yes,YES,yes,yes,Correct,0.7004
underspecified,16,dev_1985,yes,"YES  The right to privacy is considered a fundamental right in the United States,",yes,yes,Correct,0.6945
underspecified,16,dev_2448,no,NO. Puerto Rico is a U.S. territory and does not have voting representation,no,no,Correct,0.6964
underspecified,16,dev_0066,yes,"NO. A triangle can have one or two obtuse angles, but it cannot",no,no,Incorrect,0.684
underspecified,16,dev_0088,yes,"YES. According to Einstein's famous equation E=mc^2, it is",yes,yes,Correct,0.6841
underspecified,16,dev_0196,yes,"YES. Many Tyrannosaurus rex skulls have been found, and they are",yes,yes,Correct,0.6892999999999999
underspecified,16,dev_0262,yes,YES. A real image can be projected onto a screen using a telescope or other,yes,yes,Correct,0.666
underspecified,16,dev_0271,yes,Yes.  An outcome variable and a dependent variable are often used interchangeably in,yes,yes,Correct,0.6637000000000001
underspecified,16,dev_0329,yes,"YES. The Sun, along with the rest of the solar system, orbits around",yes,yes,Correct,0.6808
underspecified,16,dev_0331,yes,YES,yes,yes,Correct,0.6661
underspecified,16,dev_0387,yes,YES,yes,yes,Correct,0.6808
underspecified,16,dev_0418,yes,"YES, it is possible to have thunder and lightning while snowing. This is",yes,yes,Correct,0.6808
underspecified,16,dev_0616,yes,YES  Is,yes,yes,Correct,0.6621
underspecified,16,dev_0638,yes,"YES. By definition, a rhombus is a quadrilateral with all sides",yes,yes,Correct,0.689
underspecified,16,dev_0657,yes,NO,no,no,Incorrect,0.6611
underspecified,16,dev_0692,yes,YES,yes,yes,Correct,0.6798
underspecified,16,dev_0744,yes,I don't know,i,idk,IDK,0.6806
underspecified,16,dev_0797,yes,"YES. Average velocity is a vector quantity, which means it has both magnitude (",yes,yes,Correct,0.6825
underspecified,16,dev_0842,yes,YES,yes,yes,Correct,0.6852
underspecified,16,dev_1379,yes,YES,yes,yes,Correct,0.6798
underspecified,16,dev_0126,no,"NO. According to the theory of special relativity, it is not possible for",no,no,Correct,0.6802999999999999
underspecified,16,dev_0342,no,I don't know. The speed of sound can vary depending on the,i,idk,IDK,0.6802999999999999
underspecified,16,dev_0437,no,"NO. While the full moon is sometimes near the summer solstice, it's",no,no,Correct,0.6839
underspecified,16,dev_0553,no,"NO. In a parallelogram, opposite angles are equal, but adjacent angles",no,no,Correct,0.6801
underspecified,16,dev_0652,no,"NO. The square root of 3 is an irrational number, which means it",no,no,Correct,0.6832999999999999
underspecified,16,dev_0708,no,NO. A negative number cannot be a perfect square. Perfect squares are the result,no,no,Correct,0.68
underspecified,16,dev_1083,no,NO. Carbon-14 dating is used to determine the age of organic materials that,no,no,Correct,0.6607000000000001
underspecified,16,dev_1142,no,"NO. According to the principles of quantum mechanics, quantum entanglement does not",no,no,Correct,0.6804
underspecified,16,dev_1354,no,NO. The depth of the water table can vary depending on factors such as precipitation,no,no,Correct,0.6801
underspecified,16,dev_1460,no,NO. A single-subject research design is typically suitable for studies that involve a,no,no,Correct,0.684
underspecified,16,dev_1468,no,NO. Sodium lactate and lactic acid are related but not the same compound,no,no,Correct,0.6612
underspecified,16,dev_1559,no,"NO, log x and ln x are not the same, although they are related",no,no,Correct,0.6658999999999999
underspecified,16,dev_1595,no,NO. Reverse osmosis water and deionized water are both types of,no,no,Correct,0.6807000000000001
underspecified,16,dev_1643,no,NO. Static pressure is the pressure exerted by a fluid (liquid or gas,no,no,Correct,0.6645
underspecified,16,dev_1692,no,NO,no,no,Correct,0.6955
underspecified,16,dev_1726,no,"NO
The vagus nerve is part of the peripheral nervous system (PNS",no,no,Correct,0.6942999999999999
underspecified,16,dev_0008,yes,YES,yes,yes,Correct,0.6932
underspecified,16,dev_0323,yes,"YES. In the biblical canon, Song of Solomon and Song of Songs are two",yes,yes,Correct,0.6962
underspecified,16,dev_0794,yes,YES. Erving Goffman is associated with the dramaturgical model,yes,yes,Correct,0.698
underspecified,16,dev_0866,yes,"YES. In English, there are several words where Q is not followed by U",yes,yes,Correct,0.6942999999999999
underspecified,16,dev_0910,yes,"YES, the Dewey Decimal System is still widely used in libraries around the world",yes,yes,Correct,0.6964
underspecified,16,dev_0992,yes,Yes.,yes,yes,Correct,0.6713
underspecified,16,dev_1446,yes,NO. The Church of England and the Anglican Church are related but not the,no,no,Incorrect,0.694
underspecified,16,dev_0294,no,NO,no,no,Correct,0.674
underspecified,16,dev_0521,no,"NO, it's not true that kangaroo means 'I don't know'.",no,no,Correct,0.6964
underspecified,16,dev_0943,no,NO,no,no,Correct,0.7079
underspecified,16,dev_1887,no,NO,no,no,Correct,0.6755
underspecified,16,dev_2892,no,NO. While both are Celtic languages and are often referred to as Gaelic languages,no,no,Correct,0.7022999999999999
underspecified,16,dev_2691,no,"NO. King's College London is a separate and independent university, and not part",no,no,Correct,0.6935
underspecified,16,dev_0065,yes,"YES. Several members of the 1980 US hockey team, including Mike E",yes,yes,Correct,0.6942
underspecified,16,dev_0245,yes,NO,no,no,Incorrect,0.6951
underspecified,16,dev_0315,yes,Yes.,yes,yes,Correct,0.6726
underspecified,16,dev_0361,yes,"YES, Major League Baseball (MLB) banned the use of smokeless tobacco",yes,yes,Correct,0.6802
underspecified,16,dev_0550,yes,YES,yes,yes,Correct,0.6956
underspecified,16,dev_0595,yes,"YES. The Ivy League has a basketball tournament, which is the Ivy League Men",yes,yes,Correct,0.6949
underspecified,16,dev_0966,yes,"YES. The round of 16 in the World Cup is indeed single elimination,",yes,yes,Correct,0.6931
underspecified,16,dev_1078,yes,NO.  The NHL team that has not won the Stanley Cup is the Vegas,no,no,Incorrect,0.6959
underspecified,16,dev_1224,yes,NO,no,no,Incorrect,0.6938
underspecified,16,dev_1251,yes,"YES. Croatia has placed in the World Cup, with their best finish being runner",yes,yes,Correct,0.673
underspecified,16,dev_1260,yes,I don't know. The Nike Air Force 1 is a popular sneaker,i,idk,IDK,0.6916
underspecified,16,dev_1278,yes,"YES, Cal Ripken Jr. is in the Hall of Fame. He was",yes,yes,Correct,0.6818
underspecified,16,dev_1462,yes,YES,yes,yes,Correct,0.6926
underspecified,16,dev_1494,yes,"NO. In soccer, a player cannot be offside directly from a corner kick",no,no,Incorrect,0.6637000000000001
underspecified,16,dev_1543,yes,"YES, the Tampa Bay Lightning came back from a 3-0 deficit in",yes,yes,Correct,0.6799
underspecified,16,dev_2012,yes,YES,yes,yes,Correct,0.6809
underspecified,16,dev_2118,yes,NO,no,no,Incorrect,0.6597999999999999
underspecified,16,dev_2272,yes,"NO. AstroTurf is a specific brand of artificial turf, whereas artificial grass",no,no,Incorrect,0.6806
underspecified,16,dev_2338,yes,I don't know. The eligibility rules for the Europa League and the Champions League,i,idk,IDK,0.6861
underspecified,16,dev_2498,yes,YES,yes,yes,Correct,0.6812999999999999
underspecified,16,dev_2509,yes,YES. The Cleveland Cavaliers came back from a 3-1 deficit to defeat,yes,yes,Correct,0.6808
underspecified,16,dev_2917,yes,"YES, the Tampa Bay Lightning have won the Stanley Cup twice: in 200",yes,yes,Correct,0.6801
underspecified,16,dev_2966,yes,"NO. In the United States, the National Basketball Association (NBA) has",no,no,Incorrect,0.6607999999999999
underspecified,16,dev_2974,yes,"YES (with proper training and preparation, of course!) Many athletes participate",yes,yes,Correct,0.6802
underspecified,16,dev_3007,yes,YES,yes,yes,Correct,0.6824
underspecified,16,dev_3199,yes,YES,yes,yes,Correct,0.6798
underspecified,16,dev_0222,no,YES,yes,yes,Incorrect,0.6622
underspecified,16,dev_0398,no,"NO. In soccer, a throw-in is taken from the point where the ball",no,no,Correct,0.6819
underspecified,16,dev_0426,no,"NO. In soccer, the goalie is not allowed to pick up a throw-in",no,no,Correct,0.6846
underspecified,16,dev_0464,no,NO. The golden goal was used in the 1992-2004 FIFA,no,no,Correct,0.6821
underspecified,16,dev_0563,no,"NO. Croatia has not won the soccer World Cup, but they did finish as",no,no,Correct,0.6844
underspecified,16,dev_0658,no,"NO A walk in baseball is a live ball, meaning the batter is",no,no,Correct,0.6842999999999999
underspecified,16,dev_1366,no,"YES. The UEFA Champions League trophy is made anew every year, with the previous",yes,yes,Incorrect,0.6806
underspecified,16,dev_1471,no,"NO. A player cannot be offside on a throw-in, as the ball",no,no,Correct,0.6796
underspecified,16,dev_1558,no,NO,no,no,Correct,0.6801
underspecified,16,dev_1580,no,,,other,NC,0.6296
underspecified,16,dev_2401,no,"NO. According to the Laws of Cricket, a batsman cannot be",no,no,Correct,0.6798
underspecified,16,dev_2436,no,NO (under normal,no,no,Correct,0.6811
underspecified,16,dev_3224,no,"NO, an MLB game cannot end in a tie. According to the official rules",no,no,Correct,0.6626000000000001
underspecified,16,dev_0022,yes,YES,yes,yes,Correct,0.6641
underspecified,16,dev_0132,yes,YES,yes,yes,Correct,0.6692
underspecified,16,dev_0268,yes,YES,yes,yes,Correct,0.6859
underspecified,16,dev_0646,yes,"YES. Multithreading can be useful even on a single processor, as it",yes,yes,Correct,0.6675
underspecified,16,dev_0697,yes,"YES, there is a storage limit on Google Drive, which varies depending on the",yes,yes,Correct,0.6818
underspecified,16,dev_0935,yes,"YES. In a relational database, it is possible to have multiple foreign keys in",yes,yes,Correct,0.663
underspecified,16,dev_1159,yes,YES,yes,yes,Correct,0.6605
underspecified,16,dev_1376,yes,YES,yes,yes,Correct,0.664
underspecified,16,dev_1646,yes,"YES. Cast-iron pans can be used on an induction cooktop, but",yes,yes,Correct,0.6758
underspecified,16,dev_1869,yes,"YES. A database table can have multiple foreign keys, which are used to establish",yes,yes,Correct,0.6621
underspecified,16,dev_2397,yes,YES. A cell phone jammer is a device that intentionally transmits a signal,yes,yes,Correct,0.6938
underspecified,16,dev_0512,no,"NO  Microsoft Visio and Visual Studio are two different software products from Microsoft,",no,no,Correct,0.698
underspecified,16,dev_1524,no,"NO. The transmission and the engine are two separate systems in a vehicle, although",no,no,Correct,0.6922999999999999
underspecified,16,dev_1675,no,NO. Input lag and response time are related but distinct concepts in display technology.,no,no,Correct,0.6781
underspecified,16,dev_1723,no,NO. A regular bulb is not designed to work in a 3-way lamp,no,no,Correct,0.6804
underspecified,16,dev_2027,no,NO,no,no,Correct,0.6792
underspecified,16,dev_2104,no,NO. The PlayStation 2 (PS2) is a console that was released,no,no,Correct,0.6832
underspecified,16,dev_2262,no,NO. WordPad is a basic word processing application that comes pre-installed on,no,no,Correct,0.682
underspecified,16,dev_2431,no,"No. In a tree data structure, each node can have at most one parent",no,no,Correct,0.6608999999999999
underspecified,16,dev_2524,no,"NO.  The iPhone SE and iPhone 5 are different models, although they",no,no,Correct,0.6809
underspecified,16,dev_3057,no,NO. Windows Subsystem for Linux (WSL) is a compatibility layer for,no,no,Correct,0.6817000000000001
underspecified,16,dev_3167,no,NO,no,no,Correct,0.6807000000000001
underspecified,6,dev_0023,yes,NO. A cape and a cloak are both types of garments that cover the body,no,no,Incorrect,0.5498
underspecified,6,dev_0039,no,"YES. Carbon and hydrogen can form a polar covalent bond, where the",yes,yes,Incorrect,0.5498999999999999
underspecified,6,dev_0055,no,YES. Wisconsin has had teams participate in the Little League World Series.  I,yes,yes,Incorrect,0.5474
underspecified,6,dev_0059,no,YES,yes,yes,Incorrect,0.5476
underspecified,6,dev_0068,no,NO,no,no,Correct,0.5488999999999999
underspecified,6,dev_0087,yes,"NO.  According to the myth, a frog will not jump out of boiling",no,no,Incorrect,0.5535
underspecified,6,dev_0107,no,"NO. In Australia, gambling winnings are generally exempt from income tax, except for",no,no,Correct,0.5491
underspecified,6,dev_0120,yes,NO. A vehicle title and registration are related but distinct documents. A title is,no,no,Incorrect,0.5466
underspecified,6,dev_0138,no,"YES. The drinking age varies by state, but most states have a minimum drinking",yes,yes,Incorrect,0.5524
underspecified,6,dev_0151,no,I don't know,i,idk,IDK,0.5494
underspecified,6,dev_0163,yes,"YES. The square root of 2 can be written as a fraction, specifically",yes,yes,Correct,0.5488
underspecified,6,dev_0165,no,NO,no,no,Correct,0.5498999999999999
underspecified,6,dev_0207,no,"NO. France is in the Central European Time (CET) zone, while",no,no,Correct,0.5487000000000001
underspecified,6,dev_0210,no,"NO. The Three Little Pigs is a traditional European fairy tale, not a",no,no,Correct,0.55
underspecified,6,dev_0221,no,YES,yes,yes,Incorrect,0.5304
underspecified,6,dev_0229,yes,"NO. UK National Insurance numbers consist of 9 digits, followed by a letter",no,no,Incorrect,0.5504
underspecified,6,dev_0237,no,YES.,yes,yes,Incorrect,0.5707000000000001
underspecified,6,dev_0243,no,"Yes. St. Louis, Missouri has a Chinatown. It is located in",yes,yes,Incorrect,0.5488999999999999
underspecified,6,dev_0248,yes,"NO.  The cheetah is widely considered the fastest land animal, and",no,no,Incorrect,0.5506
underspecified,6,dev_0249,yes,"NO. In ant colonies, queens typically lay eggs that hatch into workers or males",no,no,Incorrect,0.5482
underspecified,6,dev_0251,yes,"Yes. Each sister chromatid has half the DNA of a chromosome, which is",yes,yes,Correct,0.5296000000000001
underspecified,6,dev_0257,yes,YES.,yes,yes,Correct,0.5482
underspecified,6,dev_0270,no,"NO.  In the United States, the minimum legal drinking age is 21",no,no,Correct,0.5515
underspecified,6,dev_0287,yes,"NO. In American football, a fair catch is only allowed on punts,",no,no,Incorrect,0.5491
underspecified,6,dev_0295,no,YES. Doves and pigeons are both members of the Columbidae family,yes,yes,Incorrect,0.5496
underspecified,6,dev_0298,yes,NO,no,no,Incorrect,0.5338999999999999
underspecified,6,dev_0312,no,"NO. Adjectives can come before or after a noun, depending on the sentence",no,no,Correct,0.5482
underspecified,6,dev_0316,yes,NO,no,no,Incorrect,0.5508
underspecified,6,dev_0318,yes,NO,no,no,Incorrect,0.5494
underspecified,6,dev_0321,yes,YES,yes,yes,Correct,0.5491
underspecified,6,dev_0333,yes,,,other,NC,0.5504
underspecified,6,dev_0336,no,"YES 
Muay Thai and Thai boxing are two distinct martial arts with",yes,yes,Incorrect,0.5491
underspecified,6,dev_0343,yes,"NO. While the President is the head of the executive branch, there are many",no,no,Incorrect,0.5507000000000001
underspecified,6,dev_0352,no,"NO. In soccer, you cannot score directly from a throw-in. A throw",no,no,Correct,0.5496
underspecified,6,dev_0355,no,YES. Father's Day is celebrated on the third Sunday of June every year.,yes,yes,Incorrect,0.5495
underspecified,6,dev_0364,no,"YES. In cricket, a wicket-keeper is a mandatory position in the",yes,yes,Incorrect,0.561
underspecified,6,dev_0366,no,YES,yes,yes,Incorrect,0.5474
underspecified,6,dev_0406,no,YES,yes,yes,Incorrect,0.5488999999999999
underspecified,6,dev_0428,no,"NO. While both are oxidizing agents, hydrogen peroxide is a specific compound",no,no,Correct,0.5494
underspecified,6,dev_0429,yes,YES. Flax oil and linseed oil are often used interchangeably and are,yes,yes,Correct,0.5505
underspecified,6,dev_0430,yes,NO,no,no,Incorrect,0.5642999999999999
underspecified,6,dev_0436,no,"YES. Takotsubo cardiomyopathy, also known as ""stress cardi",yes,yes,Incorrect,0.5488999999999999
underspecified,6,dev_0441,no,"YES (in the context of Chinese-American cuisine, a shrimp with lobster sauce dish",yes,yes,Incorrect,0.5524
underspecified,6,dev_0442,yes,Yes. Lead dust can be absorbed through the eyes. When lead dust enters the,yes,yes,Correct,0.5487000000000001
underspecified,6,dev_0479,no,"YES. Miniature pigs, also known as teacup pigs or pocket pigs",yes,yes,Incorrect,0.5664
underspecified,6,dev_0481,no,"NO. There are currently five boroughs in New York City: Manhattan, Brooklyn",no,no,Correct,0.5611
underspecified,6,dev_0482,no,"Yes. Unlike honeybees, bumblebees are able to sting multiple",yes,yes,Incorrect,0.5618
underspecified,6,dev_0487,no,"No. Banana trees are sterile and cannot produce viable seeds, making it impossible to",no,no,Correct,0.5492999999999999
underspecified,6,dev_0504,yes,"NO.  Friction tape and electrical tape are both types of adhesive tapes,",no,no,Incorrect,0.5672
underspecified,6,dev_0509,no,YES.,yes,yes,Incorrect,0.5667000000000001
underspecified,6,dev_0532,no,YES,yes,yes,Incorrect,0.5485
underspecified,6,dev_0534,no,YES. The National Guard is a reserve component of the US military that is primarily,yes,yes,Incorrect,0.5515
underspecified,6,dev_0536,yes,"NO. 

Thanos was not in the first Guardians of the Galaxy film (",no,no,Incorrect,0.5502999999999999
underspecified,6,dev_0537,no,"Yes. In the UK, a person can receive a caution without being arrested.",yes,yes,Incorrect,0.5491
underspecified,6,dev_0546,yes,NO. The College of William & Mary is a public research university in Williamsburg,no,no,Incorrect,0.5546
underspecified,6,dev_0560,no,YES. The University of Tampa has a football team that competes in the NCAA,yes,yes,Incorrect,0.5518
underspecified,6,dev_0568,no,NO.  The movie Heat was based on a 1995 TV movie of,no,no,Correct,0.5601
underspecified,6,dev_0569,no,YES.,yes,yes,Incorrect,0.5478
underspecified,6,dev_0588,yes,NO. Boost Mobile and Virgin Mobile are different mobile virtual network operators (MVNO,no,no,Incorrect,0.5471
underspecified,6,dev_0594,no,YES.,yes,yes,Incorrect,0.5486
underspecified,6,dev_0596,no,NO. C# and Visual C# are related but distinct entities.,no,no,Correct,0.55
underspecified,6,dev_0598,yes,NO. The Vice President serves as the President of the Senate but does not have,no,no,Incorrect,0.5495
underspecified,6,dev_0612,yes,"Yes.  Popcorn is made from a special type of corn called ""ze",yes,yes,Correct,0.5485
underspecified,6,dev_0617,yes,YES,yes,yes,Correct,0.5497000000000001
underspecified,6,dev_0662,yes,"NO (although both are optical retailers, they are owned by different companies",no,no,Incorrect,0.5483
underspecified,6,dev_0678,no,NO. It is not recommended to wash a child's mouth out with,no,no,Correct,0.549
underspecified,6,dev_0696,no,YES,yes,yes,Incorrect,0.5491
underspecified,6,dev_0711,yes,NO,no,no,Incorrect,0.5492
underspecified,6,dev_0718,yes,YES. Chicago is the third most populous city in the United States.  According,yes,yes,Correct,0.5537000000000001
underspecified,6,dev_0724,no,"YES. There are several sequels to the novel ""Along Came a Spider""",yes,yes,Incorrect,0.5464
underspecified,6,dev_0731,no,YES (there is raw egg in egg drop soup),yes,yes,Incorrect,0.5704
underspecified,6,dev_0737,no,NO,no,no,Correct,0.5471
underspecified,6,dev_0754,yes,NO,no,no,Incorrect,0.5491
underspecified,6,dev_0759,no,"NO. 
North and South Korea have their own distinct dialects and variations of",no,no,Correct,0.5491
underspecified,6,dev_0764,yes,NO. Sampling error refers to the error that occurs when a sample is taken from,no,no,Incorrect,0.5462
underspecified,6,dev_0782,yes,NO. AC Milan and Inter Milan are two separate football clubs that play their home,no,no,Incorrect,0.5488999999999999
underspecified,6,dev_0817,no,Yes.,yes,yes,Incorrect,0.548
underspecified,6,dev_0829,no,"YES. The Battle of New Orleans took place on January 8, 181",yes,yes,Incorrect,0.5492999999999999
underspecified,6,dev_0832,no,"YES. It is possible to drive to South America from North America or Europe,",yes,yes,Incorrect,0.5514
underspecified,6,dev_0837,yes,I don't know. Universal healthcare and socialized medicine are often confused with one,i,idk,IDK,0.5488999999999999
underspecified,6,dev_0853,no,"NO. A Girl Scout is a member of the Girl Scouts of the USA,",no,no,Correct,0.5522999999999999
underspecified,6,dev_0854,no,NO.  Elephants are herbivores and are preyed upon by other,no,no,Correct,0.5487000000000001
underspecified,6,dev_0862,no,"I don't know (in a board game context, it's more common to",i,idk,IDK,0.5492
underspecified,6,dev_0871,yes,YES,yes,yes,Correct,0.5487000000000001
underspecified,6,dev_0916,yes,NO.  The Ryman Auditorium and the Grand Ole Opry are two,no,no,Incorrect,0.5498
underspecified,6,dev_0922,yes,NO,no,no,Incorrect,0.5628
underspecified,6,dev_0933,no,YES,yes,yes,Incorrect,0.5531
underspecified,6,dev_0934,yes,YES,yes,yes,Correct,0.55
underspecified,6,dev_0940,yes,"YES (Note: In the United States, a passport card can be",yes,yes,Correct,0.5488
underspecified,6,dev_0944,no,"YES. Ancient Greece and Ancient Rome existed during the same period, with Ancient Greece",yes,yes,Incorrect,0.5571
underspecified,6,dev_0952,yes,NO. Merrill Lynch is a subsidiary of Bank of America. While they are closely,no,no,Incorrect,0.5487000000000001
underspecified,6,dev_0958,yes,"Yes. The eyes are part of the nervous system, specifically the visual pathway,",yes,yes,Correct,0.5502999999999999
underspecified,6,dev_0981,no,"YES. Pyruvic acid and pyruvate are the same thing,",yes,yes,Incorrect,0.5507000000000001
underspecified,6,dev_0991,yes,NO.,no,no,Incorrect,0.5534
underspecified,6,dev_0994,yes,"NO. A white background cannot be used as a green screen, as the term",no,no,Incorrect,0.5529
underspecified,6,dev_0996,no,YES.  Radiator Springs is a fictional town featured in the Disney-Pix,yes,yes,Incorrect,0.5495
underspecified,6,dev_1006,no,"NO. While literacy is not a requirement to vote in most jurisdictions, voters may",no,no,Correct,0.5502999999999999
underspecified,6,dev_1011,no,YES. The World Cup trophy is officially known as the FIFA World Cup Trophy.,yes,yes,Incorrect,0.5528
underspecified,6,dev_1022,yes,NO,no,no,Incorrect,0.5505
underspecified,6,dev_1049,no,YES. Red pandas and giant pandas are both members of the family Ailur,yes,yes,Incorrect,0.548
underspecified,6,dev_1062,yes,"NO. While both the wheel and axle and the lever are simple machines, they",no,no,Incorrect,0.5488
underspecified,6,dev_1075,yes,"NO. While NHL ice rinks are standardized to meet certain dimensions, they are",no,no,Incorrect,0.5511
underspecified,6,dev_1102,no,"YES. Sweating and perspiring are often used interchangeably, but technically,",yes,yes,Incorrect,0.5505
underspecified,6,dev_1110,yes,NO,no,no,Incorrect,0.5486
underspecified,6,dev_1112,no,NO,no,no,Correct,0.554
underspecified,6,dev_1113,yes,No. A ball python and a royal python are both non-venomous,no,no,Incorrect,0.5527000000000001
underspecified,6,dev_1121,no,NO. There was not a world war before World War I. World,no,no,Correct,0.5473
underspecified,6,dev_1133,no,YES. The Crew 2 has a storyline that follows the player character as they,yes,yes,Incorrect,0.5485
underspecified,6,dev_1138,yes,NO. Anaerobic respiration does not have an electron transport chain. It,no,no,Incorrect,0.5509
underspecified,6,dev_1146,yes,NO. A penalty charge notice (PCN) and a fixed penalty are related,no,no,Incorrect,0.5492
underspecified,6,dev_1155,yes,"NO. While both are pickup trucks from General Motors, they are distinct models with",no,no,Incorrect,0.5508
underspecified,6,dev_1175,no,YES. Michigan was admitted to the Union as the 26th state in,yes,yes,Incorrect,0.5496
underspecified,6,dev_1178,no,NO. No Major League Baseball team has ever gone undefeated in a full season.,no,no,Correct,0.5512999999999999
underspecified,6,dev_1183,yes,NO,no,no,Incorrect,0.5482
underspecified,6,dev_1196,no,"YES. In India, a person can have dual citizenship, also known as multiple",yes,yes,Incorrect,0.5478999999999999
underspecified,6,dev_1204,yes,YES,yes,yes,Correct,0.5592999999999999
underspecified,6,dev_1205,no,"YES. In chess, you can take out the king, but doing so would",yes,yes,Incorrect,0.5482
underspecified,6,dev_1209,yes,"YES, in theory, it is possible to turn lead into gold through nuclear trans",yes,yes,Correct,0.5496
underspecified,6,dev_1227,no,NO,no,no,Correct,0.5518
underspecified,6,dev_1229,no,"YES. The fruit ""orange"" is indeed named after the color, which is",yes,yes,Incorrect,0.547
underspecified,6,dev_1230,yes,"YES. In golf, a double eagle and an albatross are the same",yes,yes,Correct,0.5498999999999999
underspecified,6,dev_1235,no,YES. A birth certificate is a form of ID that verifies an individual's identity,yes,yes,Incorrect,0.5511
underspecified,6,dev_1239,yes,NO,no,no,Incorrect,0.5484
underspecified,6,dev_1241,no,YES.,yes,yes,Incorrect,0.5485
underspecified,6,dev_1250,yes,"YES. 

The micropyle is the small opening at the opposite end of",yes,yes,Correct,0.5488999999999999
underspecified,6,dev_1256,yes,YES. The 1906 San Francisco earthquake triggered a tsunami that caused damage and,yes,yes,Correct,0.5519
underspecified,6,dev_1261,no,YES.,yes,yes,Incorrect,0.5478999999999999
underspecified,6,dev_1267,no,Yes.,yes,yes,Incorrect,0.5492999999999999
underspecified,6,dev_1271,no,YES.  The drinking age varies from state to state in the United States.,yes,yes,Incorrect,0.5502999999999999
underspecified,6,dev_1283,yes,NO,no,no,Incorrect,0.534
underspecified,6,dev_1285,no,YES,yes,yes,Incorrect,0.5491
underspecified,6,dev_1286,no,"YES. While the terms ""lightning bugs"" and ""fireflies"" are",yes,yes,Incorrect,0.5487000000000001
underspecified,6,dev_1294,yes,No.  A terminating decimal is a decimal that has a finite number of digits,no,no,Incorrect,0.5774
underspecified,6,dev_1296,yes,NO. PlayStation 2 games are not compatible with the PlayStation 4 out of,no,no,Incorrect,0.5501
underspecified,6,dev_1303,no,NO,no,no,Correct,0.55
underspecified,6,dev_1307,yes,"No. In football, a goal cannot be scored directly from a kickoff. The",no,no,Incorrect,0.5492999999999999
underspecified,6,dev_1311,yes,NO,no,no,Incorrect,0.5514
underspecified,6,dev_1316,yes,"NO. The Gateway Arch in St. Louis is a national monument, but it",no,no,Incorrect,0.5516
underspecified,6,dev_1317,no,YES. Planetary nebulas are formed from the outer layers of a star,yes,yes,Incorrect,0.548
underspecified,6,dev_1333,yes,NO.  Would,no,no,Incorrect,0.5535
underspecified,6,dev_1336,yes,YES,yes,yes,Correct,0.5491
underspecified,6,dev_1345,no,Yes.,yes,yes,Incorrect,0.5492
underspecified,6,dev_1359,no,"NO. In basketball, an assist is a statistic awarded to a player who passes",no,no,Correct,0.5496
underspecified,6,dev_1370,yes,"YES. In poker, a straight is a hand that contains five cards of sequential",yes,yes,Correct,0.552
underspecified,6,dev_1371,no,YES,yes,yes,Incorrect,0.5497000000000001
underspecified,6,dev_1372,yes,NO,no,no,Incorrect,0.5496
underspecified,6,dev_1382,no,NO. A catcher is not allowed to block the plate without possession of the ball,no,no,Correct,0.5504
underspecified,6,dev_1406,no,"YES. The Postmaster General is appointed by the President. However, the President",yes,yes,Incorrect,0.5488
underspecified,6,dev_1408,yes,"NO. In baseball, if a foul ball is caught by a field",no,no,Incorrect,0.5492999999999999
underspecified,6,dev_1413,yes,"YES. Brazil has won the World Cup in Europe twice, in 1958",yes,yes,Correct,0.5498999999999999
underspecified,6,dev_1419,yes,"NO. Las Vegas is a major city located in the state of Nevada, USA",no,no,Incorrect,0.5545
underspecified,6,dev_1420,yes,NO,no,no,Incorrect,0.5498
underspecified,6,dev_1423,no,"YES. ""Take Me Home, Country Roads"" is a song written by Bill",yes,yes,Incorrect,0.5501
underspecified,6,dev_1424,no,"YES (it can get cool, especially in the mountains)",yes,yes,Incorrect,0.5346000000000001
underspecified,6,dev_1436,no,"NO. Equity in your home is not a liquid asset, as it typically takes",no,no,Correct,0.5502999999999999
underspecified,6,dev_1438,yes,NO,no,no,Incorrect,0.5508
underspecified,6,dev_1452,no,"NO. 

In general, neurotransmitters are classified as either excitatory (e",no,no,Correct,0.5509
underspecified,6,dev_1455,yes,"NO. The abdomen is the region of the body that contains the stomach, as",no,no,Incorrect,0.5501
underspecified,6,dev_1464,no,"NO. Sweet potatoes are part of the Convolvulaceae family, while",no,no,Correct,0.5498999999999999
underspecified,6,dev_1467,yes,NO,no,no,Incorrect,0.5735
underspecified,6,dev_1473,yes,NO,no,no,Incorrect,0.5507000000000001
underspecified,6,dev_1489,yes,YES. The soundtrack for Mamma Mia! Here We Go Again features all original,yes,yes,Correct,0.5519
underspecified,6,dev_1498,yes,"YES. The Nobel Peace Prize is awarded every year, but in some cases,",yes,yes,Correct,0.5495
underspecified,6,dev_1508,no,"YES. Unfortunately, several riders have died during the Tour de France throughout its history",yes,yes,Incorrect,0.5497000000000001
underspecified,6,dev_1515,no,YES. The Internal Revenue Code (IRC) and the U.S. tax laws,yes,yes,Incorrect,0.5486
underspecified,6,dev_1517,yes,"NO. Hydraulic fluid and brake fluid are not interchangeable, as they have different properties",no,no,Incorrect,0.5526
underspecified,6,dev_1528,yes,YES. A Juris Doctor (J.D.) is a professional doctorate in,yes,yes,Correct,0.5492
underspecified,6,dev_1533,no,NO,no,no,Correct,0.5527000000000001
underspecified,6,dev_1534,no,"NO. In baseball, a player is not allowed to catch a ball in the",no,no,Correct,0.5466
underspecified,6,dev_1546,yes,"YES.  A passport card can be used for REAL ID purposes, as it",yes,yes,Correct,0.5518
underspecified,6,dev_1552,yes,"NO. The poly(A) tail is added after transcription, during the process of",no,no,Incorrect,0.5486
underspecified,6,dev_1557,no,"No. New York State abolished the death penalty in 2007,",no,no,Correct,0.5509
underspecified,6,dev_1563,no,YES,yes,yes,Incorrect,0.5492999999999999
underspecified,6,dev_1627,no,NO. The esophagus is generally located behind the heart.,no,no,Correct,0.5478999999999999
underspecified,6,dev_1632,yes,NO. The World Health Organization (WHO) is a specialized agency of the United,no,no,Incorrect,0.55
underspecified,6,dev_1650,yes,YES.,yes,yes,Correct,0.5512999999999999
underspecified,6,dev_1655,no,"YES. ""Soy"" is commonly used in American English, while ""so",yes,yes,Incorrect,0.5488
underspecified,6,dev_1658,yes,NO. The Nazca Lines are geoglyphs that can only,no,no,Incorrect,0.578
underspecified,6,dev_1659,yes,YES,yes,yes,Correct,0.5502
underspecified,6,dev_1673,yes,NO. While grizzly bears and polar bears are both members of the Ursidae,no,no,Incorrect,0.549
underspecified,6,dev_1680,no,"YES. Picking your nose can damage the delicate tissues in the nasal cavity,",yes,yes,Incorrect,0.5515
underspecified,6,dev_1687,no,YES.,yes,yes,Incorrect,0.55
underspecified,6,dev_1698,no,YES. Fullmetal Alchemist: Brotherhood is a re-adaptation of the,yes,yes,Incorrect,0.5502
underspecified,6,dev_1707,yes,Yes. A Public Limited Company (PLC) is a type of limited company,yes,yes,Correct,0.5506
underspecified,6,dev_1727,yes,No.,no,no,Incorrect,0.5537000000000001
underspecified,6,dev_1736,no,YES,yes,yes,Incorrect,0.553
underspecified,6,dev_1737,yes,NO,no,no,Incorrect,0.552
underspecified,6,dev_1740,yes,"Yes. Spongy bone, also known as cancellous bone, is found",yes,yes,Correct,0.5492
underspecified,6,dev_1743,no,I don't know,i,idk,IDK,0.5507000000000001
underspecified,6,dev_1749,yes,YES. Delhi University and the University of Delhi are the same institution.,yes,yes,Correct,0.5486
underspecified,6,dev_1750,no,No.,no,no,Correct,0.5496
underspecified,6,dev_1757,yes,"YES. The profit and loss statement and income statement are essentially the same thing,",yes,yes,Correct,0.5604
underspecified,6,dev_1763,yes,No. While the House of Representatives is one part of the U.S. Congress,no,no,Incorrect,0.5505
underspecified,6,dev_1775,no,NO. The NBA playoffs are played in a 2-2-1-,no,no,Correct,0.5497000000000001
underspecified,6,dev_1789,no,YES. The spleen is an organ that plays a role in filtering the blood,yes,yes,Incorrect,0.5509
underspecified,6,dev_1806,no,NO,no,no,Correct,0.5517000000000001
underspecified,6,dev_1814,no,YES.,yes,yes,Incorrect,0.5495
underspecified,6,dev_1823,yes,NO. The MLB All-Star Game used to determine home-field advantage in the World,no,no,Incorrect,0.5498999999999999
underspecified,6,dev_1832,no,"YES, there is a town called Garrison, Colorado in the United States.",yes,yes,Incorrect,0.5488
underspecified,6,dev_1849,yes,"NO. In a RACI chart, typically one person is designated as Responsible",no,no,Incorrect,0.5522999999999999
underspecified,6,dev_1851,no,YES. The right to a fair trial is guaranteed by the Sixth Amendment of the,yes,yes,Incorrect,0.5495
underspecified,6,dev_1857,no,"YES. Cows typically need to give birth to produce milk, as the hormone",yes,yes,Incorrect,0.5504
underspecified,6,dev_1895,yes,I don't know,i,idk,IDK,0.5495
underspecified,6,dev_1906,no,"YES. In the United States, the NFL is the primary professional football league,",yes,yes,Incorrect,0.5508
underspecified,6,dev_1916,yes,"NO. Pokémon: Let's Go, Pikachu! and Let's Go, E",no,no,Incorrect,0.5512
underspecified,6,dev_1919,yes,"YES. This is the process of nuclear transmutation, where an element is converted",yes,yes,Correct,0.5492999999999999
underspecified,6,dev_1924,yes,NO. A car's serial number is not the same as its Vehicle Identification Number,no,no,Incorrect,0.5486
underspecified,6,dev_1938,no,"NO. The empty set is a set that contains no elements, and it is",no,no,Correct,0.556
underspecified,6,dev_1948,yes,NO.  A chicken is a domesticated bird that belongs to the species Gall,no,no,Incorrect,0.5501
underspecified,6,dev_1950,no,"NO The Gulf of Mexico is considered a sea, which is a smaller",no,no,Correct,0.5502
underspecified,6,dev_1960,no,"NO. They are two separate countries, both located in Central Africa, with the",no,no,Correct,0.5502
underspecified,6,dev_1977,no,"NO. According to Article II, Section 1 of the Constitution, a president",no,no,Correct,0.549
underspecified,6,dev_1995,yes,NO. Winning the FA Cup does not automatically qualify a team for Europe. However,no,no,Incorrect,0.5498
underspecified,6,dev_1997,yes,"YES. The Alphabet Song and Twinkle, Twinkle, Little Star share the",yes,yes,Correct,0.5491
underspecified,6,dev_2009,no,I don't know. Color Wonder markers are known to work on special Color Wonder,i,idk,IDK,0.5501
underspecified,6,dev_2032,yes,"YES. Flies, specifically certain species of flies such as botflies and flesh",yes,yes,Correct,0.552
underspecified,6,dev_2045,yes,"NO. According to the 27th Amendment to the U.S. Constitution,",no,no,Incorrect,0.5498
underspecified,6,dev_2053,no,"NO.  In tennis, you do not have to be serving to score.",no,no,Correct,0.5495
underspecified,6,dev_2061,no,"Yes. In many jurisdictions, individuals can choose who they want to be listed as",yes,yes,Incorrect,0.5497000000000001
underspecified,6,dev_2065,yes,NO,no,no,Incorrect,0.5572
underspecified,6,dev_2068,yes,YES. Allied Waste was acquired by Republic Services in 2008.,yes,yes,Correct,0.5501
underspecified,6,dev_2078,no,"YES. Black cumin seed and black seed are often used interchangeably, referring",yes,yes,Incorrect,0.5488
underspecified,6,dev_2079,yes,Yes.  Eeyore is a donkey in the Winnie-the-P,yes,yes,Correct,0.5522999999999999
underspecified,6,dev_2088,no,NO (although it's widely considered the de facto national language),no,no,Correct,0.5507000000000001
underspecified,6,dev_2091,no,"NO. In baseball, the home team cannot win by two runs in extra innings",no,no,Correct,0.553
underspecified,6,dev_2094,no,NO.,no,no,Correct,0.5445
underspecified,6,dev_2095,yes,"Yes. Noel Gallagher is the lead vocalist on the song ""Don't Look Back",yes,yes,Correct,0.5538
underspecified,6,dev_2139,no,"NO. 
Passport cards are valid for land and sea travel to and from",no,no,Correct,0.55
underspecified,6,dev_2166,yes,YES (Note: Prolonged exposure to very bright lights can cause temporary,yes,yes,Correct,0.5494
underspecified,6,dev_2184,no,"YES. The United States has a significant military presence in Saudi Arabia, including a",yes,yes,Incorrect,0.5527000000000001
underspecified,6,dev_2187,yes,"NO. According to the official rules of basketball, players are not allowed to jump",no,no,Incorrect,0.5498
underspecified,6,dev_2192,no,NO. A lieutenant colonel is typically below a colonel in the military rank,no,no,Correct,0.5718
underspecified,6,dev_2196,no,"YES. Red-eared slider turtles are oviparous, which means they lay",yes,yes,Incorrect,0.5488999999999999
underspecified,6,dev_2199,yes,"YES.  The Dark Knight is a sequel to Batman Begins, as it continues",yes,yes,Correct,0.5505
underspecified,6,dev_2204,yes,NO.,no,no,Incorrect,0.5501
underspecified,6,dev_2220,no,NO,no,no,Correct,0.5492
underspecified,6,dev_2224,no,YES (Note: While rubies are typically associated with a deep red,yes,yes,Incorrect,0.5507000000000001
underspecified,6,dev_2232,no,"YES. St. Patrick's Cathedral, also known as the National Cathedral and Colleg",yes,yes,Incorrect,0.5491
underspecified,6,dev_2234,no,Yes,yes,yes,Incorrect,0.5506
underspecified,6,dev_2237,no,YES. The Riviera Maya is a popular tourist destination located on the Caribbean coast,yes,yes,Incorrect,0.5476
underspecified,6,dev_2247,yes,"NO. In New Jersey, it is illegal to enter a liquor store if you",no,no,Incorrect,0.5517000000000001
underspecified,6,dev_2248,yes,NO.,no,no,Incorrect,0.5507000000000001
underspecified,6,dev_2266,no,NO.  A Nissan Pathfinder is typically classified as a mid-size SUV.,no,no,Correct,0.5481
underspecified,6,dev_2275,yes,NO. Counting cards is considered a form of cheating and is illegal in most,no,no,Incorrect,0.5505
underspecified,6,dev_2295,yes,NO. A unanimous vote requires all eligible voters to participate and agree on a decision,no,no,Incorrect,0.549
underspecified,6,dev_2304,yes,YES. The House of Representatives is one of the two chambers of the US Congress,yes,yes,Correct,0.5502
underspecified,6,dev_2306,yes,"NO.  In roulette, doubling your bet on a single number does not guarantee",no,no,Incorrect,0.5497000000000001
underspecified,6,dev_2310,no,YES.,yes,yes,Incorrect,0.565
underspecified,6,dev_2315,yes,NO. Centripetal force is a force directed towards the center of a circle,no,no,Incorrect,0.5494
underspecified,6,dev_2323,no,YES. The film Tully (2018) is based on a novel of,yes,yes,Incorrect,0.5521
underspecified,6,dev_2328,no,NO,no,no,Correct,0.5516
underspecified,6,dev_2350,no,YES.  Little House on the Prairie is a series of children's novels written,yes,yes,Incorrect,0.5502999999999999
underspecified,6,dev_2382,yes,YES. The right atrium receives blood from the lungs through the superior and inferior,yes,yes,Correct,0.5505
underspecified,6,dev_2387,yes,YES. Northern Ireland has a national football team that competes in international football competitions,yes,yes,Correct,0.5498999999999999
underspecified,6,dev_2388,no,"NO. In the United States, the Double Jeopardy Clause of the Fifth",no,no,Correct,0.5501
underspecified,6,dev_2396,yes,No. Semolina flour is made from durum wheat and is often used to make,no,no,Incorrect,0.5498999999999999
underspecified,6,dev_2408,yes,NO,no,no,Incorrect,0.5498
underspecified,6,dev_2413,no,NO  Would you like me to explain why?  The movie Stalingrad,no,no,Correct,0.5759
underspecified,6,dev_2428,yes,I don't know,i,idk,IDK,0.5327999999999999
underspecified,6,dev_2433,no,NO  Would you like me to,no,no,Correct,0.548
underspecified,6,dev_2434,no,YES.,yes,yes,Incorrect,0.551
underspecified,6,dev_2447,no,"NO. In the MLB playoffs, home-field advantage is typically determined by the team",no,no,Correct,0.5478
underspecified,6,dev_2473,yes,NO,no,no,Incorrect,0.5581
underspecified,6,dev_2479,no,YES. Hong Kong is a Special Administrative Region of China and is located inside the,yes,yes,Incorrect,0.5502999999999999
underspecified,6,dev_2504,no,"YES. The Strip is a famous section of Las Vegas Boulevard in Las Vegas,",yes,yes,Incorrect,0.5488
underspecified,6,dev_2532,yes,NO. Fetus in fetu is a rare condition where a fetus develops inside,no,no,Incorrect,0.5483
underspecified,6,dev_2537,no,NO.,no,no,Correct,0.5526
underspecified,6,dev_2538,no,NO,no,no,Correct,0.5515
underspecified,6,dev_2547,yes,,,other,NC,0.5498999999999999
underspecified,6,dev_2548,no,NO,no,no,Correct,0.5488999999999999
underspecified,6,dev_2555,no,"No. Lymphoma is a type of cancer that affects the immune system,",no,no,Correct,0.5501
underspecified,6,dev_2566,no,Yes.,yes,yes,Incorrect,0.5511
underspecified,6,dev_2572,no,"NO. The Channel Islands are a British archipelago, but they are not",no,no,Correct,0.5498999999999999
underspecified,6,dev_2577,no,"YES. In soccer, a kick-off must be taken forward. The ball must",yes,yes,Incorrect,0.5507000000000001
underspecified,6,dev_2605,yes,,,other,NC,0.5548
underspecified,6,dev_2614,yes,NO.  Snow-on-the-Mountain (Euphorbia marginata),no,no,Incorrect,0.5494
underspecified,6,dev_2622,no,,,other,NC,0.5529
underspecified,6,dev_2634,yes,"YES. In the game of 8-ball, ball-in-hand means that a",yes,yes,Correct,0.5502
underspecified,6,dev_2643,no,"YES. In chemical nomenclature, the first letter of each element in a",yes,yes,Incorrect,0.5504
underspecified,6,dev_2655,yes,NO,no,no,Incorrect,0.5509
underspecified,6,dev_2656,yes,NO.,no,no,Incorrect,0.5474
underspecified,6,dev_2690,yes,NO. Parcelforce and Royal Mail are related but distinct entities: Royal,no,no,Incorrect,0.5423
underspecified,6,dev_2719,no,NO. Electrons flow in the opposite direction of conventional current. In other words,no,no,Correct,0.5482
underspecified,6,dev_2727,no,I don't know,i,idk,IDK,0.5486
underspecified,6,dev_2750,yes,"Yes. Cows need to get pregnant to give milk, as milk production is",yes,yes,Correct,0.5481
underspecified,6,dev_2757,yes,YES,yes,yes,Correct,0.5504
underspecified,6,dev_2770,yes,NO,no,no,Incorrect,0.5482
underspecified,6,dev_2791,yes,NO. The gut and stomach are two distinct parts of the digestive system. The,no,no,Incorrect,0.5381
underspecified,6,dev_2813,yes,NO. While the movie is inspired by the life of P,no,no,Incorrect,0.5485
underspecified,6,dev_2821,yes,"NO  Nicotine is a nicotinic receptor agonist, not a gang",no,no,Incorrect,0.55
underspecified,6,dev_2832,yes,YES. Shea butter is derived from the nut of the shea tree (V,yes,yes,Correct,0.5659
underspecified,6,dev_2838,no,NO. The Prince of Tides is a 1986 American romantic drama film,no,no,Correct,0.5665
underspecified,6,dev_2853,no,"I don't know. While North and South Korea share a similar language, Korean",i,idk,IDK,0.5482
underspecified,6,dev_2870,no,"NO. The derivative of a continuous function is not always continuous. For example,",no,no,Correct,0.5506
underspecified,6,dev_2875,yes,NO. Aldi and Trader Joe's are two separate and competing global supermarket chains,no,no,Incorrect,0.5492999999999999
underspecified,6,dev_2880,no,NO,no,no,Correct,0.5508
underspecified,6,dev_2890,no,"NO. 

Non-permanent members of the Security Council do not have veto power",no,no,Correct,0.5487000000000001
underspecified,6,dev_2901,yes,NO,no,no,Incorrect,0.5357999999999999
underspecified,6,dev_2906,yes,NO.  A fidelity bond and crime insurance are related but distinct types of insurance,no,no,Incorrect,0.543
underspecified,6,dev_2919,no,Yes. The,yes,yes,Incorrect,0.5532999999999999
underspecified,6,dev_2931,yes,NO,no,no,Incorrect,0.5536
underspecified,6,dev_2933,no,"YES. Commercial aircraft do fly over the North Pole. In fact, there are",yes,yes,Incorrect,0.554
underspecified,6,dev_2956,yes,,,other,NC,0.5531
underspecified,6,dev_2959,no,NO.,no,no,Correct,0.553
underspecified,6,dev_2967,yes,YES.  The sun appears to rise in the east and set in the west,yes,yes,Correct,0.5524
underspecified,6,dev_2973,no,"YES. The second movie, ""The Golden Compass: The Bear and the Night",yes,yes,Incorrect,0.5532999999999999
underspecified,6,dev_2991,yes,"YES. With a well-executed strategy, such as card counting in blackjack or",yes,yes,Correct,0.5524
underspecified,6,dev_3000,yes,"NO. Back ribs and baby back ribs are both types of pork ribs, but",no,no,Incorrect,0.553
underspecified,6,dev_3015,yes,NO.  Keyless entry and remote start are two different features. Keyless,no,no,Incorrect,0.5552999999999999
underspecified,6,dev_3027,no,NO,no,no,Correct,0.5378999999999999
underspecified,6,dev_3029,no,YES. The United Kingdom (UK) left the European Union (EU) on,yes,yes,Incorrect,0.5532
underspecified,6,dev_3035,no,YES.  Halo 2 is a game on Xbox 360 and it does,yes,yes,Incorrect,0.5527000000000001
underspecified,6,dev_3040,no,"YES. A no-insurance ticket is typically considered a moving violation, as it",yes,yes,Incorrect,0.5546
underspecified,6,dev_3073,no,NO. Top sirloin steak and sirloin steak are two different types,no,no,Correct,0.5509
underspecified,6,dev_3079,yes,NO. Salary is typically considered a period cost and is not included in the cost,no,no,Incorrect,0.5526
underspecified,6,dev_3089,yes,NO. A peach (Prunus persica) is actually part of the,no,no,Incorrect,0.5537000000000001
underspecified,6,dev_3105,yes,NO.,no,no,Incorrect,0.5514
underspecified,6,dev_3106,yes,NO  High-rise jeans typically refer to jeans that sit higher on the waistline,no,no,Incorrect,0.5541
underspecified,6,dev_3107,yes,NO.,no,no,Incorrect,0.552
underspecified,6,dev_3122,no,YES. Reese's Pieces are a peanut butter candy with a chocolate coating.,yes,yes,Incorrect,0.5544
underspecified,6,dev_3143,no,YES. The Republic of Ireland is part of the Common Travel Area (CTA,yes,yes,Incorrect,0.5522
underspecified,6,dev_3173,no,I don't know,i,idk,IDK,0.5341
underspecified,6,dev_3183,no,YES. The winner of the British Open gets to keep the Claret Jug for,yes,yes,Incorrect,0.5548
underspecified,6,dev_3187,yes,"NO. Batman Forever is actually the third installment in the Batman film series, following",no,no,Incorrect,0.5526
underspecified,6,dev_3204,no,YES. The fundus of the gallbladder is located near the cystic,yes,yes,Incorrect,0.5521
underspecified,6,dev_3212,yes,NO,no,no,Incorrect,0.5527000000000001
underspecified,6,dev_3221,no,I don't know. I couldn't find any reliable sources confirming that pool water,i,idk,IDK,0.5525
underspecified,6,dev_3231,yes,NO,no,no,Incorrect,0.5511
underspecified,6,dev_3232,yes,"NO. While both are derived from corn, corn starch is a type of carbohydrate",no,no,Incorrect,0.5546
underspecified,6,dev_3238,yes,"NO. In cricket, the non-striker cannot be run out",no,no,Incorrect,0.5532999999999999
underspecified,6,dev_3239,yes,YES. The Conn Smythe Trophy is awarded to the most valuable player in the,yes,yes,Correct,0.5539
underspecified,6,dev_3241,yes,"YES Romania was part of the Austro-Hungarian Empire, specifically",yes,yes,Correct,0.5528
underspecified,6,dev_3242,yes,"YES. In the animated series Steven Universe, a Ruby and a Sapphire combine to",yes,yes,Correct,0.555
underspecified,6,dev_0031,yes,"NO. In the comics, Deadpool has a daughter named Ellie, but not a",no,no,Incorrect,0.5532
underspecified,6,dev_0148,yes,"YES. Sméagol, also known as Gollum, dies in",yes,yes,Correct,0.553
underspecified,6,dev_0178,yes,"YES. ""Eye of the Tiger"" was written by Jim Peterik and Frankie",yes,yes,Correct,0.5526
underspecified,6,dev_0410,yes,"YES. 
Revenge of the Mummy is a launched roller coaster located in",yes,yes,Correct,0.555
underspecified,6,dev_0419,yes,YES,yes,yes,Correct,0.5524
underspecified,6,dev_0448,yes,YES,yes,yes,Correct,0.5529
underspecified,6,dev_0224,no,NO,no,no,Correct,0.5542999999999999
underspecified,6,dev_0317,no,"NO.  While some people are born with perfect pitch, it is not a",no,no,Correct,0.5519
underspecified,6,dev_0368,no,NO. The Color Purple is a novel by Alice Walker that is a work of,no,no,Correct,0.5552
underspecified,6,dev_0507,no,NO.,no,no,Correct,0.5538
underspecified,6,dev_0603,no,"NO 

The Seven Ages of Man is a poem by William Shakespeare, but it",no,no,Correct,0.5532999999999999
underspecified,6,dev_0938,no,NO,no,no,Correct,0.554
underspecified,6,dev_0076,yes,YES,yes,yes,Correct,0.5522999999999999
underspecified,6,dev_0459,yes,"Yes.  The process of gene transcription is strand-specific, meaning that the RNA",yes,yes,Correct,0.5542999999999999
underspecified,6,dev_0502,yes,NO.,no,no,Incorrect,0.557
underspecified,6,dev_0580,yes,NO.,no,no,Incorrect,0.5522
underspecified,6,dev_1089,yes,"YES. However, it's worth noting that removing the venom glands from a snake",yes,yes,Correct,0.5542
underspecified,6,dev_1153,yes,NO. Melaleuca and tea tree are related but distinct species. Mel,no,no,Incorrect,0.555
underspecified,6,dev_1315,yes,"YES, ion–dipole interactions are generally stronger than hydrogen bonds. Ion",yes,yes,Correct,0.5554
underspecified,6,dev_1482,yes,"YES. Muscle fibers are indeed the same as muscle cells, as muscle fibers are",yes,yes,Correct,0.5556
underspecified,6,dev_1568,yes,"NO. While both vultures and buzzards are birds of prey, they",no,no,Incorrect,0.5642
underspecified,6,dev_1968,yes,No. While both turtles and tortoises are reptiles that belong to the,no,no,Incorrect,0.5564
underspecified,6,dev_2223,yes,NO,no,no,Incorrect,0.5531
underspecified,6,dev_2420,yes,"YES, there is a bird called a ""rain crow"". In folklore, the",yes,yes,Correct,0.5537000000000001
underspecified,6,dev_2882,yes,NO. Redback spiders (Latrodectus hasseltii) are native,no,no,Incorrect,0.554
underspecified,6,dev_2899,yes,Yes. Dalmatians are born with a solid color coat and develop their,yes,yes,Correct,0.5532
underspecified,6,dev_2910,yes,NO,no,no,Incorrect,0.5527000000000001
underspecified,6,dev_0713,no,"YES. Cows need to be pregnant to produce milk, as the hormone prol",yes,yes,Incorrect,0.5568
underspecified,6,dev_0816,no,"NO. The spinal cord is generally shorter than the vertebral column, with the",no,no,Correct,0.5522
underspecified,6,dev_0911,no,NO. The ring finger does not connect to the heart. This is a common,no,no,Correct,0.553
underspecified,6,dev_0997,no,"NO. While both are types of antiseptics, they are not the",no,no,Correct,0.5542
underspecified,6,dev_1258,no,YES. The umbilical cord is indeed inside the amniotic sac.,yes,yes,Incorrect,0.5534
underspecified,6,dev_1422,no,"Yes. Root hairs are small, hair-like projections that occur along the entire length",yes,yes,Incorrect,0.5526
underspecified,6,dev_2120,no,YES. Dalmatian puppies are born with a solid coat and develop their,yes,yes,Incorrect,0.5552999999999999
underspecified,6,dev_2353,no,NO. Bees and hornets are both insects in the order Hymen,no,no,Correct,0.5519
underspecified,6,dev_2441,no,"NO. Identical twins are always the same sex, as they develop from the",no,no,Correct,0.5542
underspecified,6,dev_2087,no,NO. Sperm whales are listed as Vulnerable on the IUC,no,no,Correct,0.5525
underspecified,6,dev_2215,no,I don't know,i,idk,IDK,0.5536
underspecified,6,dev_2503,no,NO,no,no,Correct,0.5522
underspecified,6,dev_2652,no,"YES Baby birds are born with an egg tooth, a small, hard",yes,yes,Incorrect,0.5532
underspecified,6,dev_2850,no,NO,no,no,Correct,0.5552
underspecified,6,dev_3062,no,NO. Black and yellow garden spiders (Argiope aurantia) are,no,no,Correct,0.5536
underspecified,6,dev_0400,yes,YES. A profit and loss account and an income statement are essentially the same financial,yes,yes,Correct,0.5532999999999999
underspecified,6,dev_0432,yes,YES. The Central Bank of India is indeed a nationalised bank. It was,yes,yes,Correct,0.553
underspecified,6,dev_0446,yes,"I don't know (specifically about Bi-Mart) but generally, Bi-Mart",i,idk,IDK,0.5564
underspecified,6,dev_0455,yes,"YES. Indian Motorcycles is an American motorcycle manufacturer, and many of their models",yes,yes,Correct,0.5518
underspecified,6,dev_0472,yes,"NO. While they are sister companies and share a similar brand identity, Toys R",no,no,Incorrect,0.5536
underspecified,6,dev_0524,yes,"YES. In-N-Out Burger has several locations in Nevada, including in Las Vegas",yes,yes,Correct,0.5535
underspecified,6,dev_0767,yes,NO.,no,no,Incorrect,0.5358999999999999
underspecified,6,dev_0875,yes,"YES. Although they are no longer printed for circulation, there are still some thousand",yes,yes,Correct,0.5547000000000001
underspecified,6,dev_0950,yes,"YES.  Poland Spring water is sourced from natural springs in Maine, New Hampshire",yes,yes,Correct,0.5547000000000001
underspecified,6,dev_1023,yes,"NO (in general, but there can be some overlap depending on the",no,no,Incorrect,0.5589
underspecified,6,dev_1171,yes,YES,yes,yes,Correct,0.5551
underspecified,6,dev_1207,yes,I don't know. I don't have information on the current ownership structure of,i,idk,IDK,0.5566
underspecified,6,dev_1299,yes,YES. Net earnings and net income are often used interchangeably to refer to the,yes,yes,Correct,0.5516
underspecified,6,dev_0157,no,NO.,no,no,Correct,0.5516
underspecified,6,dev_0371,no,NO,no,no,Correct,0.5507000000000001
underspecified,6,dev_0621,no,NO.,no,no,Correct,0.5512
underspecified,6,dev_0699,no,NO.,no,no,Correct,0.5535
underspecified,6,dev_0954,no,I don't know,i,idk,IDK,0.5526
underspecified,6,dev_1050,no,"NO. White Castle has locations throughout the United States, not just on the East",no,no,Correct,0.5495
underspecified,6,dev_1208,no,YES. There are Sam's Clubs in Canada. They are operated by Walmart Canada,yes,yes,Incorrect,0.5505
underspecified,6,dev_1257,no,"NO. Home Bargains and Quality Save are two separate discount retailers, both owned",no,no,Correct,0.5599
underspecified,6,dev_1805,no,"NO. $10,000 bills were last printed in 1945 and were",no,no,Correct,0.5516
underspecified,6,dev_1876,no,"I don't know. Montgomery Ward has a history of store closures and openings,",i,idk,IDK,0.5514
underspecified,6,dev_2290,no,NO. While both terms refer to the total output of a country (GDP,no,no,Correct,0.562
underspecified,6,dev_2444,no,"NO. While both land tax and property tax are taxes on real estate, they",no,no,Correct,0.5485
underspecified,6,dev_0250,yes,"NO. In the Netherlands, Father's Day is not traditionally celebrated. Instead,",no,no,Incorrect,0.5531
underspecified,6,dev_0337,yes,"YES. In Victoria, Australia, the King's Birthday is a public holiday.",yes,yes,Correct,0.5501
underspecified,6,dev_0386,yes,"NO. 
(Note: This answer is based on general knowledge and may not be",no,no,Incorrect,0.554
underspecified,6,dev_0591,yes,Yes.,yes,yes,Correct,0.5492999999999999
underspecified,6,dev_0746,yes,I don't know,i,idk,IDK,0.5494
underspecified,6,dev_0845,yes,YES.  Breaking in a new car engine is a process that helps to seat,yes,yes,Correct,0.574
underspecified,6,dev_0855,yes,"YES.  Many flight paths, especially those between Europe and Asia, do go",yes,yes,Correct,0.5492999999999999
underspecified,6,dev_0915,yes,"I don't know.  However, I can tell you that Ontario Place is",i,idk,IDK,0.55
underspecified,6,dev_0945,yes,NO. Thread seal tape and Teflon tape are both used for pipe threading,no,no,Incorrect,0.5522999999999999
underspecified,6,dev_0021,no,NO,no,no,Correct,0.552
underspecified,6,dev_0490,no,NO,no,no,Correct,0.5509
underspecified,6,dev_0581,no,NO,no,no,Correct,0.5495
underspecified,6,dev_0631,no,YES. The United States Postal Service (USPS) is open on Memorial Day,yes,yes,Incorrect,0.5524
underspecified,6,dev_0691,no,NO,no,no,Correct,0.5494
underspecified,6,dev_0783,no,NO,no,no,Correct,0.5502
underspecified,6,dev_0787,no,NO,no,no,Correct,0.5525
underspecified,6,dev_0825,no,I don't know,i,idk,IDK,0.5552
underspecified,6,dev_0885,no,"YES 

UK citizens do not need a visa to enter Albania for tourism or business",yes,yes,Incorrect,0.5491
underspecified,6,dev_0089,yes,YES. There have been a few movies that have achieved a 0% on,yes,yes,Correct,0.55
underspecified,6,dev_0095,yes,YES.,yes,yes,Correct,0.5484
underspecified,6,dev_0211,yes,YES,yes,yes,Correct,0.5508
underspecified,6,dev_0238,yes,"YES. Beau Abbott, a character in the film A Quiet Place, dies.",yes,yes,Correct,0.5497000000000001
underspecified,6,dev_0252,yes,I don't know.  I can try to look up the answer if you,i,idk,IDK,0.5502999999999999
underspecified,6,dev_0256,yes,NO,no,no,Incorrect,0.5519
underspecified,6,dev_0266,yes,"I don't know. I'm not aware of a film called ""The Book",i,idk,IDK,0.551
underspecified,6,dev_0310,yes,YES,yes,yes,Correct,0.5504
underspecified,6,dev_0359,yes,"NO. On ""Who Wants to Be a Millionaire"", contestants must answer a",no,no,Incorrect,0.5532999999999999
underspecified,6,dev_0422,yes,"YES. Lucas and Peyton, two main characters in the show, do return to",yes,yes,Correct,0.5502999999999999
underspecified,6,dev_0040,no,"YES. The Golden Compass is a 2007 fantasy adventure film, and it",yes,yes,Incorrect,0.5488999999999999
underspecified,6,dev_0080,no,"Yes (there is a sequel to Love Finds a Home, titled Love Begins)",yes,yes,Incorrect,0.5512999999999999
underspecified,6,dev_0100,no,I don't know,i,idk,IDK,0.5507000000000001
underspecified,6,dev_0240,no,No.,no,no,Correct,0.5509
underspecified,6,dev_0247,no,NO.  Let There Be Light is a 2017 American drama film directed,no,no,Correct,0.5505
underspecified,6,dev_0260,no,"YES.  In the 1949 film, a real gorilla was used",yes,yes,Incorrect,0.5534
underspecified,6,dev_0277,no,"YES. Michael Scott and Pam Beesly did date on the TV show """,yes,yes,Incorrect,0.5504
underspecified,6,dev_0290,no,NO. Elena Gilbert (played by Nina Dobrev) does not die for good,no,no,Correct,0.553
underspecified,6,dev_0303,no,NO,no,no,Correct,0.5495
underspecified,6,dev_0231,yes,YES (Traditional penne alla vodka recipes typically include heavy cream or other dairy products,yes,yes,Correct,0.5539
underspecified,6,dev_0401,yes,NO,no,no,Incorrect,0.5483
underspecified,6,dev_0420,yes,"NO. While red velvet cake does have a reddish color, it's not",no,no,Incorrect,0.5492999999999999
underspecified,6,dev_0571,yes,NO,no,no,Incorrect,0.5516
underspecified,6,dev_0583,yes,NO  (Pork back ribs and baby back ribs are two distinct types of,no,no,Incorrect,0.5514
underspecified,6,dev_0765,yes,"YES (In most cases, salted duck eggs need to be cooked",yes,yes,Correct,0.5511
underspecified,6,dev_0778,yes,"NO. While both are flat, rectangular pans used for baking, a cookie sheet",no,no,Incorrect,0.5518
underspecified,6,dev_0815,yes,NO.,no,no,Incorrect,0.5509
underspecified,6,dev_0073,no,I don't know,i,idk,IDK,0.5721
underspecified,6,dev_0491,no,NO. While both picante sauce and taco sauce are types of cond,no,no,Correct,0.5502999999999999
underspecified,6,dev_0615,no,"NO. While both are types of Asian noodles, they have different ingredients and textures",no,no,Correct,0.5641
underspecified,6,dev_0868,no,"NO.  While Fruit Roll-Ups are a popular snack food, they are",no,no,Correct,0.5483
underspecified,6,dev_0880,no,"NO  Thousand Island and French dressing are similar, but not the same.",no,no,Correct,0.5504
underspecified,6,dev_0953,no,NO,no,no,Correct,0.5584
underspecified,6,dev_0985,no,NO.  Long Island Iced Teas are a type of cocktail that typically,no,no,Correct,0.5519
underspecified,6,dev_0136,yes,"YES. Battlefield 1 has a single-player campaign called ""War Stories,"" which",yes,yes,Correct,0.5526
underspecified,6,dev_0367,yes,NO. Devil May Cry 5 is a prequel to the first two games,no,no,Incorrect,0.5497000000000001
underspecified,6,dev_0618,yes,Yes. Dying Light: The Following Enhanced Edition includes the original game.,yes,yes,Correct,0.5504
underspecified,6,dev_0720,yes,YES. State of Decay 2 has co-op multiplayer on Xbox One.,yes,yes,Correct,0.5505
underspecified,6,dev_0770,yes,NO. The numbers on a standard roulette wheel add up to 666 but only,no,no,Incorrect,0.5514
underspecified,6,dev_0835,yes,"NO  Pokémon Let's Go is a spin-off of the classic Pokémon Yellow,",no,no,Incorrect,0.5498
underspecified,6,dev_0896,yes,YES,yes,yes,Correct,0.5521
underspecified,6,dev_0434,no,"NO. While many Xbox games are compatible with the Xbox One through backwards compatibility,",no,no,Correct,0.5509
underspecified,6,dev_0489,no,NO. While the Far Cry series is a connected franchise with some shared elements and,no,no,Correct,0.5535
underspecified,6,dev_0852,no,NO  The standard game of Phase 10 is designed for 2-6,no,no,Correct,0.5918
underspecified,6,dev_0870,no,"YES (in many role-playing games, a paladin is typically defined as a",yes,yes,Incorrect,0.5762
underspecified,6,dev_1148,no,I don't know,i,idk,IDK,0.5516
underspecified,6,dev_2595,no,NO.  A Way Out is a cooperative-only action-adventure game developed by,no,no,Correct,0.5491
underspecified,6,dev_0281,yes,NO.,no,no,Incorrect,0.5509
underspecified,6,dev_0528,yes,"YES.  Atlantic City has a train station, Atlantic City Rail Terminal, which",yes,yes,Correct,0.5698
underspecified,6,dev_0547,yes,NO.  The Battery Tunnel is a toll-free tunnel in New York City.,no,no,Incorrect,0.5516
underspecified,6,dev_0623,yes,NO,no,no,Incorrect,0.5525
underspecified,6,dev_0626,yes,NO,no,no,Incorrect,0.5692
underspecified,6,dev_0686,yes,I don't know. I'd need more context or information about the location and,i,idk,IDK,0.5492
underspecified,6,dev_0822,yes,NO,no,no,Incorrect,0.5491
underspecified,6,dev_1210,yes,"I don't know. However, I can tell you that Caesar's Creek is",i,idk,IDK,0.5548
underspecified,6,dev_0374,no,NO,no,no,Correct,0.5521
underspecified,6,dev_0900,no,NO. Fort Walton Beach and Destin are two separate cities located on the Emerald,no,no,Correct,0.5498
underspecified,6,dev_0913,no,"YES, there is a Porpoise Spit in Australia. Porpoise Spit",yes,yes,Incorrect,0.5726
underspecified,6,dev_1234,no,"NO. The Gulf Stream is a warm ocean current in the North Atlantic Ocean,",no,no,Correct,0.5806
underspecified,6,dev_1360,no,NO,no,no,Correct,0.5502999999999999
underspecified,6,dev_1544,no,I don't know. I'd need more context or information to determine if I,i,idk,IDK,0.5505
underspecified,6,dev_1588,no,NO.,no,no,Correct,0.5766
underspecified,6,dev_0344,yes,NO. Arsenic is a highly toxic substance that can cause serious health problems,no,no,Incorrect,0.5531
underspecified,6,dev_0379,yes,"I don't know. However, I can suggest that New England Baptist Hospital is",i,idk,IDK,0.5762999999999999
underspecified,6,dev_0474,yes,"I don't know  The FDA does not approve dietary supplements, including Women's",i,idk,IDK,0.5722
underspecified,6,dev_0614,yes,I don't know. The effectiveness of a cold water bath versus an ice bath,i,idk,IDK,0.5629
underspecified,6,dev_0655,yes,NO. A hiatal hernia is a condition in which part of the stomach,no,no,Incorrect,0.55
underspecified,6,dev_1195,yes,NO. Blue-ringed octopus bites are highly venomous and can be fatal,no,no,Incorrect,0.5602999999999999
underspecified,6,dev_1197,yes,"NO. An ectopic pregnancy is a pregnancy that occurs outside the uterus, typically",no,no,Incorrect,0.5502999999999999
underspecified,6,dev_1313,yes,NO. Relative risk (RR) and risk ratio (RR) are,no,no,Incorrect,0.5492999999999999
underspecified,6,dev_1564,yes,NO. PCP (Phencyclidine) and angel dust are related but,no,no,Incorrect,0.5515
underspecified,6,dev_0078,no,"YES. There is a right and left brachiocephalic artery, which",yes,yes,Incorrect,0.5514
underspecified,6,dev_0166,no,NO,no,no,Correct,0.5541
underspecified,6,dev_0851,no,"YES  First aid courses are an essential part of the chain of survival, teaching",yes,yes,Incorrect,0.5515
underspecified,6,dev_0861,no,NO.,no,no,Correct,0.5509
underspecified,6,dev_0872,no,NO  Would you like me to explain why?  I can provide more information,no,no,Correct,0.5514
underspecified,6,dev_1554,no,YES,yes,yes,Incorrect,0.5735
underspecified,6,dev_1719,no,"I don't know. The terms ""extended release"" and ""sustained",i,idk,IDK,0.5496
underspecified,6,dev_1991,no,NO. The ring finger is not directly connected to the heart in the context of,no,no,Correct,0.548
underspecified,6,dev_2115,no,NO. Being a sumo wrestler can be detrimental to one's health due to,no,no,Correct,0.553
underspecified,6,dev_0105,yes,NO. There was no formal draft in the Revolutionary War. The Continental Army was,no,no,Incorrect,0.5504
underspecified,6,dev_0125,yes,YES,yes,yes,Correct,0.5512
underspecified,6,dev_0191,yes,YES. The Tomb of the Unknown Soldier is a monument in Arlington National Cemetery that,yes,yes,Correct,0.5794
underspecified,6,dev_1292,yes,"YES. The Queen of England (Elizabeth II) married Prince Philip, Duke of",yes,yes,Correct,0.5526
underspecified,6,dev_1338,yes,"NO. The Gulf War was associated with oil well fires and spills, but it",no,no,Incorrect,0.5495
underspecified,6,dev_0388,no,YES.,yes,yes,Incorrect,0.5375
underspecified,6,dev_0703,no,I don't know. The Peacock Throne is a legendary throne from the M,i,idk,IDK,0.5384
underspecified,6,dev_0833,no,YES.,yes,yes,Incorrect,0.5373
underspecified,6,dev_0874,no,"YES. According to the FBI, no bodies were ever found, and despite an",yes,yes,Incorrect,0.5367000000000001
underspecified,6,dev_1651,no,YES,yes,yes,Incorrect,0.5381
underspecified,6,dev_0072,yes,NO,no,no,Incorrect,0.5358999999999999
underspecified,6,dev_0258,yes,"Yes. In Wisconsin, you can buy alcohol on Sundays. Wisconsin is one of",yes,yes,Correct,0.539
underspecified,6,dev_0286,yes,YES. An administrative law judge is a real judge who presides over administrative hearings,yes,yes,Correct,0.5388999999999999
underspecified,6,dev_0348,yes,NO  Would you like to know more about the laws regarding exotic pets in the,no,no,Incorrect,0.5384
underspecified,6,dev_0467,yes,"NO. While both documents are related to birth, a certification of birth is a",no,no,Incorrect,0.5372
underspecified,6,dev_0515,yes,"NO. A restraining order is typically used to protect against physical harm or harassment,",no,no,Incorrect,0.5417000000000001
underspecified,6,dev_0562,yes,I don't know,i,idk,IDK,0.5374
underspecified,6,dev_0636,yes,"NO. In California, you need to obtain a Concealed Carry Weapons (CC",no,no,Incorrect,0.5356000000000001
underspecified,6,dev_0740,yes,NO.,no,no,Incorrect,0.5404
underspecified,6,dev_0838,yes,NO  Is there anything else I can help you with?,no,no,Incorrect,0.5627000000000001
underspecified,6,dev_0864,yes,"YES. In Ohio, residents with a Concealed Handgun License (CHL",yes,yes,Correct,0.5381
underspecified,6,dev_0873,yes,NO. A learner's permit typically allows you to practice driving under the supervision of,no,no,Incorrect,0.5428
underspecified,6,dev_0901,yes,"YES. Driving over a median is generally considered illegal and can be hazardous, as",yes,yes,Correct,0.5377000000000001
underspecified,6,dev_0909,yes,I don't know,i,idk,IDK,0.5364
underspecified,6,dev_1134,yes,"YES. New York State is a common law state, which means that its legal",yes,yes,Correct,0.5426
underspecified,6,dev_0198,no,"Yes. In New Hampshire, you need a concealed carry permit to carry a handgun",yes,yes,Incorrect,0.5388999999999999
underspecified,6,dev_0215,no,NO,no,no,Correct,0.539
underspecified,6,dev_0223,no,YES. Recording covers of songs without permission from the copyright holder can be considered copyright,yes,yes,Incorrect,0.5423
underspecified,6,dev_0234,no,"NO. The age of consent is typically 16 or 17 years old,",no,no,Correct,0.5382
underspecified,6,dev_0272,no,NO. The Taconic State Parkway is a limited-access parkway in New,no,no,Correct,0.5382
underspecified,6,dev_0453,no,"NO. In the United States, incest laws prohibit marriage between close family members,",no,no,Correct,0.5393
underspecified,6,dev_0499,no,NO.  Puerto Rico is a US territory and does not have voting representation in,no,no,Correct,0.5378999999999999
underspecified,6,dev_0552,no,"NO. In most correctional facilities, inmates are not allowed to have their personal",no,no,Correct,0.5398999999999999
underspecified,6,dev_0680,no,YES,yes,yes,Incorrect,0.5367999999999999
underspecified,6,dev_0738,no,"YES. Taiwan is a member of the Paris Convention, which is an international treaty",yes,yes,Incorrect,0.5388999999999999
underspecified,6,dev_0771,no,I don't know,i,idk,IDK,0.5408
underspecified,6,dev_0888,no,YES (Note: This answer may vary depending on the country or jurisdiction. In,yes,yes,Incorrect,0.5382
underspecified,6,dev_1135,no,No.,no,no,Correct,0.5388999999999999
underspecified,6,dev_1188,no,"NO.  In the United States, for example, federal law prohibits individuals who",no,no,Correct,0.5392
underspecified,6,dev_0339,yes,NO. A military ID alone is not sufficient to enter Canada. You will need,no,no,Incorrect,0.5522999999999999
underspecified,6,dev_0357,yes,I don't know,i,idk,IDK,0.5497000000000001
underspecified,6,dev_0498,yes,"Yes. According to the Florida Constitution, a person must be at least 21",yes,yes,Correct,0.5735
underspecified,6,dev_0620,yes,"YES. The United Nations has intervened in several conflicts involving Pakistan, including the Kashmir",yes,yes,Correct,0.5535
underspecified,6,dev_0878,yes,I don't know. The relationship between the national government and the federal government can,i,idk,IDK,0.5478
underspecified,6,dev_1864,yes,NO,no,no,Incorrect,0.5535
underspecified,6,dev_2080,yes,NO. The United States Coast Guard is a unique branch of the U.S.,no,no,Incorrect,0.5517000000000001
underspecified,6,dev_2395,yes,"NO. In Australia, for example, the Governor-General only gives Royal Assent",no,no,Incorrect,0.5497000000000001
underspecified,6,dev_2639,yes,YES. Canada is a member of the United Nations,yes,yes,Correct,0.5408
underspecified,6,dev_3155,yes,YES,yes,yes,Correct,0.5392
underspecified,6,dev_3209,yes,YES. The United States Naval Academy is a four-year service academy that prepares young,yes,yes,Correct,0.5408
underspecified,6,dev_0209,no,"I don't know. However, Israel has a free trade agreement with the E",i,idk,IDK,0.5223
underspecified,6,dev_0273,no,"YES. The George Washington Bridge is a toll bridge, and drivers are required to",yes,yes,Incorrect,0.5398999999999999
underspecified,6,dev_0404,no,"YES. Puerto Rico is a territory of the United States, and as such,",yes,yes,Incorrect,0.5433
underspecified,6,dev_0567,no,NO.,no,no,Correct,0.5411
underspecified,6,dev_0675,no,YES. Saudi Arabia signed the Universal Declaration of,yes,yes,Incorrect,0.5408
underspecified,6,dev_1172,no,"NO. Turkey is a candidate country for EU membership, but it has not yet",no,no,Correct,0.5441
underspecified,6,dev_1275,no,NO.,no,no,Correct,0.5398999999999999
underspecified,6,dev_1971,no,NO. Bosnia and Herzegovina is a country that has applied for membership in,no,no,Correct,0.5413
underspecified,6,dev_2001,no,"NO. The presidential pardon power only applies to federal crimes, and state crimes are",no,no,Correct,0.5413
underspecified,6,dev_3004,no,NO,no,no,Correct,0.5407000000000001
underspecified,6,dev_3256,no,"I don't know.  There may be cameras on some traffic lights, but",i,idk,IDK,0.5407000000000001
underspecified,6,dev_1132,yes,No,no,no,Incorrect,0.5416
underspecified,6,dev_1233,yes,"YES. In an adiabatic process, there is no heat transfer between",yes,yes,Correct,0.5413
underspecified,6,dev_1511,yes,NO,no,no,Incorrect,0.5405
underspecified,6,dev_1633,yes,"NO. While both are acetone, they may have different formulations and concentrations suitable",no,no,Incorrect,0.5434
underspecified,6,dev_2007,yes,NO. Liquefied petroleum gas (LPG) is a mixture of,no,no,Incorrect,0.5434
underspecified,6,dev_2214,yes,"NO (in the classical sense, there is no such thing as dry water,",no,no,Incorrect,0.5394
underspecified,6,dev_2239,yes,YES.  The speed of sound in a medium is generally constant at a given,yes,yes,Correct,0.5487000000000001
underspecified,6,dev_2299,yes,"NO. Typically, rain requires clouds to form, as clouds are the",no,no,Incorrect,0.5517000000000001
underspecified,6,dev_2303,yes,YES. All life on Earth is based on a set of essential elements that are,yes,yes,Correct,0.5432
underspecified,6,dev_2477,yes,"NO. The set of natural numbers (N) includes positive integers (1,",no,no,Incorrect,0.5457000000000001
underspecified,6,dev_2993,yes,"NO. While both terms refer to exceptional memory abilities, they are not exactly the",no,no,Incorrect,0.5407000000000001
underspecified,6,dev_3126,yes,YES,yes,yes,Correct,0.5531
underspecified,6,dev_3188,yes,NO.  The turkey vulture (Cathartes aura) and the,no,no,Incorrect,0.551
underspecified,6,dev_3193,yes,YES,yes,yes,Correct,0.5495
underspecified,6,dev_3234,yes,Yes.,yes,yes,Correct,0.5525
underspecified,6,dev_3265,yes,NO. The Titius–Bode rule is an empirical rule that was proposed,no,no,Incorrect,0.552
underspecified,6,dev_0001,no,"YES. Ethanol production requires a significant amount of energy, which is often generated",yes,yes,Incorrect,0.5738
underspecified,6,dev_0579,no,"YES. The shape of the seashell acts as a resonator, ampl",yes,yes,Incorrect,0.5518
underspecified,6,dev_1003,no,YES. Least squares is a method used to estimate the parameters of a linear regression,yes,yes,Incorrect,0.5497000000000001
underspecified,6,dev_1483,no,"NO. A meter stick measures lengths in meters, whereas a yardstick measures lengths",no,no,Correct,0.5498
underspecified,6,dev_1551,no,"NO. Australia is not part of the Ring of Fire, which is a zone",no,no,Correct,0.5512999999999999
underspecified,6,dev_1702,no,NO.  Pterodactyl and Pteranodon are both flying,no,no,Correct,0.552
underspecified,6,dev_1925,no,"NO

Percent difference and percent change are related but not the same. Percent difference",no,no,Correct,0.5495
underspecified,6,dev_2025,no,"NO. The load is typically the weight or force being lifted or moved, and",no,no,Correct,0.5487000000000001
underspecified,6,dev_2312,no,"NO (Turpentine is a solvent derived from pine resin, while",no,no,Correct,0.5495
underspecified,6,dev_2471,no,YES,yes,yes,Incorrect,0.5637000000000001
underspecified,6,dev_2521,no,I don't know,i,idk,IDK,0.5491
underspecified,6,dev_2782,no,YES. The hydronium ion (H3O+) and,yes,yes,Incorrect,0.5482
underspecified,6,dev_2812,no,YES. The ocean is denser and saltier at the bottom due to the,yes,yes,Incorrect,0.5684
underspecified,6,dev_3014,no,"NO. At the Equator, the length of the day remains relatively constant throughout",no,no,Correct,0.549
underspecified,6,dev_3034,no,,,other,NC,0.5484
underspecified,6,dev_3159,no,"NO. While both are rodents and share some similarities, they belong to different genera",no,no,Correct,0.5498
underspecified,6,dev_3190,no,NO.  Mahi-mahi and ahi tuna are two different species of,no,no,Correct,0.5514
underspecified,6,dev_0682,yes,I don't know. While both sermons and homilies are forms of religious,i,idk,IDK,0.5515
underspecified,6,dev_0735,yes,"YES. In the United States, secondary school and high school are often used interchange",yes,yes,Correct,0.5494
underspecified,6,dev_1505,yes,YES.,yes,yes,Correct,0.5569
underspecified,6,dev_1668,yes,"YES. In the Church of England (Anglican) tradition, worshippers",yes,yes,Correct,0.5473
underspecified,6,dev_2373,yes,"NO. ""Lord of All Hopefulness"" is actually a Christian hymn that",no,no,Incorrect,0.5477000000000001
underspecified,6,dev_2793,yes,YES. Eastern Kentucky University is a Division I school. They are members of the,yes,yes,Correct,0.5506
underspecified,6,dev_2929,yes,"NO. While both fields are concerned with the development and growth of children, child",no,no,Incorrect,0.5478999999999999
underspecified,6,dev_0605,no,NO. Brigham Young University (BYU) is a private university owned by The,no,no,Correct,0.5488999999999999
underspecified,6,dev_0908,no,"I don't know.  I am a large language model, I do not",i,idk,IDK,0.5608
underspecified,6,dev_1388,no,NO,no,no,Correct,0.5589
underspecified,6,dev_1521,no,"NO.  Sweden does not pay students to attend school. However, students may",no,no,Correct,0.5582999999999999
underspecified,6,dev_2334,no,NO,no,no,Correct,0.5488
underspecified,6,dev_2641,no,I don't know. The rules for double-barrel surnames can vary,i,idk,IDK,0.5541
underspecified,6,dev_0347,yes,YES.,yes,yes,Correct,0.5502
underspecified,6,dev_0411,yes,"I don't know. The Redskins have used various defensive schemes over the years,",i,idk,IDK,0.5485
underspecified,6,dev_0439,yes,"YES, the Milwaukee Brewers have appeared in the World Series twice: in 198",yes,yes,Correct,0.5495
underspecified,6,dev_0452,yes,YES.,yes,yes,Correct,0.5532
underspecified,6,dev_0585,yes,"NO. In rugby league, the scrum is formed with the feet of the",no,no,Incorrect,0.5474
underspecified,6,dev_0656,yes,NO,no,no,Incorrect,0.5468
underspecified,6,dev_0661,yes,YES.  The KSI vs. Logan Paul fight was a pay-per-view,yes,yes,Correct,0.549
underspecified,6,dev_0701,yes,"NO. While the Kentucky Derby is held in May, it is typically the first",no,no,Incorrect,0.5466
underspecified,6,dev_0704,yes,"YES. Wayne Gretzky, also known as ""The Great One"", won",yes,yes,Correct,0.5488
underspecified,6,dev_0752,yes,NO,no,no,Incorrect,0.5483
underspecified,6,dev_0848,yes,"NO. In most professional sports leagues, free agent signings are typically restricted to specific",no,no,Incorrect,0.5483
underspecified,6,dev_0883,yes,YES. The Boston Red Sox came back from 3-1 in the,yes,yes,Correct,0.547
underspecified,6,dev_1143,yes,YES,yes,yes,Correct,0.5481
underspecified,6,dev_1305,yes,NO. A school can only be classified as one division (e.g,no,no,Incorrect,0.5496
underspecified,6,dev_1497,yes,YES. Alphonse Areola played in the 2018 World Cup.,yes,yes,Correct,0.5488999999999999
underspecified,6,dev_1777,yes,"NO, away goals do not count in league playoffs, they count in knockout tournaments",no,no,Incorrect,0.5494
underspecified,6,dev_2250,yes,YES,yes,yes,Correct,0.548
underspecified,6,dev_2370,yes,I don't know. I am not aware of any specific information about this particular,i,idk,IDK,0.5527000000000001
underspecified,6,dev_0083,no,NO,no,no,Correct,0.5492999999999999
underspecified,6,dev_0085,no,NO.,no,no,Correct,0.5478
underspecified,6,dev_0170,no,I don't know. I'd need more information to provide an accurate answer.,i,idk,IDK,0.5542
underspecified,6,dev_0230,no,"NO. In Little League, a batter is automatically out on a third strike,",no,no,Correct,0.5506
underspecified,6,dev_0412,no,NO.,no,no,Correct,0.5522999999999999
underspecified,6,dev_0421,no,I don't know. The rules for the Golden Boot award vary from year to,i,idk,IDK,0.552
underspecified,6,dev_0447,no,"YES, Panama has qualified for the FIFA World Cup once, in 2018",yes,yes,Incorrect,0.5498
underspecified,6,dev_0544,no,"YES. Trinity Forest Golf Club is a public golf course located in Dallas, Texas",yes,yes,Incorrect,0.5516
underspecified,6,dev_0565,no,NO.  A walk is not counted in the batting average.  A walk,no,no,Correct,0.5502
underspecified,6,dev_0589,no,"NO. According to the official FIBA (International Basketball Federation) rules,",no,no,Correct,0.5504
underspecified,6,dev_0593,no,NO,no,no,Correct,0.5508
underspecified,6,dev_0859,no,NO  The U.S. Open is typically played on a different course,no,no,Correct,0.5505
underspecified,6,dev_0865,no,NO. (Note: The San Jose Sharks are a professional ice hockey team based,no,no,Correct,0.5526
underspecified,6,dev_1518,no,"NO.  The 2018 World Cup was held in Russia, but some",no,no,Correct,0.5511
underspecified,6,dev_1768,no,YES,yes,yes,Incorrect,0.5492
underspecified,6,dev_1779,no,NO,no,no,Correct,0.5507000000000001
underspecified,6,dev_1905,no,NO,no,no,Correct,0.5498999999999999
underspecified,6,dev_2156,no,"YES. The New York Yankees won the World Series in 2001, defeating",yes,yes,Incorrect,0.5516
underspecified,6,dev_2158,no,"YES. The Cincinnati Bengals have appeared in two Super Bowls, but have not",yes,yes,Incorrect,0.5509
underspecified,6,dev_2798,no,NO.  The Super Bowl loser does not receive a ring.  The Super,no,no,Correct,0.5512999999999999
underspecified,6,dev_3138,no,YES. The Olympic gold medal is made of 92.5% silver and,yes,yes,Incorrect,0.55
underspecified,6,dev_0307,yes,NO. 700c tires are designed for road bikes and other types of bikes,no,no,Incorrect,0.5521
underspecified,6,dev_0506,yes,NO,no,no,Incorrect,0.5336000000000001
underspecified,6,dev_0641,yes,I don't know. The interchangeability of parts between different firearm models depends on,i,idk,IDK,0.5361
underspecified,6,dev_0844,yes,NO,no,no,Incorrect,0.5507000000000001
underspecified,6,dev_1032,yes,NO.  The 844 prefix is actually reserved for toll-free numbers in the,no,no,Incorrect,0.551
underspecified,6,dev_1574,yes,"NO. Apple Lightning cables do not have a chip in them. However, some",no,no,Incorrect,0.5767
underspecified,6,dev_1889,yes,"NO. The Mazda Tribute and Ford Escape are similar, but not identical vehicles.",no,no,Incorrect,0.5506
underspecified,6,dev_2093,yes,NO,no,no,Incorrect,0.5497000000000001
underspecified,6,dev_2213,yes,I don't know. The cost of calling a U.S. toll-free number,i,idk,IDK,0.5512999999999999
underspecified,6,dev_2735,yes,YES,yes,yes,Correct,0.5345
underspecified,6,dev_2836,yes,NO  The F-4 Phantom is a retired fighter jet that was,no,no,Incorrect,0.552
underspecified,6,dev_0788,no,NO. MiniDV tapes and 8mm tapes are different types of video recording,no,no,Correct,0.5509
underspecified,6,dev_0798,no,"NO. 

Would you",no,no,Correct,0.5527000000000001
underspecified,6,dev_1249,no,"YES. In C++, strings do not need to be null-terminated, as",yes,yes,Incorrect,0.5511
underspecified,6,dev_1458,no,YES,yes,yes,Incorrect,0.5492
underspecified,6,dev_1584,no,YES. The GMC Avalanche is a mid-size pickup truck that was produced by General,yes,yes,Incorrect,0.5525
underspecified,6,dev_1589,no,"NO. A SIM-free phone does not lock to a network, as it is",no,no,Correct,0.5508
underspecified,6,dev_1657,no,NO,no,no,Correct,0.5514
underspecified,6,dev_1691,no,NO.,no,no,Correct,0.5511
underspecified,6,dev_1943,no,YES,yes,yes,Incorrect,0.5538
underspecified,6,dev_2682,no,"NO. E-ZPass and EZ TAG are two different electronic toll collection systems,",no,no,Correct,0.5506
underspecified,6,dev_2712,no,I don't know,i,idk,IDK,0.5519
underspecified,6,dev_0427,no,NO.  The Barber of Seville is an opera by Gioachino Ross,no,no,Correct,0.5497000000000001
underspecified,6,dev_0531,no,"NO. Smaug is one of the most famous dragons in Middle-earth,",no,no,Correct,0.5515
underspecified,6,dev_1915,no,"NO. The Hunchback of Notre-Dame, a novel by Victor Hugo",no,no,Correct,0.5502
underspecified,6,dev_1946,no,NO.  Snake Eyes and Storm Shadow are two distinct characters in the G.I,no,no,Correct,0.5525
underspecified,6,dev_2024,no,"NO. Typically, the table of contents comes before the foreword in the book",no,no,Correct,0.5496
underspecified,6,dev_2265,no,NO. G major and E minor are two different chords with different pitches and functions,no,no,Correct,0.5508
underspecified,6,dev_0004,yes,YES,yes,yes,Correct,0.5498
underspecified,6,dev_0241,yes,NO.,no,no,Incorrect,0.5565
underspecified,6,dev_0326,yes,YES.,yes,yes,Correct,0.55
underspecified,6,dev_0525,yes,YES,yes,yes,Correct,0.5501
underspecified,6,dev_0577,yes,YES,yes,yes,Correct,0.568
underspecified,6,dev_0799,yes,YES. Contestants on Jeopardy! do win the money they accumulate throughout,yes,yes,Correct,0.5532999999999999
underspecified,6,dev_0142,no,"NO. Denatured alcohol and acetone are not the same thing, although",no,no,Correct,0.5532
underspecified,6,dev_0494,no,"NO. In biology, fitness refers to the ability of an individual to",no,no,Correct,0.5507000000000001
underspecified,6,dev_0527,no,NO  HeLa cells are an immortalized cell line that was derived from a,no,no,Correct,0.5524
underspecified,6,dev_0566,no,"NO.  Bacteria of a single species can exhibit varying shapes and forms,",no,no,Correct,0.5512
underspecified,6,dev_0648,no,"NO 
Evergreen trees typically keep their leaves year-round and do not",no,no,Correct,0.5511
underspecified,6,dev_0668,no,"I don't know. Red-eared sliders are a type of freshwater turtle,",i,idk,IDK,0.551
underspecified,6,dev_0749,no,"YES. Sensory neurons are indeed part of the central nervous system, as they",yes,yes,Incorrect,0.5585
underspecified,6,dev_0790,no,NO. Great white sharks are apex predators that are found in coastal and offshore waters,no,no,Correct,0.5509
underspecified,6,dev_0867,no,No. The same genotype does not always result in the same phenotype. Environmental factors,no,no,Correct,0.551
underspecified,6,dev_0921,no,NO.  Whale sharks are filter feeders that feed on plankton and small,no,no,Correct,0.5527000000000001
underspecified,6,dev_1088,no,NO. Rabbits and cats are different species and are not capable of producing viable,no,no,Correct,0.5515
underspecified,6,dev_1329,no,YES. The earlobe contains a small bone called the malleus. However,yes,yes,Incorrect,0.5526
underspecified,6,dev_1402,no,NO. Tissue is typically composed of multiple cell types that work together to perform,no,no,Correct,0.5505
underspecified,6,dev_1428,no,"NO. Sweat glands are part of the integumentary system, which is responsible",no,no,Correct,0.5514
underspecified,6,dev_1439,no,"NO. Groundhogs and moles are both rodents, but they belong to",no,no,Correct,0.5529
underspecified,6,dev_0020,yes,Yes. Magnesium citrate is a compound that contains both magnesium and citric,yes,yes,Correct,0.5545
underspecified,6,dev_0027,yes,"YES.  Feathers in birds, including penguins, arise from the ep",yes,yes,Correct,0.5542999999999999
underspecified,6,dev_0047,yes,YES. The turkey vulture (Cathartes aura) is a real,yes,yes,Correct,0.5509
underspecified,6,dev_0070,yes,"YES. T. rex and Tyrannosaurus rex are the same, with",yes,yes,Correct,0.5516
underspecified,6,dev_0086,yes,"NO. While the terms ""German Shepherd"" and ""Alsatian"" are",no,no,Incorrect,0.5512999999999999
underspecified,6,dev_0121,yes,YES. St. Bernards and Bernese Mountain Dogs are both part of the,yes,yes,Correct,0.551
underspecified,6,dev_0131,yes,YES. Latent heat of vaporization is a function of temperature. As temperature,yes,yes,Correct,0.5508
underspecified,6,dev_0147,yes,"YES. The navel and belly button are the same thing, referring to the",yes,yes,Correct,0.5517000000000001
underspecified,6,dev_0159,yes,NO. A tree typically has a single main trunk or stem. In rare cases,no,no,Incorrect,0.5529
underspecified,6,dev_0190,yes,YES. Honeybees (Apis mellifera) are the only species of,yes,yes,Correct,0.5525
underspecified,6,dev_0195,yes,"YES. Alligators are known to drown their prey, typically by holding it underwater",yes,yes,Correct,0.551
underspecified,6,dev_0200,yes,"YES. Competitive inhibitors bind to the active site of an enzyme, which is the",yes,yes,Correct,0.5514
underspecified,6,dev_0214,yes,"YES. Animal cells have a cell membrane, also known as a plasma membrane,",yes,yes,Correct,0.5505
underspecified,6,dev_0242,yes,YES. Both male and female bighorn sheep have horns. Female bigh,yes,yes,Correct,0.5326000000000001
underspecified,6,dev_0522,yes,Yes. Hornets have a barbed stinger that gets stuck in the skin after,yes,yes,Correct,0.5488999999999999
underspecified,6,dev_0033,no,NO. Federal income tax and Social Security tax are two separate types of taxes in,no,no,Correct,0.5532999999999999
underspecified,6,dev_0123,no,NO. Public limited companies are typically considered to be part of the public sector.,no,no,Correct,0.5507000000000001
underspecified,6,dev_0501,no,"NO. Comcast and Time Warner are two separate media corporations, although they have both",no,no,Correct,0.5528
underspecified,6,dev_0526,no,NO. Canadian dollars (CAD) and American dollars (USD) are two separate,no,no,Correct,0.5519
underspecified,6,dev_1076,no,NO,no,no,Correct,0.5512999999999999
underspecified,6,dev_1213,no,NO.  Discretionary income and disposable income are related but distinct concepts in,no,no,Correct,0.5504
underspecified,6,dev_1654,no,"YES (in the US, discouraged workers are counted as unemployed, but",yes,yes,Incorrect,0.551
underspecified,6,dev_1753,no,"NO. Universal Music Group is a separate company that is owned by Vivendi,",no,no,Correct,0.5535
underspecified,6,dev_1825,no,NO. A bank sort code is a unique six-digit code assigned to each bank,no,no,Correct,0.5529
underspecified,6,dev_2911,no,NO,no,no,Correct,0.5504
underspecified,6,dev_2740,no,"NO.  The Better Business Bureau is a private, non-profit organization that aims",no,no,Correct,0.5502999999999999
underspecified,6,dev_2517,no,NO,no,no,Correct,0.5532999999999999
underspecified,6,dev_1139,yes,YES.  New Mexico has a state income tax.  Would,yes,yes,Correct,0.574
underspecified,6,dev_0002,yes,NO. House tax and property tax are related but not the same. House tax,no,no,Incorrect,0.5531
underspecified,6,dev_0773,yes,"NO. A company can be private, but a public company typically implies that it",no,no,Incorrect,0.5766
underspecified,6,dev_1186,yes,YES.,yes,yes,Correct,0.5512999999999999
underspecified,6,dev_1302,yes,YES,yes,yes,Correct,0.5488
underspecified,6,dev_1349,yes,YES. NPV (Net Present Value) is a financial metric that accounts for,yes,yes,Correct,0.5529
underspecified,6,dev_1771,yes,NO. A news release and a press release are related but distinct concepts in the,no,no,Incorrect,0.552
underspecified,6,dev_1804,yes,Yes,yes,yes,Correct,0.5508
underspecified,6,dev_1873,yes,"NO (although both are grocery retailers, they are owned by different parent",no,no,Incorrect,0.5527000000000001
underspecified,6,dev_1963,yes,"YES. New Hampshire does not have a state sales tax. However, it does",yes,yes,Correct,0.5616
underspecified,6,dev_2582,yes,YES. A profit and loss statement and an income statement are essentially the,yes,yes,Correct,0.55
underspecified,6,dev_2598,yes,"YES. Hellmann's and Best Foods are the same company, as Best Foods",yes,yes,Correct,0.5531
underspecified,6,dev_3158,yes,"YES 

There is a direct link between economic development and social development,",yes,yes,Correct,0.5518
underspecified,6,dev_0551,no,NO.,no,no,Correct,0.5514
underspecified,6,dev_1158,no,NO,no,no,Correct,0.5511
underspecified,6,dev_1364,no,"YES. A jet engine is an external combustion engine, meaning that the combustion process",yes,yes,Incorrect,0.5522999999999999
underspecified,6,dev_1807,no,NO,no,no,Correct,0.5521
underspecified,6,dev_2542,no,NO. Father's Day is actually celebrated on the third Sunday of June in the,no,no,Correct,0.5541
underspecified,6,dev_2562,no,No,no,no,Correct,0.5517000000000001
underspecified,6,dev_3005,no,NO. The English Bull Terrier is a distinct breed with a unique appearance and,no,no,Correct,0.5541
underspecified,6,dev_3194,no,"NO. While both are types of tortilla-based snacks, corn chips are made",no,no,Correct,0.5508
underspecified,6,dev_3195,no,YES. A boarding pass is essentially a ticket that grants a passenger access to the,yes,yes,Incorrect,0.5516
underspecified,6,dev_0013,yes,I don't know. The suitability of washing your hair with shower gel depends on,i,idk,IDK,0.5512
underspecified,6,dev_0043,yes,YES. There are several interstate highways that go coast-to-coast in the United,yes,yes,Correct,0.5521
underspecified,6,dev_0052,yes,YES,yes,yes,Correct,0.5505
underspecified,6,dev_0091,yes,No.  A dessert spoon is typically larger than a tablespoon.  While the,no,no,Incorrect,0.5515
underspecified,6,dev_0116,yes,"YES. A father-in-law is considered a relative, specifically the father of one",yes,yes,Correct,0.553
underspecified,6,dev_0288,yes,YES  Would you,yes,yes,Correct,0.5508
underspecified,6,dev_0555,yes,NO,no,no,Incorrect,0.5529
underspecified,6,dev_0627,yes,No. The title 'Sir' is a British honorific traditionally conferred upon a,no,no,Incorrect,0.535
underspecified,6,dev_0831,yes,YES,yes,yes,Correct,0.5552999999999999
underspecified,6,dev_0721,no,NO.  Night of the Living Dead is a 1968 American independent horror,no,no,Correct,0.5527000000000001
underspecified,6,dev_0863,no,No.,no,no,Correct,0.5544
underspecified,6,dev_1357,no,NO. The View and The Talk are two separate television talk shows. The View,no,no,Correct,0.554
underspecified,6,dev_1951,no,"NO The Bridge on the River Kwai is a fictional story, but",no,no,Correct,0.5518
underspecified,6,dev_2131,no,YES,yes,yes,Incorrect,0.5534
underspecified,6,dev_2174,no,"NO. While Fear the Walking Dead is a spin-off of The Walking Dead,",no,no,Correct,0.5532
underspecified,6,dev_2252,no,NO. You don't have to be from America to be on America's Got,no,no,Correct,0.5526
underspecified,6,dev_2309,no,NO. Maleficent and the Evil Queen are two distinct fairy tale villains from,no,no,Correct,0.5524
underspecified,6,dev_2364,no,NO. The Outsiders movie is based on a novel of the same name by,no,no,Correct,0.5506
underspecified,6,dev_3075,no,"I don't know. Pulp Fiction is a work of fiction, but it",i,idk,IDK,0.553
underspecified,6,dev_3205,no,NO. Lady Bird is a 2017 American comedy-drama film directed by,no,no,Correct,0.5511
underspecified,6,dev_0015,yes,YES. Fantastic Beasts and Where to Find Them is a prequel to the,yes,yes,Correct,0.55
underspecified,6,dev_0153,yes,"YES. There is a movie adaptation of Margaret Atwood's novel ""The Hand",yes,yes,Correct,0.551
underspecified,6,dev_0161,yes,YES. The Night of the Hunter (1955) is a classic film noir,yes,yes,Correct,0.541
underspecified,6,dev_0306,yes,"YES. Grey's Anatomy is filmed at a real hospital, Providence St. Joseph",yes,yes,Correct,0.5375
underspecified,6,dev_0334,yes,YES. Wrath of the Titans is a sequel to Clash of the Titans. It,yes,yes,Correct,0.5362
underspecified,6,dev_0338,yes,"YES. Fear the Walking Dead and The Walking Dead are related, as they are",yes,yes,Correct,0.5378
underspecified,6,dev_0493,yes,I don't know. I couldn't find any information that confirms whether the Australian,i,idk,IDK,0.5378999999999999
underspecified,6,dev_0520,yes,YES. The Avengers: Age of Ultron (2015) was released after,yes,yes,Correct,0.5366000000000001
underspecified,6,dev_0212,no,"NO. Maple syrup is made from the sap of maple trees, but it requires",no,no,Correct,0.5388999999999999
underspecified,6,dev_0309,no,"NO. While they are related spices, ground coriander and cumin are",no,no,Correct,0.5367999999999999
underspecified,6,dev_0484,no,"YES. Salt water taffy typically contains salt water as an ingredient, which",yes,yes,Incorrect,0.5357999999999999
underspecified,6,dev_0654,no,NO.,no,no,Correct,0.5392
underspecified,6,dev_0973,no,NO,no,no,Correct,0.5357999999999999
underspecified,6,dev_1335,no,NO  Would you like to know,no,no,Correct,0.5362
underspecified,6,dev_1443,no,NO. A lungo is a type of coffee drink that is similar to an,no,no,Correct,0.5367000000000001
underspecified,6,dev_0284,yes,NO. Enameled cast iron cookware is coated with a layer of enamel,no,no,Incorrect,0.5368999999999999
underspecified,6,dev_0330,yes,NO. The white cover on Brie cheese is actually a type of mold called,no,no,Incorrect,0.5373
underspecified,6,dev_0443,yes,YES,yes,yes,Correct,0.5358999999999999
underspecified,6,dev_0975,yes,NO.,no,no,Incorrect,0.537
underspecified,6,dev_1741,yes,NO. While garbanzo beans and chickpeas are related and often used,no,no,Incorrect,0.5366000000000001
underspecified,6,dev_1770,yes,YES,yes,yes,Correct,0.5384
underspecified,6,dev_1860,no,NO.  Pinot Noir and Pinot Gris are two distinct grape varieties,no,no,Correct,0.5367999999999999
underspecified,6,dev_1967,yes,NO.,no,no,Incorrect,0.5476
underspecified,6,dev_0236,no,"NO. In poker, straights do not have to be the same suit.",no,no,Correct,0.5488
underspecified,6,dev_0741,no,I don't know. The answer to this question is actually NO. There is,i,idk,IDK,0.5525
underspecified,6,dev_1440,no,NO.,no,no,Correct,0.5492
underspecified,6,dev_2062,no,NO,no,no,Correct,0.551
underspecified,6,dev_2109,no,NO. Call of Duty: World at War is based on World War II.,no,no,Correct,0.5486
underspecified,6,dev_2137,no,"YES. In chess, a player can win the game by checkmating their",yes,yes,Incorrect,0.5732
underspecified,6,dev_0478,yes,YES,yes,yes,Correct,0.5498
underspecified,6,dev_0545,yes,YES,yes,yes,Correct,0.5752
underspecified,6,dev_1125,yes,YES. Need for Speed is a popular racing video game series that often features a,yes,yes,Correct,0.5502
underspecified,6,dev_1137,yes,I don't know,i,idk,IDK,0.5491
underspecified,6,dev_1162,yes,YES. The DS Lite is a Nintendo handheld game console that is capable of playing,yes,yes,Correct,0.5574
underspecified,6,dev_1177,yes,YES. Company of Heroes 2 has a single-player campaign where players can explore,yes,yes,Correct,0.5486
underspecified,6,dev_1444,yes,YES (through backwards compatibility),yes,yes,Correct,0.549
underspecified,6,dev_0313,no,NO. St. Kitts and Nevis is an independent country in the Caribbean,no,no,Correct,0.5508
underspecified,6,dev_0823,no,NO. The Ogallala Aquifer is a large and important aquifer in,no,no,Correct,0.5502999999999999
underspecified,6,dev_0839,no,NO. West Virginia was a part of Virginia until it became the 35th,no,no,Correct,0.5525
underspecified,6,dev_1222,no,NO. The Isle of Man is a self-governing British Crown dependency in,no,no,Correct,0.551
underspecified,6,dev_1254,no,NO. Sudan and South Sudan are two separate and independent countries. Sudan is a,no,no,Correct,0.5487000000000001
underspecified,6,dev_1269,no,NO. The Mississippi River flows into the Gulf of Mexico.,no,no,Correct,0.5491
underspecified,6,dev_1334,no,NO. Patagonia is a sparsely populated region at the southern end,no,no,Correct,0.5502
underspecified,6,dev_0184,yes,YES,yes,yes,Correct,0.5492
underspecified,6,dev_0322,yes,YES,yes,yes,Correct,0.549
underspecified,6,dev_0557,yes,YES  The Amazon River is a large river in South America that flows through Brazil,yes,yes,Correct,0.5611
underspecified,6,dev_0573,yes,YES. The Black Sea is connected to the Mediterranean Sea via the Bosphorus,yes,yes,Correct,0.5698
underspecified,6,dev_1179,yes,No.,no,no,Incorrect,0.566
underspecified,6,dev_0619,yes,"I can answer that question!

Yes, the state of Texas is bigger than Germany",i,yes,Correct,0.5622999999999999
underspecified,6,dev_0650,yes,"YES. New York City includes the 5 boroughs: Manhattan, Brooklyn,",yes,yes,Correct,0.5505
underspecified,6,dev_0734,yes,"YES, you can boat from Lake Erie to Lake Ontario via the Welland Canal",yes,yes,Correct,0.5492999999999999
underspecified,6,dev_0061,no,YES. EMT-Basic (Emergency Medical Technician - Basic) is a certification,yes,yes,Incorrect,0.5492
underspecified,6,dev_0124,no,"NO. While there are some government programs, such as Medicare and Medicaid, that",no,no,Correct,0.5622999999999999
underspecified,6,dev_0914,no,NO.  Stroke volume and ejection fraction are related but distinct cardiac measures.,no,no,Correct,0.5478999999999999
underspecified,6,dev_0955,no,NO. Mycosis fungoides is a type of cutaneous T-cell,no,no,Correct,0.5522999999999999
underspecified,6,dev_1610,no,NO. While both soft-tissue damage and sprains can occur in the mus,no,no,Correct,0.5511
underspecified,6,dev_1790,no,"NO. During implantation, the lining of the uterus (endometrium)",no,no,Correct,0.5487000000000001
underspecified,6,dev_2096,no,NO,no,no,Correct,0.5497000000000001
underspecified,6,dev_2277,no,NO. High dependency is typically a level of care that is more intensive than general,no,no,Correct,0.5507000000000001
underspecified,6,dev_2499,no,NO. A Doctor of Physical Therapy (DPT) is a doctoral degree that,no,no,Correct,0.5486
underspecified,6,dev_1959,yes,YES,yes,yes,Correct,0.5505
underspecified,6,dev_1992,yes,YES. Rabies can be transmitted from an infected person to another person through bites,yes,yes,Correct,0.5485
underspecified,6,dev_2047,yes,"YES. Organs in the digestive system, such as the liver, pancreas",yes,yes,Correct,0.552
underspecified,6,dev_1656,yes,"YES. Physical pain from a broken heart is a real phenomenon, often referred to",yes,yes,Correct,0.5629
underspecified,6,dev_1663,yes,Yes.,yes,yes,Correct,0.5327000000000001
underspecified,6,dev_1752,yes,YES. Triamcinolone cream is a topical corticosteroid that,yes,yes,Correct,0.551
underspecified,6,dev_2049,yes,"YES. The common femoral vein is a deep vein, located in the thigh",yes,yes,Correct,0.577
underspecified,6,dev_2050,yes,YES. Receptor upregulation and downregulation are mechanisms that can contribute,yes,yes,Correct,0.5502
underspecified,6,dev_1442,yes,"NO 
A lipid profile and a lipid panel are related but not the",no,no,Incorrect,0.5502
underspecified,6,dev_0301,no,NO. The Berlin Blockade was a Soviet effort to cut off Western powers',no,no,Correct,0.5367000000000001
underspecified,6,dev_0480,no,NO. The Articles of Confederation were replaced by the United States Constitution in,no,no,Correct,0.5375
underspecified,6,dev_1290,no,"NO. Nova Scotia was a British colony, but it was not one of the",no,no,Correct,0.5367999999999999
underspecified,6,dev_1819,no,"NO. The Czech Republic and Czechoslovakia are two different countries, with",no,no,Correct,0.539
underspecified,6,dev_2206,no,"NO. The Emancipation Proclamation, issued by President Abraham Lincoln in",no,no,Correct,0.5362
underspecified,6,dev_0376,yes,YES. William the Conqueror had a legitimate claim to the English throne through,yes,yes,Correct,0.5374
underspecified,6,dev_0346,yes,"YES. Helicopters were used in various capacities during the Second World War,",yes,yes,Correct,0.538
underspecified,6,dev_0363,yes,"NO. The 1971 American Silver Eagle coin does not exist, but the",no,no,Incorrect,0.5366000000000001
underspecified,6,dev_0535,yes,No. Austin has been the capital of Texas since 1839. Houston is,no,no,Incorrect,0.5357000000000001
underspecified,6,dev_0629,yes,YES. The 13th Amendment to the United States Constitution was ratified on December,yes,yes,Correct,0.5416
underspecified,6,dev_0179,no,NO.,no,no,Correct,0.5377000000000001
underspecified,6,dev_0402,no,"NO.  In the UK, polygamy is not legally recognized, and",no,no,Correct,0.5362
underspecified,6,dev_0513,no,NO. A purchase price alone is not typically considered to be proof of part performance,no,no,Correct,0.537
underspecified,6,dev_0606,no,NO,no,no,Correct,0.5373
underspecified,6,dev_0630,no,I don't know,i,idk,IDK,0.5367000000000001
underspecified,6,dev_0795,no,NO,no,no,Correct,0.5366000000000001
underspecified,6,dev_1457,no,"NO. The Civil Rights Act is a federal law passed by Congress, not part",no,no,Correct,0.5377000000000001
underspecified,6,dev_1776,no,"NO, an Employment Authorization Document (EAD) is a document that allows a",no,no,Correct,0.5373
underspecified,6,dev_1862,no,I don't know. The FCC's equal-time rule typically applies to broadcast media,i,idk,IDK,0.5364
underspecified,6,dev_1911,no,"No.  U.S. Supreme Court justices serve for life, but they can",no,no,Correct,0.5394
underspecified,6,dev_2755,no,NO.,no,no,Correct,0.5366000000000001
underspecified,6,dev_2756,no,"YES. The Bill of Rights, which consists of the first 10 amendments to",yes,yes,Incorrect,0.5497000000000001
underspecified,6,dev_2921,no,I don't know,i,idk,IDK,0.5512
underspecified,6,dev_2972,no,NO,no,no,Correct,0.5525
underspecified,6,dev_0009,yes,YES,yes,yes,Correct,0.5486
underspecified,6,dev_0038,yes,NO. Recording a cover of a song without permission from the original copyright holder is,no,no,Incorrect,0.5491
underspecified,6,dev_0129,yes,"NO.  In Florida, the sale of firearms is regulated, and most sales",no,no,Incorrect,0.5544
underspecified,6,dev_0202,yes,I don't know. The classification of breaking and entering into a car as a,i,idk,IDK,0.5488
underspecified,6,dev_0308,yes,"YES. In most jurisdictions, it is illegal for minors (people under a certain",yes,yes,Correct,0.5531
underspecified,6,dev_0584,yes,YES (The First Amendment is the first of the ten amendments that make,yes,yes,Correct,0.5498
underspecified,6,dev_0644,yes,"Yes. In most jurisdictions, drivers are required to yield to emergency vehicles, including",yes,yes,Correct,0.5509
underspecified,6,dev_0653,yes,YES. The Family and Medical Leave Act (FMLA) is a federal law,yes,yes,Correct,0.5504
underspecified,6,dev_0671,yes,YES.,yes,yes,Correct,0.5494
underspecified,6,dev_0757,yes,"YES. Stealing a street sign is considered theft, which is a criminal offense",yes,yes,Correct,0.5522999999999999
underspecified,6,dev_1059,yes,"NO. The Supreme Court can review the constitutionality of an executive order, but",no,no,Incorrect,0.5502999999999999
underspecified,6,dev_1067,yes,Yes.,yes,yes,Correct,0.5501
underspecified,6,dev_1097,yes,YES,yes,yes,Correct,0.5505
underspecified,6,dev_1131,yes,"No. Illinois has a duty to retreat law, which requires individuals to retreat if",no,no,Incorrect,0.5506
underspecified,6,dev_1324,yes,"NO.  A flask is typically a closed container, whereas an open container is",no,no,Incorrect,0.5502
underspecified,6,dev_0305,no,"NO. Language is one of the criteria, but not the only one. The",no,no,Correct,0.5491
underspecified,6,dev_0465,no,No. The National Guard is part of the Army and Air Force. The Coast,no,no,Correct,0.5511
underspecified,6,dev_0508,no,No. The 22nd Amendment to the United States Constitution limits a president to,no,no,Correct,0.5501
underspecified,6,dev_0518,no,"YES. The Department of Justice is a part of the executive branch, but it",yes,yes,Incorrect,0.5779
underspecified,6,dev_0572,no,"NO. While a senator is a type of legislator, not all legislators are",no,no,Correct,0.5492999999999999
underspecified,6,dev_0898,no,"NO.  In Canada, permanent residents do not have the right to vote in",no,no,Correct,0.5496
underspecified,6,dev_1154,no,"NO. The number of justices on the Supreme Court has varied over time, with",no,no,Correct,0.5494
underspecified,6,dev_1221,no,"I don't know. Filibusters are typically associated with the Senate, where",i,idk,IDK,0.5494
underspecified,6,dev_1244,no,"NO. Canada and Australia are Commonwealth realms, but they are independent countries and not",no,no,Correct,0.5488999999999999
underspecified,6,dev_1245,no,I don't know.  Turkey is not a member of the European Economic Area,i,idk,IDK,0.5498999999999999
underspecified,6,dev_1273,no,"No.  Guam is a separate U.S. territory, located in the Pacific",no,no,Correct,0.551
underspecified,6,dev_0647,yes,"YES. Every nation-state has a national government, which is the supreme",yes,yes,Correct,0.562
underspecified,6,dev_0254,yes,YES,yes,yes,Correct,0.5505
underspecified,6,dev_0486,yes,YES,yes,yes,Correct,0.5473
underspecified,6,dev_0736,yes,YES,yes,yes,Correct,0.5529
underspecified,6,dev_0814,yes,NO,no,no,Incorrect,0.548
underspecified,6,dev_1477,yes,YES,yes,yes,Correct,0.5498999999999999
underspecified,6,dev_1721,yes,"YES. There are several U.S. military bases in the UK, including RAF",yes,yes,Correct,0.5502999999999999
underspecified,6,dev_1786,yes,"YES. New York City still has rent control, which is a program that limits",yes,yes,Correct,0.5506
underspecified,6,dev_1970,yes,YES. A state ID is a government-issued identification card that is issued by,yes,yes,Correct,0.5475
underspecified,6,dev_1985,yes,Yes.,yes,yes,Correct,0.5509
underspecified,6,dev_2448,no,NO. Puerto Rico is a U.S. territory and does not have voting representation,no,no,Correct,0.5511
underspecified,6,dev_0066,yes,"NO. In a triangle, at least one angle must be obtuse (greater",no,no,Incorrect,0.5521
underspecified,6,dev_0088,yes,"YES, according to Einstein's famous equation E=mc², it is possible",yes,yes,Correct,0.5654
underspecified,6,dev_0196,yes,YES,yes,yes,Correct,0.5509
underspecified,6,dev_0262,yes,YES. A real image can be projected onto a screen.,yes,yes,Correct,0.5496
underspecified,6,dev_0271,yes,"YES. In statistics, an outcome variable and a dependent variable are often used interchange",yes,yes,Correct,0.5494
underspecified,6,dev_0329,yes,"YES. The Sun, along with the rest of the solar system, orbits around",yes,yes,Correct,0.5517000000000001
underspecified,6,dev_0331,yes,"YES. A wheel and axle is considered a simple machine, as it changes the",yes,yes,Correct,0.5506
underspecified,6,dev_0387,yes,YES,yes,yes,Correct,0.5502
underspecified,6,dev_0418,yes,"YES. It is possible to have thunder and lightning while snowing, although it",yes,yes,Correct,0.55
underspecified,6,dev_0616,yes,Yes. Bicarb soda and baking soda are the same. They both refer,yes,yes,Correct,0.5517000000000001
underspecified,6,dev_0638,yes,"Yes. A rhombus is a type of parallelogram, and all",yes,yes,Correct,0.5474
underspecified,6,dev_0657,yes,NO,no,no,Incorrect,0.5483
underspecified,6,dev_0692,yes,YES,yes,yes,Correct,0.5477000000000001
underspecified,6,dev_0744,yes,"YES. A polynomial can have a square root of a variable, as long as",yes,yes,Correct,0.5498999999999999
underspecified,6,dev_0797,yes,"YES. Average velocity is a vector quantity, which means it has both magnitude and",yes,yes,Correct,0.5566
underspecified,6,dev_0842,yes,YES,yes,yes,Correct,0.5488999999999999
underspecified,6,dev_1379,yes,"YES. Talc and talcum powder are essentially the same thing,",yes,yes,Correct,0.5507000000000001
underspecified,6,dev_0126,no,"NO. According to the theory of special relativity, nothing with mass can reach",no,no,Correct,0.5507000000000001
underspecified,6,dev_0342,no,"NO. The speed of sound varies depending on the material it is passing through,",no,no,Correct,0.5475
underspecified,6,dev_0437,no,"NO. While the full moon can occur in the summer season, it is not",no,no,Correct,0.5498999999999999
underspecified,6,dev_0553,no,"NO. In a parallelogram, opposite angles are equal, but adjacent angles",no,no,Correct,0.5506
underspecified,6,dev_0652,no,NO,no,no,Correct,0.548
underspecified,6,dev_0708,no,NO. A perfect square is always a non-negative number.,no,no,Correct,0.5317000000000001
underspecified,6,dev_1083,no,NO. Carbon-14 dating is a method used to determine the age of organic,no,no,Correct,0.5495
underspecified,6,dev_1142,no,"NO. According to the principles of quantum mechanics, entanglement does not allow",no,no,Correct,0.5501
underspecified,6,dev_1354,no,NO.  The depth of the water table can vary depending on factors such as,no,no,Correct,0.5488
underspecified,6,dev_1460,no,NO.,no,no,Correct,0.5478999999999999
underspecified,6,dev_1468,no,NO. Sodium lactate and lactic acid are related but not the same compound,no,no,Correct,0.5512999999999999
underspecified,6,dev_1559,no,NO. log x is typically used to denote the common logarithm (base,no,no,Correct,0.5465
underspecified,6,dev_1595,no,NO,no,no,Correct,0.5488999999999999
underspecified,6,dev_1643,no,NO,no,no,Correct,0.5496
underspecified,6,dev_1692,no,"NO 

Atmospheric pressure is not always 1 atm. It",no,no,Correct,0.5497000000000001
underspecified,6,dev_1726,no,NO. The vagus nerve is part of the peripheral nervous system (PNS,no,no,Correct,0.5516
underspecified,6,dev_0008,yes,YES.,yes,yes,Correct,0.5477000000000001
underspecified,6,dev_0323,yes,Yes. The Song of Solomon and the Song of Songs are the same book in,yes,yes,Correct,0.5482
underspecified,6,dev_0794,yes,Yes. Erving Goffman is associated with the dramaturgical model,yes,yes,Correct,0.5494
underspecified,6,dev_0866,yes,YES. There are several words in the English language where Q is not followed by,yes,yes,Correct,0.5471
underspecified,6,dev_0910,yes,YES. The Dewey Decimal System is still widely used in many libraries around the,yes,yes,Correct,0.5471
underspecified,6,dev_0992,yes,Yes.,yes,yes,Correct,0.5484
underspecified,6,dev_1446,yes,NO. While the Church of England and the Anglican Church share a common history,no,no,Incorrect,0.547
underspecified,6,dev_0294,no,NO. Australian Sign Language (Auslan) and American Sign Language (ASL,no,no,Correct,0.5474
underspecified,6,dev_0521,no,"NO. The word ""kangaroo"" is actually an indigenous Australian word,",no,no,Correct,0.5478
underspecified,6,dev_0943,no,"NO. The Book of Deuteronomy is actually part of the Old Testament,",no,no,Correct,0.5471
underspecified,6,dev_1887,no,NO. The Persian (Farsi) alphabet is a variant of the Arabic alphabet,no,no,Correct,0.5462
underspecified,6,dev_2892,no,NO. While both languages are part of the Goidelic branch of the Celtic,no,no,Correct,0.5492
underspecified,6,dev_2691,no,NO,no,no,Correct,0.5471
underspecified,6,dev_0065,yes,YES. Many players from the 1980 US hockey team went on to play,yes,yes,Correct,0.5466
underspecified,6,dev_0245,yes,"NO. In American football, a player can only pass the ball once on a",no,no,Incorrect,0.5475
underspecified,6,dev_0315,yes,NO.,no,no,Incorrect,0.5475
underspecified,6,dev_0361,yes,"YES. Chewing tobacco is banned in Major League Baseball, as per the league",yes,yes,Correct,0.548
underspecified,6,dev_0550,yes,"YES. In baseball history, there have been several instances of tie games, although",yes,yes,Correct,0.5466
underspecified,6,dev_0595,yes,"YES. The Ivy League has a basketball tournament, known as the Ivy League Men",yes,yes,Correct,0.5468
underspecified,6,dev_0966,yes,"NO. The round of 16 in the World Cup is not single elimination,",no,no,Incorrect,0.5475
underspecified,6,dev_1078,yes,NO.  Every NHL team has won the Stanley Cup at least once in their,no,no,Incorrect,0.5465
underspecified,6,dev_1224,yes,NO,no,no,Incorrect,0.5491
underspecified,6,dev_1251,yes,"YES. Croatia has placed in the World Cup, and they have even won the",yes,yes,Correct,0.5473
underspecified,6,dev_1260,yes,I don't know. The Nike Air Force 1 is a popular basketball shoe,i,idk,IDK,0.5464
underspecified,6,dev_1278,yes,YES. Cal Ripken Jr. is a member of the National Baseball Hall of,yes,yes,Correct,0.5491
underspecified,6,dev_1462,yes,YES.,yes,yes,Correct,0.5492
underspecified,6,dev_1494,yes,"NO. According to the Laws of the Game, a player cannot be offside",no,no,Incorrect,0.5477000000000001
underspecified,6,dev_1543,yes,YES. The Philadelphia Flyers came back from a 3–0 deficit against the,yes,yes,Correct,0.5482
underspecified,6,dev_2012,yes,Yes.,yes,yes,Correct,0.5506
underspecified,6,dev_2118,yes,"YES. Twisting a wrist can cause a break, especially if done with sufficient",yes,yes,Correct,0.5471
underspecified,6,dev_2272,yes,NO,no,no,Incorrect,0.5462
underspecified,6,dev_2338,yes,NO,no,no,Incorrect,0.5496
underspecified,6,dev_2498,yes,YES,yes,yes,Correct,0.5475
underspecified,6,dev_2509,yes,YES. The Cleveland Cavaliers came back from a 3-1 deficit to defeat,yes,yes,Correct,0.5502
underspecified,6,dev_2917,yes,"YES. The Tampa Bay Lightning have won the Stanley Cup twice, in 200",yes,yes,Correct,0.5385
underspecified,6,dev_2966,yes,"NO. According to the NBA's collective bargaining agreement, players must be at least",no,no,Incorrect,0.5372
underspecified,6,dev_2974,yes,YES,yes,yes,Correct,0.5405
underspecified,6,dev_3007,yes,"Yes.  The route and stages of the Tour de France change each year,",yes,yes,Correct,0.5505
underspecified,6,dev_3199,yes,"YES  The PGA Championship has been won by several club professionals throughout its history,",yes,yes,Correct,0.5491
underspecified,6,dev_0222,no,YES,yes,yes,Incorrect,0.5504
underspecified,6,dev_0398,no,"NO. In soccer, a throw-in is taken from the point where the ball",no,no,Correct,0.5484
underspecified,6,dev_0426,no,NO. A soccer goalie is not allowed to touch the ball with their hands and,no,no,Correct,0.5536
underspecified,6,dev_0464,no,YES (Note: The Golden Goal was actually replaced by the Golden Goal's successor,yes,yes,Incorrect,0.5502
underspecified,6,dev_0563,no,"NO. Croatia has not won the FIFA World Cup, but they have had a",no,no,Correct,0.5498
underspecified,6,dev_0658,no,"No. In baseball, a walk is a live ball. When a batter is",no,no,Correct,0.5512
underspecified,6,dev_1366,no,NO  The Champions League trophy is a permanent award that is presented to the winner,no,no,Correct,0.5512999999999999
underspecified,6,dev_1471,no,"NO. A player cannot be offside on a throw-in, as offside",no,no,Correct,0.5494
underspecified,6,dev_1558,no,NO. The FIFA World Cup is held every 4 years.,no,no,Correct,0.5515
underspecified,6,dev_1580,no,NO. The Chicago White Sox play at Guaranteed Rate Field and the Chicago Cubs play,no,no,Correct,0.5521
underspecified,6,dev_2401,no,NO. A batsman cannot be run out on a no-ball. A no,no,no,Correct,0.5492
underspecified,6,dev_2436,no,NO.  The current world record for the mile is approximately 3:43,no,no,Correct,0.5484
underspecified,6,dev_3224,no,"No. In Major League Baseball, the game continues until a winner is determined,",no,no,Correct,0.5508
underspecified,6,dev_0022,yes,NO,no,no,Incorrect,0.5546
underspecified,6,dev_0132,yes,YES.,yes,yes,Correct,0.547
underspecified,6,dev_0268,yes,YES,yes,yes,Correct,0.5483
underspecified,6,dev_0646,yes,YES,yes,yes,Correct,0.5338999999999999
underspecified,6,dev_0697,yes,NO,no,no,Incorrect,0.5478999999999999
underspecified,6,dev_0935,yes,YES,yes,yes,Correct,0.5317999999999999
underspecified,6,dev_1159,yes,YES,yes,yes,Correct,0.5508
underspecified,6,dev_1376,yes,"YES. A database can contain multiple tables, which are related to each other through",yes,yes,Correct,0.5487000000000001
underspecified,6,dev_1646,yes,"YES. Cast-iron pans are compatible with induction cooktops, as they",yes,yes,Correct,0.5504
underspecified,6,dev_1869,yes,YES.,yes,yes,Correct,0.5551
underspecified,6,dev_2397,yes,YES. A cell phone jammer is a device that intentionally transmits a signal,yes,yes,Correct,0.534
underspecified,6,dev_0512,no,"NO.  Microsoft Visio is a diagramming and vector graphics tool, while",no,no,Correct,0.5505
underspecified,6,dev_1524,no,NO.,no,no,Correct,0.55
underspecified,6,dev_1675,no,NO,no,no,Correct,0.5337000000000001
underspecified,6,dev_1723,no,NO,no,no,Correct,0.5505
underspecified,6,dev_2027,no,NO. HD DVD and Blu-ray are two different high-definition optical disc formats that,no,no,Correct,0.5488
underspecified,6,dev_2104,no,NO. The PlayStation 2 is a console that does not have built-in internet,no,no,Correct,0.5756
underspecified,6,dev_2262,no,"NO.  WordPad is a basic word processing application that comes with Windows,",no,no,Correct,0.548
underspecified,6,dev_2431,no,NO,no,no,Correct,0.5492
underspecified,6,dev_2524,no,"NO. The iPhone SE and iPhone 5 are two different smartphone models, with",no,no,Correct,0.5498
underspecified,6,dev_3057,no,NO,no,no,Correct,0.5454
underspecified,6,dev_3167,no,"NO. Gear oil and motor oil are two different types of lubricants, each",no,no,Correct,0.5501
underspecified,21,dev_0023,yes,NO. A cape and a cloak are related but distinct types of garments. A,no,no,Incorrect,0.7585
underspecified,21,dev_0039,no,YES,yes,yes,Incorrect,0.7822
underspecified,21,dev_0055,no,YES. Wisconsin has had teams participate in the Little League World Series. In fact,yes,yes,Incorrect,0.7594
underspecified,21,dev_0059,no,NO,no,no,Correct,0.7715
underspecified,21,dev_0068,no,"NO. In most jurisdictions, the death penalty is not applicable to individuals who were",no,no,Correct,0.7721
underspecified,21,dev_0087,yes,NO. A frog will typically not jump out of boiling water because it is unable,no,no,Incorrect,0.7703
underspecified,21,dev_0107,no,YES,yes,yes,Incorrect,0.746
underspecified,21,dev_0120,yes,NO. A vehicle title and registration are related but distinct documents. A title is,no,no,Incorrect,0.7566
underspecified,21,dev_0138,no,"NO. In the United States, the minimum drinking age is 21, and",no,no,Correct,0.7584
underspecified,21,dev_0151,no,"I don't know. The appearance of numbers can vary across languages, but the",i,idk,IDK,0.7482000000000001
underspecified,21,dev_0163,yes,"YES. The square root of 2 can be written as a fraction, but",yes,yes,Correct,0.771
underspecified,21,dev_0165,no,NO,no,no,Correct,0.7462000000000001
underspecified,21,dev_0207,no,NO. France is in the Central European Time (CET) zone during standard,no,no,Correct,0.7456
underspecified,21,dev_0210,no,"NO, The Three Little Pigs is a children's story, not a nursery",no,no,Correct,0.7697
underspecified,21,dev_0221,no,YES,yes,yes,Incorrect,0.7453
underspecified,21,dev_0229,yes,"YES, all UK National Insurance numbers have a letter at the end, which is",yes,yes,Correct,0.7687999999999999
underspecified,21,dev_0237,no,Yes. A 2-cycle engine and a 2-stroke engine are often,yes,yes,Incorrect,0.7567
underspecified,21,dev_0243,no,"YES, there is a Chinatown in St. Louis, Missouri. The",yes,yes,Incorrect,0.7818999999999999
underspecified,21,dev_0248,yes,NO,no,no,Incorrect,0.6979
underspecified,21,dev_0249,yes,NO. Queen ants do not give birth to queen ants. Queen ants lay eggs,no,no,Incorrect,0.7833
underspecified,21,dev_0251,yes,"YES. One sister chromatid has half the DNA of a chromosome, as they",yes,yes,Correct,0.7609
underspecified,21,dev_0257,yes,YES. Glass windows can break on their own due to various factors such as thermal,yes,yes,Correct,0.7602000000000001
underspecified,21,dev_0270,no,No.  Would you like to,no,no,Correct,0.7517
underspecified,21,dev_0287,yes,"NO. In American football, a fair catch is a rule that allows a player",no,no,Incorrect,0.7846000000000001
underspecified,21,dev_0295,no,"YES, there is a difference between doves and pigeons. While both birds",yes,yes,Incorrect,0.7848999999999999
underspecified,21,dev_0298,yes,NO,no,no,Incorrect,0.7506
underspecified,21,dev_0312,no,"NO, adjectives do not always have to come before a noun. They can",no,no,Correct,0.7719
underspecified,21,dev_0316,yes,NO,no,no,Incorrect,0.7706000000000001
underspecified,21,dev_0318,yes,"YES. In poker, an Ace-2-3-4-5 is",yes,yes,Correct,0.8067000000000001
underspecified,21,dev_0321,yes,NO. A filibuster can delay or block a vote on a Supreme Court nominee,no,no,Incorrect,0.786
underspecified,21,dev_0333,yes,,,other,NC,0.7723
underspecified,21,dev_0336,no,YES,yes,yes,Incorrect,0.7444
underspecified,21,dev_0343,yes,NO,no,no,Incorrect,0.7464
underspecified,21,dev_0352,no,YES,yes,yes,Incorrect,0.7826000000000001
underspecified,21,dev_0355,no,YES. Father's Day is celebrated on the third Sunday of June every year.,yes,yes,Incorrect,0.7811
underspecified,21,dev_0364,no,"YES. In cricket, a wicket-keeper is a mandatory player who stands",yes,yes,Incorrect,0.77
underspecified,21,dev_0366,no,"YES. The diaphragm separates the abdominal cavity from the thoracic cavity,",yes,yes,Incorrect,0.746
underspecified,21,dev_0406,no,YES,yes,yes,Incorrect,0.7352000000000001
underspecified,21,dev_0428,no,NO,no,no,Correct,0.7452000000000001
underspecified,21,dev_0429,yes,"NO, flax oil and linseed oil are not the same. While they",no,no,Incorrect,0.7838999999999999
underspecified,21,dev_0430,yes,NO,no,no,Incorrect,0.7845
underspecified,21,dev_0436,no,"YES. Takotsubo cardiomyopathy, also known as ""broken heart",yes,yes,Incorrect,0.8005
underspecified,21,dev_0441,no,NO,no,no,Correct,0.7713
underspecified,21,dev_0442,yes,"YES. Lead dust can be absorbed through the eyes, which can lead to lead",yes,yes,Correct,0.7832
underspecified,21,dev_0479,no,YES. Miniature pigs are a type of domesticated pig that has been bred,yes,yes,Incorrect,0.7852
underspecified,21,dev_0481,no,"NO.  New York City has five boroughs: Manhattan, Brooklyn, Queens",no,no,Correct,0.7587
underspecified,21,dev_0482,no,"YES. Bumblebees are able to sting multiple times, but they have",yes,yes,Incorrect,0.7867000000000001
underspecified,21,dev_0487,no,"NO, you cannot grow a banana tree from a banana. Banana trees are propagated",no,no,Correct,0.7717999999999999
underspecified,21,dev_0504,yes,NO,no,no,Incorrect,0.7461
underspecified,21,dev_0509,no,YES,yes,yes,Incorrect,0.7597
underspecified,21,dev_0532,no,"YES. With advancements in neurotechnology, it is possible to connect your brain to",yes,yes,Incorrect,0.7709
underspecified,21,dev_0534,no,YES,yes,yes,Incorrect,0.7777000000000001
underspecified,21,dev_0536,yes,NO - Thanos was not in the first Guardians of the Galaxy film (201,no,no,Incorrect,0.7713
underspecified,21,dev_0537,no,"Yes. In the UK, a person can receive a caution without being arrested.",yes,yes,Incorrect,0.7771
underspecified,21,dev_0546,yes,NO. The College of William & Mary is a public research university located in Williams,no,no,Incorrect,0.7476
underspecified,21,dev_0560,no,"YES, the University of Tampa has a football team. The University of Tampa Spart",yes,yes,Incorrect,0.7462000000000001
underspecified,21,dev_0568,no,YES. The movie Heat (1995) was based on a novel,yes,yes,Incorrect,0.7775
underspecified,21,dev_0569,no,"YES  The NBA salary cap is a hard cap, meaning",yes,yes,Incorrect,0.7484
underspecified,21,dev_0588,yes,NO,no,no,Incorrect,0.7627
underspecified,21,dev_0594,no,YES,yes,yes,Incorrect,0.7842
underspecified,21,dev_0596,no,"YES. C# and Visual C# are essentially the same, with C#",yes,yes,Incorrect,0.7607
underspecified,21,dev_0598,yes,"NO. The Vice President is the second-highest office in the executive branch,",no,no,Incorrect,0.7726000000000001
underspecified,21,dev_0612,yes,YES. Popcorn is a type of corn that is specifically bred for its ability,yes,yes,Correct,0.7751
underspecified,21,dev_0617,yes,"YES

France and England have both competed in the FIFA World Cup multiple times,",yes,yes,Correct,0.766
underspecified,21,dev_0662,yes,NO,no,no,Incorrect,0.7597999999999999
underspecified,21,dev_0678,no,NO. It is not recommended to wash a child's mouth out with soap.,no,no,Correct,0.757
underspecified,21,dev_0696,no,"YES, New Hampshire has a seat belt law that requires drivers and passengers to wear",yes,yes,Incorrect,0.7906
underspecified,21,dev_0711,yes,NO. Musician's Friend and Guitar Center are two separate and competing musical instrument,no,no,Incorrect,0.7454
underspecified,21,dev_0718,yes,"Yes. Chicago is the third-largest city in the United States, after New York",yes,yes,Correct,0.7771
underspecified,21,dev_0724,no,"YES, there is a sequel to Along Came a Spider. The book series by",yes,yes,Incorrect,0.7707999999999999
underspecified,21,dev_0731,no,YES. Egg drop soup typically contains raw eggs that are cracked into the simmering,yes,yes,Incorrect,0.7462000000000001
underspecified,21,dev_0737,no,NO,no,no,Correct,0.7707
underspecified,21,dev_0754,yes,YES. World at War is a prequel to the Black Ops series. It,yes,yes,Correct,0.7837999999999999
underspecified,21,dev_0759,no,NO. North and South Korea have different dialects and variations of the Korean language,no,no,Correct,0.7573
underspecified,21,dev_0764,yes,NO,no,no,Incorrect,0.76
underspecified,21,dev_0782,yes,No.,no,no,Incorrect,0.7597999999999999
underspecified,21,dev_0817,no,YES. Deadpool 2 has several post-credit scenes.,yes,yes,Incorrect,0.7848999999999999
underspecified,21,dev_0829,no,NO,no,no,Correct,0.7596
underspecified,21,dev_0832,no,"YES. It is possible to drive to South America by car, typically through the",yes,yes,Incorrect,0.7695
underspecified,21,dev_0837,yes,NO  Universal healthcare and socialized medicine are related but distinct concepts.,no,no,Incorrect,0.7622000000000001
underspecified,21,dev_0853,no,"NO. A Girl Scout is a member of the Girl Scouts of the USA,",no,no,Correct,0.7878999999999999
underspecified,21,dev_0854,no,"NO. Elephants are actually herbivores, which means they primarily",no,no,Correct,0.7639
underspecified,21,dev_0862,no,"NO. In chess, players typically say ""check"" to alert their opponent that",no,no,Correct,0.7873
underspecified,21,dev_0871,yes,YES,yes,yes,Correct,0.7622000000000001
underspecified,21,dev_0916,yes,NO,no,no,Incorrect,0.7858999999999999
underspecified,21,dev_0922,yes,"YES  You can use a passport card to enter Canada by land or sea,",yes,yes,Correct,0.7609
underspecified,21,dev_0933,no,NO,no,no,Correct,0.7622000000000001
underspecified,21,dev_0934,yes,YES,yes,yes,Correct,0.7594
underspecified,21,dev_0940,yes,"YES. A passport card is a valid form of identification for domestic air travel,",yes,yes,Correct,0.786
underspecified,21,dev_0944,no,"YES. Ancient Greece and Ancient Rome co-existed, with Greece flourishing from around",yes,yes,Incorrect,0.7705
underspecified,21,dev_0952,yes,"NO, Merrill Lynch and Bank of America are not the same. Merrill Lynch is",no,no,Incorrect,0.787
underspecified,21,dev_0958,yes,"NO
The eyes are part of the sensory system, specifically the visual system,",no,no,Incorrect,0.7467
underspecified,21,dev_0981,no,YES. Pyruvic acid and pyruvate are the same thing.,yes,yes,Incorrect,0.7714
underspecified,21,dev_0991,yes,NO,no,no,Incorrect,0.7467
underspecified,21,dev_0994,yes,"No. A green screen is typically used for chroma keying, which requires",no,no,Incorrect,0.7501
underspecified,21,dev_0996,no,YES,yes,yes,Incorrect,0.7699
underspecified,21,dev_1006,no,"YES. In most countries, being able to read and write is a requirement to",yes,yes,Incorrect,0.7717999999999999
underspecified,21,dev_1011,no,YES. The World Cup trophy is officially known as the FIFA World Cup Trophy.,yes,yes,Incorrect,0.7483
underspecified,21,dev_1022,yes,NO,no,no,Incorrect,0.7602000000000001
underspecified,21,dev_1049,no,"Yes, a red panda is related to a panda. They are both members of",yes,yes,Incorrect,0.7845
underspecified,21,dev_1062,yes,NO. A wheel and axle is a simple machine that changes the direction or magnitude,no,no,Incorrect,0.7597
underspecified,21,dev_1075,yes,"NO. While NHL ice rinks are generally standardized to a specific size, there",no,no,Incorrect,0.7867000000000001
underspecified,21,dev_1102,no,YES. Sweating and perspiring are related but distinct physiological responses. Sweating,yes,yes,Incorrect,0.7855
underspecified,21,dev_1110,yes,NO,no,no,Incorrect,0.7687999999999999
underspecified,21,dev_1112,no,"NO. Nuclear power refers to the electricity generated from nuclear reactions, while nuclear energy",no,no,Correct,0.7864
underspecified,21,dev_1113,yes,"NO 

Ball python and royal python are both species of non-venomous",no,no,Incorrect,0.7853
underspecified,21,dev_1121,no,NO,no,no,Correct,0.7586
underspecified,21,dev_1133,no,YES,yes,yes,Incorrect,0.7822
underspecified,21,dev_1138,yes,NO,no,no,Incorrect,0.7609
underspecified,21,dev_1146,yes,NO. A penalty charge notice (PCN) and a fixed penalty are related,no,no,Incorrect,0.7835
underspecified,21,dev_1155,yes,"NO, GMC Sierra and Chevy Silverado are not the same, although they are",no,no,Incorrect,0.76
underspecified,21,dev_1175,no,YES. Michigan was admitted to the Union as the 26th state on January,yes,yes,Incorrect,0.8054
underspecified,21,dev_1178,no,NO,no,no,Correct,0.761
underspecified,21,dev_1183,yes,NO,no,no,Incorrect,0.7595
underspecified,21,dev_1196,no,"YES, a person can have dual citizenship in India, but with certain restrictions and",yes,yes,Incorrect,0.747
underspecified,21,dev_1204,yes,YES,yes,yes,Correct,0.7705
underspecified,21,dev_1205,no,NO,no,no,Correct,0.7487999999999999
underspecified,21,dev_1209,yes,NO  Lead and gold are two different elements with different atomic numbers (82 for,no,no,Incorrect,0.7709
underspecified,21,dev_1227,no,"NO. 1 is a unit in mathematics, not a prime factor. A",no,no,Correct,0.7603
underspecified,21,dev_1229,no,"YES. The fruit ""orange"" is indeed named after the color, not the",yes,yes,Incorrect,0.7715
underspecified,21,dev_1230,yes,"YES. A double eagle and an albatross are the same thing, both",yes,yes,Correct,0.787
underspecified,21,dev_1235,no,YES. A birth certificate is a common form of identification that verifies an individual's,yes,yes,Incorrect,0.7572000000000001
underspecified,21,dev_1239,yes,"NO 
A CPAP (Continuous Positive Airway Pressure) device is",no,no,Incorrect,0.7586
underspecified,21,dev_1241,no,YES. There are several main-group elements in period 6 of the periodic table,yes,yes,Incorrect,0.7589
underspecified,21,dev_1250,yes,YES. The micropyle is the small opening on the seed coat that allows,yes,yes,Correct,0.7457999999999999
underspecified,21,dev_1256,yes,YES,yes,yes,Correct,0.7499
underspecified,21,dev_1261,no,YES,yes,yes,Incorrect,0.7719
underspecified,21,dev_1267,no,"YES. Better Call Saul is a prequel series to Breaking Bad, and it",yes,yes,Incorrect,0.7722
underspecified,21,dev_1271,no,"Yes. The drinking age in the United States is 21, but some states",yes,yes,Incorrect,0.7477
underspecified,21,dev_1283,yes,NO,no,no,Incorrect,0.7447999999999999
underspecified,21,dev_1285,no,YES. The first woman to win the Indianapolis 500 was Janet Guthrie in,yes,yes,Incorrect,0.8057000000000001
underspecified,21,dev_1286,no,"YES, while both lightning bugs and fireflies are commonly used to refer to the",yes,yes,Incorrect,0.7572000000000001
underspecified,21,dev_1294,yes,"YES, a terminating decimal can be written as a recurring decimal. For example,",yes,yes,Correct,0.7505
underspecified,21,dev_1296,yes,NO. PlayStation 2 games are not natively compatible with the PlayStation 4,no,no,Incorrect,0.7747
underspecified,21,dev_1303,no,"NO. In soccer, a player can be offside even if they don't",no,no,Correct,0.7835
underspecified,21,dev_1307,yes,"NO. In football, a goal cannot be scored directly from a kickoff. The",no,no,Incorrect,0.7587999999999999
underspecified,21,dev_1311,yes,NO. The crankshaft pulley and harmonic balancer are two separate engine components,no,no,Incorrect,0.7576
underspecified,21,dev_1316,yes,"NO. The Gateway Arch in St. Louis, Missouri is a famous monument and",no,no,Incorrect,0.7848999999999999
underspecified,21,dev_1317,no,NO. A planetary nebula is formed when a star sheds its outer layers at,no,no,Correct,0.784
underspecified,21,dev_1333,yes,NO,no,no,Incorrect,0.7832
underspecified,21,dev_1336,yes,YES,yes,yes,Correct,0.7988999999999999
underspecified,21,dev_1345,no,YES. While both confidentiality agreements and non-disclosure agreements (NDAs) are,yes,yes,Incorrect,0.7552000000000001
underspecified,21,dev_1359,no,I don't know,i,idk,IDK,0.7597
underspecified,21,dev_1370,yes,Yes.,yes,yes,Correct,0.7575
underspecified,21,dev_1371,no,YES,yes,yes,Incorrect,0.7604
underspecified,21,dev_1372,yes,YES. A kilowatt-hour (kWh) is a unit of energy,yes,yes,Correct,0.784
underspecified,21,dev_1382,no,NO,no,no,Correct,0.7852
underspecified,21,dev_1406,no,"NO. The Postmaster General is appointed by the President, but they must also",no,no,Correct,0.7832
underspecified,21,dev_1408,yes,"NO. In baseball, a foul ball is considered a strike, and a player",no,no,Incorrect,0.7852
underspecified,21,dev_1413,yes,"Yes. Brazil has won the World Cup in Europe once, which was in",yes,yes,Correct,0.7474
underspecified,21,dev_1419,yes,"NO. Las Vegas is a city located in the state of Nevada, not New",no,no,Incorrect,0.7499
underspecified,21,dev_1420,yes,NO. While both 4x4 and four-wheel drive refer to vehicles that,no,no,Incorrect,0.7712
underspecified,21,dev_1423,no,"YES. ""Take Me Home, Country Roads"" is a song written by John",yes,yes,Incorrect,0.7489
underspecified,21,dev_1424,no,"YES, it can get cool at night in Hawaii, especially in the mountainous",yes,yes,Incorrect,0.7447
underspecified,21,dev_1436,no,"NO, equity in your home is not a liquid asset. It can take time",no,no,Correct,0.771
underspecified,21,dev_1438,yes,"YES, all of the United Kingdom is in the same time zone, which is",yes,yes,Correct,0.7452000000000001
underspecified,21,dev_1452,no,I don't know. Some neurotransmitters can have both excitatory and inhibitory,i,idk,IDK,0.7725
underspecified,21,dev_1455,yes,NO. The abdomen refers to the entire region of the body between the thorax,no,no,Incorrect,0.7463
underspecified,21,dev_1464,no,"Yes.  Sweet potatoes are part of the Convolvulaceae family,",yes,yes,Incorrect,0.76
underspecified,21,dev_1467,yes,"NO, a grade D at A-level is not typically considered a pass. In",no,no,Incorrect,0.7459
underspecified,21,dev_1473,yes,"NO, a sailboat cannot travel faster than the wind. According to the principle",no,no,Incorrect,0.7435
underspecified,21,dev_1489,yes,YES. The songs in Mamma Mia! Here We Go Again are indeed by,yes,yes,Correct,0.771
underspecified,21,dev_1498,yes,YES. The Nobel Peace Prize is awarded annually by the Norwegian Nobel Committee to individuals,yes,yes,Correct,0.7713
underspecified,21,dev_1508,no,YES,yes,yes,Incorrect,0.7481
underspecified,21,dev_1515,no,"YES. In the United States, the 16th Amendment to the U.S",yes,yes,Incorrect,0.7734
underspecified,21,dev_1517,yes,NO. Hydraulic fluid and brake fluid are two different types of fluids with different properties,no,no,Incorrect,0.7633
underspecified,21,dev_1528,yes,NO. A J.D. (Juris Doctor) is a professional degree in,no,no,Incorrect,0.7589
underspecified,21,dev_1533,no,"NO, the July 27, 2018 lunar eclipse was a total lunar",no,no,Correct,0.7569
underspecified,21,dev_1534,no,"NO. According to the official rules of baseball, a player is only allowed to",no,no,Correct,0.7577999999999999
underspecified,21,dev_1546,yes,No,no,no,Incorrect,0.6681
underspecified,21,dev_1552,yes,NO,no,no,Incorrect,0.7605
underspecified,21,dev_1557,no,NO. New York State abolished the death penalty in 2007.,no,no,Correct,0.7572000000000001
underspecified,21,dev_1563,no,YES,yes,yes,Incorrect,0.7603
underspecified,21,dev_1627,no,No. The esophagus is located behind the heart. The esophagus,no,no,Correct,0.7596
underspecified,21,dev_1632,yes,NO. The World Health Organization (WHO) is a specialized agency of the United,no,no,Incorrect,0.7581
underspecified,21,dev_1650,yes,NO,no,no,Incorrect,0.7579
underspecified,21,dev_1655,no,"YES
Soy and soya sauce are two different terms that refer to the",yes,yes,Incorrect,0.7864
underspecified,21,dev_1658,yes,NO. The Nazca Lines are geoglyphs that can only be fully,no,no,Incorrect,0.7847000000000001
underspecified,21,dev_1659,yes,YES. An undergraduate degree and a bachelor's degree are often used interchangeably to,yes,yes,Correct,0.7579
underspecified,21,dev_1673,yes,YES,yes,yes,Correct,0.7584
underspecified,21,dev_1680,no,YES Picking your nose can affect your sense of smell. When you,yes,yes,Incorrect,0.7861
underspecified,21,dev_1687,no,Yes.,yes,yes,Incorrect,0.7853
underspecified,21,dev_1698,no,YES,yes,yes,Incorrect,0.7853
underspecified,21,dev_1707,yes,YES. A Public Limited Company (PLC) is a type of limited company,yes,yes,Correct,0.7832
underspecified,21,dev_1727,yes,NO,no,no,Incorrect,0.7577
underspecified,21,dev_1736,no,YES. The magnitude of a physical quantity does change with a change in the system,yes,yes,Incorrect,0.7595
underspecified,21,dev_1737,yes,"NO. In basketball, a jump shot is not allowed on a free throw attempt",no,no,Incorrect,0.7596
underspecified,21,dev_1740,yes,"YES. Spongy bone, also known as cancellous bone, is found",yes,yes,Correct,0.7604
underspecified,21,dev_1743,no,I don't know. While the film is based on a novel by Giles F,i,idk,IDK,0.7477
underspecified,21,dev_1749,yes,YES. Delhi University and the University of Delhi are the same institution. Delhi University,yes,yes,Correct,0.7727999999999999
underspecified,21,dev_1750,no,"NO

Fighting words, which are words intended to incite violence or",no,no,Correct,0.7755
underspecified,21,dev_1757,yes,YES The profit and loss statement and income statement are essentially the same thing,yes,yes,Correct,0.7597
underspecified,21,dev_1763,yes,NO. The House of Representatives is one of the two chambers of the U.S,no,no,Incorrect,0.7864
underspecified,21,dev_1775,no,YES. The NBA playoffs are played in a 2-3-2 format,yes,yes,Incorrect,0.7707999999999999
underspecified,21,dev_1789,no,"NO. The spleen is actually part of the lymphatic system, where it",no,no,Correct,0.7455
underspecified,21,dev_1806,no,"YES, the U.S. still issues $1,000 bills, although they",yes,yes,Incorrect,0.8056
underspecified,21,dev_1814,no,YES.,yes,yes,Incorrect,0.7597999999999999
underspecified,21,dev_1823,yes,NO. The MLB All-Star Game was previously used to determine home-field advantage for,no,no,Incorrect,0.7726000000000001
underspecified,21,dev_1832,no,"YES. Garrison, Colorado is a real town. According to my knowledge, it",yes,yes,Incorrect,0.786
underspecified,21,dev_1849,yes,NO,no,no,Incorrect,0.7847000000000001
underspecified,21,dev_1851,no,YES. The right to a fair trial is guaranteed by the Sixth Amendment,yes,yes,Incorrect,0.7862
underspecified,21,dev_1857,no,YES,yes,yes,Incorrect,0.7703
underspecified,21,dev_1895,yes,I don't know,i,idk,IDK,0.7593
underspecified,21,dev_1906,no,"YES. In the United States, the National Football League (NFL) is the",yes,yes,Incorrect,0.7855
underspecified,21,dev_1916,yes,"YES. Pokémon: Let's Go, Pikachu! and Let's Go, E",yes,yes,Correct,0.7857000000000001
underspecified,21,dev_1919,yes,"YES. According to nuclear physics, it is possible to transmute one element into",yes,yes,Correct,0.7822
underspecified,21,dev_1924,yes,"YES, a car's serial number is often the same as its Vehicle Identification Number",yes,yes,Correct,0.7833
underspecified,21,dev_1938,no,NO. The empty set is a subset of the set that contains the empty set,no,no,Correct,0.7597999999999999
underspecified,21,dev_1948,yes,NO,no,no,Incorrect,0.7501
underspecified,21,dev_1950,no,NO. The Gulf of Mexico is a body of water that is connected to the,no,no,Correct,0.7841
underspecified,21,dev_1960,no,NO,no,no,Correct,0.7711
underspecified,21,dev_1977,no,"No. According to Article II, Section 1 of the US Constitution, a",no,no,Correct,0.7847000000000001
underspecified,21,dev_1995,yes,Yes,yes,yes,Correct,0.7607999999999999
underspecified,21,dev_1997,yes,NO,no,no,Incorrect,0.7607
underspecified,21,dev_2009,no,I don't know. The performance of Color Wonder markers on regular paper would depend,i,idk,IDK,0.7857999999999999
underspecified,21,dev_2032,yes,YES. Flies can lay eggs in,yes,yes,Correct,0.7903
underspecified,21,dev_2045,yes,I don't know. The U.S. Constitution sets out eligibility requirements for the,i,idk,IDK,0.7886
underspecified,21,dev_2053,no,"YES. In tennis, a player must be serving to score points and",yes,yes,Incorrect,0.7847000000000001
underspecified,21,dev_2061,no,"Yes. In many jurisdictions, individuals can choose who they want to be listed as",yes,yes,Incorrect,0.7761
underspecified,21,dev_2065,yes,NO,no,no,Incorrect,0.7595
underspecified,21,dev_2068,yes,I don't know,i,idk,IDK,0.7853
underspecified,21,dev_2078,no,"NO. Black cumin seed and black seed are two different spices, although they",no,no,Correct,0.7843
underspecified,21,dev_2079,yes,YES. Eeyore is a donkey from the Winnie-the-Po,yes,yes,Correct,0.7867000000000001
underspecified,21,dev_2088,no,"NO. In the United States, there is no federal law that declares English as",no,no,Correct,0.7844
underspecified,21,dev_2091,no,"Yes. In baseball, the home team can win by two runs in extra innings",yes,yes,Incorrect,0.7843
underspecified,21,dev_2094,no,NO,no,no,Correct,0.758
underspecified,21,dev_2095,yes,"YES, Noel Gallagher is the lead vocalist and songwriter of the song ""Don't",yes,yes,Correct,0.7857999999999999
underspecified,21,dev_2139,no,NO.  The passport card can only be used for land and sea travel to,no,no,Correct,0.761
underspecified,21,dev_2166,yes,"NO. Staring at a bright light may cause temporary discomfort, pain",no,no,Incorrect,0.7586
underspecified,21,dev_2184,no,"No. The United States has a significant military presence in the Philippines, with major",no,no,Correct,0.7838999999999999
underspecified,21,dev_2187,yes,"NO. According to the official rules of basketball, players are not allowed to jump",no,no,Incorrect,0.7896
underspecified,21,dev_2192,no,"NO, a colonel is higher than a lieutenant colonel. In the military",no,no,Correct,0.783
underspecified,21,dev_2196,no,"YES. Red-eared slider turtles typically lay their eggs on land, but they",yes,yes,Incorrect,0.7878
underspecified,21,dev_2199,yes,YES. The Dark Knight is a sequel to Batman Begins.,yes,yes,Correct,0.7882
underspecified,21,dev_2204,yes,"NO. It's not safe or recommended to pick someone up by their hair,",no,no,Incorrect,0.7689
underspecified,21,dev_2220,no,NO. The ball is not dead on an infield fly. According to Rule,no,no,Correct,0.7626000000000001
underspecified,21,dev_2224,no,"YES, there is such a thing as a blue ruby, although it's relatively",yes,yes,Incorrect,0.7845
underspecified,21,dev_2232,no,"YES. There is a Roman Catholic cathedral in Dublin, Ireland, known as St",yes,yes,Incorrect,0.7675
underspecified,21,dev_2234,no,YES,yes,yes,Incorrect,0.7867000000000001
underspecified,21,dev_2237,no,"YES. The Riviera Maya is a coastal region located on the Caribbean Sea,",yes,yes,Incorrect,0.7591
underspecified,21,dev_2247,yes,NO,no,no,Incorrect,0.7861
underspecified,21,dev_2248,yes,"NO. Pixel density refers to the number of pixels per unit of area, while",no,no,Incorrect,0.7837999999999999
underspecified,21,dev_2266,no,NO (Note: A Nissan Pathfinder is typically classified as a mid-size SUV),no,no,Correct,0.7862
underspecified,21,dev_2275,yes,"NO. Counting cards is not illegal in Las Vegas, but casinos may ask",no,no,Incorrect,0.7576
underspecified,21,dev_2295,yes,NO. An abstention is a vote in which a person does not vote either,no,no,Incorrect,0.7595
underspecified,21,dev_2304,yes,"NO
The House of Representatives is one of the two chambers of the US Congress",no,no,Incorrect,0.786
underspecified,21,dev_2306,yes,"NO 

In roulette, once a bet is placed, the payout is fixed,",no,no,Incorrect,0.7868999999999999
underspecified,21,dev_2310,no,YES,yes,yes,Incorrect,0.7595
underspecified,21,dev_2315,yes,NO,no,no,Incorrect,0.7455
underspecified,21,dev_2323,no,"I don't know. However, I can tell you that the film Tully",i,idk,IDK,0.7715
underspecified,21,dev_2328,no,YES,yes,yes,Incorrect,0.7707999999999999
underspecified,21,dev_2350,no,YES. Little House on the Prairie is a series of children's novels written by,yes,yes,Incorrect,0.7846000000000001
underspecified,21,dev_2382,yes,YES. The right atrium receives deoxygenated blood from the body through,yes,yes,Correct,0.7471
underspecified,21,dev_2387,yes,YES  Would,yes,yes,Correct,0.7737
underspecified,21,dev_2388,no,"YES. In many jurisdictions, a person who has been acquitted or convicted of a",yes,yes,Incorrect,0.7491
underspecified,21,dev_2396,yes,NO,no,no,Incorrect,0.776
underspecified,21,dev_2408,yes,"NO  Being fired is a type of termination, but not all terminations are",no,no,Incorrect,0.7631
underspecified,21,dev_2413,no,YES. The movie Stalingrad (1993) is a war drama film,yes,yes,Incorrect,0.761
underspecified,21,dev_2428,yes,NO,no,no,Incorrect,0.7854
underspecified,21,dev_2433,no,NO,no,no,Correct,0.761
underspecified,21,dev_2434,no,YES,yes,yes,Incorrect,0.7706000000000001
underspecified,21,dev_2447,no,"YES. A wild card team can have home field advantage in the MLB playoffs,",yes,yes,Incorrect,0.7719
underspecified,21,dev_2473,yes,"NO. Pokémon Gold, Silver, and Crystal are three separate games in the Pokémon",no,no,Incorrect,0.7733
underspecified,21,dev_2479,no,YES. Hong Kong is a Special Administrative Region of China and is indeed inside the,yes,yes,Incorrect,0.7594
underspecified,21,dev_2504,no,YES,yes,yes,Incorrect,0.7594
underspecified,21,dev_2532,yes,"NO. In the case of the fetus in fetu, a fetus develops within",no,no,Incorrect,0.784
underspecified,21,dev_2537,no,"NO 

Social studies and social science are related but distinct fields. Social studies typically",no,no,Correct,0.7612000000000001
underspecified,21,dev_2538,no,NO. The film War Room is a 2015 Christian drama film that tells,no,no,Correct,0.7626000000000001
underspecified,21,dev_2547,yes,,,other,NC,0.7832
underspecified,21,dev_2548,no,NO,no,no,Correct,0.7595
underspecified,21,dev_2555,no,"NO, lymphoma is a type of cancer that affects the immune system, specifically",no,no,Correct,0.7867999999999999
underspecified,21,dev_2566,no,YES. A Bachelor of Education is typically an undergraduate degree that prepares students for a,yes,yes,Incorrect,0.7827999999999999
underspecified,21,dev_2572,no,NO,no,no,Correct,0.7844
underspecified,21,dev_2577,no,"YES. In soccer, a kick-off must be forward, meaning the ball must",yes,yes,Incorrect,0.7828999999999999
underspecified,21,dev_2605,yes,,,other,NC,0.7863
underspecified,21,dev_2614,yes,NO,no,no,Incorrect,0.7581
underspecified,21,dev_2622,no,,,other,NC,0.7596
underspecified,21,dev_2634,yes,YES,yes,yes,Correct,0.7741
underspecified,21,dev_2643,no,"YES. In chemical nomenclature, elements of the periodic table are typically capitalized",yes,yes,Incorrect,0.789
underspecified,21,dev_2655,yes,"NO. Visa Delta and Visa Debit are both debit card products, but they",no,no,Incorrect,0.7603
underspecified,21,dev_2656,yes,NO. While both concepts relate to a person's ability to live and work in,no,no,Incorrect,0.7867000000000001
underspecified,21,dev_2690,yes,"YES. Parcelforce is a brand of the Royal Mail, a postal",yes,yes,Correct,0.7868999999999999
underspecified,21,dev_2719,no,"NO. In most electrical circuits, electrons flow in the opposite direction of the conventional",no,no,Correct,0.7607
underspecified,21,dev_2727,no,I don't know. The classification of firearms can vary depending on the jurisdiction and,i,idk,IDK,0.7855
underspecified,21,dev_2750,yes,"YES. Cows need to be pregnant to produce milk, as the hormone prol",yes,yes,Correct,0.7612000000000001
underspecified,21,dev_2757,yes,"YES, there is a Dodo in Alice in Wonderland. The Dodo is",yes,yes,Correct,0.7833
underspecified,21,dev_2770,yes,YES,yes,yes,Correct,0.7583
underspecified,21,dev_2791,yes,"NO. The gut and stomach are both part of the digestive system, but they",no,no,Incorrect,0.7613
underspecified,21,dev_2813,yes,NO. The Greatest Showman is a musical drama film based on the life of,no,no,Incorrect,0.7841
underspecified,21,dev_2821,yes,"NO. Nicotine is actually a cholinergic agonist, meaning it acts",no,no,Incorrect,0.7852
underspecified,21,dev_2832,yes,Yes. Shea butter is made from the nut of the shea tree (V,yes,yes,Correct,0.7612000000000001
underspecified,21,dev_2838,no,NO,no,no,Correct,0.7831
underspecified,21,dev_2853,no,I don't know,i,idk,IDK,0.7573
underspecified,21,dev_2870,no,"NO. The derivative of a continuous function is not always continuous. For example,",no,no,Correct,0.7606
underspecified,21,dev_2875,yes,NO,no,no,Incorrect,0.7589
underspecified,21,dev_2880,no,NO,no,no,Correct,0.7592000000000001
underspecified,21,dev_2890,no,NO. Non-permanent members of the Security Council do not have veto power.,no,no,Correct,0.7857000000000001
underspecified,21,dev_2901,yes,"NO. While they are all part of the Volkswagen Group, they are separate brands",no,no,Incorrect,0.761
underspecified,21,dev_2906,yes,NO. A fidelity bond and crime insurance are related but not the same. A,no,no,Incorrect,0.7471
underspecified,21,dev_2919,no,YES. The,yes,yes,Incorrect,0.7601
underspecified,21,dev_2931,yes,"NO. In most jurisdictions, the minimum age for consuming alcohol is 21.",no,no,Incorrect,0.7562000000000001
underspecified,21,dev_2933,no,"YES, some commercial aircraft do fly over the North Pole, but it's not",yes,yes,Incorrect,0.7566
underspecified,21,dev_2956,yes,,,other,NC,0.756
underspecified,21,dev_2959,no,NO,no,no,Correct,0.7549
underspecified,21,dev_2967,yes,"NO, the sun always rises in the east and sets in the west, due",no,no,Incorrect,0.7705
underspecified,21,dev_2973,no,"YES, the second movie is called ""The Golden Compass: The Bear Trap"",",yes,yes,Incorrect,0.767
underspecified,21,dev_2991,yes,NO,no,no,Incorrect,0.757
underspecified,21,dev_3000,yes,NO Back ribs and baby back ribs are not the same. Baby back,no,no,Incorrect,0.7827999999999999
underspecified,21,dev_3015,yes,NO,no,no,Incorrect,0.7589
underspecified,21,dev_3027,no,"NO. Ireland is not part of the Schengen Area, so a Sch",no,no,Correct,0.7847000000000001
underspecified,21,dev_3029,no,YES,yes,yes,Incorrect,0.7716000000000001
underspecified,21,dev_3035,no,"YES, Halo 2 does have achievements on Xbox 360. The game was",yes,yes,Incorrect,0.7828999999999999
underspecified,21,dev_3040,no,I don't know. The classification of a no-insurance ticket as a moving,i,idk,IDK,0.7575
underspecified,21,dev_3073,no,No. Top sirloin steak and sirloin steak are two different cuts,no,no,Correct,0.7817999999999999
underspecified,21,dev_3079,yes,NO,no,no,Incorrect,0.7554
underspecified,21,dev_3089,yes,NO,no,no,Incorrect,0.7832
underspecified,21,dev_3105,yes,"NO 

A neutral wire should not be connected to ground, as this",no,no,Incorrect,0.7571
underspecified,21,dev_3106,yes,NO. High-rise and high-waisted are related but distinct terms in the,no,no,Incorrect,0.758
underspecified,21,dev_3107,yes,YES. There have been several recess appointments to the Supreme Court throughout history. One,yes,yes,Correct,0.7881
underspecified,21,dev_3122,no,"NO, there is no chocolate in Reese's Pieces. Reese's Pieces are a",no,no,Correct,0.7834
underspecified,21,dev_3143,no,YES. The Republic of Ireland is part of the Common Travel Area (CTA,yes,yes,Incorrect,0.7845
underspecified,21,dev_3173,no,I don't know,i,idk,IDK,0.7717999999999999
underspecified,21,dev_3183,no,"YES. The winner of the British Open is awarded the Claret Jug, which",yes,yes,Incorrect,0.772
underspecified,21,dev_3187,yes,NO. Batman Forever is a sequel to Batman Returns is incorrect. Batman Forever is,no,no,Incorrect,0.782
underspecified,21,dev_3204,no,Yes. The fundus of the gallbladder is located near the cystic,yes,yes,Incorrect,0.7582000000000001
underspecified,21,dev_3212,yes,NO. A physical address (also known as a MAC address) is a unique,no,no,Incorrect,0.7577999999999999
underspecified,21,dev_3221,no,NO,no,no,Correct,0.7813
underspecified,21,dev_3231,yes,NO. The standard error (SE) and standard deviation (SD) are related,no,no,Incorrect,0.7679
underspecified,21,dev_3232,yes,NO,no,no,Incorrect,0.7579
underspecified,21,dev_3238,yes,NO.,no,no,Incorrect,0.7828999999999999
underspecified,21,dev_3239,yes,YES. The Conn Smythe Trophy has been awarded to players on the losing team,yes,yes,Correct,0.7815
underspecified,21,dev_3241,yes,NO,no,no,Incorrect,0.7579
underspecified,21,dev_3242,yes,"YES. A Ruby and a Sapphire combined make a Garnet, specifically a Star",yes,yes,Correct,0.7605
underspecified,21,dev_0031,yes,YES,yes,yes,Correct,0.7534
underspecified,21,dev_0148,yes,"YES. Sméagol, also known as Gollum, dies in",yes,yes,Correct,0.7625
underspecified,21,dev_0178,yes,YES,yes,yes,Correct,0.7867999999999999
underspecified,21,dev_0410,yes,YES,yes,yes,Correct,0.7709
underspecified,21,dev_0419,yes,"NO, Eric Clapton did not play on ""While My Guitar Gently",no,no,Incorrect,0.7717999999999999
underspecified,21,dev_0448,yes,"YES, Jefferson Airplane was inducted into the Rock and Roll Hall of Fame",yes,yes,Correct,0.7704
underspecified,21,dev_0224,no,"NO, The Outsiders is a work of fiction written by S.E. H",no,no,Correct,0.7717999999999999
underspecified,21,dev_0317,no,NO,no,no,Correct,0.7696000000000001
underspecified,21,dev_0368,no,"NO. The Color Purple is a novel by Alice Walker, and while it is",no,no,Correct,0.7721
underspecified,21,dev_0507,no,"I don't know. I'm a large language model, I don't have",i,idk,IDK,0.7705
underspecified,21,dev_0603,no,NO,no,no,Correct,0.7446
underspecified,21,dev_0938,no,"NO. The song ""House of the Rising Sun"" is a traditional American folk",no,no,Correct,0.7577
underspecified,21,dev_0076,yes,YES. Female ferrets are prone to a life-threatening condition called adrenal disease if,yes,yes,Correct,0.7841
underspecified,21,dev_0459,yes,"YES. In eukaryotic cells, the DNA is transcribed from one",yes,yes,Correct,0.7828999999999999
underspecified,21,dev_0502,yes,NO,no,no,Incorrect,0.7837999999999999
underspecified,21,dev_0580,yes,"NO, male and female blue jays do not look the same. Males",no,no,Incorrect,0.7696000000000001
underspecified,21,dev_1089,yes,YES,yes,yes,Correct,0.7621
underspecified,21,dev_1153,yes,"NO, melaleuca and tea tree are not the same thing, although",no,no,Incorrect,0.7924
underspecified,21,dev_1315,yes,I don't know. The strength of intermolecular forces can vary depending on,i,idk,IDK,0.7848999999999999
underspecified,21,dev_1482,yes,"YES. Muscle fibers and muscle cells are often used interchangeably, but technically,",yes,yes,Correct,0.7602000000000001
underspecified,21,dev_1568,yes,NO. While both vultures and buzzards are birds of prey that feed,no,no,Incorrect,0.7847999999999999
underspecified,21,dev_1968,yes,"NO, a turtle and a tortoise are not the same, although they are",no,no,Incorrect,0.8029
underspecified,21,dev_2223,yes,NO,no,no,Incorrect,0.759
underspecified,21,dev_2420,yes,YES,yes,yes,Correct,0.7828999999999999
underspecified,21,dev_2882,yes,NO. Redback spiders (Latrodectus hasseltii) are native,no,no,Incorrect,0.7831
underspecified,21,dev_2899,yes,YES. Dalmatians are known to develop their distinctive spots as they grow,yes,yes,Correct,0.7828999999999999
underspecified,21,dev_2910,yes,NO,no,no,Incorrect,0.7573
underspecified,21,dev_0713,no,"YES. Cows typically become pregnant before they start lactating, as pregnancy is",yes,yes,Incorrect,0.7827999999999999
underspecified,21,dev_0816,no,"NO. The spinal cord is generally shorter than the vertebral column, especially in",no,no,Correct,0.7572000000000001
underspecified,21,dev_0911,no,NO,no,no,Correct,0.7837999999999999
underspecified,21,dev_0997,no,NO. While both are antiseptic liquids used to clean and disinfect surfaces,no,no,Correct,0.7827999999999999
underspecified,21,dev_1258,no,"YES. The umbilical cord is indeed inside the amniotic sac,",yes,yes,Incorrect,0.785
underspecified,21,dev_1422,no,"YES  Root hairs are specialized structures that occur along the length of a root,",yes,yes,Incorrect,0.7451
underspecified,21,dev_2120,no,"No. Dalmatians are born without spots, and their spots develop as",no,no,Correct,0.7715
underspecified,21,dev_2353,no,NO. Bees and hornets are both insects in the order Hymen,no,no,Correct,0.7729
underspecified,21,dev_2441,no,"NO. Identical twins are always the same sex, as they develop from the",no,no,Correct,0.7577
underspecified,21,dev_2087,no,YES. Sperm whales are listed as Vulnerable on the,yes,yes,Incorrect,0.7444
underspecified,21,dev_2215,no,NO,no,no,Correct,0.7577
underspecified,21,dev_2503,no,"NO. A catbird and a mockingbird are both songbirds, but they",no,no,Correct,0.7845
underspecified,21,dev_2652,no,"YES. Baby birds, also known as hatchlings, often have a small,",yes,yes,Incorrect,0.784
underspecified,21,dev_2850,no,"NO. While most bees have a stinger, not all bees are able to",no,no,Correct,0.7935
underspecified,21,dev_3062,no,"NO, black and yellow garden spiders (Argiope aurantia) are",no,no,Correct,0.786
underspecified,21,dev_0400,yes,YES. A profit and loss account and an income statement are essentially the same thing,yes,yes,Correct,0.7827000000000001
underspecified,21,dev_0432,yes,YES,yes,yes,Correct,0.7586
underspecified,21,dev_0446,yes,I don't know. Bi-Mart is a retail store chain that operates in the,i,idk,IDK,0.7509
underspecified,21,dev_0455,yes,YES,yes,yes,Correct,0.7582000000000001
underspecified,21,dev_0472,yes,NO. While both Toys R Us and Babies R Us were owned by the same,no,no,Incorrect,0.7848999999999999
underspecified,21,dev_0524,yes,"YES

In-N-Out Burger has several locations in Nevada, including in the Las",yes,yes,Correct,0.7496
underspecified,21,dev_0767,yes,NO,no,no,Incorrect,0.7451
underspecified,21,dev_0875,yes,NO,no,no,Incorrect,0.7451
underspecified,21,dev_0950,yes,YES. Poland Spring water is a brand of bottled water that is sourced from natural,yes,yes,Correct,0.7827999999999999
underspecified,21,dev_1023,yes,NO. A mortgage loan originator is a specific type of loan officer who specializes,no,no,Incorrect,0.7585
underspecified,21,dev_1171,yes,"YES. Guernsey is a Crown dependency of the UK, and its currency",yes,yes,Correct,0.7564
underspecified,21,dev_1207,yes,NO,no,no,Incorrect,0.7565
underspecified,21,dev_1299,yes,YES Net earnings and net income are often used interchangeably and refer to,yes,yes,Correct,0.768
underspecified,21,dev_0157,no,"NO, not all eyeglasses are made by the same company. Many companies",no,no,Correct,0.7607999999999999
underspecified,21,dev_0371,no,NO,no,no,Correct,0.7832
underspecified,21,dev_0621,no,I don't know. The cost of getting cash back depends on the specific banking,i,idk,IDK,0.7624
underspecified,21,dev_0699,no,NO,no,no,Correct,0.7878
underspecified,21,dev_0954,no,I don't know. I'm not aware of any information about £2 coins,i,idk,IDK,0.7825
underspecified,21,dev_1050,no,NO. White Castle is a fast-food restaurant chain with locations across the,no,no,Correct,0.7607
underspecified,21,dev_1208,no,NO,no,no,Correct,0.7595
underspecified,21,dev_1257,no,"NO. Home Bargains and Quality Save are both discount retailers, but they are",no,no,Correct,0.7585
underspecified,21,dev_1805,no,"No. The $10,000 bill was last printed in 1945 and",no,no,Correct,0.7594
underspecified,21,dev_1876,no,I don't know. I don't have any information about the current status of,i,idk,IDK,0.7852
underspecified,21,dev_2290,no,NO. GDP per capita and per capita income are related but not the same.,no,no,Correct,0.761
underspecified,21,dev_2444,no,NO. While both land tax and property tax are types of taxes levied on,no,no,Correct,0.7862
underspecified,21,dev_0250,yes,YES,yes,yes,Correct,0.7614
underspecified,21,dev_0337,yes,"YES. The King's Birthday is a public holiday in Victoria, Australia. However",yes,yes,Correct,0.7619
underspecified,21,dev_0386,yes,I don't know,i,idk,IDK,0.7702
underspecified,21,dev_0591,yes,YES. Copa Airlines is a member of the Star Alliance.,yes,yes,Correct,0.7873
underspecified,21,dev_0746,yes,"YES, June 12 is a holiday in the Philippines, it is Independence Day",yes,yes,Correct,0.7862
underspecified,21,dev_0845,yes,YES. Breaking in a new car engine is a process that involves driving the vehicle,yes,yes,Correct,0.7607
underspecified,21,dev_0855,yes,"YES. Some flight paths, particularly those used by transpolar flights, do",yes,yes,Correct,0.7647
underspecified,21,dev_0915,yes,"YES, there is a water park at Ontario Place in Toronto, Canada. It",yes,yes,Correct,0.8118
underspecified,21,dev_0945,yes,"NO. While both are used for sealing threads, thread seal tape is a general",no,no,Incorrect,0.7627999999999999
underspecified,21,dev_0021,no,NO,no,no,Correct,0.7643
underspecified,21,dev_0490,no,"No, American citizens do not need a visa to enter Georgia. As a U",no,no,Correct,0.7609
underspecified,21,dev_0581,no,"NO. A peck is a unit of dry volume, equal to about",no,no,Correct,0.7587
underspecified,21,dev_0631,no,YES,yes,yes,Incorrect,0.7615
underspecified,21,dev_0691,no,"NO. If it says ""Freepost"", it typically means that the sender",no,no,Correct,0.7607
underspecified,21,dev_0783,no,NO,no,no,Correct,0.7607
underspecified,21,dev_0787,no,"YES, the BMW 1 Series is typically front-wheel drive (FWD)",yes,yes,Incorrect,0.7868999999999999
underspecified,21,dev_0825,no,I don't know. The Waterloo & City line is a London Underground line that,i,idk,IDK,0.7596
underspecified,21,dev_0885,no,"Yes, UK citizens need a visa to enter Albania. However, UK citizens who",yes,yes,Incorrect,0.7599
underspecified,21,dev_0089,yes,"YES. There are several movies with 0% on Rotten Tomatoes,",yes,yes,Correct,0.7874
underspecified,21,dev_0095,yes,"YES, the Canadian television series ""Anne with an E"" was indeed filmed on",yes,yes,Correct,0.7625
underspecified,21,dev_0211,yes,YES,yes,yes,Correct,0.7863
underspecified,21,dev_0238,yes,I don't know. I'm not familiar with the specific details of the movie,i,idk,IDK,0.7583
underspecified,21,dev_0252,yes,I don't know. I'm not aware of any information about the filming location,i,idk,IDK,0.7861
underspecified,21,dev_0256,yes,NO. The,no,no,Incorrect,0.7617
underspecified,21,dev_0266,yes,"I don't know. I'm a large language model, I don't have",i,idk,IDK,0.787
underspecified,21,dev_0310,yes,YES,yes,yes,Correct,0.7976
underspecified,21,dev_0359,yes,"YES. In the game show ""Who Wants to Be a Millionaire,"" contestants",yes,yes,Correct,0.7886
underspecified,21,dev_0422,yes,"YES, Lucas and Peyton do come back to One Tree Hill in the series.",yes,yes,Correct,0.7865
underspecified,21,dev_0040,no,NO,no,no,Correct,0.7872
underspecified,21,dev_0080,no,"I don't know. I couldn't find any information about a movie called """,i,idk,IDK,0.7884
underspecified,21,dev_0100,no,I don't know. I'm not aware of the specific plot details of The,i,idk,IDK,0.7908
underspecified,21,dev_0240,no,YES. The Walking Dead and Fear the Walking Dead are two television series that are,yes,yes,Incorrect,0.7858999999999999
underspecified,21,dev_0247,no,"YES, Let There Be Light is a faith-based film based on a true story",yes,yes,Incorrect,0.7874
underspecified,21,dev_0260,no,YES. A real gorilla named Congo was used in the 1949 film,yes,yes,Incorrect,0.7865
underspecified,21,dev_0277,no,YES,yes,yes,Incorrect,0.7729
underspecified,21,dev_0290,no,YES. Elena Gilbert (played by Nina Dobrev) dies in the season,yes,yes,Incorrect,0.7733
underspecified,21,dev_0303,no,"I don't know. However, I can suggest checking a reliable source such as",i,idk,IDK,0.7721
underspecified,21,dev_0231,yes,Yes. Penne alla vodka is a classic Italian pasta dish that typically includes heavy,yes,yes,Correct,0.7758999999999999
underspecified,21,dev_0401,yes,NO. While both whole wheat rice and brown rice are considered whole grain types of,no,no,Incorrect,0.7726000000000001
underspecified,21,dev_0420,yes,YES. Red velvet cake is a type of chocolate cake that gets its distinctive red,yes,yes,Correct,0.7505
underspecified,21,dev_0571,yes,NO. Chicken Cordon Bleu is typically made with ham and Swiss cheese.,no,no,Incorrect,0.7711
underspecified,21,dev_0583,yes,NO. While both pork back ribs and baby back ribs come from the loin area,no,no,Incorrect,0.7751
underspecified,21,dev_0765,yes,"NO, salted duck eggs do not need to be cooked. They are a",no,no,Incorrect,0.7712
underspecified,21,dev_0778,yes,NO. A cookie sheet and a sheet pan are related but distinct pieces of kitchen,no,no,Incorrect,0.7492000000000001
underspecified,21,dev_0815,yes,"NO. Sprite is a lemon-lime flavored soft drink, but it does not",no,no,Incorrect,0.7722
underspecified,21,dev_0073,no,I don't know. The taste of cotton candy is primarily determined by the flavor,i,idk,IDK,0.8129
underspecified,21,dev_0491,no,NO,no,no,Correct,0.7622000000000001
underspecified,21,dev_0615,no,NO,no,no,Correct,0.7597999999999999
underspecified,21,dev_0868,no,"NO. Fruit Roll-Ups are a type of fruit-flavored snack, but",no,no,Correct,0.7584
underspecified,21,dev_0880,no,"NO, Thousand Island and French dressing are two different types of condiments. Thousand",no,no,Correct,0.7453
underspecified,21,dev_0953,no,"NO. Monster energy drinks are a type of energy drink that typically contains caffeine,",no,no,Correct,0.7585
underspecified,21,dev_0985,no,NO. Long Island Iced Teas are a type of cocktail that typically consists,no,no,Correct,0.7846000000000001
underspecified,21,dev_0136,yes,YES,yes,yes,Correct,0.7831
underspecified,21,dev_0367,yes,NO,no,no,Incorrect,0.7817999999999999
underspecified,21,dev_0618,yes,"Yes, Dying Light: The Following Enhanced Edition comes with the original game.",yes,yes,Correct,0.7844
underspecified,21,dev_0720,yes,Yes,yes,yes,Correct,0.7456
underspecified,21,dev_0770,yes,"I don't know. There are 38 numbers on a standard roulette wheel,",i,idk,IDK,0.7857000000000001
underspecified,21,dev_0835,yes,"Yes. Pokémon: Let's Go, Pikachu! and Let's Go, E",yes,yes,Correct,0.7605
underspecified,21,dev_0896,yes,YES,yes,yes,Correct,0.7651
underspecified,21,dev_0434,no,"NO. While the Xbox One has backward compatibility with some Xbox 360 games,",no,no,Correct,0.779
underspecified,21,dev_0489,no,NO,no,no,Correct,0.7867000000000001
underspecified,21,dev_0852,no,I don't know,i,idk,IDK,0.7848999999999999
underspecified,21,dev_0870,no,"NO. While paladins are often associated with Lawful Good alignments, the",no,no,Correct,0.7863
underspecified,21,dev_1148,no,NO,no,no,Correct,0.7861
underspecified,21,dev_2595,no,"NO. A Way Out is a cooperative-only third-person action-adventure game,",no,no,Correct,0.7583
underspecified,21,dev_0281,yes,NO. There are no tolls on I-70 in Kansas. I-,no,no,Incorrect,0.7587999999999999
underspecified,21,dev_0528,yes,"YES. Atlantic City has a train station, which is served by NJ Transit and",yes,yes,Correct,0.7593
underspecified,21,dev_0547,yes,I don't know,i,idk,IDK,0.7832
underspecified,21,dev_0623,yes,YES,yes,yes,Correct,0.7838999999999999
underspecified,21,dev_0626,yes,NO,no,no,Incorrect,0.7582000000000001
underspecified,21,dev_0686,yes,I don't know,i,idk,IDK,0.7888
underspecified,21,dev_0822,yes,"NO. Marble Falls, TX is a city in Texas, and while it has",no,no,Incorrect,0.7834
underspecified,21,dev_1210,yes,I don't know. I couldn't find any information about a town being submerged,i,idk,IDK,0.7876000000000001
underspecified,21,dev_0374,no,"NO. San Pedro, Laguna is a city in the province of Laguna and is",no,no,Correct,0.7593
underspecified,21,dev_0900,no,"NO 

Fort Walton Beach and Destin are two separate cities located in the state",no,no,Correct,0.7595
underspecified,21,dev_0913,no,"YES. There is a Porpoise Spit in Australia, specifically in Queensland.",yes,yes,Incorrect,0.7843
underspecified,21,dev_1234,no,NO,no,no,Correct,0.7853
underspecified,21,dev_1360,no,I don't know. I'd need more information or context about Lake Hiaw,i,idk,IDK,0.756
underspecified,21,dev_1544,no,NO,no,no,Correct,0.7607
underspecified,21,dev_1588,no,NO,no,no,Correct,0.7455
underspecified,21,dev_0344,yes,NO. Arsenic is a highly toxic substance that can cause serious health problems,no,no,Incorrect,0.7712
underspecified,21,dev_0379,yes,"YES. New England Baptist Hospital is a teaching hospital located in Boston, Massachusetts.",yes,yes,Correct,0.7457999999999999
underspecified,21,dev_0474,yes,I don't know,i,idk,IDK,0.7582000000000001
underspecified,21,dev_0614,yes,I don't know. The effectiveness of a cold water bath compared to an ice,i,idk,IDK,0.759
underspecified,21,dev_0655,yes,I don't know. A hiatal hernia is a condition where part of,i,idk,IDK,0.7824
underspecified,21,dev_1195,yes,NO. Blue-ringed octopus venom is highly toxic and can be deadly to,no,no,Incorrect,0.785
underspecified,21,dev_1197,yes,"NO. An ectopic pregnancy is a pregnancy that develops outside the uterus, typically",no,no,Incorrect,0.7742
underspecified,21,dev_1313,yes,"NO. 
Relative risk and risk ratio are related but distinct measures of the strength",no,no,Incorrect,0.7739
underspecified,21,dev_1564,yes,NO,no,no,Incorrect,0.7474
underspecified,21,dev_0078,no,YES. The brachiocephalic artery is a major artery that arises from,yes,yes,Incorrect,0.7722
underspecified,21,dev_0166,no,"NO.  The guidelines suggest a variety of fruits and vegetables, but do not",no,no,Correct,0.7603
underspecified,21,dev_0851,no,"YES
Attending a first aid course is an important part of the chain of",yes,yes,Incorrect,0.7587999999999999
underspecified,21,dev_0861,no,"NO. A junctional rhythm typically does not have a P wave, as it",no,no,Correct,0.7575
underspecified,21,dev_0872,no,"NO. First-degree burns are generally less severe than third-degree burns, as they",no,no,Correct,0.7838999999999999
underspecified,21,dev_1554,no,YES,yes,yes,Incorrect,0.7825
underspecified,21,dev_1719,no,NO. Extended release and sustained release are related but not exactly the same. Both,no,no,Correct,0.7834
underspecified,21,dev_1991,no,NO. The ring finger is not connected to the heart. This is a common,no,no,Correct,0.7822
underspecified,21,dev_2115,no,"NO, being a sumo wrestler is not typically considered a healthy profession due to",no,no,Correct,0.7609
underspecified,21,dev_0105,yes,"YES. The Revolutionary War, fought between the British Empire and the Thirteen Colon",yes,yes,Correct,0.7605
underspecified,21,dev_0125,yes,"YES. There were a few survivors of the Pompeii eruption, which occurred in",yes,yes,Correct,0.7975
underspecified,21,dev_0191,yes,YES. The Tomb of the Unknown Soldier is a monument in Arlington National Cemetery that,yes,yes,Correct,0.7473
underspecified,21,dev_1292,yes,"Yes. The Queen of England, Elizabeth II, married her cousin, Prince Philip",yes,yes,Correct,0.7722
underspecified,21,dev_1338,yes,"NO 

The Gulf War was a conflict that took place in the early 199",no,no,Incorrect,0.771
underspecified,21,dev_0388,no,YES,yes,yes,Incorrect,0.7924
underspecified,21,dev_0703,no,I don't know. The Peacock Throne was a famous throne from the M,i,idk,IDK,0.7978
underspecified,21,dev_0833,no,YES,yes,yes,Incorrect,0.7576
underspecified,21,dev_0874,no,"YES. On June 12, 1971, three inmates (Frank Morris",yes,yes,Incorrect,0.7932
underspecified,21,dev_1651,no,"YES, there are still tin mines left in Cornwall, although many have been closed",yes,yes,Incorrect,0.7601
underspecified,21,dev_0072,yes,"YES. In Canada, a Possession and Acquisition Licence (PAL) is required",yes,yes,Correct,0.7467
underspecified,21,dev_0258,yes,NO,no,no,Incorrect,0.7575
underspecified,21,dev_0286,yes,YES,yes,yes,Correct,0.7453
underspecified,21,dev_0348,yes,"NO. In the UK, it is not legal to keep skunks as pets",no,no,Incorrect,0.7705
underspecified,21,dev_0467,yes,NO,no,no,Incorrect,0.7834
underspecified,21,dev_0515,yes,I don't know,i,idk,IDK,0.7848999999999999
underspecified,21,dev_0562,yes,"NO. While Texas and New Mexico both issue concealed carry permits, they are not",no,no,Incorrect,0.7854
underspecified,21,dev_0636,yes,"NO. In California, it is generally not allowed to carry a loaded handgun on",no,no,Incorrect,0.7853
underspecified,21,dev_0740,yes,"YES. In many countries, there is a time limit for ratification of an",yes,yes,Correct,0.7818999999999999
underspecified,21,dev_0838,yes,NO,no,no,Incorrect,0.7622000000000001
underspecified,21,dev_0864,yes,"YES, in Ohio, you can open carry a firearm in most public places,",yes,yes,Correct,0.7867999999999999
underspecified,21,dev_0873,yes,"YES, but with certain restrictions and under the supervision of a licensed driver.",yes,yes,Correct,0.7596
underspecified,21,dev_0901,yes,NO,no,no,Incorrect,0.7583
underspecified,21,dev_0909,yes,NO,no,no,Incorrect,0.7576
underspecified,21,dev_1134,yes,YES. New York State is a common law state. It follows the common law,yes,yes,Correct,0.7591
underspecified,21,dev_0198,no,YES,yes,yes,Incorrect,0.7837999999999999
underspecified,21,dev_0215,no,I don't know,i,idk,IDK,0.6752
underspecified,21,dev_0223,no,NO,no,no,Correct,0.7573
underspecified,21,dev_0234,no,"NO. In most jurisdictions, the age of consent is higher than 15,",no,no,Correct,0.7836000000000001
underspecified,21,dev_0272,no,"I don't know. I'm a large language model, I don't have",i,idk,IDK,0.7596
underspecified,21,dev_0453,no,"NO. In the United States, incest laws prohibit marriage between close family members,",no,no,Correct,0.7841
underspecified,21,dev_0499,no,NO. Puerto Rico is a territory of the United States and does not have voting,no,no,Correct,0.7834
underspecified,21,dev_0552,no,NO,no,no,Correct,0.7577999999999999
underspecified,21,dev_0680,no,"YES, there is a time limit on trade secrets, as they are protected for",yes,yes,Incorrect,0.7971
underspecified,21,dev_0738,no,YES. Taiwan is a member of the Paris Convention for the Protection of Industrial Property,yes,yes,Incorrect,0.7864
underspecified,21,dev_0771,no,NO,no,no,Correct,0.7704
underspecified,21,dev_0888,no,YES. There have been a few instances where Supreme Court justices have been removed from,yes,yes,Incorrect,0.76
underspecified,21,dev_1135,no,NO,no,no,Correct,0.7567999999999999
underspecified,21,dev_1188,no,NO,no,no,Correct,0.7828999999999999
underspecified,21,dev_0339,yes,"NO. While a U.S. military ID is a valid form of identification,",no,no,Incorrect,0.7837000000000001
underspecified,21,dev_0357,yes,NO. The American Community Survey (ACS) is a voluntary survey conducted by the,no,no,Incorrect,0.7842
underspecified,21,dev_0498,yes,"YES. According to the Florida Constitution, Article III, Section 2, a",yes,yes,Correct,0.7855
underspecified,21,dev_0620,yes,YES,yes,yes,Correct,0.7782
underspecified,21,dev_0878,yes,NO,no,no,Incorrect,0.7597
underspecified,21,dev_1864,yes,NO,no,no,Incorrect,0.7877000000000001
underspecified,21,dev_2080,yes,NO. The Coast Guard is a unique branch of the U.S. Armed Forces,no,no,Incorrect,0.7611
underspecified,21,dev_2395,yes,NO,no,no,Incorrect,0.7883
underspecified,21,dev_2639,yes,YES Canada is a member of the United Nations,yes,yes,Correct,0.785
underspecified,21,dev_3155,yes,YES,yes,yes,Correct,0.762
underspecified,21,dev_3209,yes,YES. Attending the Naval Academy is a requirement to become a commissioned officer in,yes,yes,Correct,0.7624
underspecified,21,dev_0209,no,"NO. Israel is not a member of the European Economic Area (EEA),",no,no,Correct,0.7873
underspecified,21,dev_0273,no,"YES. The George Washington Bridge is a toll bridge, and drivers must pay a",yes,yes,Incorrect,0.8019
underspecified,21,dev_0404,no,"NO. Puerto Rico is a territory of the United States, but it is not",no,no,Correct,0.7961
underspecified,21,dev_0567,no,"NO. Romania is not part of the Visa Waiver Program. However, U",no,no,Correct,0.7797000000000001
underspecified,21,dev_0675,no,"YES, Saudi Arabia has signed the Universal Declaration of",yes,yes,Incorrect,0.7443
underspecified,21,dev_1172,no,NO,no,no,Correct,0.774
underspecified,21,dev_1275,no,NO,no,no,Correct,0.7459
underspecified,21,dev_1971,no,NO,no,no,Correct,0.774
underspecified,21,dev_2001,no,"NO. The presidential pardon power applies to federal crimes, not state crimes. The",no,no,Correct,0.7716000000000001
underspecified,21,dev_3004,no,"YES. In the UK, council houses were sold to tenants at a discounted price",yes,yes,Incorrect,0.7487999999999999
underspecified,21,dev_3256,no,I don't know.  The presence of cameras on traffic lights can vary depending,i,idk,IDK,0.7472000000000001
underspecified,21,dev_1132,yes,NO.  Pink quartz and rose quartz are two different types of quartz. Pink,no,no,Incorrect,0.7724
underspecified,21,dev_1233,yes,NO,no,no,Incorrect,0.7456
underspecified,21,dev_1511,yes,NO. The heat index is a measure of how hot it feels outside based on,no,no,Incorrect,0.7845
underspecified,21,dev_1633,yes,"NO  Acetone is a solvent that can be used in various applications,",no,no,Incorrect,0.7853
underspecified,21,dev_2007,yes,NO Liquefied petroleum gas (LPG) is a mixture,no,no,Incorrect,0.7587999999999999
underspecified,21,dev_2214,yes,NO,no,no,Incorrect,0.7603
underspecified,21,dev_2239,yes,"YES. The speed of sound in a medium is generally constant, but it can",yes,yes,Correct,0.7709
underspecified,21,dev_2299,yes,"NO. Rain requires clouds to form, as clouds are the result of water vapor",no,no,Incorrect,0.7744
underspecified,21,dev_2303,yes,"YES. All life on Earth, as far as we know, requires the same",yes,yes,Correct,0.7722
underspecified,21,dev_2477,yes,"NO. The set of natural numbers (N) typically includes all positive integers,",no,no,Incorrect,0.746
underspecified,21,dev_2993,yes,YES. Eidetic memory and photographic memory are often used interchangeably to,yes,yes,Correct,0.7705
underspecified,21,dev_3126,yes,YES,yes,yes,Correct,0.7711
underspecified,21,dev_3188,yes,NO,no,no,Incorrect,0.7459
underspecified,21,dev_3193,yes,"YES, the Georgia Aquarium in Atlanta, Georgia, USA is one of the few",yes,yes,Correct,0.7726000000000001
underspecified,21,dev_3234,yes,"YES. In geometry, a rhombus and a diamond are often used interchange",yes,yes,Correct,0.7462000000000001
underspecified,21,dev_3265,yes,NO. The Titius–Bode rule is a mathematical formula that was used,no,no,Incorrect,0.7737999999999999
underspecified,21,dev_0001,no,YES  Would,yes,yes,Incorrect,0.7561
underspecified,21,dev_0579,no,NO. The sound you hear when you hold a seashell to your ear,no,no,Correct,0.7721
underspecified,21,dev_1003,no,"YES
Least squares and linear regression are closely related and often used interchangeably",yes,yes,Incorrect,0.7336
underspecified,21,dev_1483,no,NO. A meter stick is a measuring tool that is 1 meter (100,no,no,Correct,0.7513
underspecified,21,dev_1551,no,"NO. Australia is not part of the Ring of Fire, which is a zone",no,no,Correct,0.8051
underspecified,21,dev_1702,no,NO. Pterodactyl and Pteranodon are both flying rept,no,no,Correct,0.8095
underspecified,21,dev_1925,no,"NO. While both terms are used to describe a measure of change, they have",no,no,Correct,0.7767000000000001
underspecified,21,dev_2025,no,NO. The load is the weight or mass being lifted or moved by the lever,no,no,Correct,0.7594
underspecified,21,dev_2312,no,"NO. While both turpentine and white spirit are solvents, they are",no,no,Correct,0.7697
underspecified,21,dev_2471,no,"YES. A fixed pulley changes the direction of the force applied to it,",yes,yes,Incorrect,0.7589
underspecified,21,dev_2521,no,NO. The t-distribution is a probability distribution that is similar to the normal,no,no,Correct,0.7827999999999999
underspecified,21,dev_2782,no,"NO
The hydronium ion (H3O+) and the hydrogen",no,no,Correct,0.771
underspecified,21,dev_2812,no,"YES
The salinity of seawater increases with depth due to the compression of",yes,yes,Incorrect,0.7466
underspecified,21,dev_3014,no,NO,no,no,Correct,0.7514
underspecified,21,dev_3034,no,NO. Hydraulic lime and hydrated lime are related but distinct materials. Hydraulic lime is,no,no,Correct,0.7467999999999999
underspecified,21,dev_3159,no,NO. While both chipmunks and ground squirrels are rodents that live in,no,no,Correct,0.7867000000000001
underspecified,21,dev_3190,no,NO. Mahi-mahi and ahi tuna are different species of fish.,no,no,Correct,0.7867999999999999
underspecified,21,dev_0682,yes,"YES. A sermon and a homily are often used interchangeably, and both",yes,yes,Correct,0.785
underspecified,21,dev_0735,yes,YES,yes,yes,Correct,0.7583
underspecified,21,dev_1505,yes,"YES. The University of St. Thomas is a private, nonprofit institution.",yes,yes,Correct,0.7577
underspecified,21,dev_1668,yes,"YES, Church of England (Anglican) worshippers do make the sign",yes,yes,Correct,0.7836000000000001
underspecified,21,dev_2373,yes,"NO. ""Lord of All Hopefulness"" is a Christian hymn, but",no,no,Incorrect,0.7855
underspecified,21,dev_2793,yes,YES. Eastern Kentucky University is a Division 1 school. They compete in the,yes,yes,Correct,0.7589
underspecified,21,dev_2929,yes,"NO. While child psychology and developmental psychology are related fields, they are",no,no,Incorrect,0.7855
underspecified,21,dev_0605,no,NO. Brigham Young University (BYU) is a private university owned by The,no,no,Correct,0.7557
underspecified,21,dev_0908,no,I don't know. I'd need more information or context to determine the accreditation,i,idk,IDK,0.7587
underspecified,21,dev_1388,no,NO,no,no,Correct,0.7554
underspecified,21,dev_1521,no,"YES. In Sweden, students receive a monthly allowance, known as """,yes,yes,Incorrect,0.7841
underspecified,21,dev_2334,no,NO. The Book of Jasher is an ancient Jewish text that is mentioned in,no,no,Correct,0.7605
underspecified,21,dev_2641,no,I don't know. The question seems to be about naming conventions in a broader,i,idk,IDK,0.8106
underspecified,21,dev_0347,yes,NO. The Women's College World Series is a single-elimination tournament.,no,no,Incorrect,0.7592000000000001
underspecified,21,dev_0411,yes,"I don't know. The Washington Redskins, now known as the Washington Commanders",i,idk,IDK,0.785
underspecified,21,dev_0439,yes,"YES, the Milwaukee Brewers have made it to the World Series twice: in",yes,yes,Correct,0.7836000000000001
underspecified,21,dev_0452,yes,"YES. Belgium has reached the World Cup final once, in 2018,",yes,yes,Correct,0.785
underspecified,21,dev_0585,yes,NO,no,no,Incorrect,0.7579
underspecified,21,dev_0656,yes,"YES, Kaká played in the 2002 World Cup. He was a",yes,yes,Correct,0.7831
underspecified,21,dev_0661,yes,YES. The KSI vs. Logan Paul fight was a highly publicized boxing,yes,yes,Correct,0.7573
underspecified,21,dev_0701,yes,YES. The Kentucky Derby is typically held on the first Saturday,yes,yes,Correct,0.783
underspecified,21,dev_0704,yes,YES. Wayne Gretzky won four Stanley Cup championships with the Edmonton Oilers in,yes,yes,Correct,0.7707999999999999
underspecified,21,dev_0752,yes,NO,no,no,Incorrect,0.7449
underspecified,21,dev_0848,yes,I don't know. The rules regarding signing free agents outside the transfer window can,i,idk,IDK,0.7461
underspecified,21,dev_0883,yes,YES. There have been several instances in various sports where a team has come back,yes,yes,Correct,0.7447
underspecified,21,dev_1143,yes,"YES. Dan Marino is a member of the Pro Football Hall of Fame, class",yes,yes,Correct,0.7492000000000001
underspecified,21,dev_1305,yes,NO,no,no,Incorrect,0.7429
underspecified,21,dev_1497,yes,"YES, Alphonso Areola played in the 2018 World Cup.",yes,yes,Correct,0.769
underspecified,21,dev_1777,yes,"NO. In league playoffs, the away goals rule only applies to the second leg",no,no,Incorrect,0.7456
underspecified,21,dev_2250,yes,"YES, Poland qualified for the 2018 FIFA World Cup.",yes,yes,Correct,0.7737999999999999
underspecified,21,dev_2370,yes,"YES. Ireland has beaten the Wallabies in Australia on several occasions, including a",yes,yes,Correct,0.7714
underspecified,21,dev_0083,no,NO,no,no,Correct,0.7436
underspecified,21,dev_0085,no,YES. Deion Sanders won two World Series championships with the New York Yankees in,yes,yes,Incorrect,0.7707
underspecified,21,dev_0170,no,NO. The Czech Republic has not won the FIFA World Cup. The Czech Republic,no,no,Correct,0.7703
underspecified,21,dev_0230,no,YES,yes,yes,Incorrect,0.7705
underspecified,21,dev_0412,no,"NO. The Miami Dolphins' mascot is a dolphin named T.D., but it",no,no,Correct,0.7484
underspecified,21,dev_0421,no,I don't know,i,idk,IDK,0.7462000000000001
underspecified,21,dev_0447,no,"YES  Panama qualified for the 2018 World Cup, which was held in",yes,yes,Incorrect,0.7427
underspecified,21,dev_0544,no,YES,yes,yes,Incorrect,0.7455
underspecified,21,dev_0565,no,NO. Walks are not included in batting average. Batting average is calculated,no,no,Correct,0.7323
underspecified,21,dev_0589,no,"NO. According to the official FIBA and NBA rules, goaltending is",no,no,Correct,0.7704
underspecified,21,dev_0593,no,"NO, the FIFA World Cup trophy is kept on permanent display at the FIFA Museum",no,no,Correct,0.7711
underspecified,21,dev_0859,no,NO,no,no,Correct,0.7834
underspecified,21,dev_0865,no,"YES (The San Jose Sharks have appeared in the Stanley Cup Finals three times,",yes,yes,Incorrect,0.7599
underspecified,21,dev_1518,no,Yes. All 2018 World Cup matches were played in Russia.,yes,yes,Incorrect,0.7685
underspecified,21,dev_1768,no,"YES, England won the Women's World Cup in 2022, defeating Spain",yes,yes,Incorrect,0.7837999999999999
underspecified,21,dev_1779,no,"NO, India did not qualify for the 2018 FIFA World Cup. They",no,no,Correct,0.7575
underspecified,21,dev_1905,no,"NO. According to the Laws of the Game, a player cannot be in an",no,no,Correct,0.7836000000000001
underspecified,21,dev_2156,no,"YES. The New York Yankees won the World Series in 2001, defeating",yes,yes,Incorrect,0.7577999999999999
underspecified,21,dev_2158,no,NO,no,no,Correct,0.7837000000000001
underspecified,21,dev_2798,no,"NO, the Super Bowl loser does not receive a championship ring. However, they",no,no,Correct,0.7569
underspecified,21,dev_3138,no,"YES. The Olympic gold medal is made of gold, specifically 92.5",yes,yes,Incorrect,0.7591
underspecified,21,dev_0307,yes,I don't know,i,idk,IDK,0.7589
underspecified,21,dev_0506,yes,"YES. Drywall mud and joint compound are essentially the same thing,",yes,yes,Correct,0.7577
underspecified,21,dev_0641,yes,I don't know. The compatibility of parts between different firearm models depends on various,i,idk,IDK,0.8058
underspecified,21,dev_0844,yes,I don't know. I don't have information on the specific tower-sharing agreements,i,idk,IDK,0.7469
underspecified,21,dev_1032,yes,"NO. 1-844 is a toll-free number in the United States,",no,no,Incorrect,0.7721
underspecified,21,dev_1574,yes,YES  Would you like to know,yes,yes,Correct,0.7451
underspecified,21,dev_1889,yes,"YES. The Mazda Tribute and Ford Escape are essentially the same vehicle, as they",yes,yes,Correct,0.7569
underspecified,21,dev_2093,yes,"Yes, in some countries and devices, you can make emergency calls, including calling",yes,yes,Correct,0.7703
underspecified,21,dev_2213,yes,NO,no,no,Incorrect,0.7709
underspecified,21,dev_2735,yes,Yes. Pipelining can help reduce the latency of a single task by breaking,yes,yes,Correct,0.757
underspecified,21,dev_2836,yes,NO,no,no,Incorrect,0.7426
underspecified,21,dev_0788,no,NO. MiniDV tapes and 8mm tapes are different types of video recording,no,no,Correct,0.7437999999999999
underspecified,21,dev_0798,no,NO,no,no,Correct,0.7707999999999999
underspecified,21,dev_1249,no,"YES. In C++, strings are typically null-terminated, which means they end",yes,yes,Incorrect,0.7435
underspecified,21,dev_1458,no,YES,yes,yes,Incorrect,0.7574
underspecified,21,dev_1584,no,YES,yes,yes,Incorrect,0.7842
underspecified,21,dev_1589,no,NO. A SIM-free phone is a phone that is not locked to a specific,no,no,Correct,0.7851
underspecified,21,dev_1657,no,"YES, the first iPhone, released in 2007, did have a front",yes,yes,Incorrect,0.7863
underspecified,21,dev_1691,no,NO,no,no,Correct,0.7597
underspecified,21,dev_1943,no,"Yes. To join PlayStation Network (PSN), you typically need to have a",yes,yes,Incorrect,0.7566
underspecified,21,dev_2682,no,NO,no,no,Correct,0.7596
underspecified,21,dev_2712,no,I don't know. I don't have information on the specific characteristics or uses,i,idk,IDK,0.757
underspecified,21,dev_0427,no,NO. The Barber of Seville and Sweeney Todd are two separate musicals,no,no,Correct,0.7832
underspecified,21,dev_0531,no,NO. While Smaug is a famous dragon in J.R.R. Tolkien,no,no,Correct,0.7842
underspecified,21,dev_1915,no,NO. The Hunchback of Notre-Dame is a historical fiction novel by,no,no,Correct,0.8065
underspecified,21,dev_1946,no,NO,no,no,Correct,0.6642
underspecified,21,dev_2024,no,NO. The foreword typically comes after the table of contents in the book front,no,no,Correct,0.7838999999999999
underspecified,21,dev_2265,no,NO,no,no,Correct,0.7629
underspecified,21,dev_0004,yes,YES,yes,yes,Correct,0.7845
underspecified,21,dev_0241,yes,YES,yes,yes,Correct,0.7697
underspecified,21,dev_0326,yes,YES,yes,yes,Correct,0.745
underspecified,21,dev_0525,yes,YES,yes,yes,Correct,0.7453
underspecified,21,dev_0577,yes,YES. Phil Collins and Peter Gabriel were both members of the British rock band Genesis,yes,yes,Correct,0.7472000000000001
underspecified,21,dev_0799,yes,Yes.  Contestants on Jeopardy! win the amount of money they,yes,yes,Correct,0.6617000000000001
underspecified,21,dev_0142,no,NO,no,no,Correct,0.75
underspecified,21,dev_0494,no,"NO. In biology, ""fitness"" refers to an individual's ability to survive",no,no,Correct,0.7707999999999999
underspecified,21,dev_0527,no,NO. HeLa cells are an immortalized cell line that was derived from a,no,no,Correct,0.7446
underspecified,21,dev_0566,no,"NO. Bacteria of the same species can exhibit variations in shape, known as",no,no,Correct,0.7731
underspecified,21,dev_0648,no,"YES (technically, they don't lose their leaves, but they",yes,yes,Incorrect,0.7465
underspecified,21,dev_0668,no,NO,no,no,Correct,0.7493
underspecified,21,dev_0749,no,"NO. Sensory neurons are part of the peripheral nervous system, which includes nerves",no,no,Correct,0.7717
underspecified,21,dev_0790,no,NO,no,no,Correct,0.734
underspecified,21,dev_0867,no,"NO. While a specific genotype typically has a specific range of possible phenotypes,",no,no,Correct,0.7451
underspecified,21,dev_0921,no,NO (Whale sharks are filter feeders and do not actively hunt or eat,no,no,Correct,0.745
underspecified,21,dev_1088,no,NO. Rabbits and cats are different species and are not capable of producing viable,no,no,Correct,0.7711
underspecified,21,dev_1329,no,NO,no,no,Correct,0.7457999999999999
underspecified,21,dev_1402,no,NO,no,no,Correct,0.7703
underspecified,21,dev_1428,no,"NO. Sweat glands are part of the integumentary system, which is a",no,no,Correct,0.7599
underspecified,21,dev_1439,no,"NO. A groundhog and a mole are both burrowing mammals, but they",no,no,Correct,0.7592000000000001
underspecified,21,dev_0020,yes,Yes,yes,yes,Correct,0.7707
underspecified,21,dev_0027,yes,Yes. Penguins have feathers that arise from the epidermis. The feathers of,yes,yes,Correct,0.7586
underspecified,21,dev_0047,yes,YES,yes,yes,Correct,0.7593
underspecified,21,dev_0070,yes,"YES. ""T. rex"" and ""Tyrannosaurus rex""",yes,yes,Correct,0.7836000000000001
underspecified,21,dev_0086,yes,"NO. A German Shepherd and an Alsatian are actually the same breed,",no,no,Incorrect,0.7711
underspecified,21,dev_0121,yes,YES. St. Bernards and Bernese Mountain Dogs are both part of the,yes,yes,Correct,0.7449
underspecified,21,dev_0131,yes,"YES. The latent heat of vaporization is a function of temperature, and it",yes,yes,Correct,0.7831
underspecified,21,dev_0147,yes,"YES. The navel and belly button are the same anatomical feature, which",yes,yes,Correct,0.764
underspecified,21,dev_0159,yes,"YES.  Trees can have multiple trunks, a phenomenon known as polyca",yes,yes,Correct,0.7818999999999999
underspecified,21,dev_0190,yes,YES. Honey bees (Apis mellifera) are the,yes,yes,Correct,0.7842
underspecified,21,dev_0195,yes,"YES. Alligators are known to drown their prey by holding it underwater, and",yes,yes,Correct,0.7864
underspecified,21,dev_0200,yes,"YES. Competitive inhibitors bind to the active site of the enzyme, competing with the",yes,yes,Correct,0.7865
underspecified,21,dev_0214,yes,YES,yes,yes,Correct,0.7587999999999999
underspecified,21,dev_0242,yes,YES,yes,yes,Correct,0.7609
underspecified,21,dev_0522,yes,"YES, hornets can sting multiple times, unlike honeybees which can only",yes,yes,Correct,0.7851
underspecified,21,dev_0033,no,NO. Federal income tax and Social Security are two separate types of taxes in the,no,no,Correct,0.7842
underspecified,21,dev_0123,no,YES,yes,yes,Incorrect,0.7604
underspecified,21,dev_0501,no,NO. Comcast and Time Warner are not the same company. Comcast is a large,no,no,Correct,0.7605
underspecified,21,dev_0526,no,NO. Canadian dollars (CAD) and American dollars (USD) are two different,no,no,Correct,0.7846000000000001
underspecified,21,dev_1076,no,"NO

Commercial banks are not the only institutions subject to runs. Other types of",no,no,Correct,0.7885
underspecified,21,dev_1213,no,"NO. While discretionary income and disposable income are related, they are not the same",no,no,Correct,0.7454
underspecified,21,dev_1654,no,NO,no,no,Correct,0.7465
underspecified,21,dev_1753,no,"YES, Universal Music Group is a subsidiary of the larger media conglomerate, which",yes,yes,Incorrect,0.7727
underspecified,21,dev_1825,no,NO. A bank sort code is a unique 6-digit code assigned to a,no,no,Correct,0.7465
underspecified,21,dev_2911,no,NO,no,no,Correct,0.7557999999999999
underspecified,21,dev_2740,no,NO,no,no,Correct,0.746
underspecified,21,dev_2517,no,NO,no,no,Correct,0.7447
underspecified,21,dev_1139,yes,"YES. New Mexico has a state income tax system, with a progressive tax rate",yes,yes,Correct,0.7707999999999999
underspecified,21,dev_0002,yes,NO. House tax and property tax are related but not the same. Property tax,no,no,Incorrect,0.7832
underspecified,21,dev_0773,yes,YES. A company can be public in the sense that its shares are publicly traded,yes,yes,Correct,0.7602000000000001
underspecified,21,dev_1186,yes,"YES. A universal life policy typically has a cash value component, which is a",yes,yes,Correct,0.7602000000000001
underspecified,21,dev_1302,yes,"YES. Dodge and Jeep are both brands owned by Stellantis, a multinational",yes,yes,Correct,0.7595
underspecified,21,dev_1349,yes,YES. Net Present Value (NPV) is a financial metric that takes into,yes,yes,Correct,0.7593
underspecified,21,dev_1771,yes,"YES. In the context of public relations, a news release and a press release",yes,yes,Correct,0.7607
underspecified,21,dev_1804,yes,"YES, a two-dollar bill is a valid denomination of U.S. currency and",yes,yes,Correct,0.7547999999999999
underspecified,21,dev_1873,yes,YES. Stop & Shop and Giant are both owned by Ahold Delhaize,yes,yes,Correct,0.7569
underspecified,21,dev_1963,yes,YES. New Hampshire is one of the few states in the United States that does,yes,yes,Correct,0.7812
underspecified,21,dev_2582,yes,YES,yes,yes,Correct,0.7585
underspecified,21,dev_2598,yes,"YES. Hellmann's and Best Foods are the same company, as they were",yes,yes,Correct,0.762
underspecified,21,dev_3158,yes,"YES. Economic development and social development are closely linked, as economic growth can lead",yes,yes,Correct,0.7589
underspecified,21,dev_0551,no,NO,no,no,Correct,0.7557999999999999
underspecified,21,dev_1158,no,No,no,no,Correct,0.7842
underspecified,21,dev_1364,no,NO,no,no,Correct,0.7576
underspecified,21,dev_1807,no,NO. While both 8.5×11 (US Letter),no,no,Correct,0.7827000000000001
underspecified,21,dev_2542,no,NO,no,no,Correct,0.7592000000000001
underspecified,21,dev_2562,no,I don't know,i,idk,IDK,0.7803
underspecified,21,dev_3005,no,NO,no,no,Correct,0.7816000000000001
underspecified,21,dev_3194,no,"NO, corn chips and tortilla chips are not the same. While both are",no,no,Correct,0.7817000000000001
underspecified,21,dev_3195,no,"YES. A boarding pass and a ticket are essentially the same thing, with a",yes,yes,Incorrect,0.7806000000000001
underspecified,21,dev_0013,yes,"NO. Washing your hair with shower gel is not necessarily bad, but",no,no,Incorrect,0.7553
underspecified,21,dev_0043,yes,YES. The U.S. interstate highway system has several routes that span from coast,yes,yes,Correct,0.782
underspecified,21,dev_0052,yes,"YES. A hammer can be used as a weapon, particularly in self-defense situations",yes,yes,Correct,0.756
underspecified,21,dev_0091,yes,YES. A tablespoon is generally larger than a dessert spoon. While both are measuring,yes,yes,Correct,0.6928
underspecified,21,dev_0116,yes,"YES. A father-in-law is considered a relative, specifically the father of one",yes,yes,Correct,0.758
underspecified,21,dev_0288,yes,Yes. The UK is one of the countries that uses a 24-hour clock,yes,yes,Correct,0.7677
underspecified,21,dev_0555,yes,NO. While both ZIP code and postal code are used to identify specific geographic locations,no,no,Incorrect,0.7566
underspecified,21,dev_0627,yes,"YES, you can be a 'Sir' if not British, but it would",yes,yes,Correct,0.7446
underspecified,21,dev_0831,yes,YES,yes,yes,Correct,0.7569
underspecified,21,dev_0721,no,"NO, Night of the Living Dead is a 1968 American horror film directed",no,no,Correct,0.7802
underspecified,21,dev_0863,no,YES. The Closer and Major Crimes are spin-off series that share the same,yes,yes,Incorrect,0.7827999999999999
underspecified,21,dev_1357,no,NO,no,no,Correct,0.7815
underspecified,21,dev_1951,no,"NO

The film The Bridge on the River Kwai is a fictional story based",no,no,Correct,0.7734
underspecified,21,dev_2131,no,YES. Nacho Varga is a character from the Breaking Bad prequel series,yes,yes,Incorrect,0.772
underspecified,21,dev_2174,no,"NO. Fear the Walking Dead is a spin-off of The Walking Dead, which",no,no,Correct,0.7853
underspecified,21,dev_2252,no,"NO. While the show is based in the United States, contestants from other countries",no,no,Correct,0.7863
underspecified,21,dev_2309,no,NO. Maleficent and the Evil Queen are two distinct fairy tale villains from,no,no,Correct,0.7845
underspecified,21,dev_2364,no,I don't know. The Outsiders is a novel by S.E. H,i,idk,IDK,0.7837000000000001
underspecified,21,dev_3075,no,"NO. Pulp Fiction is a work of fiction written by Quentin Tarantino,",no,no,Correct,0.7856000000000001
underspecified,21,dev_3205,no,NO,no,no,Correct,0.7575
underspecified,21,dev_0015,yes,YES. Fantastic Beasts and Where to Find Them is a prequel to the,yes,yes,Correct,0.7603
underspecified,21,dev_0153,yes,"YES. There is a movie adaptation of The Handmaid's Tale, but it",yes,yes,Correct,0.7856000000000001
underspecified,21,dev_0161,yes,YES. The Night of the Hunter (1955) is a classic film noir,yes,yes,Correct,0.7828999999999999
underspecified,21,dev_0306,yes,NO. Grey's Anatomy is a television medical drama that is primarily filmed on a,no,no,Incorrect,0.7457999999999999
underspecified,21,dev_0334,yes,YES. Wrath of the Titans is a sequel to Clash of the Titans (201,yes,yes,Correct,0.7709
underspecified,21,dev_0338,yes,YES. Fear the Walking Dead and The Walking Dead are related as they are both,yes,yes,Correct,0.7727999999999999
underspecified,21,dev_0493,yes,"I don't know. However, I can tell you that Love Child is an",i,idk,IDK,0.7714
underspecified,21,dev_0520,yes,Yes. Captain America: The Winter Soldier (2014) is a prequel,yes,yes,Correct,0.7323999999999999
underspecified,21,dev_0212,no,"NO.  Maple syrup is made from the sap of maple trees,",no,no,Correct,0.7701
underspecified,21,dev_0309,no,NO,no,no,Correct,0.7567
underspecified,21,dev_0484,no,NO. Salt water taffy is a type of chewy,no,no,Correct,0.7843
underspecified,21,dev_0654,no,NO,no,no,Correct,0.7331
underspecified,21,dev_0973,no,NO. Salt water taffy is a type of taffy candy that,no,no,Correct,0.7475
underspecified,21,dev_1335,no,"NO. Cocoa beans and coffee beans are two different types of beans, each used",no,no,Correct,0.7449
underspecified,21,dev_1443,no,NO,no,no,Correct,0.7597
underspecified,21,dev_0284,yes,NO,no,no,Incorrect,0.7825
underspecified,21,dev_0330,yes,"NO, the white cover on brie cheese is not edible. It's a",no,no,Incorrect,0.7854
underspecified,21,dev_0443,yes,YES. Powdered sugar and confectioners' sugar are often used interchangeably,yes,yes,Correct,0.7583
underspecified,21,dev_0975,yes,"NO. While both terms are related to wheat flour, they are not exactly the",no,no,Incorrect,0.745
underspecified,21,dev_1741,yes,YES,yes,yes,Correct,0.7827999999999999
underspecified,21,dev_1770,yes,"YES. Pure vanilla extract typically contains a significant amount of alcohol, usually between",yes,yes,Correct,0.7569
underspecified,21,dev_1860,no,"NO. Pinot Noir and Pinot Gris are two distinct grape varieties,",no,no,Correct,0.7837999999999999
underspecified,21,dev_1967,yes,No. A caffe latte is a variant of a latte that typically contains,no,no,Incorrect,0.7576
underspecified,21,dev_0236,no,"NO, straights do not have to be the same suit in poker. In",no,no,Correct,0.7583
underspecified,21,dev_0741,no,NO,no,no,Correct,0.7494
underspecified,21,dev_1440,no,YES,yes,yes,Incorrect,0.7627999999999999
underspecified,21,dev_2062,no,"NO. A queen in chess can move in any direction (horizontally, vertically",no,no,Correct,0.761
underspecified,21,dev_2109,no,NO,no,no,Correct,0.7745
underspecified,21,dev_2137,no,"YES. In chess, it is technically possible to win the game with only a",yes,yes,Incorrect,0.7607999999999999
underspecified,21,dev_0478,yes,"YES, Call of Duty: Modern Warfare 2 has a multiplayer mode.",yes,yes,Correct,0.7837999999999999
underspecified,21,dev_0545,yes,YES. Just Cause 3 is an open-world action-adventure game with a,yes,yes,Correct,0.7606
underspecified,21,dev_1125,yes,"YES, many games in the Need for Speed series have a story mode. The",yes,yes,Correct,0.7841
underspecified,21,dev_1137,yes,I don't know. The compatibility of Pokémon Crystal with Pokémon Stadium 2 is,i,idk,IDK,0.7597
underspecified,21,dev_1162,yes,YES,yes,yes,Correct,0.7854
underspecified,21,dev_1177,yes,Yes,yes,yes,Correct,0.7491
underspecified,21,dev_1444,yes,YES,yes,yes,Correct,0.761
underspecified,21,dev_0313,no,NO,no,no,Correct,0.7835
underspecified,21,dev_0823,no,I don't know. While the Ogallala Aquifer is a significant and,i,idk,IDK,0.7998999999999999
underspecified,21,dev_0839,no,"NO, West Virginia and Virginia are not the same state. They are two separate",no,no,Correct,0.7872
underspecified,21,dev_1222,no,NO. The Isle of Man is a self-governing British Crown dependency in,no,no,Correct,0.8034
underspecified,21,dev_1254,no,"NO. Sudan and South Sudan are two separate and independent countries, with Sudan being",no,no,Correct,0.769
underspecified,21,dev_1269,no,NO. The Mississippi River flows into the Gulf of Mexico.,no,no,Correct,0.7591
underspecified,21,dev_1334,no,NO. Patagonia is a region located at the southern end of South America,no,no,Correct,0.7596
underspecified,21,dev_0184,yes,"YES, but it would require navigating through a series of waterways, including the",yes,yes,Correct,0.7617999999999999
underspecified,21,dev_0322,yes,"YES. The City of Industry is indeed located in Los Angeles County, California.",yes,yes,Correct,0.7851
underspecified,21,dev_0557,yes,"YES. The water in the Amazon River is generally fresh, with an average pH",yes,yes,Correct,0.7576
underspecified,21,dev_0573,yes,YES. The Black Sea is connected to the Mediterranean Sea via the Bosphorus,yes,yes,Correct,0.7615
underspecified,21,dev_1179,yes,"NO. Phoenix, Arizona is in the Mountain Standard Time (MST) zone",no,no,Incorrect,0.7581
underspecified,21,dev_0619,yes,"I don't know. To determine which country is bigger, we would need to",i,idk,IDK,0.7862
underspecified,21,dev_0650,yes,YES,yes,yes,Correct,0.7553
underspecified,21,dev_0734,yes,"YES, you can boat from Lake Erie to Lake Ontario, as they are connected",yes,yes,Correct,0.7597
underspecified,21,dev_0061,no,YES. EMT-Basics are trained to start intravenous (IV) lines,yes,yes,Incorrect,0.783
underspecified,21,dev_0124,no,NO,no,no,Correct,0.7592000000000001
underspecified,21,dev_0914,no,NO  Stroke volume and ejection fraction are related but distinct measures of cardiac function,no,no,Correct,0.7857999999999999
underspecified,21,dev_0955,no,"NO
Mycosis fungoides is a type of cutaneous T-cell",no,no,Correct,0.785
underspecified,21,dev_1610,no,NO. While both soft-tissue damage and sprains involve injury to the soft,no,no,Correct,0.7585
underspecified,21,dev_1790,no,"YES. During implantation, the lining of the uterus (endometrium)",yes,yes,Incorrect,0.7729
underspecified,21,dev_2096,no,NO,no,no,Correct,0.7335
underspecified,21,dev_2277,no,NO. High dependency and intensive care are related but distinct levels of care. High,no,no,Correct,0.7726000000000001
underspecified,21,dev_2499,no,NO,no,no,Correct,0.7709
underspecified,21,dev_1959,yes,"YES. Normal body temperature can vary throughout the day, typically peaking in the",yes,yes,Correct,0.7722
underspecified,21,dev_1992,yes,NO. Rabies is a viral disease that is primarily transmitted through the saliva of,no,no,Incorrect,0.801
underspecified,21,dev_2047,yes,YES,yes,yes,Correct,0.7851
underspecified,21,dev_1656,yes,"YES. Research suggests that people can experience physical sensations, such as a ""heavy",yes,yes,Correct,0.7854
underspecified,21,dev_1663,yes,NO. Turf toe is a type of injury that occurs when the big toe,no,no,Incorrect,0.7594
underspecified,21,dev_1752,yes,YES. Triamcinolone cream is a topical corticosteroid that,yes,yes,Correct,0.7835
underspecified,21,dev_2049,yes,"Yes. The common femoral vein is a deep vein located in the thigh,",yes,yes,Correct,0.7603
underspecified,21,dev_2050,yes,YES. Drug tolerance can be caused by receptor upregulation and downregulation,yes,yes,Correct,0.6966
underspecified,21,dev_1442,yes,YES A lipid profile and a lipid panel are often used interchangeably and,yes,yes,Correct,0.7844
underspecified,21,dev_0301,no,NO. The Berlin Blockade was a Soviet blockade of West Berlin in 194,no,no,Correct,0.7845
underspecified,21,dev_0480,no,NO. The Articles of Confederation were the first attempt at a constitution for the,no,no,Correct,0.7862
underspecified,21,dev_1290,no,"NO. Nova Scotia was a British colony, but it was not one of the",no,no,Correct,0.7575
underspecified,21,dev_1819,no,"NO. The Czech Republic and Czechoslovakia are not the same country,",no,no,Correct,0.7878
underspecified,21,dev_2206,no,NO,no,no,Correct,0.7562000000000001
underspecified,21,dev_0376,yes,Yes. William the Conqueror had a legitimate claim to the English throne through,yes,yes,Correct,0.7866000000000001
underspecified,21,dev_0346,yes,"YES, helicopters were used in the Second World War. The first practical helicopters were",yes,yes,Correct,0.7864
underspecified,21,dev_0363,yes,YES,yes,yes,Correct,0.7832
underspecified,21,dev_0535,yes,"NO. Austin is the current capital of Texas, and it has been since",no,no,Incorrect,0.7834
underspecified,21,dev_0629,yes,YES,yes,yes,Correct,0.7838999999999999
underspecified,21,dev_0179,no,NO,no,no,Correct,0.7593
underspecified,21,dev_0402,no,No. Polygamy is illegal in the UK. A person can only be,no,no,Correct,0.7594
underspecified,21,dev_0513,no,"I don't know

The answer may depend on the specific jurisdiction and the circumstances",i,idk,IDK,0.7576
underspecified,21,dev_0606,no,NO,no,no,Correct,0.7555
underspecified,21,dev_0630,no,NO. An honorable discharge is a type of discharge that is given to service members,no,no,Correct,0.7842
underspecified,21,dev_0795,no,NO,no,no,Correct,0.7597999999999999
underspecified,21,dev_1457,no,"NO. The Civil Rights Act is a federal law, specifically the Civil Rights Act",no,no,Correct,0.7845
underspecified,21,dev_1776,no,No. An Employment Authorization Document (EAD) and a green card are not,no,no,Correct,0.7853
underspecified,21,dev_1862,no,I don't know,i,idk,IDK,0.7455
underspecified,21,dev_1911,no,"YES. According to the 26th Amendment to the U.S. Constitution,",yes,yes,Incorrect,0.7732
underspecified,21,dev_2755,no,"NO. In most jurisdictions, passing the bar exam is a requirement to become a",no,no,Correct,0.7717999999999999
underspecified,21,dev_2756,no,NO. The Bill of Rights is a set of amendments to the United States Constitution,no,no,Correct,0.7556
underspecified,21,dev_2921,no,NO. While both property tax and council tax are types of taxes levied on,no,no,Correct,0.773
underspecified,21,dev_2972,no,NO,no,no,Correct,0.7573
underspecified,21,dev_0009,yes,YES  You can drive in Canada with a valid US license for a certain period,yes,yes,Correct,0.7486
underspecified,21,dev_0038,yes,"YES, but with some conditions. Recording a cover of a song is generally considered",yes,yes,Correct,0.7486
underspecified,21,dev_0129,yes,"Yes. In Florida, it is generally allowed to sell a gun privately, but",yes,yes,Correct,0.7762
underspecified,21,dev_0202,yes,"I don't know

The severity of breaking and entering",i,idk,IDK,0.7701
underspecified,21,dev_0308,yes,"YES, in many jurisdictions, it is illegal for a minor (typically defined as",yes,yes,Correct,0.7735
underspecified,21,dev_0584,yes,YES,yes,yes,Correct,0.7513
underspecified,21,dev_0644,yes,"YES. In most jurisdictions, it is mandatory to pull over and allow an ambulance",yes,yes,Correct,0.7477999999999999
underspecified,21,dev_0653,yes,YES,yes,yes,Correct,0.7717
underspecified,21,dev_0671,yes,"YES, the state of Kansas has the death penalty. However, it's worth",yes,yes,Correct,0.7616
underspecified,21,dev_0757,yes,YES. Stealing a street sign is considered a form of larceny or,yes,yes,Correct,0.7833
underspecified,21,dev_1059,yes,YES. The Supreme Court has the power to review and potentially strike down executive orders,yes,yes,Correct,0.7601
underspecified,21,dev_1067,yes,"YES 

The Preamble to the Indian Constitution is a brief introductory statement that sets",yes,yes,Correct,0.785
underspecified,21,dev_1097,yes,"YES. In Canada, individuals have the right to remain silent and not answer questions",yes,yes,Correct,0.7579
underspecified,21,dev_1131,yes,"NO. Illinois does not have a ""stand your ground"" law. Instead,",no,no,Incorrect,0.7811
underspecified,21,dev_1324,yes,"I don't know. The definition of an open container can vary by jurisdiction,",i,idk,IDK,0.7592000000000001
underspecified,21,dev_0305,no,I don't know. Language is one of the criteria used to classify states in,i,idk,IDK,0.7821
underspecified,21,dev_0465,no,"No. The National Guard is a reserve component of the Army and Air Force,",no,no,Correct,0.7845
underspecified,21,dev_0508,no,"NO. According to the 22nd Amendment to the United States Constitution, a",no,no,Correct,0.759
underspecified,21,dev_0518,no,"YES. The Department of Justice is a part of the executive branch, but it",yes,yes,Incorrect,0.757
underspecified,21,dev_0572,no,NO. A legislator is a general term that refers to a person who makes,no,no,Correct,0.7597
underspecified,21,dev_0898,no,"NO. In Canada, permanent residents are not eligible to vote in federal elections,",no,no,Correct,0.7616
underspecified,21,dev_1154,no,NO. The number of justices on the Supreme Court has varied over time. For,no,no,Correct,0.7854
underspecified,21,dev_1221,no,NO,no,no,Correct,0.759
underspecified,21,dev_1244,no,NO.  Both Canada and Australia are former British colonies that have gained independence and,no,no,Correct,0.7895
underspecified,21,dev_1245,no,NO,no,no,Correct,0.757
underspecified,21,dev_1273,no,NO.,no,no,Correct,0.6826
underspecified,21,dev_0647,yes,"YES. Every nation-state has a national government, which is responsible for governing the",yes,yes,Correct,0.7451
underspecified,21,dev_0254,yes,YES,yes,yes,Correct,0.7734
underspecified,21,dev_0486,yes,YES,yes,yes,Correct,0.7451
underspecified,21,dev_0736,yes,YES. The World Bank is an international financial institution that is closely affiliated with the,yes,yes,Correct,0.7713
underspecified,21,dev_0814,yes,NO,no,no,Incorrect,0.7465
underspecified,21,dev_1477,yes,YES. The cabinet is a group of high-ranking government officials who are appointed by,yes,yes,Correct,0.7709
underspecified,21,dev_1721,yes,"YES, there are U.S. military bases in the UK. The UK hosts",yes,yes,Correct,0.7821
underspecified,21,dev_1786,yes,YES,yes,yes,Correct,0.7837000000000001
underspecified,21,dev_1970,yes,YES,yes,yes,Correct,0.7837000000000001
underspecified,21,dev_1985,yes,Yes. The United States Supreme Court has recognized a constitutional right to privacy through various,yes,yes,Correct,0.7817000000000001
underspecified,21,dev_2448,no,NO.,no,no,Correct,0.7506
underspecified,21,dev_0066,yes,NO,no,no,Incorrect,0.7614
underspecified,21,dev_0088,yes,"YES, according to Einstein's famous equation E=mc^2, it is",yes,yes,Correct,0.7577
underspecified,21,dev_0196,yes,YES,yes,yes,Correct,0.7836000000000001
underspecified,21,dev_0262,yes,YES,yes,yes,Correct,0.7831
underspecified,21,dev_0271,yes,YES,yes,yes,Correct,0.7617999999999999
underspecified,21,dev_0329,yes,YES,yes,yes,Correct,0.7575
underspecified,21,dev_0331,yes,YES. A wheel and axle is a simple machine that consists of a circular wheel,yes,yes,Correct,0.7624
underspecified,21,dev_0387,yes,YES. Density is a property of a material that depends on its mass per unit,yes,yes,Correct,0.7617
underspecified,21,dev_0418,yes,"YES. It is possible to have thunder and lightning while snowing, a phenomenon",yes,yes,Correct,0.7848999999999999
underspecified,21,dev_0616,yes,Yes,yes,yes,Correct,0.7722
underspecified,21,dev_0638,yes,"YES. All rhombuses have two pairs of parallel sides. In fact,",yes,yes,Correct,0.7574
underspecified,21,dev_0657,yes,"NO

Yield stress and yield strength are related but not exactly the same.",no,no,Incorrect,0.7577999999999999
underspecified,21,dev_0692,yes,"YES, a hydrometer can be used to measure the density of milk.",yes,yes,Correct,0.7579
underspecified,21,dev_0744,yes,"YES. A polynomial can have a square root of a variable, for example,",yes,yes,Correct,0.7815
underspecified,21,dev_0797,yes,"YES. Average velocity is a vector quantity, which means it has both magnitude (",yes,yes,Correct,0.7803
underspecified,21,dev_0842,yes,"Yes. Diffraction is a fundamental property of wave behavior, and it can be",yes,yes,Correct,0.7807000000000001
underspecified,21,dev_1379,yes,"YES. Talc and talcum powder are essentially the same thing, with tal",yes,yes,Correct,0.7807999999999999
underspecified,21,dev_0126,no,"I don't know. According to the current understanding of physics, specifically Einstein's",i,idk,IDK,0.7844
underspecified,21,dev_0342,no,NO. The speed of sound varies depending on the material it is traveling through.,no,no,Correct,0.7867999999999999
underspecified,21,dev_0437,no,NO. While the full moon can occur around the same time as the summer sol,no,no,Correct,0.7808999999999999
underspecified,21,dev_0553,no,"YES. In a parallelogram, opposite angles are equal, and adjacent angles",yes,yes,Incorrect,0.7546
underspecified,21,dev_0652,no,"NO. The square root of 3 is an irrational number, which",no,no,Correct,0.7547999999999999
underspecified,21,dev_0708,no,NO,no,no,Correct,0.7561
underspecified,21,dev_1083,no,NO. Carbon-14 dating is a method used to determine the age of organic,no,no,Correct,0.7825
underspecified,21,dev_1142,no,"I don't know

Quantum entanglement is a phenomenon where two or",i,idk,IDK,0.7795
underspecified,21,dev_1354,no,NO. The depth of the water table can vary depending on factors such as precipitation,no,no,Correct,0.7555
underspecified,21,dev_1460,no,NO,no,no,Correct,0.7673
underspecified,21,dev_1468,no,NO,no,no,Correct,0.7484
underspecified,21,dev_1559,no,"I don't know. In mathematics, log x and ln x are related but",i,idk,IDK,0.7453
underspecified,21,dev_1595,no,NO,no,no,Correct,0.7462000000000001
underspecified,21,dev_1643,no,"NO. Static pressure is the pressure exerted by a fluid at rest, while",no,no,Correct,0.7457
underspecified,21,dev_1692,no,"NO. Atmospheric pressure varies depending on location, altitude, and weather conditions. It",no,no,Correct,0.759
underspecified,21,dev_1726,no,YES. The vagus nerve is a cranial nerve that is part of the,yes,yes,Incorrect,0.7833
underspecified,21,dev_0008,yes,YES,yes,yes,Correct,0.759
underspecified,21,dev_0323,yes,YES. The Song of Solomon and the Song of Songs are actually the same book,yes,yes,Correct,0.7736000000000001
underspecified,21,dev_0794,yes,YES,yes,yes,Correct,0.7777000000000001
underspecified,21,dev_0866,yes,YES,yes,yes,Correct,0.7517
underspecified,21,dev_0910,yes,YES,yes,yes,Correct,0.7445
underspecified,21,dev_0992,yes,"Yes. In some educational systems, students can be held back in elementary school if",yes,yes,Correct,0.783
underspecified,21,dev_1446,yes,"NO, the Church of England and the Anglican Church are not the same,",no,no,Incorrect,0.7841
underspecified,21,dev_0294,no,NO,no,no,Correct,0.6976
underspecified,21,dev_0521,no,"NO. The word ""kangaroo"" is actually an Aboriginal Australian word that",no,no,Correct,0.7836000000000001
underspecified,21,dev_0943,no,NO,no,no,Correct,0.7821
underspecified,21,dev_1887,no,"NO. While both are abjads, meaning they are written from right to",no,no,Correct,0.764
underspecified,21,dev_2892,no,"NO. While both are Celtic languages and share some similarities, Scottish Gaelic and",no,no,Correct,0.7875
underspecified,21,dev_2691,no,NO,no,no,Correct,0.7826000000000001
underspecified,21,dev_0065,yes,YES. Many players from the 1980 US hockey team went on to play,yes,yes,Correct,0.783
underspecified,21,dev_0245,yes,"NO. In American football, a player can only advance the ball once after catching",no,no,Incorrect,0.7577999999999999
underspecified,21,dev_0315,yes,"YES, you can play soccer on a football field, as the terms ""soc",yes,yes,Correct,0.7599
underspecified,21,dev_0361,yes,"YES, chewing tobacco is banned in Major League Baseball. In 2016,",yes,yes,Correct,0.7595
underspecified,21,dev_0550,yes,"YES. In Major League Baseball, there have been several tie games throughout its history",yes,yes,Correct,0.7847999999999999
underspecified,21,dev_0595,yes,"YES. The Ivy League has a basketball tournament, known as the Ivy League Men",yes,yes,Correct,0.7513
underspecified,21,dev_0966,yes,"NO. The round of 16 in the World Cup is a knockout stage,",no,no,Incorrect,0.7456
underspecified,21,dev_1078,yes,NO. Every NHL team has won the Stanley Cup at least once in their franchise,no,no,Incorrect,0.7434
underspecified,21,dev_1224,yes,"NO, a rugby field is generally smaller than a football field. A rugby field",no,no,Incorrect,0.7719
underspecified,21,dev_1251,yes,"YES. Croatia has placed in the World Cup, with their best finish being runner",yes,yes,Correct,0.7704
underspecified,21,dev_1260,yes,I don't know. The Nike Air Force 1 is a popular sneaker,i,idk,IDK,0.7719
underspecified,21,dev_1278,yes,"YES, Cal Ripken Jr. is in the National Baseball Hall of Fame.",yes,yes,Correct,0.7721
underspecified,21,dev_1462,yes,YES. There is an opening ceremony for the FIFA World Cup. The opening ceremony,yes,yes,Correct,0.7726000000000001
underspecified,21,dev_1494,yes,"NO. According to the Laws of the Game, a player cannot be offside",no,no,Incorrect,0.7701
underspecified,21,dev_1543,yes,YES,yes,yes,Correct,0.7453
underspecified,21,dev_2012,yes,YES. Dwight Howard played for the Houston Rockets from 2013 to 201,yes,yes,Correct,0.7701
underspecified,21,dev_2118,yes,YES,yes,yes,Correct,0.7717999999999999
underspecified,21,dev_2272,yes,YES,yes,yes,Correct,0.7447999999999999
underspecified,21,dev_2338,yes,"NO. Players can only play in one European club competition per season, either the",no,no,Incorrect,0.7701
underspecified,21,dev_2498,yes,YES. There have been instances where two grand slams have been hit in the,yes,yes,Correct,0.7703
underspecified,21,dev_2509,yes,YES. Several teams have come back from a 3-1 deficit in the,yes,yes,Correct,0.7711
underspecified,21,dev_2917,yes,YES. The Tampa Bay Lightning won the Stanley Cup in 2004 and again,yes,yes,Correct,0.7697999999999999
underspecified,21,dev_2966,yes,NO,no,no,Incorrect,0.7584
underspecified,21,dev_2974,yes,"YES  It is possible to run for 24 hours, although it requires extensive",yes,yes,Correct,0.775
underspecified,21,dev_3007,yes,YES,yes,yes,Correct,0.7557
underspecified,21,dev_3199,yes,YES,yes,yes,Correct,0.7735
underspecified,21,dev_0222,no,"YES. NCAA and NBA basketballs are the same size, with a circumference of",yes,yes,Incorrect,0.7589
underspecified,21,dev_0398,no,No,no,no,Correct,0.7837999999999999
underspecified,21,dev_0426,no,"No. According to the Laws of the Game, a goalkeeper is not allowed to",no,no,Correct,0.7825
underspecified,21,dev_0464,no,NO. The golden goal rule was abolished by the International Football Association Board (IF,no,no,Correct,0.7847999999999999
underspecified,21,dev_0563,no,"NO. Croatia has been a successful team in international football, reaching the final of",no,no,Correct,0.7721
underspecified,21,dev_0658,no,NO,no,no,Correct,0.7594
underspecified,21,dev_1366,no,YES. The Champions League trophy is made anew every year.  The trophy is,yes,yes,Incorrect,0.7828999999999999
underspecified,21,dev_1471,no,"NO. A player cannot be offside on a throw-in, as the ball",no,no,Correct,0.785
underspecified,21,dev_1558,no,NO.  The FIFA World Cup is held every four years.,no,no,Correct,0.7685
underspecified,21,dev_1580,no,NO,no,no,Correct,0.7847999999999999
underspecified,21,dev_2401,no,NO,no,no,Correct,0.7605
underspecified,21,dev_2436,no,NO,no,no,Correct,0.8037000000000001
underspecified,21,dev_3224,no,"NO. In Major League Baseball, if the score is tied after nine innings,",no,no,Correct,0.7613
underspecified,21,dev_0022,yes,NO,no,no,Incorrect,0.7833
underspecified,21,dev_0132,yes,YES,yes,yes,Correct,0.7637
underspecified,21,dev_0268,yes,YES. An Absorbent Glass Mat (AGM) battery is a type,yes,yes,Correct,0.7573
underspecified,21,dev_0646,yes,"YES
Multithreading is useful even on a single processor because it allows multiple",yes,yes,Correct,0.7575
underspecified,21,dev_0697,yes,"YES, there is a storage limit on Google Drive, but it varies depending on",yes,yes,Correct,0.7453
underspecified,21,dev_0935,yes,"YES. In a well-designed database, it's common to have multiple foreign keys",yes,yes,Correct,0.7471
underspecified,21,dev_1159,yes,YES. A high-level language can use an assembler to generate machine code for a,yes,yes,Correct,0.7567999999999999
underspecified,21,dev_1376,yes,YES,yes,yes,Correct,0.7454
underspecified,21,dev_1646,yes,YES. Cast-iron pans can be used on an induction cooktop (h,yes,yes,Correct,0.7482000000000001
underspecified,21,dev_1869,yes,"YES. A database table can have multiple foreign keys, which are used to establish",yes,yes,Correct,0.7646000000000001
underspecified,21,dev_2397,yes,YES. A cell phone jammer is a device that intentionally transmits a signal,yes,yes,Correct,0.758
underspecified,21,dev_0512,no,"NO. Microsoft Visio is a diagramming and vector graphics software, while Visual",no,no,Correct,0.7575
underspecified,21,dev_1524,no,"NO. The transmission and the engine are two separate components in a vehicle, with",no,no,Correct,0.7584
underspecified,21,dev_1675,no,NO. Input lag and response time are related but distinct concepts in display technology.,no,no,Correct,0.7597
underspecified,21,dev_1723,no,NO,no,no,Correct,0.7682
underspecified,21,dev_2027,no,NO,no,no,Correct,0.7812
underspecified,21,dev_2104,no,NO,no,no,Correct,0.7836000000000001
underspecified,21,dev_2262,no,"NO  WordPad is a basic word processing software that comes with Windows, while",no,no,Correct,0.7825
underspecified,21,dev_2431,no,"NO. In a tree data structure, a node can have at most one parent",no,no,Correct,0.7591
underspecified,21,dev_2524,no,NO. The iPhone SE and iPhone 5 are two different smartphone models,no,no,Correct,0.785
underspecified,21,dev_3057,no,NO,no,no,Correct,0.7587
underspecified,21,dev_3167,no,NO,no,no,Correct,0.7777000000000001
underspecified,11,dev_0023,yes,"NO. While both are types of outer garments, a cape is typically a single",no,no,Incorrect,0.5898
underspecified,11,dev_0039,no,"YES. Carbon and hydrogen can form a polar covalent bond, where the",yes,yes,Incorrect,0.6219
underspecified,11,dev_0055,no,YES. Wisconsin has had teams from the state participate in the Little League World Series,yes,yes,Incorrect,0.6231
underspecified,11,dev_0059,no,NO,no,no,Correct,0.6204
underspecified,11,dev_0068,no,NO,no,no,Correct,0.6219
underspecified,11,dev_0087,yes,YES. A frog will typically jump out of boiling water. This is often used,yes,yes,Correct,0.619
underspecified,11,dev_0107,no,"YES, in Australia, gambling winnings are considered taxable income and are subject to income",yes,yes,Incorrect,0.6181
underspecified,11,dev_0120,yes,NO,no,no,Incorrect,0.5968
underspecified,11,dev_0138,no,"NO. In the United States, the minimum drinking age is 21 in all",no,no,Correct,0.5945
underspecified,11,dev_0151,no,NO. Numbers can have different representations and symbols in different languages and cultures. For,no,no,Correct,0.6261
underspecified,11,dev_0163,yes,"YES. The square root of 2 is an irrational number, but it can",yes,yes,Correct,0.6205
underspecified,11,dev_0165,no,"NO. While both dragon fruit and pitaya are tropical fruits, they are not",no,no,Correct,0.621
underspecified,11,dev_0207,no,"NO. France is in the Central European Time (CET) zone, while",no,no,Correct,0.6194
underspecified,11,dev_0210,no,"NO. The Three Little Pigs is a traditional European folk tale, also known",no,no,Correct,0.6221
underspecified,11,dev_0221,no,YES,yes,yes,Incorrect,0.5956
underspecified,11,dev_0229,yes,YES,yes,yes,Correct,0.6191
underspecified,11,dev_0237,no,YES. A 2-cycle engine and a 2-stroke engine are related,yes,yes,Incorrect,0.5938
underspecified,11,dev_0243,no,"YES, there is a historic Chinatown in St. Louis, Missouri. It",yes,yes,Incorrect,0.6207
underspecified,11,dev_0248,yes,NO. While the peregrine falcon is the fastest member of the,no,no,Incorrect,0.6197
underspecified,11,dev_0249,yes,"I don't know. In some ant species, queen ants can produce new queens",i,idk,IDK,0.6235
underspecified,11,dev_0251,yes,YES,yes,yes,Correct,0.6207
underspecified,11,dev_0257,yes,YES. Glass windows can break on their own due to various reasons such as thermal,yes,yes,Correct,0.6186
underspecified,11,dev_0270,no,NO,no,no,Correct,0.6224
underspecified,11,dev_0287,yes,"NO. In American football, a fair catch is only allowed on punts,",no,no,Incorrect,0.6223
underspecified,11,dev_0295,no,YES. Doves and pigeons are both members of the Columbidae family,yes,yes,Incorrect,0.6237
underspecified,11,dev_0298,yes,NO. Sheet metal gauge and wire gauge are related but not the same. They,no,no,Incorrect,0.6237
underspecified,11,dev_0312,no,"YES. In English, adjectives typically come before the noun they modify, although",yes,yes,Incorrect,0.5983999999999999
underspecified,11,dev_0316,yes,"NO. The internal intercostal muscles contract during expiration. During inspiration, the",no,no,Incorrect,0.6232000000000001
underspecified,11,dev_0318,yes,"YES. In poker, an Ace-2-3-4-5 is",yes,yes,Correct,0.6207
underspecified,11,dev_0321,yes,"NO. A filibuster can delay or block legislation, but it cannot stop a",no,no,Incorrect,0.6247
underspecified,11,dev_0333,yes,,,other,NC,0.627
underspecified,11,dev_0336,no,YES There is a difference between Muay Thai and Thai boxing. While,yes,yes,Incorrect,0.6245
underspecified,11,dev_0343,yes,"NO, the President is not the only member of the executive branch. The executive",no,no,Incorrect,0.6237
underspecified,11,dev_0352,no,"No. In soccer, a throw-in is used to restart play after the ball",no,no,Correct,0.622
underspecified,11,dev_0355,no,YES. Father's Day is celebrated on the third Sunday of June every year in,yes,yes,Incorrect,0.6214
underspecified,11,dev_0364,no,"YES. In cricket, a wicket-keeper is a mandatory field",yes,yes,Incorrect,0.6246
underspecified,11,dev_0366,no,YES,yes,yes,Incorrect,0.6249
underspecified,11,dev_0406,no,NO  Would you like to,no,no,Correct,0.599
underspecified,11,dev_0428,no,NO. Peroxide is a general term that refers to a class of compounds,no,no,Correct,0.6219
underspecified,11,dev_0429,yes,NO. While both flax oil and linseed oil come from the flax,no,no,Incorrect,0.6241
underspecified,11,dev_0430,yes,YES,yes,yes,Correct,0.6237999999999999
underspecified,11,dev_0436,no,"YES. Takotsubo cardiomyopathy, also known as ""broken heart",yes,yes,Incorrect,0.6273
underspecified,11,dev_0441,no,NO,no,no,Correct,0.6257999999999999
underspecified,11,dev_0442,yes,YES,yes,yes,Correct,0.6214
underspecified,11,dev_0479,no,"YES. Miniature pigs, also known as teacup pigs or pocket pigs",yes,yes,Incorrect,0.6103
underspecified,11,dev_0481,no,NO,no,no,Correct,0.5829
underspecified,11,dev_0482,no,NO. Bumblebees are able to sting multiple times,no,no,Correct,0.6085
underspecified,11,dev_0487,no,"NO. Banana trees are sterile, meaning they do not produce viable seeds, so",no,no,Correct,0.6087
underspecified,11,dev_0504,yes,"NO. Friction tape and electrical tape are both types of adhesive tapes, but",no,no,Incorrect,0.6119
underspecified,11,dev_0509,no,"YES. The AR-15 is a variant of the M16 rifle, which",yes,yes,Incorrect,0.6085
underspecified,11,dev_0532,no,YES,yes,yes,Incorrect,0.6065
underspecified,11,dev_0534,no,YES,yes,yes,Incorrect,0.6096
underspecified,11,dev_0536,yes,NO. Thanos was not in the first Guardians of the Galaxy (2014,no,no,Incorrect,0.609
underspecified,11,dev_0537,no,"Yes. In the UK, a person can receive a caution without being arrested.",yes,yes,Incorrect,0.6083999999999999
underspecified,11,dev_0546,yes,NO. The College of William & Mary is a public research university located in Williams,no,no,Incorrect,0.6073
underspecified,11,dev_0560,no,YES,yes,yes,Incorrect,0.6089
underspecified,11,dev_0568,no,YES,yes,yes,Incorrect,0.6087
underspecified,11,dev_0569,no,YES,yes,yes,Incorrect,0.5912999999999999
underspecified,11,dev_0588,yes,NO,no,no,Incorrect,0.5826
underspecified,11,dev_0594,no,"Yes.  Bee stingers are barbed, which means they are designed to",yes,yes,Incorrect,0.6109
underspecified,11,dev_0596,no,NO,no,no,Correct,0.6089
underspecified,11,dev_0598,yes,NO,no,no,Incorrect,0.6083999999999999
underspecified,11,dev_0612,yes,YES,yes,yes,Correct,0.6123999999999999
underspecified,11,dev_0617,yes,YES. France and England have competed in the World Cup multiple times. In fact,yes,yes,Correct,0.6092000000000001
underspecified,11,dev_0662,yes,NO,no,no,Incorrect,0.6082000000000001
underspecified,11,dev_0678,no,NO. Washing a child's mouth out with soap is not a safe or recommended,no,no,Correct,0.6108
underspecified,11,dev_0696,no,YES.  New Hampshire has a seat belt law that requires drivers and passengers to,yes,yes,Incorrect,0.643
underspecified,11,dev_0711,yes,"NO. Musician's Friend and Guitar Center are two separate musical instrument retailers,",no,no,Incorrect,0.6193
underspecified,11,dev_0718,yes,"YES. According to the United States Census Bureau, as of 2020,",yes,yes,Correct,0.6217999999999999
underspecified,11,dev_0724,no,"YES, there is a sequel to Along Came a Spider. The book is part",yes,yes,Incorrect,0.6231
underspecified,11,dev_0731,no,YES,yes,yes,Incorrect,0.5966
underspecified,11,dev_0737,no,NO,no,no,Correct,0.6209
underspecified,11,dev_0754,yes,NO,no,no,Incorrect,0.6212000000000001
underspecified,11,dev_0759,no,NO,no,no,Correct,0.6215
underspecified,11,dev_0764,yes,NO,no,no,Incorrect,0.5937
underspecified,11,dev_0782,yes,NO,no,no,Incorrect,0.6572
underspecified,11,dev_0817,no,YES,yes,yes,Incorrect,0.6207999999999999
underspecified,11,dev_0829,no,"YES The Battle of New Orleans was fought on January 8,",yes,yes,Incorrect,0.6254
underspecified,11,dev_0832,no,YES,yes,yes,Incorrect,0.6221
underspecified,11,dev_0837,yes,I don't know,i,idk,IDK,0.6215
underspecified,11,dev_0853,no,"NO. A Girl Scout is a member of the Girl Scouts of the USA,",no,no,Correct,0.6225
underspecified,11,dev_0854,no,YES. Elephants are apex predators and are generally at the top of their food,yes,yes,Incorrect,0.6209
underspecified,11,dev_0862,no,NO,no,no,Correct,0.6207999999999999
underspecified,11,dev_0871,yes,"YES. According to Ethnologue, a reliable source for language statistics, English",yes,yes,Correct,0.6204
underspecified,11,dev_0916,yes,"NO. The Ryman Auditorium is a historic music venue in Nashville, Tennessee",no,no,Incorrect,0.5923999999999999
underspecified,11,dev_0922,yes,NO,no,no,Incorrect,0.6212000000000001
underspecified,11,dev_0933,no,YES. The cremaster muscle is a muscle in the spermatic cord that helps,yes,yes,Incorrect,0.6214
underspecified,11,dev_0934,yes,NO,no,no,Incorrect,0.5971000000000001
underspecified,11,dev_0940,yes,NO.  A passport card is a wallet-sized document that can be used for,no,no,Incorrect,0.6203
underspecified,11,dev_0944,no,"YES Ancient Greece and Rome were both around during the same time period,",yes,yes,Incorrect,0.622
underspecified,11,dev_0952,yes,"NO. Merrill Lynch was acquired by Bank of America in 2008, but",no,no,Incorrect,0.5962999999999999
underspecified,11,dev_0958,yes,Yes,yes,yes,Correct,0.6199
underspecified,11,dev_0981,no,YES. Pyruvic acid and pyruvate are the same thing.,yes,yes,Incorrect,0.6222000000000001
underspecified,11,dev_0991,yes,"YES. In England, you need a license to watch or record live television,",yes,yes,Correct,0.6212000000000001
underspecified,11,dev_0994,yes,NO,no,no,Incorrect,0.5939
underspecified,11,dev_0996,no,"YES. Radiator Springs is a fictional town on Route 66, featured in",yes,yes,Incorrect,0.6212000000000001
underspecified,11,dev_1006,no,"YES. In most countries, including the United States, being literate is a",yes,yes,Incorrect,0.6205
underspecified,11,dev_1011,no,YES,yes,yes,Incorrect,0.6269
underspecified,11,dev_1022,yes,"NO. Enterprise value is a measure of a company's total value, including its",no,no,Incorrect,0.62
underspecified,11,dev_1049,no,YES. A red panda is a member of the family Ailuridae and,yes,yes,Incorrect,0.6213
underspecified,11,dev_1062,yes,NO. A wheel and axle is a simple machine that changes the direction of a,no,no,Incorrect,0.624
underspecified,11,dev_1075,yes,YES,yes,yes,Correct,0.6193
underspecified,11,dev_1102,no,"YES. Sweating and perspiring are often used interchangeably, but sweating specifically",yes,yes,Incorrect,0.6287999999999999
underspecified,11,dev_1110,yes,NO,no,no,Incorrect,0.6195
underspecified,11,dev_1112,no,NO,no,no,Correct,0.6223
underspecified,11,dev_1113,yes,"YES, the terms ""ball python"" and ""royal python"" refer to",yes,yes,Correct,0.6197
underspecified,11,dev_1121,no,NO. There was no world war before World War I. While there,no,no,Correct,0.6286
underspecified,11,dev_1133,no,"YES. The Crew 2 has a storyline that follows the main character, Alex",yes,yes,Incorrect,0.6246
underspecified,11,dev_1138,yes,"NO. Anaerobic respiration does not have an electron transport chain, as",no,no,Incorrect,0.6221
underspecified,11,dev_1146,yes,NO. A penalty charge notice (PCN) and a fixed penalty are two,no,no,Incorrect,0.5956
underspecified,11,dev_1155,yes,NO,no,no,Incorrect,0.5932999999999999
underspecified,11,dev_1175,no,YES. Michigan was admitted to the Union as the 26th state on January,yes,yes,Incorrect,0.6221
underspecified,11,dev_1178,no,I don't know.,i,idk,IDK,0.6194
underspecified,11,dev_1183,yes,NO,no,no,Incorrect,0.6335
underspecified,11,dev_1196,no,YES.,yes,yes,Incorrect,0.6086
underspecified,11,dev_1204,yes,"YES. In the Marvel Comics universe, the Eye of Agamotto is a",yes,yes,Correct,0.6102000000000001
underspecified,11,dev_1205,no,NO,no,no,Correct,0.6075
underspecified,11,dev_1209,yes,"YES. According to nuclear transmutation, it is theoretically possible to turn lead into",yes,yes,Correct,0.6255
underspecified,11,dev_1227,no,"NO. 1 is a factor of every number, but it's not considered",no,no,Correct,0.6207999999999999
underspecified,11,dev_1229,no,"YES. The fruit ""orange"" is indeed named after the color, not the",yes,yes,Incorrect,0.6245
underspecified,11,dev_1230,yes,No.  A double eagle and an albatross are both rare scoring events,no,no,Incorrect,0.6209
underspecified,11,dev_1235,no,YES,yes,yes,Incorrect,0.5962999999999999
underspecified,11,dev_1239,yes,NO. A Continuous Positive Airway Pressure (CPAP) machine is a type,no,no,Incorrect,0.621
underspecified,11,dev_1241,no,YES,yes,yes,Incorrect,0.6253
underspecified,11,dev_1250,yes,YES. The micropyle is a small opening at the opposite end of the,yes,yes,Correct,0.6197
underspecified,11,dev_1256,yes,YES,yes,yes,Correct,0.6219
underspecified,11,dev_1261,no,YES  Louisiana has a state income tax. The state has a progressive income tax,yes,yes,Incorrect,0.6227
underspecified,11,dev_1267,no,YES.,yes,yes,Incorrect,0.62
underspecified,11,dev_1271,no,"YES. The minimum drinking age in the United States is 21, but laws",yes,yes,Incorrect,0.6224
underspecified,11,dev_1283,yes,"NO. While both are types of fasteners, lock nuts and stop nuts serve",no,no,Incorrect,0.5942000000000001
underspecified,11,dev_1285,no,NO,no,no,Correct,0.6227
underspecified,11,dev_1286,no,"YES. Lightning bugs and fireflies are often used interchangeably, but technically,",yes,yes,Incorrect,0.6227999999999999
underspecified,11,dev_1294,yes,NO  Would you,no,no,Incorrect,0.5962000000000001
underspecified,11,dev_1296,yes,"NO. PlayStation 2 games are not compatible with the PlayStation 4, and",no,no,Incorrect,0.6214
underspecified,11,dev_1303,no,"YES. In soccer, a player is considered offside if they are closer to",yes,yes,Incorrect,0.6203
underspecified,11,dev_1307,yes,"NO. In football (soccer), you cannot score directly from a kickoff.",no,no,Incorrect,0.6207
underspecified,11,dev_1311,yes,NO. The crankshaft pulley and harmonic balancer are two separate components that,no,no,Incorrect,0.5923999999999999
underspecified,11,dev_1316,yes,"NO.  The Gateway Arch in St. Louis is a national monument, not",no,no,Incorrect,0.6206
underspecified,11,dev_1317,no,Yes. Planetary nebulas are formed when a star expels its outer,yes,yes,Incorrect,0.6222000000000001
underspecified,11,dev_1333,yes,"NO. A Dame and a Knight are both honorific titles, but they are",no,no,Incorrect,0.6226
underspecified,11,dev_1336,yes,YES. The central nervous system (CNS) includes the brain and spinal cord,yes,yes,Correct,0.6213
underspecified,11,dev_1345,no,"YES. 

A confidentiality agreement and a non-disclosure agreement are often used interchange",yes,yes,Incorrect,0.5857
underspecified,11,dev_1359,no,NO,no,no,Correct,0.6082000000000001
underspecified,11,dev_1370,yes,YES,yes,yes,Correct,0.6119
underspecified,11,dev_1371,no,YES,yes,yes,Incorrect,0.6083999999999999
underspecified,11,dev_1372,yes,YES. A kilowatt-hour (kWh) is a unit of energy,yes,yes,Correct,0.6141
underspecified,11,dev_1382,no,NO,no,no,Correct,0.6095
underspecified,11,dev_1406,no,NO. The Postmaster General is appointed by the President with the advice and consent,no,no,Correct,0.6093999999999999
underspecified,11,dev_1408,yes,NO,no,no,Incorrect,0.5832
underspecified,11,dev_1413,yes,"YES. Brazil won the 1970 FIFA World Cup in Mexico, but one",yes,yes,Correct,0.6233
underspecified,11,dev_1419,yes,"NO. There is a Las Vegas in New Mexico, but it's a small",no,no,Incorrect,0.609
underspecified,11,dev_1420,yes,YES. 4x4 and four-wheel drive (4WD) are often,yes,yes,Correct,0.6132000000000001
underspecified,11,dev_1423,no,"YES. ""Take Me Home, Country Roads"" is a song written by Bill",yes,yes,Incorrect,0.6119
underspecified,11,dev_1424,no,"YES. It can get cool, especially in the mountains, but it's generally",yes,yes,Incorrect,0.621
underspecified,11,dev_1436,no,No. Equity in your home is a non-liquid asset because it can't,no,no,Correct,0.6117999999999999
underspecified,11,dev_1438,yes,YES. The United Kingdom is in the Greenwich Mean Time (GMT) time zone,yes,yes,Correct,0.6127
underspecified,11,dev_1452,no,"I don't know. Some neurotransmitters can have dual roles, but the classification",i,idk,IDK,0.61
underspecified,11,dev_1455,yes,NO,no,no,Incorrect,0.6098
underspecified,11,dev_1464,no,NO,no,no,Correct,0.6113999999999999
underspecified,11,dev_1467,yes,"NO. A grade D at A-level is not a pass, as the standard",no,no,Incorrect,0.6122000000000001
underspecified,11,dev_1473,yes,"NO, a sailboat cannot travel faster than the wind. According to the principles",no,no,Incorrect,0.6137999999999999
underspecified,11,dev_1489,yes,YES. The songs featured in the 2018 film Mamma Mia! Here,yes,yes,Correct,0.6135
underspecified,11,dev_1498,yes,YES. The Nobel Peace Prize is awarded annually by the Norwegian Nobel Committee to individuals,yes,yes,Correct,0.6098
underspecified,11,dev_1508,no,"Yes.  Unfortunately, several riders have died during the Tour de France over the",yes,yes,Incorrect,0.6157999999999999
underspecified,11,dev_1515,no,"YES. In the United States, there is a law that requires individuals and businesses",yes,yes,Incorrect,0.6108
underspecified,11,dev_1517,yes,NO. Hydraulic fluid and brake fluid are two different types of fluids with different properties,no,no,Incorrect,0.5862999999999999
underspecified,11,dev_1528,yes,YES. A Juris Doctor (J.D.) is a professional doctorate degree,yes,yes,Correct,0.5831000000000001
underspecified,11,dev_1533,no,NO,no,no,Correct,0.586
underspecified,11,dev_1534,no,"NO. According to the official rules of baseball, a player is not allowed to",no,no,Correct,0.6135
underspecified,11,dev_1546,yes,NO,no,no,Incorrect,0.6097
underspecified,11,dev_1552,yes,NO. The poly(A) tail is added to the 3' end of,no,no,Incorrect,0.6109
underspecified,11,dev_1557,no,"NO (as of 2021, New York State has abolished the",no,no,Correct,0.6137999999999999
underspecified,11,dev_1563,no,YES. The Big Dipper is also known as Ursa Major. It is,yes,yes,Incorrect,0.6095
underspecified,11,dev_1627,no,"No, the esophagus is behind the heart.",no,no,Correct,0.6253
underspecified,11,dev_1632,yes,NO. The World Health Organization (WHO) is a specialized agency of the United,no,no,Incorrect,0.6217
underspecified,11,dev_1650,yes,YES,yes,yes,Correct,0.5987
underspecified,11,dev_1655,no,YES. While both terms are used to refer to a type of sauce made from,yes,yes,Incorrect,0.6239
underspecified,11,dev_1658,yes,"NO, the Nazca Lines can only be seen from the air, as they",no,no,Incorrect,0.6216
underspecified,11,dev_1659,yes,YES. An undergraduate degree and a bachelor's degree are often used interchangeably to,yes,yes,Correct,0.624
underspecified,11,dev_1673,yes,YES,yes,yes,Correct,0.6213
underspecified,11,dev_1680,no,YES. Picking your nose can potentially affect your sense of smell by damaging the,yes,yes,Incorrect,0.5981000000000001
underspecified,11,dev_1687,no,YES,yes,yes,Incorrect,0.6282000000000001
underspecified,11,dev_1698,no,YES,yes,yes,Incorrect,0.6216
underspecified,11,dev_1707,yes,YES. A Public Limited Company (PLC) is a type of limited company,yes,yes,Correct,0.6202000000000001
underspecified,11,dev_1727,yes,NO,no,no,Incorrect,0.5824
underspecified,11,dev_1736,no,YES. The magnitude of a physical quantity changes with a change in the system of,yes,yes,Incorrect,0.6145
underspecified,11,dev_1737,yes,"NO. In basketball, a free throw is a shot taken from the free throw",no,no,Incorrect,0.6191
underspecified,11,dev_1740,yes,YES. The medullary cavity of a long bone contains spongy bone,yes,yes,Correct,0.6111
underspecified,11,dev_1743,no,I don't know,i,idk,IDK,0.6085
underspecified,11,dev_1749,yes,YES. Delhi University and the University of Delhi are the same institution. The University,yes,yes,Correct,0.613
underspecified,11,dev_1750,no,"NO

Fighting words are not protected under freedom of speech. According to the",no,no,Correct,0.5822
underspecified,11,dev_1757,yes,"NO. While the terms are often used interchangeably, the profit and loss statement",no,no,Incorrect,0.6079
underspecified,11,dev_1763,yes,NO. While the House of Representatives is one part of the legislative branch of the,no,no,Incorrect,0.6102000000000001
underspecified,11,dev_1775,no,NO,no,no,Correct,0.6101
underspecified,11,dev_1789,no,NO,no,no,Correct,0.5817
underspecified,11,dev_1806,no,NO,no,no,Correct,0.6105
underspecified,11,dev_1814,no,NO,no,no,Correct,0.5806
underspecified,11,dev_1823,yes,YES. The MLB All-Star Game has historically determined home-field advantage for the World,yes,yes,Correct,0.6085
underspecified,11,dev_1832,no,"YES. Garrison is a town in Delta County, Colorado, USA.",yes,yes,Incorrect,0.6103
underspecified,11,dev_1849,yes,"YES. In a RACI chart, one person can be both Responsible and",yes,yes,Correct,0.6099
underspecified,11,dev_1851,no,YES. The right to a fair trial is guaranteed by the 6th Amendment,yes,yes,Incorrect,0.6125
underspecified,11,dev_1857,no,YES. Cows need to give birth to produce milk as milk production is a,yes,yes,Incorrect,0.6107
underspecified,11,dev_1895,yes,"NO. The empty set is not an element of itself, as it is defined",no,no,Incorrect,0.6098
underspecified,11,dev_1906,no,YES,yes,yes,Incorrect,0.6079
underspecified,11,dev_1916,yes,YES,yes,yes,Correct,0.612
underspecified,11,dev_1919,yes,YES. Nuclear physics allows for the transmutation of one element into another through nuclear,yes,yes,Correct,0.611
underspecified,11,dev_1924,yes,NO,no,no,Incorrect,0.6095
underspecified,11,dev_1938,no,NO. The empty set is a subset of the set that contains the empty set,no,no,Correct,0.6117999999999999
underspecified,11,dev_1948,yes,"NO. A chicken is a female bird, while a rooster is a male",no,no,Incorrect,0.6095
underspecified,11,dev_1950,no,"NO. The Gulf of Mexico is considered a sea, a large body of salt",no,no,Correct,0.6109
underspecified,11,dev_1960,no,NO. The Republic of the Congo and the Democratic Republic of the Congo are two,no,no,Correct,0.621
underspecified,11,dev_1977,no,NO.  The U.S. Constitution requires that a president be a natural-born,no,no,Correct,0.6237
underspecified,11,dev_1995,yes,"YES, winning the FA Cup can qualify a team for Europe. However, the",yes,yes,Correct,0.6235
underspecified,11,dev_1997,yes,"YES. The Alphabet Song and Twinkle, Twinkle, Little Star share the",yes,yes,Correct,0.6205
underspecified,11,dev_2009,no,I don't know. I'd recommend checking the manufacturer's instructions or website for,i,idk,IDK,0.6346
underspecified,11,dev_2032,yes,"YES. Flies, specifically those in the family Sarcophagidae and",yes,yes,Correct,0.6244
underspecified,11,dev_2045,yes,NO,no,no,Incorrect,0.621
underspecified,11,dev_2053,no,YES,yes,yes,Incorrect,0.622
underspecified,11,dev_2061,no,"YES. In many jurisdictions, individuals can choose who they want to be listed as",yes,yes,Incorrect,0.6427999999999999
underspecified,11,dev_2065,yes,NO  Would you like to know more about the difference between RealFeel and the,no,no,Incorrect,0.6249
underspecified,11,dev_2068,yes,YES. Allied Waste Industries was acquired by Republic Services in 2010 and is,yes,yes,Correct,0.6223
underspecified,11,dev_2078,no,YES. Black cumin seed and black seed are often used interchangeably,yes,yes,Incorrect,0.6253
underspecified,11,dev_2079,yes,YES. Eeyore is a donkey in the Winnie-the-Po,yes,yes,Correct,0.6257
underspecified,11,dev_2088,no,"YES. English is the de facto official language of the United States, but it",yes,yes,Incorrect,0.6257
underspecified,11,dev_2091,no,"Yes. In baseball, a team can win by two or more runs in any",yes,yes,Incorrect,0.6219
underspecified,11,dev_2094,no,YES,yes,yes,Incorrect,0.6335
underspecified,11,dev_2095,yes,YES,yes,yes,Correct,0.6321
underspecified,11,dev_2139,no,NO,no,no,Correct,0.6227
underspecified,11,dev_2166,yes,"NO. Staring at a bright light can cause eye strain, discomfort, and",no,no,Incorrect,0.592
underspecified,11,dev_2184,no,"YES. The United States has a significant military presence in Saudi Arabia, with several",yes,yes,Incorrect,0.6253
underspecified,11,dev_2187,yes,"NO. In basketball, players are not allowed to jump while taking a free throw",no,no,Incorrect,0.6219
underspecified,11,dev_2192,no,NO. A lieutenant colonel is typically a rank below a colonel. In,no,no,Correct,0.6306
underspecified,11,dev_2196,no,"YES, Red-eared slider turtles typically lay their eggs in the sand near the",yes,yes,Incorrect,0.6209
underspecified,11,dev_2199,yes,"YES. The Dark Knight is a sequel to Batman Begins, as it continues the",yes,yes,Correct,0.6225
underspecified,11,dev_2204,yes,NO,no,no,Incorrect,0.622
underspecified,11,dev_2220,no,"YES (under certain conditions) - In the case of an infield fly, the",yes,yes,Incorrect,0.6229
underspecified,11,dev_2224,no,NO. Rubies are a variety of the mineral corundum and are typically,no,no,Correct,0.6209
underspecified,11,dev_2232,no,Yes.  St. Patrick's Cathedral in Dublin is a Roman Catholic cathedral.,yes,yes,Incorrect,0.6207999999999999
underspecified,11,dev_2234,no,Yes,yes,yes,Incorrect,0.6232000000000001
underspecified,11,dev_2237,no,YES,yes,yes,Incorrect,0.5937
underspecified,11,dev_2247,yes,"NO. In New Jersey, the minimum age to purchase or consume alcohol is",no,no,Incorrect,0.6235
underspecified,11,dev_2248,yes,NO,no,no,Incorrect,0.6247999999999999
underspecified,11,dev_2266,no,YES,yes,yes,Incorrect,0.5948
underspecified,11,dev_2275,yes,NO.  Counting cards is generally considered a form of cheating and is not,no,no,Incorrect,0.624
underspecified,11,dev_2295,yes,NO. A unanimous vote requires all eligible voters to participate and agree on the outcome,no,no,Incorrect,0.6184
underspecified,11,dev_2304,yes,NO.  The House of Representatives is one of the two chambers that make up,no,no,Incorrect,0.6241
underspecified,11,dev_2306,yes,"NO  Doubling your bet on roulette does not guarantee a win, and the",no,no,Incorrect,0.624
underspecified,11,dev_2310,no,NO,no,no,Correct,0.5932999999999999
underspecified,11,dev_2315,yes,"YES. Centripetal and centrifugal forces are an action-reaction pair,",yes,yes,Correct,0.6333
underspecified,11,dev_2323,no,"YES, the film ""Tully"" (2018) is based on a",yes,yes,Incorrect,0.6227
underspecified,11,dev_2328,no,NO. Corinthian leather is a marketing term that was used by Chrysler,no,no,Correct,0.6206
underspecified,11,dev_2350,no,YES. Little House on the Prairie is a series of children's novels written by,yes,yes,Incorrect,0.6205
underspecified,11,dev_2382,yes,YES. The right atrium receives deoxygenated blood from the body through,yes,yes,Correct,0.6201
underspecified,11,dev_2387,yes,"YES. Northern Ireland has a national football team that participates in international competitions, including",yes,yes,Correct,0.627
underspecified,11,dev_2388,no,YES.  If new evidence is found that was not available at the time of,yes,yes,Incorrect,0.6197999999999999
underspecified,11,dev_2396,yes,NO  Semolina flour and Cream of Wheat are two different products.,no,no,Incorrect,0.6264
underspecified,11,dev_2408,yes,No,no,no,Incorrect,0.6233
underspecified,11,dev_2413,no,I don't know,i,idk,IDK,0.6206
underspecified,11,dev_2428,yes,I don't know. A PICC (Peripherally Inserted Central Cath,i,idk,IDK,0.6235
underspecified,11,dev_2433,no,"NO. In most branches of the military, having a beard is not allowed,",no,no,Correct,0.6387
underspecified,11,dev_2434,no,Yes,yes,yes,Incorrect,0.6265
underspecified,11,dev_2447,no,"NO. In the MLB playoffs, the wild card teams do not have home field",no,no,Correct,0.6244
underspecified,11,dev_2473,yes,"NO. Pokémon Gold, Silver, and Crystal are different games in the Pokémon series",no,no,Incorrect,0.6206
underspecified,11,dev_2479,no,YES,yes,yes,Incorrect,0.623
underspecified,11,dev_2504,no,"YES. The Strip is a famous road in Las Vegas, known for its casinos",yes,yes,Incorrect,0.62
underspecified,11,dev_2532,yes,"YES. In rare cases, a condition called fetus in fetu can occur,",yes,yes,Correct,0.6222000000000001
underspecified,11,dev_2537,no,"NO. While social studies and social science are related fields, they are not the",no,no,Correct,0.62
underspecified,11,dev_2538,no,NO,no,no,Correct,0.5958
underspecified,11,dev_2547,yes,,,other,NC,0.6353
underspecified,11,dev_2548,no,"NO. In most species of honey bees, the queen bee is able to sting",no,no,Correct,0.6211
underspecified,11,dev_2555,no,"NO. Lymphoma is a type of cancer that affects the immune system,",no,no,Correct,0.6292000000000001
underspecified,11,dev_2566,no,YES,yes,yes,Incorrect,0.6244
underspecified,11,dev_2572,no,NO. The Channel Islands are a separate entity and are not part of Great Britain,no,no,Correct,0.6197999999999999
underspecified,11,dev_2577,no,"YES. According to the Laws of the Game, a soccer kick-off must be",yes,yes,Incorrect,0.6216
underspecified,11,dev_2605,yes,,,other,NC,0.6232000000000001
underspecified,11,dev_2614,yes,"NO, Snow-on-the-Mountain (Euphorbia marginata) and",no,no,Incorrect,0.6322000000000001
underspecified,11,dev_2622,no,,,other,NC,0.6212000000000001
underspecified,11,dev_2634,yes,"YES. In the game of 8-ball, the cue ball is placed in",yes,yes,Correct,0.5938
underspecified,11,dev_2643,no,YES. Elements of the periodic table are typically capitalized in chemical nomenclature.,yes,yes,Incorrect,0.5953999999999999
underspecified,11,dev_2655,yes,NO  Would you like me to explain why?,no,no,Incorrect,0.6239
underspecified,11,dev_2656,yes,NO. While both right of abode and indefinite leave to remain grant individuals permission,no,no,Incorrect,0.5925
underspecified,11,dev_2690,yes,NO. Parcelforce and Royal Mail are two separate companies that provide postal,no,no,Incorrect,0.6201
underspecified,11,dev_2719,no,NO. Electrons flow in the opposite direction of electric current. In a conductor,no,no,Correct,0.596
underspecified,11,dev_2727,no,NO,no,no,Correct,0.592
underspecified,11,dev_2750,yes,"YES. Cows need to be pregnant to produce milk, as milk",yes,yes,Correct,0.6207
underspecified,11,dev_2757,yes,YES,yes,yes,Correct,0.6236
underspecified,11,dev_2770,yes,YES. A 9-to-5 schedule typically consists of 8 hours of,yes,yes,Correct,0.6236
underspecified,11,dev_2791,yes,NO. The gut and stomach are related but distinct parts of the digestive system.,no,no,Incorrect,0.6227
underspecified,11,dev_2813,yes,NO,no,no,Incorrect,0.6202000000000001
underspecified,11,dev_2821,yes,NO,no,no,Incorrect,0.6192000000000001
underspecified,11,dev_2832,yes,NO.  Shea butter is made from the nut of the shea tree (,no,no,Incorrect,0.5781000000000001
underspecified,11,dev_2838,no,NO,no,no,Correct,0.6191
underspecified,11,dev_2853,no,"NO. The official languages of North Korea are Korean and English, while the official",no,no,Correct,0.5965
underspecified,11,dev_2870,no,"YES. The derivative of a continuous function is always continuous, except possibly at points",yes,yes,Incorrect,0.6262000000000001
underspecified,11,dev_2875,yes,NO. Aldi and Trader Joe's are two separate and independent grocery store chains,no,no,Incorrect,0.6216
underspecified,11,dev_2880,no,YES,yes,yes,Incorrect,0.5939
underspecified,11,dev_2890,no,NO. Non-permanent members of the Security Council do not have veto power.,no,no,Correct,0.6217999999999999
underspecified,11,dev_2901,yes,"NO. While VW, Audi, and Porsche are all part of the Volkswagen Group",no,no,Incorrect,0.6231
underspecified,11,dev_2906,yes,NO,no,no,Incorrect,0.5937
underspecified,11,dev_2919,no,I don't know,i,idk,IDK,0.6247
underspecified,11,dev_2931,yes,NO,no,no,Incorrect,0.6193
underspecified,11,dev_2933,no,"YES. Commercial aircraft do fly over the North Pole, particularly on routes between Europe",yes,yes,Incorrect,0.6272000000000001
underspecified,11,dev_2956,yes,,,other,NC,0.6243
underspecified,11,dev_2959,no,YES,yes,yes,Incorrect,0.5966
underspecified,11,dev_2967,yes,No,no,no,Incorrect,0.6217999999999999
underspecified,11,dev_2973,no,"YES. The Golden Compass is a fantasy adventure film released in 2007,",yes,yes,Incorrect,0.6212000000000001
underspecified,11,dev_2991,yes,NO,no,no,Incorrect,0.618
underspecified,11,dev_3000,yes,"No. While both are rib cuts, they come from different parts of the rib",no,no,Incorrect,0.648
underspecified,11,dev_3015,yes,NO  Keyless entry allows you to unlock and open your car without using a,no,no,Incorrect,0.6223
underspecified,11,dev_3027,no,NO. A Schengen visa allows you to travel to any of the,no,no,Correct,0.6223
underspecified,11,dev_3029,no,YES. The United Kingdom (UK) left the European Union (EU) on,yes,yes,Incorrect,0.6204
underspecified,11,dev_3035,no,"YES, Halo 2 has achievements on Xbox 360. It was released in",yes,yes,Incorrect,0.6212000000000001
underspecified,11,dev_3040,no,"NO. A no-insurance ticket is typically a non-moving violation, meaning it",no,no,Correct,0.6375
underspecified,11,dev_3073,no,NO. Top sirloin steak and sirloin steak are not the same,no,no,Correct,0.6255
underspecified,11,dev_3079,yes,"NO. Salary is typically included in operating expenses, not cost of goods sold.",no,no,Incorrect,0.6264
underspecified,11,dev_3089,yes,NO,no,no,Incorrect,0.623
underspecified,11,dev_3105,yes,"NO. 

In electrical systems, the neutral wire and ground wire are not the",no,no,Incorrect,0.6212000000000001
underspecified,11,dev_3106,yes,NO,no,no,Incorrect,0.5897
underspecified,11,dev_3107,yes,YES.,yes,yes,Correct,0.5762999999999999
underspecified,11,dev_3122,no,YES  Reese's Pieces are a peanut butter candy covered in a crunchy sugar shell,yes,yes,Incorrect,0.6219
underspecified,11,dev_3143,no,"YES, the Republic of Ireland is part of the Common Travel Area (CTA",yes,yes,Incorrect,0.6207
underspecified,11,dev_3173,no,I don't know,i,idk,IDK,0.6241
underspecified,11,dev_3183,no,YES,yes,yes,Incorrect,0.6211
underspecified,11,dev_3187,yes,YES. Batman Forever is a sequel to Batman Returns. It is the third film,yes,yes,Correct,0.6247
underspecified,11,dev_3204,no,NO. The fundus of the gallbladder is located near the porta hep,no,no,Correct,0.6197999999999999
underspecified,11,dev_3212,yes,NO. A physical address (also known as an IP address) is used for,no,no,Incorrect,0.6217
underspecified,11,dev_3221,no,NO. Pool water does not change color if you pee in it. The urine,no,no,Correct,0.62
underspecified,11,dev_3231,yes,NO.,no,no,Incorrect,0.5949
underspecified,11,dev_3232,yes,NO,no,no,Incorrect,0.6221
underspecified,11,dev_3238,yes,"NO (According to the current rules of cricket, a non-stri",no,no,Incorrect,0.6217999999999999
underspecified,11,dev_3239,yes,YES. The Conn Smythe Trophy has been awarded to a player on the losing,yes,yes,Correct,0.6201
underspecified,11,dev_3241,yes,YES. Romania was part of the Austro-Hungarian Empire until 191,yes,yes,Correct,0.6252000000000001
underspecified,11,dev_3242,yes,YES. A combination of Ruby and Sapphire gemstones is used to create a Garn,yes,yes,Correct,0.6195
underspecified,11,dev_0031,yes,"NO. Deadpool does not have a child in the comics. However, he does",no,no,Incorrect,0.6255
underspecified,11,dev_0148,yes,YES,yes,yes,Correct,0.6223
underspecified,11,dev_0178,yes,"YES. ""Eye of the Tiger"" was written by Jim Peterik and Frankie",yes,yes,Correct,0.6205
underspecified,11,dev_0410,yes,YES,yes,yes,Correct,0.6215
underspecified,11,dev_0419,yes,YES. Eric Clapton played on the song 'While My Guitar Gently,yes,yes,Correct,0.62
underspecified,11,dev_0448,yes,YES. Jefferson Airplane was inducted into the Rock and Roll Hall of Fame,yes,yes,Correct,0.6189
underspecified,11,dev_0224,no,I don't know,i,idk,IDK,0.6215
underspecified,11,dev_0317,no,NO  Would you like me to elaborate?,no,no,Correct,0.6222000000000001
underspecified,11,dev_0368,no,"NO. The Color Purple is a novel by Alice Walker, which is a work",no,no,Correct,0.6225
underspecified,11,dev_0507,no,I don't know. I'm not aware of any information about a story or,i,idk,IDK,0.6194
underspecified,11,dev_0603,no,NO,no,no,Correct,0.6267999999999999
underspecified,11,dev_0938,no,"I don't know. The song ""House of the Rising Sun"" is a",i,idk,IDK,0.6187999999999999
underspecified,11,dev_0076,yes,YES,yes,yes,Correct,0.62
underspecified,11,dev_0459,yes,"YES, it matters which DNA strand is transcribed. In eukaryotic",yes,yes,Correct,0.6233
underspecified,11,dev_0502,yes,YES. Kingsnakes have a genetic adaptation that makes them resistant to the venom,yes,yes,Correct,0.622
underspecified,11,dev_0580,yes,"NO. Male and female blue jays have distinct physical differences, with males typically",no,no,Incorrect,0.6434
underspecified,11,dev_1089,yes,"NO. Venom glands are a crucial part of a snake's anatomy, and removing",no,no,Incorrect,0.6219
underspecified,11,dev_1153,yes,NO. Melaleuca and tea tree are related but distinct plant species.,no,no,Incorrect,0.6222000000000001
underspecified,11,dev_1315,yes,"NO, hydrogen bonds are generally stronger than ion–dipole interactions. This",no,no,Incorrect,0.6225
underspecified,11,dev_1482,yes,YES Muscle fibers are indeed another term for muscle cells. Muscle fibers are,yes,yes,Correct,0.6191
underspecified,11,dev_1568,yes,NO. While both vultures and buzzards are birds of prey and belong,no,no,Incorrect,0.6306
underspecified,11,dev_1968,yes,NO. While both turtles and tortoises are reptiles and belong to the,no,no,Incorrect,0.5953999999999999
underspecified,11,dev_2223,yes,NO,no,no,Incorrect,0.6231
underspecified,11,dev_2420,yes,"YES. The Rain Crow is a bird species, specifically a type of bird known",yes,yes,Correct,0.5958
underspecified,11,dev_2882,yes,NO,no,no,Incorrect,0.6214
underspecified,11,dev_2899,yes,"YES, Dalmatians typically get more spots as they grow. They are",yes,yes,Correct,0.624
underspecified,11,dev_2910,yes,NO. Taro root and elephant ears are related but distinct plants. Taro,no,no,Incorrect,0.6146
underspecified,11,dev_0713,no,"YES. Cows typically need to be pregnant to lactate, as the hormone",yes,yes,Incorrect,0.6133
underspecified,11,dev_0816,no,"NO. The spinal cord is generally shorter than the vertebral column, with the",no,no,Correct,0.6116
underspecified,11,dev_0911,no,NO  Would,no,no,Correct,0.6102000000000001
underspecified,11,dev_0997,no,"NO

Surgical spirit and rubbing alcohol are both antiseptic liquids, but",no,no,Correct,0.6147
underspecified,11,dev_1258,no,"YES. The umbilical cord is indeed inside the amniotic sac,",yes,yes,Incorrect,0.6103999999999999
underspecified,11,dev_1422,no,"YES, root hairs occur along the entire length of a root, except for the",yes,yes,Incorrect,0.6112000000000001
underspecified,11,dev_2120,no,YES,yes,yes,Incorrect,0.6083999999999999
underspecified,11,dev_2353,no,"NO. While both bees and hornets are stinging insects, their venom is",no,no,Correct,0.6098
underspecified,11,dev_2441,no,NO. Identical twins are always the same sex because they come from the same,no,no,Correct,0.6109
underspecified,11,dev_2087,no,YES,yes,yes,Incorrect,0.6108
underspecified,11,dev_2215,no,"YES. In a pair of chromosomes, one is a maternal chromosome and the other",yes,yes,Incorrect,0.6096
underspecified,11,dev_2503,no,NO,no,no,Correct,0.6123
underspecified,11,dev_2652,no,"YES. Baby birds, also known as hatchlings, typically have an egg tooth",yes,yes,Incorrect,0.6207
underspecified,11,dev_2850,no,NO. While most bee stings are caused by the stinger being embedded in,no,no,Correct,0.6227
underspecified,11,dev_3062,no,NO. Black and yellow garden spiders (Argiope aurantia) are,no,no,Correct,0.613
underspecified,11,dev_0400,yes,YES,yes,yes,Correct,0.614
underspecified,11,dev_0432,yes,"YES. The Central Bank of India is a nationalized bank in India, established",yes,yes,Correct,0.6277
underspecified,11,dev_0446,yes,YES. Bi-Mart is a membership-based retail store. Members pay an annual fee,yes,yes,Correct,0.6219
underspecified,11,dev_0455,yes,"YES. Indian Motorcycles, a brand owned by Polaris Inc., has manufacturing",yes,yes,Correct,0.6234
underspecified,11,dev_0472,yes,YES,yes,yes,Correct,0.6241
underspecified,11,dev_0524,yes,YES. In-N-Out Burger has several locations in Nevada.,yes,yes,Correct,0.6226
underspecified,11,dev_0767,yes,I don't know. The value of currencies can fluctuate over time and can,i,idk,IDK,0.5957
underspecified,11,dev_0875,yes,NO,no,no,Incorrect,0.6216
underspecified,11,dev_0950,yes,YES. Poland Spring water is a brand of bottled water that is sourced from natural,yes,yes,Correct,0.6289
underspecified,11,dev_1023,yes,NO. While both mortgage loan originators and loan officers work in the financial industry,no,no,Incorrect,0.6197999999999999
underspecified,11,dev_1171,yes,"YES. Guernsey is a Crown dependency and its currency, the Guern",yes,yes,Correct,0.6217
underspecified,11,dev_1207,yes,NO,no,no,Incorrect,0.6193
underspecified,11,dev_1299,yes,YES. Net earnings and net income are interchangeable terms that refer to the profit earned,yes,yes,Correct,0.622
underspecified,11,dev_0157,no,"NO. There are many companies that manufacture eyeglasses, and each company may",no,no,Correct,0.6197999999999999
underspecified,11,dev_0371,no,NO. National and Enterprise are two separate car rental companies that are owned by the,no,no,Correct,0.6223
underspecified,11,dev_0621,no,No.,no,no,Correct,0.6176
underspecified,11,dev_0699,no,"NO. Aldi is a large global discount supermarket chain, but it is not",no,no,Correct,0.6189
underspecified,11,dev_0954,no,NO  The UK's Royal Mint has announced that £2 coins will continue to,no,no,Correct,0.62
underspecified,11,dev_1050,no,"I don't know. White Castle has locations in several states, but I don",i,idk,IDK,0.5969
underspecified,11,dev_1208,no,NO,no,no,Correct,0.6177999999999999
underspecified,11,dev_1257,no,NO,no,no,Correct,0.5918
underspecified,11,dev_1805,no,NO,no,no,Correct,0.5925
underspecified,11,dev_1876,no,"I don't know. I'm a large language model, I don't have",i,idk,IDK,0.6194
underspecified,11,dev_2290,no,"YES. GDP per capita and per capita income are often used interchangeably, as",yes,yes,Incorrect,0.6205
underspecified,11,dev_2444,no,NO,no,no,Correct,0.6223
underspecified,11,dev_0250,yes,NO,no,no,Incorrect,0.5955
underspecified,11,dev_0337,yes,"I don't know. The public holidays in Victoria, Australia may vary, and",i,idk,IDK,0.621
underspecified,11,dev_0386,yes,I don't know. I'm not aware of any information about a specific red,i,idk,IDK,0.6191
underspecified,11,dev_0591,yes,YES. Copa Airlines is a member of the Star Alliance.,yes,yes,Correct,0.591
underspecified,11,dev_0746,yes,"YES, in the Philippines, June 12 is a holiday known as Independence Day",yes,yes,Correct,0.6212000000000001
underspecified,11,dev_0845,yes,YES,yes,yes,Correct,0.6186
underspecified,11,dev_0855,yes,"YES. Some flight paths, particularly those from Europe to Asia and North America,",yes,yes,Correct,0.5953999999999999
underspecified,11,dev_0915,yes,I don't know. I'm not aware of the current facilities at Ontario Place,i,idk,IDK,0.6235
underspecified,11,dev_0945,yes,"No. While both are used for thread sealing, they have some differences in terms",no,no,Incorrect,0.62
underspecified,11,dev_0021,no,NO,no,no,Correct,0.6217999999999999
underspecified,11,dev_0490,no,"NO, American citizens do not need a visa to enter Georgia. As a U",no,no,Correct,0.5926
underspecified,11,dev_0581,no,"NO. A peck and a bushel are both units of volume, but",no,no,Correct,0.6213
underspecified,11,dev_0631,no,"NO. In the United States, the United States Postal Service (USPS)",no,no,Correct,0.6191
underspecified,11,dev_0691,no,NO,no,no,Correct,0.6339
underspecified,11,dev_0783,no,NO. The Honda CRF 250 is a 4-stroke motorcycle.,no,no,Correct,0.5928
underspecified,11,dev_0787,no,NO. The BMW 1 Series is a rear-wheel drive (RWD),no,no,Correct,0.621
underspecified,11,dev_0825,no,"NO  The Waterloo & City line is a short, shuttle-like service that runs",no,no,Correct,0.6203
underspecified,11,dev_0885,no,"NO, UK citizens do not need a visa for Albania. However, it's",no,no,Correct,0.6217999999999999
underspecified,11,dev_0089,yes,YES. There have been several movies that have received a 0% approval rating,yes,yes,Correct,0.6447999999999999
underspecified,11,dev_0095,yes,"YES, the TV series ""Anne with an E"" was filmed on Prince Edward",yes,yes,Correct,0.6205
underspecified,11,dev_0211,yes,"YES. Murphy Brown had a baby on the show. The baby, whom she",yes,yes,Correct,0.6203
underspecified,11,dev_0238,yes,"YES. Beau Abbott, a child actor, died during filming of A Quiet Place",yes,yes,Correct,0.6237999999999999
underspecified,11,dev_0252,yes,I don't know,i,idk,IDK,0.5955
underspecified,11,dev_0256,yes,NO. The,no,no,Incorrect,0.6213
underspecified,11,dev_0266,yes,"The answer to your question is: NO. The boy, Henry, does not",the,no,Incorrect,0.6204
underspecified,11,dev_0310,yes,YES,yes,yes,Correct,0.61
underspecified,11,dev_0359,yes,NO.,no,no,Incorrect,0.6093
underspecified,11,dev_0422,yes,YES. Lucas Scott (played by Chad Michael Murray) and Peyton Sawyer (played,yes,yes,Correct,0.6073
underspecified,11,dev_0040,no,"YES, there is a sequel to the movie ""The Golden Compass"". The sequel",yes,yes,Incorrect,0.6121
underspecified,11,dev_0080,no,"I don't know. However, I can suggest that ""Love Finds a Home",i,idk,IDK,0.6212000000000001
underspecified,11,dev_0100,no,"I don't know, as I don't have information on a specific girl character",i,idk,IDK,0.6254
underspecified,11,dev_0240,no,NO. The Walking Dead and Fear the Walking Dead are two separate television franchises within,no,no,Correct,0.6105
underspecified,11,dev_0247,no,"NO. Let There Be Light is a faith-based film, but it is a",no,no,Correct,0.6076
underspecified,11,dev_0260,no,NO,no,no,Correct,0.6103
underspecified,11,dev_0277,no,YES. Michael Scott and Pam Beesly did have a romantic relationship on the,yes,yes,Incorrect,0.6096
underspecified,11,dev_0290,no,YES. Elena Gilbert (played by Nina Dobrev) does die for good in,yes,yes,Incorrect,0.6083
underspecified,11,dev_0303,no,"NO, Arizona Robbins (played by Jessica Capshaw) did not die in season",no,no,Correct,0.6096
underspecified,11,dev_0231,yes,"YES. Penne alla vodka typically contains heavy cream or other dairy products, which",yes,yes,Correct,0.6461
underspecified,11,dev_0401,yes,"NO. While both are considered healthier options, whole wheat rice and brown",no,no,Incorrect,0.6225
underspecified,11,dev_0420,yes,YES. Red velvet cake is a type of chocolate cake that gets its distinctive red,yes,yes,Correct,0.6206
underspecified,11,dev_0571,yes,NO,no,no,Incorrect,0.5925
underspecified,11,dev_0583,yes,NO,no,no,Incorrect,0.5943999999999999
underspecified,11,dev_0765,yes,YES. Salted duck eggs need to be cooked before consumption to ensure food safety,yes,yes,Correct,0.625
underspecified,11,dev_0778,yes,NO,no,no,Incorrect,0.623
underspecified,11,dev_0815,yes,"NO. Sprite is a lemon-lime flavored soft drink, but it does not",no,no,Incorrect,0.6189
underspecified,11,dev_0073,no,I don't know. Cotton candy flavor is subjective and can vary depending on the,i,idk,IDK,0.6197
underspecified,11,dev_0491,no,NO  While both picante sauce and taco sauce are types of condiments commonly,no,no,Correct,0.6233
underspecified,11,dev_0615,no,"NO. While both rice noodles and glass noodles are types of Asian noodles, they",no,no,Correct,0.6227999999999999
underspecified,11,dev_0868,no,NO. Fruit Roll-Ups are a type of fruit snack made by General Mills,no,no,Correct,0.6002000000000001
underspecified,11,dev_0880,no,"NO. While Thousand Island and French dressing are both condiments, they are not",no,no,Correct,0.6217999999999999
underspecified,11,dev_0953,no,NO. Monster energy drinks are non-alcoholic energy drinks. They are a popular,no,no,Correct,0.6195
underspecified,11,dev_0985,no,NO. Long Island Iced Teas are a type of cocktail that typically consists,no,no,Correct,0.6285
underspecified,11,dev_0136,yes,YES,yes,yes,Correct,0.6194
underspecified,11,dev_0367,yes,YES. Devil May Cry 5 takes place after the events of Devil May Cry,yes,yes,Correct,0.6193
underspecified,11,dev_0618,yes,YES,yes,yes,Correct,0.6199
underspecified,11,dev_0720,yes,YES.,yes,yes,Correct,0.6512
underspecified,11,dev_0770,yes,NO.  The numbers on a standard roulette wheel add up to 666 in,no,no,Incorrect,0.6176
underspecified,11,dev_0835,yes,"NO. Pokémon Let's Go is an enhanced remake of Pokémon Yellow, but it",no,no,Incorrect,0.6226
underspecified,11,dev_0896,yes,YES,yes,yes,Correct,0.6247999999999999
underspecified,11,dev_0434,no,YES. Microsoft has implemented a backward compatibility feature that allows many Xbox games to be,yes,yes,Incorrect,0.6225
underspecified,11,dev_0489,no,"NO. The Far Cry series is an action-adventure first-person shooter franchise,",no,no,Correct,0.6204
underspecified,11,dev_0852,no,NO. Phase 10 is a popular card game that typically involves 2-,no,no,Correct,0.6213
underspecified,11,dev_0870,no,"YES. In many role-playing game systems, a paladin is a class that",yes,yes,Incorrect,0.6207
underspecified,11,dev_1148,no,YES,yes,yes,Incorrect,0.6226
underspecified,11,dev_2595,no,NO. A Way Out is a cooperative third-person action-adventure game that requires,no,no,Correct,0.62
underspecified,11,dev_0281,yes,NO,no,no,Incorrect,0.6324
underspecified,11,dev_0528,yes,YES,yes,yes,Correct,0.6201
underspecified,11,dev_0547,yes,I don't know. I don't have information about the specific tolling policies,i,idk,IDK,0.6229
underspecified,11,dev_0623,yes,"NO (The George Washington Bridge is a two-way toll bridge, meaning that drivers",no,no,Incorrect,0.6199
underspecified,11,dev_0626,yes,NO. Skyline Drive is a separate scenic road that runs through Shenandoah,no,no,Incorrect,0.5909
underspecified,11,dev_0686,yes,"I don't know. Edinburgh Castle is a historic fortress in Scotland, but I",i,idk,IDK,0.6412
underspecified,11,dev_0822,yes,YES,yes,yes,Correct,0.6214
underspecified,11,dev_1210,yes,NO,no,no,Incorrect,0.6246
underspecified,11,dev_0374,no,"NO. San Pedro, Laguna is a city located in the province of Laguna,",no,no,Correct,0.62
underspecified,11,dev_0900,no,NO. Fort Walton Beach and Destin are two separate cities located in Okalo,no,no,Correct,0.6207
underspecified,11,dev_0913,no,"YES (There is a Porpoise Spit, also known as Porpoise",yes,yes,Incorrect,0.6221
underspecified,11,dev_1234,no,NO,no,no,Correct,0.6201
underspecified,11,dev_1360,no,YES,yes,yes,Incorrect,0.6213
underspecified,11,dev_1544,no,I don't know. I don't have information on whether I-30 in,i,idk,IDK,0.6187999999999999
underspecified,11,dev_1588,no,NO,no,no,Correct,0.5951000000000001
underspecified,11,dev_0344,yes,NO. Arsenic is a highly toxic substance that can cause serious health problems,no,no,Incorrect,0.6222000000000001
underspecified,11,dev_0379,yes,YES. New England Baptist Hospital is a teaching hospital. It is affiliated with Tu,yes,yes,Correct,0.5926
underspecified,11,dev_0474,yes,I don't know,i,idk,IDK,0.6369
underspecified,11,dev_0614,yes,"I don't know. This is a question about physical recovery methods, which is",i,idk,IDK,0.6217999999999999
underspecified,11,dev_0655,yes,I don't know. Hiatal hernia is a condition where part of the,i,idk,IDK,0.6222000000000001
underspecified,11,dev_1195,yes,NO. Blue-ringed octopus bites are highly venomous and can,no,no,Incorrect,0.6244
underspecified,11,dev_1197,yes,NO. An ectopic pregnancy occurs when a fertilized egg implants outside the uterus,no,no,Incorrect,0.6212000000000001
underspecified,11,dev_1313,yes,YES. Relative risk and risk ratio are often used interchangeably and refer,yes,yes,Correct,0.6231
underspecified,11,dev_1564,yes,"YES PCP and angel dust are the same thing. PCP,",yes,yes,Correct,0.62
underspecified,11,dev_0078,no,YES. The brachiocephalic artery is a major artery that arises from,yes,yes,Incorrect,0.6216
underspecified,11,dev_0166,no,"NO. 
The general recommendation is to eat at least 5 portions of a",no,no,Correct,0.6214
underspecified,11,dev_0851,no,YES,yes,yes,Incorrect,0.6205
underspecified,11,dev_0861,no,NO. A junctional rhythm is a type of abnormal heart rhythm that originates in,no,no,Correct,0.6229
underspecified,11,dev_0872,no,"NO. In general, a first-degree burn is considered less severe than a third",no,no,Correct,0.6222000000000001
underspecified,11,dev_1554,no,YES. Chronic Lyme disease is a condition that some people claim to have after being,yes,yes,Incorrect,0.6227999999999999
underspecified,11,dev_1719,no,NO. While both extended release and sustained release refer to formulations that release the active,no,no,Correct,0.597
underspecified,11,dev_1991,no,NO. The ring finger is actually connected to the heart via the palmar surface,no,no,Correct,0.624
underspecified,11,dev_2115,no,NO (Note: While sumo wrestling can be a physically demanding and intense sport,no,no,Correct,0.6217
underspecified,11,dev_0105,yes,YES.,yes,yes,Correct,0.6256
underspecified,11,dev_0125,yes,"YES. Many people were killed in the eruption, but a few survivors were found",yes,yes,Correct,0.6352000000000001
underspecified,11,dev_0191,yes,I don't know. The Tomb of the Unknown Soldier is a monument that honors,i,idk,IDK,0.6227
underspecified,11,dev_1292,yes,"YES. Queen Elizabeth II married Prince Philip, Duke of Edinburgh, who was her",yes,yes,Correct,0.6375
underspecified,11,dev_1338,yes,"NO. The Gulf War, also known as the Persian Gulf War, was a",no,no,Incorrect,0.5952000000000001
underspecified,11,dev_0388,no,"NO. While the northern states had laws and policies that prohibited segregation, they were",no,no,Correct,0.6231
underspecified,11,dev_0703,no,"I don't know. However, I can tell you that the Peacock Throne",i,idk,IDK,0.6209
underspecified,11,dev_0833,no,YES,yes,yes,Incorrect,0.6199
underspecified,11,dev_0874,no,NO,no,no,Correct,0.6214
underspecified,11,dev_1651,no,"YES, there are still some tin mines left in Cornwall, although the industry has",yes,yes,Incorrect,0.6184
underspecified,11,dev_0072,yes,YES,yes,yes,Correct,0.6209
underspecified,11,dev_0258,yes,NO,no,no,Incorrect,0.6232000000000001
underspecified,11,dev_0286,yes,"YES. An administrative law judge is a real judge, but they often preside",yes,yes,Correct,0.6043
underspecified,11,dev_0348,yes,"NO. In the UK, skunks are considered exotic animals and are subject to",no,no,Incorrect,0.6263
underspecified,11,dev_0467,yes,No.  A certification of birth is a document that verifies the facts of a,no,no,Incorrect,0.6232000000000001
underspecified,11,dev_0515,yes,I don't know. The ability to put a restraining order on a landlord depends,i,idk,IDK,0.623
underspecified,11,dev_0562,yes,NO,no,no,Incorrect,0.614
underspecified,11,dev_0636,yes,"YES, with certain restrictions and requirements, such as obtaining a Concealed Carry Weapon",yes,yes,Correct,0.6075
underspecified,11,dev_0740,yes,"YES. In the United States, for example, there is a time limit for",yes,yes,Correct,0.6081
underspecified,11,dev_0838,yes,"YES (in Quebec, you can turn right on a red light, but you",yes,yes,Correct,0.5795
underspecified,11,dev_0864,yes,"YES, in Ohio, it is generally allowed to open carry a firearm, but",yes,yes,Correct,0.6057
underspecified,11,dev_0873,yes,"YES, but with certain restrictions and under the supervision of a licensed driver. A",yes,yes,Correct,0.5825
underspecified,11,dev_0901,yes,"YES, it is generally illegal to drive over a median, unless there is a",yes,yes,Correct,0.6082000000000001
underspecified,11,dev_0909,yes,NO,no,no,Incorrect,0.6227
underspecified,11,dev_1134,yes,"YES. New York State is a common law state, which means its legal system",yes,yes,Correct,0.622
underspecified,11,dev_0198,no,"YES. In New Hampshire, you do not need a permit to carry a handgun",yes,yes,Incorrect,0.6202000000000001
underspecified,11,dev_0215,no,I don't know. The hours of operation for liquor stores in Oklahoma on Memorial,i,idk,IDK,0.6205
underspecified,11,dev_0223,no,"YES (under certain conditions) - In the United States, it is",yes,yes,Incorrect,0.6197999999999999
underspecified,11,dev_0234,no,"NO. In most jurisdictions, the age of consent is 16 or 17",no,no,Correct,0.5973999999999999
underspecified,11,dev_0272,no,I don't know,i,idk,IDK,0.6247999999999999
underspecified,11,dev_0453,no,"NO.  In most jurisdictions, including the United States, incest is prohibited and",no,no,Correct,0.62
underspecified,11,dev_0499,no,"NO. Puerto Rico is a US territory, but its residents are not eligible to",no,no,Correct,0.6316
underspecified,11,dev_0552,no,"NO. In most prisons, inmates are not allowed to have their personal phones.",no,no,Correct,0.6219
underspecified,11,dev_0680,no,"YES, in some jurisdictions, there is a time limit on trade secrets, but",yes,yes,Incorrect,0.6224
underspecified,11,dev_0738,no,"YES. Taiwan is a member of the Paris Convention. Taiwan, officially known as",yes,yes,Incorrect,0.6337
underspecified,11,dev_0771,no,NO,no,no,Correct,0.6219
underspecified,11,dev_0888,no,"YES, although it's extremely rare. In the history of the United States,",yes,yes,Incorrect,0.6215
underspecified,11,dev_1135,no,I don't know. The answer may depend on specific laws and regulations in the,i,idk,IDK,0.5943999999999999
underspecified,11,dev_1188,no,No,no,no,Correct,0.6197999999999999
underspecified,11,dev_0339,yes,"NO, as a general rule, a military ID alone is not sufficient for a",no,no,Incorrect,0.6098
underspecified,11,dev_0357,yes,"No, the American Community Survey (ACS) is a voluntary survey, but the",no,no,Incorrect,0.6211
underspecified,11,dev_0498,yes,I don't know. The Florida Constitution does have provisions related to the qualifications and,i,idk,IDK,0.6255
underspecified,11,dev_0620,yes,"YES

The United Nations has intervened in several conflicts involving Pakistan, including:

*",yes,yes,Correct,0.5969
underspecified,11,dev_0878,yes,No.,no,no,Incorrect,0.6093999999999999
underspecified,11,dev_1864,yes,NO. The U.S. Marines are a separate branch of the U.S.,no,no,Incorrect,0.6098
underspecified,11,dev_2080,yes,YES. The United States Coast Guard is a branch of the,yes,yes,Correct,0.5842999999999999
underspecified,11,dev_2395,yes,NO,no,no,Incorrect,0.6312000000000001
underspecified,11,dev_2639,yes,YES. Canada is a member of the United Nations,yes,yes,Correct,0.6183
underspecified,11,dev_3155,yes,YES,yes,yes,Correct,0.6206
underspecified,11,dev_3209,yes,NO. Attending the Naval Academy is a path to becoming a commissioned officer in,no,no,Incorrect,0.6192000000000001
underspecified,11,dev_0209,no,NO. Israel is not part of the European Economic Area (EEA). The,no,no,Correct,0.6199
underspecified,11,dev_0273,no,"YES, drivers who use the George Washington Bridge typically have to pay a toll in",yes,yes,Incorrect,0.6277
underspecified,11,dev_0404,no,"NO. Puerto Rico is a territory of the United States, but it is not",no,no,Correct,0.621
underspecified,11,dev_0567,no,NO  The Visa Waiver Program (VWP) is a program of the,no,no,Correct,0.6201
underspecified,11,dev_0675,no,YES. Saudi Arabia has signed the Universal Declaration of,yes,yes,Incorrect,0.6213
underspecified,11,dev_1172,no,"NO. Turkey is a candidate for EU membership, but it has not",no,no,Correct,0.6384
underspecified,11,dev_1275,no,NO,no,no,Correct,0.623
underspecified,11,dev_1971,no,NO. Bosnia and Herzegovina is a country in Southeastern Europe that has,no,no,Correct,0.6347999999999999
underspecified,11,dev_2001,no,"NO. The presidential pardon power, as outlined in Article II, Section 2",no,no,Correct,0.6199
underspecified,11,dev_3004,no,"YES. In the UK, before 1979, it was generally possible for",yes,yes,Incorrect,0.6232000000000001
underspecified,11,dev_3256,no,NO,no,no,Correct,0.5961000000000001
underspecified,11,dev_1132,yes,"NO. While both are types of quartz, pink quartz and rose quartz have different",no,no,Incorrect,0.6216
underspecified,11,dev_1233,yes,"NO. In an adiabatic process, there is no heat transfer between",no,no,Incorrect,0.5965
underspecified,11,dev_1511,yes,NO,no,no,Incorrect,0.6217
underspecified,11,dev_1633,yes,NO,no,no,Incorrect,0.6223
underspecified,11,dev_2007,yes,YES. Liquefied petroleum gas (LPG) is commonly known as,yes,yes,Correct,0.6222000000000001
underspecified,11,dev_2214,yes,"NO

(Note: While water can be frozen (ice) or evaporated (",no,no,Incorrect,0.622
underspecified,11,dev_2239,yes,YES. The speed of sound in a given medium is generally constant at a given,yes,yes,Correct,0.6204
underspecified,11,dev_2299,yes,NO. Rain typically occurs when water droplets in clouds condense and fall to,no,no,Incorrect,0.6196
underspecified,11,dev_2303,yes,"YES. All life on Earth requires the same essential elements, such as carbon,",yes,yes,Correct,0.6201
underspecified,11,dev_2477,yes,"NO. In mathematics, natural numbers are positive integers (1, 2,",no,no,Incorrect,0.6193
underspecified,11,dev_2993,yes,"NO.  While both terms are often used interchangeably, they are not exactly",no,no,Incorrect,0.6239
underspecified,11,dev_3126,yes,Yes,yes,yes,Correct,0.6222000000000001
underspecified,11,dev_3188,yes,NO. A turkey vulture (Cathartes aura) and a buzz,no,no,Incorrect,0.6421
underspecified,11,dev_3193,yes,"YES. The Georgia Aquarium in Atlanta, Georgia, is home to a large tank",yes,yes,Correct,0.6192000000000001
underspecified,11,dev_3234,yes,"YES. In geometry, a rhombus is a quadrilateral with all sides",yes,yes,Correct,0.5947
underspecified,11,dev_3265,yes,I don't know. While the Titius-Bode rule is a rough estimate,i,idk,IDK,0.6227999999999999
underspecified,11,dev_0001,no,"YES  Ethanol production requires energy for processes such as fermentation, distillation,",yes,yes,Incorrect,0.6244
underspecified,11,dev_0579,no,NO,no,no,Correct,0.6399
underspecified,11,dev_1003,no,NO  Least squares and linear regression are related but not the same thing. Least,no,no,Correct,0.6227
underspecified,11,dev_1483,no,"NO. A meter stick is a unit of measurement equal to 1 meter,",no,no,Correct,0.6236
underspecified,11,dev_1551,no,NO,no,no,Correct,0.622
underspecified,11,dev_1702,no,NO. Pterodactyl and Pteranodon are both flying rept,no,no,Correct,0.6187
underspecified,11,dev_1925,no,NO,no,no,Correct,0.6233
underspecified,11,dev_2025,no,"NO  The load is typically one of the two arms of a lever, and",no,no,Correct,0.6207999999999999
underspecified,11,dev_2312,no,"NO. 
Turpentine and white spirit are both solvents, but they",no,no,Correct,0.5945
underspecified,11,dev_2471,no,"YES. A fixed pulley changes the direction of the force, but does not",yes,yes,Incorrect,0.6216
underspecified,11,dev_2521,no,NO. The t-distribution is a family of continuous probability distributions that have a,no,no,Correct,0.6213
underspecified,11,dev_2782,no,YES. The hydronium ion (H3O+) and the hydrogen,yes,yes,Incorrect,0.6257
underspecified,11,dev_2812,no,YES,yes,yes,Incorrect,0.6212000000000001
underspecified,11,dev_3014,no,NO,no,no,Correct,0.6203
underspecified,11,dev_3034,no,"NO 

Hydraulic lime and hydrated lime are both types of lime products",no,no,Correct,0.6212000000000001
underspecified,11,dev_3159,no,"NO. While both are rodents, chipmunks and ground squirrels belong to",no,no,Correct,0.6185
underspecified,11,dev_3190,no,NO,no,no,Correct,0.6236
underspecified,11,dev_0682,yes,"Yes. A sermon and a homily are often used interchangeably, but in",yes,yes,Correct,0.6223
underspecified,11,dev_0735,yes,"YES. In the United States, secondary school and high school are often used interchange",yes,yes,Correct,0.6205
underspecified,11,dev_1505,yes,YES,yes,yes,Correct,0.6221
underspecified,11,dev_1668,yes,"Yes. In the Church of England (Anglican), worshippers often make",yes,yes,Correct,0.6212000000000001
underspecified,11,dev_2373,yes,"NO, 'Lord of All Hopefulness' is not typically considered a funeral hym",no,no,Incorrect,0.6225
underspecified,11,dev_2793,yes,YES. Eastern Kentucky University is a Division 1 school. They compete in the,yes,yes,Correct,0.6241
underspecified,11,dev_2929,yes,"NO. While child psychology and developmental psychology are related fields, they are not exactly",no,no,Incorrect,0.6224
underspecified,11,dev_0605,no,NO. Brigham Young University (BYU) is a private university owned by The,no,no,Correct,0.6197
underspecified,11,dev_0908,no,I don't know. I would need more information or context to provide an accurate,i,idk,IDK,0.6212000000000001
underspecified,11,dev_1388,no,NO,no,no,Correct,0.6214
underspecified,11,dev_1521,no,"NO. Sweden does not pay students to attend school. However, students in Sweden",no,no,Correct,0.5926
underspecified,11,dev_2334,no,NO,no,no,Correct,0.6192000000000001
underspecified,11,dev_2641,no,I don't know. The answer to this question would depend on the specific naming,i,idk,IDK,0.6233
underspecified,11,dev_0347,yes,YES.  The Women's College World Series (WCWS) is a double,yes,yes,Correct,0.6219
underspecified,11,dev_0411,yes,I don't know (Note: The team is now known as the Washington Command,i,idk,IDK,0.6194
underspecified,11,dev_0439,yes,"YES. The Milwaukee Brewers have appeared in the World Series once, in 198",yes,yes,Correct,0.6205
underspecified,11,dev_0452,yes,"YES. Belgium has reached the World Cup final once, in 2018,",yes,yes,Correct,0.6209
underspecified,11,dev_0585,yes,"NO. In rugby league, the scrum is a contest for the ball,",no,no,Incorrect,0.6219
underspecified,11,dev_0656,yes,YES,yes,yes,Correct,0.6068
underspecified,11,dev_0661,yes,"YES. The KSI vs. Logan Paul fight, a celebrity boxing match,",yes,yes,Correct,0.6098
underspecified,11,dev_0701,yes,NO,no,no,Incorrect,0.6062000000000001
underspecified,11,dev_0704,yes,YES. Wayne Gretzky won four Stanley Cup championships with the Edmonton Oilers in,yes,yes,Correct,0.6177999999999999
underspecified,11,dev_0752,yes,NO  Would,no,no,Incorrect,0.5764
underspecified,11,dev_0848,yes,I don't know. The rules regarding signing free agents outside the transfer window vary,i,idk,IDK,0.5797
underspecified,11,dev_0883,yes,YES,yes,yes,Correct,0.6063999999999999
underspecified,11,dev_1143,yes,YES,yes,yes,Correct,0.6083999999999999
underspecified,11,dev_1305,yes,NO,no,no,Incorrect,0.6079
underspecified,11,dev_1497,yes,YES. Alphonse Areola played in the 2018 World Cup.,yes,yes,Correct,0.6097
underspecified,11,dev_1777,yes,NO,no,no,Incorrect,0.6059
underspecified,11,dev_2250,yes,YES,yes,yes,Correct,0.609
underspecified,11,dev_2370,yes,YES,yes,yes,Correct,0.6088
underspecified,11,dev_0083,no,"YES. In most professional tennis tournaments, including Wimbledon, a tiebreaker is played",yes,yes,Incorrect,0.609
underspecified,11,dev_0085,no,YES. Deion Sanders won two World Series with the New York Yankees in,yes,yes,Incorrect,0.611
underspecified,11,dev_0170,no,NO,no,no,Correct,0.6068
underspecified,11,dev_0230,no,"YES. In Little League, a player can run on a dropped third strike,",yes,yes,Incorrect,0.6079
underspecified,11,dev_0412,no,NO,no,no,Correct,0.6081
underspecified,11,dev_0421,no,"I don't know. The rules for the Golden Boot award, which is given",i,idk,IDK,0.5818
underspecified,11,dev_0447,no,"YES, Panama has qualified for the World Cup. They made their debut at the",yes,yes,Incorrect,0.6103999999999999
underspecified,11,dev_0544,no,I don't know. I don't have information on whether Trinity Forest Golf Club,i,idk,IDK,0.6113999999999999
underspecified,11,dev_0565,no,No.  Walks are not included in the batting average calculation. Batting,no,no,Correct,0.609
underspecified,11,dev_0589,no,"NO. According to basketball rules, goaltending is called when a defensive player interfer",no,no,Correct,0.6105
underspecified,11,dev_0593,no,NO  Teams do not keep the FIFA World Cup trophy. The trophy is kept,no,no,Correct,0.6075
underspecified,11,dev_0859,no,I don't know. The U.S. Open is one of the four major,i,idk,IDK,0.6339
underspecified,11,dev_0865,no,NO  Would you like to,no,no,Correct,0.6245
underspecified,11,dev_1518,no,YES.  Is there anything else I can help you with?  Would you,yes,yes,Incorrect,0.6189
underspecified,11,dev_1768,no,"NO. England has not yet won the Women's World Cup, but the team",no,no,Correct,0.6239
underspecified,11,dev_1779,no,NO. India did not qualify for the 2018 FIFA World Cup. They,no,no,Correct,0.6354
underspecified,11,dev_1905,no,"YES. According to the official rules of soccer, a player cannot be offside",yes,yes,Incorrect,0.6194
underspecified,11,dev_2156,no,"YES, the New York Yankees won the World Series in 2001. They",yes,yes,Incorrect,0.6201
underspecified,11,dev_2158,no,NO. The Cincinnati Bengals have appeared in two Super Bowls (XVI and,no,no,Correct,0.6212000000000001
underspecified,11,dev_2798,no,NO. The Super Bowl loser does not receive a championship ring. Only the winning,no,no,Correct,0.5932000000000001
underspecified,11,dev_3138,no,"YES. The Olympic gold medal is indeed made of gold, but it's a",yes,yes,Incorrect,0.6223
underspecified,11,dev_0307,yes,NO,no,no,Incorrect,0.6196
underspecified,11,dev_0506,yes,"YES. Drywall mud and joint compound are essentially the same thing, used for",yes,yes,Correct,0.5933999999999999
underspecified,11,dev_0641,yes,NO,no,no,Incorrect,0.6219
underspecified,11,dev_0844,yes,I don't know. The answer would depend on the specific location and the tower,i,idk,IDK,0.5946
underspecified,11,dev_1032,yes,"NO. 1-844 is a toll-free number in the United States,",no,no,Incorrect,0.6194
underspecified,11,dev_1574,yes,YES,yes,yes,Correct,0.5972999999999999
underspecified,11,dev_1889,yes,"YES. The Mazda Tribute and Ford Escape are essentially the same vehicle, as they",yes,yes,Correct,0.6192000000000001
underspecified,11,dev_2093,yes,"NO (Typically, a SIM card is required for emergency calling,",no,no,Incorrect,0.6187
underspecified,11,dev_2213,yes,NO,no,no,Incorrect,0.6204
underspecified,11,dev_2735,yes,YES Pipelining is a technique that can help reduce the latency of,yes,yes,Correct,0.621
underspecified,11,dev_2836,yes,NO,no,no,Incorrect,0.5908
underspecified,11,dev_0788,no,I don't know. MiniDV and 8mm are different types of video,i,idk,IDK,0.6225
underspecified,11,dev_0798,no,NO. Area code 669 is a geographic area code in the North American Number,no,no,Correct,0.6195
underspecified,11,dev_1249,no,"NO, C++ strings do not need to be null-terminated. In C",no,no,Correct,0.5907
underspecified,11,dev_1458,no,Yes,yes,yes,Incorrect,0.5967
underspecified,11,dev_1584,no,YES,yes,yes,Incorrect,0.6205
underspecified,11,dev_1589,no,"YES, a SIM-free phone can lock to a network, although it's not",yes,yes,Incorrect,0.5929
underspecified,11,dev_1657,no,NO,no,no,Correct,0.6245
underspecified,11,dev_1691,no,NO. Response time and input lag are related but distinct concepts in display performance.,no,no,Correct,0.6217999999999999
underspecified,11,dev_1943,no,YES,yes,yes,Incorrect,0.5968
underspecified,11,dev_2682,no,NO,no,no,Correct,0.6219
underspecified,11,dev_2712,no,"I don't know. The information provided earlier was incorrect, and I don't",i,idk,IDK,0.6197999999999999
underspecified,11,dev_0427,no,NO,no,no,Correct,0.6214
underspecified,11,dev_0531,no,"NO. Smaug is one of the most famous dragons in Middle-earth,",no,no,Correct,0.6222000000000001
underspecified,11,dev_1915,no,NO,no,no,Correct,0.6212000000000001
underspecified,11,dev_1946,no,No.,no,no,Correct,0.6194
underspecified,11,dev_2024,no,NO,no,no,Correct,0.621
underspecified,11,dev_2265,no,"NO, G major and E minor are not the same. G major has a",no,no,Correct,0.6239
underspecified,11,dev_0004,yes,"YES, Harry Potter and the Escape from Gringotts is a roller-coaster",yes,yes,Correct,0.6177
underspecified,11,dev_0241,yes,"YES. Mariah Carey co-wrote ""All I Want for Christmas Is You",yes,yes,Correct,0.6244
underspecified,11,dev_0326,yes,YES,yes,yes,Correct,0.62
underspecified,11,dev_0525,yes,YES,yes,yes,Correct,0.5945
underspecified,11,dev_0577,yes,YES. Phil Collins and Peter Gabriel were both members of the English rock band Genesis,yes,yes,Correct,0.6231
underspecified,11,dev_0799,yes,"NO.  On the popular game show Jeopardy!, contestants wager a portion",no,no,Incorrect,0.6234
underspecified,11,dev_0142,no,NO. Denatured alcohol and acetone are different types of solvents.,no,no,Correct,0.6196
underspecified,11,dev_0494,no,"NO. While fitness and survival are related concepts in biology, they do not have",no,no,Correct,0.5928
underspecified,11,dev_0527,no,NO,no,no,Correct,0.596
underspecified,11,dev_0566,no,"NO, not all bacteria of a single species are the exact same shape. While",no,no,Correct,0.6217999999999999
underspecified,11,dev_0648,no,"YES. Evergreen trees do not completely lose their leaves, but some species may",yes,yes,Incorrect,0.5937
underspecified,11,dev_0668,no,NO. Red-eared sliders are a species of freshwater turtles that typically live in,no,no,Correct,0.6247999999999999
underspecified,11,dev_0749,no,NO,no,no,Correct,0.6215
underspecified,11,dev_0790,no,"NO. Great white sharks are a pelagic species, which means they are found",no,no,Correct,0.6057
underspecified,11,dev_0867,no,NO. While a genotype (the genetic makeup of an organism) determines the phenotype,no,no,Correct,0.6081
underspecified,11,dev_0921,no,NO,no,no,Correct,0.608
underspecified,11,dev_1088,no,NO,no,no,Correct,0.6079
underspecified,11,dev_1329,no,NO. The earlobe is a fold of skin that connects the ear to the,no,no,Correct,0.6123
underspecified,11,dev_1402,no,"NO. Tissue is typically composed of multiple types of cells, which work together",no,no,Correct,0.6105
underspecified,11,dev_1428,no,"NO. Sweat glands are part of the integumentary system, specifically the ecc",no,no,Correct,0.6103999999999999
underspecified,11,dev_1439,no,"NO. Groundhogs and moles are both rodents, but they belong to",no,no,Correct,0.6085
underspecified,11,dev_0020,yes,Yes. Magnesium citrate is a compound that contains magnesium and citric acid,yes,yes,Correct,0.6075
underspecified,11,dev_0027,yes,"YES. Penguins, like all birds, have feathers that arise from the epider",yes,yes,Correct,0.6095
underspecified,11,dev_0047,yes,"YES, the turkey vulture (Cathartes aura) is a real",yes,yes,Correct,0.6067
underspecified,11,dev_0070,yes,"Yes. T. rex and Tyrannosaurus rex are the same. """,yes,yes,Correct,0.6133
underspecified,11,dev_0086,yes,"NO. While German Shepherd and Alsatian are often used interchangeably, the",no,no,Incorrect,0.6093
underspecified,11,dev_0121,yes,YES. St. Bernards and Bernese Mountain Dogs are both members of the,yes,yes,Correct,0.6205
underspecified,11,dev_0131,yes,YES. The latent heat of vaporization is a property that depends on the temperature,yes,yes,Correct,0.6199
underspecified,11,dev_0147,yes,YES. The navel and belly button are alternative terms that refer to the same,yes,yes,Correct,0.6185
underspecified,11,dev_0159,yes,"YES. Some tree species, such as the cypress and the palm",yes,yes,Correct,0.6213
underspecified,11,dev_0190,yes,"YES. Bees, specifically female honey bees, die after stinging in defense",yes,yes,Correct,0.6213
underspecified,11,dev_0195,yes,NO. Alligators typically kill their prey with a powerful bite to the head or,no,no,Incorrect,0.6216
underspecified,11,dev_0200,yes,"YES. Competitive inhibitors bind to the active site of an enzyme, competing with the",yes,yes,Correct,0.6235
underspecified,11,dev_0214,yes,"YES. Animal cells have a cell membrane, also known as the plasma membrane,",yes,yes,Correct,0.6195
underspecified,11,dev_0242,yes,"YES. Both male and female bighorn sheep have horns. In fact,",yes,yes,Correct,0.5933999999999999
underspecified,11,dev_0522,yes,NO,no,no,Incorrect,0.6216
underspecified,11,dev_0033,no,"NO. Federal income tax and Social Security are two separate types of taxes, although",no,no,Correct,0.6216
underspecified,11,dev_0123,no,NO. Public limited companies are typically listed on a stock exchange and are considered to,no,no,Correct,0.6225
underspecified,11,dev_0501,no,NO.  Comcast and Time Warner are two separate media corporations.  Comcast is,no,no,Correct,0.6183
underspecified,11,dev_0526,no,NO,no,no,Correct,0.643
underspecified,11,dev_1076,no,"NO. While commercial banks are often associated with runs, other types of financial institutions",no,no,Correct,0.6192000000000001
underspecified,11,dev_1213,no,NO. While both terms are related to the amount of money available for,no,no,Correct,0.5926
underspecified,11,dev_1654,no,YES. Discouraged workers are people who are not actively looking for,yes,yes,Incorrect,0.6207999999999999
underspecified,11,dev_1753,no,NO. Universal Music Group and Universal Studios are two separate companies that share a similar,no,no,Correct,0.6183
underspecified,11,dev_1825,no,NO. A bank sort code is a unique six-digit code assigned to a bank,no,no,Correct,0.6219
underspecified,11,dev_2911,no,"NO. The United States has a floating exchange rate, also known as a managed",no,no,Correct,0.622
underspecified,11,dev_2740,no,NO,no,no,Correct,0.5936
underspecified,11,dev_2517,no,NO.,no,no,Correct,0.6213
underspecified,11,dev_1139,yes,YES.,yes,yes,Correct,0.5923999999999999
underspecified,11,dev_0002,yes,"NO, house tax and property tax are not exactly the same, although they are",no,no,Incorrect,0.6216
underspecified,11,dev_0773,yes,"YES. A company can be public, meaning its securities are traded on a public",yes,yes,Correct,0.6217999999999999
underspecified,11,dev_1186,yes,"YES. A universal life policy typically has a cash value component, which allows policy",yes,yes,Correct,0.6217
underspecified,11,dev_1302,yes,"YES, Dodge and Jeep are both brands owned by Stellantis (formerly Fiat",yes,yes,Correct,0.6193
underspecified,11,dev_1349,yes,YES. NPV (Net Present Value) is a financial metric that takes into,yes,yes,Correct,0.6186
underspecified,11,dev_1771,yes,"NO. While often used interchangeably, a news release and a press release are",no,no,Incorrect,0.621
underspecified,11,dev_1804,yes,YES,yes,yes,Correct,0.6217
underspecified,11,dev_1873,yes,YES. Stop & Shop and Giant are both owned by Ahold Delhaize,yes,yes,Correct,0.6177999999999999
underspecified,11,dev_1963,yes,YES. New Hampshire is one of the few states in the United States that does,yes,yes,Correct,0.6227
underspecified,11,dev_2582,yes,YES. A profit and loss statement and an income statement are essentially the same financial,yes,yes,Correct,0.6239
underspecified,11,dev_2598,yes,YES,yes,yes,Correct,0.5962999999999999
underspecified,11,dev_3158,yes,"YES. Economic development and social development are closely linked, as economic growth can lead",yes,yes,Correct,0.6197
underspecified,11,dev_0551,no,NO,no,no,Correct,0.594
underspecified,11,dev_1158,no,NO,no,no,Correct,0.6201
underspecified,11,dev_1364,no,NO,no,no,Correct,0.6204
underspecified,11,dev_1807,no,NO. A4 is an international paper size standard (210 × 297 mm,no,no,Correct,0.6196
underspecified,11,dev_2542,no,NO,no,no,Correct,0.6206
underspecified,11,dev_2562,no,NO,no,no,Correct,0.6209
underspecified,11,dev_3005,no,NO. The English Bull Terrier is a distinct breed of dog that originated in,no,no,Correct,0.6217
underspecified,11,dev_3194,no,NO,no,no,Correct,0.6177
underspecified,11,dev_3195,no,YES A boarding pass is a document that confirms a passenger's ticket has,yes,yes,Incorrect,0.6229
underspecified,11,dev_0013,yes,"NO, it's not necessarily bad to wash your hair with shower gel,",no,no,Incorrect,0.6267999999999999
underspecified,11,dev_0043,yes,YES. There are several interstates that span from coast to coast in the United,yes,yes,Correct,0.6247
underspecified,11,dev_0052,yes,YES,yes,yes,Correct,0.6219
underspecified,11,dev_0091,yes,NO. A dessert spoon is typically larger than a tablespoon.,no,no,Incorrect,0.6214
underspecified,11,dev_0116,yes,"YES. A father-in-law is typically considered a relative, specifically the father of",yes,yes,Correct,0.6232000000000001
underspecified,11,dev_0288,yes,"YES. The UK, like many other countries, uses a 24-hour clock",yes,yes,Correct,0.619
underspecified,11,dev_0555,yes,NO. ZIP code is a specific type of postal code used in the United States,no,no,Incorrect,0.6226
underspecified,11,dev_0627,yes,"NO. Typically, the title ""Sir"" is a British honorific title conferred",no,no,Incorrect,0.6221
underspecified,11,dev_0831,yes,YES. A U.S. passport card is a valid form of identification for domestic,yes,yes,Correct,0.5929
underspecified,11,dev_0721,no,NO. Night of the Living Dead is a 1968 horror film directed by,no,no,Correct,0.6354
underspecified,11,dev_0863,no,NO,no,no,Correct,0.6203
underspecified,11,dev_1357,no,NO. The View and The Talk are two separate television talk shows that air on,no,no,Correct,0.6246
underspecified,11,dev_1951,no,"NO. The Bridge on the River Kwai is a fictional story, but it",no,no,Correct,0.6185
underspecified,11,dev_2131,no,YES,yes,yes,Incorrect,0.6367
underspecified,11,dev_2174,no,"NO. Fear the Walking Dead is a spin-off of The Walking Dead, but",no,no,Correct,0.6205
underspecified,11,dev_2252,no,NO,no,no,Correct,0.5919
underspecified,11,dev_2309,no,NO,no,no,Correct,0.6369
underspecified,11,dev_2364,no,I don't know,i,idk,IDK,0.622
underspecified,11,dev_3075,no,NO. Pulp Fiction is a work of fiction written and directed by Quentin Tar,no,no,Correct,0.6216
underspecified,11,dev_3205,no,NO. The movie Lady Bird (2017) is actually a coming-of-age,no,no,Correct,0.6253
underspecified,11,dev_0015,yes,YES. Fantastic Beasts and Where to Find Them is a prequel to the,yes,yes,Correct,0.6204
underspecified,11,dev_0153,yes,"YES, there is a movie of The Handmaid's Tale. However, it",yes,yes,Correct,0.625
underspecified,11,dev_0161,yes,YES. The Night of the Hunter (1955) is a classic film noir,yes,yes,Correct,0.6206
underspecified,11,dev_0306,yes,YES,yes,yes,Correct,0.6209
underspecified,11,dev_0334,yes,YES. Wrath of the Titans is a 2012 fantasy adventure film and a,yes,yes,Correct,0.6219
underspecified,11,dev_0338,yes,"YES. Fear the Walking Dead and The Walking Dead are related, as they are",yes,yes,Correct,0.6111
underspecified,11,dev_0493,yes,I don't know. Love Child is an Australian television drama series that premiered in,i,idk,IDK,0.6427
underspecified,11,dev_0520,yes,Yes.  The events of Captain America: The Winter Soldier (2014),yes,yes,Correct,0.6213
underspecified,11,dev_0212,no,NO,no,no,Correct,0.6209
underspecified,11,dev_0309,no,"NO, ground coriander and cumin are not the same thing. While",no,no,Correct,0.6211
underspecified,11,dev_0484,no,NO. Salt water taffy is a type of candy that gets its name,no,no,Correct,0.622
underspecified,11,dev_0654,no,NO,no,no,Correct,0.6177999999999999
underspecified,11,dev_0973,no,NO. Salt water taffy is a type of candy that gets its name,no,no,Correct,0.6215
underspecified,11,dev_1335,no,NO. Cocoa beans and coffee beans are two distinct types of beans used to produce,no,no,Correct,0.5972000000000001
underspecified,11,dev_1443,no,NO. A lungo and an Americano are both coffee drinks made with espresso,no,no,Correct,0.5935
underspecified,11,dev_0284,yes,"YES, to some extent. Enameled cast iron cookware can leach",yes,yes,Correct,0.6195
underspecified,11,dev_0330,yes,"YES, the white cover on brie cheese is edible, it's called the",yes,yes,Correct,0.6225
underspecified,11,dev_0443,yes,"YES. Powdered sugar and confectioners' sugar are the same thing,",yes,yes,Correct,0.6212000000000001
underspecified,11,dev_0975,yes,NO,no,no,Incorrect,0.6489
underspecified,11,dev_1741,yes,NO. While both garbanzo beans and chickpeas are types of leg,no,no,Incorrect,0.6086
underspecified,11,dev_1770,yes,"YES, pure vanilla extract typically contains a significant amount of ethanol, which is a",yes,yes,Correct,0.6189
underspecified,11,dev_1860,no,NO,no,no,Correct,0.6446000000000001
underspecified,11,dev_1967,yes,"NO. A caffe latte typically contains a shot of espresso, whereas a lat",no,no,Incorrect,0.5936
underspecified,11,dev_0236,no,NO. Straights in poker do not have to be the same suit. A,no,no,Correct,0.6207999999999999
underspecified,11,dev_0741,no,"I don't know. The solitaire game is a well-known card game,",i,idk,IDK,0.5956
underspecified,11,dev_1440,no,YES,yes,yes,Incorrect,0.6186
underspecified,11,dev_2062,no,NO,no,no,Correct,0.6193
underspecified,11,dev_2109,no,NO. Call of Duty: World at War is a first-person shooter video game,no,no,Correct,0.6225
underspecified,11,dev_2137,no,"YES. In chess, it is possible to win with only a king, although",yes,yes,Incorrect,0.6205
underspecified,11,dev_0478,yes,YES,yes,yes,Correct,0.5915
underspecified,11,dev_0545,yes,YES,yes,yes,Correct,0.6197999999999999
underspecified,11,dev_1125,yes,YES. Need for Speed is a popular racing video game series that typically includes a,yes,yes,Correct,0.6213
underspecified,11,dev_1137,yes,NO. Pokémon Crystal does not work with Pokémon Stadium 2. While Pokémon Crystal,no,no,Incorrect,0.5922999999999999
underspecified,11,dev_1162,yes,YES,yes,yes,Correct,0.6201
underspecified,11,dev_1177,yes,YES. Company of Heroes 2 has a single-player campaign.,yes,yes,Correct,0.6239
underspecified,11,dev_1444,yes,YES,yes,yes,Correct,0.6159
underspecified,11,dev_0313,no,NO. St. Kitts and Nevis is an independent island nation in the,no,no,Correct,0.6297999999999999
underspecified,11,dev_0823,no,"NO, the Ogallala Aquifer is not the largest in the world.",no,no,Correct,0.6204
underspecified,11,dev_0839,no,"NO, West Virginia and Virginia are not the same state. West Virginia was originally",no,no,Correct,0.6261
underspecified,11,dev_1222,no,No,no,no,Correct,0.6227999999999999
underspecified,11,dev_1254,no,NO,no,no,Correct,0.6192000000000001
underspecified,11,dev_1269,no,NO The Mississippi River flows into the Gulf of Mexico.,no,no,Correct,0.6197999999999999
underspecified,11,dev_1334,no,NO. Patagonia is a sparsely populated region at the southern end,no,no,Correct,0.6214
underspecified,11,dev_0184,yes,YES. You can boat from Lake Michigan to the Atlantic Ocean by navigating through the,yes,yes,Correct,0.623
underspecified,11,dev_0322,yes,YES,yes,yes,Correct,0.5926
underspecified,11,dev_0557,yes,"YES. The water in the Amazon River is generally fresh, as it originates from",yes,yes,Correct,0.6191
underspecified,11,dev_0573,yes,YES,yes,yes,Correct,0.5929
underspecified,11,dev_1179,yes,"NO. Phoenix, Arizona is in the Mountain Standard Time (MST) zone",no,no,Incorrect,0.6204
underspecified,11,dev_0619,yes,"YES, the state of Texas is bigger than Germany. Texas covers approximately 268",yes,yes,Correct,0.621
underspecified,11,dev_0650,yes,YES,yes,yes,Correct,0.6231
underspecified,11,dev_0734,yes,"YES. Lake Erie and Lake Ontario are two of the Great Lakes, and they",yes,yes,Correct,0.6367
underspecified,11,dev_0061,no,YES. An EMT-Basic is a level of certification in emergency medical services,yes,yes,Incorrect,0.6217
underspecified,11,dev_0124,no,No,no,no,Correct,0.5902999999999999
underspecified,11,dev_0914,no,NO.,no,no,Correct,0.6241
underspecified,11,dev_0955,no,NO. Mycosis fungoides is a type of cutaneous T-cell,no,no,Correct,0.6186
underspecified,11,dev_1610,no,NO,no,no,Correct,0.5951000000000001
underspecified,11,dev_1790,no,"NO. During implantation, the blastocyst attaches to the endometrium",no,no,Correct,0.6225
underspecified,11,dev_2096,no,NO. X-ray and MRI are two different types of medical imaging modalities.,no,no,Correct,0.6227999999999999
underspecified,11,dev_2277,no,NO,no,no,Correct,0.6221
underspecified,11,dev_2499,no,NO. A Doctor of Physical Therapy (DPT) is a professional degree that,no,no,Correct,0.6237
underspecified,11,dev_1959,yes,"YES. Normal body temperature can vary slightly throughout the day, typically peaking in",yes,yes,Correct,0.6203
underspecified,11,dev_1992,yes,"YES. According to the World Health Organization (WHO), rabies is",yes,yes,Correct,0.6201
underspecified,11,dev_2047,yes,YES,yes,yes,Correct,0.5969
underspecified,11,dev_1656,yes,"YES. Research suggests that emotional pain, such as a broken heart, can have",yes,yes,Correct,0.6264
underspecified,11,dev_1663,yes,"YES. Turf toe can occur on any of the toes, not just the",yes,yes,Correct,0.6205
underspecified,11,dev_1752,yes,YES. Triamcinolone cream is a topical corticosteroid that,yes,yes,Correct,0.6216
underspecified,11,dev_2049,yes,"YES. The common femoral vein is a deep vein, located in the thigh",yes,yes,Correct,0.6226
underspecified,11,dev_2050,yes,YES. Receptor upregulation and downregulation are mechanisms by which the,yes,yes,Correct,0.62
underspecified,11,dev_1442,yes,No,no,no,Incorrect,0.6225
underspecified,11,dev_0301,no,"NO

The Berlin Blockade was a Soviet attempt to cut off Western powers'",no,no,Correct,0.6213
underspecified,11,dev_0480,no,"NO. The Articles of Confederation were the first constitution of the United States,",no,no,Correct,0.6259
underspecified,11,dev_1290,no,NO,no,no,Correct,0.6075
underspecified,11,dev_1819,no,NO. The Czech Republic and Czechoslovakia are not the same country.,no,no,Correct,0.6101
underspecified,11,dev_2206,no,"NO. The Emancipation Proclamation, issued by President Abraham Lincoln in",no,no,Correct,0.6108
underspecified,11,dev_0376,yes,YES. William the Conqueror had a legitimate claim to the English throne through,yes,yes,Correct,0.6215
underspecified,11,dev_0346,yes,"YES. Helicopters were used in the Second World War, primarily for medical",yes,yes,Correct,0.6239
underspecified,11,dev_0363,yes,YES. The 1971 American Silver Eagle is a silver dollar coin that contains,yes,yes,Correct,0.5962000000000001
underspecified,11,dev_0535,yes,"YES. Houston was one of the early capitals of the Republic of Texas, but",yes,yes,Correct,0.622
underspecified,11,dev_0629,yes,"YES. The 13th Amendment to the United States Constitution, which abolished slavery",yes,yes,Correct,0.6203
underspecified,11,dev_0179,no,"NO. U.S. courts of appeals have appellate jurisdiction, meaning they hear appeals",no,no,Correct,0.6227999999999999
underspecified,11,dev_0402,no,NO,no,no,Correct,0.5947
underspecified,11,dev_0513,no,NO,no,no,Correct,0.6217999999999999
underspecified,11,dev_0606,no,I don't know. The legality of escaping from prison can depend on various factors,i,idk,IDK,0.6199
underspecified,11,dev_0630,no,NO. While an honorable discharge is a type of discharge that is generally considered positive,no,no,Correct,0.6212000000000001
underspecified,11,dev_0795,no,"NO. Driving laws vary from state to state in the United States, with differences",no,no,Correct,0.6239
underspecified,11,dev_1457,no,NO. The Civil Rights Act of 1964 is a federal law passed by,no,no,Correct,0.6217999999999999
underspecified,11,dev_1776,no,NO. An Employment Authorization Document (EAD) and a green card (also,no,no,Correct,0.623
underspecified,11,dev_1862,no,NO,no,no,Correct,0.5982000000000001
underspecified,11,dev_1911,no,YES. U.S. Supreme Court justices have a mandatory retirement age of 70,yes,yes,Incorrect,0.6207
underspecified,11,dev_2755,no,"NO. In the United States, to become an attorney, one typically needs to",no,no,Correct,0.619
underspecified,11,dev_2756,no,"YES. The Bill of Rights, which includes the first 10 amendments",yes,yes,Incorrect,0.6195
underspecified,11,dev_2921,no,NO. Property tax and council tax are related but distinct types of taxes. Property,no,no,Correct,0.6426000000000001
underspecified,11,dev_2972,no,NO,no,no,Correct,0.6203
underspecified,11,dev_0009,yes,"YES, as a visitor or temporary resident in Canada, you can drive with a",yes,yes,Correct,0.6093999999999999
underspecified,11,dev_0038,yes,YES,yes,yes,Correct,0.5805
underspecified,11,dev_0129,yes,"YES. In Florida, private sales of firearms are allowed, but sellers are required",yes,yes,Correct,0.6119
underspecified,11,dev_0202,yes,NO (Note: The classification of breaking and entering into a car as a felony,no,no,Incorrect,0.6117
underspecified,11,dev_0308,yes,"YES, it is generally illegal for a minor (someone under the age of",yes,yes,Correct,0.6117999999999999
underspecified,11,dev_0584,yes,YES,yes,yes,Correct,0.6196
underspecified,11,dev_0644,yes,"YES. In most jurisdictions, it is a law that you must yield to or",yes,yes,Correct,0.6224
underspecified,11,dev_0653,yes,Yes.,yes,yes,Correct,0.5982000000000001
underspecified,11,dev_0671,yes,"YES. The state of Kansas has the death penalty. However, it's worth",yes,yes,Correct,0.6219
underspecified,11,dev_0757,yes,Yes. Stealing a street sign is considered theft and can result in criminal charges,yes,yes,Correct,0.6197
underspecified,11,dev_1059,yes,YES,yes,yes,Correct,0.5951000000000001
underspecified,11,dev_1067,yes,YES. The Preamble to the Indian Constitution is a part of the Constitution and,yes,yes,Correct,0.6227999999999999
underspecified,11,dev_1097,yes,"YES. In Canada, individuals have the right to remain silent under the Canadian Charter",yes,yes,Correct,0.6232000000000001
underspecified,11,dev_1131,yes,"NO. Illinois does not have a ""Stand Your Ground"" law, but it",no,no,Incorrect,0.6227999999999999
underspecified,11,dev_1324,yes,NO,no,no,Incorrect,0.5947
underspecified,11,dev_0305,no,NO,no,no,Correct,0.6244
underspecified,11,dev_0465,no,"NO. The National Guard is part of the Army and Air Force, with each",no,no,Correct,0.6244
underspecified,11,dev_0508,no,"NO (According to the 22nd Amendment to the United States Constitution, a",no,no,Correct,0.6236
underspecified,11,dev_0518,no,"NO. The Justice Department, also known as the Department of Justice, is part",no,no,Correct,0.6254
underspecified,11,dev_0572,no,"NO. While both are government officials, a legislator is a more general term",no,no,Correct,0.5991000000000001
underspecified,11,dev_0898,no,"NO. In Canada, permanent residents are not eligible to vote in federal elections.",no,no,Correct,0.6295
underspecified,11,dev_1154,no,NO. The number of justices on the Supreme Court has varied throughout its history.,no,no,Correct,0.6214
underspecified,11,dev_1221,no,NO. A filibuster is a parliamentary procedure that allows a senator to prolong debate,no,no,Correct,0.6101
underspecified,11,dev_1244,no,NO. Canada and Australia are former British colonies that have since become independent countries and,no,no,Correct,0.609
underspecified,11,dev_1245,no,"NO. Turkey is a candidate for EU membership, but it is not a member",no,no,Correct,0.5822999999999999
underspecified,11,dev_1273,no,NO,no,no,Correct,0.6098
underspecified,11,dev_0647,yes,"YES. Every nation-state has a national government, which is the supreme governing authority",yes,yes,Correct,0.6083
underspecified,11,dev_0254,yes,"YES. According to Article I, Section 3 of the U.S. Constitution",yes,yes,Correct,0.6081
underspecified,11,dev_0486,yes,"YES. The US Postal Service is an independent agency of the federal government, established",yes,yes,Correct,0.6099
underspecified,11,dev_0736,yes,"YES. The World Bank is a specialized agency of the United Nations, and is",yes,yes,Correct,0.6099
underspecified,11,dev_0814,yes,NO. The Air Force is a branch of the military that specializes in air power,no,no,Incorrect,0.6183
underspecified,11,dev_1477,yes,YES. The cabinet is a group of the President's top advisors and is part,yes,yes,Correct,0.6076
underspecified,11,dev_1721,yes,"YES. The United States has several military bases in the United Kingdom, including RAF",yes,yes,Correct,0.6244
underspecified,11,dev_1786,yes,"YES. New York City still has rent control, also known as rent stabilization,",yes,yes,Correct,0.6243
underspecified,11,dev_1970,yes,YES,yes,yes,Correct,0.6242000000000001
underspecified,11,dev_1985,yes,"YES. 
The right to privacy is recognized in various forms in the United States",yes,yes,Correct,0.6219
underspecified,11,dev_2448,no,NO. Puerto Rico is a U.S. territory and does not have voting representation,no,no,Correct,0.6249
underspecified,11,dev_0066,yes,"NO, all triangles have at least one acute angle, but it's possible for",no,no,Incorrect,0.5979
underspecified,11,dev_0088,yes,"YES. According to Einstein's famous equation E=mc^2, it is",yes,yes,Correct,0.5942999999999999
underspecified,11,dev_0196,yes,"YES. Many T. rex skulls have been found, including the famous Sue,",yes,yes,Correct,0.6223
underspecified,11,dev_0262,yes,YES,yes,yes,Correct,0.6391
underspecified,11,dev_0271,yes,NO. An outcome variable and a dependent variable are related but not the same.,no,no,Incorrect,0.6202000000000001
underspecified,11,dev_0329,yes,"YES The Sun, along with the rest of the solar system, orbits",yes,yes,Correct,0.6229
underspecified,11,dev_0331,yes,YES,yes,yes,Correct,0.6222000000000001
underspecified,11,dev_0387,yes,YES. Density is a property of a material that depends on the type of material,yes,yes,Correct,0.6231
underspecified,11,dev_0418,yes,"YES, it is possible to have thunder and lightning while snowing, a phenomenon",yes,yes,Correct,0.6193
underspecified,11,dev_0616,yes,"NO, bicarb soda and baking soda are not the same. Bicarb",no,no,Incorrect,0.618
underspecified,11,dev_0638,yes,"YES. By definition, a rhombus is a quadrilateral with all sides",yes,yes,Correct,0.6194
underspecified,11,dev_0657,yes,NO,no,no,Incorrect,0.6177
underspecified,11,dev_0692,yes,YES. A hydrometer is a device used to measure the density or specific,yes,yes,Correct,0.5921000000000001
underspecified,11,dev_0744,yes,YES,yes,yes,Correct,0.5942999999999999
underspecified,11,dev_0797,yes,"YES. Average velocity is a vector quantity, meaning it has both magnitude and direction",yes,yes,Correct,0.6135
underspecified,11,dev_0842,yes,"YES. Diffraction is a phenomenon that occurs in all types of waves, including",yes,yes,Correct,0.6203
underspecified,11,dev_1379,yes,"YES. Talc and talcum powder are essentially the same thing, with tal",yes,yes,Correct,0.6187
underspecified,11,dev_0126,no,"NO. According to the current understanding of physics, particularly Einstein's theory of special",no,no,Correct,0.6227
underspecified,11,dev_0342,no,"NO, the speed of sound is not constant for all materials. It varies depending",no,no,Correct,0.6197
underspecified,11,dev_0437,no,"NO. The full moon does not always occur on the summer solstice, although",no,no,Correct,0.6196
underspecified,11,dev_0553,no,YES,yes,yes,Incorrect,0.6286
underspecified,11,dev_0652,no,"NO. The square root of 3 is an irrational number, which means it",no,no,Correct,0.623
underspecified,11,dev_0708,no,NO,no,no,Correct,0.6192000000000001
underspecified,11,dev_1083,no,NO. Carbon-14 dating is a method used to determine the age of organic,no,no,Correct,0.6177999999999999
underspecified,11,dev_1142,no,"NO. According to the current understanding of quantum mechanics, quantum entanglement does",no,no,Correct,0.6214
underspecified,11,dev_1354,no,NO,no,no,Correct,0.6167999999999999
underspecified,11,dev_1460,no,"NO

A single-subject research design is a type of research design that is",no,no,Correct,0.6194
underspecified,11,dev_1468,no,NO,no,no,Correct,0.6186
underspecified,11,dev_1559,no,"NO. 
log x is typically used to denote the common logarithm (base",no,no,Correct,0.6201
underspecified,11,dev_1595,no,NO. While both reverse osmosis water and deionized water are types,no,no,Correct,0.591
underspecified,11,dev_1643,no,NO. Static pressure is the pressure exerted by a fluid (liquid or gas,no,no,Correct,0.6152000000000001
underspecified,11,dev_1692,no,NO,no,no,Correct,0.6177
underspecified,11,dev_1726,no,NO. The vagus nerve is part of the peripheral nervous system (PNS,no,no,Correct,0.6203
underspecified,11,dev_0008,yes,"YES. Examples include ""Qoph"" (a letter in the Hebrew alphabet),",yes,yes,Correct,0.619
underspecified,11,dev_0323,yes,YES. The Song of Solomon and the Song of Songs are the same book in,yes,yes,Correct,0.6189
underspecified,11,dev_0794,yes,YES,yes,yes,Correct,0.6203
underspecified,11,dev_0866,yes,YES,yes,yes,Correct,0.5922000000000001
underspecified,11,dev_0910,yes,YES. The Dewey Decimal System is still widely used in libraries around the world,yes,yes,Correct,0.5903999999999999
underspecified,11,dev_0992,yes,"YES, in some cases, a student may be held back in elementary school,",yes,yes,Correct,0.5915
underspecified,11,dev_1446,yes,NO. While the Church of England and the Anglican Church share a common history,no,no,Incorrect,0.6177999999999999
underspecified,11,dev_0294,no,NO. Australian Sign Language (Auslan) and American Sign Language (ASL,no,no,Correct,0.6203
underspecified,11,dev_0521,no,"NO. The word ""kangaroo"" comes from the Guugu Yim",no,no,Correct,0.6206
underspecified,11,dev_0943,no,"NO. The Book of Deuteronomy is part of the Old Testament, specifically",no,no,Correct,0.62
underspecified,11,dev_1887,no,NO. While both alphabets are abjads and are used to write,no,no,Correct,0.6233
underspecified,11,dev_2892,no,NO,no,no,Correct,0.6165
underspecified,11,dev_2691,no,NO,no,no,Correct,0.6177999999999999
underspecified,11,dev_0065,yes,"YES, several players from the 1980 US Olympic hockey team went on to",yes,yes,Correct,0.5929
underspecified,11,dev_0245,yes,No.,no,no,Incorrect,0.6205
underspecified,11,dev_0315,yes,YES,yes,yes,Correct,0.6197999999999999
underspecified,11,dev_0361,yes,YES,yes,yes,Correct,0.6191
underspecified,11,dev_0550,yes,"YES (In fact, there have been several instances of tie games in",yes,yes,Correct,0.6177999999999999
underspecified,11,dev_0595,yes,"YES, the Ivy League has a basketball tournament, known as the Ivy League Men",yes,yes,Correct,0.6162000000000001
underspecified,11,dev_0966,yes,NO. The round of 16 in the World Cup is actually a double-,no,no,Incorrect,0.6175
underspecified,11,dev_1078,yes,YES. There have been several NHL teams that have not won the Stanley Cup in,yes,yes,Correct,0.596
underspecified,11,dev_1224,yes,"NO, a rugby field is typically smaller than a football field. While the exact",no,no,Incorrect,0.6167
underspecified,11,dev_1251,yes,YES,yes,yes,Correct,0.6175
underspecified,11,dev_1260,yes,I don't know. The Nike Air Force 1 is a popular basketball shoe,i,idk,IDK,0.6173
underspecified,11,dev_1278,yes,"YES. Cal Ripken Jr. is in the National Baseball Hall of Fame,",yes,yes,Correct,0.6184
underspecified,11,dev_1462,yes,"YES. There is an opening ceremony for the FIFA World Cup, which is a",yes,yes,Correct,0.6207
underspecified,11,dev_1494,yes,"NO. In soccer, a player cannot be offside on a corner kick,",no,no,Incorrect,0.6182000000000001
underspecified,11,dev_1543,yes,YES,yes,yes,Correct,0.6191
underspecified,11,dev_2012,yes,Yes.,yes,yes,Correct,0.5935
underspecified,11,dev_2118,yes,YES. Twisting someone's wrist in a certain way can cause a fracture or,yes,yes,Correct,0.6179
underspecified,11,dev_2272,yes,"YES. AstroTurf is a brand name for a type of artificial grass,",yes,yes,Correct,0.6173
underspecified,11,dev_2338,yes,I don't know,i,idk,IDK,0.6205
underspecified,11,dev_2498,yes,YES. There have been instances where two grand slams have been hit in one,yes,yes,Correct,0.6174
underspecified,11,dev_2509,yes,YES. There have been three instances where a team has come back from a,yes,yes,Correct,0.6204
underspecified,11,dev_2917,yes,YES,yes,yes,Correct,0.5903999999999999
underspecified,11,dev_2966,yes,NO. The National Basketball Association (NBA) has a rule that players must,no,no,Incorrect,0.6181
underspecified,11,dev_2974,yes,YES,yes,yes,Correct,0.6209
underspecified,11,dev_3007,yes,YES,yes,yes,Correct,0.617
underspecified,11,dev_3199,yes,"YES. Several club professionals have won the PGA Championship, including Walter Hagen,",yes,yes,Correct,0.5896
underspecified,11,dev_0222,no,NO. According to the official rules of the National Collegiate Athletic Association (N,no,no,Correct,0.6181
underspecified,11,dev_0398,no,"NO. In soccer, a throw-in is taken from the sideline and the ball",no,no,Correct,0.6221
underspecified,11,dev_0426,no,NO. A soccer goalie is not allowed to pick up a throw-in. According,no,no,Correct,0.6183
underspecified,11,dev_0464,no,NO. The 2018 World Cup used a different method for tiebreakers,no,no,Correct,0.6187999999999999
underspecified,11,dev_0563,no,NO,no,no,Correct,0.6227
underspecified,11,dev_0658,no,"YES. A walk in baseball is a dead ball, meaning it is no longer",yes,yes,Incorrect,0.6161
underspecified,11,dev_1366,no,"YES. The Champions League trophy is re-gilded every year, but the trophy",yes,yes,Incorrect,0.5912000000000001
underspecified,11,dev_1471,no,NO. A player cannot be offside on a throw-in. The offside,no,no,Correct,0.6206
underspecified,11,dev_1558,no,NO (The FIFA World Cup is held every 4 years.),no,no,Correct,0.6171
underspecified,11,dev_1580,no,NO. The Chicago White Sox play at Guaranteed Rate Field and the Chicago Cubs play,no,no,Correct,0.6179
underspecified,11,dev_2401,no,"YES. In cricket, a batsman can be run out even if the ball",yes,yes,Incorrect,0.616
underspecified,11,dev_2436,no,NO. The current world record for the mile is approximately 3:43 minutes,no,no,Correct,0.6179
underspecified,11,dev_3224,no,"NO. In Major League Baseball, if the score is tied after nine innings,",no,no,Correct,0.6191
underspecified,11,dev_0022,yes,YES. A spark plug ignites the fuel-air mixture in the engine's cylinders,yes,yes,Correct,0.592
underspecified,11,dev_0132,yes,YES,yes,yes,Correct,0.5942000000000001
underspecified,11,dev_0268,yes,YES,yes,yes,Correct,0.618
underspecified,11,dev_0646,yes,"YES

Multithreading is useful even on a single processor because it allows",yes,yes,Correct,0.6165
underspecified,11,dev_0697,yes,"YES, there is a storage limit on Google Drive, but it varies depending on",yes,yes,Correct,0.621
underspecified,11,dev_0935,yes,YES,yes,yes,Correct,0.5715
underspecified,11,dev_1159,yes,YES,yes,yes,Correct,0.6171
underspecified,11,dev_1376,yes,YES,yes,yes,Correct,0.5909
underspecified,11,dev_1646,yes,YES,yes,yes,Correct,0.6187999999999999
underspecified,11,dev_1869,yes,"YES. A database table can have multiple foreign keys, which are used to establish",yes,yes,Correct,0.617
underspecified,11,dev_2397,yes,YES. A cell phone jammer is a device that intentionally transmits signals on,yes,yes,Correct,0.6182000000000001
underspecified,11,dev_0512,no,NO,no,no,Correct,0.6182000000000001
underspecified,11,dev_1524,no,NO,no,no,Correct,0.5923999999999999
underspecified,11,dev_1675,no,NO.,no,no,Correct,0.5882000000000001
underspecified,11,dev_1723,no,NO,no,no,Correct,0.596
underspecified,11,dev_2027,no,NO,no,no,Correct,0.6202000000000001
underspecified,11,dev_2104,no,NO. The PlayStation 2 is an older console that does not have internet capabilities,no,no,Correct,0.6201
underspecified,11,dev_2262,no,NO. WordPad is a basic word processing application that comes pre-installed on,no,no,Correct,0.6194
underspecified,11,dev_2431,no,NO,no,no,Correct,0.6206
underspecified,11,dev_2524,no,NO,no,no,Correct,0.6193
underspecified,11,dev_3057,no,NO,no,no,Correct,0.6174
underspecified,11,dev_3167,no,NO. Gear oil and motor oil are two distinct types of lubricants designed for,no,no,Correct,0.6185
