scaffold,L,boolq_id,gold,reply,first_token,pred_label,acc_type,timing_s
semantic,6,dev_0023,yes,NO. While capes and cloaks are similar in that they are both loose,no,no,Incorrect,1.0537999999999998
semantic,6,dev_0039,no,"NO

Carbon and hydrogen form nonpolar covalent bonds because they have",no,no,Correct,1.0582
semantic,6,dev_0055,no,"I don't know. Wisconsin has not won the Little League World Series, but",i,idk,IDK,1.0505
semantic,6,dev_0059,no,NO. The Five Heartbeats is a fictional R&B quartet from the,no,no,Correct,1.1067
semantic,6,dev_0068,no,"NO. In most countries, including the United States, it is illegal to impose",no,no,Correct,1.0477
semantic,6,dev_0087,yes,"NO. A frog placed in boiling water will jump out immediately. However, if",no,no,Incorrect,1.0524
semantic,6,dev_0107,no,"NO

Gambling winnings in Australia are generally not taxable. However, it's",no,no,Correct,1.0495999999999999
semantic,6,dev_0120,yes,NO. A vehicle title is different from registration. The title proves ownership and provides,no,no,Incorrect,1.0519
semantic,6,dev_0138,no,NO. The National Minimum Drinking Age Act requires all states to set the legal drinking,no,no,Correct,1.054
semantic,6,dev_0151,no,"NO

Numbers do not look the same in all languages. For example, the",no,no,Correct,1.0468
semantic,6,dev_0163,yes,NO. The square root of 2 cannot be written as a fraction because it,no,no,Incorrect,1.1078
semantic,6,dev_0165,no,NO,no,no,Correct,1.04
semantic,6,dev_0207,no,NO. France is generally in the Central European Time (CET) or Central,no,no,Correct,1.0425
semantic,6,dev_0210,no,NO,no,no,Correct,1.0535
semantic,6,dev_0221,no,"NO. Markup languages are designed to structure and format content, not just describe data",no,no,Correct,1.045
semantic,6,dev_0229,yes,"NO

Most National Insurance Numbers (NINos) in the UK consist of",no,no,Incorrect,1.0545
semantic,6,dev_0237,no,"NO

The terms ""2-cycle"" and ""2-stroke"" refer to",no,no,Correct,1.0497
semantic,6,dev_0243,no,"NO. While St. Louis has a Chinese community, it does not have an",no,no,Correct,1.0548
semantic,6,dev_0248,yes,"NO. While cheetahs are the fastest land animals, reaching speeds up",no,no,Incorrect,1.0467
semantic,6,dev_0249,yes,"NO. Queen ants lay eggs, but whether an egg develops into a queen depends",no,no,Incorrect,1.0469000000000002
semantic,6,dev_0251,yes,"NO. Each sister chromatid has the same amount of DNA as a chromosome,",no,no,Incorrect,1.0459
semantic,6,dev_0257,yes,NO. Glass windows do not typically break on their own due to thermal stress unless,no,no,Incorrect,1.0479
semantic,6,dev_0270,no,"NO. In the United States, the legal drinking age is uniformly 21",no,no,Correct,1.1080999999999999
semantic,6,dev_0287,yes,"YES

You can signal for a fair catch on a kickoff by raising both arms",yes,yes,Correct,1.0489000000000002
semantic,6,dev_0295,no,"NO

While ""pigeon"" and ""dove"" are often used",no,no,Correct,1.0519
semantic,6,dev_0298,yes,"NO. Sheet metal gauge measures the thickness of sheet metal, while wire gauge measures",no,no,Incorrect,1.0440999999999998
semantic,6,dev_0312,no,NO. Adjectives can come before or after a noun depending on the language and,no,no,Correct,1.0412000000000001
semantic,6,dev_0316,yes,"NO. The internal intercostal muscles contract during expiration, not inspiration. During",no,no,Incorrect,1.0497
semantic,6,dev_0318,yes,YES. An Ace-2-3-4-5 is indeed a straight,yes,yes,Correct,1.107
semantic,6,dev_0321,yes,"NO

Filibusters are primarily used to prevent a vote on legislation, not",no,no,Incorrect,1.0515
semantic,6,dev_0333,yes,NO. The .22 Magnum (often abbreviated as .22 Mag.),no,no,Incorrect,1.0500999999999998
semantic,6,dev_0336,no,"NO. Muay Thai and Thai boxing are essentially the same thing, referring to",no,no,Correct,1.0438
semantic,6,dev_0343,yes,"NO. The executive branch includes other members such as the Vice President, Cabinet secret",no,no,Incorrect,1.0504
semantic,6,dev_0352,no,"NO. In soccer, you cannot score directly from a throw-in. The ball",no,no,Correct,1.0486
semantic,6,dev_0355,no,NO,no,no,Correct,1.0473
semantic,6,dev_0364,no,"NO. While wicket-keeping is a crucial role in cricket, especially in",no,no,Correct,1.0495
semantic,6,dev_0366,no,"YES

A structure called the pelvic diaphragm, primarily composed of muscle and",yes,yes,Incorrect,1.0514000000000001
semantic,6,dev_0406,no,NO. A California roll typically does not contain fish. It usually includes ingredients like,no,no,Correct,1.0478
semantic,6,dev_0428,no,NO. Peroxide refers to a broader category of compounds containing the peroxide functional,no,no,Correct,1.0497
semantic,6,dev_0429,yes,NO. Flax oil and linseed oil are derived from the same plant but,no,no,Incorrect,1.049
semantic,6,dev_0430,yes,NO. The Banaue Rice Terraces are not one of the 7,no,no,Incorrect,1.0515
semantic,6,dev_0436,no,"YES

The term ""broken heart"" is often used metaphorically to describe emotional",yes,yes,Incorrect,1.1075
semantic,6,dev_0441,no,NO. Shrimp with lobster sauce typically contains shrimp and a sauce that may be,no,no,Correct,1.0485
semantic,6,dev_0442,yes,"YES. Lead dust can be absorbed through the eyes, which is why it's",yes,yes,Correct,1.0488
semantic,6,dev_0479,no,"NO

Miniature pigs, also known as teacup pigs or micro pigs",no,no,Correct,1.0506
semantic,6,dev_0481,no,"NO. New York City consists of five boroughs: Manhattan, Brooklyn, Queens",no,no,Correct,1.0533
semantic,6,dev_0482,no,NO,no,no,Correct,1.0508
semantic,6,dev_0487,no,"NO. Banana trees are grown from rhizomes, not from bananas themselves.",no,no,Correct,1.0485
semantic,6,dev_0504,yes,NO. Friction tape and electrical tape are not the same. Electrical tape is,no,no,Incorrect,1.0466
semantic,6,dev_0509,no,"NO. The AR-15 is primarily used by civilians for hunting, target",no,no,Correct,1.0505
semantic,6,dev_0532,no,"YES

It is indeed possible to connect the brain to a computer through brain-com",yes,yes,Incorrect,1.0487
semantic,6,dev_0534,no,"NO

The National Guard can be activated for state duties within the United States or",no,no,Correct,1.0505
semantic,6,dev_0536,yes,"NO. Thanos does not appear in the first ""Guardians of the Galaxy",no,no,Incorrect,1.0515
semantic,6,dev_0537,no,"NO

You typically cannot receive a caution without being arrested first, although the process",no,no,Correct,1.0462
semantic,6,dev_0546,yes,NO. The College of William & Mary is a Colonial College but not an Ivy,no,no,Incorrect,1.0508
semantic,6,dev_0560,no,NO. The University of Tampa no longer has a football team. The school discontinued,no,no,Correct,1.0460999999999998
semantic,6,dev_0568,no,NO. The movie Heat (1995) was not based on a,no,no,Correct,1.042
semantic,6,dev_0569,no,NO. The NBA salary cap has elements of both a hard cap and a soft,no,no,Correct,1.0486
semantic,6,dev_0588,yes,"NO. Boost Mobile and Virgin Mobile are separate brands in the telecommunications industry, each",no,no,Incorrect,1.0468
semantic,6,dev_0594,no,"NO. Bee stingers are typically removed from the skin by scraping them off,",no,no,Correct,1.0463
semantic,6,dev_0596,no,NO. C# and Visual C# are related but not exactly the same.,no,no,Correct,1.0467
semantic,6,dev_0598,yes,NO,no,no,Incorrect,1.0529000000000002
semantic,6,dev_0612,yes,"NO. Popcorn is made from a specific type of dried corn kernel, not",no,no,Incorrect,1.0504
semantic,6,dev_0617,yes,NO. France and England have not faced each other in the FIFA World Cup finals,no,no,Incorrect,1.0367
semantic,6,dev_0662,yes,NO. LensCrafters and Pearle Vision were both brands owned by Luxott,no,no,Incorrect,1.05
semantic,6,dev_0678,no,NO. Washing a child's mouth with soap is not safe and can cause irritation,no,no,Correct,1.0495999999999999
semantic,6,dev_0696,no,NO. New Hampshire does not have a mandatory seat belt law for adults. However,no,no,Correct,1.0473
semantic,6,dev_0711,yes,NO. Musician's Friend and Guitar Center are two separate companies in the musical,no,no,Incorrect,1.047
semantic,6,dev_0718,yes,"NO. The third largest city in the United States by population is Los Angeles,",no,no,Incorrect,1.0479
semantic,6,dev_0724,no,"NO. ""Along Came a Spider"" is a standalone novel and film, and",no,no,Correct,1.0483
semantic,6,dev_0731,no,NO. Egg drop soup typically contains cooked eggs that are gently stirred into the broth,no,no,Correct,1.0502
semantic,6,dev_0737,no,NO. A Cornish game hen is not a baby chicken. It is a,no,no,Correct,1.0459
semantic,6,dev_0754,yes,"NO

""World at War"" is part of the ""Call of Duty""",no,no,Incorrect,1.0528
semantic,6,dev_0759,no,"NO. North and South Korea share a common language, Korean, but there are",no,no,Correct,1.0459
semantic,6,dev_0764,yes,NO,no,no,Incorrect,1.0429000000000002
semantic,6,dev_0782,yes,NO. AC Milan and Inter Milan do not share a stadium. Each club has,no,no,Incorrect,1.0445
semantic,6,dev_0817,no,"NO

There are no post-credit scenes in Deadpool 2. However,",no,no,Correct,1.0491
semantic,6,dev_0829,no,"NO. The Battle of New Orleans was fought on January 8, 1",no,no,Correct,1.1084
semantic,6,dev_0832,no,"YES, you can get to South America by car via the Pan-American Highway.",yes,yes,Incorrect,1.0488
semantic,6,dev_0837,yes,NO. Universal healthcare refers to ensuring that all individuals have access to necessary health services,no,no,Incorrect,1.0487
semantic,6,dev_0853,no,"NO. Girl Scouts is an organization for girls, while Eagle Scout is a rank",no,no,Correct,1.0459
semantic,6,dev_0854,no,NO. Elephants are not at the top of the food chain. They are,no,no,Correct,1.0473
semantic,6,dev_0862,no,"NO. In chess, there is no need to explicitly say ""check."" The",no,no,Correct,1.0492000000000001
semantic,6,dev_0871,yes,NO. Mandarin Chinese is actually the most commonly spoken language in terms of native speakers,no,no,Incorrect,1.0463
semantic,6,dev_0916,yes,NO. The Ryman Auditorium was the original home of the Grand Ole Opr,no,no,Incorrect,1.0542
semantic,6,dev_0922,yes,"NO

Passport cards are valid for land and sea travel between the United States",no,no,Incorrect,1.0506
semantic,6,dev_0933,no,NO. The cremaster muscle is not in the spermatic cord; it is,no,no,Correct,1.0445
semantic,6,dev_0934,yes,NO,no,no,Incorrect,1.0438
semantic,6,dev_0940,yes,NO. A passport card cannot be used for air travel domestically; it is only,no,no,Incorrect,1.0467
semantic,6,dev_0944,no,NO. Greece flourished primarily from the 8th century BCE to the,no,no,Correct,1.0514000000000001
semantic,6,dev_0952,yes,NO. Merrill Lynch was a financial services company that was acquired by Bank of America,no,no,Incorrect,1.0449000000000002
semantic,6,dev_0958,yes,NO,no,no,Incorrect,1.0352000000000001
semantic,6,dev_0981,no,NO. Pyruvic acid and pyruvate are essentially the same substance,no,no,Correct,1.0513
semantic,6,dev_0991,yes,"NO. In England, you do not need a license to watch TV, but",no,no,Incorrect,1.0486
semantic,6,dev_0994,yes,NO. Chroma keying typically uses a solid color like green or blue because,no,no,Incorrect,1.0478
semantic,6,dev_0996,no,NO. The town of Radiator Springs in Pixar Cars is a fictional location created,no,no,Correct,1.0474
semantic,6,dev_1006,no,"NO. In many jurisdictions, you do not need to be literate to vote",no,no,Correct,1.0474
semantic,6,dev_1011,no,"YES

The World Cup trophy does have a name. It is called the J",yes,yes,Incorrect,1.0497
semantic,6,dev_1022,yes,"YES

Enterprise value (EV) is often considered a proxy for firm value,",yes,yes,Correct,1.0458
semantic,6,dev_1049,no,NO. Red pandas are not related to giant pandas. They belong to different families,no,no,Correct,1.0469000000000002
semantic,6,dev_1062,yes,"NO. A wheel and axle is one of the six classic simple machines, but",no,no,Incorrect,1.0515
semantic,6,dev_1075,yes,"NO

All NHL ice rinks are required to adhere to specific dimensions, but",no,no,Incorrect,1.0473
semantic,6,dev_1102,no,"NO. Sweating and perspiring are essentially the same processes, referring to the",no,no,Correct,1.0409000000000002
semantic,6,dev_1110,yes,"NO. The NBA draft consists of multiple rounds, typically ranging from 32",no,no,Incorrect,1.0460999999999998
semantic,6,dev_1112,no,"NO. Nuclear power is one form of generating energy using nuclear reactions, specifically the",no,no,Correct,1.0504
semantic,6,dev_1113,yes,"NO

A ball python and a royal python refer to the same species, Python",no,no,Incorrect,1.0483
semantic,6,dev_1121,no,NO. The Seven Years' War occurred before the 20th century and,no,no,Correct,1.0482
semantic,6,dev_1133,no,"NO

The Crew 2 focuses more on open-world gameplay and less on a",no,no,Correct,1.0471
semantic,6,dev_1138,yes,NO.,no,no,Incorrect,1.0491
semantic,6,dev_1146,yes,"NO

Penalty charge notices and fixed penalties are similar but not exactly the same",no,no,Incorrect,1.0466
semantic,6,dev_1155,yes,NO. The GMC Sierra and Chevrolet Silverado are different brand models that share a,no,no,Incorrect,1.0475
semantic,6,dev_1175,no,"YES

Michigan was admitted to the Union on January 26, 1",yes,yes,Incorrect,1.0517
semantic,6,dev_1178,no,NO. No Major League Baseball team has gone undefeated in a full season. The,no,no,Correct,1.0478
semantic,6,dev_1183,yes,NO.,no,no,Incorrect,1.0487
semantic,6,dev_1196,no,"NO

In India, a person cannot hold dual citizenship. However, an Overse",no,no,Correct,1.0475999999999999
semantic,6,dev_1204,yes,"NO. The Eye of Agamotto is a powerful artifact, but it is",no,no,Incorrect,1.0503
semantic,6,dev_1205,no,"NO. In chess, you cannot take out the king directly. The goal is",no,no,Correct,1.0511
semantic,6,dev_1209,yes,"YES, it is possible to turn lead into gold through nuclear transmutation, but",yes,yes,Correct,1.0504
semantic,6,dev_1227,no,NO.,no,no,Correct,1.0414
semantic,6,dev_1229,no,"NO. The fruit orange is named after the color, not the other way around",no,no,Correct,1.0487
semantic,6,dev_1230,yes,"YES

A double eagle is another term for an albatross, which is",yes,yes,Correct,1.053
semantic,6,dev_1235,no,"NO. While a birth certificate is an important document that provides personal information, it",no,no,Correct,1.0475999999999999
semantic,6,dev_1239,yes,NO.,no,no,Incorrect,1.0529000000000002
semantic,6,dev_1241,no,"NO

Period 6 of the periodic table includes transition metals, lanthanides",no,no,Correct,1.0507
semantic,6,dev_1250,yes,"YES

The micropyle is a small opening in the seed coat that often",yes,yes,Correct,1.0473
semantic,6,dev_1256,yes,NO. The 1906 San Francisco earthquake did not generate a significant,no,no,Incorrect,1.0467
semantic,6,dev_1261,no,NO. Louisiana does not have a state income tax.,no,no,Correct,1.0454
semantic,6,dev_1267,no,"NO. Better Call Saul is a prequel to Breaking Bad, set before the",no,no,Correct,1.0493
semantic,6,dev_1271,no,NO. The National Minimum Drinking Age Act requires all states to set the legal drinking,no,no,Correct,1.0539
semantic,6,dev_1283,yes,NO. Lock nuts and stop nuts have different functions and designs. Lock nuts are,no,no,Incorrect,1.0480999999999998
semantic,6,dev_1285,no,NO. No woman has ever won the Indianapolis 500. The first,no,no,Correct,1.0472000000000001
semantic,6,dev_1286,no,"NO

Lightning bugs and fireflies refer to the same group of insects,",no,no,Correct,1.054
semantic,6,dev_1294,yes,NO. A terminating decimal can be written as a fraction with a denominator that is,no,no,Incorrect,1.0477
semantic,6,dev_1296,yes,"NO

PlayStation 2 games do not play directly on PlayStation 4.",no,no,Incorrect,1.0499
semantic,6,dev_1303,no,NO. You do not have to touch the ball to be offside in soccer,no,no,Correct,1.1073
semantic,6,dev_1307,yes,NO. You cannot score directly from a kickoff in soccer. The ball must be,no,no,Incorrect,1.0511
semantic,6,dev_1311,yes,NO. The crankshaft pulley and harmonic balancer are not the same thing,no,no,Incorrect,1.0495
semantic,6,dev_1316,yes,NO. The Gateway Arch in St. Louis is not a national park; it,no,no,Incorrect,1.0466
semantic,6,dev_1317,no,NO,no,no,Correct,1.1083
semantic,6,dev_1333,yes,NO. A Dame is the female equivalent of a Knight in the British honours,no,no,Incorrect,1.109
semantic,6,dev_1336,yes,"NO. The central nervous system consists of the brain and spinal cord, which do",no,no,Incorrect,1.0056
semantic,6,dev_1345,no,NO. A confidentiality agreement and a non-disclosure agreement are essentially the same thing,no,no,Correct,1.0445
semantic,6,dev_1359,no,"NO. According to basketball rules, an assist must be given to a teammate who",no,no,Correct,1.0499
semantic,6,dev_1370,yes,YES. A-2-3-4-5 is indeed a low straight,yes,yes,Correct,1.1082
semantic,6,dev_1371,no,NO. Rafflesia arnoldii produces the largest flower in terms of,no,no,Correct,1.1069
semantic,6,dev_1372,yes,"NO. A kilowatt-hour is a unit of energy, not power.",no,no,Incorrect,1.0504
semantic,6,dev_1382,no,"NO. According to the rules of baseball, a catcher cannot block home plate without",no,no,Correct,1.0467
semantic,6,dev_1406,no,NO. The Postmaster General is typically appointed by the President of the United States,no,no,Correct,1.0543
semantic,6,dev_1408,yes,"NO. If a foul ball is caught, the baserunners must return",no,no,Incorrect,1.0469000000000002
semantic,6,dev_1413,yes,"YES. Brazil won the 1958 FIFA World Cup in Sweden,",yes,yes,Correct,1.1079
semantic,6,dev_1419,yes,NO. There is no city called Las Vegas in New Mexico. The city of,no,no,Incorrect,1.0493
semantic,6,dev_1420,yes,NO. 4x4 typically refers to four-wheel drive systems that also include,no,no,Incorrect,1.0488
semantic,6,dev_1423,no,"NO. ""Take Me Home, Country Roads"" is about West Virginia, not",no,no,Correct,1.0479
semantic,6,dev_1424,no,"NO

Hawaii is located in the tropics, where temperatures tend to be",no,no,Correct,1.0444
semantic,6,dev_1436,no,"NO

Equity in your home is not considered a liquid asset because it cannot",no,no,Correct,2.3908
semantic,6,dev_1438,yes,"YES, all of the United Kingdom is generally in the same time zone, which",yes,yes,Correct,1.0482
semantic,6,dev_1452,no,NO. A neurotransmitter is typically classified as either excitatory or inhibitory based,no,no,Correct,1.1080999999999999
semantic,6,dev_1455,yes,"NO. The abdomen is a larger region of the body that includes the stomach,",no,no,Incorrect,1.0388
semantic,6,dev_1464,no,"NO. Sweet potatoes belong to the Convolvulaceae family, not",no,no,Correct,1.0491
semantic,6,dev_1467,yes,"NO

In the UK, an A-level grade D is generally considered a pass",no,no,Incorrect,1.049
semantic,6,dev_1473,yes,YES. A sailboat can travel faster than the wind by using the apparent wind,yes,yes,Correct,1.0488
semantic,6,dev_1489,yes,NO. While Mamma Mia! Here We Go Again features songs by ABBA,no,no,Incorrect,1.1080999999999999
semantic,6,dev_1498,yes,"NO

The Nobel Peace Prize is awarded every year, except in years when there",no,no,Incorrect,1.0454
semantic,6,dev_1508,no,"NO

No one has died during the Tour de France, although there have been",no,no,Correct,1.0486
semantic,6,dev_1515,no,NO. There isn't a single law that requires everyone to pay federal income taxes,no,no,Correct,1.0529000000000002
semantic,6,dev_1517,yes,"NO

Using hydraulic fluid as brake fluid is not recommended because brake fluid has specific",no,no,Incorrect,1.1094000000000002
semantic,6,dev_1528,yes,NO. A J.D. (Juris Doctor) is not the same as,no,no,Incorrect,1.0509000000000002
semantic,6,dev_1533,no,"YES

The July 27, 2018 lunar eclipse was",yes,yes,Incorrect,1.1122
semantic,6,dev_1534,no,"NO. According to baseball rules, a player is not allowed to leave the field",no,no,Correct,1.0482
semantic,6,dev_1546,yes,NO. A passport card cannot be used for REAL ID purposes. The REAL ID,no,no,Incorrect,1.0474
semantic,6,dev_1552,yes,NO. The poly(A) tail is added after the pre-mRNA has undergone,no,no,Incorrect,1.0508
semantic,6,dev_1557,no,NO,no,no,Correct,1.0453
semantic,6,dev_1563,no,NO. The Big Dipper is an asterism within the constellation Ursa Major,no,no,Correct,1.0454
semantic,6,dev_1627,no,NO. The esophagus is behind the heart (posterior to the heart,no,no,Correct,1.0535
semantic,6,dev_1632,yes,"NO. The World Health Organization is a specialized agency of the United Nations, not",no,no,Incorrect,1.047
semantic,6,dev_1650,yes,YES,yes,yes,Correct,1.0455999999999999
semantic,6,dev_1655,no,"NO

Soy sauce and soya sauce are essentially the same product, with",no,no,Correct,2.3952
semantic,6,dev_1658,yes,NO. The Nazca Lines are best viewed from the air. They are large,no,no,Incorrect,1.1073
semantic,6,dev_1659,yes,"NO. An undergraduate degree is often referred to as a bachelor's degree, but",no,no,Incorrect,1.0474
semantic,6,dev_1673,yes,"NO

Grizzly bears and polar bears are distinct species with significant genetic differences that",no,no,Incorrect,1.0514000000000001
semantic,6,dev_1680,no,YES. Picking your nose can irritate the nasal passages and potentially damage the,yes,yes,Incorrect,1.0491
semantic,6,dev_1687,no,NO. The U.S. Air Force does not have warrant officer ranks. W,no,no,Correct,1.0513
semantic,6,dev_1698,no,"NO

Fullmetal Alchemist: Brotherhood is generally considered a reboot and not a",no,no,Correct,1.1145999999999998
semantic,6,dev_1707,yes,NO. A public limited company (PLC) is a specific type of limited,no,no,Incorrect,1.0543
semantic,6,dev_1727,yes,"NO. A digital audio cable can refer to various types of cables, such as",no,no,Incorrect,1.0491
semantic,6,dev_1736,no,NO. The magnitude of a physical quantity does not change with a change in the,no,no,Correct,1.0485
semantic,6,dev_1737,yes,NO.,no,no,Incorrect,1.0504
semantic,6,dev_1740,yes,"YES. The medullary cavity is filled with cancellous bone, which is",yes,yes,Correct,1.0465
semantic,6,dev_1743,no,"I don't know. While ""The Last King of Scotland"" aims to portray",i,idk,IDK,1.0533
semantic,6,dev_1749,yes,NO. Delhi University and the University of Delhi are not the same. Delhi University,no,no,Incorrect,1.0469000000000002
semantic,6,dev_1750,no,"NO

Fighting words are not protected under the freedom of speech as guaranteed by",no,no,Correct,1.1089
semantic,6,dev_1757,yes,NO,no,no,Incorrect,1.0509000000000002
semantic,6,dev_1763,yes,NO. The House of Representatives is one chamber of Congress. Congress consists of two,no,no,Incorrect,1.1082
semantic,6,dev_1775,no,"NO. The NBA playoffs use a ""2-2-1-1-",no,no,Correct,1.1149
semantic,6,dev_1789,no,NO,no,no,Correct,1.0438
semantic,6,dev_1806,no,"NO. The $1,000 bill was last issued in 1",no,no,Correct,1.1124
semantic,6,dev_1814,no,"NO. In the North American Numbering Plan (NANP), area codes",no,no,Correct,1.0447
semantic,6,dev_1823,yes,"NO

The MLB All-Star Game does not determine the World Series home-field advantage",no,no,Incorrect,1.1129
semantic,6,dev_1832,no,"NO. The town of Garrison, Colorado, used in the show ""The Ranch",no,no,Correct,1.0515
semantic,6,dev_1849,yes,"NO. In a RACI chart, typically only one person is designated as",no,no,Incorrect,1.0527
semantic,6,dev_1851,no,"NO

The right to a fair trial is not explicitly stated as a separate amendment",no,no,Correct,1.0473
semantic,6,dev_1857,no,NO. Cows do not need to give birth to produce milk. Prol,no,no,Correct,1.0500999999999998
semantic,6,dev_1895,yes,"NO. The empty set is not an element of itself. By definition, the",no,no,Incorrect,1.0549000000000002
semantic,6,dev_1906,no,NO. College football players do not have to enter the NFL Draft to play professionally,no,no,Correct,1.0459
semantic,6,dev_1916,yes,"NO

Pokémon: Let’s Go, Pikachu! and Let’s Go,",no,no,Incorrect,2.4191
semantic,6,dev_1919,yes,"YES

Nuclear transmutation involves changing one chemical element into another by altering the",yes,yes,Correct,1.0468
semantic,6,dev_1924,yes,"NO. The serial number is part of the Vehicle Identification Number (VIN), but",no,no,Incorrect,1.0494
semantic,6,dev_1938,no,YES. The set that contains the empty set has the empty set as one of,yes,yes,Incorrect,1.0524
semantic,6,dev_1948,yes,NO.,no,no,Incorrect,1.0488
semantic,6,dev_1950,no,NO. The Gulf of Mexico is considered a marginal sea because it is partially enclosed,no,no,Correct,1.0473
semantic,6,dev_1960,no,NO. The Republic of the Congo (also known as Congo-Brazzav,no,no,Correct,1.1091
semantic,6,dev_1977,no,"NO. To be eligible for the presidency, you must be a natural-born citizen",no,no,Correct,1.0517
semantic,6,dev_1995,yes,NO. Winning the FA Cup qualifies a team for the UEFA Europa League or UEFA,no,no,Incorrect,1.0464
semantic,6,dev_1997,yes,"YES

The Alphabet Song and ""Twinkle, Twinkle, Little Star""",yes,yes,Correct,1.1109
semantic,6,dev_2009,no,NO. Color Wonder markers are designed to work only on special Color Wonder surfaces and,no,no,Correct,1.049
semantic,6,dev_2032,yes,"YES. Flies, specifically botflies, can lay their eggs on or near",yes,yes,Correct,1.046
semantic,6,dev_2045,yes,NO. I don't know - A Supreme Court justice cannot run for President because,no,no,Incorrect,1.0537
semantic,6,dev_2053,no,"NO. You only need to be receiving to score points in tennis, but points",no,no,Correct,1.0471
semantic,6,dev_2061,no,"NO. In most cases, next-of-kin status is determined by法律规定，",no,no,Correct,1.0485
semantic,6,dev_2065,yes,"NO. ""RealFeel"" is a weather index developed by The Weather Channel that",no,no,Incorrect,1.0452000000000001
semantic,6,dev_2068,yes,I don't know. Allied Waste was acquired by Republic Services in 20,i,idk,IDK,1.0495999999999999
semantic,6,dev_2078,no,"NO

Black cumin seed and black seed are commonly used interchangeably, but",no,no,Correct,1.0532000000000001
semantic,6,dev_2079,yes,"YES, Eeyore is a donkey in Winnie-the-Pooh",yes,yes,Correct,1.109
semantic,6,dev_2088,no,"NO. English is recognized as the official language at the federal level, but there",no,no,Correct,1.0527
semantic,6,dev_2091,no,"NO

In baseball, the home team cannot win by two runs in extra innings",no,no,Correct,1.1091
semantic,6,dev_2094,no,"NO. There is no airport in Fort Walton Beach, Florida. The closest airport",no,no,Correct,1.1080999999999999
semantic,6,dev_2095,yes,"NO. Noel Gallagher sings ""Don't Look Back in Anger."" It is",no,no,Incorrect,1.0526
semantic,6,dev_2139,no,NO. You cannot travel internationally with a passport card alone. It must be used,no,no,Correct,1.0525
semantic,6,dev_2166,yes,NO. Staring at a bright light can cause temporary vision impairment or flash blindness,no,no,Incorrect,1.0465
semantic,6,dev_2184,no,"NO

As of my last update, the United States does not have permanent military",no,no,Correct,1.1104
semantic,6,dev_2187,yes,"NO. During a free throw, the shooter must remain stationary until the ball touches",no,no,Incorrect,1.0466
semantic,6,dev_2192,no,NO. A lieutenant colonel is lower in rank than a colonel.,no,no,Correct,1.0482
semantic,6,dev_2196,no,NO. Red-eared slider turtles are terrestrial egg-layers and typically lay their,no,no,Correct,2.3664
semantic,6,dev_2199,yes,YES,yes,yes,Correct,1.0513
semantic,6,dev_2204,yes,NO. Picking someone up by their hair can cause injury and is not a,no,no,Incorrect,1.0494
semantic,6,dev_2220,no,"YES

In baseball, an infield fly is a fair fly ball hit to an",yes,yes,Incorrect,1.0511
semantic,6,dev_2224,no,NO,no,no,Correct,1.053
semantic,6,dev_2232,no,"YES

There is a Roman Catholic cathedral in Dublin, specifically Christ Church Cathedral.",yes,yes,Incorrect,1.1092
semantic,6,dev_2234,no,"NO. Pokémon: Let's Go, Eevee! is part of the",no,no,Correct,1.0517
semantic,6,dev_2237,no,NO. The Riviera Maya is located on the Caribbean Sea.,no,no,Correct,1.0497999999999998
semantic,6,dev_2247,yes,"NO. In New Jersey, the legal drinking age is 21, which",no,no,Incorrect,1.0475999999999999
semantic,6,dev_2248,yes,"NO. While pixel density (PPI) is related to resolution, they are",no,no,Incorrect,1.0499
semantic,6,dev_2266,no,NO. The Nissan Pathfinder is considered a mid-size SUV.,no,no,Correct,1.0522
semantic,6,dev_2275,yes,"I don't know. The legality of card counting in casinos can vary, and",i,idk,IDK,1.0465
semantic,6,dev_2295,yes,"NO. In a unanimous vote, all members who are present and voting must agree",no,no,Incorrect,1.0448
semantic,6,dev_2304,yes,NO. The House of Representatives is part of Congress but is not called Congress by,no,no,Incorrect,1.0486
semantic,6,dev_2306,yes,"NO. In the Martingale system, you double your bet after each loss",no,no,Incorrect,1.0479
semantic,6,dev_2310,no,NO. In-N-Out Burger is primarily a chain of corporate-owned restaurants. The,no,no,Correct,1.0467
semantic,6,dev_2315,yes,"NO

Centripetal force is the force directed towards the center that causes circular",no,no,Incorrect,1.1099
semantic,6,dev_2323,no,"NO. The film ""Tully"" is based on an original screenplay written by",no,no,Correct,1.0478
semantic,6,dev_2328,no,NO. Corinthian leather is not a real type of leather. It is often,no,no,Correct,1.0484
semantic,6,dev_2350,no,"NO

""Little House on the Prairie"" is a semi-autobiographical novel",no,no,Correct,1.0537
semantic,6,dev_2382,yes,NO. The right atrium receives deoxygenated blood from the body through,no,no,Incorrect,1.0525
semantic,6,dev_2387,yes,"YES

Northern Ireland has participated in the FIFA World Cup on several occasions, most",yes,yes,Correct,1.05
semantic,6,dev_2388,no,"NO, unless specific circumstances allow for it, such as a mistrial or a",no,no,Correct,2.4036999999999997
semantic,6,dev_2396,yes,NO. Semolina flour is coarsely ground from durum wheat and is,no,no,Incorrect,1.0494
semantic,6,dev_2408,yes,"NO. Employment termination and being fired are often used interchangeably, but ""f",no,no,Incorrect,1.0451
semantic,6,dev_2413,no,"NO. The 2013 film ""Stalingrad"" is a",no,no,Correct,1.1080999999999999
semantic,6,dev_2428,yes,"YES

A PICC line (Peripherally Inserted Central Catheter)",yes,yes,Correct,1.0494
semantic,6,dev_2433,no,I don't know. The ability to have a beard in the military varies depending,i,idk,IDK,1.0509000000000002
semantic,6,dev_2434,no,"YES

The Spanish national anthem, ""Marcha Real,"" has words. The",yes,yes,Incorrect,1.0514000000000001
semantic,6,dev_2447,no,"NO

In Major League Baseball (MLB), the wild card team does not",no,no,Correct,1.0435999999999999
semantic,6,dev_2473,yes,"NO. Pokémon Gold, Silver, and Crystal are separate games, but they are",no,no,Incorrect,1.048
semantic,6,dev_2479,no,NO. Hong Kong has its own internet infrastructure and was not fully blocked by the,no,no,Correct,1.0455999999999999
semantic,6,dev_2504,no,NO. The Strip is a major tourist destination and entertainment district located primarily within the,no,no,Correct,1.048
semantic,6,dev_2532,yes,"YES

A parasitic twin is a specific type of congenital anomaly where one",yes,yes,Correct,1.0542
semantic,6,dev_2537,no,NO. Social studies and social science are related but distinct fields. Social studies is,no,no,Correct,1.0428
semantic,6,dev_2538,no,NO. The film War Room is not based on a true story. It is,no,no,Correct,1.0440999999999998
semantic,6,dev_2547,yes,"NO

Using .224-inch bullets in a .223 Rem",no,no,Incorrect,1.1088
semantic,6,dev_2548,no,"NO. The queen bee does not die after stinging. In fact, the",no,no,Correct,1.0537999999999998
semantic,6,dev_2555,no,NO. Lymphoma is a type of hematologic cancer that specifically affects the,no,no,Correct,1.0517999999999998
semantic,6,dev_2566,no,YES,yes,yes,Incorrect,1.0472000000000001
semantic,6,dev_2572,no,"NO. The Channel Islands (Jersey, Guernsey, and the surrounding",no,no,Correct,1.047
semantic,6,dev_2577,no,"YES

In soccer, a kick-off must go forward. The ball must be",yes,yes,Incorrect,1.0497
semantic,6,dev_2605,yes,NO. The .45 Colt and .45 Long Colt are two different,no,no,Incorrect,1.0537
semantic,6,dev_2614,yes,NO. Snow-on-the-Mountain (Chenopodium album) and Bishop,no,no,Incorrect,1.1097000000000001
semantic,6,dev_2622,no,NO. The 7.62 NATO and .308 Win are,no,no,Correct,1.0517
semantic,6,dev_2634,yes,"NO. In 8-ball, there is no concept of ""ball in hand",no,no,Incorrect,1.0493
semantic,6,dev_2643,no,"NO

According to IUPAC conventions, elements of the periodic table are not",no,no,Correct,1.0543
semantic,6,dev_2655,yes,NO. Visa Delta is not the same as Visa Debit. Visa Delta typically,no,no,Incorrect,1.0525
semantic,6,dev_2656,yes,NO. Right of abode refers to the absolute right to live in a country,no,no,Incorrect,1.0495999999999999
semantic,6,dev_2690,yes,"NO. Parcelforce and Royal Mail are separate companies, although they both",no,no,Incorrect,1.0474
semantic,6,dev_2719,no,NO. Electrons flow in the opposite direction of conventional current. Conventional current,no,no,Correct,1.0482
semantic,6,dev_2727,no,NO. The AR-10 is a battle rifle that was developed in the,no,no,Correct,1.0489000000000002
semantic,6,dev_2750,yes,NO. Cows do not need to be pregnant to produce milk. After giving,no,no,Incorrect,1.0465
semantic,6,dev_2757,yes,"NO. The Dodo is a memorable character from ""Alice's Adventures in Wonderland",no,no,Incorrect,1.0500999999999998
semantic,6,dev_2770,yes,"YES

A 9 to 5 schedule typically means working from 9 AM",yes,yes,Correct,1.0472000000000001
semantic,6,dev_2791,yes,"NO. The gut, or gastrointestinal (GI) tract, includes multiple organs from",no,no,Incorrect,1.0061
semantic,6,dev_2813,yes,"NO. While ""The Greatest Showman"" draws inspiration from the lives of P",no,no,Incorrect,1.1112
semantic,6,dev_2821,yes,NO. Nicotine is not a ganglion blocker; it acts as an agon,no,no,Incorrect,1.0533
semantic,6,dev_2832,yes,YES. Shea butter is made from the nuts of the shea tree (V,yes,yes,Correct,1.0488
semantic,6,dev_2838,no,"NO. ""The Prince of Tides"" is based on a novel by Pat",no,no,Correct,1.1097000000000001
semantic,6,dev_2853,no,"NO

While the core Korean language is the same in both North and South Korea",no,no,Correct,1.0508
semantic,6,dev_2870,no,"NO. The derivative of a continuous function is not always continuous. For example,",no,no,Correct,2.387
semantic,6,dev_2875,yes,NO. Aldi is not affiliated with Trader Joe's. They are separate companies,no,no,Incorrect,1.0489000000000002
semantic,6,dev_2880,no,"NO. The term ""County Court Business Centre"" is not a standard legal term",no,no,Correct,1.0492000000000001
semantic,6,dev_2890,no,NO. Non-permanent members of the Security Council do not have veto power.,no,no,Correct,1.0465
semantic,6,dev_2901,yes,"NO. VW, Audi, and Porsche are part of the Volkswagen Group but are",no,no,Incorrect,1.046
semantic,6,dev_2906,yes,NO. A fidelity bond is a type of insurance that protects businesses from losses due,no,no,Incorrect,1.0525
semantic,6,dev_2919,no,NO. The,no,no,Correct,1.0425
semantic,6,dev_2931,yes,"NO. In the United States, the minimum legal drinking age (MLDA)",no,no,Incorrect,1.0488
semantic,6,dev_2933,no,"NO

Commercial aircraft do not typically fly over the North Pole for regular passenger flights",no,no,Correct,1.0478
semantic,6,dev_2956,yes,NO. The .17 HMR (Hornady Magnum Rimfire),no,no,Incorrect,1.0487
semantic,6,dev_2959,no,"NO

There is no bridge currently connecting Morocco and Spain across the Strait of Gibraltar",no,no,Correct,1.0494
semantic,6,dev_2967,yes,NO. The Sun always appears to rise in the east and set in the west,no,no,Incorrect,1.0506
semantic,6,dev_2973,no,NO,no,no,Correct,1.0478
semantic,6,dev_2991,yes,"YES. In some casino games like blackjack, skilled players can use strategies such as",yes,yes,Correct,1.0478
semantic,6,dev_3000,yes,"NO. Back ribs, also known as baby back ribs, are specifically from the",no,no,Incorrect,1.0495999999999999
semantic,6,dev_3015,yes,NO.,no,no,Incorrect,1.0489000000000002
semantic,6,dev_3027,no,NO. A Schengen visa is only valid for travel to Schengen,no,no,Correct,1.0522
semantic,6,dev_3029,no,"YES. The United Kingdom left the European Union on January 31,",yes,yes,Incorrect,1.0502
semantic,6,dev_3035,no,I don't know. Halo 2 was released for the Xbox 36,i,idk,IDK,1.0468
semantic,6,dev_3040,no,NO. A no-insurance ticket is not considered a moving violation. Moving violations,no,no,Correct,1.0486
semantic,6,dev_3073,no,"NO

Top sirloin steak and sirloin steak are similar but come",no,no,Correct,1.0483
semantic,6,dev_3079,yes,NO,no,no,Incorrect,1.0472000000000001
semantic,6,dev_3089,yes,"YES

Peaches belong to the Prunus genus, which is part",yes,yes,Correct,2.4245
semantic,6,dev_3105,yes,NO. A neutral wire should not be connected to ground. The neutral wire is,no,no,Incorrect,1.0488
semantic,6,dev_3106,yes,NO. High-rise and high-waisted jeans are similar but not exactly the,no,no,Incorrect,1.0485
semantic,6,dev_3107,yes,NO. The President cannot make a recess appointment to the Supreme Court; such appointments,no,no,Incorrect,1.0466
semantic,6,dev_3122,no,"NO. Reese's Pieces contain peanut clusters, not chocolate. They do not have",no,no,Correct,1.052
semantic,6,dev_3143,no,"NO. The Republic of Ireland is not part of the Schengen Area,",no,no,Correct,1.0479
semantic,6,dev_3173,no,NO. A private equity fund is not a financial institution; it is a pool,no,no,Correct,1.0468
semantic,6,dev_3183,no,"NO

The Claret Jug trophy used in The Open Championship is not kept by",no,no,Correct,1.0515999999999999
semantic,6,dev_3187,yes,NO,no,no,Incorrect,1.0429000000000002
semantic,6,dev_3204,no,NO. The fundus of the gallbladder is located above and posterior to,no,no,Correct,1.0395
semantic,6,dev_3212,yes,"NO. A physical address typically refers to the hardware address of a network interface,",no,no,Incorrect,1.0487
semantic,6,dev_3221,no,"NO

Pool water typically does not change color if you pee in it. Ur",no,no,Correct,1.1084
semantic,6,dev_3231,yes,NO.,no,no,Incorrect,1.0439
semantic,6,dev_3232,yes,NO. Corn starch and corn flour are not the same. Corn starch is a,no,no,Incorrect,1.0437
semantic,6,dev_3238,yes,NO. The non-striker cannot be run out by the bowler.,no,no,Incorrect,1.0515
semantic,6,dev_3239,yes,NO. The Conn Smythe Trophy is awarded to the most valuable player of the,no,no,Incorrect,1.0482
semantic,6,dev_3241,yes,NO. Romania was not part of the Austro-Hungarian Empire. Romania,no,no,Incorrect,1.0535999999999999
semantic,6,dev_3242,yes,"NO

In the world of Steven Universe, a Garnet is created when two",no,no,Incorrect,1.052
semantic,6,dev_0031,yes,NO. Deadpool does not have a child in the comics. While he has had,no,no,Incorrect,1.0473
semantic,6,dev_0148,yes,"NO

Sméagol does not die in ""The Lord of the Rings",no,no,Incorrect,1.0475
semantic,6,dev_0178,yes,"NO. ""Eye of the Tiger"" was not specifically written for the film Rocky",no,no,Incorrect,1.0500999999999998
semantic,6,dev_0410,yes,"YES

Revenge of the Mummy is indeed a roller coaster located at Disney",yes,yes,Correct,1.0513
semantic,6,dev_0419,yes,"YES

Eric Clapton played guitar on ""While My Guitar Gently We",yes,yes,Correct,2.3971999999999998
semantic,6,dev_0448,yes,"YES

Jefferson Airplane was inducted into the Rock and Roll Hall of",yes,yes,Correct,1.0497999999999998
semantic,6,dev_0224,no,"NO

""The Outsiders"" is a fictional novel written by S.E. H",no,no,Correct,1.053
semantic,6,dev_0317,no,I don't know. While some people are born with an inherent predisposition towards,i,idk,IDK,1.0431
semantic,6,dev_0368,no,"NO. ""The Color Purple"" is a work of fiction based on Alice Walker",no,no,Correct,1.0492000000000001
semantic,6,dev_0507,no,"NO. In the book ""Brain on Fire: My Month of Madness"" by",no,no,Correct,1.0415999999999999
semantic,6,dev_0603,no,"NO. The Seven Ages of Man is a passage from William Shakespeare's play """,no,no,Correct,1.0517999999999998
semantic,6,dev_0938,no,"NO. ""House of the Rising Sun"" is not about Vietnam. The song",no,no,Correct,1.0458
semantic,6,dev_0076,yes,YES. Female ferrets (jills) can die if they do not mate,yes,yes,Correct,1.049
semantic,6,dev_0459,yes,"NO

It does not matter which DNA strand is transcribed because both strands contain",no,no,Incorrect,1.0471
semantic,6,dev_0502,yes,NO. Kingsnakes do not have immunity to rattlesnake venom.,no,no,Incorrect,1.0519
semantic,6,dev_0580,yes,NO,no,no,Incorrect,1.0514000000000001
semantic,6,dev_1089,yes,NO. Removing venom glands from a snake would be highly dangerous and not typically done,no,no,Incorrect,1.0484
semantic,6,dev_1153,yes,NO. Melaleuca and tea tree refer to similar but distinct plants.,no,no,Incorrect,1.0513
semantic,6,dev_1315,yes,NO. Ion-dipole interactions are generally stronger than hydrogen bonds because ions have,no,no,Incorrect,1.1105
semantic,6,dev_1482,yes,"YES, muscle fibers are another term for muscle cells.",yes,yes,Correct,1.0477
semantic,6,dev_1568,yes,"NO. While both vultures and buzzards are birds of prey, they",no,no,Incorrect,1.108
semantic,6,dev_1968,yes,NO.,no,no,Incorrect,1.0535999999999999
semantic,6,dev_2223,yes,"YES, Turritopsis dohrnii, commonly known as the immortal jelly",yes,yes,Correct,1.1092
semantic,6,dev_2420,yes,"YES

The yellow-billed cuckoo is sometimes referred to as a ""rain",yes,yes,Correct,1.0526
semantic,6,dev_2882,yes,NO.,no,no,Incorrect,1.1078
semantic,6,dev_2899,yes,"NO. Dalmatians are born with their full complement of spots, which",no,no,Incorrect,1.0472000000000001
semantic,6,dev_2910,yes,NO. While taro root (Colocasia esculenta) and elephant,no,no,Incorrect,2.4511
semantic,6,dev_0713,no,NO. A cow does not have to be pregnant to lactate. Cows,no,no,Correct,1.0491
semantic,6,dev_0816,no,NO. The spinal cord is shorter than the vertebral column. The spinal cord,no,no,Correct,1.0352999999999999
semantic,6,dev_0911,no,NO. The ring finger does not connect to the heart. There are no direct,no,no,Correct,1.0468
semantic,6,dev_0997,no,NO. Surgical spirit typically refers to a higher concentration of isopropyl alcohol,no,no,Correct,1.1078
semantic,6,dev_1258,no,"YES

The umbilical cord is located inside the amniotic sac and",yes,yes,Incorrect,1.0517
semantic,6,dev_1422,no,"NO. Root hairs typically occur in the zone of maturation, specifically in the",no,no,Correct,1.0482
semantic,6,dev_2120,no,NO. Dalmatian puppies are born with a white coat and develop their,no,no,Correct,1.0488
semantic,6,dev_2353,no,NO. Bees and hornets have different venom compositions. While both contain enzymes,no,no,Correct,1.0478
semantic,6,dev_2441,no,NO. Identical twins (monozygotic twins) develop from a single,no,no,Correct,1.109
semantic,6,dev_2087,no,"NO

Sperm whales are listed as ""Vulnerable"" on the IUC",no,no,Correct,1.0529000000000002
semantic,6,dev_2215,no,"NO. In most cases, the two chromosomes in a pair are not identical due",no,no,Correct,1.0491
semantic,6,dev_2503,no,NO. While both catbirds and mockingbirds are part of the Mimidae,no,no,Correct,1.0514000000000001
semantic,6,dev_2652,no,NO. Not all baby birds have an egg tooth. Some species do not develop,no,no,Correct,1.051
semantic,6,dev_2850,no,"NO. In most cases, a bee sting does not leave a stinger in",no,no,Correct,1.0475
semantic,6,dev_3062,no,NO,no,no,Correct,1.0479
semantic,6,dev_0400,yes,NO,no,no,Incorrect,1.0504
semantic,6,dev_0432,yes,NO. The Central Bank of India is not a nationalized bank. It is,no,no,Incorrect,1.0492000000000001
semantic,6,dev_0446,yes,"NO. Bi-Mart does not require a membership for shopping. However, they do",no,no,Incorrect,1.045
semantic,6,dev_0455,yes,"YES. The new Indian motorcycles are made in America, specifically in Springfield, Illinois",yes,yes,Correct,1.0515999999999999
semantic,6,dev_0472,yes,NO. Toys R Us and Babies R Us were separate companies that operated retail stores,no,no,Incorrect,1.0493
semantic,6,dev_0524,yes,I don't know. The exact locations of In-N-Out Burger restaurants are not,i,idk,IDK,1.0465
semantic,6,dev_0767,yes,"NO. The term ""parity"" specifically refers to when the Canadian dollar (CAD",no,no,Incorrect,2.3962
semantic,6,dev_0875,yes,NO,no,no,Incorrect,1.0458
semantic,6,dev_0950,yes,NO. Poland Spring water does not come from a spring; it comes from underground,no,no,Incorrect,1.05
semantic,6,dev_1023,yes,"NO

A mortgage loan originator and a loan officer are similar roles but may",no,no,Incorrect,1.0512000000000001
semantic,6,dev_1171,yes,NO. Money from Guernsey is not considered legal tender in the UK.,no,no,Incorrect,1.0542
semantic,6,dev_1207,yes,"YES

Buy Buy Baby was acquired by Bed Bath & Beyond in 20",yes,yes,Correct,1.0469000000000002
semantic,6,dev_1299,yes,"NO

Net earnings and net income are essentially the same; they both refer to",no,no,Incorrect,1.0413
semantic,6,dev_0157,no,NO. Not all eyeglasses are made by the same company. Eyeg,no,no,Correct,1.0494
semantic,6,dev_0371,no,NO. National Car Rental and Enterprise Rent-A-Car are both part of the,no,no,Correct,1.0475
semantic,6,dev_0621,no,"NO

Getting cash back from a credit card typically does not cost money directly to",no,no,Correct,1.0478
semantic,6,dev_0699,no,"NO. While Aldi is a large and successful supermarket chain, it is not",no,no,Correct,1.0449000000000002
semantic,6,dev_0954,no,"NO

As of now, there are no plans to remove £2 coins from",no,no,Correct,1.0478
semantic,6,dev_1050,no,NO. White Castle is not only on the East Coast; it has locations across,no,no,Correct,1.0491
semantic,6,dev_1208,no,NO. Sam’s Clubs are primarily located in the United States and do not have,no,no,Correct,1.0437
semantic,6,dev_1257,no,NO. Home Bargains and Quality Save are different retail brands. Home Bargains,no,no,Correct,1.0486
semantic,6,dev_1805,no,"NO

$10,000 bills were once produced but are no",no,no,Correct,1.0417
semantic,6,dev_1876,no,"I don't know. Montgomery Ward was a well-known retail brand, but its",i,idk,IDK,1.0535
semantic,6,dev_2290,no,NO. GDP per capita and per capita income are related but distinct concepts. GDP,no,no,Correct,1.0459
semantic,6,dev_2444,no,NO. Land tax and property tax are similar but not the same. Property tax,no,no,Correct,1.0493
semantic,6,dev_0250,yes,"NO

Father's Day is not a public holiday in the Netherlands, but some",no,no,Incorrect,1.0468
semantic,6,dev_0337,yes,"NO

The King's Birthday was previously a public holiday in some states of Australia",no,no,Incorrect,1.0555
semantic,6,dev_0386,yes,NO. Brussels does not have a well-known red light district like some other cities,no,no,Incorrect,1.0483
semantic,6,dev_0591,yes,"NO. Copa Airlines is part of the oneworld alliance, not the Star Alliance",no,no,Incorrect,2.362
semantic,6,dev_0746,yes,"NO

June 12 is not a national holiday in the Philippines. The",no,no,Incorrect,1.0525
semantic,6,dev_0845,yes,NO. New car engines do not require breaking in as they are already properly assembled,no,no,Incorrect,1.0475
semantic,6,dev_0855,yes,"NO, not all flight paths go over the North Pole. While polar routes do",no,no,Incorrect,1.0452000000000001
semantic,6,dev_0915,yes,NO. Ontario Place does not have a water park. It is known for its,no,no,Incorrect,1.0457
semantic,6,dev_0945,yes,"YES. Thread seal tape is another name for Teflon tape, which is",yes,yes,Correct,1.0463
semantic,6,dev_0021,no,"YES

In most postal formats, a P.O. Box (Post Office Box",yes,yes,Incorrect,1.0512000000000001
semantic,6,dev_0490,no,NO,no,no,Correct,1.0507
semantic,6,dev_0581,no,NO. A peck and a bushel are both units of volume in the,no,no,Correct,1.0464
semantic,6,dev_0631,no,"NO. The post office typically does not run on Memorial Day, which is a",no,no,Correct,1.047
semantic,6,dev_0691,no,"NO

If a recipient's address has ""Freepost"" written on it",no,no,Correct,1.0479
semantic,6,dev_0783,no,NO. The Honda CRF 250 is a 4-stroke,no,no,Correct,1.0467
semantic,6,dev_0787,no,NO. The BMW 1 Series is available in both front-wheel drive (f,no,no,Correct,1.0539
semantic,6,dev_0825,no,I don't know. The operating hours and days for the Waterloo & City line,i,idk,IDK,1.0489000000000002
semantic,6,dev_0885,no,NO,no,no,Correct,1.0469000000000002
semantic,6,dev_0089,yes,NO. While Rotten Tomatoes allows for a minimum of 50%,no,no,Incorrect,1.0432000000000001
semantic,6,dev_0095,yes,NO. While Anne with an E is inspired by the novel set on Prince Edward,no,no,Incorrect,1.0554000000000001
semantic,6,dev_0211,yes,"YES

Murphy Brown did have a baby on the show. In the fifth",yes,yes,Correct,1.0515
semantic,6,dev_0238,yes,NO,no,no,Incorrect,1.0503
semantic,6,dev_0252,yes,NO. The Lizzie McGuire movie was not filmed in Rome. It was,no,no,Incorrect,1.0460999999999998
semantic,6,dev_0256,yes,NO. The,no,no,Incorrect,1.0434
semantic,6,dev_0266,yes,"NO. In the film ""The Book of Henry,"" the main character, Henry",no,no,Incorrect,1.0467
semantic,6,dev_0310,yes,"YES

Survivor contestants receive a stipend for their participation in the show.",yes,yes,Correct,2.3895
semantic,6,dev_0359,yes,"YES

In the original version of ""Who Wants to Be a Millionaire?""",yes,yes,Correct,1.0537999999999998
semantic,6,dev_0422,yes,"NO

In the TV show ""One Tree Hill,"" Lucas Scott and Peyton Sawyer",no,no,Incorrect,1.0524
semantic,6,dev_0040,no,"YES

There is a sequel to the movie ""The Golden Compass."" It is",yes,yes,Incorrect,1.0527
semantic,6,dev_0080,no,NO,no,no,Correct,1.0540999999999998
semantic,6,dev_0100,no,NO,no,no,Correct,1.055
semantic,6,dev_0240,no,"NO. ""Fear the Walking Dead"" is a spin-off series of ""The",no,no,Correct,1.0473
semantic,6,dev_0247,no,"YES

The phrase ""Let There Be Light"" in the context of the documentary",yes,yes,Incorrect,1.0527
semantic,6,dev_0260,no,"NO. In ""Mighty Joe Young,"" the gorilla was primarily portrayed",no,no,Correct,1.0489000000000002
semantic,6,dev_0277,no,NO. Michael Scott and Pam Beesly did not date on The Office.,no,no,Correct,1.0482
semantic,6,dev_0290,no,"NO. Elena Gilbert does not die for good in ""The Vampire Diaries.""",no,no,Correct,1.0460999999999998
semantic,6,dev_0303,no,NO,no,no,Correct,1.0494
semantic,6,dev_0231,yes,NO. Penne alla vodka typically does not contain dairy. It is usually made,no,no,Incorrect,1.0431
semantic,6,dev_0401,yes,NO. Whole wheat rice is not the same as brown rice. Brown rice is,no,no,Incorrect,1.0465
semantic,6,dev_0420,yes,NO. Red velvet cake is not a chocolate cake with red dye. It traditionally,no,no,Incorrect,1.0484
semantic,6,dev_0571,yes,"NO. Chicken cordon bleu is made with ham and melted cheese, typically",no,no,Incorrect,1.0526
semantic,6,dev_0583,yes,NO. Pork back ribs (also known as spare ribs) and baby back ribs,no,no,Incorrect,1.0462
semantic,6,dev_0765,yes,"NO. Salted duck eggs do not need to be cooked before eating, although",no,no,Incorrect,1.0479
semantic,6,dev_0778,yes,NO.,no,no,Incorrect,1.0487
semantic,6,dev_0815,yes,"NO. Sprite primarily contains carbonated water, citric acid, natural and artificial",no,no,Incorrect,1.0472000000000001
semantic,6,dev_0073,no,I don't know. The taste of cotton candy (whether blue or pink),i,idk,IDK,1.051
semantic,6,dev_0491,no,NO,no,no,Correct,1.0355999999999999
semantic,6,dev_0615,no,NO. Rice noodles and glass noodles are different types of noodles. Rice noodles are,no,no,Correct,2.4204
semantic,6,dev_0868,no,"NO. Fruit Roll-Ups are typically made with fruit puree, but the",no,no,Correct,1.05
semantic,6,dev_0880,no,NO. Thousand Island dressing and French dressing are different condiments with distinct flavors and,no,no,Correct,1.0426
semantic,6,dev_0953,no,NO. Monster energy drinks do not contain alcohol. They are non-alcoholic beverages,no,no,Correct,1.0446
semantic,6,dev_0985,no,NO. Long Island Iced Teas do not contain tea; they are mixed,no,no,Correct,1.0502
semantic,6,dev_0136,yes,NO. Battlefield 1 primarily focuses on multiplayer modes and does not have a traditional,no,no,Incorrect,1.0513
semantic,6,dev_0367,yes,NO. Devil May Cry 5 is not set after Devil May Cry 2,no,no,Incorrect,1.0487
semantic,6,dev_0618,yes,NO,no,no,Incorrect,1.0505
semantic,6,dev_0720,yes,"NO

State of Decay 2 supports co-op multiplayer, but it is not",no,no,Incorrect,1.046
semantic,6,dev_0770,yes,"NO

The numbers on a standard roulette wheel (including both American and European versions",no,no,Incorrect,1.0535
semantic,6,dev_0835,yes,"YES

Pokémon Let’s Go, Eevee & Pikachu is based on",yes,yes,Correct,1.0500999999999998
semantic,6,dev_0896,yes,YES,yes,yes,Correct,1.0459
semantic,6,dev_0434,no,"NO

Not all Xbox games are compatible with the Xbox One. Some older games",no,no,Correct,1.0459
semantic,6,dev_0489,no,"NO

The Far Cry series consists of multiple standalone games with their own unique settings",no,no,Correct,1.0474
semantic,6,dev_0852,no,"NO

Phase 10 is typically designed for 2 to 6 players",no,no,Correct,1.0036
semantic,6,dev_0870,no,"NO. While many paladins in role-playing games are Lawful Good,",no,no,Correct,1.0459
semantic,6,dev_1148,no,"NO

RollerCoaster Tycoon World is currently available for Windows and macOS",no,no,Correct,1.11
semantic,6,dev_2595,no,NO. A Way Out is a co-op video game.,no,no,Correct,1.0462
semantic,6,dev_0281,yes,"NO. I-70 in Kansas is generally a free highway, meaning it",no,no,Incorrect,1.0535999999999999
semantic,6,dev_0528,yes,I don't know. The presence of a train station in Atlantic City depends on,i,idk,IDK,1.0503
semantic,6,dev_0547,yes,NO. The Battery Tunnel does not have a toll. It is part of New,no,no,Incorrect,1.0537999999999998
semantic,6,dev_0623,yes,NO. The George Washington Bridge has tolls for both directions of travel.,no,no,Incorrect,1.049
semantic,6,dev_0626,yes,"NO. Skyline Drive is part of Shenandoah National Park, while the",no,no,Incorrect,2.3644000000000003
semantic,6,dev_0686,yes,NO. Edinburgh Castle is not built on top of a volcano. The castle sits,no,no,Incorrect,1.0473
semantic,6,dev_0822,yes,"NO. Marble Falls, Texas, is named after the falls on the Colorado River",no,no,Incorrect,1.0451
semantic,6,dev_1210,yes,I don't know. Caesar's Creek is a body of water located in Ohio,i,idk,IDK,1.0473
semantic,6,dev_0374,no,"NO. San Pedro, Laguna is not part of Metro Manila. It is located",no,no,Correct,1.0483
semantic,6,dev_0900,no,NO. Fort Walton Beach and Destin are two distinct cities in Okaloosa,no,no,Correct,1.0503
semantic,6,dev_0913,no,"NO. Porpoise Spit is a fictional location in the movie ""Muri",no,no,Correct,1.1078
semantic,6,dev_1234,no,NO. The Gulf Stream is located in the Atlantic Ocean and does not exist in,no,no,Correct,1.0471
semantic,6,dev_1360,no,"NO. Lake Hiawatha in New Jersey is actually a man-made reservoir,",no,no,Correct,1.0440999999999998
semantic,6,dev_1544,no,I don't know. The status of I-30 in Dallas regarding toll,i,idk,IDK,1.0447
semantic,6,dev_1588,no,NO. Lake George is a natural lake located in New York.,no,no,Correct,1.0471
semantic,6,dev_0344,yes,NO. Arsenic is not known to build up immunity in the body.,no,no,Incorrect,1.0491
semantic,6,dev_0379,yes,YES. New England Baptist Hospital is a teaching hospital that provides educational opportunities for medical,yes,yes,Correct,1.0532000000000001
semantic,6,dev_0474,yes,I don't know. While One A Day products are generally available and widely recognized,i,idk,IDK,1.0464
semantic,6,dev_0614,yes,"NO

While both cold water baths and ice baths are forms of cold therapy,",no,no,Incorrect,1.0477
semantic,6,dev_0655,yes,NO. A hiatal hernia can contribute to GERD symptoms by allowing stomach,no,no,Incorrect,1.0437
semantic,6,dev_1195,yes,"NO

Blue-ringed octopus bites can be extremely dangerous and potentially fatal due",no,no,Incorrect,1.1077000000000001
semantic,6,dev_1197,yes,NO,no,no,Incorrect,1.0448
semantic,6,dev_1313,yes,"NO

Relative risk and risk ratio refer to the same measure in epidemiology,",no,no,Incorrect,1.0468
semantic,6,dev_1564,yes,NO,no,no,Incorrect,1.052
semantic,6,dev_0078,no,"NO. There is only one brachiocephalic artery, which divides into",no,no,Correct,1.1083
semantic,6,dev_0166,no,"NO. It is five portions of either fruit or vegetables combined, not necessarily five",no,no,Correct,1.0435999999999999
semantic,6,dev_0851,no,YES. Attending a first aid course is an important part of the chain of,yes,yes,Incorrect,2.3916
semantic,6,dev_0861,no,"NO. In a junctional rhythm, the heart's rhythm is initiated by the",no,no,Correct,1.0543
semantic,6,dev_0872,no,NO. A first-degree burn is less severe than a third-degree burn. First,no,no,Correct,1.0468
semantic,6,dev_1554,no,"YES. Chronic Lyme disease, also known as post-treatment Lyme disease syndrome,",yes,yes,Incorrect,1.0454
semantic,6,dev_1719,no,"NO. Extended release and sustained release are often used interchangeably, but technically,",no,no,Correct,1.0488
semantic,6,dev_1991,no,"NO

The idea that the ring finger is connected to the heart via a special",no,no,Correct,1.0532000000000001
semantic,6,dev_2115,no,I don't know. The health of a sumo wrestler can vary widely depending,i,idk,IDK,1.0458
semantic,6,dev_0105,yes,NO. The American Revolution took place before the widespread use of military drafts in the,no,no,Incorrect,1.0500999999999998
semantic,6,dev_0125,yes,NO. The eruption of Mount Vesuvius in 79 AD was extremely,no,no,Incorrect,1.0505
semantic,6,dev_0191,yes,NO. The Tomb of the Unknown Soldier contains the remains of unidentified service members from,no,no,Incorrect,1.109
semantic,6,dev_1292,yes,NO. The current Queen Elizabeth II did not marry her cousin. She married Prince,no,no,Incorrect,1.0479
semantic,6,dev_1338,yes,"NO. While the term ""rain of fire"" has been used metaphorically to",no,no,Incorrect,1.0537999999999998
semantic,6,dev_0388,no,"NO.

Integration was not the rule in the northern states, especially during the mid",no,no,Correct,1.0523
semantic,6,dev_0703,no,NO. The exact location of the Peacock Throne after it was lost or destroyed,no,no,Correct,1.0534000000000001
semantic,6,dev_0833,no,NO. The Edmund Fitzgerald沉没时没有人员幸存，因此没有发现,no,no,Correct,1.0511
semantic,6,dev_0874,no,NO. No one is known to have successfully escaped from Alcatraz Island Prison,no,no,Correct,1.1077000000000001
semantic,6,dev_1651,no,"NO

Cornwall's tin mining industry has largely declined, with most mines closed",no,no,Correct,1.0505
semantic,6,dev_0072,yes,"NO. A Possession and Acquisition Licence (PAL) is specifically for firearms,",no,no,Incorrect,1.1076
semantic,6,dev_0258,yes,"NO. In Wisconsin, there are restrictions on alcohol sales on Sundays. Stores are",no,no,Incorrect,1.0472000000000001
semantic,6,dev_0286,yes,"NO

An administrative law judge (ALJ) is typically a lawyer appointed by",no,no,Incorrect,1.0492000000000001
semantic,6,dev_0348,yes,NO,no,no,Incorrect,1.0493
semantic,6,dev_0467,yes,NO. A certification of birth is often a short-form version of a birth certificate,no,no,Incorrect,1.0509000000000002
semantic,6,dev_0515,yes,NO. A restraining order is typically used to protect you from individuals who pose a,no,no,Incorrect,2.3953
semantic,6,dev_0562,yes,"NO. Texas and New Mexico have different concealed carry laws, and a permit from",no,no,Incorrect,1.0472000000000001
semantic,6,dev_0636,yes,"NO

In California, carrying a firearm openly or concealed without a valid permit is",no,no,Incorrect,1.051
semantic,6,dev_0740,yes,"NO

There is no specific time limit for the ratification of an amendment proposed",no,no,Incorrect,1.0520999999999998
semantic,6,dev_0838,yes,"NO. In Quebec, you cannot turn right on a red light unless there is",no,no,Incorrect,1.0468
semantic,6,dev_0864,yes,"NO. In Ohio, open carry is generally prohibited without a permit. Open carry",no,no,Incorrect,1.046
semantic,6,dev_0873,yes,"NO

In most jurisdictions, you cannot drive a car with a learner's permit",no,no,Incorrect,1.0512000000000001
semantic,6,dev_0901,yes,YES. Driving over a median is generally illegal and can result in fines or other,yes,yes,Correct,1.0508
semantic,6,dev_0909,yes,"I don't know. The use of an ""X"" as a signature depends",i,idk,IDK,1.0472000000000001
semantic,6,dev_1134,yes,"NO. New York State is primarily a civil law state, though it does incorporate",no,no,Incorrect,1.0483
semantic,6,dev_0198,no,"NO

New Hampshire has constitutional carry, meaning you do not need a permit to",no,no,Correct,1.0473
semantic,6,dev_0215,no,I don't know. The hours and days liquor stores are open in Oklahoma can,i,idk,IDK,1.0482
semantic,6,dev_0223,no,"NO

Recording covers of songs is generally legal under the doctrine of compulsory licensing,",no,no,Correct,1.0458
semantic,6,dev_0234,no,"NO. In most jurisdictions, the age of consent is typically set at 1",no,no,Correct,1.0485
semantic,6,dev_0272,no,"NO. The Taconic State Parkway has restrictions on certain types of vehicles,",no,no,Correct,1.0443
semantic,6,dev_0453,no,"NO, most states have laws prohibiting marriage between siblings. However, the specifics can",no,no,Correct,1.0488
semantic,6,dev_0499,no,"NO

Puerto Rico is a U.S. territory, and while residents of",no,no,Correct,1.0482
semantic,6,dev_0552,no,"NO, personal phones are typically not allowed in prisons due to security and regulation concerns",no,no,Correct,1.0528
semantic,6,dev_0680,no,"NO

Trade secrets do not have a fixed time limit and can remain protected indefinitely",no,no,Correct,1.0484
semantic,6,dev_0738,no,"NO

Taiwan is not a member of the Paris Convention for the Protection of",no,no,Correct,1.0479
semantic,6,dev_0771,no,"NO

Payola is the practice of paying performers or promoters to play or feature",no,no,Correct,1.0455
semantic,6,dev_0888,no,"NO

No Supreme Court justices have ever been impeached or removed from office.",no,no,Correct,1.0448
semantic,6,dev_1135,no,NO. A certified copy in the UK is a复印件或副本，经过认证,no,no,Correct,2.3589
semantic,6,dev_1188,no,"NO

Individuals who have been dishonorably discharged from the military are generally",no,no,Correct,1.0457
semantic,6,dev_0339,yes,"NO

As an American, you typically need a passport or a passport card to",no,no,Incorrect,1.1076
semantic,6,dev_0357,yes,I don't know. The requirement to complete the American Community Survey (ACS),i,idk,IDK,1.0535
semantic,6,dev_0498,yes,NO. The Florida Constitution does not specify a minimum age for legislators. According to,no,no,Incorrect,1.0455999999999999
semantic,6,dev_0620,yes,I don't know. The United Nations has not been directly involved in a peace,i,idk,IDK,1.0495999999999999
semantic,6,dev_0878,yes,"NO. In a federal system, the national government (or federal government) is",no,no,Incorrect,1.0489000000000002
semantic,6,dev_1864,yes,YES. The U.S. Marine Corps is part of the Department of the Navy,yes,yes,Correct,1.1095
semantic,6,dev_2080,yes,NO. The Coast Guard is part of the Department of Homeland Security during peac,no,no,Incorrect,1.0515
semantic,6,dev_2395,yes,"NO

In Canada, the Governor-General (or, in practice, the Governor",no,no,Incorrect,1.0529000000000002
semantic,6,dev_2639,yes,"NO

Canada is not a permanent member of the",no,no,Incorrect,1.0485
semantic,6,dev_3155,yes,"I don't know. The specific criteria for overseas service bars, including those for",i,idk,IDK,1.0524
semantic,6,dev_3209,yes,"YES

If you attend the United States Naval Academy, you will commit to serving",yes,yes,Correct,1.1073
semantic,6,dev_0209,no,NO. Israel is not part of the European Economic Area (EEA). The,no,no,Correct,1.0475999999999999
semantic,6,dev_0273,no,"NO. In the case of the George Washington Bridge, one-way charges apply,",no,no,Correct,1.0519
semantic,6,dev_0404,no,"NO. Puerto Rico is a commonwealth territory of the United States, not a",no,no,Correct,1.0472000000000001
semantic,6,dev_0567,no,NO. Romania is not part of the Visa Waiver Program and requires a visa,no,no,Correct,1.047
semantic,6,dev_0675,no,I don't know. While Saudi Arabia is a signatory to the Universal Declaration,i,idk,IDK,1.0457
semantic,6,dev_1172,no,NO. Turkey has been a candidate for EU membership since 1999,no,no,Correct,1.0445
semantic,6,dev_1275,no,"I don't know

The ability to wear state awards on active duty can depend",i,idk,IDK,1.053
semantic,6,dev_1971,no,NO. Bosnia and Herzegovina is not a member of the European Union and,no,no,Correct,1.0514000000000001
semantic,6,dev_2001,no,NO,no,no,Correct,1.0486
semantic,6,dev_3004,no,"NO. The ""Right to Buy"" policy in the UK was introduced in",no,no,Correct,1.053
semantic,6,dev_3256,no,NO. Not all traffic lights have red light cameras. Their installation varies by location,no,no,Correct,1.0423
semantic,6,dev_1132,yes,"NO. While pink quartz and rose quartz are similar in appearance, they are distinct",no,no,Incorrect,1.0460999999999998
semantic,6,dev_1233,yes,"NO. In an adiabatic process, there is no heat exchange with",no,no,Incorrect,1.048
semantic,6,dev_1511,yes,NO. The heat index and RealFeel are similar in that they both combine temperature,no,no,Incorrect,1.0503
semantic,6,dev_1633,yes,NO. Nail acetone and paint acetone are similar in that they are both,no,no,Incorrect,1.0484
semantic,6,dev_2007,yes,NO. Liquefied petroleum gas (LPG) typically consists of a,no,no,Incorrect,1.0457
semantic,6,dev_2214,yes,NO. Dry water is not a form of silica-coated droplets. Dry,no,no,Incorrect,1.0546
semantic,6,dev_2239,yes,"NO

At a constant temperature, the speed of sound in an ideal gas is",no,no,Incorrect,1.0522
semantic,6,dev_2299,yes,"NO

Rain typically requires clouds because clouds are the result of water vapor condensing",no,no,Incorrect,1.0531
semantic,6,dev_2303,yes,NO. While the CHNOPS elements are crucial and common across many forms of,no,no,Incorrect,1.05
semantic,6,dev_2477,yes,"NO. The set of natural numbers typically starts with 1, although there is",no,no,Incorrect,1.0497999999999998
semantic,6,dev_2993,yes,NO.,no,no,Incorrect,1.0437
semantic,6,dev_3126,yes,"NO

Upside-down rainbows, also known as inferior rainbows, are",no,no,Incorrect,1.0483
semantic,6,dev_3188,yes,"NO. A turkey vulture and a buzzard are not the same, although",no,no,Incorrect,1.0472000000000001
semantic,6,dev_3193,yes,NO. The Georgia Aquarium does not currently have whale sharks on display. As of,no,no,Incorrect,1.047
semantic,6,dev_3234,yes,NO. A rhombus is a type of quadrilateral with four equal sides,no,no,Incorrect,1.0495
semantic,6,dev_3265,yes,"NO. The Titius–Bode rule, also known as the Titius",no,no,Incorrect,1.0448
semantic,6,dev_0001,no,"NO. Ethanol production generally produces more energy than it consumes, although the exact",no,no,Correct,1.05
semantic,6,dev_0579,no,NO. The phenomenon of hearing the ocean in a seashell is often attributed,no,no,Correct,1.0449000000000002
semantic,6,dev_1003,no,NO. Least squares is a method used to estimate the parameters in a linear regression,no,no,Correct,1.0508
semantic,6,dev_1483,no,"NO

A meter stick is approximately 39.37 inches long,",no,no,Correct,1.0515999999999999
semantic,6,dev_1551,no,NO. Australia is not part of the Ring of Fire. The Ring of Fire,no,no,Correct,1.0537999999999998
semantic,6,dev_1702,no,"NO. While ""pterodactyl"" is often used colloquially to",no,no,Correct,1.0514000000000001
semantic,6,dev_1925,no,"NO. Percent difference is used to compare two different values, while percent change is",no,no,Correct,1.0418
semantic,6,dev_2025,no,"NO. The load is the object that the lever moves or lifts, not the",no,no,Correct,1.0491
semantic,6,dev_2312,no,NO. Turpentine and white spirit are similar in that they are both petroleum,no,no,Correct,1.0520999999999998
semantic,6,dev_2471,no,NO. A fixed pulley changes the direction of the force but does not provide,no,no,Correct,1.0526
semantic,6,dev_2521,no,NO. The t-distribution does not have a standard deviation of 1.,no,no,Correct,2.3643
semantic,6,dev_2782,no,NO. The hydronium ion (H3O+) is a specific,no,no,Correct,1.0499
semantic,6,dev_2812,no,NO. Salt concentration (salinity) does not increase with depth in the ocean,no,no,Correct,1.0495
semantic,6,dev_3014,no,"NO

At the Equator, day length remains relatively constant throughout the year,",no,no,Correct,1.0467
semantic,6,dev_3034,no,NO. Hydraulic lime and hydrated lime are not the same. Hydraulic lime sets and,no,no,Correct,1.0467
semantic,6,dev_3159,no,NO. While both chipmunks and ground squirrels belong to the Sciur,no,no,Correct,1.0539
semantic,6,dev_3190,no,NO. Mahi-mahi and ahi tuna are different species of fish.,no,no,Correct,1.0505
semantic,6,dev_0682,yes,"NO. While both terms are used interchangeably in many contexts, a sermon is",no,no,Incorrect,1.0465
semantic,6,dev_0735,yes,"NO

In the United States, secondary school typically includes grades 9 through",no,no,Incorrect,1.0483
semantic,6,dev_1505,yes,"YES

The University of St. Thomas is a private, nonprofit university.",yes,yes,Correct,1.0497999999999998
semantic,6,dev_1668,yes,"YES

Church of England (Anglican) worshippers often make the sign",yes,yes,Correct,1.0497999999999998
semantic,6,dev_2373,yes,"NO
""Lord of All Hopefulness"" is a hymn that expresses hope",no,no,Incorrect,1.0508
semantic,6,dev_2793,yes,NO. Eastern Kentucky University is a Division II school.,no,no,Incorrect,1.0503
semantic,6,dev_2929,yes,"NO. Child psychology specifically focuses on the psychological development of children, while developmental psychology",no,no,Incorrect,1.0471
semantic,6,dev_0605,no,NO. BYU (Brigham Young University) does not require applicants to be members,no,no,Correct,1.0465
semantic,6,dev_0908,no,I don't know. The accreditation status of specific institutions like the American College of,i,idk,IDK,1.0488
semantic,6,dev_1388,no,NO. The University College London (UCL) is a separate institution from the,no,no,Correct,1.0493
semantic,6,dev_1521,no,NO. Sweden does not pay students to attend school. The education system in Sweden,no,no,Correct,1.0512000000000001
semantic,6,dev_2334,no,NO. The Book of Jasher is not part of the Bible. It is,no,no,Correct,1.0482
semantic,6,dev_2641,no,NO. A double-barrel surname does not have to be hyphenated.,no,no,Correct,1.0484
semantic,6,dev_0347,yes,YES,yes,yes,Correct,1.0493
semantic,6,dev_0411,yes,"I don't know

Note: As of my last update, the Washington Command",i,idk,IDK,1.109
semantic,6,dev_0439,yes,NO. The Milwaukee Brewers have never made it to the World Series. They joined,no,no,Incorrect,2.3974
semantic,6,dev_0452,yes,"NO

Belgium has not reached the World Cup final. They have performed well",no,no,Incorrect,1.0495999999999999
semantic,6,dev_0585,yes,NO,no,no,Incorrect,1.0473
semantic,6,dev_0656,yes,"YES

Kaká did play in the 2002 FIFA World",yes,yes,Correct,1.0444
semantic,6,dev_0661,yes,NO,no,no,Incorrect,1.0500999999999998
semantic,6,dev_0701,yes,"YES. The Kentucky Derby is always held on the first Saturday in May, with",yes,yes,Correct,1.0480999999999998
semantic,6,dev_0704,yes,"NO

Wayne Gretzky won four Stanley Cup championships, all of which",no,no,Incorrect,1.0520999999999998
semantic,6,dev_0752,yes,"NO

Professional soccer does not have a standard mercy rule like some other sports.",no,no,Incorrect,1.0480999999999998
semantic,6,dev_0848,yes,"NO

Free agents can typically only be signed during designated transfer windows unless there are",no,no,Incorrect,1.0478
semantic,6,dev_0883,yes,"NO. In the NBA Finals, no team has ever come back from a",no,no,Incorrect,1.0454
semantic,6,dev_1143,yes,"YES

Dan Marino is indeed in the Hall of Fame. He was inducted",yes,yes,Correct,1.0480999999999998
semantic,6,dev_1305,yes,NO,no,no,Incorrect,1.0492000000000001
semantic,6,dev_1497,yes,"NO

Alphonse Areola did not play in the 201",no,no,Incorrect,1.0517999999999998
semantic,6,dev_1777,yes,"NO

Away goals do not typically count in league playoffs. They are usually only",no,no,Incorrect,1.0492000000000001
semantic,6,dev_2250,yes,NO. Poland did not qualify for the 2018 FIFA World Cup,no,no,Incorrect,1.0517999999999998
semantic,6,dev_2370,yes,"I don't know. While Ireland has had success against Australia in other venues,",i,idk,IDK,1.0398
semantic,6,dev_0083,no,"NO

At Wimbledon, if the score reaches 6-6 in the final",no,no,Correct,1.0472000000000001
semantic,6,dev_0085,no,NO. Deion Sanders played in Major League Baseball (MLB) but never,no,no,Correct,1.0527
semantic,6,dev_0170,no,NO. The Czech Republic has never won the FIFA World Cup. Their best performance,no,no,Correct,1.0473
semantic,6,dev_0230,no,"NO

In Little League, you cannot run on a dropped third strike unless the",no,no,Correct,1.0483
semantic,6,dev_0412,no,NO. The Miami Dolphins do not have a real dolphin in their stadium. Their,no,no,Correct,1.0487
semantic,6,dev_0421,no,NO,no,no,Correct,1.0419
semantic,6,dev_0447,no,"YES. Panama has qualified for the FIFA World Cup on multiple occasions, most recently",yes,yes,Incorrect,2.3961
semantic,6,dev_0544,no,NO. Trinity Forest Golf Club is a private course.,no,no,Correct,1.0482
semantic,6,dev_0565,no,NO. Walks are not included in the batting average calculation. The batting average,no,no,Correct,1.0489000000000002
semantic,6,dev_0589,no,NO. Goaltending occurs when a player touches the ball above the rim or,no,no,Correct,1.0512000000000001
semantic,6,dev_0593,no,"NO

Teams do not keep the FIFA World Cup trophy. The actual trophy is",no,no,Correct,1.0435
semantic,6,dev_0859,no,NO. The U.S. Open does not play on the same course every year,no,no,Correct,1.0467
semantic,6,dev_0865,no,NO,no,no,Correct,1.0466
semantic,6,dev_1518,no,"NO

Not all 2018 World Cup matches were played in Russia",no,no,Correct,1.0515
semantic,6,dev_1768,no,NO. England has not won the FIFA Women's World Cup. The country's,no,no,Correct,1.0506
semantic,6,dev_1779,no,"NO

India did not qualify for the 2018 FIFA World Cup",no,no,Correct,1.0513
semantic,6,dev_1905,no,NO. A player cannot be offside from a goal kick. The offside,no,no,Correct,1.0544
semantic,6,dev_2156,no,"NO. The Arizona Diamondbacks won the 2001 World Series,",no,no,Correct,1.1085
semantic,6,dev_2158,no,NO. The Cincinnati Bengals have never won a Super Bowl. Their closest call was,no,no,Correct,1.05
semantic,6,dev_2798,no,NO. The Super Bowl rings are typically awarded to the winning team. The losing,no,no,Correct,1.0443
semantic,6,dev_3138,no,NO. The Olympic gold medal is not made of pure gold. While it is,no,no,Correct,1.044
semantic,6,dev_0307,yes,NO. The 700c tire size is different from the 2,no,no,Incorrect,1.0475999999999999
semantic,6,dev_0506,yes,"YES, drywall mud and joint compound are the same product, used to fill",yes,yes,Correct,1.0543
semantic,6,dev_0641,yes,I don't know. The parts interchangeability between the Maverick 88,i,idk,IDK,1.0463
semantic,6,dev_0844,yes,I don't know. While it's possible that Bell and Telus might share,i,idk,IDK,1.0463
semantic,6,dev_1032,yes,"NO. In Canada, 1-844 is not considered a toll",no,no,Incorrect,1.1088
semantic,6,dev_1574,yes,NO. Apple Lightning cables do not contain authentication chips. They primarily function to transmit,no,no,Incorrect,1.0484
semantic,6,dev_1889,yes,NO. While the Mazda Tribute and Ford Escape share some similarities and were built on,no,no,Incorrect,1.0487
semantic,6,dev_2093,yes,"NO. To make a call, including to emergency numbers like 911",no,no,Incorrect,2.485
semantic,6,dev_2213,yes,"NO

U.S. toll-free numbers (800, 88",no,no,Incorrect,1.0523
semantic,6,dev_2735,yes,"NO

Pipelining is designed to improve throughput by overlapping the execution of multiple",no,no,Incorrect,1.0485
semantic,6,dev_2836,yes,"NO

The F-4 Phantom II was retired from active service by most countries",no,no,Incorrect,1.108
semantic,6,dev_0788,no,NO. MiniDV tapes use a different cassette format and recording technology compared to,no,no,Correct,1.0463
semantic,6,dev_0798,no,"NO. Area code 669 is a local area code in California,",no,no,Correct,1.0509000000000002
semantic,6,dev_1249,no,"NO. In C++, the standard library provides the `std::string` class",no,no,Correct,1.0495999999999999
semantic,6,dev_1458,no,NO,no,no,Correct,1.0502
semantic,6,dev_1584,no,"YES

GMC offers a version of the Avalanche under their brand, known as",yes,yes,Incorrect,1.0475999999999999
semantic,6,dev_1589,no,NO. A SIM-free phone is not locked to any specific network and can be,no,no,Correct,1.0493
semantic,6,dev_1657,no,"NO. The first iPhone, introduced in 2007, did not",no,no,Correct,1.1083
semantic,6,dev_1691,no,"NO. 

Response time refers to the amount of time it takes for a pixel",no,no,Correct,1.0455999999999999
semantic,6,dev_1943,no,"NO. The PlayStation Network has a free basic account, but some additional features require",no,no,Correct,1.0473
semantic,6,dev_2682,no,NO. E-ZPass and EZ-PASS are different names for the same system,no,no,Correct,1.0505
semantic,6,dev_2712,no,NO. A23 batteries and N batteries have different sizes and capacities. A,no,no,Correct,1.0469000000000002
semantic,6,dev_0427,no,NO.,no,no,Correct,1.0409000000000002
semantic,6,dev_0531,no,"NO. Smaug is a significant dragon in ""The Hobbit,"" but",no,no,Correct,1.1082
semantic,6,dev_1915,no,"NO. ""The Hunchback of Notre-Dame"" by Victor Hugo is",no,no,Correct,1.0532000000000001
semantic,6,dev_1946,no,NO. Snake Eyes and Storm Shadow are two distinct characters in the G.I.,no,no,Correct,1.047
semantic,6,dev_2024,no,"NO

Forewords typically come after the title page and before the main body of",no,no,Correct,1.0512000000000001
semantic,6,dev_2265,no,"NO. G major and E minor are relative keys, but they are not the",no,no,Correct,1.0492000000000001
semantic,6,dev_0004,yes,YES,yes,yes,Correct,1.0503
semantic,6,dev_0241,yes,"NO. ""All I Want for Christmas Is You"" was written by Marie-M",no,no,Incorrect,2.3956
semantic,6,dev_0326,yes,"NO. The Wizarding World of Harry Potter is located in Universal Studios, not",no,no,Incorrect,1.0415999999999999
semantic,6,dev_0525,yes,"YES

Queen had several number one hits in the UK, including ""Bohem",yes,yes,Correct,1.053
semantic,6,dev_0577,yes,"NO. Phil Collins and Peter Gabriel were both members of Genesis, but they did",no,no,Incorrect,1.0488
semantic,6,dev_0799,yes,"NO. On Jeopardy!, the money won is typically not actually given to",no,no,Incorrect,1.0525
semantic,6,dev_0142,no,NO. Denatured alcohol and acetone are different substances. Denatured,no,no,Correct,1.0475999999999999
semantic,6,dev_0494,no,"NO. Fitness in biology refers to an organism's ability to survive and reproduce,",no,no,Correct,1.0445
semantic,6,dev_0527,no,NO. HeLa cells are an example of a cell line that has ane,no,no,Correct,1.0523
semantic,6,dev_0566,no,NO,no,no,Correct,1.0508
semantic,6,dev_0648,no,"NO. Evergreen trees retain their leaves throughout the year, although they may shed",no,no,Correct,1.0452000000000001
semantic,6,dev_0668,no,NO. Red-eared sliders are freshwater turtles and do not typically live in the,no,no,Correct,1.0465
semantic,6,dev_0749,no,NO. Sensory neurons are part of the peripheral nervous system. They transmit sensory,no,no,Correct,1.0473
semantic,6,dev_0790,no,"NO. Great white sharks are primarily found in the epipelagic zone, which",no,no,Correct,1.0448
semantic,6,dev_0867,no,NO. The same genotype does not always result in the same phenotype due to various,no,no,Correct,1.0475
semantic,6,dev_0921,no,"NO

Whale sharks are generally docile and filter feed on small organisms like",no,no,Correct,1.0485
semantic,6,dev_1088,no,NO,no,no,Correct,1.0489000000000002
semantic,6,dev_1329,no,NO. The earlobe does not contain any bones. It is composed mainly of,no,no,Correct,1.0459
semantic,6,dev_1402,no,NO. Tissue is composed of multiple types of cells that work together to perform,no,no,Correct,1.0495
semantic,6,dev_1428,no,NO,no,no,Correct,1.047
semantic,6,dev_1439,no,NO. A groundhog and a mole are different animals. A groundhog is,no,no,Correct,1.0547
semantic,6,dev_0020,yes,YES. Magnesium citrate contains citric acid as one of its components.,yes,yes,Correct,1.0449000000000002
semantic,6,dev_0027,yes,"YES. Penguins, like all birds, have feathers that arise from the epider",yes,yes,Correct,1.0445
semantic,6,dev_0047,yes,"NO, there is no such thing as a turkey vulture. There is a",no,no,Incorrect,2.3954
semantic,6,dev_0070,yes,NO.,no,no,Incorrect,1.0519
semantic,6,dev_0086,yes,"NO. 

German Shepherd and Alsatian refer to the same breed of dog",no,no,Incorrect,1.0488
semantic,6,dev_0121,yes,NO.,no,no,Incorrect,1.0467
semantic,6,dev_0131,yes,"NO

The latent heat of vaporization typically remains relatively constant over a narrow range",no,no,Incorrect,1.1076
semantic,6,dev_0147,yes,"NO. While ""navel"" and ""belly button"" refer to the",no,no,Incorrect,1.0434
semantic,6,dev_0159,yes,"YES

Many tree species can have more than one trunk, which is known as",yes,yes,Correct,1.0478
semantic,6,dev_0190,yes,YES,yes,yes,Correct,1.0444
semantic,6,dev_0195,yes,NO. Alligators do not drown their prey and store it for later. They,no,no,Incorrect,1.0427
semantic,6,dev_0200,yes,YES. Competitive inhibitors bind to the active site of the enzyme.,yes,yes,Correct,1.0488
semantic,6,dev_0214,yes,"NO. Animal cells have a plasma membrane, which is another term for the cell",no,no,Incorrect,1.0495999999999999
semantic,6,dev_0242,yes,"YES, both male and female bighorn sheep have horns, although the horns",yes,yes,Correct,1.0531
semantic,6,dev_0522,yes,"NO

Hornets, like most bees and wasps, have a bar",no,no,Incorrect,1.0484
semantic,6,dev_0033,no,"NO. Federal income tax is a tax on earnings, while Social Security is a",no,no,Correct,1.0433
semantic,6,dev_0123,no,"NO. Public limited companies (PLCs) are typically in the public sector,",no,no,Correct,1.0457
semantic,6,dev_0501,no,"NO. Comcast and Time Warner are different companies. However, they have both undergone",no,no,Correct,1.0497999999999998
semantic,6,dev_0526,no,NO,no,no,Correct,1.0474
semantic,6,dev_1076,no,"NO

Commercial banks are not the only institutions that can experience runs. Any financial",no,no,Correct,1.0472000000000001
semantic,6,dev_1213,no,NO. Discretionary income and disposable income are related but not the same.,no,no,Correct,1.0429000000000002
semantic,6,dev_1654,no,NO. Discouraged workers are not counted in the unemployment rate because they are,no,no,Correct,1.0504
semantic,6,dev_1753,no,NO. Universal Music Group and Universal Studios are separate entities within the Vivendi portfolio,no,no,Correct,1.0487
semantic,6,dev_1825,no,"NO

A bank sort code is specific to the branch where your account is held",no,no,Correct,1.0483
semantic,6,dev_2911,no,"NO. The United States has a floating exchange rate for its currency, the US",no,no,Correct,2.3946
semantic,6,dev_2740,no,NO,no,no,Correct,1.0460999999999998
semantic,6,dev_2517,no,NO,no,no,Correct,1.0463
semantic,6,dev_1139,yes,NO. New Mexico does not have a state income tax.,no,no,Incorrect,1.0478
semantic,6,dev_0002,yes,NO. House tax and property tax are similar but not the same. House tax,no,no,Incorrect,1.0444
semantic,6,dev_0773,yes,YES. A company can be public if it has issued shares to the public through,yes,yes,Correct,1.0486
semantic,6,dev_1186,yes,"YES

Universal life policies typically have a cash value component, which accumulates over",yes,yes,Correct,1.0426
semantic,6,dev_1302,yes,"NO. Dodge and Jeep are both part of the Stellantis portfolio, but",no,no,Incorrect,1.0451
semantic,6,dev_1349,yes,YES. The net present value (NPV) does account for the time value,yes,yes,Correct,1.048
semantic,6,dev_1771,yes,NO.,no,no,Incorrect,1.0495999999999999
semantic,6,dev_1804,yes,"YES

The two-dollar bill is a valid denomination of U.S. currency and",yes,yes,Correct,1.0484
semantic,6,dev_1873,yes,"YES

Stop & Shop and Giant are both part of the Ahold Delha",yes,yes,Correct,1.1075
semantic,6,dev_1963,yes,"NO. New Hampshire does have a sales tax, although it is administered by local",no,no,Incorrect,1.0477
semantic,6,dev_2582,yes,NO,no,no,Incorrect,1.0455999999999999
semantic,6,dev_2598,yes,NO. While Hellmann's and Best Foods both produce mayonnaise and are,no,no,Incorrect,1.0473
semantic,6,dev_3158,yes,I don't know. While there is often a correlation between economic development and social,i,idk,IDK,1.0467
semantic,6,dev_0551,no,"NO. An oz (ounce) is a unit of mass or weight, while",no,no,Correct,1.0473
semantic,6,dev_1158,no,NO. Crossovers are often based on a unibody construction and are,no,no,Correct,1.0464
semantic,6,dev_1364,no,NO. A jet engine is not an external combustion engine. Jet engines use internal,no,no,Correct,1.0471
semantic,6,dev_1807,no,NO. The dimensions of US Letter (8.5×11 inches),no,no,Correct,1.0519
semantic,6,dev_2542,no,NO. Father's Day is typically celebrated on the third Sunday in June. The,no,no,Correct,1.0462
semantic,6,dev_2562,no,NO. A ribeye steak and a Delmonico steak are not the same,no,no,Correct,1.1091
semantic,6,dev_3005,no,NO. An English Bull Terrier is not a Pit Bull. They are distinct,no,no,Correct,2.3952
semantic,6,dev_3194,no,"NO. While both are crispy corn-based snacks, tortilla chips are typically made",no,no,Correct,1.0477
semantic,6,dev_3195,no,NO. A boarding pass is different from a ticket. A ticket is the confirmation,no,no,Correct,1.0449000000000002
semantic,6,dev_0013,yes,"NO. While it's not ideal, using shower gel as a substitute for shampoo",no,no,Incorrect,1.0491
semantic,6,dev_0043,yes,NO. There is no single continuous interstate highway that goes directly from the east coast,no,no,Incorrect,1.0537999999999998
semantic,6,dev_0052,yes,YES. A hammer can be used as a weapon by striking an opponent with its,yes,yes,Correct,1.0471
semantic,6,dev_0091,yes,NO. A tablespoon is generally smaller than a dessert spoon. The sizes can vary,no,no,Incorrect,1.0451
semantic,6,dev_0116,yes,YES,yes,yes,Correct,1.0474
semantic,6,dev_0288,yes,NO. The UK primarily uses the 12-hour clock format for everyday time,no,no,Incorrect,1.0532000000000001
semantic,6,dev_0555,yes,"NO. ZIP code is specific to the United States postal system, while postal code",no,no,Incorrect,1.0485
semantic,6,dev_0627,yes,"NO. The title ""Sir"" is specifically used for male knights in the United",no,no,Incorrect,1.0527
semantic,6,dev_0831,yes,"YES, a U.S. passport card is a valid form of ID for air",yes,yes,Correct,1.048
semantic,6,dev_0721,no,"NO. ""Night of the Living Dead"" is a fictional horror film created by",no,no,Correct,1.047
semantic,6,dev_0863,no,"NO. ""Major Crimes"" is a spin-off of ""The Closer,""",no,no,Correct,1.0446
semantic,6,dev_1357,no,NO,no,no,Correct,1.0485
semantic,6,dev_1951,no,"NO. ""The Bridge on the River Kwai"" is based on a novel",no,no,Correct,1.0489000000000002
semantic,6,dev_2131,no,"NO. Nacho Varga is from ""Breaking Bad"" and not from """,no,no,Correct,1.108
semantic,6,dev_2174,no,NO. Fear the Walking Dead and The Walking Dead are related but distinct series within,no,no,Correct,1.047
semantic,6,dev_2252,no,NO. You do not have to be from America to be on America's Got,no,no,Correct,1.0471
semantic,6,dev_2309,no,NO. Maleficent and the Evil Queen are different characters from different fairy tales,no,no,Correct,1.0520999999999998
semantic,6,dev_2364,no,NO,no,no,Correct,1.0515999999999999
semantic,6,dev_3075,no,NO. Pulp Fiction is not based on a true story. It is a,no,no,Correct,1.0488
semantic,6,dev_3205,no,"NO. The movie ""Lady Bird"" is about a high school student named Lady",no,no,Correct,2.3670999999999998
semantic,6,dev_0015,yes,"YES, Fantastic Beasts and Where to Find Them is a prequel to the",yes,yes,Correct,1.0475999999999999
semantic,6,dev_0153,yes,YES,yes,yes,Correct,1.0533
semantic,6,dev_0161,yes,"NO. While ""The Night of the Hunter"" shares some thematic and stylistic",no,no,Incorrect,1.1104
semantic,6,dev_0306,yes,"NO. Grey's Anatomy is a fictional television series, and while it may be",no,no,Incorrect,1.0458
semantic,6,dev_0334,yes,YES,yes,yes,Correct,1.0497999999999998
semantic,6,dev_0338,yes,YES,yes,yes,Correct,1.0479
semantic,6,dev_0493,yes,"NO

""Love Child"" is a fictional Australian drama series, although it is",no,no,Incorrect,1.0474
semantic,6,dev_0520,yes,"YES

""Age of Ultron"" came after ""The Winter Soldier"" in",yes,yes,Correct,1.0505
semantic,6,dev_0212,no,NO. Maple syrup does not come straight from the tree. It is produced by,no,no,Correct,1.0444
semantic,6,dev_0309,no,NO. Ground coriander and cumin are different spices with distinct flavors and,no,no,Correct,1.0472000000000001
semantic,6,dev_0484,no,NO. Saltwater taffy does not actually contain salt water. The name,no,no,Correct,1.0405
semantic,6,dev_0654,no,NO. Beef short ribs and spare ribs come from different parts of the animal.,no,no,Correct,1.0471
semantic,6,dev_0973,no,NO. Salt water taffy is not made with ocean water. It gets,no,no,Correct,1.0467
semantic,6,dev_1335,no,NO.,no,no,Correct,1.0468
semantic,6,dev_1443,no,NO.,no,no,Correct,1.0460999999999998
semantic,6,dev_0284,yes,NO. Enameled cast iron does not typically leach iron into food because,no,no,Incorrect,1.0466
semantic,6,dev_0330,yes,YES,yes,yes,Correct,1.0486
semantic,6,dev_0443,yes,"NO

Powdered sugar, also known as confectioners' sugar,",no,no,Incorrect,1.0445
semantic,6,dev_0975,yes,NO. Wholemeal flour and whole wheat flour are similar but not exactly the same,no,no,Incorrect,1.0473
semantic,6,dev_1741,yes,NO. Garbanzo beans and chickpeas are the same thing. They,no,no,Incorrect,1.0517999999999998
semantic,6,dev_1770,yes,YES. Pure vanilla extract contains alcohol as part of its composition to extract and preserve,yes,yes,Correct,1.0488
semantic,6,dev_1860,no,NO. Pinot Noir and Pinot Gris come from the same parent grape,no,no,Correct,2.3683
semantic,6,dev_1967,yes,NO. A caffe latte is the same as a latte. A lat,no,no,Incorrect,1.0480999999999998
semantic,6,dev_0236,no,NO.,no,no,Correct,1.0480999999999998
semantic,6,dev_0741,no,NO. Not all games of solitaire are guaranteed to be winnable. The,no,no,Correct,1.049
semantic,6,dev_1440,no,"YES

The Xbox One can play Xbox 360 discs through its backward",yes,yes,Incorrect,1.0485
semantic,6,dev_2062,no,NO.,no,no,Correct,1.048
semantic,6,dev_2109,no,"NO. Call of Duty: World at War is set during World War II,",no,no,Correct,1.0554000000000001
semantic,6,dev_2137,no,"NO. In chess, it is not possible to win with only a king.",no,no,Correct,1.0515999999999999
semantic,6,dev_0478,yes,NO. Call of Duty: Modern Warfare 2 is not a separate game;,no,no,Incorrect,1.0452000000000001
semantic,6,dev_0545,yes,NO. Just Cause 3 focuses more on open-world exploration and action rather than,no,no,Incorrect,1.0499
semantic,6,dev_1125,yes,NO. Need for Speed primarily focuses on open-world racing and career modes without a,no,no,Incorrect,1.0464
semantic,6,dev_1137,yes,"NO

Pokémon Crystal does not work directly with Pokémon Stadium 2. Pokémon",no,no,Incorrect,1.0512000000000001
semantic,6,dev_1162,yes,"NO. The DS Lite is backward-compatible with DS games, but it does not",no,no,Incorrect,1.0524
semantic,6,dev_1177,yes,"YES

Company of Heroes 2 features a campaign mode called ""Heroes of St",yes,yes,Correct,1.0480999999999998
semantic,6,dev_1444,yes,"YES

Original Xbox games do work on the Xbox One through backward compatibility, although",yes,yes,Correct,1.0475999999999999
semantic,6,dev_0313,no,NO. St. Kitts and Nevis is an independent state and member of,no,no,Correct,1.041
semantic,6,dev_0823,no,NO. The Ogallala Aquifer is one of the largest aquifers in,no,no,Correct,1.0534000000000001
semantic,6,dev_0839,no,NO. West Virginia and Virginia were separate states at different times in history. West,no,no,Correct,1.0523
semantic,6,dev_1222,no,NO. The Isle of Man is a Crown dependency and is not part of the,no,no,Correct,1.0494
semantic,6,dev_1254,no,NO. Sudan and South Sudan are two separate countries. They were part of the,no,no,Correct,1.047
semantic,6,dev_1269,no,NO,no,no,Correct,1.0525
semantic,6,dev_1334,no,NO. Patagonia is not a country; it is a region located in,no,no,Correct,1.0468
semantic,6,dev_0184,yes,"YES

You can travel from Lake Michigan to the Atlantic Ocean via the Saint Lawrence",yes,yes,Correct,1.0517
semantic,6,dev_0322,yes,"YES

City of Industry is indeed located in Los Angeles County.",yes,yes,Correct,1.0480999999999998
semantic,6,dev_0557,yes,"NO. The Amazon River is a saline river, meaning it contains significant amounts of",no,no,Incorrect,1.041
semantic,6,dev_0573,yes,"YES

You can travel from the Mediterranean Sea to the Black Sea via the Turkish",yes,yes,Correct,1.0478
semantic,6,dev_1179,yes,"NO. Phoenix is in the Mountain Time Zone, while Denver is also in the",no,no,Incorrect,1.0483
semantic,6,dev_0619,yes,NO. The state of Texas is smaller than Germany. Texas has an area of,no,no,Incorrect,1.048
semantic,6,dev_0650,yes,"NO. New York City consists of five boroughs: Manhattan, Brooklyn, Queens",no,no,Incorrect,1.0467
semantic,6,dev_0734,yes,NO. You cannot directly boat from Lake Erie to Lake Ontario due to the Niagara,no,no,Incorrect,1.0465
semantic,6,dev_0061,no,NO,no,no,Correct,1.0547
semantic,6,dev_0124,no,NO. Health care is not free in the United States. While there are government,no,no,Correct,1.0477
semantic,6,dev_0914,no,NO. Stroke volume and ejection fraction are related but distinct measures of ventricular,no,no,Correct,1.0493
semantic,6,dev_0955,no,NO. Mycosis fungoides is not caused by a fungal infection.,no,no,Correct,1.1088
semantic,6,dev_1610,no,NO. Soft-tissue damage is a broader term that can include various injuries to,no,no,Correct,1.049
semantic,6,dev_1790,no,"NO. During implantation, the endometrium does not shed but rather provides",no,no,Correct,1.0495999999999999
semantic,6,dev_2096,no,NO.,no,no,Correct,1.0475999999999999
semantic,6,dev_2277,no,NO. High dependency units (HDUs) and intensive care units (ICUs,no,no,Correct,1.0524
semantic,6,dev_2499,no,NO. A Doctor of Physical Therapy (DPT) is not an MD.,no,no,Correct,1.0469000000000002
semantic,6,dev_1959,yes,"YES. Normal body temperature can vary throughout the day, typically peaking in the",yes,yes,Correct,1.0484
semantic,6,dev_1992,yes,"NO. Rabies is primarily transmitted through the saliva of an infected animal, usually",no,no,Incorrect,1.0508
semantic,6,dev_2047,yes,"YES

Organs in the digestive system, such as the liver, pancreas",yes,yes,Correct,1.0472000000000001
semantic,6,dev_1656,yes,"NO. While the expression ""broken heart"" is common and describes emotional pain,",no,no,Incorrect,1.0488
semantic,6,dev_1663,yes,NO. Turf toe is typically associated with injury to the first metatarsoph,no,no,Incorrect,1.1107
semantic,6,dev_1752,yes,"NO

Triamcinolone cream is a corticosteroid used to",no,no,Incorrect,1.0514000000000001
semantic,6,dev_2049,yes,YES,yes,yes,Correct,1.049
semantic,6,dev_2050,yes,NO. Drug tolerance is typically not caused by receptor upregulation and downreg,no,no,Incorrect,1.1083
semantic,6,dev_1442,yes,NO. A lipid profile and a lipid panel refer to the same set of tests,no,no,Incorrect,1.0467
semantic,6,dev_0301,no,NO. The Berlin Wall and the Berlin Blockade are two different events related to,no,no,Correct,1.051
semantic,6,dev_0480,no,NO. The Articles of Confederation were replaced by the U.S. Constitution in,no,no,Correct,1.1072
semantic,6,dev_1290,no,NO. Nova Scotia was part of British North America but was not one of the,no,no,Correct,1.0475
semantic,6,dev_1819,no,NO. Czechoslovakia was a country that existed from 191,no,no,Correct,1.1068
semantic,6,dev_2206,no,NO. The Emancipation Proclamation applied only to the states that were in,no,no,Correct,1.0515999999999999
semantic,6,dev_0376,yes,NO. William the Conqueror's claim to the English throne was not considered,no,no,Incorrect,1.1087
semantic,6,dev_0346,yes,"YES

Helicopters, including the Sikorsky R-4, were",yes,yes,Correct,1.1095
semantic,6,dev_0363,yes,NO. The 1971 silver dollar you're referring to is actually,no,no,Incorrect,1.0502
semantic,6,dev_0535,yes,"NO

Houston was not the capital of Texas. The capital of Texas has moved",no,no,Incorrect,1.0543
semantic,6,dev_0629,yes,"YES

The 13th Amendment to the United States Constitution was adopted in",yes,yes,Correct,1.0515
semantic,6,dev_0179,no,NO,no,no,Correct,1.0398
semantic,6,dev_0402,no,"NO. In the UK, polygamy is not legally recognized, and it",no,no,Correct,1.0527
semantic,6,dev_0513,no,NO.,no,no,Correct,1.1082
semantic,6,dev_0606,no,NO. Escaping from prison is illegal in Germany and is considered a serious offense,no,no,Correct,2.4231
semantic,6,dev_0630,no,"NO. ""Under honorable conditions"" is a phrase that can be part of an",no,no,Correct,1.0415
semantic,6,dev_0795,no,"NO. Driving laws can vary significantly from state to state in the United States,",no,no,Correct,1.0464
semantic,6,dev_1457,no,NO. The Civil Rights Act of 1964 is not part of,no,no,Correct,1.1134000000000002
semantic,6,dev_1776,no,NO. An Employment Authorization Document (EAD) allows a noncitizen to,no,no,Correct,1.1082
semantic,6,dev_1862,no,NO,no,no,Correct,1.0493
semantic,6,dev_1911,no,"NO

U.S. Supreme Court justices do not have a mandatory retirement age.",no,no,Correct,1.051
semantic,6,dev_2755,no,NO,no,no,Correct,1.0478
semantic,6,dev_2756,no,NO. The Bill of Rights is not part of the original Constitution but was added,no,no,Correct,1.0511
semantic,6,dev_2921,no,NO. Property tax and council tax serve similar purposes but are different in implementation and,no,no,Correct,1.0471
semantic,6,dev_2972,no,NO.,no,no,Correct,1.0474
semantic,6,dev_0009,yes,"NO, unless you have an international driving permit (IDP) in addition to",no,no,Incorrect,1.0511
semantic,6,dev_0038,yes,"NO

Recording and releasing a cover song is generally legal, but you typically need",no,no,Incorrect,1.05
semantic,6,dev_0129,yes,"NO

In Florida, private sales of firearms require the seller to be a licensed",no,no,Incorrect,1.0475999999999999
semantic,6,dev_0202,yes,"NO. Breaking and entering into a car is generally considered a misdemeanor, although the",no,no,Incorrect,1.0489000000000002
semantic,6,dev_0308,yes,YES,yes,yes,Correct,1.0477
semantic,6,dev_0584,yes,NO. The First Amendment is not part of the Bill of Rights; it is,no,no,Incorrect,1.0509000000000002
semantic,6,dev_0644,yes,"YES. In many places, there are laws requiring drivers to pull over and move",yes,yes,Correct,1.0532000000000001
semantic,6,dev_0653,yes,YES. The Family Medical Leave Act (FMLA) is a federal law.,yes,yes,Correct,1.0471
semantic,6,dev_0671,yes,"NO. As of now, Kansas does not have the death penalty. The state",no,no,Incorrect,1.0533
semantic,6,dev_0757,yes,"YES. Stealing a street sign could be considered vandalism or theft, depending on",yes,yes,Correct,1.0497
semantic,6,dev_1059,yes,"NO

While the Supreme Court can use judicial review to challenge the constitutionality of",no,no,Incorrect,1.0484
semantic,6,dev_1067,yes,"NO

The Preamble is not a separate legal document but an introductory statement to",no,no,Incorrect,2.3975999999999997
semantic,6,dev_1097,yes,"YES

In Canada, you have the right to remain silent, which means you",yes,yes,Correct,1.1116
semantic,6,dev_1131,yes,"NO

Illinois does not have a stand your ground law. Instead, Illinois",no,no,Incorrect,1.0543
semantic,6,dev_1324,yes,"NO, a flask typically does not count as an open container unless it has an",no,no,Incorrect,1.0478
semantic,6,dev_0305,no,"NO

Language is a significant criterion for classifying states in India, but it",no,no,Correct,1.0489000000000002
semantic,6,dev_0465,no,NO,no,no,Correct,1.0504
semantic,6,dev_0508,no,"NO. According to the 22nd Amendment to the United States Constitution,",no,no,Correct,1.0448
semantic,6,dev_0518,no,NO,no,no,Correct,1.046
semantic,6,dev_0572,no,NO. A legislator is a broader term that refers to any member of a,no,no,Correct,1.0471
semantic,6,dev_0898,no,"NO. In Canada, you must be a citizen or a permanent resident who has",no,no,Correct,1.0483
semantic,6,dev_1154,no,NO. The number of justices on the Supreme Court has changed over time. It,no,no,Correct,1.0499
semantic,6,dev_1221,no,"NO

Filibusters are more commonly associated with the Senate, where they can",no,no,Correct,1.0469000000000002
semantic,6,dev_1244,no,NO. Canada and Australia are not part of the United Kingdom; they are independent,no,no,Correct,1.0477
semantic,6,dev_1245,no,NO. Turkey is not a member of the European Economic Area. It is currently,no,no,Correct,1.048
semantic,6,dev_1273,no,"NO. Guam is a U.S. territory, but it is not part of",no,no,Correct,1.0517
semantic,6,dev_0647,yes,"NO. Not every nation-state has a national government. For example, some regions",no,no,Incorrect,1.0425
semantic,6,dev_0254,yes,YES. The Vice President of the United States is constitutionally designated as the President,yes,yes,Correct,1.0486
semantic,6,dev_0486,yes,YES,yes,yes,Correct,1.0465
semantic,6,dev_0736,yes,"NO. The World Bank is not directly affiliated with the United Nations, although both",no,no,Incorrect,1.0509000000000002
semantic,6,dev_0814,yes,"NO

The Air Force primarily focuses on aerial operations and does not have ground combat",no,no,Incorrect,1.0467
semantic,6,dev_1477,yes,YES,yes,yes,Correct,1.0471
semantic,6,dev_1721,yes,NO. The United States does not have any permanent U.S. military bases in,no,no,Incorrect,1.0468
semantic,6,dev_1786,yes,NO. New York City primarily has rent stabilization rather than rent control. Rent stabilization,no,no,Incorrect,2.3584
semantic,6,dev_1970,yes,YES,yes,yes,Correct,1.0515999999999999
semantic,6,dev_1985,yes,"YES

The U.S. Supreme Court has recognized a constitutional right to privacy through",yes,yes,Correct,1.1109
semantic,6,dev_2448,no,NO. Puerto Rico does not have voting representation in the U.S. Congress and,no,no,Correct,1.0527
semantic,6,dev_0066,yes,"YES

In any triangle, at least two angles must be acute because the sum",yes,yes,Correct,1.0480999999999998
semantic,6,dev_0088,yes,"NO

According to Einstein's equation \( E = mc^2 \), energy",no,no,Incorrect,1.0499
semantic,6,dev_0196,yes,"NO

T. rex (Tyranosaurus rex) skulls have been found",no,no,Incorrect,1.0514000000000001
semantic,6,dev_0262,yes,YES,yes,yes,Correct,1.0475
semantic,6,dev_0271,yes,YES,yes,yes,Correct,1.0402
semantic,6,dev_0329,yes,NO. The Sun orbits around the center of the Milky Way galaxy. It completes,no,no,Incorrect,1.0514000000000001
semantic,6,dev_0331,yes,YES,yes,yes,Correct,1.044
semantic,6,dev_0387,yes,"NO. Density depends on the type of material and its mass per unit volume,",no,no,Incorrect,1.0427
semantic,6,dev_0418,yes,YES. It is possible to have thunder and lightning while it is snowing.,yes,yes,Correct,1.0395
semantic,6,dev_0616,yes,"NO. Bicarb soda and baking soda refer to the same substance, sodium",no,no,Incorrect,1.0495999999999999
semantic,6,dev_0638,yes,YES. All rhombuses have two pairs of parallel sides.,yes,yes,Correct,1.048
semantic,6,dev_0657,yes,"NO

Yield stress and yield strength are related but not exactly the same.",no,no,Incorrect,1.0543
semantic,6,dev_0692,yes,"YES

A hydrometer can be used to measure the specific gravity of milk",yes,yes,Correct,1.0492000000000001
semantic,6,dev_0744,yes,NO. A polynomial is a mathematical expression involving a sum of powers in one or,no,no,Incorrect,1.0449000000000002
semantic,6,dev_0797,yes,YES,yes,yes,Correct,1.0358
semantic,6,dev_0842,yes,"YES

Diffraction is a phenomenon where sound waves bend around obstacles and spread out",yes,yes,Correct,1.0520999999999998
semantic,6,dev_1379,yes,"NO. Talcum powder is a product made from talc, but tal",no,no,Incorrect,1.0475
semantic,6,dev_0126,no,"NO

According to our current understanding of physics, specifically special relativity, it",no,no,Correct,1.0488
semantic,6,dev_0342,no,NO. The speed of sound varies depending on the material it travels through and the,no,no,Correct,2.4186
semantic,6,dev_0437,no,"NO. While a full moon can occur on the summer solstice, it does",no,no,Correct,1.048
semantic,6,dev_0553,no,"NO. In a parallelogram, opposite angles are equal, but adjacent angles",no,no,Correct,1.0492000000000001
semantic,6,dev_0652,no,NO. The square root of 3 is an irrational number.,no,no,Correct,1.0480999999999998
semantic,6,dev_0708,no,NO. A negative number cannot be a perfect square because the square of any real,no,no,Correct,1.0452000000000001
semantic,6,dev_1083,no,NO. Carbon-14 dating is not suitable for live animals since it requires,no,no,Correct,1.0502
semantic,6,dev_1142,no,NO. Quantum entanglement does not allow for faster-than-light communication because the,no,no,Correct,1.052
semantic,6,dev_1354,no,NO. The depth of the water table can vary depending on factors such as precipitation,no,no,Correct,1.0480999999999998
semantic,6,dev_1460,no,"NO

Single-subject research designs are particularly suited for studies involving individual differences,",no,no,Correct,1.0492000000000001
semantic,6,dev_1468,no,NO. Sodium lactate is a salt derived from lactic acid. It is,no,no,Correct,1.0477
semantic,6,dev_1559,no,NO. The notation \(\log x\) typically refers to the logarithm base,no,no,Correct,1.0382
semantic,6,dev_1595,no,NO. Reverse osmosis water and deionized water are similar in that,no,no,Correct,1.0488
semantic,6,dev_1643,no,NO. Static pressure is the pressure of a fluid at a specific point within the,no,no,Correct,1.0477
semantic,6,dev_1692,no,NO. Atmospheric pressure is not always 1 atm (atmosphere). It,no,no,Correct,1.0491
semantic,6,dev_1726,no,NO. The vagus nerve is part of the peripheral nervous system (PNS,no,no,Correct,1.0499
semantic,6,dev_0008,yes,"YES. An example of such a word is ""qubit.""",yes,yes,Correct,1.0469000000000002
semantic,6,dev_0323,yes,"NO. The Song of Solomon is also known as the Song of Songs, but",no,no,Incorrect,1.0483
semantic,6,dev_0794,yes,YES,yes,yes,Correct,1.0503
semantic,6,dev_0866,yes,"NO. In English, the letter ""Q"" is almost always followed by the",no,no,Incorrect,1.0423
semantic,6,dev_0910,yes,YES,yes,yes,Correct,1.0448
semantic,6,dev_0992,yes,"NO

In elementary school, students are typically not held back as frequently as they",no,no,Incorrect,1.0403
semantic,6,dev_1446,yes,NO. The Church of England is a member of the Anglican Communion but,no,no,Incorrect,1.0462
semantic,6,dev_0294,no,NO.,no,no,Correct,2.3876999999999997
semantic,6,dev_0521,no,"NO. The word ""kangaroo"" comes from the Guugu Yim",no,no,Correct,1.052
semantic,6,dev_0943,no,"NO. The Book of Deuteronomy is in the Old Testament, not the",no,no,Correct,1.0520999999999998
semantic,6,dev_1887,no,NO. The Persian and Arabic alphabets are similar but not the same.,no,no,Correct,1.0459
semantic,6,dev_2892,no,NO. Scottish Gaelic and Irish Gaelic are related but distinct languages within the,no,no,Correct,1.0514000000000001
semantic,6,dev_2691,no,NO. King's College London is not part of Cambridge University. King's College,no,no,Correct,1.0468
semantic,6,dev_0065,yes,"YES

Several players from the 1980 U.S. Olympic hockey",yes,yes,Correct,1.1120999999999999
semantic,6,dev_0245,yes,"YES

In American football, a team can pass the ball multiple times per down",yes,yes,Correct,1.0467
semantic,6,dev_0315,yes,"YES, you can play soccer on a football field, but you may need to",yes,yes,Correct,1.045
semantic,6,dev_0361,yes,"YES

Chewing tobacco is banned in Major League Baseball. The league has strict",yes,yes,Correct,1.0472000000000001
semantic,6,dev_0550,yes,NO,no,no,Incorrect,1.0483
semantic,6,dev_0595,yes,"NO

The Ivy League does not have a basketball tournament. The Ivy League is",no,no,Incorrect,1.0487
semantic,6,dev_0966,yes,YES,yes,yes,Correct,1.0488
semantic,6,dev_1078,yes,"NO

Every NHL team has at least one Stanley Cup win in its history.",no,no,Incorrect,1.0449000000000002
semantic,6,dev_1224,yes,"YES

Rugby union pitches are generally longer and wider than standard soccer (",yes,yes,Correct,1.0495999999999999
semantic,6,dev_1251,yes,"NO. Croatia has not won the World Cup, but they have performed well in",no,no,Incorrect,1.0517999999999998
semantic,6,dev_1260,yes,NO. The Nike Air Force 1s are not specifically designed for basketball.,no,no,Incorrect,1.0473
semantic,6,dev_1278,yes,"NO

Cal Ripken Jr. is not in the Baseball Hall of Fame.",no,no,Incorrect,1.0495999999999999
semantic,6,dev_1462,yes,"NO

The FIFA World Cup does not have a formal opening ceremony like some other",no,no,Incorrect,1.0532000000000001
semantic,6,dev_1494,yes,NO. A player cannot be offside during a corner kick. The offside,no,no,Incorrect,1.0546
semantic,6,dev_1543,yes,NO. No NHL team has ever come back from a 3-0 deficit,no,no,Incorrect,1.0469000000000002
semantic,6,dev_2012,yes,NO. Dwight Howard played for the Orlando Magic from 2006 to,no,no,Incorrect,1.0499
semantic,6,dev_2118,yes,NO. Wristlocks in self-defense are not intended to break someone's wrist,no,no,Incorrect,2.3963
semantic,6,dev_2272,yes,"NO

AstroTurf is a brand name for synthetic grass, but it",no,no,Incorrect,1.0489000000000002
semantic,6,dev_2338,yes,"NO

Cup-tied rules typically prevent a player from appearing in multiple competitions",no,no,Incorrect,1.0507
semantic,6,dev_2498,yes,"NO. While it is extremely rare, there has never been a recorded instance of",no,no,Incorrect,1.0535
semantic,6,dev_2509,yes,NO. No NBA team has come back from a 3-1 deficit in,no,no,Incorrect,1.0412000000000001
semantic,6,dev_2917,yes,NO. The Tampa Bay Lightning won the Stanley Cup in 2020,no,no,Incorrect,1.0455999999999999
semantic,6,dev_2966,yes,NO. Players typically need to be at least 19 years old and have,no,no,Incorrect,1.0451
semantic,6,dev_2974,yes,"YES

Running for 24 hours is possible and is actually a common event",yes,yes,Correct,1.0520999999999998
semantic,6,dev_3007,yes,"YES

The Tour de France changes every year in terms of route, stages,",yes,yes,Correct,1.0477
semantic,6,dev_3199,yes,"YES

Club professionals have indeed won the PGA Championship. Notable examples include Billy",yes,yes,Correct,1.0497999999999998
semantic,6,dev_0222,no,NO. NCAA basketballs are typically smaller than NBA basketballs. NCAA men's,no,no,Correct,1.0497
semantic,6,dev_0398,no,NO. You cannot score directly from a throw-in. A goal can only be,no,no,Correct,1.0480999999999998
semantic,6,dev_0426,no,NO. A soccer goalie can only handle the ball within their penalty area. Outside,no,no,Correct,1.0509000000000002
semantic,6,dev_0464,no,"NO

The golden goal rule was not used in the 2018",no,no,Correct,1.0524
semantic,6,dev_0563,no,NO. Croatia has not won the FIFA World Cup. They have reached the final,no,no,Correct,1.0466
semantic,6,dev_0658,no,NO. A walk in baseball does not end the pitch and does not make the,no,no,Correct,1.0525
semantic,6,dev_1366,no,NO. The UEFA Champions League trophy is not replaced annually. It is a permanent,no,no,Correct,1.0499
semantic,6,dev_1471,no,NO. A player cannot be offside during a throw-in. The offside,no,no,Correct,1.0546
semantic,6,dev_1558,no,NO,no,no,Correct,1.0506
semantic,6,dev_1580,no,NO. The Chicago White Sox play at Guaranteed Rate Field (formerly U.S.,no,no,Correct,1.0504
semantic,6,dev_2401,no,NO. A batsman cannot be run out if the ball is a no-ball,no,no,Correct,1.0526
semantic,6,dev_2436,no,NO. The current world record for the mile run is significantly faster than 2,no,no,Correct,1.0519
semantic,6,dev_3224,no,"NO

MLB games must end with a winner, so if the score is",no,no,Correct,2.3704
semantic,6,dev_0022,yes,NO. Spark plugs do not keep an engine running; they only ignite the fuel,no,no,Incorrect,1.0484
semantic,6,dev_0132,yes,YES,yes,yes,Correct,1.0499
semantic,6,dev_0268,yes,NO. An AGM battery (Absorbed Glass Mat) is a type,no,no,Incorrect,1.0546
semantic,6,dev_0646,yes,YES. Multithreading can still be useful on a single processor through techniques like,yes,yes,Correct,1.0491
semantic,6,dev_0697,yes,"NO

Google Drive typically does not have a strict storage limit for individual accounts.",no,no,Incorrect,1.0485
semantic,6,dev_0935,yes,"NO. A table can have multiple foreign keys, each referencing a different primary or",no,no,Incorrect,1.0477
semantic,6,dev_1159,yes,"NO

A high-level language typically uses a compiler or interpreter to translate its source",no,no,Incorrect,1.0483
semantic,6,dev_1376,yes,"YES

A database can and often does contain more than one table. In fact",yes,yes,Correct,1.0468
semantic,6,dev_1646,yes,"YES

Cast-iron pans are ferromagnetic and can be used on induction",yes,yes,Correct,1.0473
semantic,6,dev_1869,yes,"YES

A database table can indeed have multiple foreign keys to establish relationships with other",yes,yes,Correct,1.05
semantic,6,dev_2397,yes,"YES

Cell phone jammers are devices designed to block or interfere with cellular signals",yes,yes,Correct,1.0477
semantic,6,dev_0512,no,NO. Microsoft Visio and Visual Studio are different products. Visio is a,no,no,Correct,1.0486
semantic,6,dev_1524,no,NO.,no,no,Correct,1.0487
semantic,6,dev_1675,no,NO.,no,no,Correct,1.0452000000000001
semantic,6,dev_1723,no,"NO

Regular bulbs are typically not designed for use in 3-way lamp sockets",no,no,Correct,1.0528
semantic,6,dev_2027,no,"NO

HD DVD and Blu-ray are two different optical disc formats that competed against",no,no,Correct,1.0479
semantic,6,dev_2104,no,"YES

You can get on the internet with a PlayStation 2 using a PS",yes,yes,Incorrect,1.0537999999999998
semantic,6,dev_2262,no,"NO. WordPad is a basic text editor included with Windows operating systems, while",no,no,Correct,1.0507
semantic,6,dev_2431,no,NO,no,no,Correct,1.0493
semantic,6,dev_2524,no,NO. The iPhone SE is a more recent model that was designed to look similar,no,no,Correct,1.0462
semantic,6,dev_3057,no,NO. Windows Subsystem for Linux (WSL) does not run as a,no,no,Correct,1.0477
semantic,6,dev_3167,no,NO.,no,no,Correct,2.4193000000000002
semantic,11,dev_0023,yes,"NO. While both are loose, sleeveless garments that drape over the shoulders",no,no,Incorrect,1.3360999999999998
semantic,11,dev_0039,no,"NO

Carbon and hydrogen form nonpolar covalent bonds because they have",no,no,Correct,1.3712
semantic,11,dev_0055,no,NO. Wisconsin has not won the Little League World Series. While Wisconsin teams participate,no,no,Correct,1.3685
semantic,11,dev_0059,no,NO. The Five Heartbeats is a fictional R&B quartet from the,no,no,Correct,1.3700999999999999
semantic,11,dev_0068,no,NO. The United States Supreme Court has ruled that the death penalty cannot be imposed,no,no,Correct,1.3377999999999999
semantic,11,dev_0087,yes,NO. The idea that a frog will jump out of boiling water if it is,no,no,Incorrect,1.3665999999999998
semantic,11,dev_0107,no,"NO

Gambling winnings are generally not taxable in Australia. However, it's",no,no,Correct,1.3688
semantic,11,dev_0120,yes,NO. A vehicle title and registration are related but distinct documents in vehicle documentation.,no,no,Incorrect,1.3682
semantic,11,dev_0138,no,NO. The National Minimum Drinking Age Act requires all states to set the legal drinking,no,no,Correct,1.3669
semantic,11,dev_0151,no,"NO

Numbers do not look the same in all languages due to differences in numeral",no,no,Correct,1.3373
semantic,11,dev_0163,yes,NO.,no,no,Incorrect,1.3687
semantic,11,dev_0165,no,"NO. Dragon fruit and pitaya refer to the same fruit, but they are",no,no,Correct,1.3249000000000002
semantic,11,dev_0207,no,NO. France is generally in a different time zone than the United Kingdom. Most,no,no,Correct,2.6754000000000002
semantic,11,dev_0210,no,NO,no,no,Correct,1.3717000000000001
semantic,11,dev_0221,no,"NO. A markup language is designed to structure and format content, not just describe",no,no,Correct,1.3323
semantic,11,dev_0229,yes,NO. Not all UK National Insurance numbers have a letter at the end. Some,no,no,Incorrect,1.3687
semantic,11,dev_0237,no,"NO

There is no difference between ""2-cycle"" and ""2-stroke",no,no,Correct,1.3694000000000002
semantic,11,dev_0243,no,"YES

St. Louis, Missouri, does have a Chinatown. It is",yes,yes,Incorrect,1.3728
semantic,11,dev_0248,yes,"NO. Cheetahs are the fastest land animals, capable of running up",no,no,Incorrect,1.3697000000000001
semantic,11,dev_0249,yes,"NO. Queen ants do not give birth to queen ants directly. Instead, they",no,no,Incorrect,1.3688
semantic,11,dev_0251,yes,NO. Each sister chromatid is a复制后的染色单体，包含,no,no,Incorrect,1.334
semantic,11,dev_0257,yes,NO. Glass windows do not typically break on their own due to inherent properties of,no,no,Incorrect,1.3375
semantic,11,dev_0270,no,NO,no,no,Correct,1.3742999999999999
semantic,11,dev_0287,yes,"YES

In American football, specifically in the NFL, you can signal for a",yes,yes,Correct,1.339
semantic,11,dev_0295,no,"NO

While there is no taxonomic difference between doves and pigeons,",no,no,Correct,1.3658
semantic,11,dev_0298,yes,NO.,no,no,Incorrect,2.6488
semantic,11,dev_0312,no,"NO, while adjectives typically come before a noun in English, there are cases",no,no,Correct,1.3336
semantic,11,dev_0316,yes,NO. The internal intercostal muscles primarily contract during exhalation to help,no,no,Incorrect,1.3725999999999998
semantic,11,dev_0318,yes,NO. An Ace-2-3-4-5 is an ace-low,no,no,Incorrect,1.3716
semantic,11,dev_0321,yes,"NO

A filibuster can delay or prevent a vote on a Supreme Court nominee",no,no,Incorrect,1.3680999999999999
semantic,11,dev_0333,yes,NO. The .22 Magnum (often abbreviated as .22 Mag.),no,no,Incorrect,1.3660999999999999
semantic,11,dev_0336,no,NO. Muay Thai and Thai boxing are the same thing. Muay Thai,no,no,Correct,1.3351
semantic,11,dev_0343,yes,"NO. The executive branch includes not only the president but also various departments, agencies",no,no,Incorrect,1.3714000000000002
semantic,11,dev_0352,no,"NO. In soccer, you cannot score directly from a throw-in. The ball",no,no,Correct,1.3693
semantic,11,dev_0355,no,NO. Father's Day is not the same day every year. It is typically,no,no,Correct,1.3360999999999998
semantic,11,dev_0364,no,"NO. While wicket-keeping is a crucial role in cricket, particularly in",no,no,Correct,1.3387
semantic,11,dev_0366,no,"NO

The abdominal cavity and pelvic cavity are not separated by any distinct structure;",no,no,Correct,1.3368
semantic,11,dev_0406,no,NO. A California roll typically does not contain fish. It usually consists of sushi,no,no,Correct,1.3357999999999999
semantic,11,dev_0428,no,NO. Peroxide is a general term for any compound containing the peroxide functional,no,no,Correct,1.3265
semantic,11,dev_0429,yes,"NO

Flax oil and linseed oil are the same product. Both terms",no,no,Incorrect,1.3729
semantic,11,dev_0430,yes,NO. The Banaue Rice Terraces are not one of the 7,no,no,Incorrect,1.3745999999999998
semantic,11,dev_0436,no,"YES

The term ""broken heart"" is often used metaphorically to describe emotional",yes,yes,Incorrect,1.3687
semantic,11,dev_0441,no,"NO. Shrimp with lobster sauce typically features shrimp as the main ingredient, accompanied",no,no,Correct,1.3702
semantic,11,dev_0442,yes,"YES. Lead dust can be absorbed through the eyes, particularly if the conjunct",yes,yes,Correct,1.3713
semantic,11,dev_0479,no,YES,yes,yes,Incorrect,1.3665999999999998
semantic,11,dev_0481,no,"NO. New York City has five boroughs: Manhattan, Brooklyn, Queens,",no,no,Correct,1.3687
semantic,11,dev_0482,no,NO,no,no,Correct,1.3714000000000002
semantic,11,dev_0487,no,NO. Banana trees cannot be grown from bananas. They are grown from rhiz,no,no,Correct,1.3654000000000002
semantic,11,dev_0504,yes,NO,no,no,Incorrect,1.3291
semantic,11,dev_0509,no,NO. The AR-15 is not used by the military; it is,no,no,Correct,1.3712
semantic,11,dev_0532,no,"YES

It is possible to connect your brain to a computer through various neurotechnology",yes,yes,Incorrect,1.3732
semantic,11,dev_0534,no,"NO

The National Guard can be deployed both domestically and overseas. When not deployed",no,no,Correct,1.3376
semantic,11,dev_0536,yes,"NO. Thanos does not appear in the first ""Guardians of the Galaxy",no,no,Incorrect,1.3687
semantic,11,dev_0537,no,"YES

You can receive a caution without being arrested. A caution is a formal",yes,yes,Incorrect,1.3689
semantic,11,dev_0546,yes,NO. The College of William & Mary is a Colonial College but not an Ivy,no,no,Incorrect,1.3664
semantic,11,dev_0560,no,NO. The University of Tampa currently does not have a football team. The school,no,no,Correct,1.3372
semantic,11,dev_0568,no,"NO. ""Heat"" was not based on a book. It was originally conceived",no,no,Correct,1.3328
semantic,11,dev_0569,no,"NO. The NBA salary cap is a hard cap, meaning teams cannot exceed the",no,no,Correct,1.3669
semantic,11,dev_0588,yes,NO. Boost Mobile and Virgin Mobile are separate brands owned by different companies and operate,no,no,Incorrect,1.3352
semantic,11,dev_0594,no,NO. Bee stingers are designed to detach from the bee's body and remain,no,no,Correct,1.3676
semantic,11,dev_0596,no,NO. C# and Visual C# are related but not exactly the same.,no,no,Correct,1.336
semantic,11,dev_0598,yes,NO,no,no,Incorrect,1.3712
semantic,11,dev_0612,yes,"NO. Popcorn is made from a specific type of corn kernel, not from",no,no,Incorrect,1.3373
semantic,11,dev_0617,yes,YES,yes,yes,Correct,1.2615
semantic,11,dev_0662,yes,NO. LensCrafters and Pearle Vision were once separate companies but have been,no,no,Incorrect,1.3669
semantic,11,dev_0678,no,NO. Washing a child's mouth with soap is not safe and can cause irritation,no,no,Correct,1.3377999999999999
semantic,11,dev_0696,no,NO. New Hampshire does not have a mandatory seat belt law for adults. Pass,no,no,Correct,1.3665999999999998
semantic,11,dev_0711,yes,NO. Musician's Friend and Guitar Center are two separate companies in the musical,no,no,Incorrect,1.3355
semantic,11,dev_0718,yes,NO. Chicago is not the third-largest city in the United States. As of,no,no,Incorrect,1.3347
semantic,11,dev_0724,no,"YES

The 1995 novel ""Along Came a Spider"" by",yes,yes,Incorrect,1.3665
semantic,11,dev_0731,no,NO,no,no,Correct,1.3363
semantic,11,dev_0737,no,NO. A Cornish game hen is not a baby chicken. It is a,no,no,Correct,1.3345
semantic,11,dev_0754,yes,"NO

""World at War"" is a standalone title in the ""Call of",no,no,Incorrect,1.3383
semantic,11,dev_0759,no,"NO

While North and South Korea share a common historical language, there are differences",no,no,Correct,1.337
semantic,11,dev_0764,yes,NO,no,no,Incorrect,1.3277
semantic,11,dev_0782,yes,YES,yes,yes,Correct,1.3348
semantic,11,dev_0817,no,"YES

In ""Deadpool 2,"" there is a post-credit scene",yes,yes,Incorrect,1.3688
semantic,11,dev_0829,no,NO. The Battle of New Orleans was fought after the Treaty of Ghent was,no,no,Correct,1.3739000000000001
semantic,11,dev_0832,no,"NO. The Darién Gap, a dense rainforest and swampy terrain",no,no,Correct,1.3655
semantic,11,dev_0837,yes,NO. Universal healthcare and socialized medicine are related but distinct concepts. Universal healthcare,no,no,Incorrect,1.3691
semantic,11,dev_0853,no,NO,no,no,Correct,1.3669
semantic,11,dev_0854,no,NO. Elephants are herbivores and do not occupy the top position in,no,no,Correct,1.3359
semantic,11,dev_0862,no,"NO

In chess, you do not need to explicitly announce ""check"" when",no,no,Correct,1.369
semantic,11,dev_0871,yes,"NO. While English is widely spoken and is an official language in many countries,",no,no,Incorrect,1.3676
semantic,11,dev_0916,yes,NO,no,no,Incorrect,1.367
semantic,11,dev_0922,yes,"NO

Passport cards are not accepted for air travel to Canada. Only passports",no,no,Incorrect,1.3671
semantic,11,dev_0933,no,NO. The cremaster muscle is not in the spermatic cord; it is,no,no,Correct,1.3324
semantic,11,dev_0934,yes,NO,no,no,Incorrect,1.3293
semantic,11,dev_0940,yes,NO,no,no,Incorrect,1.3660999999999999
semantic,11,dev_0944,no,NO,no,no,Correct,1.3742
semantic,11,dev_0952,yes,NO. Merrill Lynch was a financial services company that was acquired by Bank of America,no,no,Incorrect,1.3376
semantic,11,dev_0958,yes,YES,yes,yes,Correct,1.3245
semantic,11,dev_0981,no,NO. Pyruvic acid and pyruvate are the same substance;,no,no,Correct,1.3705999999999998
semantic,11,dev_0991,yes,NO. I don't know - Watching TV in England typically doesn't require a,no,no,Incorrect,1.369
semantic,11,dev_0994,yes,NO. A white background cannot be used as a green screen because chroma key,no,no,Incorrect,1.335
semantic,11,dev_0996,no,NO.,no,no,Correct,1.3762999999999999
semantic,11,dev_1006,no,"NO. In many modern democracies, including the United States, literacy tests are",no,no,Correct,1.3267
semantic,11,dev_1011,no,"YES

The FIFA World Cup Trophy does have a name. It is called the",yes,yes,Incorrect,1.3685999999999998
semantic,11,dev_1022,yes,NO. Enterprise value (EV) is a broader measure of a company's total,no,no,Incorrect,1.3309000000000002
semantic,11,dev_1049,no,NO. Red pandas and giant pandas are not related. They belong to different families,no,no,Correct,1.3355
semantic,11,dev_1062,yes,"NO. A wheel and axle is not considered a lever in the traditional sense,",no,no,Incorrect,1.3708
semantic,11,dev_1075,yes,NO,no,no,Incorrect,1.3316
semantic,11,dev_1102,no,NO. Sweating and perspiring refer to the same process. Both terms describe,no,no,Correct,1.3276
semantic,11,dev_1110,yes,"NO. The NBA draft consists of multiple rounds, typically including the first round,",no,no,Incorrect,1.3302
semantic,11,dev_1112,no,"NO

Nuclear power is one form of generating energy using nuclear reactions, specifically",no,no,Correct,1.3718
semantic,11,dev_1113,yes,"NO

A ball python and a royal python refer to the same species, Python",no,no,Incorrect,1.3665
semantic,11,dev_1121,no,NO.,no,no,Correct,1.3693
semantic,11,dev_1133,no,"NO

The Crew 2 focuses more on open-world gameplay and less on a",no,no,Correct,1.3657000000000001
semantic,11,dev_1138,yes,NO.,no,no,Incorrect,1.3668
semantic,11,dev_1146,yes,NO.,no,no,Incorrect,1.3368
semantic,11,dev_1155,yes,NO. The GMC Sierra and Chevrolet Silverado are different brand models that share the,no,no,Incorrect,1.3671
semantic,11,dev_1175,no,NO,no,no,Correct,1.3707
semantic,11,dev_1178,no,NO. No Major League Baseball team has gone undefeated in a regular season. The,no,no,Correct,1.3344
semantic,11,dev_1183,yes,NO. Pork loin ribs and baby back ribs come from different parts of the pig,no,no,Incorrect,1.3373
semantic,11,dev_1196,no,"NO, India does not allow dual citizenship for those born after December 24",no,no,Correct,1.3366
semantic,11,dev_1204,yes,NO. The Eye of Agamotto is associated with the Time Stone but is,no,no,Incorrect,1.3682
semantic,11,dev_1205,no,NO. You cannot take out the king directly in chess. The king can only,no,no,Correct,1.3354000000000001
semantic,11,dev_1209,yes,NO. While the concept of turning lead into gold is a common goal in al,no,no,Incorrect,1.3692
semantic,11,dev_1227,no,NO.,no,no,Correct,1.3274000000000001
semantic,11,dev_1229,no,"NO. The fruit orange is named after the color, not the other way around",no,no,Correct,1.3664
semantic,11,dev_1230,yes,NO. An albatross is a score of three under par on a hole,no,no,Incorrect,1.37
semantic,11,dev_1235,no,NO. A birth certificate is not typically considered a form of ID on its own,no,no,Correct,1.3332
semantic,11,dev_1239,yes,NO. A CPAP (Continuous Positive Airway Pressure) machine is used specifically,no,no,Incorrect,1.3749
semantic,11,dev_1241,no,"NO

Period 6 of the periodic table includes transition metals, lanthanides",no,no,Correct,1.3682
semantic,11,dev_1250,yes,"YES

The micropyle is a small opening in the seed coat that often",yes,yes,Correct,1.368
semantic,11,dev_1256,yes,NO. The 1906 San Francisco earthquake did not generate a significant,no,no,Incorrect,1.3373
semantic,11,dev_1261,no,"NO
Louisiana does not have a state income tax. The state relies primarily",no,no,Correct,1.3254000000000001
semantic,11,dev_1267,no,NO. Better Call Saul is a spin-off that takes place before the events of,no,no,Correct,1.3700999999999999
semantic,11,dev_1271,no,"NO

The National Minimum Drinking Age Act sets the legal drinking age uniformly at",no,no,Correct,1.3724
semantic,11,dev_1283,yes,NO.,no,no,Incorrect,1.3366
semantic,11,dev_1285,no,"NO. No woman has ever won the Indianapolis 500. However,",no,no,Correct,1.3535
semantic,11,dev_1286,no,"NO

Lightning bugs and fireflies refer to the same group of insects,",no,no,Correct,1.3809
semantic,11,dev_1294,yes,NO. A terminating decimal has a finite number of digits after the decimal point and,no,no,Incorrect,1.3368
semantic,11,dev_1296,yes,"NO

PlayStation 2 games do not play directly on PlayStation 4.",no,no,Incorrect,1.3694000000000002
semantic,11,dev_1303,no,NO. I don't know (Correction: You do not have to touch the,no,no,Correct,1.3695
semantic,11,dev_1307,yes,"NO. In soccer, a kickoff is always an indirect free kick, meaning a",no,no,Incorrect,1.371
semantic,11,dev_1311,yes,NO. The crankshaft pulley and harmonic balancer are not the same thing,no,no,Incorrect,2.6813000000000002
semantic,11,dev_1316,yes,"NO. The Gateway Arch in St. Louis is not a national park itself,",no,no,Incorrect,1.3717000000000001
semantic,11,dev_1317,no,NO. Planets are not involved in the formation of planetary nebulae.,no,no,Correct,1.372
semantic,11,dev_1333,yes,NO. A Dame is a female equivalent of a Knight in the British honours,no,no,Incorrect,1.384
semantic,11,dev_1336,yes,"NO. Nerves are part of the peripheral nervous system, not the central nervous",no,no,Incorrect,1.2741
semantic,11,dev_1345,no,NO. A confidentiality agreement and a non-disclosure agreement are essentially the same thing,no,no,Correct,1.3297999999999999
semantic,11,dev_1359,no,"NO. In basketball, an assist must be given to a teammate who scores a",no,no,Correct,1.3360999999999998
semantic,11,dev_1370,yes,NO. A-2-3-4-5 is a low straight (,no,no,Incorrect,1.3702
semantic,11,dev_1371,no,NO. Rafflesia arnoldii is known for producing the largest un,no,no,Correct,1.3811
semantic,11,dev_1372,yes,"NO. A kilowatt-hour is a unit of energy, not power.",no,no,Incorrect,1.3731
semantic,11,dev_1382,no,"NO. According to baseball rules, a catcher cannot block home plate without possession of",no,no,Correct,1.3379
semantic,11,dev_1406,no,"NO

The Postmaster General is typically appointed by the President and confirmed by the",no,no,Correct,1.3727
semantic,11,dev_1408,yes,NO,no,no,Incorrect,1.3693
semantic,11,dev_1413,yes,"YES

Brazil has won the FIFA World Cup twice in Europe: in 1",yes,yes,Correct,2.7001
semantic,11,dev_1419,yes,NO. There is no city named Las Vegas in New Mexico. The city of,no,no,Incorrect,1.3714000000000002
semantic,11,dev_1420,yes,NO. 4x4 typically refers to a vehicle equipped with a transfer case,no,no,Incorrect,1.3702
semantic,11,dev_1423,no,"NO. ""Take Me Home, Country Roads"" is about West Virginia, not",no,no,Correct,1.3682
semantic,11,dev_1424,no,"NO. Hawaii is known for its warm climate, with temperatures generally remaining above",no,no,Correct,1.3346
semantic,11,dev_1436,no,"NO

Equity in your home is generally considered an illiquid asset because it",no,no,Correct,1.3384
semantic,11,dev_1438,yes,"YES, the United Kingdom generally uses the same time zone, which is Greenwich Mean",yes,yes,Correct,1.3387
semantic,11,dev_1452,no,NO. A neurotransmitter is typically classified as either excitatory or inhibitory based,no,no,Correct,1.3805
semantic,11,dev_1455,yes,NO,no,no,Incorrect,1.3237
semantic,11,dev_1464,no,"NO. Sweet potatoes belong to the Convolvulaceae family, while",no,no,Correct,1.3346
semantic,11,dev_1467,yes,"YES

In the UK, a grade D at A-level is generally considered a",yes,yes,Correct,1.3705999999999998
semantic,11,dev_1473,yes,YES. A sailboat can travel faster than the wind due to the effects of,yes,yes,Correct,1.3376
semantic,11,dev_1489,yes,"NO. While ""Mamma Mia! Here We Go Again"" includes several AB",no,no,Incorrect,1.3827
semantic,11,dev_1498,yes,"NO. The Nobel Peace Prize is awarded every year, except in cases of war",no,no,Incorrect,1.3385
semantic,11,dev_1508,no,"YES

Several cyclists have died during the Tour de France, including Tommy Simpson,",yes,yes,Incorrect,1.3377000000000001
semantic,11,dev_1515,no,"NO

There is no law that requires individuals to pay federal income taxes, but",no,no,Correct,1.3879000000000001
semantic,11,dev_1517,yes,"NO

Using hydraulic fluid as brake fluid is not recommended because brake fluid has specific",no,no,Incorrect,1.3818
semantic,11,dev_1528,yes,"NO. A J.D. (Juris Doctor) is a professional degree,",no,no,Incorrect,1.3376
semantic,11,dev_1533,no,"NO

The July 27, 2018 lunar eclipse was",no,no,Correct,1.3834000000000002
semantic,11,dev_1534,no,"NO. According to baseball rules, a player is not allowed to leave the playing",no,no,Correct,1.3689
semantic,11,dev_1546,yes,NO. A passport card cannot be used for REAL ID purposes. Only a passport,no,no,Incorrect,1.3362
semantic,11,dev_1552,yes,NO. The poly(A) tail is added after the transcription of the pre-m,no,no,Incorrect,1.3379
semantic,11,dev_1557,no,NO. New York State abolished the death penalty in 2007.,no,no,Correct,1.3297999999999999
semantic,11,dev_1563,no,NO. The Big Dipper is an asterism within the constellation Ursa Major,no,no,Correct,1.3297
semantic,11,dev_1627,no,NO. The esophagus is behind the heart (posterior to the heart,no,no,Correct,1.3732
semantic,11,dev_1632,yes,NO. The World Health Organization (WHO) is an international organization part of the,no,no,Incorrect,1.3345
semantic,11,dev_1650,yes,"NO, but it is illegal to steal or tamper with a stop sign if",no,no,Incorrect,1.3345
semantic,11,dev_1655,no,"NO

Soy sauce and soya sauce refer to the same product. The",no,no,Correct,1.3719000000000001
semantic,11,dev_1658,yes,NO. The Nazca Lines are best viewed from the air due to their large,no,no,Incorrect,1.3807
semantic,11,dev_1659,yes,NO. An undergraduate degree is a general term for any degree earned before graduate studies,no,no,Incorrect,1.3699000000000001
semantic,11,dev_1673,yes,"YES

Grizzly bears (Ursus arctos horribilis",yes,yes,Correct,1.3691
semantic,11,dev_1680,no,YES. Picking your nose can irritate the nasal passages and damage the delicate,yes,yes,Incorrect,1.3357
semantic,11,dev_1687,no,NO. The U.S. Air Force does not have warrant officer ranks. W,no,no,Correct,1.3728
semantic,11,dev_1698,no,"NO

Fullmetal Alchemist: Brotherhood is a reboot and not a direct continuation",no,no,Correct,2.6921999999999997
semantic,11,dev_1707,yes,NO. A public limited company (PLC) is a specific type of limited,no,no,Incorrect,1.369
semantic,11,dev_1727,yes,"NO. A digital audio cable can refer to various types of cables, including both",no,no,Incorrect,1.3705999999999998
semantic,11,dev_1736,no,NO. The magnitude of a physical quantity does not change with a change in the,no,no,Correct,1.3386
semantic,11,dev_1737,yes,NO.,no,no,Incorrect,1.3688
semantic,11,dev_1740,yes,"NO. The medullary cavity contains bone marrow, which is not spon",no,no,Incorrect,1.3694000000000002
semantic,11,dev_1743,no,"I don't know. While the film ""The Last King of Scotland"" is",i,idk,IDK,1.3745
semantic,11,dev_1749,yes,NO. Delhi University and the University of Delhi are not the same. Delhi University,no,no,Incorrect,1.337
semantic,11,dev_1750,no,"NO. Fighting words are not protected under the freedom of speech according to the """,no,no,Correct,1.3804
semantic,11,dev_1757,yes,"NO

The profit and loss statement (P&L) and income statement are",no,no,Incorrect,1.3678
semantic,11,dev_1763,yes,"NO. The House of Representatives is one chamber of Congress, along with the Senate",no,no,Incorrect,2.7388000000000003
semantic,11,dev_1775,no,NO. The NBA Finals are played in a 2-3-2 format,no,no,Correct,1.3857000000000002
semantic,11,dev_1789,no,YES,yes,yes,Incorrect,1.3324
semantic,11,dev_1806,no,"NO. The $1,000 bill was last issued in 1",no,no,Correct,1.3873
semantic,11,dev_1814,no,"NO. In the North American Numbering Plan (NANP), the first",no,no,Correct,1.3397999999999999
semantic,11,dev_1823,yes,NO. The MLB All-Star Game does not determine the World Series home-field advantage,no,no,Incorrect,1.3844
semantic,11,dev_1832,no,"NO. The town of Garrison is a fictional location created for the TV show """,no,no,Correct,1.3715
semantic,11,dev_1849,yes,"NO. In a RACI chart, the Accountable role is typically assigned",no,no,Incorrect,1.3697000000000001
semantic,11,dev_1851,no,YES,yes,yes,Incorrect,1.3718
semantic,11,dev_1857,no,NO. Cows can produce milk without giving birth through processes like hand-mil,no,no,Correct,1.3689
semantic,11,dev_1895,yes,"NO. The empty set is not an element of itself. In set theory,",no,no,Incorrect,1.4495
semantic,11,dev_1906,no,NO. College football players do not have to enter the NFL Draft to play professionally,no,no,Correct,1.368
semantic,11,dev_1916,yes,"NO. Pokémon: Let’s Go, Pikachu! and Let’s Go, E",no,no,Incorrect,1.3682999999999998
semantic,11,dev_1919,yes,"YES. Through nuclear transmutation, one element can be converted into another by changing",yes,yes,Correct,1.3360999999999998
semantic,11,dev_1924,yes,NO. A car's serial number is not the same as its VIN. The,no,no,Incorrect,1.3775
semantic,11,dev_1938,no,NO. The empty set is not an element of the set that contains the empty,no,no,Correct,1.3337999999999999
semantic,11,dev_1948,yes,NO.,no,no,Incorrect,1.3369000000000002
semantic,11,dev_1950,no,"NO. The Gulf of Mexico is considered a marginal sea, not an ocean.",no,no,Correct,1.3694000000000002
semantic,11,dev_1960,no,NO. The Republic of the Congo (also known as Congo-Brazzav,no,no,Correct,1.3797000000000001
semantic,11,dev_1977,no,NO. According to the natural-born citizen clause in Article II of the U.S,no,no,Correct,1.3687
semantic,11,dev_1995,yes,NO. Winning the FA Cup qualifies a team for the UEFA Europa League or UEFA,no,no,Incorrect,2.7394000000000003
semantic,11,dev_1997,yes,"YES

The Alphabet Song and ""Twinkle, Twinkle, Little Star""",yes,yes,Correct,1.3816
semantic,11,dev_2009,no,"NO

Color Wonder markers are designed to only color on special Color Wonder surfaces and",no,no,Correct,1.3696
semantic,11,dev_2032,yes,NO. Flies do not lay eggs directly in,no,no,Incorrect,1.3380999999999998
semantic,11,dev_2045,yes,NO. A Supreme Court justice cannot run for President because they do not meet the,no,no,Incorrect,1.3708
semantic,11,dev_2053,no,"NO. In tennis, you can score points whether you are serving or receiving.",no,no,Correct,1.3353
semantic,11,dev_2061,no,"YES, in many cases, you can choose who is listed as your next of",yes,yes,Incorrect,1.3365
semantic,11,dev_2065,yes,NO. RealFeel is a weather index developed by The Weather Channel that takes into,no,no,Incorrect,1.335
semantic,11,dev_2068,yes,"NO. Allied Waste was acquired by Republic Services in 2013,",no,no,Incorrect,1.3376
semantic,11,dev_2078,no,"NO

Black cumin seed and black seed are the same thing, referring to",no,no,Correct,1.3698
semantic,11,dev_2079,yes,YES,yes,yes,Correct,1.3705
semantic,11,dev_2088,no,NO. English is not the official language of the United States at the federal level,no,no,Correct,1.3729
semantic,11,dev_2091,no,"NO

In extra innings, the home team can only win if they score more",no,no,Correct,1.382
semantic,11,dev_2094,no,"NO. Fort Walton Beach, Florida, does not have its own airport; the",no,no,Correct,1.3749
semantic,11,dev_2095,yes,"NO. ""Don't Look Back in Anger"" is primarily sung by Liam",no,no,Incorrect,1.3716
semantic,11,dev_2139,no,"YES

You can travel internationally with a passport card if you are a U.S",yes,yes,Incorrect,1.3716
semantic,11,dev_2166,yes,"YES. Staring at a bright light, such as the sun or a powerful",yes,yes,Correct,1.3375
semantic,11,dev_2184,no,NO. The U.S. does not currently have active military bases in Saudi Arabia,no,no,Correct,1.3757000000000001
semantic,11,dev_2187,yes,NO. You cannot jump while taking a free throw. The ball must be released,no,no,Incorrect,1.3664
semantic,11,dev_2192,no,NO. A lieutenant colonel is lower in rank than a colonel. In,no,no,Correct,1.3715
semantic,11,dev_2196,no,NO. Red-eared slider turtles are terrestrial egg-layers and typically lay their,no,no,Correct,1.3393
semantic,11,dev_2199,yes,YES,yes,yes,Correct,1.3678
semantic,11,dev_2204,yes,NO. Picking someone up by their hair is not safe and can cause serious,no,no,Incorrect,1.3379
semantic,11,dev_2220,no,NO,no,no,Correct,1.3676
semantic,11,dev_2224,no,NO. Rubies are always red due to the presence of chromium. Blue stones,no,no,Correct,1.3805
semantic,11,dev_2232,no,"NO. The primary cathedral in Dublin is Christ Church Cathedral, which is Anglican",no,no,Correct,1.3792
semantic,11,dev_2234,no,"NO. Pokémon: Let's Go, Eevee! is part of the",no,no,Correct,1.3692
semantic,11,dev_2237,no,"NO. The Riviera Maya is located on the Caribbean Sea, not the Gulf",no,no,Correct,1.3373
semantic,11,dev_2247,yes,"NO. In New Jersey, it is illegal for anyone under the age of",no,no,Incorrect,1.3682999999999998
semantic,11,dev_2248,yes,NO.,no,no,Incorrect,1.3665999999999998
semantic,11,dev_2266,no,YES. The Nissan Pathfinder is classified as a full-size SUV.,yes,yes,Incorrect,1.3736
semantic,11,dev_2275,yes,I don't know. The legality of card counting in blackjack can vary by jurisdiction,i,idk,IDK,1.3344
semantic,11,dev_2295,yes,"NO. In a unanimous vote, all participants must either vote in favor or abst",no,no,Incorrect,1.3349000000000002
semantic,11,dev_2304,yes,NO. The full U.S. Congress consists of both the House of Representatives and,no,no,Incorrect,2.7074000000000003
semantic,11,dev_2306,yes,NO. Doubling your bet in roulette (or any other game) indefinitely is,no,no,Incorrect,1.33
semantic,11,dev_2310,no,NO. In-N-Out Burger is primarily a chain of fast-food restaurants that are,no,no,Correct,1.3656
semantic,11,dev_2315,yes,"NO

Centripetal force is the force directed towards the center that causes circular",no,no,Incorrect,1.373
semantic,11,dev_2323,no,NO,no,no,Correct,1.3672
semantic,11,dev_2328,no,NO. Corinthian leather is not a real type of leather. It is a,no,no,Correct,1.3367
semantic,11,dev_2350,no,"NO. ""Little House on the Prairie"" is based on autobiographical elements from",no,no,Correct,1.3709
semantic,11,dev_2382,yes,NO. The right atrium receives deoxygenated blood from the body through,no,no,Incorrect,1.3802
semantic,11,dev_2387,yes,"NO

Northern Ireland has never qualified for the FIFA World Cup. The country's",no,no,Incorrect,1.369
semantic,11,dev_2388,no,"NO, unless double jeopardy has been waived or circumvented under specific circumstances, such",no,no,Correct,1.2598
semantic,11,dev_2396,yes,NO. Semolina flour is made from durum wheat and is used for making,no,no,Incorrect,1.3697000000000001
semantic,11,dev_2408,yes,"NO. Employment termination can include various forms of ending an employment relationship, such as",no,no,Incorrect,1.3280999999999998
semantic,11,dev_2413,no,NO,no,no,Correct,1.3705
semantic,11,dev_2428,yes,"YES

Peripherally Inserted Central Catheter (PICC) lines can",yes,yes,Correct,2.6837
semantic,11,dev_2433,no,I don't know. The ability to have a beard in the military can vary,i,idk,IDK,1.3335
semantic,11,dev_2434,no,"NO. The Spanish national anthem, ""Marcha Real,"" is a lyricless",no,no,Correct,1.3702
semantic,11,dev_2447,no,NO,no,no,Correct,1.3240999999999998
semantic,11,dev_2473,yes,"NO. Pokémon Gold, Silver, and Crystal are distinct games in the Pokémon series",no,no,Incorrect,1.3662
semantic,11,dev_2479,no,NO. Hong Kong has its own internet infrastructure and was not fully subject to the,no,no,Correct,1.3337999999999999
semantic,11,dev_2504,no,NO. The Strip is a major tourist destination and entertainment district located within the city,no,no,Correct,1.3375
semantic,11,dev_2532,yes,"YES

This describes the condition known as fetus in fetu, where one twin",yes,yes,Correct,1.3755
semantic,11,dev_2537,no,NO. Social studies is an interdisciplinary field that integrates multiple social sciences to provide a,no,no,Correct,1.3311
semantic,11,dev_2538,no,NO,no,no,Correct,1.3327
semantic,11,dev_2547,yes,"NO

.223 Remington and .224 caliber bullets are",no,no,Incorrect,1.4502000000000002
semantic,11,dev_2548,no,"NO. The queen bee does not die after stinging, unlike worker bees which",no,no,Correct,1.3702999999999999
semantic,11,dev_2555,no,NO. Lymphoma is a type of hematologic cancer that affects the lymph,no,no,Correct,1.3731
semantic,11,dev_2566,no,YES,yes,yes,Incorrect,2.6829
semantic,11,dev_2572,no,NO. The Channel Islands are not part of Great Britain. They are British Crown,no,no,Correct,1.3360999999999998
semantic,11,dev_2577,no,"YES

A kick-off in soccer must go forward. The ball must be kicked",yes,yes,Incorrect,1.3346
semantic,11,dev_2605,yes,NO. The .45 Colt and .45 Long Colt are different cartridges,no,no,Incorrect,1.3789
semantic,11,dev_2614,yes,NO. Snow-on-the-Mountain (Chenopodium bonariense),no,no,Incorrect,1.3725999999999998
semantic,11,dev_2622,no,NO. The 7.62 NATO and .308 Win are,no,no,Correct,1.3669
semantic,11,dev_2634,yes,"NO. In 8-ball, there is no concept of ""ball in hand",no,no,Incorrect,1.3373
semantic,11,dev_2643,no,NO. Elements of the periodic table are not capitalized unless they are at the beginning,no,no,Correct,1.3709
semantic,11,dev_2655,yes,"NO

Visa Delta is not the same as Visa Debit. Visa Delta",no,no,Incorrect,1.3665999999999998
semantic,11,dev_2656,yes,NO. Right of abode refers to the absolute right to live in a country,no,no,Incorrect,1.3359
semantic,11,dev_2690,yes,NO. Parcelforce and Royal Mail are two separate postal delivery companies in,no,no,Incorrect,1.334
semantic,11,dev_2719,no,NO. Electrons flow in the opposite direction of conventional current.,no,no,Correct,1.3660999999999999
semantic,11,dev_2727,no,NO. The AR-10 is a semi-automatic battle rifle that was developed,no,no,Correct,1.3382
semantic,11,dev_2750,yes,NO. Cows do not need to be pregnant to produce milk. After giving,no,no,Incorrect,1.3376
semantic,11,dev_2757,yes,"NO

The Dodo is a memorable character from ""Alice's Adventures in Wonderland",no,no,Incorrect,1.3714000000000002
semantic,11,dev_2770,yes,"YES

The 9 to 5 work schedule typically represents a standard 8",yes,yes,Correct,1.3372
semantic,11,dev_2791,yes,"NO. The gut refers to the entire alimentary canal, which includes the stomach",no,no,Incorrect,1.2547000000000001
semantic,11,dev_2813,yes,"NO

""The Greatest Showman"" is a fictionalized account inspired by the lives",no,no,Incorrect,1.375
semantic,11,dev_2821,yes,NO. Nicotine acts as an agonist at nicotinic acetylch,no,no,Incorrect,1.3732
semantic,11,dev_2832,yes,YES. Shea butter is made from the nuts of the Vitellaria parado,yes,yes,Correct,1.3767
semantic,11,dev_2838,no,"NO. ""The Prince of Tides"" is a work of fiction based on",no,no,Correct,1.3716
semantic,11,dev_2853,no,"NO

While the core Korean language is the same in both North and South Korea",no,no,Correct,1.3662999999999998
semantic,11,dev_2870,no,"NO. The derivative of a continuous function is not always continuous. For example,",no,no,Correct,1.3315
semantic,11,dev_2875,yes,NO. Aldi and Trader Joe's are separate retail companies. Aldi is,no,no,Incorrect,1.3677000000000001
semantic,11,dev_2880,no,NO. The County Court Business Centre is not a real court; it is a,no,no,Correct,1.3324
semantic,11,dev_2890,no,NO,no,no,Correct,1.3374000000000001
semantic,11,dev_2901,yes,"NO. While Volkswagen AG owns multiple brands including Audi and Porsche, they are separate",no,no,Incorrect,1.3344
semantic,11,dev_2906,yes,NO,no,no,Incorrect,1.3692
semantic,11,dev_2919,no,NO. The,no,no,Correct,1.3253
semantic,11,dev_2931,yes,"NO. In the United States, the minimum legal drinking age (MLDA)",no,no,Incorrect,1.3669
semantic,11,dev_2933,no,"NO

Commercial aircraft do not typically fly over the North Pole for regular routes because",no,no,Correct,1.3353
semantic,11,dev_2956,yes,"NO

The .17 HMR (Hornady Magnum Rimfire)",no,no,Incorrect,1.3348
semantic,11,dev_2959,no,NO,no,no,Correct,1.371
semantic,11,dev_2967,yes,NO. The Sun is always in the southern sky in the Northern Hemisphere and in,no,no,Incorrect,1.3667
semantic,11,dev_2973,no,NO,no,no,Correct,1.3385
semantic,11,dev_2991,yes,YES. Gamblers can sometimes acquire a statistical advantage over the house in casino games,yes,yes,Correct,1.3366
semantic,11,dev_3000,yes,"NO. Back ribs, also known as baby back ribs, are a specific type",no,no,Incorrect,1.3363
semantic,11,dev_3015,yes,NO.,no,no,Incorrect,1.3369000000000002
semantic,11,dev_3027,no,"NO. A Schengen visa is not valid for travel to Ireland, which",no,no,Correct,1.3664
semantic,11,dev_3029,no,NO. The United Kingdom has not yet left the European Union. The process of,no,no,Correct,1.3713
semantic,11,dev_3035,no,I don't know. Halo 2 does have achievements on Xbox 36,i,idk,IDK,1.3668
semantic,11,dev_3040,no,NO. A no-insurance ticket is not considered a moving violation; it is,no,no,Correct,1.3347
semantic,11,dev_3073,no,NO. Top sirloin steak and sirloin steak are similar but come,no,no,Correct,1.3367
semantic,11,dev_3079,yes,NO,no,no,Incorrect,1.3328
semantic,11,dev_3089,yes,"NO. Peaches are part of the Prunus genus, which belongs to",no,no,Incorrect,1.368
semantic,11,dev_3105,yes,NO. A neutral wire should not be connected to ground. The neutral wire is,no,no,Incorrect,1.3347
semantic,11,dev_3106,yes,NO. High-rise and high-waisted jeans are similar but not exactly the,no,no,Incorrect,1.3377000000000001
semantic,11,dev_3107,yes,NO. The Recess Appointment Clause of the U.S. Constitution allows the President,no,no,Incorrect,1.3362
semantic,11,dev_3122,no,NO. Reese's Pieces do not contain chocolate; they are primarily made of caramel,no,no,Correct,1.3665
semantic,11,dev_3143,no,"NO. The Republic of Ireland is not part of the Schengen Area,",no,no,Correct,1.3678
semantic,11,dev_3173,no,NO. A private equity fund is not a financial institution; it is an investment,no,no,Correct,1.3368
semantic,11,dev_3183,no,"NO

The winner of the British Open (also known as The Open Championship)",no,no,Correct,1.3700999999999999
semantic,11,dev_3187,yes,NO,no,no,Incorrect,1.3325
semantic,11,dev_3204,no,NO. The fundus of the gallbladder is located at the top of,no,no,Correct,1.3267
semantic,11,dev_3212,yes,"NO. A physical address, in the context of computer networking, typically refers to",no,no,Incorrect,1.3335
semantic,11,dev_3221,no,NO. Pool water does not naturally change color if you pee in it. Ur,no,no,Correct,1.3372
semantic,11,dev_3231,yes,NO,no,no,Incorrect,1.324
semantic,11,dev_3232,yes,NO. Cornstarch and corn flour are not the same. Cornstarch,no,no,Incorrect,1.3329000000000002
semantic,11,dev_3238,yes,NO. The non-striker can only be run out by the wicket,no,no,Incorrect,1.3680999999999999
semantic,11,dev_3239,yes,NO. The Conn Smythe Trophy is awarded to the most valuable player of the,no,no,Incorrect,1.3377000000000001
semantic,11,dev_3241,yes,NO. Romania was not part of the Austro-Hungarian Empire. Romania,no,no,Incorrect,1.3732
semantic,11,dev_3242,yes,"NO

In ""Steven Universe,"" a Ruby and a Sapphire do not make a",no,no,Incorrect,1.3687
semantic,11,dev_0031,yes,NO. Deadpool does not have a kid in the comics. While there have been,no,no,Incorrect,2.7091
semantic,11,dev_0148,yes,"NO. Sméagol does not die in ""The Lord of the Rings",no,no,Incorrect,1.367
semantic,11,dev_0178,yes,"NO

""Eye of the Tiger"" was not originally written for Rocky III.",no,no,Incorrect,1.3698
semantic,11,dev_0410,yes,YES,yes,yes,Correct,1.3689
semantic,11,dev_0419,yes,NO. While My Guitar Gently Weeps was primarily played by George Harrison.,no,no,Incorrect,1.3704
semantic,11,dev_0448,yes,"YES

Jefferson Airplane was inducted into the Rock and Roll Hall of",yes,yes,Correct,1.3377000000000001
semantic,11,dev_0224,no,"NO

""The Outsiders"" is a fictional novel, though it draws inspiration from",no,no,Correct,1.38
semantic,11,dev_0317,no,"NO. While some people are born with a predisposition towards developing absolute pitch,",no,no,Correct,1.3319
semantic,11,dev_0368,no,"NO. While ""The Color Purple"" draws inspiration from Alice Walker's own experiences",no,no,Correct,1.3357
semantic,11,dev_0507,no,"NO. In the book ""Brain on Fire: My Month of Madness"" by",no,no,Correct,1.3289000000000002
semantic,11,dev_0603,no,"NO. The Seven Ages of Man is a passage from William Shakespeare's play """,no,no,Correct,1.3714000000000002
semantic,11,dev_0938,no,"NO

""House of the Rising Sun"" is a traditional folk song that pred",no,no,Correct,1.337
semantic,11,dev_0076,yes,NO. Female ferrets (jills) do not typically die if they do,no,no,Incorrect,1.3377000000000001
semantic,11,dev_0459,yes,"YES

It matters which DNA strand is transcribed because the coding strand provides the",yes,yes,Correct,2.674
semantic,11,dev_0502,yes,I don't know. While kingsnakes are known to be immune to the,i,idk,IDK,1.3675
semantic,11,dev_0580,yes,NO,no,no,Incorrect,1.3718
semantic,11,dev_1089,yes,I don't know. The process of removing venom glands from a snake is complex,i,idk,IDK,1.3687
semantic,11,dev_1153,yes,NO. Melaleuca and tea tree are related but distinct plant species.,no,no,Incorrect,1.3672
semantic,11,dev_1315,yes,NO. Ion-dipole interactions are generally stronger than hydrogen bonds because they involve,no,no,Incorrect,1.3825
semantic,11,dev_1482,yes,NO,no,no,Incorrect,1.3275
semantic,11,dev_1568,yes,"NO. While both vultures and buzzards are birds of prey, they",no,no,Incorrect,1.384
semantic,11,dev_1968,yes,NO.,no,no,Incorrect,1.3702999999999999
semantic,11,dev_2223,yes,"YES

Turritopsis dohrnii, commonly known as the immortal jelly",yes,yes,Correct,1.3748
semantic,11,dev_2420,yes,"YES

The term ""rain crow"" is a folk name for the yellow-b",yes,yes,Correct,1.3700999999999999
semantic,11,dev_2882,yes,NO. Redback spiders (Latrodectus hasselti) are native,no,no,Incorrect,1.3704
semantic,11,dev_2899,yes,"NO

Dalmatians are born with very few spots and their spots do",no,no,Incorrect,1.3344
semantic,11,dev_2910,yes,NO. Taro root and elephant ears are related but different. Taro root,no,no,Incorrect,1.3734000000000002
semantic,11,dev_0713,no,NO. A cow does not have to be pregnant to lactate. Cows,no,no,Correct,1.3357
semantic,11,dev_0816,no,NO,no,no,Correct,1.2610999999999999
semantic,11,dev_0911,no,NO. The ring finger does not connect to the heart. It is a digit,no,no,Correct,1.3340999999999998
semantic,11,dev_0997,no,"NO. Surgical spirit and rubbing alcohol are similar, but they can have different concentrations",no,no,Correct,1.3808
semantic,11,dev_1258,no,NO. The umbilical cord is not inside the amniotic sac.,no,no,Correct,1.3708
semantic,11,dev_1422,no,NO. Root hairs typically occur in the region of the root known as the root,no,no,Correct,1.3349000000000002
semantic,11,dev_2120,no,NO. Dalmatian puppies are born with a white coat and develop their,no,no,Correct,1.3674000000000002
semantic,11,dev_2353,no,"NO. Bees and hornets have different venom compositions, which can result in",no,no,Correct,1.3374000000000001
semantic,11,dev_2441,no,NO. Identical twins (monozygotic twins) develop from a single,no,no,Correct,1.3719000000000001
semantic,11,dev_2087,no,"NO

Sperm whales are listed as ""Vulnerable"" on the IUC",no,no,Correct,1.3380999999999998
semantic,11,dev_2215,no,NO. The two chromosomes in a pair are not always identical due to the presence,no,no,Correct,1.3687
semantic,11,dev_2503,no,NO.,no,no,Correct,1.3704
semantic,11,dev_2652,no,"NO

Not all baby birds have an egg tooth. While many bird species do",no,no,Correct,1.3705
semantic,11,dev_2850,no,"NO. In most cases, only female honey bees have stingers and they often",no,no,Correct,1.3308
semantic,11,dev_3062,no,NO,no,no,Correct,1.3689
semantic,11,dev_0400,yes,NO,no,no,Incorrect,1.3694000000000002
semantic,11,dev_0432,yes,NO. The Central Bank of India is not a nationalized bank. It is,no,no,Incorrect,2.6818
semantic,11,dev_0446,yes,NO. Bi-Mart does not require a membership for shopping. You can purchase items,no,no,Incorrect,1.3365
semantic,11,dev_0455,yes,"I don't know. The production of new Indian motorcycles varies, and it's",i,idk,IDK,1.3688
semantic,11,dev_0472,yes,NO. Toys R Us and Babies R Us were separate companies that operated under the,no,no,Incorrect,1.3365
semantic,11,dev_0524,yes,I don't know. To confirm the presence of an In-N-Out location in,i,idk,IDK,1.3372
semantic,11,dev_0767,yes,NO. The Canadian dollar has not consistently been worth more than the American dollar.,no,no,Incorrect,1.3662
semantic,11,dev_0875,yes,NO,no,no,Incorrect,1.338
semantic,11,dev_0950,yes,YES. Poland Spring water comes from a spring. The water is sourced from natural,yes,yes,Correct,1.3373
semantic,11,dev_1023,yes,NO,no,no,Incorrect,1.3662999999999998
semantic,11,dev_1171,yes,NO. Money from Guernsey is not legal tender in the UK. While,no,no,Incorrect,1.371
semantic,11,dev_1207,yes,YES. Buy Buy Baby was acquired by Bed Bath & Beyond in 20,yes,yes,Correct,1.3368
semantic,11,dev_1299,yes,"NO

Net earnings and net income are essentially the same in accounting terminology, referring",no,no,Incorrect,1.332
semantic,11,dev_0157,no,NO.,no,no,Correct,1.3654000000000002
semantic,11,dev_0371,no,NO. National Car Rental and Enterprise Rent-A-Car are separate brands owned by,no,no,Correct,1.3372
semantic,11,dev_0621,no,"NO

In many cases, getting cash back using a debit or credit card does",no,no,Correct,1.3362
semantic,11,dev_0699,no,"NO. Aldi is one of the largest grocery retailers globally, but it is",no,no,Correct,1.3359
semantic,11,dev_0954,no,"NO

As of now, £2 coins are not going out of circulation.",no,no,Correct,1.3667
semantic,11,dev_1050,no,NO,no,no,Correct,1.3651
semantic,11,dev_1208,no,NO.,no,no,Correct,1.3287
semantic,11,dev_1257,no,NO. Home Bargains and Quality Save are two different discount store chains. While,no,no,Correct,1.3679000000000001
semantic,11,dev_1805,no,"NO

$10,000 bills were never widely circulated and were",no,no,Correct,1.3346
semantic,11,dev_1876,no,"NO. Montgomery Ward, the famous department store and catalog retailer, ceased most of",no,no,Correct,1.3717000000000001
semantic,11,dev_2290,no,NO. GDP per capita and per capita income are related but distinct concepts. GDP,no,no,Correct,1.3329000000000002
semantic,11,dev_2444,no,NO. Land tax and property tax are related but distinct. Property tax typically includes,no,no,Correct,1.333
semantic,11,dev_0250,yes,"NO

Father’s Day is not a public holiday or widely celebrated in the Netherlands",no,no,Incorrect,1.3346
semantic,11,dev_0337,yes,"NO

The King's Birthday is not a public holiday in Victoria, Australia.",no,no,Incorrect,1.3734000000000002
semantic,11,dev_0386,yes,"I don't know. Brussels does not have an officially designated red light district,",i,idk,IDK,1.3316
semantic,11,dev_0591,yes,"NO. Copa Airlines is part of the oneworld alliance, not the Star Alliance",no,no,Incorrect,1.3662999999999998
semantic,11,dev_0746,yes,"NO

June 12 is not a national holiday in the Philippines. The",no,no,Incorrect,1.3679000000000001
semantic,11,dev_0845,yes,NO. New car engines do not require a specific break-in period like older engines,no,no,Incorrect,1.3366
semantic,11,dev_0855,yes,NO. Most flight paths do not go over the North Pole. Great-circle routes,no,no,Incorrect,1.368
semantic,11,dev_0915,yes,NO. Ontario Place does not have a water park. It is known for its,no,no,Incorrect,1.3365
semantic,11,dev_0945,yes,"YES. Thread seal tape is the same as Teflon tape, which is",yes,yes,Correct,1.3389000000000002
semantic,11,dev_0021,no,"YES

P.O. Box addresses typically come before street addresses in a full mailing",yes,yes,Incorrect,1.3714000000000002
semantic,11,dev_0490,no,NO. American citizens generally do not need a visa for short-term visits to Georgia,no,no,Correct,1.3689
semantic,11,dev_0581,no,NO. A peck and a bushel are both volume measures in the imperial,no,no,Correct,1.3391
semantic,11,dev_0631,no,"NO. The U.S. Postal Service typically does not operate on Memorial Day,",no,no,Correct,1.3364
semantic,11,dev_0691,no,"NO. If a mail item is marked as ""Freepost,"" it means",no,no,Correct,1.3702
semantic,11,dev_0783,no,NO. The Honda CRF 250 is a 4-stroke,no,no,Correct,1.3700999999999999
semantic,11,dev_0787,no,I don't know. The BMW 1 Series can be available in both front,i,idk,IDK,1.3711
semantic,11,dev_0825,no,I don't know. The specific operating hours for the Waterloo & City line on,i,idk,IDK,1.3713
semantic,11,dev_0885,no,NO,no,no,Correct,1.3385
semantic,11,dev_0089,yes,"YES

There are several movies that have received a zero percent score on Rotten",yes,yes,Correct,1.2727
semantic,11,dev_0095,yes,"NO. While Prince Edward Island is the setting for ""Anne with an E,""",no,no,Incorrect,1.3742999999999999
semantic,11,dev_0211,yes,NO. Murphy Brown did not have a baby on the show. The character became,no,no,Incorrect,1.3660999999999999
semantic,11,dev_0238,yes,NO,no,no,Incorrect,1.3704
semantic,11,dev_0252,yes,I don't know. The Lizzie McGuire movie was not part of the,i,idk,IDK,1.3337
semantic,11,dev_0256,yes,NO. The,no,no,Incorrect,1.335
semantic,11,dev_0266,yes,"NO. In the film ""The Book of Henry,"" the main character, Henry",no,no,Incorrect,1.3687
semantic,11,dev_0310,yes,I don't know. The answer would depend on your specific involvement in the show,i,idk,IDK,1.3684
semantic,11,dev_0359,yes,"YES

In the game show ""Who Wants to Be a Millionaire?"" contestants",yes,yes,Correct,1.3713
semantic,11,dev_0422,yes,"NO

In the TV show ""One Tree Hill,"" Lucas Scott and Peyton Sawyer",no,no,Incorrect,1.3715
semantic,11,dev_0040,no,"YES

The Golden Compass, based on the first book of Philip Pullman's",yes,yes,Incorrect,1.3712
semantic,11,dev_0080,no,NO,no,no,Correct,1.3727
semantic,11,dev_0100,no,"NO. In ""The Lost World: Jurassic Park,"" the main character Indira",no,no,Correct,1.366
semantic,11,dev_0240,no,NO. The Walking Dead and Fear the Walking Dead are separate shows in the same,no,no,Correct,1.3649
semantic,11,dev_0247,no,"NO. ""Let There Be Light"" is a documentary film produced by the U",no,no,Correct,1.3711
semantic,11,dev_0260,no,"NO

In the 1934 film ""Mighty Joe Young",no,no,Correct,1.3367
semantic,11,dev_0277,no,"NO. Michael Scott and Pam Beesly did not date on ""The Office",no,no,Correct,1.367
semantic,11,dev_0290,no,"NO
Elena Gilbert does not die for good in *The Vampire Diaries",no,no,Correct,1.3354000000000001
semantic,11,dev_0303,no,NO,no,no,Correct,1.3382
semantic,11,dev_0231,yes,"NO

Penne alla vodka typically contains a creamy, tomato-based sauce without dairy",no,no,Incorrect,1.3291
semantic,11,dev_0401,yes,NO. Whole wheat rice is not the same as brown rice. Brown rice is,no,no,Incorrect,1.3349000000000002
semantic,11,dev_0420,yes,NO. Red velvet cake is not a chocolate cake with red dye. It typically,no,no,Incorrect,1.3382
semantic,11,dev_0571,yes,NO. Chicken cordon bleu is not made with blue cheese. It typically,no,no,Incorrect,1.3791
semantic,11,dev_0583,yes,NO. Pork back ribs (also known as spare ribs) and baby back ribs,no,no,Incorrect,1.3707
semantic,11,dev_0765,yes,"NO. Salted duck eggs do not need to be cooked before eating, although",no,no,Incorrect,1.3685
semantic,11,dev_0778,yes,NO,no,no,Incorrect,1.369
semantic,11,dev_0815,yes,"NO. Sprite primarily contains carbonated water, citric acid, natural and artificial",no,no,Incorrect,2.6795
semantic,11,dev_0073,no,"NO. Blue and pink cotton candy typically have different flavors and colors, even though",no,no,Correct,1.3380999999999998
semantic,11,dev_0491,no,NO,no,no,Correct,1.3227
semantic,11,dev_0615,no,NO. Rice noodles and glass noodles are different types of noodles. Rice noodles are,no,no,Correct,1.368
semantic,11,dev_0868,no,NO. Fruit Roll-Ups are typically made with fruit purees and added sugars,no,no,Correct,1.3359
semantic,11,dev_0880,no,NO. Thousand Island dressing and French dressing are different. Thousand Island dressing is a,no,no,Correct,1.3333
semantic,11,dev_0953,no,NO. Monster energy drinks do not contain alcohol. They are non-alcoholic beverages,no,no,Correct,1.338
semantic,11,dev_0985,no,NO. Long Island Iced Teas do not contain tea. They are a,no,no,Correct,1.3377000000000001
semantic,11,dev_0136,yes,YES. Battlefield 1 does have a single-player campaign that features a narrative-driven,yes,yes,Correct,1.3715
semantic,11,dev_0367,yes,"NO

Devil May Cry 5 is not set after Devil May Cry",no,no,Incorrect,1.3343
semantic,11,dev_0618,yes,NO,no,no,Incorrect,2.7054
semantic,11,dev_0720,yes,"NO

State of Decay 2, the sequel to State of Decay, does",no,no,Incorrect,1.3680999999999999
semantic,11,dev_0770,yes,NO,no,no,Incorrect,1.3820999999999999
semantic,11,dev_0835,yes,"NO. Pokémon Let’s Go is based on the original Pokémon games, specifically Pokémon",no,no,Incorrect,1.3669
semantic,11,dev_0896,yes,NO,no,no,Incorrect,1.3377000000000001
semantic,11,dev_0434,no,"NO

Not all Xbox games are compatible with the Xbox One. Some older games",no,no,Correct,1.3351
semantic,11,dev_0489,no,NO. The Far Cry series consists of multiple standalone games with interconnected themes and settings,no,no,Correct,1.367
semantic,11,dev_0852,no,NO,no,no,Correct,1.2461
semantic,11,dev_0870,no,"YES

Paladins are often specifically defined as Lawful Good in many role",yes,yes,Incorrect,1.3387
semantic,11,dev_1148,no,"NO

RollerCoaster Tycoon World is currently not available for Mac.",no,no,Correct,1.3700999999999999
semantic,11,dev_2595,no,"NO. ""A Way Out"" is a co-op video game, meaning it",no,no,Correct,1.3308
semantic,11,dev_0281,yes,"NO

I-70 in Kansas is generally not a toll road; it",no,no,Incorrect,1.3735
semantic,11,dev_0528,yes,I don't know. The presence of a train station in Atlantic City depends on,i,idk,IDK,1.3672
semantic,11,dev_0547,yes,"NO. The Battery Tunnel, which connects Manhattan to Staten Island under the Hudson River",no,no,Incorrect,1.3716
semantic,11,dev_0623,yes,NO. The George Washington Bridge has tolls for both directions of travel.,no,no,Incorrect,1.3380999999999998
semantic,11,dev_0626,yes,"NO. Skyline Drive is part of Shenandoah National Park, while the",no,no,Incorrect,1.3696
semantic,11,dev_0686,yes,NO. Edinburgh Castle is not built on top of a volcano. The castle is,no,no,Incorrect,1.3335
semantic,11,dev_0822,yes,"NO. Marble Falls, TX, is known for its proximity to the Barton Springs",no,no,Incorrect,1.3315
semantic,11,dev_1210,yes,"I don't know. Caesar's Creek is a location in Ohio, but without",i,idk,IDK,1.3365
semantic,11,dev_0374,no,"NO. San Pedro, Laguna is not part of Metro Manila. It is a",no,no,Correct,1.3662
semantic,11,dev_0900,no,NO. Fort Walton Beach and Destin are two distinct cities located on the Emerald,no,no,Correct,1.3391
semantic,11,dev_0913,no,"NO. Porpoise Spit is a fictional place in the movie ""Muri",no,no,Correct,1.3722999999999999
semantic,11,dev_1234,no,"NO. The Gulf Stream is a warm ocean current in the Atlantic Ocean, while",no,no,Correct,1.3411
semantic,11,dev_1360,no,"NO. Lake Hiawatha, NJ, does not have a natural lake.",no,no,Correct,1.3357
semantic,11,dev_1544,no,I don't know. The status of I-30 in Dallas regarding toll,i,idk,IDK,1.3357
semantic,11,dev_1588,no,NO,no,no,Correct,1.3737000000000001
semantic,11,dev_0344,yes,"NO

Building up immunity to arsenic is not possible because arsenic is a",no,no,Incorrect,1.3691
semantic,11,dev_0379,yes,"YES, New England Baptist Hospital is a teaching hospital that provides medical education and training",yes,yes,Correct,1.3714000000000002
semantic,11,dev_0474,yes,I don't know. Specifically verifying the FDA approval status of a brand like Women,i,idk,IDK,1.3328
semantic,11,dev_0614,yes,"NO

While both cold water baths and ice baths can help with muscle soreness",no,no,Incorrect,1.3691
semantic,11,dev_0655,yes,"YES. A hiatal hernia can sometimes cause an irregular heartbeat, although it",yes,yes,Correct,1.3387
semantic,11,dev_1195,yes,"NO

Blue-ringed octopus bites can be extremely dangerous and potentially fatal.",no,no,Incorrect,1.3754000000000002
semantic,11,dev_1197,yes,NO,no,no,Incorrect,1.3348
semantic,11,dev_1313,yes,NO,no,no,Incorrect,1.3357999999999999
semantic,11,dev_1564,yes,NO.,no,no,Incorrect,1.3734000000000002
semantic,11,dev_0078,no,"NO. There is only one brachiocephalic artery, which divides into",no,no,Correct,1.3744
semantic,11,dev_0166,no,"NO. The five-a-day recommendation typically includes a combination of fruits and vegetables,",no,no,Correct,1.3373
semantic,11,dev_0851,no,YES. Attending a first aid course is an important part of the chain of,yes,yes,Incorrect,1.3698
semantic,11,dev_0861,no,"NO. In a junctional rhythm, the heart beats are initiated in the atr",no,no,Correct,1.3751
semantic,11,dev_0872,no,NO.,no,no,Correct,1.3693
semantic,11,dev_1554,no,"YES. Chronic Lyme disease, often referred to as post-treatment Lyme disease syndrome",yes,yes,Incorrect,1.3371
semantic,11,dev_1719,no,NO,no,no,Correct,1.3352
semantic,11,dev_1991,no,NO. The ring finger does not have a direct connection to the heart. This,no,no,Correct,1.3705999999999998
semantic,11,dev_2115,no,I don't know. The health of a sumo wrestler can vary depending on,i,idk,IDK,1.3389000000000002
semantic,11,dev_0105,yes,NO,no,no,Incorrect,1.3355
semantic,11,dev_0125,yes,NO. The eruption of Mount Vesuvius in 79 AD was extremely,no,no,Incorrect,1.3745999999999998
semantic,11,dev_0191,yes,"NO. The Tomb of the Unknown Soldier contains unidentified remains, but they are not",no,no,Incorrect,2.7146
semantic,11,dev_1292,yes,"NO. The Queen of England, Elizabeth II, did not marry her cousin.",no,no,Incorrect,1.3688
semantic,11,dev_1338,yes,"NO. During the Gulf War, there were no reports of ""rainy oil",no,no,Incorrect,1.3762999999999999
semantic,11,dev_0388,no,"NO

Integration was not the rule in the northern states, especially in housing and",no,no,Correct,1.3722999999999999
semantic,11,dev_0703,no,I don't know. The exact location of the Peacock Throne after Nader,i,idk,IDK,1.3752
semantic,11,dev_0833,no,NO. The Edmund Fitzgerald沉没时没有发现任何幸存者或尸体,no,no,Correct,1.3725999999999998
semantic,11,dev_0874,no,"YES

While no prisoners officially escaped from Alcatraz and survived until the case",yes,yes,Incorrect,1.3757000000000001
semantic,11,dev_1651,no,"NO

Cornwall has seen a decline in tin mining, and while there are",no,no,Correct,1.3688
semantic,11,dev_0072,yes,"NO. In many jurisdictions, you do not need a Possession and Acquisition Licence",no,no,Incorrect,1.3731
semantic,11,dev_0258,yes,I don't know. The ability to buy alcohol on Sunday can vary by county,i,idk,IDK,1.3367
semantic,11,dev_0286,yes,"NO

An administrative law judge (ALJ) is a type of judge who",no,no,Incorrect,1.34
semantic,11,dev_0348,yes,NO,no,no,Incorrect,1.3702999999999999
semantic,11,dev_0467,yes,NO. A certification of birth is often a short-form version of a birth certificate,no,no,Incorrect,1.3678
semantic,11,dev_0515,yes,"NO. A restraining order is typically used to protect individuals from abuse, harassment,",no,no,Incorrect,1.3346
semantic,11,dev_0562,yes,NO. Texas does not have a reciprocity agreement with New Mexico for concealed carry,no,no,Incorrect,1.339
semantic,11,dev_0636,yes,"NO

As of 2023, California requires a Concealed Carry",no,no,Incorrect,1.3379
semantic,11,dev_0740,yes,NO,no,no,Incorrect,1.3713
semantic,11,dev_0838,yes,"NO. In Quebec, including in Montreal, you cannot turn right on a red",no,no,Incorrect,1.3673
semantic,11,dev_0864,yes,"NO

As of my last update, Ohio allows open carry but requires a permit",no,no,Incorrect,1.3380999999999998
semantic,11,dev_0873,yes,NO,no,no,Incorrect,1.3714000000000002
semantic,11,dev_0901,yes,It depends on the specific circumstances and the laws of the state or country you are,it,other,NC,1.3396
semantic,11,dev_0909,yes,"NO

In most legal contexts, an X is not considered a valid signature unless",no,no,Incorrect,1.3347
semantic,11,dev_1134,yes,"NO. New York State is primarily a common law state, but it also has",no,no,Incorrect,1.3377999999999999
semantic,11,dev_0198,no,"YES

New Hampshire has constitutional carry, which means you do not need a permit",yes,yes,Incorrect,1.339
semantic,11,dev_0215,no,I don't know. The hours and days liquor stores are open in Oklahoma can,i,idk,IDK,1.3383
semantic,11,dev_0223,no,"NO

Recording covers of songs is generally legal under compulsory licensing laws, provided you",no,no,Correct,1.3400999999999998
semantic,11,dev_0234,no,"NO. In most jurisdictions, the age of consent is typically set at 1",no,no,Correct,1.3716
semantic,11,dev_0272,no,I don't know. The Taconic State Parkway has specific regulations regarding the,i,idk,IDK,1.3360999999999998
semantic,11,dev_0453,no,"NO. In most jurisdictions, it is illegal to marry your sibling due to strict",no,no,Correct,1.3405
semantic,11,dev_0499,no,"NO

Puerto Rico is a U.S. territory, and its residents do",no,no,Correct,1.3391
semantic,11,dev_0552,no,NO. Phones are typically not allowed in prisons due to security and regulatory reasons.,no,no,Correct,1.3704
semantic,11,dev_0680,no,"NO

Trade secrets do not have an expiration date and can remain protected indefinitely as",no,no,Correct,1.3394000000000001
semantic,11,dev_0738,no,"NO

Taiwan is not an official member of the Paris Convention for the Protection",no,no,Correct,1.3377000000000001
semantic,11,dev_0771,no,"NO

Payola is the practice of paying performers, DJs, or programmers to",no,no,Correct,3.3165
semantic,11,dev_0888,no,"NO

No Supreme Court justices have ever been removed from office through the impeachment process",no,no,Correct,1.3357
semantic,11,dev_1135,no,"NO

In the UK, a certified copy of a document is a reproduction that",no,no,Correct,1.3392
semantic,11,dev_1188,no,NO,no,no,Correct,1.3325
semantic,11,dev_0339,yes,"NO

As an American, you typically need a passport or a passport card to",no,no,Incorrect,1.3759000000000001
semantic,11,dev_0357,yes,"NO

The American Community Survey (ACS) is a survey sent to a sample",no,no,Incorrect,1.3707
semantic,11,dev_0498,yes,"YES

The Florida Constitution specifies that members of the Florida House of Representatives must be",yes,yes,Correct,1.3404
semantic,11,dev_0620,yes,I don't know. The United Nations has been involved in various conflicts around the,i,idk,IDK,1.3408
semantic,11,dev_0878,yes,"NO. In a federal system, the national government and the federal government are distinct",no,no,Incorrect,1.3400999999999998
semantic,11,dev_1864,yes,YES. The U.S. Marine Corps is a separate service branch that is part,yes,yes,Correct,1.3817000000000002
semantic,11,dev_2080,yes,NO. The Coast Guard is part of the Department of Homeland Security during peac,no,no,Incorrect,2.6812
semantic,11,dev_2395,yes,"NO

In Australia, the Governor-General acts on the advice of the federal Cabinet",no,no,Incorrect,1.3755
semantic,11,dev_2639,yes,NO. Canada is not part of the,no,no,Incorrect,1.3339
semantic,11,dev_3155,yes,"I don't know. The specifics of overseas service bars, including those for Korea",i,idk,IDK,1.3734000000000002
semantic,11,dev_3209,yes,"YES

If you attend the United States Naval Academy, you will graduate as a",yes,yes,Correct,1.3758
semantic,11,dev_0209,no,NO. Israel is not part of the European Economic Area (EEA). The,no,no,Correct,1.3363
semantic,11,dev_0273,no,"NO. In the context of one-way charges, you typically only pay the toll",no,no,Correct,1.3680999999999999
semantic,11,dev_0404,no,"NO. Puerto Rico is a territory of the United States, not a protectorate",no,no,Correct,1.3372
semantic,11,dev_0567,no,NO. Romania is not part of the Visa Waiver Program. Citizens of countries,no,no,Correct,1.3379
semantic,11,dev_0675,no,NO,no,no,Correct,1.3344
semantic,11,dev_1172,no,NO. Turkey has been a candidate for EU membership since 1999,no,no,Correct,1.3367
semantic,11,dev_1275,no,"NO

State awards are typically not authorized for wear on active duty uniforms unless specifically",no,no,Correct,1.3714000000000002
semantic,11,dev_1971,no,NO. Bosnia and Herzegovina is not a part of the European Union.,no,no,Correct,1.3751
semantic,11,dev_2001,no,NO,no,no,Correct,2.6854
semantic,11,dev_3004,no,NO. The Right to Buy policy in the UK was introduced in 19,no,no,Correct,1.3693
semantic,11,dev_3256,no,NO. Not all traffic lights have cameras. The presence of cameras at traffic lights,no,no,Correct,1.3333
semantic,11,dev_1132,yes,"NO. Pink quartz and rose quartz, while similar in appearance, are distinct gem",no,no,Incorrect,1.3365
semantic,11,dev_1233,yes,"NO. In an adiabatic process, there is no heat exchange with",no,no,Incorrect,1.332
semantic,11,dev_1511,yes,NO. The heat index and RealFeel are similar in that they both combine air,no,no,Incorrect,1.3700999999999999
semantic,11,dev_1633,yes,NO. While both nail acetone and paint acetone are forms of acetone,no,no,Incorrect,1.3395
semantic,11,dev_2007,yes,NO. Liquefied petroleum gas (LPG) typically refers to a,no,no,Incorrect,1.3385
semantic,11,dev_2214,yes,NO. Dry water is not a form of powdered liquid. It is a unique,no,no,Incorrect,1.3735
semantic,11,dev_2239,yes,"YES

At a constant temperature, the speed of sound in a gas like air",yes,yes,Correct,1.3724
semantic,11,dev_2299,yes,NO. Rain typically occurs when water vapor in the atmosphere condenses into droplets,no,no,Incorrect,1.3725999999999998
semantic,11,dev_2303,yes,NO. Different forms of life may have different essential elements depending on their specific biological,no,no,Incorrect,1.3297999999999999
semantic,11,dev_2477,yes,NO.,no,no,Incorrect,1.3304
semantic,11,dev_2993,yes,NO.,no,no,Incorrect,1.3340999999999998
semantic,11,dev_3126,yes,"YES

Upside-down rainbows, also known as inferior rainbows, can",yes,yes,Correct,1.3685
semantic,11,dev_3188,yes,NO. A turkey vulture is not the same as a buzzard. Turkey,no,no,Incorrect,1.3680999999999999
semantic,11,dev_3193,yes,NO,no,no,Incorrect,1.3373
semantic,11,dev_3234,yes,"NO. While a rhombus is often referred to as a diamond, especially",no,no,Incorrect,1.3313
semantic,11,dev_3265,yes,"NO. The Titius–Bode rule, also known as the Titius",no,no,Incorrect,1.3297
semantic,11,dev_0001,no,"NO. While there have been concerns about the energy balance of ethanol production, modern",no,no,Correct,1.3355
semantic,11,dev_0579,no,"NO. The phenomenon known as ""hearing the ocean in a seashell",no,no,Correct,1.332
semantic,11,dev_1003,no,NO. Least squares is a method used to estimate the parameters in a linear regression,no,no,Correct,1.3722
semantic,11,dev_1483,no,"NO

A meter stick is approximately 39.37 inches long,",no,no,Correct,1.3377999999999999
semantic,11,dev_1551,no,NO. Australia is not part of the Ring of Fire. The Ring of Fire,no,no,Correct,3.3207
semantic,11,dev_1702,no,"NO. While both are pterosaurs, Pterodactylus and",no,no,Correct,1.3722999999999999
semantic,11,dev_1925,no,NO. Percent difference is used to compare the difference between two values to the average,no,no,Correct,1.3273
semantic,11,dev_2025,no,NO,no,no,Correct,1.334
semantic,11,dev_2312,no,NO. Turpentine and white spirit (also known as mineral spirits) are,no,no,Correct,1.3687
semantic,11,dev_2471,no,NO,no,no,Correct,1.371
semantic,11,dev_2521,no,NO. The t-distribution does not have a standard deviation of 1.,no,no,Correct,1.337
semantic,11,dev_2782,no,"NO

The hydronium ion (H3O+) and the hydrogen",no,no,Correct,2.7423
semantic,11,dev_2812,no,"NO

The salinity at the bottom of the ocean is not necessarily higher than",no,no,Correct,1.3715
semantic,11,dev_3014,no,"NO

At the Equator, the length of day and night is closest to",no,no,Correct,1.3692
semantic,11,dev_3034,no,NO. Hydraulic lime and hydrated lime are related but not the same. Hydraulic lime,no,no,Correct,1.3379
semantic,11,dev_3159,no,NO. While both chipmunks and ground squirrels are members of the Sci,no,no,Correct,1.368
semantic,11,dev_3190,no,NO.,no,no,Correct,1.3705999999999998
semantic,11,dev_0682,yes,"NO

A sermon and a homily are often used interchangeably, but technically",no,no,Incorrect,1.3333
semantic,11,dev_0735,yes,"NO

In the United States, ""secondary school"" and ""high school""",no,no,Incorrect,1.3393
semantic,11,dev_1505,yes,YES,yes,yes,Correct,1.3665999999999998
semantic,11,dev_1668,yes,"YES

Church of England (Anglican) worshippers do make the sign",yes,yes,Correct,1.3365
semantic,11,dev_2373,yes,NO,no,no,Incorrect,1.371
semantic,11,dev_2793,yes,NO. Eastern Kentucky University is a Division II school in the Ohio Valley Conference.,no,no,Incorrect,1.3702999999999999
semantic,11,dev_2929,yes,"NO. Child psychology focuses specifically on the psychological development of children, while developmental psychology",no,no,Incorrect,1.3383
semantic,11,dev_0605,no,NO. While Brigham Young University (BYU) is affiliated with The Church of,no,no,Correct,1.3382
semantic,11,dev_0908,no,I don't know. To determine if American College of Education is accredited in New,i,idk,IDK,1.3658
semantic,11,dev_1388,no,NO. UCL (University College London) is one of the constituent colleges of,no,no,Correct,1.3665999999999998
semantic,11,dev_1521,no,"NO

Sweden does not pay students to attend school. The education system is designed",no,no,Correct,1.3804
semantic,11,dev_2334,no,NO. The Book of Jasher is not included in the Bible. It is,no,no,Correct,1.3731
semantic,11,dev_2641,no,NO. A double-barrel surname does not have to be hyphenated.,no,no,Correct,1.3379
semantic,11,dev_0347,yes,"YES

The Women's College World Series typically uses a double-elimination format",yes,yes,Correct,1.37
semantic,11,dev_0411,yes,"I don't know. The term ""Redskins"" refers to multiple teams throughout",i,idk,IDK,2.6939
semantic,11,dev_0439,yes,NO. The Milwaukee Brewers have not made it to the World Series in their history,no,no,Incorrect,1.3685999999999998
semantic,11,dev_0452,yes,"NO

Belgium has not won the FIFA World Cup and has never reached the",no,no,Incorrect,1.3680999999999999
semantic,11,dev_0585,yes,NO,no,no,Incorrect,1.3297999999999999
semantic,11,dev_0656,yes,"YES

Kaká did play in the 2002 FIFA World",yes,yes,Correct,1.2581
semantic,11,dev_0661,yes,NO,no,no,Incorrect,1.3667
semantic,11,dev_0701,yes,YES. The Kentucky Derby is always held on the first Saturday in May. It,yes,yes,Correct,1.3635
semantic,11,dev_0704,yes,"NO

Wayne Gretzky won four Stanley Cup championships with the Edmonton Oilers",no,no,Incorrect,1.3685
semantic,11,dev_0752,yes,"NO

Professional soccer does not have a standard mercy rule that ends a game early",no,no,Incorrect,1.3667
semantic,11,dev_0848,yes,"NO

FIFA rules generally prohibit signing free agents outside the designated transfer window unless",no,no,Incorrect,1.3660999999999999
semantic,11,dev_0883,yes,"NO. In the playoffs of the NHL, no team has ever come back from",no,no,Incorrect,1.3297
semantic,11,dev_1143,yes,NO. Dan Marino was not inducted into the Pro Football Hall of Fame during,no,no,Incorrect,1.3346
semantic,11,dev_1305,yes,NO. A school can only belong to one NCAA division. It must choose to,no,no,Incorrect,1.3668
semantic,11,dev_1497,yes,"NO

Alphonse Areola was part of the France national team that participated",no,no,Incorrect,2.7073
semantic,11,dev_1777,yes,"NO

Away goals do not typically count in league playoffs. They are usually used",no,no,Incorrect,1.3353
semantic,11,dev_2250,yes,NO. Poland did not qualify for the 2018 FIFA World Cup,no,no,Incorrect,1.3349000000000002
semantic,11,dev_2370,yes,NO. Ireland has not won a Test match against Australia (the Wallabies),no,no,Incorrect,1.3265
semantic,11,dev_0083,no,"NO

At Wimbledon, the final set uses a different format than a standard tie",no,no,Correct,1.3269000000000002
semantic,11,dev_0085,no,"NO. Deion Sanders was a professional baseball player, but he never won a",no,no,Correct,1.337
semantic,11,dev_0170,no,NO. The Czech Republic has never won the FIFA World Cup. Their best performance,no,no,Correct,1.3325
semantic,11,dev_0230,no,"NO

In Little League, as in professional baseball, you cannot run on a",no,no,Correct,1.3682999999999998
semantic,11,dev_0412,no,NO. The Miami Dolphins do not have a real dolphin in their stadium. Their,no,no,Correct,1.3352
semantic,11,dev_0421,no,"NO. Penalty shootout goals do not count towards the Golden Boot award, which is",no,no,Correct,1.3293
semantic,11,dev_0447,no,"YES. Panama has qualified for the FIFA World Cup on multiple occasions, most recently",yes,yes,Incorrect,1.3707
semantic,11,dev_0544,no,NO,no,no,Correct,1.3396
semantic,11,dev_0565,no,NO. Walks are not included in the batting average calculation. The batting average,no,no,Correct,1.3665
semantic,11,dev_0589,no,NO. Goaltending occurs when a defensive player touches the ball above the rim,no,no,Correct,2.6812
semantic,11,dev_0593,no,NO. Teams do not keep the FIFA World Cup trophy. The actual trophy is,no,no,Correct,1.3300999999999998
semantic,11,dev_0859,no,"NO

The U.S. Open is not played on the same course every year",no,no,Correct,1.3667
semantic,11,dev_0865,no,NO. The San Jose Sharks have never won the Stanley Cup. Their closest appearance,no,no,Correct,1.3636
semantic,11,dev_1518,no,"NO

Not all 2018 World Cup matches were played in Russia",no,no,Correct,1.3813
semantic,11,dev_1768,no,NO. England has not won the FIFA Women's World Cup. While the Lion,no,no,Correct,1.3377999999999999
semantic,11,dev_1779,no,NO. India did not qualify for the 2018 FIFA World Cup,no,no,Correct,1.3380999999999998
semantic,11,dev_1905,no,NO.,no,no,Correct,1.3715
semantic,11,dev_2156,no,"NO. The Arizona Diamondbacks won the 2001 World Series,",no,no,Correct,1.3711
semantic,11,dev_2158,no,NO. The Cincinnati Bengals have never won a Super Bowl. They played in Super,no,no,Correct,1.3347
semantic,11,dev_2798,no,NO. The Super Bowl rings are typically awarded to the winning team. The losing,no,no,Correct,3.281
semantic,11,dev_3138,no,"NO

While the term ""gold medal"" is used, the Olympic gold medal",no,no,Correct,1.3323
semantic,11,dev_0307,yes,NO. The 700c tire has a different bead seat diameter compared,no,no,Incorrect,1.3344
semantic,11,dev_0506,yes,"YES, drywall mud and joint compound are the same thing. They are both",yes,yes,Correct,1.3674000000000002
semantic,11,dev_0641,yes,I don't know. While there might be some interchangeable parts between the Maverick,i,idk,IDK,1.3397999999999999
semantic,11,dev_0844,yes,I don't know. While it's possible that Bell and Telus might share,i,idk,IDK,1.3399
semantic,11,dev_1032,yes,"YES

In Canada, the prefix 844 is toll-free, meaning",yes,yes,Correct,1.3867
semantic,11,dev_1574,yes,NO. Apple Lightning cables do not contain a chip. They use a connector with,no,no,Incorrect,1.3731
semantic,11,dev_1889,yes,"NO

The Mazda Tribute and Ford Escape are not essentially the same vehicle, although",no,no,Incorrect,1.3702999999999999
semantic,11,dev_2093,yes,"NO. To make a call, including an emergency call to 911",no,no,Incorrect,1.3820999999999999
semantic,11,dev_2213,yes,"NO

U.S. toll-free numbers (800, 88",no,no,Incorrect,1.3699000000000001
semantic,11,dev_2735,yes,"NO

Pipelining is designed to improve throughput by overlapping the execution of multiple",no,no,Incorrect,1.3300999999999998
semantic,11,dev_2836,yes,NO. The F-4 Phantom II was retired from active service by most countries,no,no,Incorrect,1.3738
semantic,11,dev_0788,no,NO. MiniDV tapes use a smaller cassette size compared to 8mm tapes,no,no,Correct,1.3357999999999999
semantic,11,dev_0798,no,NO. The area code 669 is a local area code in California,no,no,Correct,1.3642
semantic,11,dev_1249,no,"NO. In C++, `std::string` does not require null-termination",no,no,Correct,1.3728
semantic,11,dev_1458,no,NO,no,no,Correct,1.3762999999999999
semantic,11,dev_1584,no,"NO. The Chevrolet Avalanche is the only version of this vehicle, and there is",no,no,Correct,1.3682999999999998
semantic,11,dev_1589,no,NO. A SIM-free phone is not locked to a specific network and can be,no,no,Correct,1.3371
semantic,11,dev_1657,no,"NO. The first iPhone, released in 2007, did not",no,no,Correct,1.3725999999999998
semantic,11,dev_1691,no,NO. Response time and input lag are related but distinct concepts in display performance.,no,no,Correct,1.3702999999999999
semantic,11,dev_1943,no,"NO

Membership to the PlayStation Network is typically included with PlayStation consoles, but there",no,no,Correct,1.3658
semantic,11,dev_2682,no,"NO. E-ZPass and EZ-Pass are the same system, just under",no,no,Correct,1.3671
semantic,11,dev_2712,no,NO. A23 batteries and N batteries are different sizes and capacities. A,no,no,Correct,1.3647
semantic,11,dev_0427,no,"NO. ""The Barber of Seville"" is an opera by Gioachino",no,no,Correct,1.3263
semantic,11,dev_0531,no,NO.,no,no,Correct,1.3708
semantic,11,dev_1915,no,"NO

""The Hunchback of Notre-Dame"" by Victor Hugo is not",no,no,Correct,1.3771
semantic,11,dev_1946,no,NO. Snake Eyes and Storm Shadow are two distinct characters in the G.I.,no,no,Correct,1.3649
semantic,11,dev_2024,no,NO,no,no,Correct,1.3346
semantic,11,dev_2265,no,"NO. G major and E minor are relative keys, but they are not the",no,no,Correct,1.3682999999999998
semantic,11,dev_0004,yes,"YES

Harry Potter and the Escape from Gringotts is indeed a roller-co",yes,yes,Correct,2.679
semantic,11,dev_0241,yes,"NO. ""All I Want for Christmas Is You"" was primarily written by Marie",no,no,Incorrect,1.3767
semantic,11,dev_0326,yes,YES,yes,yes,Correct,1.3277999999999999
semantic,11,dev_0525,yes,"YES

Queen had several number one hits in the United States, including ""We",yes,yes,Correct,1.3793
semantic,11,dev_0577,yes,"NO. Phil Collins and Peter Gabriel were both members of Genesis, but they did",no,no,Incorrect,1.3634000000000002
semantic,11,dev_0799,yes,"YES

On Jeopardy!, contestants do indeed receive the money they win.",yes,yes,Correct,1.3648
semantic,11,dev_0142,no,NO.,no,no,Correct,1.3356
semantic,11,dev_0494,no,"NO. Fitness in biology refers to an organism's ability to survive and reproduce,",no,no,Correct,1.3311
semantic,11,dev_0527,no,NO. HeLa cells are an example of a cell line that has an abnormal,no,no,Correct,1.3707
semantic,11,dev_0566,no,"NO

Not all bacteria of a single species are exactly the same shape due to",no,no,Correct,1.3675
semantic,11,dev_0648,no,NO,no,no,Correct,1.3340999999999998
semantic,11,dev_0668,no,NO. Red-eared sliders are freshwater turtles and are not adapted to live in,no,no,Correct,1.3332
semantic,11,dev_0749,no,"NO. Sensory neurons are part of the peripheral nervous system, not the central",no,no,Correct,1.3319
semantic,11,dev_0790,no,"NO. Great white sharks typically inhabit coastal and offshore waters, usually staying within",no,no,Correct,2.7059
semantic,11,dev_0867,no,NO. The same genotype does not always result in the same phenotype due to factors,no,no,Correct,1.3227
semantic,11,dev_0921,no,"NO. Whale sharks are generally docile and filter feeders, primarily eating plank",no,no,Correct,1.3345
semantic,11,dev_1088,no,NO,no,no,Correct,1.3313
semantic,11,dev_1329,no,NO. The earlobe does not contain any bone; it is composed primarily of,no,no,Correct,1.3353
semantic,11,dev_1402,no,"NO. Tissue is composed of multiple types of cells, each with specific functions",no,no,Correct,1.3672
semantic,11,dev_1428,no,NO,no,no,Correct,1.3325
semantic,11,dev_1439,no,NO. Groundhogs and moles are different species. Groundhogs are,no,no,Correct,1.3687
semantic,11,dev_0020,yes,YES. Magnesium citrate contains citric acid as part of its chemical structure,yes,yes,Correct,1.3329000000000002
semantic,11,dev_0027,yes,"YES. Penguins have feathers that arise from the epidermis, just like other",yes,yes,Correct,1.364
semantic,11,dev_0047,yes,YES.,yes,yes,Correct,1.3693
semantic,11,dev_0070,yes,NO. T. rex and Tyrannosaurus rex refer to the same genus,no,no,Incorrect,1.3714000000000002
semantic,11,dev_0086,yes,NO,no,no,Incorrect,1.3676
semantic,11,dev_0121,yes,"YES

St. Bernards and Bernese Mountain Dogs are both large breeds that",yes,yes,Correct,2.6744
semantic,11,dev_0131,yes,"NO

The latent heat of vaporization typically remains relatively constant over a narrow range",no,no,Incorrect,1.3773
semantic,11,dev_0147,yes,NO. While the navel and belly button refer to the same anatomical feature,no,no,Incorrect,1.3246
semantic,11,dev_0159,yes,"YES

Many tree species can have more than one trunk, especially those that naturally",yes,yes,Correct,1.3337
semantic,11,dev_0190,yes,YES.,yes,yes,Correct,1.3631
semantic,11,dev_0195,yes,YES. Alligators sometimes drown their prey to make it easier to handle and consume,yes,yes,Correct,1.3212000000000002
semantic,11,dev_0200,yes,NO. Competitive inhibitors bind to the active site of the enzyme.,no,no,Incorrect,1.3352
semantic,11,dev_0214,yes,"NO, but animal cells do have a cell membrane. The term ""NO""",no,no,Incorrect,1.3657000000000001
semantic,11,dev_0242,yes,"YES, both male and female bighorn sheep have horns. However, the",yes,yes,Correct,1.3660999999999999
semantic,11,dev_0522,yes,"NO

Hornets, like most social Hymenoptera, have",no,no,Incorrect,1.3698
semantic,11,dev_0033,no,NO. Federal income tax and Social Security tax are different types of taxes. Federal,no,no,Correct,1.3447
semantic,11,dev_0123,no,"NO. Public limited companies (PLCs) are typically in the public sector,",no,no,Correct,1.3263
semantic,11,dev_0501,no,NO. Comcast and Time Warner are separate companies. While they operate in the media,no,no,Correct,1.3657000000000001
semantic,11,dev_0526,no,NO,no,no,Correct,2.708
semantic,11,dev_1076,no,"NO. I don't know.

To be more specific, while commercial banks are",no,no,Correct,1.3317999999999999
semantic,11,dev_1213,no,NO,no,no,Correct,1.3255
semantic,11,dev_1654,no,"NO

Discouraged workers are not counted in the unemployment rate. They are",no,no,Correct,1.3662999999999998
semantic,11,dev_1753,no,NO,no,no,Correct,1.3316
semantic,11,dev_1825,no,NO. A bank sort code is specific to a particular branch and is not the,no,no,Correct,1.3658
semantic,11,dev_2911,no,NO,no,no,Correct,1.3644
semantic,11,dev_2740,no,NO. The Better Business Bureau (BBB) is a nonprofit organization that works,no,no,Correct,1.3328
semantic,11,dev_2517,no,NO,no,no,Correct,1.3322
semantic,11,dev_1139,yes,NO,no,no,Incorrect,1.3365
semantic,11,dev_0002,yes,NO. House tax and property tax are similar but not exactly the same. House,no,no,Incorrect,2.7056
semantic,11,dev_0773,yes,NO. A company cannot be public if it is not listed on a stock exchange,no,no,Incorrect,1.3653
semantic,11,dev_1186,yes,YES,yes,yes,Correct,1.3346
semantic,11,dev_1302,yes,"NO

Dodge and Jeep are both brands under the Stellantis umbrella but",no,no,Incorrect,1.332
semantic,11,dev_1349,yes,YES. The Net Present Value (NPV) does account for the time value,yes,yes,Correct,1.3348
semantic,11,dev_1771,yes,NO,no,no,Incorrect,1.3355
semantic,11,dev_1804,yes,"YES

The two-dollar bill is a denomination of U.S. currency that has",yes,yes,Correct,1.3357999999999999
semantic,11,dev_1873,yes,"YES

Stop & Shop and Giant are both owned by Ahold Delhaize",yes,yes,Correct,1.3702
semantic,11,dev_1963,yes,"NO. New Hampshire does not have a state-level sales tax, but local municipalities",no,no,Incorrect,1.3324
semantic,11,dev_2582,yes,"NO

A profit and loss statement is the same as an income statement. Both",no,no,Incorrect,1.3333
semantic,11,dev_2598,yes,"NO

Hellmann's and Best Foods were separate companies that merged to become part",no,no,Incorrect,1.3671
semantic,11,dev_3158,yes,I don't know. While economic development can contribute to social development by increasing resources,i,idk,IDK,1.3363
semantic,11,dev_0551,no,"NO. An oz (ounce) is a unit of mass or weight, while",no,no,Correct,1.3367
semantic,11,dev_1158,no,NO. Crossovers are a type of SUV but are generally smaller and have,no,no,Correct,1.364
semantic,11,dev_1364,no,"NO. A jet engine uses the Brayton cycle, which is an internal combustion",no,no,Correct,1.3354000000000001
semantic,11,dev_1807,no,NO. The dimensions of US Letter (8.5in × 11,no,no,Correct,1.3737000000000001
semantic,11,dev_2542,no,"NO. Father's Day is typically celebrated on the third Sunday in June, not",no,no,Correct,1.3659000000000001
semantic,11,dev_2562,no,NO. A ribeye steak and a Delmonico steak are similar but not,no,no,Correct,1.3702
semantic,11,dev_3005,no,NO. An English Bull Terrier is not a Pit Bull. It is a,no,no,Correct,1.3665999999999998
semantic,11,dev_3194,no,"NO. While both are crispy corn-based snacks, tortilla chips are made from",no,no,Correct,1.3311
semantic,11,dev_3195,no,NO,no,no,Correct,1.3277
semantic,11,dev_0013,yes,"NO

Using shower gel to wash your hair is generally not ideal because it is",no,no,Incorrect,1.334
semantic,11,dev_0043,yes,"NO

There is no single continuous Interstate Highway that goes directly from the eastern to",no,no,Incorrect,1.3785999999999998
semantic,11,dev_0052,yes,YES. A hammer can be used as a weapon by striking an opponent with its,yes,yes,Correct,2.6681
semantic,11,dev_0091,yes,YES. A tablespoon is generally bigger than a dessert spoon. A dessert spoon typically,yes,yes,Correct,1.3339
semantic,11,dev_0116,yes,YES,yes,yes,Correct,1.3335
semantic,11,dev_0288,yes,NO. The UK primarily uses the 12-hour clock format for everyday time,no,no,Incorrect,1.3652
semantic,11,dev_0555,yes,"NO. ZIP code is specific to the United States, while postal code is a",no,no,Incorrect,1.3297999999999999
semantic,11,dev_0627,yes,"NO. In the United Kingdom's honours system, the title ""Sir""",no,no,Incorrect,1.3682999999999998
semantic,11,dev_0831,yes,NO. A U.S. passport card is not a valid form of ID for,no,no,Incorrect,1.3345
semantic,11,dev_0721,no,"NO. ""Night of the Living Dead"" is a fictional horror film directed by",no,no,Correct,1.364
semantic,11,dev_0863,no,"NO. ""The Closer"" and ""Major Crimes"" are separate shows,",no,no,Correct,1.3299
semantic,11,dev_1357,no,NO,no,no,Correct,1.3343
semantic,11,dev_1951,no,"NO

The Bridge on the River Kwai is based on a novel by Pierre",no,no,Correct,1.3642999999999998
semantic,11,dev_2131,no,"YES

Nacho Varga appears in both ""Better Call Saul"" and """,yes,yes,Incorrect,1.3722
semantic,11,dev_2174,no,NO. Fear the Walking Dead and The Walking Dead are related but distinct TV series,no,no,Correct,1.366
semantic,11,dev_2252,no,NO. You do not have to be from America to be on America's Got,no,no,Correct,2.6782
semantic,11,dev_2309,no,NO. While both Maleficent and the Evil Queen are powerful and malevolent,no,no,Correct,1.3692
semantic,11,dev_2364,no,NO,no,no,Correct,1.3697000000000001
semantic,11,dev_3075,no,NO. Pulp Fiction is not based on a true story. It is a,no,no,Correct,1.3648
semantic,11,dev_3205,no,"NO. The movie ""Lady Bird"" is not about Lady Bird Johnson. It",no,no,Correct,1.3722999999999999
semantic,11,dev_0015,yes,"YES

""Fantastic Beasts and Where to Find Them"" is indeed a pre",yes,yes,Correct,1.3700999999999999
semantic,11,dev_0153,yes,YES,yes,yes,Correct,1.3691
semantic,11,dev_0161,yes,"NO. While ""The Night of the Hunter"" shares some thematic and stylistic",no,no,Incorrect,1.3754000000000002
semantic,11,dev_0306,yes,"NO

Grey's Anatomy is a fictional television show and is not filmed at a",no,no,Incorrect,1.3377999999999999
semantic,11,dev_0334,yes,YES,yes,yes,Correct,1.3685
semantic,11,dev_0338,yes,YES,yes,yes,Correct,1.3324
semantic,11,dev_0493,yes,"NO

""Love Child"" is a television series that, while set in a",no,no,Incorrect,1.3346
semantic,11,dev_0520,yes,YES,yes,yes,Correct,1.3642
semantic,11,dev_0212,no,NO. Maple syrup does not come straight from the tree. It is produced by,no,no,Correct,1.3319
semantic,11,dev_0309,no,NO. Ground coriander and cumin are different spices with distinct flavor profiles,no,no,Correct,1.3317999999999999
semantic,11,dev_0484,no,NO. Saltwater taffy does not actually contain salt water. The name,no,no,Correct,1.33
semantic,11,dev_0654,no,NO. Beef short ribs and spare ribs come from different parts of the animal.,no,no,Correct,1.3253
semantic,11,dev_0973,no,NO. Salt water taffy is not made with ocean water. It gets,no,no,Correct,1.3332
semantic,11,dev_1335,no,NO.,no,no,Correct,1.3224
semantic,11,dev_1443,no,"NO. A lungo is a longer and more diluted version of espresso, while",no,no,Correct,1.3348
semantic,11,dev_0284,yes,"NO

Enameled cast iron typically does not leach iron into food because",no,no,Incorrect,1.3649
semantic,11,dev_0330,yes,YES,yes,yes,Correct,1.3717000000000001
semantic,11,dev_0443,yes,NO. Powdered sugar and confectioners' sugar are the same thing.,no,no,Incorrect,1.3322
semantic,11,dev_0975,yes,NO. Wholemeal flour and whole wheat flour are similar but not exactly the same,no,no,Incorrect,2.7048
semantic,11,dev_1741,yes,NO. Garbanzo beans and chickpeas are the same thing. They,no,no,Incorrect,1.3668
semantic,11,dev_1770,yes,YES,yes,yes,Correct,1.3354000000000001
semantic,11,dev_1860,no,NO. Pinot Noir and Pinot Gris come from the same parent grape,no,no,Correct,1.3714000000000002
semantic,11,dev_1967,yes,NO. A caffe latte is a type of latte that typically uses brewed,no,no,Incorrect,1.3688
semantic,11,dev_0236,no,NO.,no,no,Correct,1.3329000000000002
semantic,11,dev_0741,no,NO. Not all instances of solitaire (such as Klondike) have,no,no,Correct,1.3357999999999999
semantic,11,dev_1440,no,"YES

The Xbox One can play Xbox 360 discs through backward compatibility",yes,yes,Incorrect,1.3323
semantic,11,dev_2062,no,"NO. A queen cannot move like a knight. The queen moves horizontally, vertically",no,no,Correct,1.3660999999999999
semantic,11,dev_2109,no,"NO. Call of Duty: World at War is based on World War II,",no,no,Correct,1.3685
semantic,11,dev_2137,no,"NO. In chess, it is not possible to win the game with only a",no,no,Correct,1.3711
semantic,11,dev_0478,yes,"NO, Call of Duty: Modern Warfare 2 does not have split-screen multiplayer",no,no,Incorrect,1.3343
semantic,11,dev_0545,yes,"YES

Just Cause 3 has a significant storyline that follows the character Rico Rodriguez",yes,yes,Correct,1.3380999999999998
semantic,11,dev_1125,yes,NO,no,no,Incorrect,1.3382
semantic,11,dev_1137,yes,"NO

Pokémon Crystal does not work directly with Pokémon Stadium 2. Pokémon",no,no,Incorrect,1.3685999999999998
semantic,11,dev_1162,yes,"NO

The DS Lite is an updated version of the original Nintendo DS and is",no,no,Incorrect,1.3655
semantic,11,dev_1177,yes,"YES

Company of Heroes 2 features a campaign mode that follows the experiences of",yes,yes,Correct,1.3347
semantic,11,dev_1444,yes,"YES

Original Xbox games do not natively work on the Xbox One without an",yes,yes,Correct,1.3653
semantic,11,dev_0313,no,NO. St. Kitts and Nevis is an independent state and a Commonwealth,no,no,Correct,1.3288
semantic,11,dev_0823,no,NO. The Ogallala Aquifer is one of the largest aquifers in,no,no,Correct,1.3804
semantic,11,dev_0839,no,NO. West Virginia and Virginia are not the same state. West Virginia separated from,no,no,Correct,1.3805999999999998
semantic,11,dev_1222,no,NO. The Isle of Man is not a part of Great Britain. It is,no,no,Correct,1.3368
semantic,11,dev_1254,no,NO. Sudan and South Sudan are two separate countries. South Sudan gained independence from,no,no,Correct,1.337
semantic,11,dev_1269,no,NO,no,no,Correct,1.3682
semantic,11,dev_1334,no,NO. Patagonia is not a country; it is a region located at,no,no,Correct,1.3337999999999999
semantic,11,dev_0184,yes,"YES

You can travel from Lake Michigan to the Atlantic Ocean using the Saint Lawrence",yes,yes,Correct,1.3687
semantic,11,dev_0322,yes,YES,yes,yes,Correct,1.3385
semantic,11,dev_0557,yes,"NO. The water in the Amazon River is not fresh; it is saline,",no,no,Incorrect,1.3254000000000001
semantic,11,dev_0573,yes,NO. You cannot get directly to the Black Sea from the Mediterranean. The Black,no,no,Incorrect,1.3383
semantic,11,dev_1179,yes,"NO. Phoenix is in the Arizona Time Zone, which does not observe Daylight",no,no,Incorrect,1.3644
semantic,11,dev_0619,yes,NO. The state of Texas is not bigger than Germany. Germany is significantly larger,no,no,Incorrect,1.3333
semantic,11,dev_0650,yes,YES,yes,yes,Correct,1.3302
semantic,11,dev_0734,yes,NO. You cannot directly boat from Lake Erie to Lake Ontario due to the Niagara,no,no,Incorrect,1.3695
semantic,11,dev_0061,no,"NO

EMT-Basics are typically not trained or certified to start intravenous",no,no,Correct,2.7165
semantic,11,dev_0124,no,NO. Health care is not free in the United States; most individuals and families,no,no,Correct,1.3317999999999999
semantic,11,dev_0914,no,NO. Stroke volume and ejection fraction are related but distinct measures. Stroke volume,no,no,Correct,1.3675
semantic,11,dev_0955,no,NO. Mycosis fungoides is not caused by a fungal infection;,no,no,Correct,1.3692
semantic,11,dev_1610,no,NO. Soft-tissue damage is a broader term that includes various injuries to the,no,no,Correct,1.332
semantic,11,dev_1790,no,"NO. The lining of the uterus does not shed during implantation. Instead,",no,no,Correct,1.3647
semantic,11,dev_2096,no,NO,no,no,Correct,1.3355
semantic,11,dev_2277,no,NO. High dependency units (HDUs) and intensive care units (ICUs,no,no,Correct,1.3693
semantic,11,dev_2499,no,NO. A Doctor of Physical Therapy (DPT) is not an MD.,no,no,Correct,1.3352
semantic,11,dev_1959,yes,YES. Normal body temperature can vary throughout the day. It is generally lower in,yes,yes,Correct,1.3314000000000001
semantic,11,dev_1992,yes,"YES

Rabies can be transmitted from an infected animal to a person through a",yes,yes,Correct,2.7144
semantic,11,dev_2047,yes,YES,yes,yes,Correct,1.3322
semantic,11,dev_1656,yes,"NO

While the expression ""broken heart"" is often used metaphorically to describe",no,no,Incorrect,1.3677000000000001
semantic,11,dev_1663,yes,NO. Turf toe is typically associated with injury to the first metatarsoph,no,no,Incorrect,1.3779000000000001
semantic,11,dev_1752,yes,"YES

Triamcinolone cream is a corticosteroid that can",yes,yes,Correct,1.3705
semantic,11,dev_2049,yes,YES,yes,yes,Correct,1.3684
semantic,11,dev_2050,yes,YES. Drug tolerance can be caused by both receptor upregulation and downreg,yes,yes,Correct,1.3704
semantic,11,dev_1442,yes,"YES, a lipid profile and a lipid panel refer to the same set of tests",yes,yes,Correct,1.3649
semantic,11,dev_0301,no,NO. The Berlin Wall and the Berlin Blockade are two distinct events in Cold,no,no,Correct,1.3679000000000001
semantic,11,dev_0480,no,"NO
The Articles of Confederation, the first constitution of the United States,",no,no,Correct,1.378
semantic,11,dev_1290,no,NO. Nova Scotia was not one of the 13 original colonies that formed,no,no,Correct,1.3272
semantic,11,dev_1819,no,NO. The Czech Republic and Czechoslovakia are not the same country.,no,no,Correct,1.3659000000000001
semantic,11,dev_2206,no,NO. The Emancipation Proclamation applied only to the states that were in,no,no,Correct,1.3676
semantic,11,dev_0376,yes,NO. William the Conqueror's claim to the English throne was not considered,no,no,Incorrect,1.3799000000000001
semantic,11,dev_0346,yes,YES,yes,yes,Correct,1.385
semantic,11,dev_0363,yes,YES. The 1971 Silver Dollar actually refers to the 1,yes,yes,Correct,1.371
semantic,11,dev_0535,yes,NO. Houston has never been the capital of Texas. The capital of Texas has,no,no,Incorrect,1.3653
semantic,11,dev_0629,yes,YES,yes,yes,Correct,1.3698
semantic,11,dev_0179,no,NO. U.S. courts of appeals do not have original jurisdiction; they have,no,no,Correct,1.3252000000000002
semantic,11,dev_0402,no,"NO. In the UK, bigamy is illegal and anyone found guilty of big",no,no,Correct,1.3662999999999998
semantic,11,dev_0513,no,NO. A purchase price alone is not typically considered sufficient proof of part performance in,no,no,Correct,2.7441999999999998
semantic,11,dev_0606,no,NO. Escaping from prison is illegal in Germany and is considered a serious offense,no,no,Correct,1.3647
semantic,11,dev_0630,no,"NO. ""Under honorable conditions"" is a phrase used to describe the circumstances of",no,no,Correct,1.3260999999999998
semantic,11,dev_0795,no,NO. Driving laws vary from state to state in the United States due to differences,no,no,Correct,1.3319
semantic,11,dev_1457,no,NO,no,no,Correct,1.3855
semantic,11,dev_1776,no,NO. An Employment Authorization Document (EAD) and a Green Card are two,no,no,Correct,1.3347
semantic,11,dev_1862,no,NO,no,no,Correct,1.3704
semantic,11,dev_1911,no,"NO

U.S. Supreme Court justices do not have a mandatory retirement age.",no,no,Correct,1.3671
semantic,11,dev_2755,no,NO,no,no,Correct,1.3357999999999999
semantic,11,dev_2756,no,NO. The Bill of Rights is not part of the original Constitution but was added,no,no,Correct,1.3685999999999998
semantic,11,dev_2921,no,"NO. 

Property tax and council tax serve similar purposes but are distinct in their",no,no,Correct,2.676
semantic,11,dev_2972,no,NO,no,no,Correct,1.3332
semantic,11,dev_0009,yes,"NO

While Canada generally recognizes driver's licenses from the United States under reciprocity",no,no,Incorrect,1.3685
semantic,11,dev_0038,yes,"YES

It is generally legal to record a cover of a song as long as",yes,yes,Correct,1.3673
semantic,11,dev_0129,yes,"NO

In Florida, private sales of firearms require the seller to be a licensed",no,no,Incorrect,1.3662
semantic,11,dev_0202,yes,"NO. Breaking and entering into a car is generally considered a misdemeanor, although the",no,no,Incorrect,1.3276
semantic,11,dev_0308,yes,"NO, it is not always illegal for a minor to be in possession of alcohol",no,no,Incorrect,1.3331
semantic,11,dev_0584,yes,YES,yes,yes,Correct,1.3699000000000001
semantic,11,dev_0644,yes,YES,yes,yes,Correct,1.3360999999999998
semantic,11,dev_0653,yes,YES. The Family Medical Leave Act (FMLA) is a federal law that,yes,yes,Correct,1.3347
semantic,11,dev_0671,yes,"NO. As of now, Kansas does not have the death penalty. The state",no,no,Incorrect,1.3357
semantic,11,dev_0757,yes,YES,yes,yes,Correct,1.334
semantic,11,dev_1059,yes,"NO

While the Supreme Court can review and potentially invalidate an executive order if it",no,no,Incorrect,1.3652
semantic,11,dev_1067,yes,YES,yes,yes,Correct,2.6862
semantic,11,dev_1097,yes,"YES

In Canada, you have the right to remain silent and not incrim",yes,yes,Correct,1.3805
semantic,11,dev_1131,yes,"NO

Illinois does not have a stand your ground law. Instead, Illinois",no,no,Incorrect,1.3808
semantic,11,dev_1324,yes,"NO, a flask does not necessarily count as an open container, but it depends",no,no,Incorrect,1.3347
semantic,11,dev_0305,no,"NO. While language is a significant criterion for classifying states in India, other",no,no,Correct,1.3677000000000001
semantic,11,dev_0465,no,NO,no,no,Correct,1.3316
semantic,11,dev_0508,no,"NO

According to the Twenty-second Amendment to the United States Constitution, a president",no,no,Correct,1.3323
semantic,11,dev_0518,no,NO,no,no,Correct,2.7104
semantic,11,dev_0572,no,NO,no,no,Correct,1.331
semantic,11,dev_0898,no,"NO

In Canada, you must be a Canadian citizen to vote in federal elections",no,no,Correct,1.3648
semantic,11,dev_1154,no,NO. The number of justices on the Supreme Court has changed over time. It,no,no,Correct,1.3668
semantic,11,dev_1221,no,NO.,no,no,Correct,1.3680999999999999
semantic,11,dev_1244,no,NO. Canada and Australia are sovereign nations and were former dominions of the United,no,no,Correct,1.3385
semantic,11,dev_1245,no,NO. Turkey is not a member of the European Economic Area (EEA).,no,no,Correct,1.3388
semantic,11,dev_1273,no,NO,no,no,Correct,1.3744
semantic,11,dev_0647,yes,NO. Not every nation-state has a national government at all times. For example,no,no,Incorrect,1.3305
semantic,11,dev_0254,yes,YES. The Vice President of the United States serves as the President of the Senate,yes,yes,Correct,1.3725
semantic,11,dev_0486,yes,YES,yes,yes,Correct,1.3387
semantic,11,dev_0736,yes,NO,no,no,Incorrect,1.3742999999999999
semantic,11,dev_0814,yes,NO. The Air Force primarily focuses on aerial warfare and does not have ground combat,no,no,Incorrect,1.3698
semantic,11,dev_1477,yes,YES,yes,yes,Correct,1.3702999999999999
semantic,11,dev_1721,yes,"NO. While there are RAF stations in the UK, there are no U.S",no,no,Incorrect,1.3363
semantic,11,dev_1786,yes,"NO

New York City no longer has rent control for most apartments. Rent stabilization",no,no,Incorrect,1.3255
semantic,11,dev_1970,yes,YES,yes,yes,Correct,1.3369000000000002
semantic,11,dev_1985,yes,"YES
The U.S. Supreme Court has recognized a constitutional right to privacy,",yes,yes,Correct,1.3856
semantic,11,dev_2448,no,NO. Puerto Rico does not have the right to vote in U.S. presidential,no,no,Correct,1.3695
semantic,11,dev_0066,yes,"YES. In any triangle, at least two angles must be acute because the sum",yes,yes,Correct,1.334
semantic,11,dev_0088,yes,"YES

Pair production is an example of creating mass from energy, where a high",yes,yes,Correct,1.3337999999999999
semantic,11,dev_0196,yes,YES,yes,yes,Correct,1.3778
semantic,11,dev_0262,yes,YES,yes,yes,Correct,1.3355
semantic,11,dev_0271,yes,YES,yes,yes,Correct,1.2504000000000002
semantic,11,dev_0329,yes,"NO

The Sun orbits around the Milky Way's galactic center. It completes",no,no,Incorrect,1.3694000000000002
semantic,11,dev_0331,yes,YES,yes,yes,Correct,1.3285
semantic,11,dev_0387,yes,YES. Density depends on the type of material and is defined as the mass per,yes,yes,Correct,1.3197999999999999
semantic,11,dev_0418,yes,"NO. Thunder and lightning typically occur during thunderstorms, which are associated with rain",no,no,Incorrect,1.3204
semantic,11,dev_0616,yes,"NO. Bicarb soda and baking soda refer to the same substance, sodium",no,no,Incorrect,1.3658
semantic,11,dev_0638,yes,YES. All rhombuses have two pairs of parallel sides.,yes,yes,Correct,1.3248
semantic,11,dev_0657,yes,"NO. Yield stress and yield strength refer to the same property in materials science,",no,no,Incorrect,1.3715
semantic,11,dev_0692,yes,"NO

Hydrometers are typically used to measure the specific gravity of liquids",no,no,Incorrect,1.3317999999999999
semantic,11,dev_0744,yes,"NO. A polynomial is an expression consisting of variables and coefficients, involving only the",no,no,Incorrect,1.3335
semantic,11,dev_0797,yes,YES,yes,yes,Correct,1.322
semantic,11,dev_0842,yes,"YES

Diffraction is observed in sound waves, just as it is in light",yes,yes,Correct,1.3659000000000001
semantic,11,dev_1379,yes,"NO. Talcum powder is a form of talc, which is a",no,no,Incorrect,1.3354000000000001
semantic,11,dev_0126,no,"NO

According to our current understanding of physics, particularly special relativity and general",no,no,Correct,1.3354000000000001
semantic,11,dev_0342,no,NO. The speed of sound varies depending on the material it travels through and the,no,no,Correct,1.3402
semantic,11,dev_0437,no,NO. There isn't always a full moon on the summer solstice. The,no,no,Correct,1.3689
semantic,11,dev_0553,no,"NO. In a parallelogram, opposite angles are equal, but adjacent angles",no,no,Correct,1.3649
semantic,11,dev_0652,no,"NO. The square root of 3 is an irrational number, meaning it cannot",no,no,Correct,1.3387
semantic,11,dev_0708,no,NO. A perfect square is a number that can be expressed as the square of,no,no,Correct,1.3324
semantic,11,dev_1083,no,NO. Carbon-14 dating is not suitable for live animals since it requires,no,no,Correct,1.3375
semantic,11,dev_1142,no,NO.,no,no,Correct,1.37
semantic,11,dev_1354,no,NO. The depth of the water table can vary depending on factors such as seasonal,no,no,Correct,1.3322
semantic,11,dev_1460,no,NO. Single-subject research designs are most suitable for studies focusing on individual behavior,no,no,Correct,1.3640999999999999
semantic,11,dev_1468,no,NO. Sodium lactate and lactic acid are related but different compounds. L,no,no,Correct,1.3366
semantic,11,dev_1559,no,"NO. The notation ""log x"" typically refers to the common logarithm (",no,no,Correct,1.3259
semantic,11,dev_1595,no,NO. Reverse osmosis water and deionized water are similar in that,no,no,Correct,1.3648
semantic,11,dev_1643,no,NO. Static pressure is a component of the total pressure (also known as stagn,no,no,Correct,1.3662
semantic,11,dev_1692,no,NO. Atmospheric pressure is not always 1 atm (atmosphere). It,no,no,Correct,1.3369000000000002
semantic,11,dev_1726,no,NO. The vagus nerve is part of the peripheral nervous system (PNS,no,no,Correct,1.3789
semantic,11,dev_0008,yes,"NO. In standard English spelling, the letter Q is almost always followed by the",no,no,Incorrect,1.3347
semantic,11,dev_0323,yes,"NO. The Song of Solomon is also known as the Song of Songs, but",no,no,Incorrect,1.3689
semantic,11,dev_0794,yes,YES,yes,yes,Correct,1.3660999999999999
semantic,11,dev_0866,yes,"NO. In English, the letter combination ""qu"" is almost always pronounced /",no,no,Incorrect,1.3308
semantic,11,dev_0910,yes,"NO

The Dewey Decimal System is still in use, particularly in public libraries",no,no,Incorrect,1.3363
semantic,11,dev_0992,yes,"NO

In elementary school, students are typically not held back or retained, as",no,no,Incorrect,1.3267
semantic,11,dev_1446,yes,NO. The Church of England is part of the Anglican Communion but is,no,no,Incorrect,1.339
semantic,11,dev_0294,no,NO.,no,no,Correct,1.3325
semantic,11,dev_0521,no,"NO. The word ""kangaroo"" does not mean ""I don't",no,no,Correct,1.3805999999999998
semantic,11,dev_0943,no,"NO. The Book of Deuteronomy is in the Old Testament, not the",no,no,Correct,1.3688
semantic,11,dev_1887,no,NO. The Persian and Arabic alphabets are similar but not the same.,no,no,Correct,1.3357999999999999
semantic,11,dev_2892,no,NO,no,no,Correct,1.3256
semantic,11,dev_2691,no,NO. King's College London is not part of Cambridge University. They are two,no,no,Correct,1.3659000000000001
semantic,11,dev_0065,yes,"YES

Several players from the 1980 U.S. Olympic hockey",yes,yes,Correct,1.3842999999999999
semantic,11,dev_0245,yes,"NO. In American football, you can only have one forward pass per down unless",no,no,Incorrect,1.3354000000000001
semantic,11,dev_0315,yes,NO. Soccer fields and football (American or Canadian) fields have different dimensions and,no,no,Incorrect,1.3362
semantic,11,dev_0361,yes,"YES

Chewing tobacco is banned in Major League Baseball. The league has strict",yes,yes,Correct,1.3344
semantic,11,dev_0550,yes,NO,no,no,Incorrect,1.3662
semantic,11,dev_0595,yes,NO. The Ivy League does not have a basketball tournament. Teams in the Ivy,no,no,Incorrect,1.3245
semantic,11,dev_0966,yes,YES,yes,yes,Correct,1.3333
semantic,11,dev_1078,yes,"NO

Every NHL team has at least one Stanley Cup win in its history,",no,no,Incorrect,1.3322
semantic,11,dev_1224,yes,NO. A rugby union pitch is generally longer than an American football field but not,no,no,Incorrect,1.3372
semantic,11,dev_1251,yes,"YES

Croatia has participated in the FIFA World Cup and has placed in",yes,yes,Correct,1.368
semantic,11,dev_1260,yes,NO. The Nike Air Force 1s are not typically designed for basketball.,no,no,Incorrect,1.3368
semantic,11,dev_1278,yes,"YES

Cal Ripken Jr. was inducted into the Baseball Hall of Fame",yes,yes,Correct,1.3704
semantic,11,dev_1462,yes,YES,yes,yes,Correct,1.3682
semantic,11,dev_1494,yes,NO. A player cannot be called offside during a corner kick. The off,no,no,Incorrect,1.3714000000000002
semantic,11,dev_1543,yes,"NO. In the NHL, no team has ever come back from a 3",no,no,Incorrect,1.3319
semantic,11,dev_2012,yes,"NO. Dwight Howard played for several teams during his NBA career, including the Orlando",no,no,Incorrect,1.3694000000000002
semantic,11,dev_2118,yes,"NO. Twisting a wrist can cause significant pain and may lead to injury,",no,no,Incorrect,1.3705
semantic,11,dev_2272,yes,"NO

AstroTurf is a brand name for artificial grass, but it",no,no,Incorrect,2.7049000000000003
semantic,11,dev_2338,yes,"NO

Players cannot be registered for both the Europa League and the Champions League for",no,no,Incorrect,1.3353
semantic,11,dev_2498,yes,"YES

There have been instances where two grand slams occurred in the same inning",yes,yes,Correct,1.3691
semantic,11,dev_2509,yes,NO. No NBA team has ever come back from a 3-1 deficit,no,no,Incorrect,1.3274000000000001
semantic,11,dev_2917,yes,NO. The Tampa Bay Lightning have not won a Stanley Cup. They reached the,no,no,Incorrect,1.3257999999999999
semantic,11,dev_2966,yes,NO. Players generally must be at least one year removed from high school to be,no,no,Incorrect,1.3364
semantic,11,dev_2974,yes,YES. Running for 24 hours is possible and is part of various endurance,yes,yes,Correct,1.3691
semantic,11,dev_3007,yes,YES,yes,yes,Correct,1.3324
semantic,11,dev_3199,yes,"NO

Club professionals have not won the PGA Championship since 1946",no,no,Incorrect,1.3649
semantic,11,dev_0222,no,"NO

NCAA and NBA basketballs are not the same size. NCAA basketball",no,no,Correct,1.3380999999999998
semantic,11,dev_0398,no,NO. You cannot score directly from a throw-in in soccer. A goal can,no,no,Correct,1.3695
semantic,11,dev_0426,no,"NO. According to the rules of association football, the goalkeeper cannot touch the ball",no,no,Correct,1.3679000000000001
semantic,11,dev_0464,no,NO. The golden goal rule was not used in the 2018,no,no,Correct,1.3668
semantic,11,dev_0563,no,"NO. Croatia has not won the FIFA World Cup. They have, however,",no,no,Correct,2.6792
semantic,11,dev_0658,no,NO. A walk in baseball is not a dead ball; it occurs when a,no,no,Correct,1.3685999999999998
semantic,11,dev_1366,no,NO. The UEFA Champions League trophy is not replaced annually; it is a permanent,no,no,Correct,1.3349000000000002
semantic,11,dev_1471,no,NO. A player cannot be offside during a throw-in. The offside,no,no,Correct,1.3718
semantic,11,dev_1558,no,NO,no,no,Correct,1.3357999999999999
semantic,11,dev_1580,no,"NO. The Chicago White Sox play at Guaranteed Rate Field, while the Chicago Cubs",no,no,Correct,1.3678
semantic,11,dev_2401,no,NO,no,no,Correct,1.3709
semantic,11,dev_2436,no,NO. The,no,no,Correct,1.365
semantic,11,dev_3224,no,"NO. In Major League Baseball, if a game is suspended and resumed, it",no,no,Correct,1.331
semantic,11,dev_0022,yes,"NO. A spark plug ignites the fuel-air mixture in the combustion chamber,",no,no,Incorrect,1.368
semantic,11,dev_0132,yes,YES,yes,yes,Correct,1.3688
semantic,11,dev_0268,yes,YES. An AGM (Absorbent Glass Mat) battery is a type,yes,yes,Correct,1.371
semantic,11,dev_0646,yes,YES. Multithreading can improve the responsiveness and efficiency of a single-processor,yes,yes,Correct,1.3349000000000002
semantic,11,dev_0697,yes,"NO

Google Drive does not have a storage limit for individual accounts; however,",no,no,Incorrect,1.3346
semantic,11,dev_0935,yes,YES,yes,yes,Correct,1.3322
semantic,11,dev_1159,yes,"YES

A high-level language can use an assembler through various mechanisms, such as",yes,yes,Correct,1.3363
semantic,11,dev_1376,yes,YES. A database can contain multiple tables to organize and manage different types of data,yes,yes,Correct,1.3297999999999999
semantic,11,dev_1646,yes,NO. Cast-iron pans are not typically compatible with induction cooktops because,no,no,Incorrect,1.3337
semantic,11,dev_1869,yes,"YES

A database table can indeed have multiple foreign keys, each referencing a different",yes,yes,Correct,1.3319
semantic,11,dev_2397,yes,"YES

Cell phone jammers are devices designed to block or interfere with cellular signals",yes,yes,Correct,1.3340999999999998
semantic,11,dev_0512,no,NO,no,no,Correct,1.3342
semantic,11,dev_1524,no,NO,no,no,Correct,1.366
semantic,11,dev_1675,no,NO,no,no,Correct,1.3642999999999998
semantic,11,dev_1723,no,"NO

Using a regular bulb in a 3-way lamp may not work properly",no,no,Correct,1.3678
semantic,11,dev_2027,no,NO.,no,no,Correct,1.3362
semantic,11,dev_2104,no,"YES

You can get on the internet with a PlayStation 2 using a PS",yes,yes,Incorrect,1.3672
semantic,11,dev_2262,no,"NO. WordPad is a basic text editor included with Windows operating systems, while",no,no,Correct,1.3642
semantic,11,dev_2431,no,"NO. In a tree data structure, each node can have multiple children, but",no,no,Correct,1.3638
semantic,11,dev_2524,no,NO. The iPhone SE is a more recent model that was designed to have the,no,no,Correct,1.3659000000000001
semantic,11,dev_3057,no,NO. Windows Subsystem for Linux (WSL) is not a virtual machine,no,no,Correct,1.3349000000000002
semantic,11,dev_3167,no,NO. Gear oil and motor oil are not the same. They have different formulations,no,no,Correct,1.3700999999999999
semantic,21,dev_0023,yes,NO,no,no,Incorrect,1.9347999999999999
semantic,21,dev_0039,no,"YES

Carbon can form polar covalent bonds with hydrogen. The difference in",yes,yes,Incorrect,2.0635
semantic,21,dev_0055,no,NO. Wisconsin has not won the Little League World Series. While Wisconsin teams can,no,no,Correct,1.9915999999999998
semantic,21,dev_0059,no,NO. The Five Heartbeats is a fictional R&B quartet featured in,no,no,Correct,1.991
semantic,21,dev_0068,no,NO. The United States Supreme Court has ruled that the death penalty cannot be imposed,no,no,Correct,1.9968
semantic,21,dev_0087,yes,"NO. The ""boiling frog"" concept is a metaphor and not based on",no,no,Incorrect,3.3258
semantic,21,dev_0107,no,"NO

In Australia, gambling winnings are generally not subject to income tax. However",no,no,Correct,1.989
semantic,21,dev_0120,yes,NO. A vehicle title and registration are related but distinct documents. The title proves,no,no,Incorrect,1.998
semantic,21,dev_0138,no,NO. The National Minimum Drinking Age Act requires all states to set the legal drinking,no,no,Correct,1.995
semantic,21,dev_0151,no,"NO

Numbers do not look the same in all languages because different cultures and languages",no,no,Correct,1.9872999999999998
semantic,21,dev_0163,yes,NO.,no,no,Incorrect,1.993
semantic,21,dev_0165,no,NO,no,no,Correct,1.9838
semantic,21,dev_0207,no,NO. France is generally in the Central European Time (CET) or Central,no,no,Correct,1.9807000000000001
semantic,21,dev_0210,no,NO,no,no,Correct,2.058
semantic,21,dev_0221,no,"NO. Markup languages are designed to structure and format content, not specifically to describe",no,no,Correct,1.9350999999999998
semantic,21,dev_0229,yes,"YES

All UK National Insurance numbers have a letter at the end, which is",yes,yes,Correct,1.9922
semantic,21,dev_0237,no,"NO

There is no difference between ""2-cycle"" and ""2-stroke",no,no,Correct,1.9882
semantic,21,dev_0243,no,"YES

St. Louis, Missouri, has a Chinatown located in the Ville",yes,yes,Incorrect,1.9970999999999999
semantic,21,dev_0248,yes,YES. Peregrine falcons are faster than cheetahs. Pere,yes,yes,Correct,2.0
semantic,21,dev_0249,yes,"NO. Queen ants do not give birth to queen ants directly. Instead, they",no,no,Incorrect,2.0005
semantic,21,dev_0251,yes,"NO. Each sister chromatid contains the same amount of DNA as a chromosome,",no,no,Incorrect,1.9854
semantic,21,dev_0257,yes,NO. Glass windows do not typically break on their own without external forces or significant,no,no,Incorrect,1.9812
semantic,21,dev_0270,no,"NO. In the United States, the legal drinking age is set at 2",no,no,Correct,1.9990999999999999
semantic,21,dev_0287,yes,NO,no,no,Incorrect,1.9894
semantic,21,dev_0295,no,"NO

Doves and pigeons are often considered part of the same group in",no,no,Correct,3.3383000000000003
semantic,21,dev_0298,yes,NO.,no,no,Incorrect,1.9279000000000002
semantic,21,dev_0312,no,No. Adjectives can come before a noun (attributive position) or after,no,no,Correct,1.9897
semantic,21,dev_0316,yes,NO. The internal intercostal muscles contract during exhalation to help decrease,no,no,Incorrect,2.058
semantic,21,dev_0318,yes,YES. An Ace-2-3-4-5 is considered an ace,yes,yes,Correct,1.9815
semantic,21,dev_0321,yes,NO. A filibuster can be used to prevent a vote on a Supreme Court,no,no,Incorrect,1.9941
semantic,21,dev_0333,yes,NO. The .22 Magnum (often abbreviated as .22 Mag.),no,no,Incorrect,1.9895
semantic,21,dev_0336,no,"NO

Muay Thai and Thai boxing are essentially the same thing. The term",no,no,Correct,1.9872
semantic,21,dev_0343,yes,NO. The president is not the only member of the executive branch. It includes,no,no,Incorrect,1.9969000000000001
semantic,21,dev_0352,no,"NO. In soccer, you cannot score directly from a throw-in. A goal",no,no,Correct,3.4319
semantic,21,dev_0355,no,NO. Father's Day is not the same day every year; it is observed,no,no,Correct,1.986
semantic,21,dev_0364,no,"NO. While having a wicket-keeper is common and often beneficial, it",no,no,Correct,1.9837
semantic,21,dev_0366,no,"YES

The structure that separates the abdominal cavity and the pelvic cavity is the pelvic",yes,yes,Incorrect,1.9427999999999999
semantic,21,dev_0406,no,NO. A California roll typically does not contain fish. It usually includes ingredients like,no,no,Correct,1.9405999999999999
semantic,21,dev_0428,no,NO. Peroxide is a broader term that refers to any compound containing the,no,no,Correct,1.9387999999999999
semantic,21,dev_0429,yes,NO. Flax oil and linseed oil are derived from the same plant (,no,no,Incorrect,2.0631999999999997
semantic,21,dev_0430,yes,NO. The Banaue Rice Terraces are not one of the 7,no,no,Incorrect,2.0631999999999997
semantic,21,dev_0436,no,"YES

The term ""broken heart"" is often used metaphorically to describe emotional",yes,yes,Incorrect,1.9865
semantic,21,dev_0441,no,"NO. Shrimp with lobster sauce typically features shrimp as the main ingredient, even",no,no,Correct,3.4027
semantic,21,dev_0442,yes,"YES, lead dust can be absorbed through the eyes, which is why it's",yes,yes,Correct,2.0587
semantic,21,dev_0479,no,"NO, there is no specific breed called ""miniature pig."" There are small",no,no,Correct,1.9912
semantic,21,dev_0481,no,"NO. New York City officially consists of five boroughs: Manhattan, Brooklyn,",no,no,Correct,1.9955
semantic,21,dev_0482,no,YES,yes,yes,Incorrect,2.0612
semantic,21,dev_0487,no,NO. You cannot grow banana trees from a banana. Bananas are propagated primarily,no,no,Correct,1.9883
semantic,21,dev_0504,yes,NO,no,no,Incorrect,1.9381
semantic,21,dev_0509,no,NO,no,no,Correct,1.9910999999999999
semantic,21,dev_0532,no,"YES

It is possible to connect the brain to a computer through various neurotechnology",yes,yes,Incorrect,1.9948
semantic,21,dev_0534,no,"NO

The National Guard can be called up for duty both within the United States",no,no,Correct,1.9921
semantic,21,dev_0536,yes,"NO. Thanos does not appear in the first ""Guardians of the Galaxy",no,no,Incorrect,2.0581
semantic,21,dev_0537,no,"YES

You can receive a caution without being arrested. A caution is a formal",yes,yes,Incorrect,1.9939
semantic,21,dev_0546,yes,"NO. The College of William & Mary is not part of the Ivy League,",no,no,Incorrect,1.9985
semantic,21,dev_0560,no,"I don't know. The University of Tampa is a real institution, but I",i,idk,IDK,1.9867000000000001
semantic,21,dev_0568,no,"NO. The movie ""Heat"" was not based on a book. It was",no,no,Correct,1.9424000000000001
semantic,21,dev_0569,no,"YES

The NBA salary cap is a hard cap, meaning teams are strictly limited",yes,yes,Incorrect,1.9937
semantic,21,dev_0588,yes,"NO. Boost Mobile and Virgin Mobile are separate wireless carriers in the United States,",no,no,Incorrect,1.9855
semantic,21,dev_0594,no,NO. Bee stingers are barbed and typically get stuck in the skin of,no,no,Correct,1.9898
semantic,21,dev_0596,no,NO. C# and Visual C# are related but not exactly the same.,no,no,Correct,1.9907000000000001
semantic,21,dev_0598,yes,NO,no,no,Incorrect,3.3381
semantic,21,dev_0612,yes,"NO. Popcorn is made from a specific type of corn kernel, not from",no,no,Incorrect,1.9905
semantic,21,dev_0617,yes,YES,yes,yes,Correct,1.9287
semantic,21,dev_0662,yes,"NO

LensCrafters and Pearle Vision were once separate companies but were both",no,no,Incorrect,1.9952
semantic,21,dev_0678,no,NO. Washing a child's mouth with soap is not safe and can cause irritation,no,no,Correct,1.991
semantic,21,dev_0696,no,"NO

New Hampshire does not have a mandatory seat belt law for adults. Pass",no,no,Correct,1.9984000000000002
semantic,21,dev_0711,yes,"NO

Musician's Friend and Guitar Center are two separate companies in the musical",no,no,Incorrect,1.9970999999999999
semantic,21,dev_0718,yes,"NO. Chicago is currently the third-largest city in the United States, with New",no,no,Incorrect,1.98
semantic,21,dev_0724,no,"YES

There is a sequel to ""Along Came a Spider."" The sequel is",yes,yes,Incorrect,2.0576999999999996
semantic,21,dev_0731,no,NO,no,no,Correct,1.9889000000000001
semantic,21,dev_0737,no,"YES. A Cornish game hen is typically a young chicken, usually around",yes,yes,Incorrect,1.9849
semantic,21,dev_0754,yes,NO,no,no,Incorrect,1.9799
semantic,21,dev_0759,no,"YES

North and South Korea share the same language, which is referred to as",yes,yes,Incorrect,1.9841
semantic,21,dev_0764,yes,NO,no,no,Incorrect,3.2891
semantic,21,dev_0782,yes,YES,yes,yes,Correct,1.934
semantic,21,dev_0817,no,"YES

In ""Deadpool 2,"" there is a post-credit scene",yes,yes,Incorrect,1.9906
semantic,21,dev_0829,no,NO. The Battle of New Orleans was fought after the Treaty of Ghent was,no,no,Correct,2.0661
semantic,21,dev_0832,no,NO. The Pan-American Highway is not fully connected due to the Darién,no,no,Correct,1.9906
semantic,21,dev_0837,yes,NO. Universal healthcare and socialized medicine are related but distinct concepts. Universal healthcare,no,no,Incorrect,3.4032
semantic,21,dev_0853,no,NO. The Eagle Scout rank is specific to the Boy Scouts of America program and,no,no,Correct,2.0
semantic,21,dev_0854,no,NO. Elephants are not at the top of the food chain. They are,no,no,Correct,1.993
semantic,21,dev_0862,no,"NO

In chess, you do not need to announce ""check"" when making",no,no,Correct,1.9968
semantic,21,dev_0871,yes,"NO. English is widely spoken and used as a second language in many countries,",no,no,Incorrect,1.9983
semantic,21,dev_0916,yes,NO. The Ryman Auditorium and the Grand Ole Opry are two distinct,no,no,Incorrect,1.9899
semantic,21,dev_0922,yes,"NO

Passport cards are not valid for air travel to Canada. Only passports",no,no,Incorrect,1.9943
semantic,21,dev_0933,no,"NO

The cremaster muscle is not in the spermatic cord. The sperm",no,no,Correct,1.9405999999999999
semantic,21,dev_0934,yes,NO,no,no,Incorrect,1.9809
semantic,21,dev_0940,yes,YES,yes,yes,Correct,1.9872
semantic,21,dev_0944,no,NO,no,no,Correct,1.9914
semantic,21,dev_0952,yes,"NO

Merrill Lynch was a prominent investment bank that was acquired by Bank",no,no,Incorrect,1.9921
semantic,21,dev_0958,yes,"YES

The eyes are considered part of the sensory nervous system because they contain phot",yes,yes,Correct,1.9342000000000001
semantic,21,dev_0981,no,NO. Pyruvic acid and pyruvate are essentially the same compound,no,no,Correct,2.0565
semantic,21,dev_0991,yes,NO,no,no,Incorrect,1.9750999999999999
semantic,21,dev_0994,yes,NO. A white background cannot be used as a green screen because chroma key,no,no,Incorrect,1.9298
semantic,21,dev_0996,no,NO. There is no actual town called Radiator Springs on Route 66,no,no,Correct,2.0574
semantic,21,dev_1006,no,"NO. In the United States, you do not need to be literate to",no,no,Correct,1.9243
semantic,21,dev_1011,no,"YES

The FIFA World Cup Trophy is officially named after Jules Rimet,",yes,yes,Incorrect,2.0532
semantic,21,dev_1022,yes,"YES

Enterprise value (EV) is essentially the same as firm value, as",yes,yes,Correct,1.9769
semantic,21,dev_1049,no,NO. Red pandas are not related to giant pandas. They belong to different families,no,no,Correct,1.9909000000000001
semantic,21,dev_1062,yes,NO,no,no,Incorrect,2.054
semantic,21,dev_1075,yes,"NO

All NHL ice rinks are required to meet specific size and dimension standards",no,no,Incorrect,1.9788
semantic,21,dev_1102,no,"NO

Sweating and perspiring are essentially the same processes. Both terms",no,no,Correct,1.9269
semantic,21,dev_1110,yes,"NO. The NBA draft consists of multiple rounds, typically including a first round and",no,no,Incorrect,1.9377
semantic,21,dev_1112,no,"NO. Nuclear power refers specifically to the use of nuclear reactions to generate electricity,",no,no,Correct,1.9903
semantic,21,dev_1113,yes,"NO

A ball python and a royal python refer to the same species, Python",no,no,Incorrect,1.9821
semantic,21,dev_1121,no,NO.,no,no,Correct,3.3081
semantic,21,dev_1133,no,NO. The Crew 2 focuses more on open-world gameplay and less on a,no,no,Correct,1.9878
semantic,21,dev_1138,yes,NO. Anaerobic respiration does not involve an electron transport chain. Instead,no,no,Incorrect,1.9922
semantic,21,dev_1146,yes,NO,no,no,Incorrect,1.9789
semantic,21,dev_1155,yes,"NO

GMC Sierra and Chevrolet Silverado are different brands but share the same",no,no,Incorrect,1.986
semantic,21,dev_1175,no,YES,yes,yes,Incorrect,2.0584000000000002
semantic,21,dev_1178,no,NO. No Major League Baseball team has gone undefeated in a full season. The,no,no,Correct,1.9739
semantic,21,dev_1183,yes,NO. Pork loin ribs and baby back ribs come from different parts of the pig,no,no,Incorrect,1.9888
semantic,21,dev_1196,no,"YES

In India, a person can have dual citizenship under certain circumstances, such",yes,yes,Incorrect,1.9832
semantic,21,dev_1204,yes,NO. The Eye of Agamotto is a powerful artifact in the Marvel Universe,no,no,Incorrect,3.3028000000000004
semantic,21,dev_1205,no,"NO. In chess, you cannot take out the king directly. The goal is",no,no,Correct,1.9817
semantic,21,dev_1209,yes,NO. While it is theoretically possible to convert lead into gold through nuclear transmutation,no,no,Incorrect,1.9886
semantic,21,dev_1227,no,NO.,no,no,Correct,1.9365999999999999
semantic,21,dev_1229,no,NO. The color orange is named after the fruit. The fruit was known before,no,no,Correct,1.9881
semantic,21,dev_1230,yes,"NO. A double eagle is a score of three under par on a hole,",no,no,Incorrect,2.0541
semantic,21,dev_1235,no,NO,no,no,Correct,1.9737
semantic,21,dev_1239,yes,NO. A CPAP (Continuous Positive Airway Pressure) is a type of,no,no,Incorrect,2.058
semantic,21,dev_1241,no,"NO

Period 6 of the periodic table includes elements from atomic number 5",no,no,Correct,1.9904000000000002
semantic,21,dev_1250,yes,"YES

The micropyle is a small opening in the seed coat that often",yes,yes,Correct,3.333
semantic,21,dev_1256,yes,NO,no,no,Incorrect,1.9835
semantic,21,dev_1261,no,"NO
Louisiana does not have a state income tax. The state relies primarily",no,no,Correct,1.93
semantic,21,dev_1267,no,"NO

Better Call Saul is set before and during the events of Breaking Bad.",no,no,Correct,1.9899
semantic,21,dev_1271,no,"NO

The National Minimum Drinking Age Act requires all states to set the legal drinking",no,no,Correct,1.9965
semantic,21,dev_1283,yes,NO.,no,no,Incorrect,1.9872
semantic,21,dev_1285,no,NO. No woman has ever won the Indianapolis 500. The race,no,no,Correct,1.9809
semantic,21,dev_1286,no,"NO

Lightning bugs and fireflies are essentially the same thing. The term",no,no,Correct,2.0589
semantic,21,dev_1294,yes,NO. A terminating decimal cannot be written as a recurring decimal because a terminating decimal,no,no,Incorrect,1.984
semantic,21,dev_1296,yes,"NO

PlayStation 2 games do not play directly on PlayStation 4 without",no,no,Incorrect,3.3049
semantic,21,dev_1303,no,NO. You do not have to touch the ball to be offside in soccer,no,no,Correct,1.993
semantic,21,dev_1307,yes,"NO. In soccer, a kickoff is a direct free kick, but the ball",no,no,Incorrect,2.0555
semantic,21,dev_1311,yes,NO. The crankshaft pulley and harmonic balancer are related but distinct components,no,no,Incorrect,1.9401
semantic,21,dev_1316,yes,"NO. The Gateway Arch in St. Louis is not a national park itself,",no,no,Incorrect,2.0528000000000004
semantic,21,dev_1317,no,NO,no,no,Correct,1.9926
semantic,21,dev_1333,yes,NO,no,no,Incorrect,2.0597
semantic,21,dev_1336,yes,"NO. Nerves are part of the peripheral nervous system, not the central nervous",no,no,Incorrect,1.8508
semantic,21,dev_1345,no,"NO

There is no difference between a confidentiality agreement and a non-disclosure agreement",no,no,Correct,1.9347999999999999
semantic,21,dev_1359,no,"NO. According to basketball rules, an assist must be credited to a player who",no,no,Correct,3.2822
semantic,21,dev_1370,yes,"NO. In deuce-to-seven lowball, A-2-3-",no,no,Incorrect,1.9924000000000002
semantic,21,dev_1371,no,NO. While Rafflesia arnoldii produces the largest unbran,no,no,Correct,2.0542
semantic,21,dev_1372,yes,NO,no,no,Incorrect,2.0556
semantic,21,dev_1382,no,NO,no,no,Correct,1.994
semantic,21,dev_1406,no,YES,yes,yes,Incorrect,2.0566999999999998
semantic,21,dev_1408,yes,"NO. If a foul ball is caught by a fielder, the batter is",no,no,Incorrect,1.9882
semantic,21,dev_1413,yes,NO. Brazil has never won the FIFA World Cup in Europe. Their victories have,no,no,Incorrect,2.0556
semantic,21,dev_1419,yes,NO,no,no,Incorrect,1.9919
semantic,21,dev_1420,yes,"YES, 4x4 is another term for four-wheel drive (4WD",yes,yes,Correct,2.0542
semantic,21,dev_1423,no,"NO. ""Take Me Home, Country Roads"" is about West Virginia, not",no,no,Correct,3.3291999999999997
semantic,21,dev_1424,no,"NO. Hawaii is located in a tropical region, so temperatures generally remain warm throughout",no,no,Correct,1.9865
semantic,21,dev_1436,no,NO. Equity in your home is generally considered an illiquid asset because it cannot,no,no,Correct,1.9866
semantic,21,dev_1438,yes,NO.,no,no,Incorrect,1.9828
semantic,21,dev_1452,no,NO. A neurotransmitter is typically classified as either excitatory or inhibitory based,no,no,Correct,2.0613
semantic,21,dev_1455,yes,NO,no,no,Incorrect,1.936
semantic,21,dev_1464,no,NO. A sweet potato is not part of the potato family. Sweet potatoes belong,no,no,Correct,1.976
semantic,21,dev_1467,yes,"YES

In the UK, a grade D at A-level is generally considered a",yes,yes,Correct,1.9875999999999998
semantic,21,dev_1473,yes,YES. A sailboat can travel faster than the wind through the use of hydro,yes,yes,Correct,1.9906
semantic,21,dev_1489,yes,"NO. While ""Mamma Mia! Here We Go Again"" features many AB",no,no,Incorrect,3.4012
semantic,21,dev_1498,yes,NO. The Nobel Peace Prize is not always awarded every single year. There have,no,no,Incorrect,1.9815999999999998
semantic,21,dev_1508,no,YES. There have been several instances of fatalities during the Tour de France throughout its,yes,yes,Incorrect,1.9815
semantic,21,dev_1515,no,"NO. There is no law that explicitly requires individuals to pay federal income taxes,",no,no,Correct,2.0627
semantic,21,dev_1517,yes,NO.,no,no,Incorrect,2.0551999999999997
semantic,21,dev_1528,yes,NO. A J.D. (Juris Doctor) is a professional doctorate,no,no,Incorrect,1.9784000000000002
semantic,21,dev_1533,no,"YES

The July 27, 2018 lunar eclipse was",yes,yes,Incorrect,2.0665999999999998
semantic,21,dev_1534,no,"NO. According to baseball rules, a player cannot legally catch a ball in the",no,no,Correct,1.992
semantic,21,dev_1546,yes,NO. A passport card cannot be used for REAL ID purposes. The REAL ID,no,no,Incorrect,1.9767000000000001
semantic,21,dev_1552,yes,NO. The poly(A) tail is added to the 3' end of,no,no,Incorrect,1.9741
semantic,21,dev_1557,no,NO,no,no,Correct,1.9745
semantic,21,dev_1563,no,"NO. The Big Dipper is part of the constellation Ursa Major, but",no,no,Correct,1.9382000000000001
semantic,21,dev_1627,no,NO. The esophagus is generally behind the heart (posterior to the,no,no,Correct,2.0604
semantic,21,dev_1632,yes,NO. The World Health Organization (WHO) is an international organization that works with,no,no,Incorrect,1.9790999999999999
semantic,21,dev_1650,yes,YES,yes,yes,Correct,1.9789
semantic,21,dev_1655,no,"NO

Soy sauce and soya sauce are the same thing. The term",no,no,Correct,2.0538000000000003
semantic,21,dev_1658,yes,NO. The Nazca Lines are best viewed from the air due to their large,no,no,Incorrect,2.0587
semantic,21,dev_1659,yes,"NO. An undergraduate degree is typically the same as a bachelor's degree, but",no,no,Incorrect,1.9886
semantic,21,dev_1673,yes,"YES

Grizzly bears (Ursus arctos horribilis",yes,yes,Correct,1.9882
semantic,21,dev_1680,no,YES. Picking your nose can irritate the nasal tissues and potentially damage the,yes,yes,Incorrect,3.3264
semantic,21,dev_1687,no,"NO

The U.S. Air Force does not have warrant officer ranks. W",no,no,Correct,2.0555
semantic,21,dev_1698,no,"NO

Fullmetal Alchemist: Brotherhood is a reboot and not a direct continuation",no,no,Correct,1.9416
semantic,21,dev_1707,yes,NO. A public limited company (PLC) is a specific type of limited,no,no,Incorrect,1.9937
semantic,21,dev_1727,yes,"NO. A digital audio cable can refer to various types of digital connections, such",no,no,Incorrect,1.984
semantic,21,dev_1736,no,NO. The magnitude of a physical quantity does not change with a change in the,no,no,Correct,1.9892
semantic,21,dev_1737,yes,NO. A free throw is a specific type of shot taken from the free-,no,no,Incorrect,1.9855
semantic,21,dev_1740,yes,"NO. The medullary cavity contains yellow bone marrow or red bone marrow,",no,no,Incorrect,1.9828
semantic,21,dev_1743,no,NO. While The Last King of Scotland draws inspiration from the reign of Idi,no,no,Correct,1.9921
semantic,21,dev_1749,yes,NO. Delhi University and the University of Delhi are not the same. Delhi University,no,no,Incorrect,3.3288
semantic,21,dev_1750,no,NO,no,no,Correct,2.0533
semantic,21,dev_1757,yes,NO. The profit and loss statement and income statement are essentially the same thing.,no,no,Incorrect,2.0545999999999998
semantic,21,dev_1763,yes,"NO. The House of Representatives is one of the two chambers of Congress, along",no,no,Incorrect,1.993
semantic,21,dev_1775,no,NO. The NBA Finals are played in a 2-3-2 format,no,no,Correct,2.0585999999999998
semantic,21,dev_1789,no,YES,yes,yes,Incorrect,1.9314
semantic,21,dev_1806,no,"NO. The U.S. no longer issues $1,000 bills",no,no,Correct,2.0873000000000004
semantic,21,dev_1814,no,"NO. In the North American Numbering Plan (NANP), the digits",no,no,Correct,2.0534
semantic,21,dev_1823,yes,NO. The MLB All-Star Game does not determine World Series home-field advantage.,no,no,Incorrect,2.0641
semantic,21,dev_1832,no,"NO. The town of Garrison is a fictional location used in the Netflix series """,no,no,Correct,2.0551999999999997
semantic,21,dev_1849,yes,"NO. In a RACI chart, one person cannot be both Responsible and",no,no,Incorrect,2.057
semantic,21,dev_1851,no,YES,yes,yes,Incorrect,1.9927000000000001
semantic,21,dev_1857,no,NO. Cows do not need to give birth to produce milk. Prol,no,no,Correct,1.9902
semantic,21,dev_1895,yes,"NO. The empty set is not an element of itself. In set theory,",no,no,Incorrect,2.0544000000000002
semantic,21,dev_1906,no,NO. College football players do not have to enter the NFL Draft to play professionally,no,no,Correct,1.9866
semantic,21,dev_1916,yes,"NO

These games are spin-offs of the main series, designed to introduce younger",no,no,Incorrect,1.9872999999999998
semantic,21,dev_1919,yes,"YES

Nuclear transmutation can convert one element into another through various processes,",yes,yes,Correct,1.9803
semantic,21,dev_1924,yes,NO. A car's serial number is not the same as its VIN. The,no,no,Incorrect,1.9917
semantic,21,dev_1938,no,NO. The empty set is not an element of the set that contains the empty,no,no,Correct,1.9835999999999998
semantic,21,dev_1948,yes,NO.,no,no,Incorrect,1.9888
semantic,21,dev_1950,no,"NO. The Gulf of Mexico is considered a marginal sea, which is a large",no,no,Correct,1.9924000000000002
semantic,21,dev_1960,no,NO,no,no,Correct,2.0618000000000003
semantic,21,dev_1977,no,"NO

According to the natural-born citizen clause in Article II of the U.S",no,no,Correct,1.9949000000000001
semantic,21,dev_1995,yes,"NO. Winning the FA Cup qualifies a team for the UEFA Europa League, not",no,no,Incorrect,1.9939
semantic,21,dev_1997,yes,"YES. The Alphabet Song and Twinkle, Twinkle, Little Star share the",yes,yes,Correct,2.0524
semantic,21,dev_2009,no,NO. Color Wonder markers are designed to work only on special Color Wonder surfaces to,no,no,Correct,3.3142
semantic,21,dev_2032,yes,"YES. Flies, particularly those that cause myiasis, can lay eggs",yes,yes,Correct,1.9912999999999998
semantic,21,dev_2045,yes,NO,no,no,Incorrect,2.0566
semantic,21,dev_2053,no,"NO. In tennis, you can score points whether you are serving or receiving.",no,no,Correct,1.9247999999999998
semantic,21,dev_2061,no,"NO

In many jurisdictions, the choice of next of kin is determined by law",no,no,Correct,1.9863
semantic,21,dev_2065,yes,"NO. ""RealFeel"" is a weather index developed by AccuWeather that",no,no,Incorrect,1.9782
semantic,21,dev_2068,yes,"NO. Allied Waste was acquired by Republic Services in 2011,",no,no,Incorrect,1.9881
semantic,21,dev_2078,no,YES,yes,yes,Incorrect,1.9897
semantic,21,dev_2079,yes,YES,yes,yes,Correct,1.9799
semantic,21,dev_2088,no,NO. English is not the official language of the United States at the federal level,no,no,Correct,2.0585
semantic,21,dev_2091,no,"NO

The home team cannot win by exactly two runs in extra innings because the",no,no,Correct,2.058
semantic,21,dev_2094,no,YES,yes,yes,Incorrect,1.9955
semantic,21,dev_2095,yes,"NO. Noel Gallagher sings ""Don't Look Back in Anger,"" but it",no,no,Incorrect,2.0591
semantic,21,dev_2139,no,"YES

You can travel internationally with a passport card if you are a U.S",yes,yes,Incorrect,2.0529
semantic,21,dev_2166,yes,"YES

Staring at a bright light, such as the sun or a powerful",yes,yes,Correct,1.9892
semantic,21,dev_2184,no,"YES

The U.S. has had military presence in Saudi Arabia since the",yes,yes,Incorrect,1.9912999999999998
semantic,21,dev_2187,yes,"NO. In basketball, a free throw must be taken from behind the free-",no,no,Incorrect,1.9849
semantic,21,dev_2192,no,NO. A lieutenant colonel is lower in rank than a colonel. The,no,no,Correct,2.0524
semantic,21,dev_2196,no,NO. Red-eared slider turtles are terrestrial when it comes to egg-laying,no,no,Correct,1.9923
semantic,21,dev_2199,yes,YES,yes,yes,Correct,3.3355
semantic,21,dev_2204,yes,NO. Picking someone up by their hair is not safe and can cause significant,no,no,Incorrect,1.9865
semantic,21,dev_2220,no,NO,no,no,Correct,1.9926
semantic,21,dev_2224,no,NO. Rubies are always red due to the presence of chromium. Blue gem,no,no,Correct,2.06
semantic,21,dev_2232,no,YES,yes,yes,Incorrect,2.0634
semantic,21,dev_2234,no,"NO. Pokémon: Let's Go, Eevee! is part of the",no,no,Correct,1.9954
semantic,21,dev_2237,no,"NO. The Riviera Maya is located on the Caribbean Sea, not the Gulf",no,no,Correct,2.0543
semantic,21,dev_2247,yes,"NO

In New Jersey, it is illegal for individuals under the age of",no,no,Incorrect,2.0536999999999996
semantic,21,dev_2248,yes,NO. Pixel density and resolution are related but not the same thing. Resolution refers,no,no,Incorrect,1.9855
semantic,21,dev_2266,no,"YES, the Nissan Pathfinder is considered a full-size SUV.",yes,yes,Incorrect,1.995
semantic,21,dev_2275,yes,"NO

Card counting is not illegal in Las Vegas or in Nevada, but casinos",no,no,Incorrect,1.9781
semantic,21,dev_2295,yes,NO,no,no,Incorrect,1.9768
semantic,21,dev_2304,yes,NO. The House of Representatives is part of Congress but is not called Congress on,no,no,Incorrect,1.9859
semantic,21,dev_2306,yes,NO. Doubling your bet in roulette (like with the Martingale system,no,no,Incorrect,1.9207
semantic,21,dev_2310,no,NO. In-N-Out Burger is not a franchise; it is a chain of,no,no,Correct,1.986
semantic,21,dev_2315,yes,"NO

Centripetal force is the force directed toward the center of a circular",no,no,Incorrect,1.9928
semantic,21,dev_2323,no,"NO. The film ""Tully"" is not based on a book. It",no,no,Correct,2.052
semantic,21,dev_2328,no,"YES

Corinthian leather is a type of high-quality leather that has been",yes,yes,Incorrect,1.9795999999999998
semantic,21,dev_2350,no,"NO

""Little House on the Prairie"" is a semi-autobiographical novel",no,no,Correct,1.9890999999999999
semantic,21,dev_2382,yes,NO. The right atrium receives deoxygenated blood from the body via,no,no,Incorrect,2.061
semantic,21,dev_2387,yes,"NO

Northern Ireland has never qualified for the FIFA World Cup finals. The country",no,no,Incorrect,1.9843
semantic,21,dev_2388,no,It depends on the specifics of the case and the laws of the jurisdiction. Generally,it,other,NC,1.8585
semantic,21,dev_2396,yes,"NO. Semolina flour is coarsely ground wheat, often used for making",no,no,Incorrect,1.9912
semantic,21,dev_2408,yes,"NO. Employment termination can include various forms of ending an employee's contract, such",no,no,Incorrect,1.9757
semantic,21,dev_2413,no,"NO, the movie ""Stalingrad"" (also known as ""Staling",no,no,Correct,2.0523000000000002
semantic,21,dev_2428,yes,NO. A PICC line (Peripherally Inserted Central Catheter),no,no,Incorrect,1.9901
semantic,21,dev_2433,no,"It depends on the specific military branch and its regulations. For example, the U",it,other,NC,1.9372
semantic,21,dev_2434,no,"NO

The Spanish national anthem, ""Marcha Real,"" does not have words",no,no,Correct,1.9885
semantic,21,dev_2447,no,NO,no,no,Correct,3.2086
semantic,21,dev_2473,yes,"NO. Pokémon Gold and Silver, along with their regional counterparts Pokémon Crystal (released",no,no,Incorrect,1.9826
semantic,21,dev_2479,no,"NO. Hong Kong is generally considered to be outside the Great Firewall of China,",no,no,Correct,1.9882
semantic,21,dev_2504,no,"YES. The Strip is located in the city of Las Vegas, Nevada. It",yes,yes,Incorrect,1.9872
semantic,21,dev_2532,yes,"YES

This describes the condition known as fetus in fetu, where one twin",yes,yes,Correct,2.0542
semantic,21,dev_2537,no,NO. Social studies and social science are related but distinct fields. Social studies is,no,no,Correct,1.9352
semantic,21,dev_2538,no,NO,no,no,Correct,1.978
semantic,21,dev_2547,yes,NO. The .224 diameter bullet is typically used in the .2,no,no,Incorrect,2.0635
semantic,21,dev_2548,no,NO. The queen bee does not die after stinging. It is actually the,no,no,Correct,2.0528000000000004
semantic,21,dev_2555,no,NO. Lymphoma is a type of cancer that affects the lymphatic system,no,no,Correct,3.3076
semantic,21,dev_2566,no,"YES

A Bachelor of Education (B.Ed.) is typically an undergraduate degree that",yes,yes,Incorrect,1.9948
semantic,21,dev_2572,no,"NO. The Channel Islands (including Jersey, Guernsey, and other smaller",no,no,Correct,1.9815
semantic,21,dev_2577,no,"YES

In soccer, a kick-off must go forward. The ball must be",yes,yes,Incorrect,1.9301
semantic,21,dev_2605,yes,NO. The .45 Colt and .45 Long Colt are related but,no,no,Incorrect,1.9938
semantic,21,dev_2614,yes,NO. Snow-on-the-Mountain (Euphorbia marginata) and,no,no,Incorrect,2.0545999999999998
semantic,21,dev_2622,no,"NO

The 7.62 NATO and .308 Win are",no,no,Correct,1.9908
semantic,21,dev_2634,yes,"NO. In 8-ball pool, there is no concept of ""ball in",no,no,Incorrect,1.9830999999999999
semantic,21,dev_2643,no,"YES

Elements of the periodic table are typically capitalized in chemical formulas and nomencl",yes,yes,Incorrect,1.9907000000000001
semantic,21,dev_2655,yes,"NO

Visa Delta is not the same as Visa Debit. Visa Delta",no,no,Incorrect,1.984
semantic,21,dev_2656,yes,"NO

The right of abode refers to the absolute right to live in a",no,no,Incorrect,1.9821
semantic,21,dev_2690,yes,"NO. Parcelforce and Royal Mail are separate companies, although they both",no,no,Incorrect,1.9755
semantic,21,dev_2719,no,NO. Electrons flow in the opposite direction of conventional current. Conventional current,no,no,Correct,1.9892999999999998
semantic,21,dev_2727,no,NO. The AR-10 is a semi-automatic rifle that was developed from,no,no,Correct,1.9752
semantic,21,dev_2750,yes,NO. Cows do not need to be pregnant to produce milk. After giving,no,no,Incorrect,1.9766
semantic,21,dev_2757,yes,"NO. The Dodo is not in ""Alice's Adventures in Wonderland."" The",no,no,Incorrect,1.9892
semantic,21,dev_2770,yes,YES,yes,yes,Correct,1.9835
semantic,21,dev_2791,yes,"NO. The gut, or gastrointestinal (GI) tract, includes multiple organs such",no,no,Incorrect,1.8069000000000002
semantic,21,dev_2813,yes,NO. The Greatest Showman is a fictionalized musical drama inspired by the lives,no,no,Incorrect,1.9921
semantic,21,dev_2821,yes,NO. Nicotine is not a ganglion blocker. Nicotine acts as an,no,no,Incorrect,2.0549
semantic,21,dev_2832,yes,YES. Shea butter is made from the nuts of the Vitellaria parado,yes,yes,Correct,2.0532
semantic,21,dev_2838,no,NO,no,no,Correct,2.0535
semantic,21,dev_2853,no,"NO

While the core Korean language is the same in both North and South Korea",no,no,Correct,1.9883
semantic,21,dev_2870,no,"NO. The derivative of a continuous function is not always continuous. For example,",no,no,Correct,1.9834
semantic,21,dev_2875,yes,NO. Aldi and Trader Joe's are separate retail companies. Aldi is,no,no,Incorrect,1.9848
semantic,21,dev_2880,no,"YES

The County Court Business Centre is a real court in England and Wales,",yes,yes,Incorrect,1.9789
semantic,21,dev_2890,no,NO. Non-permanent members of the Security Council do not have veto power.,no,no,Correct,1.9905
semantic,21,dev_2901,yes,"NO. While Volkswagen AG owns several brands including Audi and Porsche, they are separate",no,no,Incorrect,3.3264
semantic,21,dev_2906,yes,NO. A fidelity bond and crime insurance are similar but not exactly the same.,no,no,Incorrect,2.0573
semantic,21,dev_2919,no,NO. The,no,no,Correct,1.8537000000000001
semantic,21,dev_2931,yes,NO,no,no,Incorrect,1.9894
semantic,21,dev_2933,no,"NO

Commercial aircraft do not always fly over the North Pole, although some routes",no,no,Correct,1.9858
semantic,21,dev_2956,yes,NO. The .17 HMR has a smaller diameter than the .2,no,no,Incorrect,1.9778
semantic,21,dev_2959,no,"NO

There is no bridge currently connecting Morocco and Spain. The Strait of Gibraltar",no,no,Correct,1.9934
semantic,21,dev_2967,yes,NO. The Sun's position in the sky is determined by the Earth's tilt,no,no,Incorrect,1.9888
semantic,21,dev_2973,no,"YES

The Golden Compass has a sequel called *The Subtle Knife*, which",yes,yes,Incorrect,1.9847000000000001
semantic,21,dev_2991,yes,"NO

Casino games are designed with a house edge, meaning the odds are",no,no,Incorrect,1.9832
semantic,21,dev_3000,yes,NO. Back ribs and baby back ribs come from different parts of the pig.,no,no,Incorrect,1.9835
semantic,21,dev_3015,yes,NO.,no,no,Incorrect,1.9857
semantic,21,dev_3027,no,"NO

A Schengen visa is not valid for travel to Ireland, which",no,no,Correct,1.9412
semantic,21,dev_3029,no,"NO

The United Kingdom has not yet left the European Union. The process of",no,no,Correct,1.9926
semantic,21,dev_3035,no,"YES

Halo 2 for the Xbox 360 includes achievements that",yes,yes,Incorrect,1.9892
semantic,21,dev_3040,no,NO. A no-insurance ticket is typically considered a non-moving violation because it,no,no,Correct,1.9807000000000001
semantic,21,dev_3073,no,"NO

Top sirloin steak and sirloin steak are similar but come",no,no,Correct,1.9899
semantic,21,dev_3079,yes,NO,no,no,Incorrect,3.2875
semantic,21,dev_3089,yes,NO. Peaches belong to the Prunus genus in the Rosaceae,no,no,Incorrect,2.0542
semantic,21,dev_3105,yes,NO. A neutral wire should not be connected to ground. The neutral wire is,no,no,Incorrect,1.979
semantic,21,dev_3106,yes,NO,no,no,Incorrect,1.9775
semantic,21,dev_3107,yes,"NO

Recess appointments to the Supreme Court are not allowed under the U.S",no,no,Incorrect,1.9859
semantic,21,dev_3122,no,NO. Reese's Pieces do not contain chocolate. They are primarily made of caramel,no,no,Correct,1.9824000000000002
semantic,21,dev_3143,no,NO. The Republic of Ireland is part of the Common Travel Area with the United,no,no,Correct,1.9846
semantic,21,dev_3173,no,NO. A private equity fund is not a financial institution. It is an investment,no,no,Correct,1.9907000000000001
semantic,21,dev_3183,no,"NO

The Claret Jug, which is the trophy awarded to the winner of",no,no,Correct,1.9878
semantic,21,dev_3187,yes,YES,yes,yes,Correct,3.3374
semantic,21,dev_3204,no,NO. The fundus of the gallbladder is located at the top of,no,no,Correct,1.9255
semantic,21,dev_3212,yes,"NO

A physical address typically refers to a hardware address, and in the context",no,no,Incorrect,1.9297
semantic,21,dev_3221,no,NO. Pool water does not naturally change color if someone urinates in it,no,no,Correct,1.9838
semantic,21,dev_3231,yes,NO,no,no,Incorrect,1.9397
semantic,21,dev_3232,yes,NO. Corn starch and corn flour are not the same. Corn starch is a,no,no,Incorrect,1.976
semantic,21,dev_3238,yes,NO. The non-striker cannot be run out by the bowler.,no,no,Incorrect,1.9908
semantic,21,dev_3239,yes,NO. The Conn Smythe Trophy is awarded to the most valuable player of the,no,no,Incorrect,1.9850999999999999
semantic,21,dev_3241,yes,NO. Romania was not part of the Austro-Hungarian Empire. Romania,no,no,Incorrect,2.0534
semantic,21,dev_3242,yes,"YES. In ""Steven Universe,"" a Ruby and a Sapphire can fuse to create",yes,yes,Correct,1.9907000000000001
semantic,21,dev_0031,yes,NO. Deadpool does not have a kid in the comics. While there have been,no,no,Incorrect,1.982
semantic,21,dev_0148,yes,"NO. Sméagol does not die in ""The Lord of the Rings",no,no,Incorrect,1.9932
semantic,21,dev_0178,yes,"NO. ""Eye of the Tiger"" was written by Rocky Musillami and",no,no,Incorrect,2.0575
semantic,21,dev_0410,yes,NO,no,no,Incorrect,1.9929000000000001
semantic,21,dev_0419,yes,YES,yes,yes,Correct,1.9915999999999998
semantic,21,dev_0448,yes,"YES

Jefferson Airplane was inducted into the Rock and Roll Hall of",yes,yes,Correct,1.9804000000000002
semantic,21,dev_0224,no,"NO

""The Outsiders"" is a fictional novel written by S.E. H",no,no,Correct,2.0612
semantic,21,dev_0317,no,"NO. While some people are born with a predisposition towards developing absolute pitch,",no,no,Correct,1.9805
semantic,21,dev_0368,no,"NO. ""The Color Purple"" is a work of fiction by Alice Walker,",no,no,Correct,3.3964000000000003
semantic,21,dev_0507,no,"NO. In the book ""Brain on Fire: My Month of Madness"" by",no,no,Correct,1.932
semantic,21,dev_0603,no,"YES

The ""Seven Ages of Man"" is a famous passage from William Shakespeare",yes,yes,Incorrect,2.0545
semantic,21,dev_0938,no,NO,no,no,Correct,1.9872
semantic,21,dev_0076,yes,YES. Female ferrets (jills) that do not mate and become pregnant,yes,yes,Correct,1.9967000000000001
semantic,21,dev_0459,yes,"YES

It matters which DNA strand is transcribed because the template strand is the",yes,yes,Correct,1.9912
semantic,21,dev_0502,yes,NO. Kingsnakes are not immune to rattlesnake venom. While,no,no,Incorrect,1.995
semantic,21,dev_0580,yes,"NO. Male and female blue jays typically have similar plumage patterns, appearing",no,no,Incorrect,1.996
semantic,21,dev_1089,yes,"YES

Snakes can have their venom glands surgically removed or damaged, although",yes,yes,Correct,1.985
semantic,21,dev_1153,yes,NO. Melaleuca and tea tree refer to similar but distinct plant species,no,no,Incorrect,1.9974
semantic,21,dev_1315,yes,YES. Ion-dipole interactions are generally stronger than hydrogen bonds because they involve,yes,yes,Correct,2.0659
semantic,21,dev_1482,yes,NO,no,no,Incorrect,1.9837
semantic,21,dev_1568,yes,"NO. 

Vultures and buzzards are both types of birds of prey",no,no,Incorrect,2.0631
semantic,21,dev_1968,yes,NO. While both turtles and tortoises are chelonians (members of,no,no,Incorrect,1.993
semantic,21,dev_2223,yes,"YES. The Turritopsis dohrnii, commonly known as the immortal",yes,yes,Correct,2.065
semantic,21,dev_2420,yes,"YES

The term ""rain crow"" is often used colloquially to refer",yes,yes,Correct,1.9937
semantic,21,dev_2882,yes,"NO

Redback spiders (Latrodectus hasselti) are not",no,no,Incorrect,1.9962
semantic,21,dev_2899,yes,"NO

Dalmatians are born with few spots and do not significantly increase",no,no,Incorrect,1.9908
semantic,21,dev_2910,yes,NO. Taro root and elephant ears are related but different. Taro root,no,no,Incorrect,1.9959
semantic,21,dev_0713,no,NO. A cow does not have to be pregnant to lactate. Once a,no,no,Correct,1.9914
semantic,21,dev_0816,no,NO,no,no,Correct,1.926
semantic,21,dev_0911,no,NO. The ring finger does not connect to the heart. This is a common,no,no,Correct,1.9862
semantic,21,dev_0997,no,"NO. Surgical spirit and rubbing alcohol are similar, but they are not exactly the",no,no,Correct,2.0688
semantic,21,dev_1258,no,NO. The umbilical cord is connected to the placenta and runs from,no,no,Correct,1.9983
semantic,21,dev_1422,no,NO. Root hairs typically occur in a specific region of the root called the zone,no,no,Correct,3.3281
semantic,21,dev_2120,no,NO. Dalmatian puppies are typically born with a white coat and no,no,no,Correct,1.9885
semantic,21,dev_2353,no,"NO

Bees and hornets have different venom compositions, although both can cause",no,no,Correct,1.9906
semantic,21,dev_2441,no,NO. Identical (monozygotic) twins develop from a single fertil,no,no,Correct,1.998
semantic,21,dev_2087,no,"NO

Sperm whales are listed as Vulnerable on the IUCN Red",no,no,Correct,1.9883
semantic,21,dev_2215,no,"NO. In most cases, the two chromosomes in a pair are not identical due",no,no,Correct,1.9914
semantic,21,dev_2503,no,NO. Catbirds and mockingbirds are both members of the Mimidae family,no,no,Correct,1.998
semantic,21,dev_2652,no,NO. Not all baby birds have an egg tooth. The presence of an egg,no,no,Correct,1.9948
semantic,21,dev_2850,no,"NO. In most cases, honey bees leave their stinger in the skin after",no,no,Correct,1.9345
semantic,21,dev_3062,no,"NO

Black and yellow garden spiders (Argiope aurantia) are",no,no,Correct,1.9987000000000001
semantic,21,dev_0400,yes,NO. A profit and loss account is the same as an income statement. Both,no,no,Incorrect,1.998
semantic,21,dev_0432,yes,"NO.

The Central Bank of India is not a nationalized bank. It is",no,no,Incorrect,1.9883
semantic,21,dev_0446,yes,NO. Bi-Mart does not require a membership for shopping. You can visit their,no,no,Incorrect,1.9823
semantic,21,dev_0455,yes,"YES. The new Indian motorcycles are made in America, specifically at the Spirit Lake",yes,yes,Correct,2.0576999999999996
semantic,21,dev_0472,yes,NO. Toys R Us and Babies R Us were separate companies that were part of,no,no,Incorrect,1.991
semantic,21,dev_0524,yes,"I don't know. The current locations of In-N-Out Burger can vary,",i,idk,IDK,1.9944000000000002
semantic,21,dev_0767,yes,YES. The Canadian dollar has been worth more than the American dollar in the past,yes,yes,Correct,1.9825
semantic,21,dev_0875,yes,NO,no,no,Incorrect,1.992
semantic,21,dev_0950,yes,YES. Poland Spring water comes from a spring. The brand is known for its,yes,yes,Correct,1.9867000000000001
semantic,21,dev_1023,yes,NO,no,no,Incorrect,1.9932
semantic,21,dev_1171,yes,NO. Money from Guernsey is not legal tender in the UK. While,no,no,Incorrect,2.0608
semantic,21,dev_1207,yes,"YES

Buy Buy Baby was acquired by Bed Bath & Beyond in 20",yes,yes,Correct,1.989
semantic,21,dev_1299,yes,"YES. Net earnings and net income are the same in accounting terminology, referring to",yes,yes,Correct,1.9835999999999998
semantic,21,dev_0157,no,NO. Not all eyeglasses are made by the same company. Eyeg,no,no,Correct,1.9886
semantic,21,dev_0371,no,"NO. National Car Rental and Enterprise Rent-A-Car are separate companies, although",no,no,Correct,1.9875
semantic,21,dev_0621,no,"NO

Getting cash back typically does not cost money directly, but there may be",no,no,Correct,1.9818
semantic,21,dev_0699,no,"NO. Aldi is one of the largest and most successful grocery retailers globally,",no,no,Correct,1.9835999999999998
semantic,21,dev_0954,no,"NO

As of now, there are no plans to remove £2 coins from",no,no,Correct,1.9988
semantic,21,dev_1050,no,"NO. White Castle originated in the Midwest and has a strong presence there, but",no,no,Correct,1.9812
semantic,21,dev_1208,no,NO. Sam’s Club is not currently operating in Canada.,no,no,Correct,1.9470999999999998
semantic,21,dev_1257,no,"NO

Home Bargains and Quality Save are two different retail brands. While they",no,no,Correct,1.9999
semantic,21,dev_1805,no,"NO. $10,000 bills were never widely circulated and were",no,no,Correct,1.9815999999999998
semantic,21,dev_1876,no,"NO. Montgomery Ward, the famous department store chain, ceased most of its operations",no,no,Correct,2.0574
semantic,21,dev_2290,no,NO. GDP per capita and per capita income are related but not the same.,no,no,Correct,1.9857
semantic,21,dev_2444,no,NO,no,no,Correct,1.9847000000000001
semantic,21,dev_0250,yes,"NO

Father’s Day is not a widely recognized or officially celebrated holiday in the",no,no,Incorrect,1.9870999999999999
semantic,21,dev_0337,yes,I don't know. The observance of the King's Birthday (now known,i,idk,IDK,2.0585
semantic,21,dev_0386,yes,I don't know. While Brussels does have areas with high concentrations of sex workers,i,idk,IDK,1.9336
semantic,21,dev_0591,yes,"NO. Copa Airlines is part of the oneworld alliance, not the Star Alliance",no,no,Incorrect,1.9955999999999998
semantic,21,dev_0746,yes,"YES

June 12 is Independence Day in the Philippines and is recognized as",yes,yes,Correct,1.9949000000000001
semantic,21,dev_0845,yes,NO. New car engines do not typically require a break-in period if they have,no,no,Incorrect,1.9826
semantic,21,dev_0855,yes,NO. Flight paths do not always go over the North Pole. While polar routes,no,no,Incorrect,1.9970999999999999
semantic,21,dev_0915,yes,NO. Ontario Place does not have a water park. It is known for its,no,no,Incorrect,1.9453
semantic,21,dev_0945,yes,YES,yes,yes,Correct,1.986
semantic,21,dev_0021,no,"YES

P.O. Box addresses come before street addresses in a full mailing address",yes,yes,Incorrect,1.9942
semantic,21,dev_0490,no,NO. American citizens do not typically need a visa for short-term visits to Georgia,no,no,Correct,1.9962
semantic,21,dev_0581,no,NO. A peck and a bushel are both units of volume in the,no,no,Correct,1.9815
semantic,21,dev_0631,no,NO. The United States Postal Service (USPS) is typically closed on Memorial,no,no,Correct,1.9828
semantic,21,dev_0691,no,"NO

Freepost addresses are provided by the recipient, and the sender does",no,no,Correct,1.9879
semantic,21,dev_0783,no,NO. The Honda CRF 250 is a four-stroke motorcycle,no,no,Correct,2.0627
semantic,21,dev_0787,no,NO. The BMW 1 Series is available in both front-wheel drive (F,no,no,Correct,1.9909000000000001
semantic,21,dev_0825,no,I don't know. The operating hours and days of operation for the Waterloo &,i,idk,IDK,3.3084000000000002
semantic,21,dev_0885,no,NO,no,no,Correct,1.9833
semantic,21,dev_0089,yes,"YES

There are several movies that have received a 0% rating on R",yes,yes,Correct,1.855
semantic,21,dev_0095,yes,"NO

While ""Anne with an E"" is set on Prince Edward Island (",no,no,Incorrect,2.0576
semantic,21,dev_0211,yes,"NO

Murphy Brown did not have a baby on the show. While the",no,no,Incorrect,1.9858
semantic,21,dev_0238,yes,"NO

Beau Abbott does not die in ""A Quiet Place."" He is",no,no,Incorrect,1.9978
semantic,21,dev_0252,yes,I don't know. While it's possible that scenes from the Lizzie McGu,i,idk,IDK,1.949
semantic,21,dev_0256,yes,"NO

The",no,no,Incorrect,1.9841
semantic,21,dev_0266,yes,"NO. In ""The Book of Henry,"" the main character, Henry, does",no,no,Incorrect,3.3343000000000003
semantic,21,dev_0310,yes,NO. Being on a show like Survivor typically involves appearing on camera and participating in,no,no,Incorrect,1.9937
semantic,21,dev_0359,yes,"YES

In the game show ""Who Wants to Be a Millionaire?"", contestants",yes,yes,Correct,2.0616
semantic,21,dev_0422,yes,"NO

In the TV show ""One Tree Hill,"" Lucas Scott and Peyton Sawyer",no,no,Incorrect,1.9998
semantic,21,dev_0040,no,"YES

The Golden Compass has two sequels: *The Subtle Knife*",yes,yes,Incorrect,2.0599000000000003
semantic,21,dev_0080,no,NO,no,no,Correct,1.9889000000000001
semantic,21,dev_0100,no,"NO. In ""The Lost World: Jurassic Park,"" the main character Indira",no,no,Correct,1.9895
semantic,21,dev_0240,no,NO. The Walking Dead and Fear the Walking Dead are separate series in the same,no,no,Correct,1.9912
semantic,21,dev_0247,no,"NO. ""Let There Be Light"" is a documentary film produced by the U",no,no,Correct,1.9978
semantic,21,dev_0260,no,"NO

In the 1949 film ""Mighty Joe Young",no,no,Correct,1.9888
semantic,21,dev_0277,no,NO. Michael and Pam did not date on The Office. They were coworkers at,no,no,Correct,1.9964000000000002
semantic,21,dev_0290,no,"NO
Elena Gilbert does not die for good in *The Vampire Diaries",no,no,Correct,1.9846
semantic,21,dev_0303,no,"NO

Arizona Robbins (Arizona Callie Torres-Steele) did not die",no,no,Correct,1.9879
semantic,21,dev_0231,yes,"NO. Penne alla vodka typically contains tomatoes, cream (or a tomato-",no,no,Incorrect,1.9381
semantic,21,dev_0401,yes,NO. Whole wheat rice is not the same as brown rice. Whole wheat rice,no,no,Incorrect,3.3243
semantic,21,dev_0420,yes,NO. Red velvet cake is not a chocolate cake with red dye. It typically,no,no,Incorrect,1.9877
semantic,21,dev_0571,yes,"NO. Chicken cordon bleu is made with ham and melted cheese, typically",no,no,Incorrect,2.0541
semantic,21,dev_0583,yes,NO. Pork back ribs and baby back ribs come from different parts of the pig,no,no,Incorrect,1.9963
semantic,21,dev_0765,yes,"NO. Salted duck eggs do not need to be cooked before eating, although",no,no,Incorrect,1.9918
semantic,21,dev_0778,yes,"NO. A cookie sheet is a type of sheet pan, but not all sheet",no,no,Incorrect,1.995
semantic,21,dev_0815,yes,NO. Sprite does not contain lemon or lime flavors. It primarily has a citrus,no,no,Incorrect,1.9447999999999999
semantic,21,dev_0073,no,NO.,no,no,Correct,1.9774
semantic,21,dev_0491,no,NO. Picante sauce and taco sauce are similar but not exactly the same.,no,no,Correct,1.8682
semantic,21,dev_0615,no,NO. Rice noodles and glass noodles are different types of noodles. Rice noodles are,no,no,Correct,3.337
semantic,21,dev_0868,no,I don't know. Fruit Roll-Ups are generally made with fruit purees,i,idk,IDK,1.9790999999999999
semantic,21,dev_0880,no,NO. Thousand Island dressing and French dressing are two different types of dressings with,no,no,Correct,1.9837
semantic,21,dev_0953,no,NO. Monster energy drinks are labeled as non-alcoholic and do not contain any,no,no,Correct,1.9892
semantic,21,dev_0985,no,NO. Long Island Iced Teas do not contain tea. They are a,no,no,Correct,1.9782
semantic,21,dev_0136,yes,YES. Battlefield 1 does have a single-player campaign. The campaign mode in,yes,yes,Correct,1.9901
semantic,21,dev_0367,yes,"YES

Devil May Cry 5 is set after Devil May Cry 2",yes,yes,Correct,1.9884000000000002
semantic,21,dev_0618,yes,"NO

The Dying Light: The Following Enhanced Edition typically comes as a standalone",no,no,Incorrect,1.9815999999999998
semantic,21,dev_0720,yes,"YES

State of Decay and its sequels, State of Decay 2 and",yes,yes,Correct,1.9912999999999998
semantic,21,dev_0770,yes,NO. The numbers on a standard roulette wheel add up to 665,no,no,Incorrect,3.393
semantic,21,dev_0835,yes,"NO. Pokémon Let’s Go is based on the original Pokémon games, specifically Red",no,no,Incorrect,1.9935
semantic,21,dev_0896,yes,YES,yes,yes,Correct,1.985
semantic,21,dev_0434,no,NO. Not all Xbox games are compatible with the Xbox One. Some older games,no,no,Correct,1.929
semantic,21,dev_0489,no,"NO

While many Far Cry games share similar themes and settings, they are not",no,no,Correct,1.9912999999999998
semantic,21,dev_0852,no,NO,no,no,Correct,1.7262
semantic,21,dev_0870,no,"YES

Paladins in many editions of Dungeons & Dragons are required to be",yes,yes,Incorrect,1.9943
semantic,21,dev_1148,no,"NO

RollerCoaster Tycoon World is currently not available for Mac.",no,no,Correct,1.9792
semantic,21,dev_2595,no,NO. A Way Out is a co-op game designed for two players.,no,no,Correct,1.9847000000000001
semantic,21,dev_0281,yes,"NO, I-70 in Kansas does not have tolls. However,",no,no,Incorrect,2.0551
semantic,21,dev_0528,yes,I don't know. The presence of a train station in Atlantic City depends on,i,idk,IDK,1.9929000000000001
semantic,21,dev_0547,yes,NO. The Battery Tunnel does not have a toll. It is part of the,no,no,Incorrect,2.0582
semantic,21,dev_0623,yes,"NO

The George Washington Bridge has tolls for both directions of travel. Vehicles",no,no,Incorrect,1.9824000000000002
semantic,21,dev_0626,yes,"NO. Skyline Drive is part of the Shenandoah National Park, while",no,no,Incorrect,1.9909000000000001
semantic,21,dev_0686,yes,NO. Edinburgh Castle is not built on top of a volcano. It is located,no,no,Incorrect,1.9799
semantic,21,dev_0822,yes,"I don't know. While Marble Falls, TX, is known for its proximity",i,idk,IDK,1.934
semantic,21,dev_1210,yes,"NO

Caesar's Creek is a watershed and state park in southwestern Ohio,",no,no,Incorrect,1.9859
semantic,21,dev_0374,no,"NO. San Pedro, Laguna is not part of Metro Manila. It is a",no,no,Correct,1.9867000000000001
semantic,21,dev_0900,no,NO. Fort Walton Beach and Destin are two distinct cities in Okaloosa,no,no,Correct,1.9854
semantic,21,dev_0913,no,"NO. Porpoise Spit is a fictional location in ""Muriel's",no,no,Correct,2.0545999999999998
semantic,21,dev_1234,no,"NO

The Gulf Stream is a warm ocean current that flows in the Atlantic Ocean",no,no,Correct,1.9904000000000002
semantic,21,dev_1360,no,"NO. Lake Hiawatha is a reservoir in Madison, New Jersey, not",no,no,Correct,1.9399000000000002
semantic,21,dev_1544,no,I don't know. The status of I-30 in Dallas regarding toll,i,idk,IDK,1.9822
semantic,21,dev_1588,no,NO,no,no,Correct,2.052
semantic,21,dev_0344,yes,NO. Arsenic does not typically build up immunity in the body. Instead,no,no,Incorrect,1.9817
semantic,21,dev_0379,yes,"YES, New England Baptist Hospital is a teaching hospital that provides educational opportunities for medical",yes,yes,Correct,1.9897
semantic,21,dev_0474,yes,"I don't know. While Women's One A Day is a dietary supplement,",i,idk,IDK,1.9365
semantic,21,dev_0614,yes,"NO

While both cold water baths and ice baths can provide similar benefits for recovery",no,no,Incorrect,1.9872
semantic,21,dev_0655,yes,NO. A hiatal hernia occurs when part of the stomach pushes up through,no,no,Incorrect,1.985
semantic,21,dev_1195,yes,"NO

Blue-ringed octopus bites can be extremely dangerous and potentially fatal.",no,no,Incorrect,2.0543
semantic,21,dev_1197,yes,NO,no,no,Incorrect,1.9797
semantic,21,dev_1313,yes,NO,no,no,Incorrect,1.9887000000000001
semantic,21,dev_1564,yes,NO,no,no,Incorrect,1.9923
semantic,21,dev_0078,no,"NO. There is typically only one brachiocephalic artery, which arises",no,no,Correct,2.0553000000000003
semantic,21,dev_0166,no,"NO. It's typically five portions of fruits and vegetables combined, which can include",no,no,Correct,1.9790999999999999
semantic,21,dev_0851,no,"YES. Attending a first aid course is part of the chain of survival,",yes,yes,Incorrect,1.9915999999999998
semantic,21,dev_0861,no,"NO. In a junctional rhythm, the heart's rhythm is initiated by the",no,no,Correct,2.0573
semantic,21,dev_0872,no,NO,no,no,Correct,1.9919
semantic,21,dev_1554,no,"NO. The term ""chronic Lyme disease"" is not recognized by the Centers",no,no,Correct,1.9881
semantic,21,dev_1719,no,"NO. While ""extended release"" and ""sustained release"" are often",no,no,Correct,1.9802
semantic,21,dev_1991,no,NO,no,no,Correct,1.995
semantic,21,dev_2115,no,I don't know. The health of a sumo wrestler can vary widely depending,i,idk,IDK,1.9854
semantic,21,dev_0105,yes,NO,no,no,Incorrect,1.9407999999999999
semantic,21,dev_0125,yes,"YES

While many people in Pompeii and Herculaneum perished during",yes,yes,Correct,2.053
semantic,21,dev_0191,yes,"NO. The Tomb of the Unknown Soldier contains unidentified remains, representing unknown service members",no,no,Incorrect,1.9892
semantic,21,dev_1292,yes,"NO. In modern times, royal families, including the British monarchy, have generally",no,no,Incorrect,1.9895
semantic,21,dev_1338,yes,"NO. During the Gulf War, there were no reports of ""rainy oil",no,no,Incorrect,3.3973
semantic,21,dev_0388,no,"NO

Integration was not the rule in the northern states, especially in housing and",no,no,Correct,1.9907000000000001
semantic,21,dev_0703,no,I don't know. The exact location of the Peacock Throne after it was,i,idk,IDK,2.0533
semantic,21,dev_0833,no,NO. The Edmund Fitzgerald沉没时没有人员幸存，因此没有发现,no,no,Correct,1.9886
semantic,21,dev_0874,no,"NO. There have been several attempts to escape from Alcatraz Prison, but",no,no,Correct,2.0541
semantic,21,dev_1651,no,"NO

As of now, there are no active tin mines in Cornwall. The",no,no,Correct,1.9874
semantic,21,dev_0072,yes,NO. A Possession and Acquisition Licence (PAL) is not required to possess,no,no,Incorrect,1.9888
semantic,21,dev_0258,yes,I don't know. The ability to buy alcohol on Sunday can vary by county,i,idk,IDK,1.9854
semantic,21,dev_0286,yes,"YES

An administrative law judge (ALJ) is a real judge who pres",yes,yes,Correct,1.9803
semantic,21,dev_0348,yes,NO,no,no,Incorrect,1.9794
semantic,21,dev_0467,yes,"NO. A certification of birth is a type of document that verifies a birth,",no,no,Incorrect,1.9332
semantic,21,dev_0515,yes,"NO. A restraining order is typically used to protect individuals from family members, intimate",no,no,Incorrect,1.9287
semantic,21,dev_0562,yes,"NO

Texas and New Mexico have different laws regarding concealed carry, and Texas does",no,no,Incorrect,1.9905
semantic,21,dev_0636,yes,"NO

In California, there are strict laws regarding the carrying of firearms. Generally",no,no,Incorrect,1.9419000000000002
semantic,21,dev_0740,yes,"NO

There is no explicit time limit for ratification of an amendment in the",no,no,Incorrect,2.0544000000000002
semantic,21,dev_0838,yes,"NO. In Quebec, you generally cannot turn right on a red light unless there",no,no,Incorrect,1.9843
semantic,21,dev_0864,yes,"NO

As of 2023, Ohio does not generally allow open",no,no,Incorrect,1.9787000000000001
semantic,21,dev_0873,yes,"NO

You cannot drive a car with a learner's permit unless it is accompanied",no,no,Incorrect,1.9886
semantic,21,dev_0901,yes,"NO

In many jurisdictions, driving over a median is not inherently illegal, but",no,no,Incorrect,1.9758
semantic,21,dev_0909,yes,"YES

An X can be used as a signature, especially when the signer is",yes,yes,Correct,1.9753
semantic,21,dev_1134,yes,YES. New York State is a common law state.,yes,yes,Correct,1.9768
semantic,21,dev_0198,no,"YES

In New Hampshire, residents do not need a permit to openly carry a",yes,yes,Incorrect,1.9830999999999999
semantic,21,dev_0215,no,I don't know. The specific hours of operation for package stores on holidays like,i,idk,IDK,1.9849
semantic,21,dev_0223,no,"NO

Recording covers of songs is generally legal under compulsory licensing laws, provided you",no,no,Correct,1.9815999999999998
semantic,21,dev_0234,no,"NO. In most jurisdictions, the age of consent is typically set at 1",no,no,Correct,1.9850999999999999
semantic,21,dev_0272,no,"NO

The Taconic State Parkway is a limited-access highway in New York",no,no,Correct,1.9808
semantic,21,dev_0453,no,"NO. In the United States, all states prohibit marriage between siblings, whether they",no,no,Correct,1.975
semantic,21,dev_0499,no,"NO

Puerto Rico is a U.S. territory, and its residents do",no,no,Correct,3.2922
semantic,21,dev_0552,no,"NO. In most correctional facilities, personal phones are not allowed due to security",no,no,Correct,1.9915
semantic,21,dev_0680,no,"NO

Trade secrets do not have a fixed time limit for protection. As long",no,no,Correct,1.9903
semantic,21,dev_0738,no,NO. Taiwan is not a member of the Paris Convention for the Protection of Industrial,no,no,Correct,1.9865
semantic,21,dev_0771,no,"NO

Payola, which is the practice of paying for airplay, is",no,no,Correct,1.9874
semantic,21,dev_0888,no,"NO

No Supreme Court justices have ever been removed from office. While several Supreme",no,no,Correct,1.9815
semantic,21,dev_1135,no,"NO

A certified copy in the UK is a reproduction of an original document that",no,no,Correct,1.9822
semantic,21,dev_1188,no,"NO

Individuals who are dishonorably discharged from the military are generally prohibited",no,no,Correct,1.9296
semantic,21,dev_0339,yes,"NO. As an American, you generally need a passport or another accepted form of",no,no,Incorrect,1.9955
semantic,21,dev_0357,yes,"NO

The American Community Survey (ACS) is a survey sent to a sample",no,no,Incorrect,3.3724000000000003
semantic,21,dev_0498,yes,"YES

The Florida Constitution specifies that members of the Florida House of Representatives must be",yes,yes,Correct,1.9855
semantic,21,dev_0620,yes,I don't know. The United Nations has been involved in various capacities in conflicts,i,idk,IDK,1.9773
semantic,21,dev_0878,yes,"NO. In some countries, the terms ""national government"" and ""federal",no,no,Incorrect,1.9739
semantic,21,dev_1864,yes,YES. The U.S. Marine Corps is part of the Department of the Navy,yes,yes,Correct,2.059
semantic,21,dev_2080,yes,NO. The Coast Guard is part of the Department of Homeland Security during peac,no,no,Incorrect,3.3666
semantic,21,dev_2395,yes,"NO

In the Australian federal system, the Governor-General does not have to sign",no,no,Incorrect,1.9946
semantic,21,dev_2639,yes,"NO

Canada is not a permanent member of the",no,no,Incorrect,1.9761
semantic,21,dev_3155,yes,I don't know. The availability of overseas service bars for Korea or any specific,i,idk,IDK,2.0530999999999997
semantic,21,dev_3209,yes,"YES
You attend the United States Naval Academy to become a midshipman and",yes,yes,Correct,2.0579
semantic,21,dev_0209,no,NO. Israel is not part of the European Economic Area (EEA). The,no,no,Correct,3.3643
semantic,21,dev_0273,no,NO. You typically only pay one way on the George Washington Bridge when using the,no,no,Correct,1.9881
semantic,21,dev_0404,no,NO. Puerto Rico is not a protectorate of the U.S. It is,no,no,Correct,1.976
semantic,21,dev_0567,no,NO. Romania is not part of the Visa Waiver Program. Citizens of Romania,no,no,Correct,1.9854
semantic,21,dev_0675,no,NO,no,no,Correct,1.9782
semantic,21,dev_1172,no,NO. Turkey has been an associate member of the European Economic Community (EEC,no,no,Correct,1.9832
semantic,21,dev_1275,no,"NO

State awards are typically not authorized for wear on active duty uniforms unless specifically",no,no,Correct,2.0551
semantic,21,dev_1971,no,"NO

Bosnia and Herzegovina is not currently a part of the",no,no,Correct,2.0596
semantic,21,dev_2001,no,"NO. The president's pardon power applies only to federal crimes, not state crimes",no,no,Correct,1.995
semantic,21,dev_3004,no,NO. The Right to Buy policy in the UK was introduced in 19,no,no,Correct,1.9877
semantic,21,dev_3256,no,NO. Not all traffic lights have cameras. While some areas use red light cameras,no,no,Correct,1.9365999999999999
semantic,21,dev_1132,yes,"NO. Pink quartz and rose quartz are often used interchangeably, but technically,",no,no,Incorrect,1.989
semantic,21,dev_1233,yes,"NO. In an adiabatic process, there is no heat exchange with",no,no,Incorrect,1.9848
semantic,21,dev_1511,yes,NO. The heat index and AccuWeather RealFeel are both metrics that estimate,no,no,Incorrect,2.058
semantic,21,dev_1633,yes,"NO

Nail acetone and paint acetone are both forms of acetone",no,no,Incorrect,3.3337
semantic,21,dev_2007,yes,NO. Liquefied petroleum gas (LPG) typically refers to a,no,no,Incorrect,1.9881
semantic,21,dev_2214,yes,YES. Dry water is a unique material consisting of water droplets coated with a,yes,yes,Correct,2.0536
semantic,21,dev_2239,yes,"NO

At a constant temperature, the speed of sound in a gas is independent",no,no,Incorrect,1.9952
semantic,21,dev_2299,yes,"NO. Rain typically requires the presence of clouds, where water vapor condenses into",no,no,Incorrect,1.9436
semantic,21,dev_2303,yes,"NO. While all life requires certain essential elements like carbon, hydrogen, nitrogen,",no,no,Incorrect,1.9783
semantic,21,dev_2477,yes,"NO. Some definitions include 0 in the set of natural numbers, but traditionally",no,no,Incorrect,1.9421
semantic,21,dev_2993,yes,NO.,no,no,Incorrect,1.9750999999999999
semantic,21,dev_3126,yes,"NO

Upside-down rainbows, also known as inferior rainbows, are",no,no,Incorrect,1.9989000000000001
semantic,21,dev_3188,yes,NO. A turkey vulture and a buzzard are not the same. Turkey,no,no,Incorrect,3.331
semantic,21,dev_3193,yes,NO,no,no,Incorrect,1.984
semantic,21,dev_3234,yes,"NO. While a rhombus is often referred to as a diamond, especially",no,no,Incorrect,1.9754
semantic,21,dev_3265,yes,"NO. The Titius–Bode rule, also known as the Titius",no,no,Incorrect,1.9304000000000001
semantic,21,dev_0001,no,I don't know. The energy balance of ethanol can vary depending on factors such,i,idk,IDK,1.9884000000000002
semantic,21,dev_0579,no,NO. The idea of hearing the ocean in a seashell is a myth,no,no,Correct,1.9855999999999998
semantic,21,dev_1003,no,NO. Least squares is a method used to estimate the parameters in a linear regression,no,no,Correct,2.0551
semantic,21,dev_1483,no,NO. A meter stick is equivalent to 3.28084,no,no,Correct,1.9753
semantic,21,dev_1551,no,NO. Australia is not part of the Ring of Fire. The Ring of Fire,no,no,Correct,2.0563000000000002
semantic,21,dev_1702,no,"NO. While both are types of pterosaurs, Pterodactyl",no,no,Correct,3.3639
semantic,21,dev_1925,no,NO. Percent difference and percent change are related but distinct concepts. Percent difference is,no,no,Correct,1.9367
semantic,21,dev_2025,no,NO,no,no,Correct,1.9794
semantic,21,dev_2312,no,NO. Turpentine and white spirit are similar in that they are both sol,no,no,Correct,2.0542
semantic,21,dev_2471,no,"NO

A fixed pulley does not provide a mechanical advantage; it changes the",no,no,Correct,2.0532
semantic,21,dev_2521,no,NO. The t-distribution does not have a standard deviation of 1.,no,no,Correct,3.9366
semantic,21,dev_2782,no,NO. The hydronium ion (H3O+) is a specific,no,no,Correct,2.0593000000000004
semantic,21,dev_2812,no,NO. The salinity at the bottom of the ocean is not necessarily higher than,no,no,Correct,1.992
semantic,21,dev_3014,no,"NO

At the Equator, day length remains relatively constant throughout the year,",no,no,Correct,1.9937
semantic,21,dev_3034,no,NO. Hydraulic lime and hydrated lime are related but distinct. Hydrated lime,no,no,Correct,1.9912
semantic,21,dev_3159,no,NO. While chipmunks and ground squirrels are both members of the Sci,no,no,Correct,1.9943
semantic,21,dev_3190,no,NO. Mahi-mahi and ahi tuna are different fish species. Mah,no,no,Correct,1.9837
semantic,21,dev_0682,yes,"NO

A sermon and a homily are often used interchangeably, but technically",no,no,Incorrect,1.9843
semantic,21,dev_0735,yes,"NO

In the United States, secondary school typically refers to grades 9 through",no,no,Incorrect,1.9937
semantic,21,dev_1505,yes,YES,yes,yes,Correct,3.3456
semantic,21,dev_1668,yes,"NO

Church of England (Anglican) worshippers do not typically make",no,no,Incorrect,1.9941
semantic,21,dev_2373,yes,NO. 'Lord of All Hopefulness' is not typically considered a funeral hym,no,no,Incorrect,1.997
semantic,21,dev_2793,yes,"NO, Eastern Kentucky University competes in NCAA Division II for most sports. However",no,no,Incorrect,2.0593000000000004
semantic,21,dev_2929,yes,"NO. Child psychology focuses specifically on the psychological development of children, while developmental psychology",no,no,Incorrect,1.9975
semantic,21,dev_0605,no,NO,no,no,Correct,1.9885
semantic,21,dev_0908,no,I don't know. The accreditation status of specific institutions like the American College of,i,idk,IDK,1.9959
semantic,21,dev_1388,no,NO. UCL (University College London) and the University of London are related,no,no,Correct,1.9942
semantic,21,dev_1521,no,"NO

Sweden does not pay students to attend school. Instead, it provides various",no,no,Correct,2.0588
semantic,21,dev_2334,no,NO. The Book of Jasher is not part of the canonical Bible. It,no,no,Correct,1.989
semantic,21,dev_2641,no,"NO. A double-barrel surname does not have to be hyphenated,",no,no,Correct,3.2962
semantic,21,dev_0347,yes,NO,no,no,Incorrect,2.0596
semantic,21,dev_0411,yes,"I don't know. The term ""Redskins"" refers to multiple teams throughout",i,idk,IDK,2.0606
semantic,21,dev_0439,yes,"NO

The Milwaukee Brewers have never made it to the World Series. They joined",no,no,Incorrect,2.065
semantic,21,dev_0452,yes,"YES

Belgium has reached the World Cup final twice. They appeared in the",yes,yes,Correct,1.9957
semantic,21,dev_0585,yes,"NO

In rugby union, there is a specific formation and technique for scrums",no,no,Incorrect,3.2803
semantic,21,dev_0656,yes,"YES

Kaká played in the 2002 FIFA World Cup",yes,yes,Correct,1.8647
semantic,21,dev_0661,yes,"NO

The KSI vs. Logan Paul fight was not a pay-per-view",no,no,Incorrect,2.0585
semantic,21,dev_0701,yes,YES. The Kentucky Derby is always held on the first Saturday in May. It,yes,yes,Correct,1.9890999999999999
semantic,21,dev_0704,yes,"YES

Wayne Gretzky won two Stanley Cups with the Edmonton Oilers in",yes,yes,Correct,2.0704000000000002
semantic,21,dev_0752,yes,"NO

Professional soccer generally does not have a mercy rule. The game continues until",no,no,Incorrect,2.0009
semantic,21,dev_0848,yes,"NO

In most cases, signing free agents (players who are no longer under",no,no,Incorrect,1.9950999999999999
semantic,21,dev_0883,yes,YES. Many teams have come back from a 3-1 deficit in various,yes,yes,Correct,1.9445
semantic,21,dev_1143,yes,"YES
Dan Marino is in the Pro Football Hall of Fame. He was in",yes,yes,Correct,1.9803
semantic,21,dev_1305,yes,NO. A school can only be affiliated with one division of the NCAA (Division,no,no,Incorrect,1.988
semantic,21,dev_1497,yes,NO. Alphonse Areola did not play in the 201,no,no,Incorrect,1.9894
semantic,21,dev_1777,yes,NO,no,no,Incorrect,1.9942
semantic,21,dev_2250,yes,"NO

Poland did not qualify for the 2018 FIFA World",no,no,Incorrect,2.0585999999999998
semantic,21,dev_2370,yes,NO. Ireland has not beaten the Wallabies in Australia. The Wallabies (,no,no,Incorrect,1.9826
semantic,21,dev_0083,no,"NO

At Wimbledon, the final set is played to 7 games with a",no,no,Correct,1.932
semantic,21,dev_0085,no,"NO. Deion Sanders was a professional baseball player, but he never won a",no,no,Correct,1.9904000000000002
semantic,21,dev_0170,no,NO. The Czech Republic has never won the FIFA World Cup. The country gained,no,no,Correct,1.9802
semantic,21,dev_0230,no,"NO

In Little League, an uncaught third strike results in the batter being",no,no,Correct,1.9910999999999999
semantic,21,dev_0412,no,NO. The Miami Dolphins do not have a real dolphin in their stadium. Their,no,no,Correct,1.9467999999999999
semantic,21,dev_0421,no,"NO. Penalty shoot-out goals do not count towards the Golden Boot, which is",no,no,Correct,1.9422000000000001
semantic,21,dev_0447,no,"YES

Panama has qualified for the FIFA World Cup on multiple occasions, most",yes,yes,Incorrect,1.9992
semantic,21,dev_0544,no,NO,no,no,Correct,1.9939
semantic,21,dev_0565,no,NO. Walks are not included in the batting average calculation. The batting average,no,no,Correct,1.9943
semantic,21,dev_0589,no,"NO. If the ball hits the backboard below the rim, it is not",no,no,Correct,1.9923
semantic,21,dev_0593,no,"NO

Teams do not keep the FIFA World Cup trophy. The actual trophy is",no,no,Correct,1.9427999999999999
semantic,21,dev_0859,no,"NO

The U.S. Open is not played on the same course every year",no,no,Correct,1.9999
semantic,21,dev_0865,no,"NO

The San Jose Sharks have not won a Stanley Cup in their franchise history",no,no,Correct,1.989
semantic,21,dev_1518,no,"NO

Not all 2018 World Cup matches were played in Russia",no,no,Correct,2.0597
semantic,21,dev_1768,no,NO. England has not won the Women's World Cup. Their best finish was,no,no,Correct,1.9892
semantic,21,dev_1779,no,"NO

India did not qualify for the 2018 FIFA World Cup",no,no,Correct,2.0601
semantic,21,dev_1905,no,NO. You cannot be offside directly from a goal kick. According to the,no,no,Correct,1.9943
semantic,21,dev_2156,no,NO. The New York Yankees did not win the World Series in 20,no,no,Correct,2.0584000000000002
semantic,21,dev_2158,no,NO. The Cincinnati Bengals have never won a Super Bowl. Their closest call was,no,no,Correct,1.9875999999999998
semantic,21,dev_2798,no,NO. The Super Bowl rings are typically awarded to the winning team. The losing,no,no,Correct,1.9430999999999998
semantic,21,dev_3138,no,NO. While the Olympic gold medal is traditionally made to look like it is solid,no,no,Correct,1.9885
semantic,21,dev_0307,yes,"NO. 700c tires are designed for road and urban bikes,",no,no,Incorrect,1.9823
semantic,21,dev_0506,yes,"YES

Drywall mud and joint compound are the same thing; they are used",yes,yes,Correct,1.9957
semantic,21,dev_0641,yes,I don't know. While there might be some parts that are interchangeable between the,i,idk,IDK,1.9441
semantic,21,dev_0844,yes,I don't know. While it's possible that Bell and Telus might share,i,idk,IDK,1.9912
semantic,21,dev_1032,yes,"NO

In Canada, the toll-free prefix is typically 1-80",no,no,Incorrect,2.0633000000000004
semantic,21,dev_1574,yes,"YES

Apple Lightning cables contain a chip called the Lightning controller, which manages the",yes,yes,Correct,1.9895999999999998
semantic,21,dev_1889,yes,"NO

While the Mazda Tribute and Ford Escape share similarities as mid-size crosso",no,no,Incorrect,1.9979
semantic,21,dev_2093,yes,YES. Some smartphones have a feature called Emergency SOS that allows you to make calls,yes,yes,Correct,3.3721
semantic,21,dev_2213,yes,"NO

U.S. toll-free numbers (numbers starting with 800",no,no,Incorrect,2.0603000000000002
semantic,21,dev_2735,yes,"NO

Pipelining is designed to improve throughput by allowing multiple tasks to be",no,no,Incorrect,1.9384000000000001
semantic,21,dev_2836,yes,NO. The F-4 Phantom II is no longer in active service with most,no,no,Incorrect,1.9963
semantic,21,dev_0788,no,NO. MiniDV tapes and 8mm tapes are different formats. MiniDV,no,no,Correct,1.9872
semantic,21,dev_0798,no,NO. The area code 669 is a local area code in California,no,no,Correct,1.9855999999999998
semantic,21,dev_1249,no,NO. C++ `std::string` does not require null-termination.,no,no,Correct,2.0583
semantic,21,dev_1458,no,NO,no,no,Correct,2.0614
semantic,21,dev_1584,no,NO. The Chevrolet Avalanche is not offered in a GMC version. It is a,no,no,Correct,1.9890999999999999
semantic,21,dev_1589,no,NO. A SIM-free phone is designed to work with any SIM card from any,no,no,Correct,1.9935999999999998
semantic,21,dev_1657,no,"NO. The first iPhone, released in 2007, did not",no,no,Correct,2.0636
semantic,21,dev_1691,no,NO. Response time and input lag are related but distinct concepts. Response time refers,no,no,Correct,1.9982
semantic,21,dev_1943,no,"NO

It's important to note that while PlayStation Plus is a premium subscription service",no,no,Correct,1.9954
semantic,21,dev_2682,no,"NO

E-ZPass and EZ-Pass are actually the same thing. E",no,no,Correct,1.9994
semantic,21,dev_2712,no,NO. A23 batteries and N batteries are not the same. A2,no,no,Correct,1.9907000000000001
semantic,21,dev_0427,no,NO,no,no,Correct,1.9345
semantic,21,dev_0531,no,"NO. There are other dragons in Middle-earth besides Smaug, such as",no,no,Correct,2.0645
semantic,21,dev_1915,no,"NO. ""The Hunchback of Notre-Dame"" is a fictional story",no,no,Correct,2.0576999999999996
semantic,21,dev_1946,no,NO. Snake Eyes and Storm Shadow are two distinct characters in the G.I.,no,no,Correct,1.9952
semantic,21,dev_2024,no,NO,no,no,Correct,1.9902
semantic,21,dev_2265,no,NO. G major and E minor are relative keys but they are not the same,no,no,Correct,1.997
semantic,21,dev_0004,yes,NO. Harry Potter and the Escape from Gringotts is not a roller-co,no,no,Incorrect,1.9967000000000001
semantic,21,dev_0241,yes,"NO. ""All I Want for Christmas Is You"" was written by Mariah",no,no,Incorrect,2.0593000000000004
semantic,21,dev_0326,yes,"NO. The Wizarding World of Harry Potter is located in Universal Studios, not",no,no,Incorrect,1.9342000000000001
semantic,21,dev_0525,yes,"YES

Queen had several number-one hits, including ""Bohemian Rhaps",yes,yes,Correct,3.3723
semantic,21,dev_0577,yes,"NO. Phil Collins and Peter Gabriel were both members of Genesis, but they did",no,no,Incorrect,1.9948
semantic,21,dev_0799,yes,"NO

On Jeopardy!, contestants do not receive the money they win on",no,no,Incorrect,1.9846
semantic,21,dev_0142,no,"NO. Denatured alcohol and acetone are different substances, although both are",no,no,Correct,1.9918
semantic,21,dev_0494,no,"NO. Fitness in biology refers to an individual's ability to survive and reproduce,",no,no,Correct,1.9877
semantic,21,dev_0527,no,"NO. HeLa cells have an abnormal number of chromosomes, typically with 7",no,no,Correct,2.0591999999999997
semantic,21,dev_0566,no,NO.,no,no,Correct,1.9952
semantic,21,dev_0648,no,NO,no,no,Correct,1.9463
semantic,21,dev_0668,no,NO. Red-eared sliders are freshwater turtles and are not adapted to live in,no,no,Correct,1.9778
semantic,21,dev_0749,no,NO. Sensory neurons are part of the peripheral nervous system and transmit sensory information,no,no,Correct,3.3395
semantic,21,dev_0790,no,"NO. Great white sharks are typically found in the epipelagic zone, which",no,no,Correct,1.9450999999999998
semantic,21,dev_0867,no,NO. The same genotype does not always result in the same phenotype due to various,no,no,Correct,1.9435
semantic,21,dev_0921,no,NO. Whale sharks are generally docile filter feeders and do not pose a,no,no,Correct,1.9832
semantic,21,dev_1088,no,NO,no,no,Correct,1.9804000000000002
semantic,21,dev_1329,no,NO. The earlobe does not contain any bone; it is composed primarily of,no,no,Correct,1.9884000000000002
semantic,21,dev_1402,no,NO. Tissue is typically composed of multiple types of cells that work together to,no,no,Correct,2.0612
semantic,21,dev_1428,no,NO,no,no,Correct,1.945
semantic,21,dev_1439,no,NO. A groundhog and a mole are different species. Groundhogs are,no,no,Correct,1.9932
semantic,21,dev_0020,yes,YES. Magnesium citrate contains citric acid as part of its composition.,yes,yes,Correct,1.9847000000000001
semantic,21,dev_0027,yes,"YES. Penguins, like all birds, have feathers that arise from the epider",yes,yes,Correct,1.9887000000000001
semantic,21,dev_0047,yes,YES.,yes,yes,Correct,1.9912999999999998
semantic,21,dev_0070,yes,NO. T. rex is the abbreviated scientific name for Tyrannosaurus rex,no,no,Incorrect,2.0009
semantic,21,dev_0086,yes,NO,no,no,Incorrect,1.994
semantic,21,dev_0121,yes,"YES

St. Bernards and Bernese Mountain Dogs are both members of the",yes,yes,Correct,1.9882
semantic,21,dev_0131,yes,"NO

The latent heat of vaporization typically remains relatively constant over a narrow range",no,no,Incorrect,2.0637
semantic,21,dev_0147,yes,"NO. While the navel and belly button refer to the same physical feature,",no,no,Incorrect,1.9325
semantic,21,dev_0159,yes,"YES

Many tree species can have more than one trunk, especially through processes like",yes,yes,Correct,1.979
semantic,21,dev_0190,yes,YES. Bees die if they lose their stinger and venom sac because the,yes,yes,Correct,3.3644000000000003
semantic,21,dev_0195,yes,YES,yes,yes,Correct,1.9329
semantic,21,dev_0200,yes,YES. Competitive inhibitors bind to the active site of the enzyme.,yes,yes,Correct,1.9895
semantic,21,dev_0214,yes,YES,yes,yes,Correct,2.0566
semantic,21,dev_0242,yes,NO. Only male bighorn sheep have large horns; females may have small,no,no,Incorrect,2.0572
semantic,21,dev_0522,yes,"NO

Hornets, like honeybees, have barbed stingers",no,no,Incorrect,2.06
semantic,21,dev_0033,no,NO,no,no,Correct,1.94
semantic,21,dev_0123,no,"NO. Public limited companies (PLCs) are typically in the public sector,",no,no,Correct,1.9441
semantic,21,dev_0501,no,NO. Comcast and Time Warner are separate companies. While they operate in the media,no,no,Correct,1.9978
semantic,21,dev_0526,no,NO,no,no,Correct,1.9921
semantic,21,dev_1076,no,"NO

Commercial banks are not the only entities that can face runs; any financial",no,no,Correct,1.9850999999999999
semantic,21,dev_1213,no,NO,no,no,Correct,1.9277
semantic,21,dev_1654,no,"NO

Discouraged workers are not counted in the unemployment rate because they are",no,no,Correct,2.0635
semantic,21,dev_1753,no,NO,no,no,Correct,1.994
semantic,21,dev_1825,no,"NO

A bank sort code is specific to each branch of a bank or building",no,no,Correct,1.9935
semantic,21,dev_2911,no,NO,no,no,Correct,1.9863
semantic,21,dev_2740,no,"NO. The Better Business Bureau (BBB) is a private, non-profit",no,no,Correct,1.9825
semantic,21,dev_2517,no,NO,no,no,Correct,1.9874
semantic,21,dev_1139,yes,NO,no,no,Incorrect,1.9867000000000001
semantic,21,dev_0002,yes,NO. House tax and property tax are similar but not exactly the same. Property,no,no,Incorrect,1.9356
semantic,21,dev_0773,yes,NO. A company can only be considered public if it is listed on a stock,no,no,Incorrect,1.9862
semantic,21,dev_1186,yes,YES,yes,yes,Correct,1.9958
semantic,21,dev_1302,yes,"YES

Dodge and Jeep are both brands owned by Stellantis, which",yes,yes,Correct,1.9819
semantic,21,dev_1349,yes,YES.,yes,yes,Correct,1.9867000000000001
semantic,21,dev_1771,yes,NO,no,no,Incorrect,1.9934
semantic,21,dev_1804,yes,"YES

A two-dollar bill does have monetary value, although it is less commonly",yes,yes,Correct,1.9922
semantic,21,dev_1873,yes,"YES

Stop & Shop and Giant are both owned by Ahold Delhaize",yes,yes,Correct,2.0648
semantic,21,dev_1963,yes,NO,no,no,Incorrect,1.9850999999999999
semantic,21,dev_2582,yes,"NO

A profit and loss statement is the same as an income statement. Both",no,no,Incorrect,1.9907000000000001
semantic,21,dev_2598,yes,"NO

Hellmann's and Best Foods were separate companies until Unilever acquired",no,no,Incorrect,1.9909000000000001
semantic,21,dev_3158,yes,"NO

While there is often a positive correlation between economic development and social development,",no,no,Incorrect,1.9837
semantic,21,dev_0551,no,NO,no,no,Correct,1.9982
semantic,21,dev_1158,no,"NO. While crossovers and SUVs are often confused, they have distinct",no,no,Correct,1.9926
semantic,21,dev_1364,no,"NO

A jet engine, including turbofan engines, is an internal combustion engine",no,no,Correct,1.9955999999999998
semantic,21,dev_1807,no,NO. The dimensions of US Letter (8.5 inches × 11,no,no,Correct,1.9947000000000001
semantic,21,dev_2542,no,NO. Father's Day is celebrated on the third Sunday in June in the United,no,no,Correct,1.9866
semantic,21,dev_2562,no,NO. A ribeye steak and a Delmonico steak are similar but not,no,no,Correct,3.3844000000000003
semantic,21,dev_3005,no,NO. An English Bull Terrier is not a Pit Bull. It is a,no,no,Correct,1.9925
semantic,21,dev_3194,no,NO. Corn chips and tortilla chips are similar in that they are both crispy,no,no,Correct,1.9847000000000001
semantic,21,dev_3195,no,NO. A boarding pass is different from a ticket. A ticket is the confirmation,no,no,Correct,1.9382000000000001
semantic,21,dev_0013,yes,"NO

Using shower gel to wash your hair is generally not ideal because it is",no,no,Incorrect,1.9830999999999999
semantic,21,dev_0043,yes,YES. There are multiple Interstate Highways that go coast-to-coast in the,yes,yes,Correct,2.0642
semantic,21,dev_0052,yes,YES,yes,yes,Correct,1.933
semantic,21,dev_0091,yes,YES. A tablespoon is generally larger than a dessert spoon. A tablespoon typically holds,yes,yes,Correct,1.9835999999999998
semantic,21,dev_0116,yes,"NO, a father-in-law is not considered a relative by blood, but he",no,no,Incorrect,1.983
semantic,21,dev_0288,yes,"NO. The UK primarily uses the 12-hour clock format, although the",no,no,Incorrect,3.331
semantic,21,dev_0555,yes,NO,no,no,Incorrect,1.9837
semantic,21,dev_0627,yes,"NO. The title ""Sir"" is specifically used for male recipients of certain British",no,no,Incorrect,2.0578000000000003
semantic,21,dev_0831,yes,"YES, A U.S. passport card is a valid form of ID for domestic",yes,yes,Correct,1.9878
semantic,21,dev_0721,no,NO,no,no,Correct,2.0594
semantic,21,dev_0863,no,"NO. ""The Closer"" and ""Major Crimes"" are two separate television",no,no,Correct,1.9458
semantic,21,dev_1357,no,NO,no,no,Correct,1.9885
semantic,21,dev_1951,no,"YES

""The Bridge on the River Kwai"" is based on a novel by",yes,yes,Incorrect,1.9924000000000002
semantic,21,dev_2131,no,"NO. Nacho Varga is a character from ""Breaking Bad,"" while Ign",no,no,Correct,2.0649
semantic,21,dev_2174,no,NO. Fear the Walking Dead and The Walking Dead are separate but related shows within,no,no,Correct,3.3344
semantic,21,dev_2252,no,NO. You do not have to be from America to be on America's Got,no,no,Correct,1.9444000000000001
semantic,21,dev_2309,no,NO. Maleficent and the Evil Queen are different characters from different fairy tales,no,no,Correct,2.0587
semantic,21,dev_2364,no,NO,no,no,Correct,2.0686
semantic,21,dev_3075,no,NO. Pulp Fiction is not based on a true story. It is a,no,no,Correct,1.996
semantic,21,dev_3205,no,"NO. The movie ""Lady Bird"" is not about Lady Bird Johnson. It",no,no,Correct,2.0575
semantic,21,dev_0015,yes,"YES

""Fantastic Beasts and Where to Find Them"" is a prequel",yes,yes,Correct,2.0576999999999996
semantic,21,dev_0153,yes,YES,yes,yes,Correct,1.9994
semantic,21,dev_0161,yes,"NO. While ""The Night of the Hunter"" shares some thematic elements with film",no,no,Incorrect,2.0587
semantic,21,dev_0306,yes,"NO

Grey's Anatomy is primarily a fictional television series, and although it is",no,no,Incorrect,1.9857
semantic,21,dev_0334,yes,"YES

""Wrath of the Titans"" is indeed a sequel to ""Cl",yes,yes,Correct,3.4053
semantic,21,dev_0338,yes,YES,yes,yes,Correct,1.9822
semantic,21,dev_0493,yes,NO,no,no,Incorrect,1.9983
semantic,21,dev_0520,yes,YES,yes,yes,Correct,1.9997
semantic,21,dev_0212,no,NO,no,no,Correct,1.9841
semantic,21,dev_0309,no,NO. Ground coriander and cumin are not the same thing. They,no,no,Correct,1.9912999999999998
semantic,21,dev_0484,no,NO. Saltwater Taffy does not contain actual salt water. The name,no,no,Correct,1.9429
semantic,21,dev_0654,no,NO. Beef short ribs and spare ribs are different cuts of meat. Beef short,no,no,Correct,1.982
semantic,21,dev_0973,no,NO. Salt water taffy is not made with ocean water. The name,no,no,Correct,1.9895
semantic,21,dev_1335,no,NO,no,no,Correct,1.8647
semantic,21,dev_1443,no,NO.,no,no,Correct,1.9952999999999999
semantic,21,dev_0284,yes,"NO

Enameled cast iron cookware is designed to be safe and does",no,no,Incorrect,1.9915999999999998
semantic,21,dev_0330,yes,YES,yes,yes,Correct,1.986
semantic,21,dev_0443,yes,"NO. Powdered sugar, also known as confectioners' sugar, is",no,no,Incorrect,1.9959
semantic,21,dev_0975,yes,NO. Wholemeal flour and whole wheat flour are similar but not exactly the same,no,no,Incorrect,1.9892999999999998
semantic,21,dev_1741,yes,"NO

Garbanzo beans and chickpeas are the same thing. They",no,no,Incorrect,1.9919
semantic,21,dev_1770,yes,"YES

Pure vanilla extract typically contains alcohol as a solvent to help extract and preserve",yes,yes,Correct,1.9826
semantic,21,dev_1860,no,NO. Pinot Noir and Pinot Gris are not the same grape variety,no,no,Correct,2.0695
semantic,21,dev_1967,yes,NO,no,no,Incorrect,2.0645
semantic,21,dev_0236,no,NO.,no,no,Correct,1.9972
semantic,21,dev_0741,no,"NO

Solitaire games like Klondike are designed such that not every initial",no,no,Correct,1.9866
semantic,21,dev_1440,no,"YES

The Xbox One can play Xbox 360 discs through backward compatibility",yes,yes,Incorrect,1.9838
semantic,21,dev_2062,no,NO.,no,no,Correct,1.9828
semantic,21,dev_2109,no,"NO. Call of Duty: World at War is based on World War II,",no,no,Correct,2.0589
semantic,21,dev_2137,no,"NO. In chess, it is not possible to win the game with only a",no,no,Correct,1.999
semantic,21,dev_0478,yes,YES,yes,yes,Correct,1.9852
semantic,21,dev_0545,yes,NO. Just Cause 3 is primarily focused on open-world exploration and sandbox gameplay,no,no,Incorrect,1.9838
semantic,21,dev_1125,yes,NO,no,no,Incorrect,3.3361
semantic,21,dev_1137,yes,"YES

Pokémon Crystal is compatible with Pokémon Stadium 2, allowing players to",yes,yes,Correct,1.9968
semantic,21,dev_1162,yes,"YES

You can play most DS games on a DS Lite, as the DS",yes,yes,Correct,1.9922
semantic,21,dev_1177,yes,"YES

Company of Heroes 2 features a campaign mode that allows players to experience",yes,yes,Correct,1.9848
semantic,21,dev_1444,yes,"NO

Original Xbox games do not work on Xbox One without the use of an",no,no,Incorrect,1.9924000000000002
semantic,21,dev_0313,no,NO. St. Kitts and Nevis is an independent state in the Caribbean,no,no,Correct,1.9394
semantic,21,dev_0823,no,NO. The Ogallala Aquifer is one of the largest aquifers in,no,no,Correct,2.0612
semantic,21,dev_0839,no,NO. West Virginia and Virginia are two separate states. West Virginia separated from Virginia,no,no,Correct,2.0599000000000003
semantic,21,dev_1222,no,NO. The Isle of Man is not part of Great Britain. It is a,no,no,Correct,1.9954
semantic,21,dev_1254,no,NO. Sudan and South Sudan are two separate countries. They were part of the,no,no,Correct,3.3254
semantic,21,dev_1269,no,NO,no,no,Correct,1.9935999999999998
semantic,21,dev_1334,no,NO,no,no,Correct,1.988
semantic,21,dev_0184,yes,YES,yes,yes,Correct,1.9978
semantic,21,dev_0322,yes,YES,yes,yes,Correct,1.9926
semantic,21,dev_0557,yes,NO. The Amazon River contains significant amounts of salt due to its connection to the,no,no,Incorrect,1.9405
semantic,21,dev_0573,yes,"YES

You can travel from the Mediterranean Sea to the Black Sea via the D",yes,yes,Correct,1.995
semantic,21,dev_1179,yes,"NO. Phoenix is in the Mountain Time Zone, while Denver is also in the",no,no,Incorrect,1.995
semantic,21,dev_0619,yes,NO. The state of Texas is not bigger than Germany. Germany covers an area,no,no,Incorrect,1.9847000000000001
semantic,21,dev_0650,yes,"YES

New York City consists of five boroughs: Manhattan, Brooklyn, Queens",yes,yes,Correct,3.2922
semantic,21,dev_0734,yes,"YES

You can navigate from Lake Erie to Lake Ontario using the Welland Canal",yes,yes,Correct,1.9957
semantic,21,dev_0061,no,NO,no,no,Correct,1.991
semantic,21,dev_0124,no,NO. Health care is not free in the United States. While there are public,no,no,Correct,1.9432
semantic,21,dev_0914,no,NO. Stroke volume and ejection fraction are related but distinct measures of ventricular,no,no,Correct,2.0009
semantic,21,dev_0955,no,NO. Mycosis fungoides is not caused by a fungal infection.,no,no,Correct,2.0582
semantic,21,dev_1610,no,NO. Soft-tissue damage is a broader term that includes various injuries to the,no,no,Correct,1.939
semantic,21,dev_1790,no,"NO. During implantation, the blastocyst attaches to and embeds into",no,no,Correct,1.9903
semantic,21,dev_2096,no,NO,no,no,Correct,1.9929000000000001
semantic,21,dev_2277,no,NO. High dependency units (HDUs) and intensive care units (ICUs,no,no,Correct,2.0591
semantic,21,dev_2499,no,NO. A Doctor of Physical Therapy (DPT) is not an MD.,no,no,Correct,1.9482000000000002
semantic,21,dev_1959,yes,YES,yes,yes,Correct,1.9345999999999999
semantic,21,dev_1992,yes,"NO. Rabies is typically transmitted through the saliva of an infected animal, usually",no,no,Incorrect,2.0575
semantic,21,dev_2047,yes,"NO. Organs in the digestive system, such as the liver, pancreas",no,no,Incorrect,1.9855999999999998
semantic,21,dev_1656,yes,"NO

While the expression ""broken heart"" is often used metaphorically to describe",no,no,Incorrect,2.0581
semantic,21,dev_1663,yes,"NO. Turf toe is typically associated with the big toe, but similar injuries",no,no,Incorrect,2.0
semantic,21,dev_1752,yes,"NO

Triamcinolone cream is a topical corticosteroid used",no,no,Incorrect,2.0572
semantic,21,dev_2049,yes,YES. The common femoral vein is a deep vein located in the femoral,yes,yes,Correct,1.9975
semantic,21,dev_2050,yes,YES. Drug tolerance can be caused by both receptor upregulation and downreg,yes,yes,Correct,1.9897
semantic,21,dev_1442,yes,"NO. A lipid profile and a lipid panel are essentially the same thing, referring",no,no,Incorrect,3.3325
semantic,21,dev_0301,no,NO. The Berlin Wall and the Berlin Blockade are two distinct events during the,no,no,Correct,2.0606999999999998
semantic,21,dev_0480,no,NO. We no longer follow the Articles of Confederation. The Articles of Confeder,no,no,Correct,2.0615
semantic,21,dev_1290,no,NO. Nova Scotia was not one of the 13 original colonies that formed,no,no,Correct,1.9417
semantic,21,dev_1819,no,NO. The Czech Republic and Czechoslovakia are not the same country.,no,no,Correct,2.0668
semantic,21,dev_2206,no,NO. The Emancipation Proclamation applied only to the Confederate states in rebellion,no,no,Correct,1.9992999999999999
semantic,21,dev_0376,yes,NO. William the Conqueror's claim to the English throne was not based,no,no,Incorrect,2.0625999999999998
semantic,21,dev_0346,yes,"YES

During World War II, helicopters were still in their early stages of development",yes,yes,Correct,2.0702
semantic,21,dev_0363,yes,"YES

The 1971 silver dollar, also known as the Kennedy",yes,yes,Correct,2.0601
semantic,21,dev_0535,yes,"YES

Houston was the temporary capital of Texas from 1837 to",yes,yes,Correct,1.9869
semantic,21,dev_0629,yes,YES,yes,yes,Correct,2.0619
semantic,21,dev_0179,no,NO,no,no,Correct,1.8699000000000001
semantic,21,dev_0402,no,"NO. In the United Kingdom, bigamy is illegal, and polygamy",no,no,Correct,1.9885
semantic,21,dev_0513,no,NO. A purchase price alone is generally not considered sufficient proof of part performance in,no,no,Correct,2.0583
semantic,21,dev_0606,no,NO. Escaping from prison is illegal in Germany and is considered a serious offense,no,no,Correct,1.9858
semantic,21,dev_0630,no,NO.,no,no,Correct,1.9438
semantic,21,dev_0795,no,"NO. Driving laws, including cellphone bans, can vary significantly from state to state",no,no,Correct,1.9793
semantic,21,dev_1457,no,NO. The Civil Rights Act of 1964 is not part of,no,no,Correct,2.067
semantic,21,dev_1776,no,NO. An Employment Authorization Document (EAD) and a green card are different,no,no,Correct,1.9458
semantic,21,dev_1862,no,NO,no,no,Correct,1.9972999999999999
semantic,21,dev_1911,no,NO. There is no mandatory retirement age for U.S. Supreme Court justices.,no,no,Correct,1.9964000000000002
semantic,21,dev_2755,no,NO,no,no,Correct,1.9901
semantic,21,dev_2756,no,NO. The Bill of Rights is not part of the original Constitution but was added,no,no,Correct,1.999
semantic,21,dev_2921,no,NO. Property tax and council tax serve similar purposes but are distinct in their application,no,no,Correct,1.9443
semantic,21,dev_2972,no,NO,no,no,Correct,1.9858
semantic,21,dev_0009,yes,"NO

In Canada, you can drive with a valid U.S. driver's",no,no,Incorrect,1.9895
semantic,21,dev_0038,yes,"YES

It is generally legal to record a cover of a song, but you",yes,yes,Correct,1.9872999999999998
semantic,21,dev_0129,yes,"NO

In Florida, private sales of firearms must go through a licensed firearms dealer",no,no,Incorrect,1.9910999999999999
semantic,21,dev_0202,yes,"NO. Breaking and entering into a car is generally considered a misdemeanor, although the",no,no,Incorrect,1.9461
semantic,21,dev_0308,yes,YES,yes,yes,Correct,1.9887000000000001
semantic,21,dev_0584,yes,YES,yes,yes,Correct,2.0599000000000003
semantic,21,dev_0644,yes,"YES, In many places, you are required to pull over and move your vehicle",yes,yes,Correct,1.9419000000000002
semantic,21,dev_0653,yes,YES,yes,yes,Correct,1.9917
semantic,21,dev_0671,yes,"NO

As of my last update, the state of Kansas does not have the",no,no,Incorrect,1.9898
semantic,21,dev_0757,yes,YES,yes,yes,Correct,1.9404000000000001
semantic,21,dev_1059,yes,"NO

While the Supreme Court can review and potentially invalidate an executive order if it",no,no,Incorrect,1.9908
semantic,21,dev_1067,yes,YES,yes,yes,Correct,2.0649
semantic,21,dev_1097,yes,YES,yes,yes,Correct,2.0621
semantic,21,dev_1131,yes,NO,no,no,Incorrect,3.3415
semantic,21,dev_1324,yes,"NO, a flask does not necessarily count as an open container unless it is open",no,no,Incorrect,1.9902
semantic,21,dev_0305,no,"NO. While language is a significant criterion for classifying states in India, it",no,no,Correct,1.9975
semantic,21,dev_0465,no,NO,no,no,Correct,1.9872
semantic,21,dev_0508,no,"NO

According to the 22nd Amendment to the United States Constitution,",no,no,Correct,1.979
semantic,21,dev_0518,no,NO,no,no,Correct,1.9934
semantic,21,dev_0572,no,NO,no,no,Correct,1.9849
semantic,21,dev_0898,no,"NO

In Canada, only Canadian citizens are eligible to vote in federal, provincial",no,no,Correct,1.9954
semantic,21,dev_1154,no,NO. The number of justices on the Supreme Court has changed over time. It,no,no,Correct,2.0572
semantic,21,dev_1221,no,"NO

Filibusters are primarily associated with the Senate, where unlimited debate can",no,no,Correct,3.3403
semantic,21,dev_1244,no,NO. Canada and Australia are independent countries and were former dominions of the United,no,no,Correct,1.9875
semantic,21,dev_1245,no,NO. Turkey is not a member of the European Economic Area (EEA).,no,no,Correct,1.9892999999999998
semantic,21,dev_1273,no,NO,no,no,Correct,2.0627
semantic,21,dev_0647,yes,NO. Not every nation-state has a national government at all times. For example,no,no,Incorrect,1.9433
semantic,21,dev_0254,yes,YES. The Vice President of the United States serves as the President of the Senate,yes,yes,Correct,1.9918
semantic,21,dev_0486,yes,YES,yes,yes,Correct,1.9433
semantic,21,dev_0736,yes,"NO. The World Bank is not directly affiliated with the United Nations, although both",no,no,Incorrect,1.9946
semantic,21,dev_0814,yes,"NO. The Air Force primarily focuses on aerial operations, including aircraft maintenance, pil",no,no,Incorrect,1.9932
semantic,21,dev_1477,yes,YES,yes,yes,Correct,3.3316
semantic,21,dev_1721,yes,"YES

There are several U.S. military bases in the United Kingdom, including",yes,yes,Correct,1.9867000000000001
semantic,21,dev_1786,yes,"NO

New York City no longer has rent control for most apartments. Rent stabilization",no,no,Incorrect,1.8756
semantic,21,dev_1970,yes,YES,yes,yes,Correct,1.993
semantic,21,dev_1985,yes,YES,yes,yes,Correct,2.0654
semantic,21,dev_2448,no,"NO

Puerto Rico does not have the right to vote in U.S.",no,no,Correct,1.9992
semantic,21,dev_0066,yes,"YES. In any triangle, at least two angles must be acute because the sum",yes,yes,Correct,1.9835
semantic,21,dev_0088,yes,"YES

According to Einstein's equation \( E = mc^2 \), energy",yes,yes,Correct,1.99
semantic,21,dev_0196,yes,"NO, a complete T. rex skull has been found, but many partial skulls",no,no,Incorrect,2.0605
semantic,21,dev_0262,yes,YES,yes,yes,Correct,3.3214
semantic,21,dev_0271,yes,YES,yes,yes,Correct,1.7434
semantic,21,dev_0329,yes,"YES, the Sun orbits around the Milky Way. The solar system, including the",yes,yes,Correct,2.06
semantic,21,dev_0331,yes,YES,yes,yes,Correct,1.9398
semantic,21,dev_0387,yes,YES. Density depends on the type of material. Different materials have different densities due,yes,yes,Correct,1.9265
semantic,21,dev_0418,yes,"YES

Thunder and lightning can occur during a snowstorm if there are active thunder",yes,yes,Correct,1.9249
semantic,21,dev_0616,yes,"NO. Bicarb soda and baking soda refer to the same substance, sodium",no,no,Incorrect,1.9945
semantic,21,dev_0638,yes,YES. All rhombuses have two pairs of parallel sides.,yes,yes,Correct,1.932
semantic,21,dev_0657,yes,NO. Yield stress and yield strength are related but not the same. Yield strength,no,no,Incorrect,3.4017
semantic,21,dev_0692,yes,"YES

A hydrometer can be used to measure the density of milk,",yes,yes,Correct,1.9859
semantic,21,dev_0744,yes,NO. A polynomial cannot have a square root of a variable because that would introduce,no,no,Incorrect,1.9885
semantic,21,dev_0797,yes,"YES, average velocity has both magnitude and direction associated with it.",yes,yes,Correct,1.9245
semantic,21,dev_0842,yes,"YES

Diffraction is a common phenomenon observed in sound waves, where they bend",yes,yes,Correct,1.9969000000000001
semantic,21,dev_1379,yes,"NO. Talcum powder is a product made from talc, but tal",no,no,Incorrect,1.9948
semantic,21,dev_0126,no,"NO

According to our current understanding of physics, particularly special and general relativity",no,no,Correct,1.9866
semantic,21,dev_0342,no,"NO. The speed of sound varies depending on the material and its properties, such",no,no,Correct,1.9902
semantic,21,dev_0437,no,NO. There is no guarantee that there will be a full moon on the summer,no,no,Correct,2.0599000000000003
semantic,21,dev_0553,no,"NO. In a parallelogram, opposite angles are equal, but adjacent angles",no,no,Correct,2.0583
semantic,21,dev_0652,no,NO. The square root of 3 is an irrational number.,no,no,Correct,1.9978
semantic,21,dev_0708,no,NO. A negative number cannot be a perfect square because the square of any real,no,no,Correct,1.9828
semantic,21,dev_1083,no,NO. Carbon-14 dating is not suitable for live animals since it requires,no,no,Correct,2.0591
semantic,21,dev_1142,no,NO. Quantum entanglement does not allow for the transfer of information faster than,no,no,Correct,2.0588
semantic,21,dev_1354,no,NO. The depth of the water table can vary significantly depending on factors such as,no,no,Correct,1.9892999999999998
semantic,21,dev_1460,no,NO. Single-subject research designs are particularly useful for studying individual behaviors and the,no,no,Correct,1.9882
semantic,21,dev_1468,no,NO. Sodium lactate and lactic acid are related but different compounds. L,no,no,Correct,1.989
semantic,21,dev_1559,no,NO.,no,no,Correct,1.9298
semantic,21,dev_1595,no,"NO. Reverse osmosis water and deionized water are both purified,",no,no,Correct,1.999
semantic,21,dev_1643,no,NO. Static pressure is not the same as atmospheric pressure. Atmospheric pressure is the,no,no,Correct,1.9872
semantic,21,dev_1692,no,NO. Atmospheric pressure is not always 1 atm (atmosphere). It,no,no,Correct,1.9872999999999998
semantic,21,dev_1726,no,NO,no,no,Correct,2.0605
semantic,21,dev_0008,yes,"YES

For example, the word ""qubit"" is a term used in",yes,yes,Correct,1.9842
semantic,21,dev_0323,yes,"NO. The Song of Solomon is also known as the Song of Songs, but",no,no,Incorrect,1.9972999999999999
semantic,21,dev_0794,yes,YES,yes,yes,Correct,1.9926
semantic,21,dev_0866,yes,"NO. In English, the letter combination ""qu"" is almost always pronounced /",no,no,Incorrect,1.9834
semantic,21,dev_0910,yes,"NO

The Dewey Decimal System is still in use, particularly in public and",no,no,Incorrect,1.9870999999999999
semantic,21,dev_0992,yes,"NO

In elementary school, students are typically not held back (retained)",no,no,Incorrect,1.9305999999999999
semantic,21,dev_1446,yes,NO. The Church of England is a specific national church within the Anglican Comm,no,no,Incorrect,1.9932999999999998
semantic,21,dev_0294,no,NO.,no,no,Correct,1.9828
semantic,21,dev_0521,no,"NO. The word ""kangaroo"" does not mean ""I don't",no,no,Correct,2.0655
semantic,21,dev_0943,no,"NO. The Book of Deuteronomy is in the Old Testament, not the",no,no,Correct,1.9926
semantic,21,dev_1887,no,NO. The Persian and Arabic alphabets are similar but not the same.,no,no,Correct,1.9395
semantic,21,dev_2892,no,NO,no,no,Correct,1.925
semantic,21,dev_2691,no,NO,no,no,Correct,2.0598
semantic,21,dev_0065,yes,"YES

Several players from the 1980 U.S. hockey team",yes,yes,Correct,2.0610999999999997
semantic,21,dev_0245,yes,NO,no,no,Incorrect,3.3291999999999997
semantic,21,dev_0315,yes,"NO. Soccer fields and football fields have different dimensions and rules, so they are",no,no,Incorrect,1.9903
semantic,21,dev_0361,yes,"YES

Chewing tobacco is banned in Major League Baseball. Players found using it",yes,yes,Correct,1.989
semantic,21,dev_0550,yes,"NO

While it's rare, there have been instances of tie games in baseball",no,no,Incorrect,1.9992999999999999
semantic,21,dev_0595,yes,NO. The Ivy League does not have a basketball tournament. It is one of,no,no,Incorrect,1.9290999999999998
semantic,21,dev_0966,yes,"YES. The round of 16 in the World Cup is single elimination,",yes,yes,Correct,1.9450999999999998
semantic,21,dev_1078,yes,"NO

All NHL teams have won the Stanley Cup at least once since the league",no,no,Incorrect,1.9877
semantic,21,dev_1224,yes,NO. A rugby field is generally longer than an American football field but not as,no,no,Incorrect,1.9875999999999998
semantic,21,dev_1251,yes,"YES

Croatia has participated in the FIFA World Cup and has placed in",yes,yes,Correct,2.061
semantic,21,dev_1260,yes,NO. The Nike Air Force 1s are not typically considered ideal for basketball,no,no,Incorrect,1.9921
semantic,21,dev_1278,yes,"YES

Cal Ripken Jr. was inducted into the Baseball Hall of Fame",yes,yes,Correct,2.0596
semantic,21,dev_1462,yes,YES,yes,yes,Correct,1.9921
semantic,21,dev_1494,yes,NO. You cannot be offside on a corner kick. A player is only,no,no,Incorrect,2.0
semantic,21,dev_1543,yes,YES. The Boston Bruins came back from a 3-0 deficit to win,yes,yes,Correct,1.9819
semantic,21,dev_2012,yes,NO. Dwight Howard played for the Houston Rockets from 2012 to,no,no,Incorrect,1.9962
semantic,21,dev_2118,yes,"YES. Twisting a wrist can cause a fracture or dislocation, which are",yes,yes,Correct,2.0725
semantic,21,dev_2272,yes,"NO. AstroTurf is a brand name for artificial grass, but not all",no,no,Incorrect,1.9992999999999999
semantic,21,dev_2338,yes,"NO

Cup-tied rules typically prevent a player from participating in multiple competitions",no,no,Incorrect,1.9866
semantic,21,dev_2498,yes,"YES

There have been instances in baseball where two grand slams occurred in the",yes,yes,Correct,2.0606
semantic,21,dev_2509,yes,NO. No NBA team has ever come back from a 3-1 deficit,no,no,Incorrect,1.9323
semantic,21,dev_2917,yes,NO. The Tampa Bay Lightning have not won the Stanley Cup. They reached the,no,no,Incorrect,1.9390999999999998
semantic,21,dev_2966,yes,"YES. Players can go to the NBA directly out of high school, though it",yes,yes,Correct,1.9835999999999998
semantic,21,dev_2974,yes,"YES. It is possible to run for 24 hours, and such events",yes,yes,Correct,1.9977
semantic,21,dev_3007,yes,"YES

The Tour de France changes every year in terms of route, participants,",yes,yes,Correct,1.9821
semantic,21,dev_3199,yes,"YES. Club professionals have won the PGA Championship in the past. For example,",yes,yes,Correct,1.9450999999999998
semantic,21,dev_0222,no,NO. NCAA and NBA basketballs are not the same size. NBA basketballs,no,no,Correct,1.9885
semantic,21,dev_0398,no,"NO. In soccer, you cannot score directly from a throw-in. A goal",no,no,Correct,2.0618000000000003
semantic,21,dev_0426,no,NO. A soccer goalie cannot pick up a throw-in; the throw-in must,no,no,Correct,3.3319
semantic,21,dev_0464,no,NO,no,no,Correct,1.9982
semantic,21,dev_0563,no,NO. Croatia has not won the FIFA World Cup. They have reached the final,no,no,Correct,1.9854
semantic,21,dev_0658,no,NO. A walk in baseball is not a dead ball situation. When a batter,no,no,Correct,1.9943
semantic,21,dev_1366,no,NO. The UEFA Champions League trophy is not replaced annually. It is a permanent,no,no,Correct,1.9935
semantic,21,dev_1471,no,NO. A player cannot be offside during a throw-in. The offside,no,no,Correct,2.0627
semantic,21,dev_1558,no,NO,no,no,Correct,1.9445999999999999
semantic,21,dev_1580,no,NO,no,no,Correct,1.9957
semantic,21,dev_2401,no,NO. A batsman cannot be run out on a no-ball. A no,no,no,Correct,2.06
semantic,21,dev_2436,no,"NO

It is not possible for a",no,no,Correct,1.9884000000000002
semantic,21,dev_3224,no,NO. An MLB game cannot end in a tie; if the score is tied,no,no,Correct,1.927
semantic,21,dev_0022,yes,"NO. A spark plug ignites the fuel-air mixture in the engine, but",no,no,Incorrect,1.9968
semantic,21,dev_0132,yes,"YES

A Network Attached Storage (NAS) device can be used as a server",yes,yes,Correct,2.0572
semantic,21,dev_0268,yes,YES. An AGM (Absorbent Glass Mat) battery is a type,yes,yes,Correct,1.9923
semantic,21,dev_0646,yes,"YES

Multithreading is useful even on a single processor because it allows for",yes,yes,Correct,1.9881
semantic,21,dev_0697,yes,"NO

Google Drive offers free storage with some limitations, and there are paid plans",no,no,Incorrect,1.9874
semantic,21,dev_0935,yes,YES,yes,yes,Correct,1.9829
semantic,21,dev_1159,yes,"YES

High-level languages can use assemblers through the compilation process. A",yes,yes,Correct,1.9906
semantic,21,dev_1376,yes,YES. A database can contain multiple tables to organize and manage different types of data,yes,yes,Correct,1.9784000000000002
semantic,21,dev_1646,yes,"NO

Cast-iron pans are not ferromagnetic and therefore cannot be used",no,no,Incorrect,1.9385
semantic,21,dev_1869,yes,YES,yes,yes,Correct,1.9874
semantic,21,dev_2397,yes,"YES

Cell phone jammers are devices designed to block or interfere with cellular signals",yes,yes,Correct,1.9907000000000001
semantic,21,dev_0512,no,NO,no,no,Correct,1.9912
semantic,21,dev_1524,no,NO,no,no,Correct,1.9989000000000001
semantic,21,dev_1675,no,NO.,no,no,Correct,1.9863
semantic,21,dev_1723,no,"NO

Regular bulbs are not designed for use in 3-way lamp fixtures.",no,no,Correct,1.9972999999999999
semantic,21,dev_2027,no,NO.,no,no,Correct,1.9874
semantic,21,dev_2104,no,NO. The original PlayStation 2 does not have built-in internet capabilities. You,no,no,Correct,1.9866
semantic,21,dev_2262,no,"NO. WordPad is a simpler text editor included with Windows operating systems, while",no,no,Correct,1.9959
semantic,21,dev_2431,no,"NO. In a tree data structure, each node can have zero or more child",no,no,Correct,1.9952999999999999
semantic,21,dev_2524,no,NO. The iPhone SE and iPhone 5 are different models with distinct features and,no,no,Correct,1.9895999999999998
semantic,21,dev_3057,no,NO,no,no,Correct,1.9843
semantic,21,dev_3167,no,NO. Gear oil and motor oil are not the same. Gear oil is specifically,no,no,Correct,1.9992999999999999
semantic,16,dev_0023,yes,"NO. While both capes and cloaks are loose, sleeveless garments that",no,no,Incorrect,1.6187
semantic,16,dev_0039,no,"YES

Carbon and hydrogen can form polar covalent bonds because there is a",yes,yes,Incorrect,1.6959000000000002
semantic,16,dev_0055,no,NO. Wisconsin has not won the Little League World Series. While Wisconsin teams participate,no,no,Correct,1.687
semantic,16,dev_0059,no,NO. The Five Heartbeats is a fictional R&B quartet from the,no,no,Correct,1.6916
semantic,16,dev_0068,no,NO,no,no,Correct,1.684
semantic,16,dev_0087,yes,"NO. The ""boiling frog"" anecdote suggests that a frog placed in",no,no,Incorrect,1.6789
semantic,16,dev_0107,no,"NO, gambling winnings are generally not taxable in Australia. However, it's always",no,no,Correct,1.6839000000000002
semantic,16,dev_0120,yes,NO. A vehicle title and registration are related but distinct documents in the context of,no,no,Incorrect,1.6884000000000001
semantic,16,dev_0138,no,NO. The National Minimum Drinking Age Act requires all states to set the legal drinking,no,no,Correct,1.6861
semantic,16,dev_0151,no,"NO

Numbers do not look the same in all languages. Different cultures and languages",no,no,Correct,1.6899000000000002
semantic,16,dev_0163,yes,NO,no,no,Incorrect,1.6925999999999999
semantic,16,dev_0165,no,"NO. Dragon fruit and pitaya refer to the same fruit, which is produced",no,no,Correct,1.6198
semantic,16,dev_0207,no,NO. France is generally in the Central European Time (CET) or Central,no,no,Correct,1.6268
semantic,16,dev_0210,no,NO,no,no,Correct,1.6943
semantic,16,dev_0221,no,"NO. Markup languages are designed to structure and format content, not specifically to describe",no,no,Correct,1.6199000000000001
semantic,16,dev_0229,yes,"NO

Not all UK National Insurance numbers have a letter at the end. Some",no,no,Incorrect,1.6879000000000002
semantic,16,dev_0237,no,"NO

Both terms refer to the same type of engine, which completes both the",no,no,Correct,1.6903
semantic,16,dev_0243,no,"NO

While St. Louis has a Chinese community, it does not have a",no,no,Correct,1.6905
semantic,16,dev_0248,yes,NO. Peregrine falcons are faster than cheetahs when it,no,no,Incorrect,1.6921
semantic,16,dev_0249,yes,"NO. Queen ants do not give birth to queen ants directly. Instead, they",no,no,Incorrect,1.6936
semantic,16,dev_0251,yes,NO. Each sister chromatid is a duplicate copy of the DNA from one chromosome,no,no,Incorrect,1.6238
semantic,16,dev_0257,yes,NO. A glass window will not break on its own without an external force or,no,no,Incorrect,1.6843
semantic,16,dev_0270,no,"NO. In the United States, the minimum legal drinking age (MLDA)",no,no,Correct,1.6976
semantic,16,dev_0287,yes,NO,no,no,Incorrect,1.6850999999999998
semantic,16,dev_0295,no,"NO

While ""doves"" and ""pigeons"" are often used",no,no,Correct,1.6919000000000002
semantic,16,dev_0298,yes,NO.,no,no,Incorrect,1.6182999999999998
semantic,16,dev_0312,no,"No, not all adjectives have to come before a noun. Some adjectives",no,no,Correct,1.6252
semantic,16,dev_0316,yes,NO. The internal intercostal muscles contract during exhalation to help decrease,no,no,Incorrect,3.0456
semantic,16,dev_0318,yes,"YES

An Ace-2-3-4-5 is an example of",yes,yes,Correct,1.6883
semantic,16,dev_0321,yes,NO. A filibuster can be stopped for Supreme Court nominees using the nuclear option,no,no,Incorrect,1.6914
semantic,16,dev_0333,yes,NO. The .22 Magnum (often abbreviated as .22 Mag.),no,no,Incorrect,3.0314
semantic,16,dev_0336,no,NO. Muay Thai and Thai boxing are the same thing. Muay Thai,no,no,Correct,1.6853
semantic,16,dev_0343,yes,"NO. The executive branch includes other members such as the Vice President, Cabinet secret",no,no,Incorrect,1.6907
semantic,16,dev_0352,no,"NO. In soccer, you cannot score directly from a throw-in. A goal",no,no,Correct,1.6958
semantic,16,dev_0355,no,NO. Father's Day is not the same day every year; it is celebrated,no,no,Correct,1.6844000000000001
semantic,16,dev_0364,no,"NO. While wicket-keepers are commonly used in cricket, particularly in Test",no,no,Correct,1.6813
semantic,16,dev_0366,no,"NO

There is no distinct structure that completely separates the abdominal cavity and the pelvic",no,no,Correct,1.6228
semantic,16,dev_0406,no,"NO. A California roll typically does not contain fish. It usually includes avocado,",no,no,Correct,1.6227
semantic,16,dev_0428,no,"NO. While hydrogen peroxide contains the peroxide functional group, it is not",no,no,Correct,1.6136
semantic,16,dev_0429,yes,"YES. Flax oil and linseed oil are the same; ""linseed",yes,yes,Correct,1.7074
semantic,16,dev_0430,yes,NO. The Banaue Rice Terraces are not one of the 7,no,no,Incorrect,1.7241
semantic,16,dev_0436,no,"YES

The term ""broken heart"" is often used metaphorically to describe emotional",yes,yes,Incorrect,1.6872
semantic,16,dev_0441,no,NO. Shrimp with lobster sauce typically contains shrimp and a sauce that includes elements,no,no,Correct,1.6976
semantic,16,dev_0442,yes,"YES. Lead dust can be absorbed through the eyes, particularly if the eyes come",yes,yes,Correct,1.6952
semantic,16,dev_0479,no,YES,yes,yes,Incorrect,1.6850999999999998
semantic,16,dev_0481,no,"NO. New York City officially consists of five boroughs: Manhattan, Brooklyn,",no,no,Correct,1.6922000000000001
semantic,16,dev_0482,no,YES,yes,yes,Incorrect,1.6954
semantic,16,dev_0487,no,NO. You cannot grow banana trees from a banana. Bananas do not produce,no,no,Correct,1.6843
semantic,16,dev_0504,yes,NO,no,no,Incorrect,1.6204
semantic,16,dev_0509,no,"YES

The AR-15 is used in the military, where it is",yes,yes,Incorrect,1.6903
semantic,16,dev_0532,no,"YES

It is possible to connect your brain to a computer through various neurotechnology",yes,yes,Incorrect,1.6919000000000002
semantic,16,dev_0534,no,"NO

The National Guard can be called up for federal activation and deployed overseas or",no,no,Correct,1.6835
semantic,16,dev_0536,yes,"NO. Thanos does not appear in the first ""Guardians of the Galaxy",no,no,Incorrect,1.6939000000000002
semantic,16,dev_0537,no,"YES

You can receive a caution without being arrested. A caution is a formal",yes,yes,Incorrect,1.6877
semantic,16,dev_0546,yes,"NO. The College of William & Mary is not part of the Ivy League,",no,no,Incorrect,1.6935
semantic,16,dev_0560,no,I don't know. The University of Tampa is not a well-known institution for,i,idk,IDK,1.6837
semantic,16,dev_0568,no,"NO. The movie ""Heat"" was not based on a book. It was",no,no,Correct,1.6212
semantic,16,dev_0569,no,"NO. The NBA salary cap is a hard cap, meaning teams cannot exceed the",no,no,Correct,1.6899000000000002
semantic,16,dev_0588,yes,NO. Boost Mobile and Virgin Mobile are separate brands owned by different companies and operate,no,no,Incorrect,1.6259000000000001
semantic,16,dev_0594,no,"NO. Bee stingers are barbed and typically get stuck in the skin,",no,no,Correct,1.6872
semantic,16,dev_0596,no,NO. C# and Visual C# are related but not exactly the same.,no,no,Correct,1.6847
semantic,16,dev_0598,yes,NO,no,no,Incorrect,1.6929
semantic,16,dev_0612,yes,"NO. Popcorn is made from a specific type of corn kernel, not from",no,no,Incorrect,1.6882000000000001
semantic,16,dev_0617,yes,"NO

France and England have not faced each other in the FIFA World Cup finals",no,no,Incorrect,1.6057000000000001
semantic,16,dev_0662,yes,"NO

LensCrafters and Pearle Vision were once separate companies but were both",no,no,Incorrect,1.6895
semantic,16,dev_0678,no,NO. Washing a child's mouth with soap is not safe and can cause irritation,no,no,Correct,1.6847
semantic,16,dev_0696,no,"NO

New Hampshire does not have a mandatory seat belt law for adults. Pass",no,no,Correct,1.6909
semantic,16,dev_0711,yes,NO. Musician's Friend and Guitar Center are two separate companies in the musical,no,no,Incorrect,1.6839000000000002
semantic,16,dev_0718,yes,NO. Chicago is not the third-largest city in the United States. As of,no,no,Incorrect,1.6242
semantic,16,dev_0724,no,"YES

Along Came a Spider is followed by a sequel titled ""Kiss the",yes,yes,Incorrect,1.6917
semantic,16,dev_0731,no,NO,no,no,Correct,1.6842000000000001
semantic,16,dev_0737,no,NO. A Cornish game hen is not a baby chicken; it is a,no,no,Correct,1.6838
semantic,16,dev_0754,yes,NO,no,no,Incorrect,1.6227
semantic,16,dev_0759,no,"NO

While North and South Korea share a common language, there are some differences",no,no,Correct,1.684
semantic,16,dev_0764,yes,NO,no,no,Incorrect,1.6180999999999999
semantic,16,dev_0782,yes,YES,yes,yes,Correct,1.6152
semantic,16,dev_0817,no,"YES

In ""Deadpool 2,"" there is a post-credit scene",yes,yes,Incorrect,1.686
semantic,16,dev_0829,no,"NO. The Battle of New Orleans was fought on January 8, 1",no,no,Correct,3.0416
semantic,16,dev_0832,no,"YES, you can get to South America by car, but it requires traversing",yes,yes,Incorrect,1.6852
semantic,16,dev_0837,yes,"NO. Universal healthcare refers to providing health care to all individuals without financial hardship,",no,no,Incorrect,1.6973
semantic,16,dev_0853,no,NO. The Eagle Scout rank is specific to Boy Scouts of America and is not,no,no,Correct,3.065
semantic,16,dev_0854,no,NO. Elephants are herbivores and do not occupy the top position in,no,no,Correct,1.6863
semantic,16,dev_0862,no,"NO. In chess, you do not have to explicitly say ""check"" when",no,no,Correct,1.6965
semantic,16,dev_0871,yes,"NO. While English is widely spoken and is an official language in many countries,",no,no,Incorrect,1.6916
semantic,16,dev_0916,yes,NO. The Ryman Auditorium and the Grand Ole Opry are two distinct,no,no,Incorrect,1.6878
semantic,16,dev_0922,yes,"NO

Passport cards are not valid for air travel to Canada. Only passports",no,no,Incorrect,1.6844000000000001
semantic,16,dev_0933,no,NO. The cremaster muscle is not part of the spermatic cord. The,no,no,Correct,1.614
semantic,16,dev_0934,yes,NO,no,no,Incorrect,1.6245
semantic,16,dev_0940,yes,NO. A passport card cannot be used for domestic air travel within the United States,no,no,Incorrect,1.6803
semantic,16,dev_0944,no,NO,no,no,Correct,1.6916
semantic,16,dev_0952,yes,NO. Merrill Lynch was acquired by Bank of America in 2009,no,no,Incorrect,1.6845999999999999
semantic,16,dev_0958,yes,"YES

The eyes are considered part of the sensory division of the nervous system because",yes,yes,Correct,1.6122999999999998
semantic,16,dev_0981,no,NO. Pyruvic acid is the acidic form of pyruvate.,no,no,Correct,1.6959000000000002
semantic,16,dev_0991,yes,NO,no,no,Incorrect,1.683
semantic,16,dev_0994,yes,NO. A white background cannot be used as a green screen because chroma key,no,no,Incorrect,1.6128
semantic,16,dev_0996,no,NO. There is no actual town called Radiator Springs on Route 66,no,no,Correct,1.7
semantic,16,dev_1006,no,"NO. In most modern democracies, including the United States, literacy tests are",no,no,Correct,1.608
semantic,16,dev_1011,no,"YES

The FIFA World Cup Trophy does have a name. It is called the",yes,yes,Incorrect,1.6932
semantic,16,dev_1022,yes,NO. Enterprise value (EV) is similar to firm value but excludes certain items,no,no,Incorrect,1.6185999999999998
semantic,16,dev_1049,no,NO. Red pandas are not related to giant pandas. They belong to a different,no,no,Correct,1.6922000000000001
semantic,16,dev_1062,yes,"NO. A wheel and axle is not considered a lever, although it can be",no,no,Incorrect,1.6959000000000002
semantic,16,dev_1075,yes,"NO

All NHL ice rinks are required to be the same size according to",no,no,Incorrect,1.6251
semantic,16,dev_1102,no,NO. Sweating and perspiring refer to the same process of producing and releasing,no,no,Correct,1.6122
semantic,16,dev_1110,yes,"NO. The NBA draft consists of multiple rounds, typically including the first round,",no,no,Incorrect,1.6216
semantic,16,dev_1112,no,"NO. Nuclear power is a method of generating electricity using nuclear reactions, while nuclear",no,no,Correct,1.6876
semantic,16,dev_1113,yes,NO,no,no,Incorrect,3.0307
semantic,16,dev_1121,no,NO.,no,no,Correct,1.6953
semantic,16,dev_1133,no,NO. The Crew 2 focuses more on open-world gameplay and online multiplayer racing,no,no,Correct,1.6890999999999998
semantic,16,dev_1138,yes,NO,no,no,Incorrect,3.0311
semantic,16,dev_1146,yes,NO,no,no,Incorrect,1.6807999999999998
semantic,16,dev_1155,yes,"NO

GMC Sierra and Chevrolet Silverado are different brands within the same vehicle",no,no,Incorrect,1.6874
semantic,16,dev_1175,no,"YES
Michigan was admitted to the Union as the 26th state on",yes,yes,Incorrect,1.7242
semantic,16,dev_1178,no,NO. No Major League Baseball team has gone undefeated in a full season. The,no,no,Correct,1.6235
semantic,16,dev_1183,yes,NO. Pork loin ribs and baby back ribs come from different parts of the pig,no,no,Incorrect,1.6835
semantic,16,dev_1196,no,"NO

In India, a person cannot hold dual citizenship. However, there are",no,no,Correct,1.6857
semantic,16,dev_1204,yes,NO. The Eye of Agamotto is a powerful artifact associated with Doctor Strange,no,no,Incorrect,1.6919000000000002
semantic,16,dev_1205,no,"NO. In chess, you cannot take out the king directly. The king can",no,no,Correct,1.6847
semantic,16,dev_1209,yes,"NO

While the concept of turning lead into gold has been a goal of al",no,no,Incorrect,1.6943
semantic,16,dev_1227,no,NO.,no,no,Correct,1.6202999999999999
semantic,16,dev_1229,no,NO. The color orange is named after the fruit orange. The fruit was named,no,no,Correct,1.6885
semantic,16,dev_1230,yes,"NO. A double eagle is a score of three under par on a hole,",no,no,Incorrect,1.7001
semantic,16,dev_1235,no,"YES, a birth certificate can count as a form of ID, although it may",yes,yes,Incorrect,1.622
semantic,16,dev_1239,yes,NO.,no,no,Incorrect,1.6978
semantic,16,dev_1241,no,"NO

Period 6 of the periodic table includes elements from atomic number 5",no,no,Correct,1.6881
semantic,16,dev_1250,yes,"YES

The micropyle is a small opening in the seed coat that often",yes,yes,Correct,1.6883
semantic,16,dev_1256,yes,YES. The 1906 San Francisco earthquake was followed by a tsunami,yes,yes,Correct,1.6845999999999999
semantic,16,dev_1261,no,NO. Louisiana does not have a state income tax.,no,no,Correct,1.6137000000000001
semantic,16,dev_1267,no,"NO

Better Call Saul is set before and during the events of Breaking Bad.",no,no,Correct,1.6907999999999999
semantic,16,dev_1271,no,"NO

The National Minimum Drinking Age Act sets the legal drinking age at 2",no,no,Correct,1.6930999999999998
semantic,16,dev_1283,yes,NO.,no,no,Incorrect,1.6847999999999999
semantic,16,dev_1285,no,"NO. No woman has ever won the Indianapolis 500. However,",no,no,Correct,1.6859000000000002
semantic,16,dev_1286,no,"NO

Lightning bugs and fireflies refer to the same group of insects,",no,no,Correct,1.7003
semantic,16,dev_1294,yes,NO. A terminating decimal can be written as a fraction with a denominator that is,no,no,Incorrect,1.683
semantic,16,dev_1296,yes,"NO

PlayStation 2 games do not play directly on PlayStation 4 without",no,no,Incorrect,1.6905
semantic,16,dev_1303,no,NO. You can be offside in soccer without touching the ball. Being off,no,no,Correct,1.6929
semantic,16,dev_1307,yes,"NO. In soccer, a kickoff is always a direct free kick, but the",no,no,Incorrect,1.6963
semantic,16,dev_1311,yes,NO. The crankshaft pulley and harmonic balancer are related but distinct components,no,no,Incorrect,1.6847999999999999
semantic,16,dev_1316,yes,"NO. The Gateway Arch in St. Louis is not a national park itself,",no,no,Incorrect,1.6930999999999998
semantic,16,dev_1317,no,NO,no,no,Correct,1.691
semantic,16,dev_1333,yes,NO,no,no,Incorrect,1.7283
semantic,16,dev_1336,yes,"NO. Nerves are part of the peripheral nervous system, not the central nervous",no,no,Incorrect,1.564
semantic,16,dev_1345,no,NO. A confidentiality agreement and a non-disclosure agreement (NDA) are,no,no,Correct,1.6178
semantic,16,dev_1359,no,"NO. In basketball, you cannot give yourself an assist. An assist must be",no,no,Correct,1.6228
semantic,16,dev_1370,yes,NO. A-2-3-4-5 is a low straight (,no,no,Incorrect,1.6905999999999999
semantic,16,dev_1371,no,NO. The Rafflesia arnoldii is known for producing the largest,no,no,Correct,1.7003
semantic,16,dev_1372,yes,NO,no,no,Incorrect,1.6950999999999998
semantic,16,dev_1382,no,NO,no,no,Correct,3.0581
semantic,16,dev_1406,no,YES,yes,yes,Incorrect,1.6967
semantic,16,dev_1408,yes,"NO. If a foul ball is caught by a fielder, the batter is",no,no,Incorrect,1.6885999999999999
semantic,16,dev_1413,yes,YES. Brazil has won the World Cup twice in Europe: in 19,yes,yes,Correct,1.6967999999999999
semantic,16,dev_1419,yes,NO. There is no city named Las Vegas in New Mexico. The city of,no,no,Incorrect,1.6949
semantic,16,dev_1420,yes,"YES, 4x4 is another term for four-wheel drive (4WD",yes,yes,Correct,1.6992
semantic,16,dev_1423,no,"NO. ""Take Me Home, Country Roads"" is about West Virginia, not",no,no,Correct,1.6864000000000001
semantic,16,dev_1424,no,"NO. Hawaii is located in a tropical region, so temperatures generally remain relatively warm",no,no,Correct,1.6882000000000001
semantic,16,dev_1436,no,NO. Equity in your home is generally considered an illiquid asset because it cannot,no,no,Correct,1.6819000000000002
semantic,16,dev_1438,yes,"YES, The United Kingdom, including Great Britain, Northern Ireland, and the Isle",yes,yes,Correct,1.6850999999999998
semantic,16,dev_1452,no,NO. A neurotransmitter is typically classified as either excitatory or inhibitory based,no,no,Correct,1.7010999999999998
semantic,16,dev_1455,yes,"NO. The abdomen is a larger region of the body that contains multiple organs,",no,no,Incorrect,1.6148
semantic,16,dev_1464,no,NO. Sweet potatoes are not part of the potato family. They belong to the,no,no,Correct,1.6844000000000001
semantic,16,dev_1467,yes,"YES

In the UK, a grade D at A-level is generally considered a",yes,yes,Correct,1.6904000000000001
semantic,16,dev_1473,yes,YES. A sailboat can travel faster than the wind through the use of hydro,yes,yes,Correct,1.6925999999999999
semantic,16,dev_1489,yes,"NO. While ""Mamma Mia! Here We Go Again"" features many AB",no,no,Incorrect,1.7259
semantic,16,dev_1498,yes,"YES. The Nobel Peace Prize is awarded every year, except in years when no",yes,yes,Correct,1.6817
semantic,16,dev_1508,no,"YES. Several cyclists have died during the Tour de France throughout its history, including",yes,yes,Incorrect,1.6815
semantic,16,dev_1515,no,YES. There is a law that requires individuals and entities to pay federal income taxes,yes,yes,Incorrect,1.7284000000000002
semantic,16,dev_1517,yes,NO.,no,no,Incorrect,1.7007999999999999
semantic,16,dev_1528,yes,"NO. A J.D. (Juris Doctor) is a professional degree,",no,no,Incorrect,1.6845999999999999
semantic,16,dev_1533,no,"NO

The July 27, 2018 lunar eclipse was",no,no,Correct,1.7341
semantic,16,dev_1534,no,"NO. According to baseball rules, a player cannot legally catch a ball in the",no,no,Correct,1.6945999999999999
semantic,16,dev_1546,yes,NO. A passport card cannot be used for REAL ID purposes. The REAL ID,no,no,Incorrect,1.6264
semantic,16,dev_1552,yes,NO. The poly(A) tail is added to the 3' end of,no,no,Incorrect,1.6262
semantic,16,dev_1557,no,"NO

New York State abolished the death penalty in 2019.",no,no,Correct,1.6229
semantic,16,dev_1563,no,"NO. The Big Dipper is part of the constellation Ursa Major, but",no,no,Correct,1.6217000000000001
semantic,16,dev_1627,no,NO. The esophagus is behind the heart (posterior to the heart,no,no,Correct,1.7014
semantic,16,dev_1632,yes,NO. The World Health Organization (WHO) is a specialized agency of the United,no,no,Incorrect,1.6818
semantic,16,dev_1650,yes,"NO

Taking a stop sign without permission is generally considered vandalism or theft and can",no,no,Incorrect,1.6825999999999999
semantic,16,dev_1655,no,"NO

Soy and soy sauce are related but not the same. Soy refers",no,no,Correct,1.6961
semantic,16,dev_1658,yes,NO. The Nazca Lines are best viewed from the air due to their large,no,no,Incorrect,1.7270999999999999
semantic,16,dev_1659,yes,"NO. An undergraduate degree is typically the same as a bachelor’s degree, but",no,no,Incorrect,3.0373
semantic,16,dev_1673,yes,"YES

Grizzly bears and polar bears can mate and produce hybrid offspring, although",yes,yes,Correct,1.6896
semantic,16,dev_1680,no,YES. Picking your nose can irritate the nasal passages and olfactory nerves,yes,yes,Incorrect,1.6256
semantic,16,dev_1687,no,NO. The U.S. Air Force does not have warrant officer ranks. W,no,no,Correct,3.0316
semantic,16,dev_1698,no,"NO

Fullmetal Alchemist: Brotherhood is a reboot and not a direct continuation",no,no,Correct,1.6857
semantic,16,dev_1707,yes,NO. A public limited company (PLC) is a specific type of limited,no,no,Incorrect,1.6954
semantic,16,dev_1727,yes,"NO. A digital audio cable can refer to various types of cables, such as",no,no,Incorrect,1.6894
semantic,16,dev_1736,no,"NO

The magnitude of a physical quantity does not change with a change in the",no,no,Correct,1.6916
semantic,16,dev_1737,yes,NO. A free throw is a specific type of shot taken from the free-,no,no,Incorrect,1.6885
semantic,16,dev_1740,yes,"NO. The medullary cavity contains bone marrow, which is not spon",no,no,Incorrect,1.6838
semantic,16,dev_1743,no,"I don't know. While ""The Last King of Scotland"" aims to depict",i,idk,IDK,1.6932
semantic,16,dev_1749,yes,NO. Delhi University and the University of Delhi are not the same. Delhi University,no,no,Incorrect,1.6845
semantic,16,dev_1750,no,NO. Fighting words are not protected under the freedom of speech under the First Amendment,no,no,Correct,1.6990999999999998
semantic,16,dev_1757,yes,NO. The profit and loss statement and income statement are the same thing. They,no,no,Incorrect,1.6965
semantic,16,dev_1763,yes,"NO. The House of Representatives is one chamber of Congress, along with the Senate",no,no,Incorrect,1.6938
semantic,16,dev_1775,no,NO. The NBA Finals are played in a 2-3-2 format,no,no,Correct,1.7269
semantic,16,dev_1789,no,NO,no,no,Correct,1.6139000000000001
semantic,16,dev_1806,no,"NO. The U.S. no longer issues $1,000 bills",no,no,Correct,1.7387000000000001
semantic,16,dev_1814,no,NO.,no,no,Correct,1.6967
semantic,16,dev_1823,yes,NO. The MLB All-Star Game does not determine World Series home-field advantage.,no,no,Incorrect,1.7344000000000002
semantic,16,dev_1832,no,"NO. The town of Garrison is a fictional location used in the Netflix series """,no,no,Correct,1.6933
semantic,16,dev_1849,yes,"NO. In a RACI chart, the Accountable role is typically held",no,no,Incorrect,1.691
semantic,16,dev_1851,no,"YES

The right to a fair trial, which includes the right to a trial",yes,yes,Incorrect,1.6929
semantic,16,dev_1857,no,"NO. Cows can produce milk without giving birth, but they typically do not",no,no,Correct,1.6901
semantic,16,dev_1895,yes,"NO. The empty set is not an element of itself. In set theory,",no,no,Incorrect,1.7309
semantic,16,dev_1906,no,NO. College football players do not have to enter the NFL Draft to play professionally,no,no,Correct,1.6870999999999998
semantic,16,dev_1916,yes,"NO. Pokémon: Let’s Go, Pikachu! and Let’s Go, E",no,no,Incorrect,3.0363
semantic,16,dev_1919,yes,"YES. Through nuclear transmutation, one element can be transformed into another by changing",yes,yes,Correct,1.6813
semantic,16,dev_1924,yes,NO. A car's serial number and its VIN (Vehicle Identification Number) are,no,no,Incorrect,1.6941
semantic,16,dev_1938,no,NO. The empty set is not an element of the set that contains the empty,no,no,Correct,3.0218000000000003
semantic,16,dev_1948,yes,NO.,no,no,Incorrect,1.6839000000000002
semantic,16,dev_1950,no,"NO. The Gulf of Mexico is considered a marginal sea, which is a large",no,no,Correct,1.6925999999999999
semantic,16,dev_1960,no,NO. The Republic of the Congo (also known as Congo-Brazzav,no,no,Correct,1.6973
semantic,16,dev_1977,no,NO. According to the natural-born citizen clause in Article II of the U.S,no,no,Correct,1.6927999999999999
semantic,16,dev_1995,yes,NO. Winning the FA Cup typically qualifies a team for the UEFA Europa League or,no,no,Incorrect,1.6925
semantic,16,dev_1997,yes,"YES

The Alphabet Song and Twinkle, Twinkle, Little Star share the",yes,yes,Correct,1.7013
semantic,16,dev_2009,no,NO. Color Wonder markers are designed to work only on special Color Wonder surfaces and,no,no,Correct,1.6952
semantic,16,dev_2032,yes,NO. Flies typically do not lay eggs directly in,no,no,Incorrect,1.6918
semantic,16,dev_2045,yes,NO,no,no,Incorrect,1.6973
semantic,16,dev_2053,no,"NO. In tennis, you can score points whether you are serving or receiving.",no,no,Correct,1.6140999999999999
semantic,16,dev_2061,no,"YES, if you have a will or a health care proxy in place, you",yes,yes,Incorrect,1.6867999999999999
semantic,16,dev_2065,yes,NO. RealFeel is a weather index developed by The Weather Channel that takes into,no,no,Incorrect,1.6245
semantic,16,dev_2068,yes,"NO. Allied Waste was acquired by Republic Services in 2011,",no,no,Incorrect,1.6915
semantic,16,dev_2078,no,YES,yes,yes,Incorrect,1.6895
semantic,16,dev_2079,yes,"NO. Eeyore is a gloomy, pessimistic character in the Winn",no,no,Incorrect,1.6884000000000001
semantic,16,dev_2088,no,NO. English is not the official language of the United States at the federal level,no,no,Correct,1.6982000000000002
semantic,16,dev_2091,no,"NO

In extra innings, the home team can win by any margin, including",no,no,Correct,1.6999000000000002
semantic,16,dev_2094,no,YES,yes,yes,Incorrect,1.6997
semantic,16,dev_2095,yes,"NO. Noel Gallagher sings ""Don't Look Back in Anger,"" but it",no,no,Incorrect,1.7007
semantic,16,dev_2139,no,"YES

You can travel internationally with a passport card if you are a U.S",yes,yes,Incorrect,1.7004000000000001
semantic,16,dev_2166,yes,"YES. Staring at a very bright light, such as the sun or a",yes,yes,Correct,1.6852
semantic,16,dev_2184,no,NO. The U.S. does not currently have permanent military bases in Saudi Arabia,no,no,Correct,1.6945
semantic,16,dev_2187,yes,"NO. According to basketball rules, a free throw must be taken from behind the",no,no,Incorrect,1.6837
semantic,16,dev_2192,no,NO. A lieutenant colonel is lower in rank than a colonel. In,no,no,Correct,1.697
semantic,16,dev_2196,no,"NO. Red-eared slider turtles lay their eggs in soil or sand, not",no,no,Correct,1.6854
semantic,16,dev_2199,yes,YES,yes,yes,Correct,3.0311999999999997
semantic,16,dev_2204,yes,"NO. Picking someone up by their hair can cause significant harm, including scalp",no,no,Incorrect,1.6904000000000001
semantic,16,dev_2220,no,NO,no,no,Correct,1.693
semantic,16,dev_2224,no,NO. Rubies are always red due to the presence of chromium. Blue gem,no,no,Correct,3.0685
semantic,16,dev_2232,no,"NO

There is no Roman Catholic cathedral in Dublin; St. Patrick's Cathedral",no,no,Correct,1.7294
semantic,16,dev_2234,no,"NO. Pokémon: Let's Go, Eevee! is a main-series",no,no,Correct,1.689
semantic,16,dev_2237,no,"NO. The Riviera Maya is located on the Caribbean Sea, not the Gulf",no,no,Correct,1.6913
semantic,16,dev_2247,yes,"NO. In New Jersey, it is illegal for individuals under the age of",no,no,Incorrect,1.6932
semantic,16,dev_2248,yes,NO.,no,no,Incorrect,1.6839000000000002
semantic,16,dev_2266,no,NO. The Nissan Pathfinder is considered a mid-size SUV.,no,no,Correct,1.6945
semantic,16,dev_2275,yes,"NO

Card counting is not illegal in Las Vegas or most casinos, but it",no,no,Incorrect,1.6260999999999999
semantic,16,dev_2295,yes,"NO. In a unanimous vote, all participants who are required to vote must agree",no,no,Incorrect,1.6262
semantic,16,dev_2304,yes,NO. The full federal legislature in the United States is called Congress and consists of,no,no,Incorrect,1.6845
semantic,16,dev_2306,yes,NO. Doubling your bet in roulette (or any other game) indefinitely is,no,no,Incorrect,1.6145
semantic,16,dev_2310,no,NO. In-N-Out Burger is not a franchise; it is a chain of,no,no,Correct,1.6890999999999998
semantic,16,dev_2315,yes,NO. Centripetal and centrifugal forces are not an action-reaction pair,no,no,Incorrect,1.6975
semantic,16,dev_2323,no,"NO. The film ""Tully"" is not based on a book. It",no,no,Correct,1.6935
semantic,16,dev_2328,no,"YES

Corinthian leather is a type of high-quality, full-grain",yes,yes,Incorrect,1.6832
semantic,16,dev_2350,no,"NO. ""Little House on the Prairie"" is based on the memoirs of",no,no,Correct,1.6925999999999999
semantic,16,dev_2382,yes,NO. The right atrium receives deoxygenated blood from the body through,no,no,Incorrect,1.7263
semantic,16,dev_2387,yes,"NO

Northern Ireland has not qualified for the FIFA World Cup finals since 1",no,no,Incorrect,1.6845
semantic,16,dev_2388,no,"NO, unless certain exceptions apply, such as double jeopardy being waived or circumvented",no,no,Correct,1.5747
semantic,16,dev_2396,yes,NO. Semolina flour is made from durum wheat and is used for making,no,no,Incorrect,1.692
semantic,16,dev_2408,yes,"NO. Employment termination can include various actions such as being fired, laid off,",no,no,Incorrect,1.621
semantic,16,dev_2413,no,NO,no,no,Correct,1.6936
semantic,16,dev_2428,yes,NO. A PICC line (Peripherally Inserted Central Catheter),no,no,Incorrect,1.6870999999999998
semantic,16,dev_2433,no,I don't know. The ability to have a beard in the military depends on,i,idk,IDK,1.6193
semantic,16,dev_2434,no,"NO. The Spanish national anthem, ""Marcha Real,"" is a lyricless",no,no,Correct,1.69
semantic,16,dev_2447,no,NO,no,no,Correct,1.574
semantic,16,dev_2473,yes,"NO. Pokémon Gold, Silver, and Crystal are distinct games in the Pokémon series",no,no,Incorrect,1.6867
semantic,16,dev_2479,no,"NO. Hong Kong is not fully protected by the Great Firewall of China, although",no,no,Correct,1.6845
semantic,16,dev_2504,no,NO. The Strip is a major tourist destination and entertainment district located within the Las,no,no,Correct,1.6867999999999999
semantic,16,dev_2532,yes,"YES

This describes the condition known as fetus in fetu, where one twin",yes,yes,Correct,1.6935
semantic,16,dev_2537,no,NO. Social studies is an interdisciplinary field that integrates multiple social sciences and,no,no,Correct,1.6176
semantic,16,dev_2538,no,NO,no,no,Correct,1.6238
semantic,16,dev_2547,yes,NO. The .224 caliber bullet can fit into a .22,no,no,Incorrect,1.7337
semantic,16,dev_2548,no,NO. The queen bee does not have a barbed stinger and can sting,no,no,Correct,1.694
semantic,16,dev_2555,no,"NO. Lymphoma is a type of cancer that affects the lymphocytes,",no,no,Correct,1.6983
semantic,16,dev_2566,no,"YES

A Bachelor of Education (B.Ed.) is typically an undergraduate degree that",yes,yes,Incorrect,1.6943
semantic,16,dev_2572,no,NO. The Channel Islands are not part of Great Britain. They are British Crown,no,no,Correct,1.6856
semantic,16,dev_2577,no,"YES

A soccer kick-off must go forward. The ball must be kicked and",yes,yes,Incorrect,1.6196
semantic,16,dev_2605,yes,NO. The .45 Colt and .45 Long Colt are related but,no,no,Incorrect,3.0334
semantic,16,dev_2614,yes,NO. Snow-on-the-Mountain (Euphorbia marginata) and,no,no,Incorrect,1.6952
semantic,16,dev_2622,no,NO. The 7.62 NATO and .308 Win are,no,no,Correct,1.6879000000000002
semantic,16,dev_2634,yes,"NO. In 8-ball, there is no concept of ""ball in hand",no,no,Incorrect,3.0288000000000004
semantic,16,dev_2643,no,"YES

Elements of the periodic table are represented by atomic symbols, which are typically",yes,yes,Incorrect,1.6882000000000001
semantic,16,dev_2655,yes,"NO

Visa Delta is not the same as Visa Debit. Visa Delta",no,no,Incorrect,1.6869
semantic,16,dev_2656,yes,NO. Right of abode refers to the absolute right to live in a country,no,no,Incorrect,1.6816
semantic,16,dev_2690,yes,NO,no,no,Incorrect,1.6254000000000002
semantic,16,dev_2719,no,NO. Electrons flow in the opposite direction of conventional current. Conventional current,no,no,Correct,1.6877
semantic,16,dev_2727,no,NO. The AR-10 is a semi-automatic rifle that was developed in,no,no,Correct,1.6237000000000001
semantic,16,dev_2750,yes,NO. Cows do not need to be pregnant to produce milk. After giving,no,no,Incorrect,1.68
semantic,16,dev_2757,yes,"NO. The Dodo is a fictional character from ""Alice's Adventures in Wonderland",no,no,Incorrect,1.6938
semantic,16,dev_2770,yes,YES,yes,yes,Correct,1.6829
semantic,16,dev_2791,yes,NO,no,no,Incorrect,1.5603
semantic,16,dev_2813,yes,NO. The Greatest Showman is a fictionalized musical drama inspired by the lives,no,no,Incorrect,1.6935
semantic,16,dev_2821,yes,NO. Nicotine acts as an agonist at nicotinic acetylch,no,no,Incorrect,1.6957
semantic,16,dev_2832,yes,YES.,yes,yes,Correct,1.6956
semantic,16,dev_2838,no,NO,no,no,Correct,1.7014
semantic,16,dev_2853,no,"NO

While the core Korean language is the same in both North and South Korea",no,no,Correct,1.6905
semantic,16,dev_2870,no,"NO. The derivative of a continuous function is not always continuous. For example,",no,no,Correct,1.685
semantic,16,dev_2875,yes,NO. Aldi and Trader Joe's are separate retail companies. Aldi is,no,no,Incorrect,1.6858
semantic,16,dev_2880,no,NO. The County Court Business Centre is not a real court; it is a,no,no,Correct,1.6807
semantic,16,dev_2890,no,NO. Non-permanent members of the Security Council do not have veto power.,no,no,Correct,1.6869
semantic,16,dev_2901,yes,"NO. While Volkswagen AG owns several brands including Audi and Porsche, they are separate",no,no,Incorrect,1.6837
semantic,16,dev_2906,yes,NO,no,no,Incorrect,1.6943
semantic,16,dev_2919,no,NO. The,no,no,Correct,1.5688
semantic,16,dev_2931,yes,NO,no,no,Incorrect,1.687
semantic,16,dev_2933,no,"NO

Commercial aircraft do not always fly over the North Pole, but some do",no,no,Correct,1.685
semantic,16,dev_2956,yes,NO. The .17 HMR (Hornady Magnum Rimfire),no,no,Incorrect,1.682
semantic,16,dev_2959,no,"NO

There is no bridge currently connecting Morocco and Spain. The Strait of Gibraltar",no,no,Correct,1.6937
semantic,16,dev_2967,yes,NO. The Sun is always south of the North Pole and north of the South,no,no,Incorrect,1.6859000000000002
semantic,16,dev_2973,no,"NO. There have been two film adaptations of ""The Golden Compass"" based on",no,no,Correct,1.6847
semantic,16,dev_2991,yes,"NO

Casino games are designed with a house edge, meaning the casino has",no,no,Incorrect,1.6874
semantic,16,dev_3000,yes,NO. Back ribs and baby back ribs come from different parts of the pig.,no,no,Incorrect,1.684
semantic,16,dev_3015,yes,NO.,no,no,Incorrect,1.6847999999999999
semantic,16,dev_3027,no,"NO. A Schengen visa is not valid for travel to Ireland, which",no,no,Correct,1.6821
semantic,16,dev_3029,no,"YES

The United Kingdom officially left the European Union on January 31,",yes,yes,Incorrect,1.696
semantic,16,dev_3035,no,"YES

Halo 2 for Xbox 360 includes achievements that players",yes,yes,Incorrect,1.6885999999999999
semantic,16,dev_3040,no,NO. A no-insurance ticket is not considered a moving violation. It is,no,no,Correct,1.6242
semantic,16,dev_3073,no,NO. Top sirloin steak and sirloin steak are related but distinct,no,no,Correct,1.6882000000000001
semantic,16,dev_3079,yes,NO,no,no,Incorrect,1.6199000000000001
semantic,16,dev_3089,yes,NO. Peaches are part of the Prunus genus in the Rosace,no,no,Incorrect,1.6949
semantic,16,dev_3105,yes,NO. A neutral wire should not be connected to ground. The neutral wire is,no,no,Incorrect,1.6819000000000002
semantic,16,dev_3106,yes,NO,no,no,Incorrect,1.6817
semantic,16,dev_3107,yes,NO. The U.S. Constitution does not allow for recess appointments to the Supreme,no,no,Incorrect,1.6849
semantic,16,dev_3122,no,NO. Reese's Pieces do not contain chocolate; they are primarily made with peanut,no,no,Correct,1.6892
semantic,16,dev_3143,no,NO. The Republic of Ireland is part of the Common Travel Area but not the,no,no,Correct,1.6885999999999999
semantic,16,dev_3173,no,NO. A private equity fund is not a financial institution. It is an investment,no,no,Correct,1.6899000000000002
semantic,16,dev_3183,no,"NO

The Claret Jug is awarded to the winner of the British Open,",no,no,Correct,1.6918
semantic,16,dev_3187,yes,YES,yes,yes,Correct,1.6240999999999999
semantic,16,dev_3204,no,NO. The fundus of the gallbladder is located at the top of,no,no,Correct,1.6162
semantic,16,dev_3212,yes,"NO. A physical address can refer to various types of addresses used in networking,",no,no,Incorrect,1.6145
semantic,16,dev_3221,no,NO. Pool water does not naturally change color if someone urinates in it,no,no,Correct,1.6865999999999999
semantic,16,dev_3231,yes,NO.,no,no,Incorrect,1.6177000000000001
semantic,16,dev_3232,yes,NO. Corn starch and corn flour are related but distinct. Corn starch is a,no,no,Incorrect,1.6267
semantic,16,dev_3238,yes,NO. The non-striker can only be run out if they leave their,no,no,Incorrect,1.6887999999999999
semantic,16,dev_3239,yes,NO. The Conn Smythe Trophy is awarded to the most valuable player of the,no,no,Incorrect,1.6816
semantic,16,dev_3241,yes,NO. Romania was not part of the Austro-Hungarian Empire. While,no,no,Incorrect,1.695
semantic,16,dev_3242,yes,"NO. In ""Steven Universe,"" a Ruby and a Sapphire do not form a",no,no,Incorrect,1.6909
semantic,16,dev_0031,yes,NO. Deadpool does not have a kid in the comics. While there have been,no,no,Incorrect,3.0274
semantic,16,dev_0148,yes,"NO. Sméagol does not die at the end of ""The Lord",no,no,Incorrect,1.6935
semantic,16,dev_0178,yes,"NO

""Eye of the Tiger"" was not originally written for Rocky III.",no,no,Incorrect,1.6959000000000002
semantic,16,dev_0410,yes,YES,yes,yes,Correct,1.6913
semantic,16,dev_0419,yes,"NO. Eric Clapton did not play on ""While My Guitar Gently",no,no,Incorrect,1.6939000000000002
semantic,16,dev_0448,yes,"YES

Jefferson Airplane is indeed in the Rock and Roll Hall of Fame",yes,yes,Correct,1.6853
semantic,16,dev_0224,no,"NO

""The Outsiders"" is a fictional novel written by S.E. H",no,no,Correct,1.7273
semantic,16,dev_0317,no,"NO. While some people are born with a predisposition towards developing absolute pitch,",no,no,Correct,1.6205
semantic,16,dev_0368,no,"NO. ""The Color Purple"" is a work of fiction by Alice Walker,",no,no,Correct,1.6897
semantic,16,dev_0507,no,"NO. In the book ""Brain on Fire: My Month of Madness"" by",no,no,Correct,1.6156
semantic,16,dev_0603,no,"NO. The Seven Ages of Man is a passage from William Shakespeare's play """,no,no,Correct,1.6984000000000001
semantic,16,dev_0938,no,"NO. ""House of the Rising Sun"" is a traditional folk song that tells",no,no,Correct,1.6862000000000001
semantic,16,dev_0076,yes,YES. Female ferrets (jills) can die if they do not mate,yes,yes,Correct,1.6850999999999998
semantic,16,dev_0459,yes,"YES

It matters which DNA strand is transcribed because the template strand is the",yes,yes,Correct,1.6258
semantic,16,dev_0502,yes,I don't know. While kingsnakes are known to be immune to the,i,idk,IDK,1.6879000000000002
semantic,16,dev_0580,yes,NO,no,no,Incorrect,1.6925999999999999
semantic,16,dev_1089,yes,"YES

Snakes can have their venom glands surgically removed or treated, although",yes,yes,Correct,1.688
semantic,16,dev_1153,yes,"NO. Melaleuca refers to a genus of plants, and tea tree",no,no,Incorrect,1.6907999999999999
semantic,16,dev_1315,yes,NO. Ion-dipole interactions are generally stronger than hydrogen bonds because they involve,no,no,Incorrect,1.7250999999999999
semantic,16,dev_1482,yes,NO.,no,no,Incorrect,1.6199000000000001
semantic,16,dev_1568,yes,"NO. 

Vultures and buzzards are both types of birds of prey",no,no,Incorrect,1.7285
semantic,16,dev_1968,yes,NO.,no,no,Incorrect,1.6907
semantic,16,dev_2223,yes,NO. While some jellyfish like Turritopsis dohrnii can revert,no,no,Incorrect,1.7004000000000001
semantic,16,dev_2420,yes,"YES

The term ""rain crow"" is often used colloquially to refer",yes,yes,Correct,1.6924000000000001
semantic,16,dev_2882,yes,"NO

Redback spiders (Latrodectus hasselti) are native",no,no,Incorrect,1.6905999999999999
semantic,16,dev_2899,yes,"NO

Dalmatians are born with few spots and do not increase the",no,no,Incorrect,1.6235
semantic,16,dev_2910,yes,NO. Taro root and elephant ears are related but different. Taro root,no,no,Incorrect,1.6905
semantic,16,dev_0713,no,NO. A cow does not have to be pregnant to lactate. While pregnancy,no,no,Correct,1.6847
semantic,16,dev_0816,no,NO,no,no,Correct,1.5764
semantic,16,dev_0911,no,NO. The ring finger does not connect to the heart. This is a common,no,no,Correct,1.6843
semantic,16,dev_0997,no,NO. Surgical spirit and rubbing alcohol are similar but not exactly the same. Surgical,no,no,Correct,1.7309
semantic,16,dev_1258,no,NO. The umbilical cord is connected to the placenta and passes through,no,no,Correct,1.6958
semantic,16,dev_1422,no,"NO. Root hairs typically occur in the zone of maturation, specifically in the",no,no,Correct,1.6854
semantic,16,dev_2120,no,NO. Dalmatian puppies are born with a white coat and do not,no,no,Correct,1.6845
semantic,16,dev_2353,no,"NO

Bees and hornets have different venom compositions, even though both can",no,no,Correct,1.6825999999999999
semantic,16,dev_2441,no,NO. Identical (monozygotic) twins always develop from a single,no,no,Correct,3.0336999999999996
semantic,16,dev_2087,no,NO. Sperm whales are listed as Vulnerable on the IUCN Red,no,no,Correct,1.6867999999999999
semantic,16,dev_2215,no,"NO. In most cases, the two chromosomes in a pair are not identical due",no,no,Correct,1.6936
semantic,16,dev_2503,no,NO. Catbirds and mockingbirds are both members of the Mimidae family,no,no,Correct,1.6905
semantic,16,dev_2652,no,NO. Not all baby birds have an egg tooth. The presence of an egg,no,no,Correct,1.6932
semantic,16,dev_2850,no,"NO. In most cases, only female bees have stingers and they often get",no,no,Correct,1.6182
semantic,16,dev_3062,no,"NO

Black and yellow garden spiders (Argiope aurantia) are",no,no,Correct,1.6947999999999999
semantic,16,dev_0400,yes,NO,no,no,Incorrect,1.6894
semantic,16,dev_0432,yes,NO. The Central Bank of India is not a nationalized bank. It is,no,no,Incorrect,1.6843
semantic,16,dev_0446,yes,NO. Bi-Mart does not require a membership for shopping. You can purchase items,no,no,Incorrect,1.624
semantic,16,dev_0455,yes,"YES. The new Indian motorcycles are made in America, specifically at the Spirit Lake",yes,yes,Correct,1.6912
semantic,16,dev_0472,yes,NO. Toys R Us and Babies R Us were separate companies that operated in different,no,no,Incorrect,1.6858
semantic,16,dev_0524,yes,"I don't know. To provide an accurate answer, I would need to check",i,idk,IDK,1.6876
semantic,16,dev_0767,yes,YES. The Canadian dollar has been worth more than the American dollar in the past,yes,yes,Correct,1.6867
semantic,16,dev_0875,yes,NO,no,no,Incorrect,1.6847999999999999
semantic,16,dev_0950,yes,YES. Poland Spring water comes from a spring. The brand is known for its,yes,yes,Correct,1.6838
semantic,16,dev_1023,yes,NO,no,no,Incorrect,1.6877
semantic,16,dev_1171,yes,NO. Money from Guernsey is not legal tender in the UK. While,no,no,Incorrect,1.697
semantic,16,dev_1207,yes,"YES

Buy Buy Baby was acquired by Bed Bath & Beyond in 20",yes,yes,Correct,1.6836
semantic,16,dev_1299,yes,"NO

Net earnings and net income are essentially the same in accounting terminology, referring",no,no,Incorrect,1.6232
semantic,16,dev_0157,no,NO. Not all eyeglasses are made by the same company. Eyeg,no,no,Correct,1.6847
semantic,16,dev_0371,no,NO. National Car Rental and Enterprise Rent-A-Car are separate companies within the,no,no,Correct,1.6872
semantic,16,dev_0621,no,"NO, getting cash back typically involves a fee, but it's not free.",no,no,Correct,1.6821
semantic,16,dev_0699,no,"NO. Aldi is one of the largest grocery retailers globally, but it is",no,no,Correct,1.6222999999999999
semantic,16,dev_0954,no,"NO

As of now, there are no plans to remove the £2 coin",no,no,Correct,1.6902000000000001
semantic,16,dev_1050,no,NO,no,no,Correct,1.6849
semantic,16,dev_1208,no,NO. Sam’s Clubs are not currently operating in Canada. The closest equivalent in,no,no,Correct,1.6207
semantic,16,dev_1257,no,"NO

Home Bargains and Quality Save are two different discount store chains. While",no,no,Correct,1.6897
semantic,16,dev_1805,no,"NO. $10,000 bills were never widely circulated and were",no,no,Correct,1.6198
semantic,16,dev_1876,no,"NO. Montgomery Ward, the famous department store chain, ceased most of its operations",no,no,Correct,1.6927999999999999
semantic,16,dev_2290,no,NO. GDP per capita and per capita income are related but distinct concepts. GDP,no,no,Correct,1.6275
semantic,16,dev_2444,no,NO. Land tax and property tax are related but distinct types of taxes. Property,no,no,Correct,1.6234000000000002
semantic,16,dev_0250,yes,"NO

Father’s Day is not a recognized public holiday in the Netherlands. However",no,no,Incorrect,1.6253
semantic,16,dev_0337,yes,"NO

The King's Birthday was previously a public holiday in Victoria, Australia,",no,no,Incorrect,1.695
semantic,16,dev_0386,yes,I don't know. While Brussels does have areas with a concentration of adult entertainment,i,idk,IDK,1.6142999999999998
semantic,16,dev_0591,yes,"NO. Copa Airlines is part of the oneworld alliance, not the Star Alliance",no,no,Incorrect,1.6901
semantic,16,dev_0746,yes,YES,yes,yes,Correct,1.6921
semantic,16,dev_0845,yes,NO. New car engines typically do not require a specific break-in period like older,no,no,Incorrect,1.682
semantic,16,dev_0855,yes,NO. Flight paths do not always go over the North Pole. While polar routes,no,no,Incorrect,1.6895
semantic,16,dev_0915,yes,NO. Ontario Place does not have a water park. It is known for its,no,no,Incorrect,1.6225999999999998
semantic,16,dev_0945,yes,YES. Thread seal tape and Teflon tape are the same thing. They,yes,yes,Correct,1.6850999999999998
semantic,16,dev_0021,no,"YES

P.O. Boxes typically come before the street address in a complete mailing",yes,yes,Incorrect,1.6901
semantic,16,dev_0490,no,NO. American citizens do not typically need a visa for short-term visits to Georgia,no,no,Correct,1.6904000000000001
semantic,16,dev_0581,no,NO. A peck and a bushel are both units of volume in the,no,no,Correct,1.6858
semantic,16,dev_0631,no,NO. The United States Postal Service (USPS) is typically closed on Memorial,no,no,Correct,1.6829
semantic,16,dev_0691,no,"NO

If an address says ""Freepost,"" you do not need to",no,no,Correct,1.6876
semantic,16,dev_0783,no,NO. The Honda CRF 250 is typically a 4-st,no,no,Correct,1.6978
semantic,16,dev_0787,no,I don't know. The BMW 1 Series can be available in both front,i,idk,IDK,1.6937
semantic,16,dev_0825,no,NO. The Waterloo & City line typically does not run on Sundays. It usually,no,no,Correct,1.694
semantic,16,dev_0885,no,NO,no,no,Correct,1.6838
semantic,16,dev_0089,yes,"YES

There are several movies that have received a zero percent score on Rotten",yes,yes,Correct,1.5717
semantic,16,dev_0095,yes,YES,yes,yes,Correct,1.6967
semantic,16,dev_0211,yes,NO. Murphy Brown did not have a baby on the show. The character of,no,no,Incorrect,1.6850999999999998
semantic,16,dev_0238,yes,NO,no,no,Incorrect,3.0363
semantic,16,dev_0252,yes,I don't know. The specific filming locations for the Lizzie McGuire movie,i,idk,IDK,1.6258
semantic,16,dev_0256,yes,NO. The,no,no,Incorrect,1.6259000000000001
semantic,16,dev_0266,yes,"NO. In ""The Book of Henry,"" the main character, Henry, does",no,no,Incorrect,3.0314
semantic,16,dev_0310,yes,I don't know. The answer can vary depending on the specific show and contract,i,idk,IDK,1.6887
semantic,16,dev_0359,yes,"YES

In the original version of ""Who Wants to Be a Millionaire?""",yes,yes,Correct,1.6950999999999998
semantic,16,dev_0422,yes,"NO

In the TV show ""One Tree Hill,"" Lucas Scott and Peyton Sawyer",no,no,Incorrect,1.6939000000000002
semantic,16,dev_0040,no,"YES

The Golden Compass had two sequels: *The Subtle Knife*",yes,yes,Incorrect,1.6970999999999998
semantic,16,dev_0080,no,NO,no,no,Correct,1.6978
semantic,16,dev_0100,no,"NO. In ""The Lost World: Jurassic Park,"" the main character Indira",no,no,Correct,1.6852
semantic,16,dev_0240,no,NO. The Walking Dead and Fear the Walking Dead are separate series within the same,no,no,Correct,1.6870999999999998
semantic,16,dev_0247,no,"NO. ""Let There Be Light"" is a documentary film produced by the U",no,no,Correct,1.6961
semantic,16,dev_0260,no,"NO

In the 1998 film ""Mighty Joe Young",no,no,Correct,1.6835
semantic,16,dev_0277,no,"NO. In ""The Office"" (U.S.), Michael Scott and Pam Be",no,no,Correct,1.6909
semantic,16,dev_0290,no,"NO
Elena Gilbert does not die for good in *The Vampire Diaries",no,no,Correct,1.6285
semantic,16,dev_0303,no,NO,no,no,Correct,1.6852
semantic,16,dev_0231,yes,"NO. Penne alla vodka typically contains a creamy, tomato-based sauce without dairy",no,no,Incorrect,1.6167
semantic,16,dev_0401,yes,NO. Whole wheat rice is not the same as brown rice. Whole wheat rice,no,no,Incorrect,1.6242999999999999
semantic,16,dev_0420,yes,NO. Red velvet cake is a type of cake that gets its signature color from,no,no,Incorrect,1.6855
semantic,16,dev_0571,yes,"NO. Chicken cordon bleu is made with ham and melted cheese, typically",no,no,Incorrect,1.6995
semantic,16,dev_0583,yes,NO. Pork back ribs (also known as loin ribs) are from the upper,no,no,Incorrect,1.6907999999999999
semantic,16,dev_0765,yes,"NO. Salted duck eggs do not need to be cooked before eating, although",no,no,Incorrect,1.691
semantic,16,dev_0778,yes,NO,no,no,Incorrect,1.6952
semantic,16,dev_0815,yes,"NO. Sprite primarily contains carbonated water, citric acid, natural and artificial",no,no,Incorrect,1.6179000000000001
semantic,16,dev_0073,no,NO.,no,no,Correct,1.6813
semantic,16,dev_0491,no,NO,no,no,Correct,1.5754000000000001
semantic,16,dev_0615,no,NO. Rice noodles and glass noodles are different types of noodles with distinct characteristics and,no,no,Correct,1.6895
semantic,16,dev_0868,no,"NO. Fruit Roll-Ups are typically made with fruit purees, which may",no,no,Correct,1.6271
semantic,16,dev_0880,no,NO. Thousand Island dressing and French dressing are two different types of condiments with,no,no,Correct,1.6869
semantic,16,dev_0953,no,NO. Monster energy drinks do not contain alcohol. They are non-alcoholic beverages,no,no,Correct,1.6864000000000001
semantic,16,dev_0985,no,NO. Long Island Iced Teas do not contain tea. They are a,no,no,Correct,1.6267
semantic,16,dev_0136,yes,YES. Battlefield 1 does have a single-player campaign.,yes,yes,Correct,1.6859000000000002
semantic,16,dev_0367,yes,"YES

Devil May Cry 5 is set after Devil May Cry 2",yes,yes,Correct,1.6844000000000001
semantic,16,dev_0618,yes,NO,no,no,Incorrect,1.6836
semantic,16,dev_0720,yes,"YES

State of Decay and its sequels, State of Decay 2 and",yes,yes,Correct,1.6863
semantic,16,dev_0770,yes,"NO

The numbers on a standard roulette wheel (both European and American) do",no,no,Incorrect,1.6990999999999998
semantic,16,dev_0835,yes,"NO. Pokémon Let’s Go is based on the original Pokémon games, specifically Pokémon",no,no,Incorrect,1.6895
semantic,16,dev_0896,yes,NO,no,no,Incorrect,1.6861
semantic,16,dev_0434,no,"NO

Not all Xbox games are compatible with the Xbox One. Some older games",no,no,Correct,1.6138
semantic,16,dev_0489,no,"NO

Not all of the Far Cry games are connected in terms of a single",no,no,Correct,1.6885999999999999
semantic,16,dev_0852,no,"NO

Phase 10 is typically designed for 2 to 6 players",no,no,Correct,1.5038
semantic,16,dev_0870,no,"YES

Paladins are typically required to be Lawful Good in many role",yes,yes,Incorrect,1.6882000000000001
semantic,16,dev_1148,no,"NO

As of my last update, RollerCoaster Tycoon World is not",no,no,Correct,1.6873
semantic,16,dev_2595,no,"NO. ""A Way Out"" is a co-op video game, meaning it",no,no,Correct,1.626
semantic,16,dev_0281,yes,I don't know. The presence of tolls on I-70 in,i,idk,IDK,1.6952
semantic,16,dev_0528,yes,I don't know. The presence of a train station in Atlantic City depends on,i,idk,IDK,1.6885999999999999
semantic,16,dev_0547,yes,NO. The Battery Tunnel does not have a toll. It is part of the,no,no,Incorrect,1.6998
semantic,16,dev_0623,yes,NO. The George Washington Bridge has tolls for both directions of travel.,no,no,Incorrect,1.6847999999999999
semantic,16,dev_0626,yes,"NO. Skyline Drive is part of the Shenandoah National Park, while",no,no,Incorrect,1.6898
semantic,16,dev_0686,yes,"NO. Edinburgh Castle is built on an extinct volcano, but it is not built",no,no,Incorrect,1.6825
semantic,16,dev_0822,yes,"NO. The town of Marble Falls, Texas, is named after the marble formations",no,no,Incorrect,2.9615
semantic,16,dev_1210,yes,"I don't know. The term ""Caesar's Creek"" could refer to",i,idk,IDK,1.6833
semantic,16,dev_0374,no,"NO. San Pedro, Laguna is not part of Metro Manila. It is a",no,no,Correct,1.6933
semantic,16,dev_0900,no,NO. Fort Walton Beach and Destin are two distinct cities in Okaloosa,no,no,Correct,3.0265999999999997
semantic,16,dev_0913,no,"NO. Porpoise Spit is a fictional location from the movie ""Muri",no,no,Correct,1.695
semantic,16,dev_1234,no,"NO. The Gulf Stream is a warm current in the Atlantic Ocean, while a",no,no,Correct,1.6896
semantic,16,dev_1360,no,"NO. Lake Hiawatha is actually a reservoir, not a lake. It",no,no,Correct,1.6185999999999998
semantic,16,dev_1544,no,I don't know. The status of I-30 in Dallas regarding toll,i,idk,IDK,1.6835
semantic,16,dev_1588,no,NO,no,no,Correct,1.6976
semantic,16,dev_0344,yes,"NO

Immunity to arsenic is not possible because the body does not develop",no,no,Incorrect,1.6865
semantic,16,dev_0379,yes,I don't know. To determine if New England Baptist Hospital is a teaching hospital,i,idk,IDK,1.6842000000000001
semantic,16,dev_0474,yes,"I don't know. While Women's One A Day is a dietary supplement,",i,idk,IDK,1.6222
semantic,16,dev_0614,yes,"NO

While both cold water baths and ice baths are forms of cryotherapy,",no,no,Incorrect,1.6874
semantic,16,dev_0655,yes,NO. A hiatal hernia occurs when part of the stomach pushes up through,no,no,Incorrect,1.684
semantic,16,dev_1195,yes,"NO

Blue-ringed octopus bites can be extremely dangerous and potentially fatal.",no,no,Incorrect,1.6956
semantic,16,dev_1197,yes,NO,no,no,Incorrect,1.624
semantic,16,dev_1313,yes,NO,no,no,Incorrect,1.6838
semantic,16,dev_1564,yes,NO. PCP and angel dust are the same substance.,no,no,Incorrect,1.6918
semantic,16,dev_0078,no,"NO. There is only one brachiocephalic artery, which arises from",no,no,Correct,1.6992
semantic,16,dev_0166,no,NO. The five-a-day recommendation typically includes a total of five portions of fruits,no,no,Correct,3.0299
semantic,16,dev_0851,no,"YES. Attending a first aid course is part of the chain of survival,",yes,yes,Incorrect,1.6915
semantic,16,dev_0861,no,"NO. In a junctional rhythm, the heart's rhythm is controlled by the",no,no,Correct,1.701
semantic,16,dev_0872,no,NO. A first-degree burn is less severe than a third-degree burn. First,no,no,Correct,1.69
semantic,16,dev_1554,no,"YES. Chronic Lyme disease, often referred to as post-treatment Lyme disease syndrome",yes,yes,Incorrect,1.6858
semantic,16,dev_1719,no,NO,no,no,Correct,1.6258
semantic,16,dev_1991,no,NO. The ring finger is not connected to the heart through a vein as suggested,no,no,Correct,1.6947999999999999
semantic,16,dev_2115,no,I don't know. The health of a sumo wrestler can vary widely depending,i,idk,IDK,1.6875
semantic,16,dev_0105,yes,"NO

During the American Revolution, there wasn't a formal draft system like the",no,no,Incorrect,1.6232
semantic,16,dev_0125,yes,NO. The eruption of Mount Vesuvius in 79 AD was extremely,no,no,Incorrect,1.6961
semantic,16,dev_0191,yes,NO. The Tomb of the Unknown Soldier contains the remains of unidentified service members from,no,no,Incorrect,1.6925999999999999
semantic,16,dev_1292,yes,"NO. The Queen of England, Elizabeth II, did not marry her cousin.",no,no,Incorrect,1.6876
semantic,16,dev_1338,yes,"NO. During the Gulf War, there were no reports of ""rain"" of",no,no,Incorrect,1.6998
semantic,16,dev_0388,no,"NO

Integration was not the rule in the northern states, especially in housing and",no,no,Correct,1.6883
semantic,16,dev_0703,no,I don't know. The exact location of the Peacock Throne after it was,i,idk,IDK,1.6965
semantic,16,dev_0833,no,NO. The Edmund Fitzgerald沉没时没有幸存者，因此没有发现,no,no,Correct,1.6905999999999999
semantic,16,dev_0874,no,"NO. There have been several attempts to escape from Alcatraz Prison, but",no,no,Correct,1.7
semantic,16,dev_1651,no,"YES

Cornwall is known for its rich history of tin mining, and although",yes,yes,Incorrect,1.6862000000000001
semantic,16,dev_0072,yes,NO. You generally do not need a Possession and Acquisition Licence (PAL),no,no,Incorrect,1.6881
semantic,16,dev_0258,yes,"NO

Wisconsin has restrictions on alcohol sales on Sundays, and stores are typically",no,no,Incorrect,1.627
semantic,16,dev_0286,yes,"NO

An administrative law judge (ALJ) is a type of judge who",no,no,Incorrect,1.6833
semantic,16,dev_0348,yes,NO,no,no,Incorrect,1.6833
semantic,16,dev_0467,yes,NO.,no,no,Incorrect,1.6268
semantic,16,dev_0515,yes,NO. A restraining order is typically used to protect you from individuals who pose a,no,no,Incorrect,1.6139000000000001
semantic,16,dev_0562,yes,"NO. Texas has a concealed carry reciprocity agreement with New Mexico, but it",no,no,Incorrect,1.684
semantic,16,dev_0636,yes,"NO

As of 2023, California has strict gun control laws",no,no,Incorrect,1.6255
semantic,16,dev_0740,yes,"NO

There is no explicit time limit for the ratification of a constitutional amendment",no,no,Incorrect,1.6947999999999999
semantic,16,dev_0838,yes,"NO. In Quebec, you generally cannot turn right on a red light unless there",no,no,Incorrect,1.679
semantic,16,dev_0864,yes,"NO

As of my last update, Ohio allows open carry of firearms without a",no,no,Incorrect,1.6757
semantic,16,dev_0873,yes,"NO, with a learner's permit, you are generally not allowed to drive uns",no,no,Incorrect,1.6850999999999998
semantic,16,dev_0901,yes,It depends on the specific circumstances and the laws of the state or country. Generally,it,other,NC,1.678
semantic,16,dev_0909,yes,"NO. Typically, an ""X"" cannot be used as a signature unless the",no,no,Incorrect,1.6184
semantic,16,dev_1134,yes,"NO. New York State is generally considered a common law state. However, it",no,no,Incorrect,1.6802000000000001
semantic,16,dev_0198,no,"NO

New Hampshire has constitutional carry, which means you do not need a permit",no,no,Correct,1.6818
semantic,16,dev_0215,no,I don't know. The specific hours of operation for liquor stores on Memorial Day,i,idk,IDK,1.6798
semantic,16,dev_0223,no,"NO

Recording covers of songs is generally legal under the doctrine of fair use and",no,no,Correct,1.6797
semantic,16,dev_0234,no,NO. The age difference between an 18-year-old and a 1,no,no,Correct,1.6812
semantic,16,dev_0272,no,"NO

The Taconic State Parkway is primarily designed for passenger vehicles and has",no,no,Correct,1.6767999999999998
semantic,16,dev_0453,no,"NO. In the United States, it is illegal to marry a sibling in all",no,no,Correct,1.6805
semantic,16,dev_0499,no,"NO

Puerto Rico is an unincorporated territory of the United States",no,no,Correct,1.68
semantic,16,dev_0552,no,"NO

In most correctional facilities, personal phones are not allowed due to security",no,no,Correct,1.6856
semantic,16,dev_0680,no,"NO

Trade secrets do not have a fixed time limit for protection. They remain",no,no,Correct,3.033
semantic,16,dev_0738,no,NO. Taiwan is not a member of the Paris Convention for the Protection of Industrial,no,no,Correct,1.6879000000000002
semantic,16,dev_0771,no,NO,no,no,Correct,1.6818
semantic,16,dev_0888,no,"NO

No Supreme Court justices have ever been removed from office through the process of",no,no,Correct,3.0196
semantic,16,dev_1135,no,"NO

A certified copy in the UK is a reproduction of an original document that",no,no,Correct,1.6827999999999999
semantic,16,dev_1188,no,NO,no,no,Correct,1.6155
semantic,16,dev_0339,yes,"NO

As an American, you cannot use a military ID to enter Canada.",no,no,Incorrect,3.0382
semantic,16,dev_0357,yes,"NO

The American Community Survey (ACS) is a survey conducted by the U",no,no,Incorrect,1.6902000000000001
semantic,16,dev_0498,yes,"YES

The Florida Constitution specifies that a member of the Florida Legislature must be at",yes,yes,Correct,1.6850999999999998
semantic,16,dev_0620,yes,I don't know. The United Nations has been involved in various capacities around the,i,idk,IDK,1.6239000000000001
semantic,16,dev_0878,yes,"NO. In a federal system, the national government (or federal government) shares",no,no,Incorrect,1.6191
semantic,16,dev_1864,yes,YES,yes,yes,Correct,1.6983
semantic,16,dev_2080,yes,NO. The Coast Guard is part of the Department of Homeland Security during peac,no,no,Incorrect,1.6825
semantic,16,dev_2395,yes,"NO

In Australia, the Governor-General does not have to sign every bill passed",no,no,Incorrect,1.693
semantic,16,dev_2639,yes,"NO
Canada is not a permanent member of the",no,no,Incorrect,1.6193
semantic,16,dev_3155,yes,"I don't know. The specifics of overseas service bars, including those for Korea",i,idk,IDK,1.6919000000000002
semantic,16,dev_3209,yes,"YES
You attend the United States Naval Academy to become an officer in the United",yes,yes,Correct,1.6981
semantic,16,dev_0209,no,NO. Israel is not part of the European Economic Area (EEA). The,no,no,Correct,1.687
semantic,16,dev_0273,no,"NO. On the George Washington Bridge, EZ-Pass is typically used for one",no,no,Correct,1.6894
semantic,16,dev_0404,no,NO. Puerto Rico is not a protectorate of the U.S. It is,no,no,Correct,1.6225
semantic,16,dev_0567,no,NO. Romania is not part of the Visa Waiver Program.,no,no,Correct,1.6821
semantic,16,dev_0675,no,I don't know. While Saudi Arabia is a signatory to the Universal Declaration,i,idk,IDK,1.6242
semantic,16,dev_1172,no,NO. Turkey is an associate member of the European Union through the European Union-T,no,no,Correct,1.6234000000000002
semantic,16,dev_1275,no,"NO

State awards are typically not authorized for wear on active-duty military uniforms unless",no,no,Correct,1.6930999999999998
semantic,16,dev_1971,no,NO. Bosnia and Herzegovina is not part of the European Union. It,no,no,Correct,1.6917
semantic,16,dev_2001,no,NO,no,no,Correct,1.6867999999999999
semantic,16,dev_3004,no,NO. The Right to Buy policy in the UK was introduced in 19,no,no,Correct,1.6872
semantic,16,dev_3256,no,"NO

Not all traffic lights have cameras. While some cities and regions use red",no,no,Correct,1.6240999999999999
semantic,16,dev_1132,yes,NO. Pink quartz and rose quartz are not the same. While both are pink,no,no,Incorrect,1.6872
semantic,16,dev_1233,yes,"NO. In an adiabatic process, there is no heat exchange with",no,no,Incorrect,1.6845999999999999
semantic,16,dev_1511,yes,NO.,no,no,Incorrect,1.6947
semantic,16,dev_1633,yes,NO. While both nail acetone and paint acetone are forms of acetone,no,no,Incorrect,1.6867
semantic,16,dev_2007,yes,NO. Liquefied petroleum gas (LPG) typically refers to a,no,no,Incorrect,1.6841
semantic,16,dev_2214,yes,NO. Dry water is not a real substance. It's a term sometimes used,no,no,Incorrect,1.6932
semantic,16,dev_2239,yes,"NO

At a constant temperature, the speed of sound in a medium like air",no,no,Incorrect,1.6892
semantic,16,dev_2299,yes,"NO. Rain typically requires the presence of clouds, where water vapor condenses into",no,no,Incorrect,1.6873
semantic,16,dev_2303,yes,NO. Different forms of life may have different essential elements depending on their environment and,no,no,Incorrect,1.6225
semantic,16,dev_2477,yes,"NO. In most modern definitions, the set of natural numbers starts from 1",no,no,Incorrect,1.6153
semantic,16,dev_2993,yes,NO.,no,no,Incorrect,1.6255
semantic,16,dev_3126,yes,"NO

Upside-down rainbows, also known as inferior rainbows, are",no,no,Incorrect,1.688
semantic,16,dev_3188,yes,NO. A turkey vulture is not the same as a buzzard. Turkey,no,no,Incorrect,1.6872
semantic,16,dev_3193,yes,"NO

The Georgia Aquarium does not currently have whale sharks on display. As of",no,no,Incorrect,1.6822000000000001
semantic,16,dev_3234,yes,"YES, a rhombus is often referred to as a diamond, especially in",yes,yes,Correct,1.6225999999999998
semantic,16,dev_3265,yes,"NO. The Titius–Bode rule, also known as the Titius",no,no,Incorrect,1.6097000000000001
semantic,16,dev_0001,no,"It depends on the specific circumstances, but generally, ethanol can have a positive energy",it,other,NC,1.6807
semantic,16,dev_0579,no,NO. The phenomenon of hearing the ocean in a seashell is often attributed,no,no,Correct,1.6219000000000001
semantic,16,dev_1003,no,NO. Least squares is a method often used in linear regression to estimate the parameters,no,no,Correct,1.6905
semantic,16,dev_1483,no,NO. A meter stick is a measuring tool that is 1 meter (approximately,no,no,Correct,1.6821
semantic,16,dev_1551,no,NO,no,no,Correct,1.6947999999999999
semantic,16,dev_1702,no,"NO. While both are types of pterosaurs, Pterodactyl",no,no,Correct,1.6912
semantic,16,dev_1925,no,"NO

Percent difference and percent change are related but distinct concepts. Percent difference is",no,no,Correct,2.9518
semantic,16,dev_2025,no,NO,no,no,Correct,1.6173
semantic,16,dev_2312,no,NO. Turpentine and white spirit are similar in that they are both sol,no,no,Correct,1.6915
semantic,16,dev_2471,no,NO,no,no,Correct,3.035
semantic,16,dev_2521,no,NO,no,no,Correct,1.678
semantic,16,dev_2782,no,"NO

The hydronium ion (H3O+) and the hydrogen",no,no,Correct,1.69
semantic,16,dev_2812,no,NO. The salinity at the bottom of the ocean is not necessarily higher than,no,no,Correct,1.6834
semantic,16,dev_3014,no,"NO

At the Equator, the days remain relatively constant in length throughout the",no,no,Correct,1.6864000000000001
semantic,16,dev_3034,no,NO. Hydraulic lime and hydrated lime are related but distinct. Hydrated lime,no,no,Correct,1.6817
semantic,16,dev_3159,no,NO. While both chipmunks and ground squirrels are members of the Sci,no,no,Correct,1.6857
semantic,16,dev_3190,no,NO.,no,no,Correct,1.682
semantic,16,dev_0682,yes,NO. A sermon and a homily are similar but not exactly the same.,no,no,Incorrect,1.6793
semantic,16,dev_0735,yes,"NO

In the United States, ""secondary school"" and ""high school""",no,no,Incorrect,1.6865999999999999
semantic,16,dev_1505,yes,YES,yes,yes,Correct,1.6813
semantic,16,dev_1668,yes,NO,no,no,Incorrect,1.6875
semantic,16,dev_2373,yes,YES,yes,yes,Correct,1.6905999999999999
semantic,16,dev_2793,yes,"NO, Eastern Kentucky University competes in NCAA Division II for most sports, although",no,no,Incorrect,1.6934
semantic,16,dev_2929,yes,"NO. Child psychology focuses specifically on the psychological development of children, while developmental psychology",no,no,Incorrect,1.6856
semantic,16,dev_0605,no,NO,no,no,Correct,1.6841
semantic,16,dev_0908,no,I don't know. To determine if American College of Education is accredited in New,i,idk,IDK,1.6904000000000001
semantic,16,dev_1388,no,NO. The University College London (UCL) and the University of London are,no,no,Correct,1.6887
semantic,16,dev_1521,no,"NO

Sweden does not pay students to attend school. The education system is funded",no,no,Correct,1.7222
semantic,16,dev_2334,no,NO. The Book of Jasher is not included in the Bible. It is,no,no,Correct,1.6859000000000002
semantic,16,dev_2641,no,"NO. A double-barrel surname does not have to be hyphenated,",no,no,Correct,1.6849
semantic,16,dev_0347,yes,NO,no,no,Incorrect,1.6937
semantic,16,dev_0411,yes,"I don't know. The term ""Redskins"" refers to multiple teams throughout",i,idk,IDK,1.6984000000000001
semantic,16,dev_0439,yes,"NO

The Milwaukee Brewers have not made it to the World Series as of the",no,no,Incorrect,1.6942000000000002
semantic,16,dev_0452,yes,"YES

Belgium has reached the World Cup final twice. They appeared in the",yes,yes,Correct,1.6865
semantic,16,dev_0585,yes,NO,no,no,Incorrect,1.6156
semantic,16,dev_0656,yes,"YES

Kaká did play in the 2002 FIFA World",yes,yes,Correct,1.567
semantic,16,dev_0661,yes,"NO

The KSI vs. Logan Paul fight was not a pay-per-view",no,no,Incorrect,1.6894
semantic,16,dev_0701,yes,YES. The Kentucky Derby is always held on the first Saturday in May. It,yes,yes,Correct,1.6821
semantic,16,dev_0704,yes,"NO

Wayne Gretzky won four Stanley Cup championships, all with the",no,no,Incorrect,1.7233
semantic,16,dev_0752,yes,NO,no,no,Incorrect,1.6862000000000001
semantic,16,dev_0848,yes,"NO

In most cases, signing free agents (players who are no longer under",no,no,Incorrect,1.687
semantic,16,dev_0883,yes,"NO. In the playoffs of most major sports leagues, including MLB, a team",no,no,Incorrect,1.6177000000000001
semantic,16,dev_1143,yes,YES. Dan Marino is in the Pro Football Hall of Fame. He was in,yes,yes,Correct,1.6262
semantic,16,dev_1305,yes,NO. A school can only be a member of one division of the NCAA (,no,no,Incorrect,1.687
semantic,16,dev_1497,yes,NO. Alphonse Areola did not play in the 201,no,no,Incorrect,3.0291
semantic,16,dev_1777,yes,NO,no,no,Incorrect,1.6921
semantic,16,dev_2250,yes,"NO

Poland did not qualify for the 2018 FIFA World",no,no,Incorrect,1.6955
semantic,16,dev_2370,yes,"I don't know. While Ireland has had success against Australia, specific results in",i,idk,IDK,2.9674
semantic,16,dev_0083,no,"NO. In Wimbledon, the final set of a best-of-five-set match is",no,no,Correct,1.6128
semantic,16,dev_0085,no,NO. Deion Sanders was a baseball player who played in the Major Leagues,no,no,Correct,1.6852
semantic,16,dev_0170,no,NO. The Czech Republic has never won the FIFA World Cup. The country gained,no,no,Correct,2.9611
semantic,16,dev_0230,no,"NO. In Little League, as in professional baseball, a dropped third strike does",no,no,Correct,1.6890999999999998
semantic,16,dev_0412,no,NO. The Miami Dolphins do not have a real dolphin in their stadium. Their,no,no,Correct,1.624
semantic,16,dev_0421,no,"NO. Penalty shoot-out goals do not count towards the Golden Boot, which is",no,no,Correct,2.9640999999999997
semantic,16,dev_0447,no,YES. Panama has qualified for the FIFA World Cup in 2018,yes,yes,Incorrect,1.6961
semantic,16,dev_0544,no,I don't know. Trinity Forest Golf Club's status as a public or private,i,idk,IDK,1.6864000000000001
semantic,16,dev_0565,no,NO. Walks are not included in the batting average calculation. The batting average,no,no,Correct,1.6887
semantic,16,dev_0589,no,NO. Goaltending occurs when the ball is on its downward path toward the,no,no,Correct,1.687
semantic,16,dev_0593,no,"NO

Teams do not keep the FIFA World Cup trophy. The actual trophy is",no,no,Correct,1.6207
semantic,16,dev_0859,no,"NO

The U.S. Open is not played on the same course every year",no,no,Correct,1.6927
semantic,16,dev_0865,no,"NO

The San Jose Sharks have not won a Stanley Cup. They have made",no,no,Correct,1.686
semantic,16,dev_1518,no,NO. Not all 2018 World Cup matches were played in Russia,no,no,Correct,1.7010999999999998
semantic,16,dev_1768,no,NO. England has not won the FIFA Women's World Cup. The country's,no,no,Correct,1.6857
semantic,16,dev_1779,no,"NO

India did not qualify for the 2018 FIFA World Cup",no,no,Correct,1.6907
semantic,16,dev_1905,no,NO. I don't know - Correction: You cannot be offside from a,no,no,Correct,1.6922000000000001
semantic,16,dev_2156,no,"NO. The Arizona Diamondbacks won the 2001 World Series,",no,no,Correct,1.6949
semantic,16,dev_2158,no,NO. The Cincinnati Bengals have never won a Super Bowl. They have appeared in,no,no,Correct,1.6890999999999998
semantic,16,dev_2798,no,NO. The Super Bowl ring is typically awarded to the winning team. While the,no,no,Correct,1.6222999999999999
semantic,16,dev_3138,no,"NO. While the Olympic gold medal is traditionally referred to as ""gold,"" it",no,no,Correct,1.684
semantic,16,dev_0307,yes,NO. 700c tires are smaller in diameter than 29,no,no,Incorrect,1.6823
semantic,16,dev_0506,yes,YES,yes,yes,Correct,1.6912
semantic,16,dev_0641,yes,I don't know. While there might be some interchangeable parts between the Maverick,i,idk,IDK,1.6254000000000002
semantic,16,dev_0844,yes,I don't know. While it's possible that Bell and Telus might share,i,idk,IDK,1.6855
semantic,16,dev_1032,yes,"NO

1-844 numbers are part of the North American Numbering",no,no,Incorrect,1.6987999999999999
semantic,16,dev_1574,yes,NO. Standard Apple Lightning cables do not contain a chip. They are designed to,no,no,Incorrect,1.6850999999999998
semantic,16,dev_1889,yes,"NO

While the Mazda Tribute and Ford Escape share a similar market segment and some",no,no,Incorrect,1.6899000000000002
semantic,16,dev_2093,yes,"YES

Many modern smartphones have built-in features that allow you to make emergency calls",yes,yes,Correct,1.7025
semantic,16,dev_2213,yes,"NO. U.S. toll-free numbers (800, 88",no,no,Incorrect,1.6961
semantic,16,dev_2735,yes,"NO

Pipelining can help improve throughput by allowing multiple tasks to be processed",no,no,Incorrect,1.6147
semantic,16,dev_2836,yes,NO. The F-4 Phantom II was retired from active service by most countries,no,no,Incorrect,1.6922000000000001
semantic,16,dev_0788,no,NO. MiniDV tapes and 8mm tapes are different formats with distinct characteristics,no,no,Correct,1.6267
semantic,16,dev_0798,no,NO. The area code 669 is a local area code in California,no,no,Correct,1.6836
semantic,16,dev_1249,no,NO. C++ `std::string` does not require null-termination because,no,no,Correct,1.6956
semantic,16,dev_1458,no,NO,no,no,Correct,1.7005
semantic,16,dev_1584,no,NO. The GMC version of the Avalanche does not exist. The Avalanche was a,no,no,Correct,1.6876
semantic,16,dev_1589,no,NO. A SIM-free phone is not locked to a specific network and can be,no,no,Correct,3.0545
semantic,16,dev_1657,no,"NO. The first iPhone, released in 2007, did not",no,no,Correct,1.7292
semantic,16,dev_1691,no,NO. Response time and input lag are related but distinct concepts. Response time refers,no,no,Correct,1.6933
semantic,16,dev_1943,no,"NO

Membership to the PlayStation Network is included with PlayStation consoles and can be purchased",no,no,Correct,3.0136
semantic,16,dev_2682,no,"NO

E-ZPass and EZ-Pass are actually the same system, operating",no,no,Correct,1.6918
semantic,16,dev_2712,no,NO. A23 batteries and N batteries have different physical sizes and voltage standards,no,no,Correct,1.6867999999999999
semantic,16,dev_0427,no,NO,no,no,Correct,1.6132
semantic,16,dev_0531,no,"NO. There are other dragons in Middle-earth, such as Ancalagon the",no,no,Correct,1.7272
semantic,16,dev_1915,no,"NO. ""The Hunchback of Notre-Dame"" is a work of",no,no,Correct,1.6964000000000001
semantic,16,dev_1946,no,NO. Snake Eyes and Storm Shadow are two distinct characters in the G.I.,no,no,Correct,1.6912
semantic,16,dev_2024,no,NO,no,no,Correct,1.6841
semantic,16,dev_2265,no,NO. G major and E minor are not the same. They are relative keys,no,no,Correct,1.6938
semantic,16,dev_0004,yes,NO. Harry Potter and the Escape from Gringotts is an indoor ride that,no,no,Incorrect,1.6932
semantic,16,dev_0241,yes,"NO. ""All I Want for Christmas Is You"" was written by Mariah",no,no,Incorrect,1.6953
semantic,16,dev_0326,yes,"NO. The Wizarding World of Harry Potter is located in Universal Studios, not",no,no,Incorrect,1.6071
semantic,16,dev_0525,yes,"YES

Queen had several number one hits in the UK and other countries. One",yes,yes,Correct,1.7272
semantic,16,dev_0577,yes,"NO. Phil Collins and Peter Gabriel were both members of Genesis, but they did",no,no,Incorrect,1.6887
semantic,16,dev_0799,yes,"YES

On Jeopardy!, contestants do receive the money they win. The",yes,yes,Correct,1.6816
semantic,16,dev_0142,no,NO,no,no,Correct,1.6838
semantic,16,dev_0494,no,"NO. Fitness in biology refers to an organism's ability to survive and reproduce,",no,no,Correct,1.6247
semantic,16,dev_0527,no,NO. HeLa cells are an example of a cell line with genomic instability and,no,no,Correct,1.6967
semantic,16,dev_0566,no,NO.,no,no,Correct,1.6905
semantic,16,dev_0648,no,NO,no,no,Correct,1.6217000000000001
semantic,16,dev_0668,no,NO. Red-eared sliders are freshwater turtles and are not adapted to live in,no,no,Correct,1.6252
semantic,16,dev_0749,no,"NO. Sensory neurons are part of the peripheral nervous system, not the central",no,no,Correct,1.6899000000000002
semantic,16,dev_0790,no,"NO. Great white sharks are typically found in the epipelagic zone, which",no,no,Correct,1.628
semantic,16,dev_0867,no,NO. The same genotype does not always result in the same phenotype due to various,no,no,Correct,1.6145
semantic,16,dev_0921,no,NO. Whale sharks are generally docile filter feeders and do not pose a,no,no,Correct,1.6248
semantic,16,dev_1088,no,"NO

Rabbits and cats are different species with significant genetic and physiological differences",no,no,Correct,1.6227
semantic,16,dev_1329,no,NO. The earlobe does not contain any bone; it is composed primarily of,no,no,Correct,1.6845999999999999
semantic,16,dev_1402,no,NO. Tissue is composed of multiple types of cells that work together to perform,no,no,Correct,1.6985
semantic,16,dev_1428,no,NO,no,no,Correct,1.6225
semantic,16,dev_1439,no,NO. A groundhog and a mole are different animals. Groundhogs belong,no,no,Correct,1.693
semantic,16,dev_0020,yes,YES. Magnesium citrate contains citric acid as part of its chemical structure,yes,yes,Correct,1.6836
semantic,16,dev_0027,yes,"YES. Penguins, like all birds, have feathers that arise from the epider",yes,yes,Correct,1.6857
semantic,16,dev_0047,yes,YES.,yes,yes,Correct,1.6917
semantic,16,dev_0070,yes,NO. T. rex is the abbreviated scientific name for Tyrannosaurus rex,no,no,Incorrect,1.6947999999999999
semantic,16,dev_0086,yes,NO,no,no,Incorrect,1.6943
semantic,16,dev_0121,yes,"YES

St. Bernards and Bernese Mountain Dogs are both large breeds that",yes,yes,Correct,1.687
semantic,16,dev_0131,yes,"NO

The latent heat of vaporization typically remains relatively constant over a narrow range",no,no,Incorrect,1.7012
semantic,16,dev_0147,yes,"NO. While the navel and belly button refer to the same physical feature,",no,no,Incorrect,1.6089
semantic,16,dev_0159,yes,"YES

Many tree species can have more than one trunk, especially those that naturally",yes,yes,Correct,3.0048000000000004
semantic,16,dev_0190,yes,YES. Bees die if they lose their stinger along with the venom sac,yes,yes,Correct,1.6865999999999999
semantic,16,dev_0195,yes,YES. Alligators often drown their prey underwater to subdue and kill it before,yes,yes,Correct,1.6093
semantic,16,dev_0200,yes,YES. Competitive inhibitors bind to the active site of the enzyme.,yes,yes,Correct,3.0279000000000003
semantic,16,dev_0214,yes,YES,yes,yes,Correct,1.6998
semantic,16,dev_0242,yes,"NO

Male bighorn sheep have large, curved horns, while female b",no,no,Incorrect,1.6922000000000001
semantic,16,dev_0522,yes,"YES

Hornets can sting multiple times, although their stingers are not",yes,yes,Correct,1.6947
semantic,16,dev_0033,no,NO,no,no,Correct,1.6216
semantic,16,dev_0123,no,"NO. Public limited companies (PLCs) are typically in the public sector,",no,no,Correct,1.6188
semantic,16,dev_0501,no,NO. Comcast and Time Warner are separate companies. While they operate in the media,no,no,Correct,1.692
semantic,16,dev_0526,no,NO,no,no,Correct,1.6901
semantic,16,dev_1076,no,"NO. I don't know.

To provide a more detailed answer: While commercial",no,no,Correct,1.6258
semantic,16,dev_1213,no,NO. Discretionary income and disposable income are related but not the same.,no,no,Correct,1.6117000000000001
semantic,16,dev_1654,no,"NO

Discouraged workers are not counted in the unemployment rate. They are",no,no,Correct,1.7274
semantic,16,dev_1753,no,NO,no,no,Correct,1.69
semantic,16,dev_1825,no,"NO. Each bank branch in the UK has its own unique sort code, even",no,no,Correct,1.6890999999999998
semantic,16,dev_2911,no,NO,no,no,Correct,1.6857
semantic,16,dev_2740,no,NO. The Better Business Bureau (BBB) is a nonprofit organization that works,no,no,Correct,1.6827999999999999
semantic,16,dev_2517,no,NO,no,no,Correct,1.6821
semantic,16,dev_1139,yes,"NO

New Mexico does not have a state income tax.",no,no,Incorrect,1.6841
semantic,16,dev_0002,yes,NO. House tax and property tax are similar but not exactly the same. House,no,no,Incorrect,1.6214000000000002
semantic,16,dev_0773,yes,NO. A company can be public if it has issued shares to the public and,no,no,Incorrect,1.6865
semantic,16,dev_1186,yes,YES,yes,yes,Correct,1.6894
semantic,16,dev_1302,yes,"YES

Dodge and Jeep are both brands owned by Stellantis, which",yes,yes,Correct,1.6235
semantic,16,dev_1349,yes,YES.,yes,yes,Correct,1.6855
semantic,16,dev_1771,yes,NO,no,no,Incorrect,1.6878
semantic,16,dev_1804,yes,"YES

A two-dollar bill does have monetary value, although it is less commonly",yes,yes,Correct,1.6910999999999998
semantic,16,dev_1873,yes,"YES

Stop & Shop and Giant are both owned by Ahold Delhaize",yes,yes,Correct,1.6979000000000002
semantic,16,dev_1963,yes,NO,no,no,Incorrect,1.6833
semantic,16,dev_2582,yes,"NO

A profit and loss statement is the same as an income statement. Both",no,no,Incorrect,1.6856
semantic,16,dev_2598,yes,"NO

Hellmann's and Best Foods were separate brands until Unilever acquired",no,no,Incorrect,1.6883
semantic,16,dev_3158,yes,"NO

While economic development can contribute to social development by increasing resources available for public",no,no,Incorrect,1.6847999999999999
semantic,16,dev_0551,no,NO,no,no,Correct,1.6963
semantic,16,dev_1158,no,"NO. While crossovers are often classified as SUVs, they are not",no,no,Correct,1.6867
semantic,16,dev_1364,no,"NO. A jet engine, such as a turbojet engine, uses the Bray",no,no,Correct,1.6887
semantic,16,dev_1807,no,NO. The dimensions of US Letter (8.5in × 11,no,no,Correct,1.6954
semantic,16,dev_2542,no,NO. Father's Day is typically celebrated on the third Sunday in June in many,no,no,Correct,1.6864000000000001
semantic,16,dev_2562,no,"NO

A ribeye steak and a Delmonico steak are similar but not",no,no,Correct,1.7012
semantic,16,dev_3005,no,NO. An English Bull Terrier is not a Pit Bull. The English Bull,no,no,Correct,1.6885999999999999
semantic,16,dev_3194,no,"NO. While both corn chips and tortilla chips are popular snack foods, they",no,no,Correct,1.6248
semantic,16,dev_3195,no,NO,no,no,Correct,1.6204
semantic,16,dev_0013,yes,"NO, but it's not ideal. While you can wash your hair with shower",no,no,Incorrect,1.6822000000000001
semantic,16,dev_0043,yes,NO. The U.S. Interstate Highway System includes multiple coast-to-coast routes,no,no,Incorrect,1.7292
semantic,16,dev_0052,yes,"YES

A hammer can be used as a weapon, especially when improvised. The",yes,yes,Correct,1.6173
semantic,16,dev_0091,yes,YES. A tablespoon is generally bigger than a dessert spoon. A tablespoon typically holds,yes,yes,Correct,1.6237000000000001
semantic,16,dev_0116,yes,YES,yes,yes,Correct,1.6818
semantic,16,dev_0288,yes,"NO. The UK primarily uses the 12-hour clock format, though the",no,no,Incorrect,1.6897
semantic,16,dev_0555,yes,NO. ZIP code is a specific type of postal code used in the United States,no,no,Incorrect,1.6259000000000001
semantic,16,dev_0627,yes,"NO. The title ""Sir"" is specifically used for male British knights and members",no,no,Incorrect,1.6982000000000002
semantic,16,dev_0831,yes,NO. A U.S. passport card is not a valid form of ID for,no,no,Incorrect,1.6837
semantic,16,dev_0721,no,NO,no,no,Correct,1.6977
semantic,16,dev_0863,no,"NO. ""The Closer"" and ""Major Crimes"" are separate television series",no,no,Correct,1.6227
semantic,16,dev_1357,no,NO,no,no,Correct,1.6867
semantic,16,dev_1951,no,"NO. ""The Bridge on the River Kwai"" is based on a novel",no,no,Correct,1.6907999999999999
semantic,16,dev_2131,no,"NO. Nacho Varga is a character from ""Breaking Bad,"" not """,no,no,Correct,1.7023
semantic,16,dev_2174,no,NO. Fear the Walking Dead and The Walking Dead are part of the same shared,no,no,Correct,1.6907999999999999
semantic,16,dev_2252,no,NO. You do not have to be from America to be on America's Got,no,no,Correct,1.6274000000000002
semantic,16,dev_2309,no,NO.,no,no,Correct,1.6973
semantic,16,dev_2364,no,NO,no,no,Correct,1.6998
semantic,16,dev_3075,no,NO. Pulp Fiction is not based on a true story. It is a,no,no,Correct,1.6897
semantic,16,dev_3205,no,"NO. The movie ""Lady Bird"" is not about Lady Bird Johnson. It",no,no,Correct,1.7005
semantic,16,dev_0015,yes,"YES

Fantastic Beasts and Where to Find Them is a prequel to the",yes,yes,Correct,1.6944000000000001
semantic,16,dev_0153,yes,NO. The Handmaid's Tale was originally a novel by Margaret Atwood and,no,no,Incorrect,1.6987999999999999
semantic,16,dev_0161,yes,"NO. While ""The Night of the Hunter"" shares some thematic elements with film",no,no,Incorrect,3.0389
semantic,16,dev_0306,yes,"NO

Grey's Anatomy is a fictional television show and is not filmed at a",no,no,Incorrect,1.6857
semantic,16,dev_0334,yes,"YES

""Wrath of the Titans"" is indeed a sequel to ""Cl",yes,yes,Correct,1.6937
semantic,16,dev_0338,yes,YES,yes,yes,Correct,2.9744
semantic,16,dev_0493,yes,NO,no,no,Incorrect,1.695
semantic,16,dev_0520,yes,YES,yes,yes,Correct,1.6902000000000001
semantic,16,dev_0212,no,NO. Maple syrup does not come straight from the tree. It is produced by,no,no,Correct,1.6813
semantic,16,dev_0309,no,NO. Ground coriander and cumin are not the same thing. They,no,no,Correct,1.6841
semantic,16,dev_0484,no,NO. Saltwater taffy does not actually contain salt water. The name,no,no,Correct,1.6205999999999998
semantic,16,dev_0654,no,NO. Beef short ribs and spare ribs are different. Beef short ribs come from,no,no,Correct,1.6255
semantic,16,dev_0973,no,NO. Salt water taffy is not made with ocean water. It gets,no,no,Correct,1.6823
semantic,16,dev_1335,no,NO.,no,no,Correct,1.6073
semantic,16,dev_1443,no,NO,no,no,Correct,1.6870999999999998
semantic,16,dev_0284,yes,"NO

Enameled cast iron cookware is designed to prevent leaching by",no,no,Incorrect,1.6899000000000002
semantic,16,dev_0330,yes,YES,yes,yes,Correct,1.6907
semantic,16,dev_0443,yes,NO. Powdered sugar and confectioners' sugar are the same thing.,no,no,Incorrect,1.6856
semantic,16,dev_0975,yes,"YES

Wholemeal flour and whole wheat flour are essentially the same thing. Both",yes,yes,Correct,1.6867
semantic,16,dev_1741,yes,NO. Garbanzo beans and chickpeas are the same thing. They,no,no,Incorrect,1.6896
semantic,16,dev_1770,yes,"YES

Pure vanilla extract contains alcohol as part of the extraction process. It is",yes,yes,Correct,1.6253
semantic,16,dev_1860,no,NO. Pinot Noir and Pinot Gris (or Pinot Grig,no,no,Correct,1.7259
semantic,16,dev_1967,yes,NO.,no,no,Incorrect,1.7247999999999999
semantic,16,dev_0236,no,NO. Straights in poker do not have to be the same suit. They,no,no,Correct,1.6822000000000001
semantic,16,dev_0741,no,"NO

Solitaire games like Klondike are designed such that not every initial",no,no,Correct,1.6844000000000001
semantic,16,dev_1440,no,NO. The Xbox One does not have native support for playing Xbox 36,no,no,Correct,1.6277000000000001
semantic,16,dev_2062,no,"NO. A queen cannot move like a knight. The queen moves horizontally, vertically",no,no,Correct,1.6845
semantic,16,dev_2109,no,"NO. Call of Duty: World at War is set during World War II,",no,no,Correct,1.6965
semantic,16,dev_2137,no,"NO. In chess, it is not possible to win the game with only a",no,no,Correct,1.6953
semantic,16,dev_0478,yes,YES,yes,yes,Correct,1.6827
semantic,16,dev_0545,yes,"YES

Just Cause 3 has a significant storyline that follows the character Rico Rodriguez",yes,yes,Correct,1.684
semantic,16,dev_1125,yes,NO,no,no,Incorrect,1.6855
semantic,16,dev_1137,yes,"NO

Pokémon Crystal does not work directly with Pokémon Stadium 2. Pokémon",no,no,Incorrect,1.6925999999999999
semantic,16,dev_1162,yes,"NO

The Nintendo DS and DS Lite use slightly different hardware, and while they",no,no,Incorrect,1.6873
semantic,16,dev_1177,yes,"YES

Company of Heroes 2 features a campaign mode called ""Heroes of St",yes,yes,Correct,1.6829
semantic,16,dev_1444,yes,"YES

Original Xbox games do not work on Xbox One out of the box due",yes,yes,Correct,1.6893
semantic,16,dev_0313,no,NO. St. Kitts and Nevis is an independent state and a member,no,no,Correct,1.6188
semantic,16,dev_0823,no,NO. The Ogallala Aquifer is one of the largest aquifers in,no,no,Correct,1.728
semantic,16,dev_0839,no,NO. West Virginia and Virginia are not the same state. West Virginia was formed,no,no,Correct,1.6993
semantic,16,dev_1222,no,NO. The Isle of Man is not part of Great Britain. It is a,no,no,Correct,1.6898
semantic,16,dev_1254,no,NO. Sudan and South Sudan are two separate countries. They were part of the,no,no,Correct,1.6814
semantic,16,dev_1269,no,NO,no,no,Correct,1.6898
semantic,16,dev_1334,no,NO. Patagonia is not a country; it is a region located in,no,no,Correct,1.624
semantic,16,dev_0184,yes,YES,yes,yes,Correct,1.6942000000000002
semantic,16,dev_0322,yes,YES,yes,yes,Correct,1.6879000000000002
semantic,16,dev_0557,yes,"NO. The Amazon River is not fresh; it is saline, though it is",no,no,Incorrect,1.6147
semantic,16,dev_0573,yes,NO. The Dardanelles connects the Sea of Marmara to the,no,no,Incorrect,1.6905999999999999
semantic,16,dev_1179,yes,"NO. Phoenix is in the Mountain Time Zone, while Denver is also in the",no,no,Incorrect,1.6917
semantic,16,dev_0619,yes,NO. The state of Texas is not bigger than Germany. Germany is significantly larger,no,no,Incorrect,1.6239000000000001
semantic,16,dev_0650,yes,YES,yes,yes,Correct,1.6197000000000001
semantic,16,dev_0734,yes,"NO

You cannot directly boat from Lake Erie to Lake Ontario without using a navigation",no,no,Incorrect,1.6887
semantic,16,dev_0061,no,NO,no,no,Correct,1.6874
semantic,16,dev_0124,no,NO. Health care is not free in the United States. Most Americans receive health,no,no,Correct,1.6184
semantic,16,dev_0914,no,NO. Stroke volume and ejection fraction are related but distinct measures in cardiology,no,no,Correct,1.6936
semantic,16,dev_0955,no,NO. Mycosis fungoides is not caused by a fungal infection;,no,no,Correct,1.6935
semantic,16,dev_1610,no,NO. Soft-tissue damage is a broader term that includes various injuries to the,no,no,Correct,1.6191
semantic,16,dev_1790,no,"NO. During implantation, the endometrial lining does not shed; instead",no,no,Correct,1.6861
semantic,16,dev_2096,no,NO,no,no,Correct,1.6892
semantic,16,dev_2277,no,NO. High dependency units (HDUs) and intensive care units (ICUs,no,no,Correct,1.6939000000000002
semantic,16,dev_2499,no,NO. A Doctor of Physical Therapy (DPT) is not an MD.,no,no,Correct,1.6215
semantic,16,dev_1959,yes,YES,yes,yes,Correct,1.615
semantic,16,dev_1992,yes,"YES

Rabies can be transmitted from an infected animal to a person through saliva",yes,yes,Correct,1.6904000000000001
semantic,16,dev_2047,yes,"NO. Organs in the digestive system, such as the stomach, intestines",no,no,Incorrect,1.6236
semantic,16,dev_1656,yes,"NO

While the expression ""broken heart"" is often used metaphorically to describe",no,no,Incorrect,1.6952
semantic,16,dev_1663,yes,"NO. Turf toe is typically associated with injury to the big toe, usually",no,no,Incorrect,1.6945
semantic,16,dev_1752,yes,I don't know. Triamcinolone cream is a high-pot,i,idk,IDK,3.0359000000000003
semantic,16,dev_2049,yes,YES. The common femoral vein is a deep vein located in the thigh.,yes,yes,Correct,1.6909
semantic,16,dev_2050,yes,YES. Drug tolerance can be caused by both receptor upregulation and downreg,yes,yes,Correct,1.6885
semantic,16,dev_1442,yes,"YES, a lipid profile and a lipid panel refer to the same test that measures",yes,yes,Correct,3.035
semantic,16,dev_0301,no,NO. The Berlin Wall and the Berlin Blockade are two distinct events in Cold,no,no,Correct,1.6934
semantic,16,dev_0480,no,"NO
The Articles of Confederation were superseded by the U.S. Constitution",no,no,Correct,1.6999000000000002
semantic,16,dev_1290,no,NO. Nova Scotia was not one of the 13 original colonies that formed,no,no,Correct,1.6180999999999999
semantic,16,dev_1819,no,NO. The Czech Republic and Czechoslovakia are not the same country.,no,no,Correct,1.6967
semantic,16,dev_2206,no,NO. The Emancipation Proclamation applied only to the states in rebellion and,no,no,Correct,1.6923
semantic,16,dev_0376,yes,NO. William the Conqueror's claim to the English throne was not considered,no,no,Incorrect,1.7283
semantic,16,dev_0346,yes,YES,yes,yes,Correct,1.73
semantic,16,dev_0363,yes,"NO. The 1971 silver dollar, also known as the",no,no,Incorrect,1.7255999999999998
semantic,16,dev_0535,yes,YES. Houston was the temporary capital of Texas before it was moved to Austin.,yes,yes,Correct,1.6833
semantic,16,dev_0629,yes,YES,yes,yes,Correct,1.7006
semantic,16,dev_0179,no,NO. U.S. courts of appeals do not have original jurisdiction; they primarily,no,no,Correct,1.6076
semantic,16,dev_0402,no,"NO. In the United Kingdom, polygamy is not legally recognized, and",no,no,Correct,1.6863
semantic,16,dev_0513,no,NO.,no,no,Correct,1.6932
semantic,16,dev_0606,no,NO. Escaping from prison is illegal in Germany and is considered a serious offense,no,no,Correct,1.6832
semantic,16,dev_0630,no,"NO. An ""under honorable conditions"" discharge is a specific type of honorable discharge",no,no,Correct,1.6213
semantic,16,dev_0795,no,"NO. Driving laws, including seat belt laws, can vary significantly from state to",no,no,Correct,1.6807999999999998
semantic,16,dev_1457,no,NO,no,no,Correct,1.7281
semantic,16,dev_1776,no,NO. An Employment Authorization Document (EAD) and a green card serve different,no,no,Correct,1.6267
semantic,16,dev_1862,no,NO,no,no,Correct,1.6939000000000002
semantic,16,dev_1911,no,"NO

There is no mandatory retirement age for U.S. Supreme Court justices.",no,no,Correct,1.6883
semantic,16,dev_2755,no,NO,no,no,Correct,1.6867999999999999
semantic,16,dev_2756,no,NO. The Bill of Rights is not part of the original Constitution but was added,no,no,Correct,1.6942000000000002
semantic,16,dev_2921,no,NO. Property tax and council tax serve similar purposes but are distinct in their application,no,no,Correct,1.6231
semantic,16,dev_2972,no,NO,no,no,Correct,1.6832
semantic,16,dev_0009,yes,"NO

In Canada, you can drive with a valid U.S. driver's",no,no,Incorrect,1.6865999999999999
semantic,16,dev_0038,yes,"YES

It is generally legal to record a cover of a song, but you",yes,yes,Correct,1.6903
semantic,16,dev_0129,yes,"NO

In Florida, private sales of firearms must go through a licensed firearms dealer",no,no,Incorrect,1.686
semantic,16,dev_0202,yes,"NO. Breaking and entering into a car is generally considered a misdemeanor, although the",no,no,Incorrect,1.622
semantic,16,dev_0308,yes,YES,yes,yes,Correct,1.6839000000000002
semantic,16,dev_0584,yes,YES,yes,yes,Correct,1.6962000000000002
semantic,16,dev_0644,yes,YES,yes,yes,Correct,1.6819000000000002
semantic,16,dev_0653,yes,YES,yes,yes,Correct,3.031
semantic,16,dev_0671,yes,"NO. As of now, Kansas does not have the death penalty. The state",no,no,Incorrect,1.6822000000000001
semantic,16,dev_0757,yes,YES,yes,yes,Correct,1.6188
semantic,16,dev_1059,yes,"YES

The Supreme Court can issue a injunction to stop an executive order if it",yes,yes,Correct,3.0521
semantic,16,dev_1067,yes,YES,yes,yes,Correct,1.7269
semantic,16,dev_1097,yes,"NO

In Canada, while there is no explicit ""right to remain silent""",no,no,Incorrect,1.6998
semantic,16,dev_1131,yes,NO,no,no,Incorrect,1.6912
semantic,16,dev_1324,yes,"NO. A flask is typically considered a container, but whether it counts as an",no,no,Incorrect,1.6854
semantic,16,dev_0305,no,"NO. While language is a significant criterion for classifying states in India, it",no,no,Correct,1.6913
semantic,16,dev_0465,no,NO,no,no,Correct,1.6258
semantic,16,dev_0508,no,"NO. The United States has term limits for the presidency, specifically two four-year",no,no,Correct,1.6224
semantic,16,dev_0518,no,NO,no,no,Correct,1.6885
semantic,16,dev_0572,no,NO. A legislator is a broader term that can refer to members of any,no,no,Correct,1.6838
semantic,16,dev_0898,no,"NO

In Canada, only Canadian citizens are eligible to vote in federal, provincial",no,no,Correct,1.6894
semantic,16,dev_1154,no,NO. The number of justices on the Supreme Court has changed over time and was,no,no,Correct,1.6947
semantic,16,dev_1221,no,"NO

Filibusters are primarily associated with the Senate due to its rules allowing",no,no,Correct,1.6935
semantic,16,dev_1244,no,NO. Canada and Australia are sovereign nations and were once part of the British Empire,no,no,Correct,1.6836
semantic,16,dev_1245,no,NO. Turkey is not a member of the European Economic Area (EEA).,no,no,Correct,1.6835
semantic,16,dev_1273,no,NO,no,no,Correct,1.6973
semantic,16,dev_0647,yes,NO. Not every nation-state has a national government; some territories may lack a,no,no,Incorrect,1.619
semantic,16,dev_0254,yes,YES. The Vice President of the United States serves as the President of the Senate,yes,yes,Correct,1.6918
semantic,16,dev_0486,yes,YES,yes,yes,Correct,1.6224
semantic,16,dev_0736,yes,"NO. The World Bank is not directly affiliated with the United Nations, although both",no,no,Incorrect,1.6929
semantic,16,dev_0814,yes,NO. The Air Force primarily focuses on aerial and space operations and does not have,no,no,Incorrect,1.6882000000000001
semantic,16,dev_1477,yes,YES,yes,yes,Correct,1.6917
semantic,16,dev_1721,yes,"NO. The Royal Air Force operates several stations in the United Kingdom, but there",no,no,Incorrect,1.6248
semantic,16,dev_1786,yes,"NO

New York City no longer has rent control for most apartments. Rent stabilization",no,no,Incorrect,1.6076
semantic,16,dev_1970,yes,YES,yes,yes,Correct,1.6842000000000001
semantic,16,dev_1985,yes,YES,yes,yes,Correct,1.7249
semantic,16,dev_2448,no,NO. Puerto Rico does not have the right to vote in U.S. presidential,no,no,Correct,1.6923
semantic,16,dev_0066,yes,"YES. In any triangle, at least two angles must be acute because the sum",yes,yes,Correct,1.6897
semantic,16,dev_0088,yes,"NO. According to the law of conservation of mass-energy, mass and energy are",no,no,Incorrect,1.684
semantic,16,dev_0196,yes,YES,yes,yes,Correct,1.6995
semantic,16,dev_0262,yes,YES,yes,yes,Correct,1.6256
semantic,16,dev_0271,yes,YES,yes,yes,Correct,1.5027000000000001
semantic,16,dev_0329,yes,"YES

The Sun orbits around the Milky Way galaxy. It completes one orbit approximately",yes,yes,Correct,1.697
semantic,16,dev_0331,yes,YES,yes,yes,Correct,1.6182999999999998
semantic,16,dev_0387,yes,"NO. Density depends on the type of material, but it is also influenced by",no,no,Incorrect,1.6103
semantic,16,dev_0418,yes,"YES

It is possible to have thunder and lightning while it is snowing.",yes,yes,Correct,1.5777999999999999
semantic,16,dev_0616,yes,"NO. Bicarb soda and baking soda refer to the same substance, sodium",no,no,Incorrect,1.6896
semantic,16,dev_0638,yes,YES. All rhombuses have two pairs of parallel sides.,yes,yes,Correct,1.6124
semantic,16,dev_0657,yes,"YES. Yield stress and yield strength refer to the same property, which is the",yes,yes,Correct,1.6961
semantic,16,dev_0692,yes,"YES

Hydrometers can be used to measure the density of milk,",yes,yes,Correct,1.6264
semantic,16,dev_0744,yes,"NO. A polynomial does not have a square root of a variable; however,",no,no,Incorrect,1.6819000000000002
semantic,16,dev_0797,yes,"YES. Average velocity is a vector quantity, which means it has both magnitude and",yes,yes,Correct,1.6058
semantic,16,dev_0842,yes,"YES

Diffraction effects are indeed seen in sound waves. Sound waves can bend",yes,yes,Correct,1.6936
semantic,16,dev_1379,yes,"NO. Talcum powder is a form of talc, which is a",no,no,Incorrect,1.6889
semantic,16,dev_0126,no,"NO

According to our current understanding of physics, particularly special relativity, it",no,no,Correct,1.6845999999999999
semantic,16,dev_0342,no,NO. The speed of sound varies depending on the material through which it travels.,no,no,Correct,1.6845
semantic,16,dev_0437,no,NO. There is no guarantee that there will be a full moon on the summer,no,no,Correct,1.6939000000000002
semantic,16,dev_0553,no,"NO. In a parallelogram, opposite angles are equal, but adjacent angles",no,no,Correct,1.6837
semantic,16,dev_0652,no,"NO. The square root of 3 is an irrational number, meaning it cannot",no,no,Correct,1.6903
semantic,16,dev_0708,no,NO. A perfect square is a number that can be expressed as the square of,no,no,Correct,1.6257000000000001
semantic,16,dev_1083,no,NO. Carbon-14 dating is not effective for live animals because the technique,no,no,Correct,1.6963
semantic,16,dev_1142,no,NO. Quantum entanglement cannot be used to transfer information faster than light.,no,no,Correct,1.6959000000000002
semantic,16,dev_1354,no,NO. The depth of the water table can vary depending on factors such as precipitation,no,no,Correct,1.6815
semantic,16,dev_1460,no,"NO. Single-subject research designs are particularly suited for studies involving individual participants,",no,no,Correct,1.6849
semantic,16,dev_1468,no,NO. Sodium lactate and lactic acid are related but different substances. L,no,no,Correct,1.6845
semantic,16,dev_1559,no,NO. The notation \(\log x\) typically refers to the common logarithm,no,no,Correct,1.6159000000000001
semantic,16,dev_1595,no,NO. Reverse osmosis water and deionized water are similar in that,no,no,Correct,1.6916
semantic,16,dev_1643,no,NO. Static pressure is a component of the total pressure (stagnation pressure,no,no,Correct,1.6842000000000001
semantic,16,dev_1692,no,NO. Atmospheric pressure is not always 1 atm (atmosphere). It,no,no,Correct,1.6844000000000001
semantic,16,dev_1726,no,NO. The vagus nerve is part of the peripheral nervous system (PNS,no,no,Correct,3.0415
semantic,16,dev_0008,yes,"NO. In standard English spelling, the letter ""Q"" always appears with the",no,no,Incorrect,1.681
semantic,16,dev_0323,yes,"NO. ""Song of Solomon"" and ""Song of Songs"" are the same",no,no,Incorrect,1.6921
semantic,16,dev_0794,yes,YES,yes,yes,Correct,1.6905999999999999
semantic,16,dev_0866,yes,"NO. In Scrabble, the letter Q must always be followed by a U",no,no,Incorrect,1.624
semantic,16,dev_0910,yes,"NO

The Dewey Decimal System is still in use, particularly in public and",no,no,Incorrect,1.6856
semantic,16,dev_0992,yes,"NO

In elementary school, students are typically not held back or retained, as",no,no,Incorrect,1.611
semantic,16,dev_1446,yes,NO. The Church of England is a specific national church within the Anglican Comm,no,no,Incorrect,1.687
semantic,16,dev_0294,no,NO.,no,no,Correct,1.6812
semantic,16,dev_0521,no,"NO. The word ""kangaroo"" does not mean ""I don't",no,no,Correct,1.7313
semantic,16,dev_0943,no,"NO. The Book of Deuteronomy is in the Old Testament, not the",no,no,Correct,1.6890999999999998
semantic,16,dev_1887,no,NO. The Persian and Arabic alphabets are similar but not the same.,no,no,Correct,1.6167
semantic,16,dev_2892,no,NO,no,no,Correct,1.6079
semantic,16,dev_2691,no,NO,no,no,Correct,1.6937
semantic,16,dev_0065,yes,"YES

Several players from the 1980 U.S. hockey team",yes,yes,Correct,1.7264000000000002
semantic,16,dev_0245,yes,NO,no,no,Incorrect,1.6240999999999999
semantic,16,dev_0315,yes,"YES, but it's important to ensure that the field meets the necessary regulations and",yes,yes,Correct,1.6873
semantic,16,dev_0361,yes,"YES

Chewing tobacco is banned in Major League Baseball. The league has strict",yes,yes,Correct,1.6843
semantic,16,dev_0550,yes,NO,no,no,Incorrect,1.6901
semantic,16,dev_0595,yes,"NO
The Ivy League does not have a basketball tournament. The Ivy League is",no,no,Incorrect,1.6144
semantic,16,dev_0966,yes,YES. The round of 16 in the World Cup is part of the,yes,yes,Correct,1.6234000000000002
semantic,16,dev_1078,yes,"YES

Many NHL teams have played in the Stanley Cup Finals but have not won",yes,yes,Correct,1.6814
semantic,16,dev_1224,yes,NO. A rugby field is generally longer than an American football field but not as,no,no,Incorrect,1.6838
semantic,16,dev_1251,yes,"YES

Croatia has participated in the FIFA World Cup and has placed in",yes,yes,Correct,1.6944000000000001
semantic,16,dev_1260,yes,NO. The Nike Air Force 1s are not typically designed for basketball.,no,no,Incorrect,1.6867999999999999
semantic,16,dev_1278,yes,"NO. Cal Ripken Jr. is not in the Hall of Fame, but",no,no,Incorrect,3.039
semantic,16,dev_1462,yes,YES,yes,yes,Correct,1.6917
semantic,16,dev_1494,yes,NO. You cannot be offside on a corner kick. The offside rule,no,no,Incorrect,1.6969
semantic,16,dev_1543,yes,NO. No NHL team has ever come back from a 3-0 deficit,no,no,Incorrect,2.9683
semantic,16,dev_2012,yes,YES. Dwight Howard played for the Houston Rockets from 2010 to,yes,yes,Correct,1.6894
semantic,16,dev_2118,yes,"YES. Twisting a wrist can cause a fracture or break, especially if done",yes,yes,Correct,1.696
semantic,16,dev_2272,yes,"NO

AstroTurf is a brand name for artificial grass, but not",no,no,Incorrect,1.6932
semantic,16,dev_2338,yes,"NO

Players cannot be registered for both the Europa League and the Champions League simultaneously",no,no,Incorrect,1.6845999999999999
semantic,16,dev_2498,yes,"YES

There have been instances in baseball where two grand slams occurred in the",yes,yes,Correct,1.6952
semantic,16,dev_2509,yes,"YES

The Golden State Warriors came back from a 3-1 deficit to",yes,yes,Correct,1.6116
semantic,16,dev_2917,yes,NO. The Tampa Bay Lightning have not won a Stanley Cup. They reached the,no,no,Incorrect,1.6144
semantic,16,dev_2966,yes,"NO. In the NBA, players generally must be at least 19 years",no,no,Incorrect,1.6222999999999999
semantic,16,dev_2974,yes,"YES. It is possible to run for 24 hours, and such events",yes,yes,Correct,1.6916
semantic,16,dev_3007,yes,"YES

The Tour de France, like other multi-stage cycling races, varies each",yes,yes,Correct,1.6260999999999999
semantic,16,dev_3199,yes,"YES

Club professionals have indeed won the PGA Championship. Notable examples include Billy",yes,yes,Correct,1.6247
semantic,16,dev_0222,no,NO. NCAA and NBA basketballs are not the same size. NBA basketballs,no,no,Correct,1.6870999999999998
semantic,16,dev_0398,no,"NO. In soccer, you cannot score directly from a throw-in. A goal",no,no,Correct,1.6945999999999999
semantic,16,dev_0426,no,"NO. According to the rules of association football, a goalkeeper cannot handle the ball",no,no,Correct,1.6927999999999999
semantic,16,dev_0464,no,NO. The golden goal rule was not used in the 2018,no,no,Correct,1.6896
semantic,16,dev_0563,no,NO. Croatia has not won the FIFA World Cup. They reached the final in,no,no,Correct,1.6852
semantic,16,dev_0658,no,"NO. A walk in baseball does not create a dead ball situation; instead,",no,no,Correct,1.691
semantic,16,dev_1366,no,"NO

The UEFA Champions League trophy is not replaced annually. It is a permanent",no,no,Correct,1.6885999999999999
semantic,16,dev_1471,no,NO. A player cannot be offside during a throw-in. The offside,no,no,Correct,1.6997
semantic,16,dev_1558,no,NO,no,no,Correct,1.6211
semantic,16,dev_1580,no,NO,no,no,Correct,1.6887999999999999
semantic,16,dev_2401,no,NO. A batsman cannot be run out if a no-ball is called.,no,no,Correct,1.6985999999999999
semantic,16,dev_2436,no,NO. The current world record for the men's mile run is significantly faster than,no,no,Correct,1.6863
semantic,16,dev_3224,no,"NO. In Major League Baseball (MLB), if a game is tied at",no,no,Correct,1.6103
semantic,16,dev_0022,yes,"NO. A spark plug ignites the fuel-air mixture in the combustion chamber,",no,no,Incorrect,1.6878
semantic,16,dev_0132,yes,YES,yes,yes,Correct,1.6958
semantic,16,dev_0268,yes,YES. An AGM (Absorbent Glass Mat) battery is a type,yes,yes,Correct,1.693
semantic,16,dev_0646,yes,"YES

Multithreading can still be useful on a single processor because it allows",yes,yes,Correct,1.6839000000000002
semantic,16,dev_0697,yes,"NO

Google Drive offers free storage with some limitations, and you can purchase additional",no,no,Incorrect,1.6863
semantic,16,dev_0935,yes,YES,yes,yes,Correct,1.6852
semantic,16,dev_1159,yes,NO. High-level languages typically use compilers or interpreters to generate machine code or,no,no,Incorrect,1.6855
semantic,16,dev_1376,yes,YES. A database can contain multiple tables to organize and manage different types of data,yes,yes,Correct,1.6253
semantic,16,dev_1646,yes,NO. Cast-iron pans are not ferromagnetic and therefore cannot be used,no,no,Incorrect,1.6198
semantic,16,dev_1869,yes,YES,yes,yes,Correct,1.684
semantic,16,dev_2397,yes,"YES

Cell phone jammers are devices designed to block cellular signals, making them",yes,yes,Correct,1.6862000000000001
semantic,16,dev_0512,no,NO,no,no,Correct,1.6884000000000001
semantic,16,dev_1524,no,NO,no,no,Correct,1.6925999999999999
semantic,16,dev_1675,no,NO.,no,no,Correct,1.6855
semantic,16,dev_1723,no,"NO

Regular incandescent bulbs are not designed for use in 3-way",no,no,Correct,1.6962000000000002
semantic,16,dev_2027,no,"NO

HD DVD and Blu-ray were competing formats in the high-definition optical disc",no,no,Correct,1.6839000000000002
semantic,16,dev_2104,no,"NO

The original PlayStation 2 does not have built-in internet capabilities. You",no,no,Correct,1.6830999999999998
semantic,16,dev_2262,no,"NO. WordPad is a basic text editor included with Windows operating systems, while",no,no,Correct,1.6896
semantic,16,dev_2431,no,"NO. In a tree data structure, each node can have multiple children, but",no,no,Correct,1.6947999999999999
semantic,16,dev_2524,no,NO. The iPhone SE and iPhone 5 are different models. The iPhone SE,no,no,Correct,3.0275
semantic,16,dev_3057,no,NO. Windows Subsystem for Linux (WSL) is not a full virtual,no,no,Correct,1.6836
semantic,16,dev_3167,no,NO. Gear oil and motor oil are not the same. While both are lubric,no,no,Correct,1.6959000000000002
