scaffold,L,boolq_id,gold,reply,first_token,pred_label,acc_type,timing_s
underspecified,16,dev_0023,yes,NO. A cape and a cloak are similar in that they both cover the upper,no,no,Incorrect,3.7248
underspecified,16,dev_0039,no,"NO

Carbon and hydrogen typically form nonpolar covalent bonds because they",no,no,Correct,2.4751
underspecified,16,dev_0055,no,NO. Wisconsin has never won the Little League World Series. The state has not,no,no,Correct,2.3969
underspecified,16,dev_0059,no,"NO. ""The Five Heartbeats"" is a fictional R&B quartet",no,no,Correct,2.4869
underspecified,16,dev_0068,no,"NO. In most countries, including the United States, it is illegal to impose",no,no,Correct,2.4818000000000002
underspecified,16,dev_0087,yes,NO. The myth that a frog will jump out of boiling water if it is,no,no,Incorrect,2.3907
underspecified,16,dev_0107,no,"NO

In Australia, gambling winnings are generally not subject to income tax. However",no,no,Correct,2.3808000000000002
underspecified,16,dev_0120,yes,NO.,no,no,Incorrect,2.3618
underspecified,16,dev_0138,no,"NO

In the United States, the minimum drinking age is统一格式：",no,no,Correct,2.3931999999999998
underspecified,16,dev_0151,no,NO. Numbers do not look the same in all languages. Different cultures and languages,no,no,Correct,2.3748
underspecified,16,dev_0163,yes,"NO

The square root of 2 is an irrational number, which means it",no,no,Incorrect,2.3886
underspecified,16,dev_0165,no,"NO

Dragon fruit and pitaya are essentially the same thing. Pitaya is",no,no,Correct,3.8146
underspecified,16,dev_0207,no,NO. France and the UK are generally in different time zones. The UK is,no,no,Correct,2.382
underspecified,16,dev_0210,no,"NO. The Three Little Pigs is a folk tale, not a nursery rhyme",no,no,Correct,2.4769
underspecified,16,dev_0221,no,"YES. Markup languages are designed to describe and structure data, often using tags to",yes,yes,Incorrect,2.3888000000000003
underspecified,16,dev_0229,yes,NO. All UK National Insurance numbers do not have a letter at the end.,no,no,Incorrect,2.3803
underspecified,16,dev_0237,no,"NO

Both terms refer to the same type of engine. A 2-cycle",no,no,Correct,2.3895
underspecified,16,dev_0243,no,"NO

St. Louis, Missouri does not have a large Chinatown like some",no,no,Correct,2.4709
underspecified,16,dev_0248,yes,"NO. The cheetah is the fastest land animal, capable of reaching speeds",no,no,Incorrect,2.3882
underspecified,16,dev_0249,yes,"NO. Queen ants do not give birth to queen ants directly. Instead, they",no,no,Incorrect,2.4823000000000004
underspecified,16,dev_0251,yes,"NO

Each sister chromatid contains the same amount of DNA as a chromosome.",no,no,Incorrect,2.3725
underspecified,16,dev_0257,yes,"NO

Glass windows do not typically break on their own due to spontaneous failure.",no,no,Incorrect,2.4884
underspecified,16,dev_0270,no,"NO. In the United States, the legal drinking age is uniformly set at",no,no,Correct,2.5833000000000004
underspecified,16,dev_0287,yes,NO. You cannot call a fair catch on a kickoff. A fair catch is,no,no,Incorrect,2.5725
underspecified,16,dev_0295,no,"NO

Doves and pigeons are essentially the same group of birds; the",no,no,Correct,2.5751999999999997
underspecified,16,dev_0298,yes,NO. Sheet metal gauge and wire gauge refer to different systems used to describe the,no,no,Incorrect,2.4894000000000003
underspecified,16,dev_0312,no,"NO. Adjectives can come before a noun, but they don't always have",no,no,Correct,2.4634
underspecified,16,dev_0316,yes,NO. The internal intercostal muscles primarily contract during expiration to assist in exp,no,no,Incorrect,2.5772
underspecified,16,dev_0318,yes,NO. An Ace-2-3-4-5 is a straight flush,no,no,Incorrect,2.5747
underspecified,16,dev_0321,yes,"NO

A filibuster can delay or prevent a vote on a Supreme Court nominee",no,no,Incorrect,2.5966
underspecified,16,dev_0333,yes,NO. The .22 Magnum (often abbreviated as .22 Mag.),no,no,Incorrect,2.5776
underspecified,16,dev_0336,no,"NO

Muay Thai and Thai boxing are essentially the same thing. Muay",no,no,Correct,2.4766
underspecified,16,dev_0343,yes,"NO. The executive branch includes not only the President but also various departments, agencies",no,no,Incorrect,2.4815
underspecified,16,dev_0352,no,"NO. In soccer, you cannot score directly from a throw-in. A goal",no,no,Correct,2.5814
underspecified,16,dev_0355,no,NO. Father's Day is not the same day every year. It is celebrated,no,no,Correct,2.5795
underspecified,16,dev_0364,no,"NO

In cricket, a wicket-keeper is not strictly required for the",no,no,Correct,2.5770999999999997
underspecified,16,dev_0366,no,"YES

The structure that separates the abdominal cavity and the pelvic cavity is the pelvic",yes,yes,Incorrect,2.4797
underspecified,16,dev_0406,no,NO. A California roll typically does not contain fish. It usually consists of ingredients,no,no,Correct,2.5624000000000002
underspecified,16,dev_0428,no,NO. Peroxide is a class of compounds that contain an oxygen-oxygen,no,no,Correct,2.5715
underspecified,16,dev_0429,yes,"NO

Flax oil and linseed oil are derived from the same plant (",no,no,Incorrect,2.5730999999999997
underspecified,16,dev_0430,yes,NO. The Banaue Rice Terraces are not one of the 7,no,no,Incorrect,2.5734
underspecified,16,dev_0436,no,"YES

While ""broken heart"" is often used metaphorically to describe emotional pain",yes,yes,Incorrect,2.6517
underspecified,16,dev_0441,no,NO. Shrimp with lobster sauce typically contains shrimp and a sauce that may be,no,no,Correct,2.4575
underspecified,16,dev_0442,yes,NO. Lead dust is not typically absorbed through the eyes. Inhalation and ingestion,no,no,Incorrect,2.5776
underspecified,16,dev_0479,no,"YES. There are miniature pig breeds, such as the African Pygmy Pig",yes,yes,Incorrect,2.5761999999999996
underspecified,16,dev_0481,no,"NO. New York City has five boroughs: Manhattan, Brooklyn, Queens,",no,no,Correct,2.4707
underspecified,16,dev_0482,no,"NO

Bumblebees do not typically die after stinging someone, unlike",no,no,Correct,2.59
underspecified,16,dev_0487,no,NO. You cannot grow banana trees from a banana. Banana trees produce new plants,no,no,Correct,2.4754
underspecified,16,dev_0504,yes,"NO

Friction tape and electrical tape, while both types of adhesive tape,",no,no,Incorrect,3.7753
underspecified,16,dev_0509,no,"NO. The AR-15 is primarily used by civilian gun owners, law",no,no,Correct,3.8265
underspecified,16,dev_0532,no,"YES

It is possible to connect the",yes,yes,Incorrect,3.8809
underspecified,16,dev_0534,no,"YES

The National Guard units in the United States typically remain within the country unless",yes,yes,Incorrect,3.9473000000000003
underspecified,16,dev_0536,yes,"NO

Thanos does not appear in the first ""Guardians of the Galaxy",no,no,Incorrect,2.4144
underspecified,16,dev_0537,no,"YES

In the UK, you can receive a verbal warning or a caution from",yes,yes,Incorrect,2.5695
underspecified,16,dev_0546,yes,NO. The College of William & Mary is not part of the Ivy League.,no,no,Incorrect,2.4731
underspecified,16,dev_0560,no,I don't know. The University of Tampa does not currently have a football team,i,idk,IDK,2.4766999999999997
underspecified,16,dev_0568,no,NO,no,no,Correct,2.468
underspecified,16,dev_0569,no,"YES. The NBA salary cap is a ""hard cap,"" meaning that teams are",yes,yes,Incorrect,2.4651
underspecified,16,dev_0588,yes,NO,no,no,Incorrect,2.5633000000000004
underspecified,16,dev_0594,no,NO. Bee stingers are barbed and typically remain in the skin after a,no,no,Correct,2.5789
underspecified,16,dev_0596,no,NO. C# and Visual C# are related but distinct concepts. C#,no,no,Correct,1.7345
underspecified,16,dev_0598,yes,NO. The Vice President does not serve as the head of the Senate. The,no,no,Incorrect,1.8172000000000001
underspecified,16,dev_0612,yes,"NO. Popcorn is made from a specific type of corn called dent corn,",no,no,Incorrect,3.148
underspecified,16,dev_0617,yes,"NO

France and England have both participated in the FIFA World Cup multiple times.",no,no,Incorrect,1.7254
underspecified,16,dev_0662,yes,NO. LensCrafters and Pearle Vision were once separate companies but have been,no,no,Incorrect,1.7364000000000002
underspecified,16,dev_0678,no,NO. Washing a child's mouth with soap is not safe and can cause irritation,no,no,Correct,1.8031
underspecified,16,dev_0696,no,NO. New Hampshire does not have a mandatory seat belt law for adults. Pass,no,no,Correct,1.8042
underspecified,16,dev_0711,yes,NO,no,no,Incorrect,1.8075999999999999
underspecified,16,dev_0718,yes,"NO. Chicago is the third-largest city in the United States by population, behind",no,no,Incorrect,1.8203
underspecified,16,dev_0724,no,"NO
The novel ""Along Came a Spider"" by James Patterson does not have",no,no,Correct,1.8053
underspecified,16,dev_0731,no,NO. Traditional egg drop soup does not contain raw egg; it typically uses cooked,no,no,Correct,1.8064
underspecified,16,dev_0737,no,NO. A Cornish game hen is not a baby chicken; it is a,no,no,Correct,1.812
underspecified,16,dev_0754,yes,"NO

World at War and Black Ops are separate Call of Duty franchise entries.",no,no,Incorrect,1.7372999999999998
underspecified,16,dev_0759,no,"NO

North and South Korea share a common historical language, Korean. However,",no,no,Correct,1.7423
underspecified,16,dev_0764,yes,NO. Sampling error and standard deviation are related but distinct concepts in statistics. Sampling,no,no,Incorrect,1.7325
underspecified,16,dev_0782,yes,NO. AC Milan and Inter Milan do not share a stadium. AC Milan plays,no,no,Incorrect,1.8012000000000001
underspecified,16,dev_0817,no,"YES. In Deadpool 2, there is a post-credit scene featuring a",yes,yes,Incorrect,1.7387000000000001
underspecified,16,dev_0829,no,"NO. The Battle of New Orleans was fought on January 8, 1",no,no,Correct,1.7389000000000001
underspecified,16,dev_0832,no,"NO

While it is possible to drive from North America to South America via the",no,no,Correct,1.8025
underspecified,16,dev_0837,yes,NO. Universal healthcare refers to a system where all individuals in a population have access,no,no,Incorrect,1.8028
underspecified,16,dev_0853,no,NO. A Girl Scout cannot be an Eagle Scout because the rank of Eagle Scout,no,no,Correct,1.7329
underspecified,16,dev_0854,no,YES. Elephants are generally not at the top of the food chain. They,yes,yes,Incorrect,3.0822
underspecified,16,dev_0862,no,"NO

In chess, you do not need to say ""check"" out loud",no,no,Correct,1.8080999999999998
underspecified,16,dev_0871,yes,NO. While English is widely spoken and is one of the most widely learned languages,no,no,Incorrect,1.7385
underspecified,16,dev_0916,yes,NO. The Ryman Auditorium and the Grand Ole Opry are two distinct,no,no,Incorrect,1.8024
underspecified,16,dev_0922,yes,"NO

Passport cards are not valid for air travel to Canada. A traditional",no,no,Incorrect,1.7255999999999998
underspecified,16,dev_0933,no,"NO

The cremaster muscle is not in the spermatic cord. The crem",no,no,Correct,1.7386
underspecified,16,dev_0934,yes,"NO

Pokémon: Let's Go is part of the Pokémon franchise but is",no,no,Incorrect,1.7201
underspecified,16,dev_0940,yes,"NO

Passport cards are not valid for air travel within the United States.",no,no,Incorrect,1.7354
underspecified,16,dev_0944,no,NO. Greece and Rome were not around at the same time. Ancient Greece flour,no,no,Correct,1.7381
underspecified,16,dev_0952,yes,NO. Merrill Lynch was a financial services company that was acquired by Bank of America,no,no,Incorrect,1.7394
underspecified,16,dev_0958,yes,"NO

The eyes are part of the sensory system, specifically the visual system,",no,no,Incorrect,1.7386
underspecified,16,dev_0981,no,NO. Pyruvic acid and pyruvate are closely related but not,no,no,Correct,3.1543
underspecified,16,dev_0991,yes,"NO

In England, there is no longer a requirement to pay a television license",no,no,Incorrect,1.7289
underspecified,16,dev_0994,yes,NO. A green screen typically uses a green background to facilitate chroma keying,no,no,Incorrect,1.7344000000000002
underspecified,16,dev_0996,no,"NO. The town of Radiator Springs is a fictional town from the movie """,no,no,Correct,1.8114000000000001
underspecified,16,dev_1006,no,"NO. In many places, there are provisions to assist voters who may not be",no,no,Correct,1.7330999999999999
underspecified,16,dev_1011,no,"YES

The World Cup trophy is officially named the ""Jules Rimet Trophy",yes,yes,Incorrect,1.8026
underspecified,16,dev_1022,yes,"NO

Enterprise value (EV) is a measure of a company's total value",no,no,Incorrect,1.8048
underspecified,16,dev_1049,no,NO. A red panda (Ailurus fulgens) is not related to,no,no,Correct,1.8052000000000001
underspecified,16,dev_1062,yes,"NO. A wheel and axle is one of the six classic simple machines, but",no,no,Incorrect,1.8032000000000001
underspecified,16,dev_1075,yes,"NO. Not all NHL ice rinks are exactly the same size, but they",no,no,Incorrect,1.7366
underspecified,16,dev_1102,no,"NO

Sweating and perspiring are essentially the same processes. Both terms",no,no,Correct,1.7341
underspecified,16,dev_1110,yes,"NO. The NBA draft consists of multiple rounds, typically ranging from 32",no,no,Incorrect,1.7368
underspecified,16,dev_1112,no,"NO

Nuclear power and nuclear energy are related but distinct concepts. Nuclear energy",no,no,Correct,1.805
underspecified,16,dev_1113,yes,"NO

Ball pythons and royal pythons are two distinct subspecies",no,no,Incorrect,1.8031
underspecified,16,dev_1121,no,NO. There was no world war before World War I. The major conflict before,no,no,Correct,1.7362
underspecified,16,dev_1133,no,"YES

The Crew 2 does have a storyline that follows the characters and events",yes,yes,Incorrect,1.8072000000000001
underspecified,16,dev_1138,yes,"NO. Anaerobic respiration does not involve an electron transport chain, which",no,no,Incorrect,1.8127
underspecified,16,dev_1146,yes,NO. A penalty charge notice and a fixed penalty are similar in that they both,no,no,Incorrect,1.8046
underspecified,16,dev_1155,yes,NO. The GMC Sierra and Chevrolet Silverado are sister trucks produced by General Motors,no,no,Incorrect,1.7324000000000002
underspecified,16,dev_1175,no,"YES

Michigan was admitted to the Union as the 26th state on",yes,yes,Incorrect,3.2177
underspecified,16,dev_1178,no,NO. No Major League Baseball (MLB) team has gone undefeated in a,no,no,Correct,1.7415
underspecified,16,dev_1183,yes,NO. Pork loin ribs and baby back ribs come from different parts of the pig,no,no,Incorrect,1.8011
underspecified,16,dev_1196,no,"NO

In India, a person cannot hold dual citizenship by birth or by choice",no,no,Correct,1.8022
underspecified,16,dev_1204,yes,NO. The Eye of Agamotto is a magical artifact in the Marvel Universe,no,no,Incorrect,1.806
underspecified,16,dev_1205,no,NO. You cannot take out the king in chess. The king is a piece,no,no,Correct,1.8032000000000001
underspecified,16,dev_1209,yes,"YES

It is theoretically possible to turn lead into gold through nuclear transmutation,",yes,yes,Correct,1.801
underspecified,16,dev_1227,no,"NO. 

1 is not considered a prime number, and therefore it is not",no,no,Correct,1.8025
underspecified,16,dev_1229,no,"NO. The fruit orange is named after the color, not the other way around",no,no,Correct,1.742
underspecified,16,dev_1230,yes,NO. A double eagle is the same as a score of -2 on a,no,no,Incorrect,1.8072000000000001
underspecified,16,dev_1235,no,"YES

A birth certificate is commonly accepted as a form of identification, especially for",yes,yes,Incorrect,1.738
underspecified,16,dev_1239,yes,NO. A CPAP (Continuous Positive Airway Pressure) machine is used to,no,no,Incorrect,1.8075999999999999
underspecified,16,dev_1241,no,"NO

Period 6 of the periodic table includes elements from groups 1 through",no,no,Correct,1.8052000000000001
underspecified,16,dev_1250,yes,"YES

The micropyle is a small opening in the seed coat that serves",yes,yes,Correct,1.7395
underspecified,16,dev_1256,yes,NO. The 1906 San Francisco earthquake did not generate a significant,no,no,Incorrect,1.8025
underspecified,16,dev_1261,no,NO,no,no,Correct,1.7304000000000002
underspecified,16,dev_1267,no,"YES

Better Call Saul is a prequel series to Breaking Bad, set before",yes,yes,Incorrect,1.809
underspecified,16,dev_1271,no,"NO

In the United States, the minimum legal drinking age is uniformly 2",no,no,Correct,1.7401
underspecified,16,dev_1283,yes,"NO

Lock nuts and stop nuts serve similar purposes but have distinct features and applications",no,no,Incorrect,1.7375999999999998
underspecified,16,dev_1285,no,NO. No woman has ever won the Indianapolis 500. The race,no,no,Correct,1.7222
underspecified,16,dev_1286,no,"NO

Lightning bugs and fireflies refer to the same group of insects,",no,no,Correct,1.8067
underspecified,16,dev_1294,yes,NO. A terminating decimal can be written as a fraction with a denominator that is,no,no,Incorrect,1.7319
underspecified,16,dev_1296,yes,"NO

PlayStation 2 games do not play on PlayStation 4. The",no,no,Incorrect,1.742
underspecified,16,dev_1303,no,NO. You do not have to touch the ball to be offside in soccer,no,no,Correct,1.8029000000000002
underspecified,16,dev_1307,yes,"NO. In football (soccer), you cannot score directly from a kickoff.",no,no,Incorrect,1.8046
underspecified,16,dev_1311,yes,NO. The crankshaft pulley and harmonic balancer are not the same thing,no,no,Incorrect,1.7426
underspecified,16,dev_1316,yes,NO. The Gateway Arch in St. Louis is not a national park. It,no,no,Incorrect,1.8083
underspecified,16,dev_1317,no,"NO

Planetary nebulae are formed from the ejected atmospheres of low",no,no,Correct,1.8071
underspecified,16,dev_1333,yes,"NO. A Dame is an honorific title specifically for women, while a Knight",no,no,Incorrect,1.8140999999999998
underspecified,16,dev_1336,yes,"NO

Nerves are part of the peripheral nervous system, not the central nervous",no,no,Incorrect,1.8107
underspecified,16,dev_1345,no,"NO

Confidentiality agreements and non-disclosure agreements (NDAs) are",no,no,Correct,3.0935
underspecified,16,dev_1359,no,NO,no,no,Correct,1.7377
underspecified,16,dev_1370,yes,NO. A-2-3-4-5 is not a straight.,no,no,Incorrect,1.7389000000000001
underspecified,16,dev_1371,no,"NO. The Rafflesia flower is the largest known flowering plant, but it",no,no,Correct,1.7328
underspecified,16,dev_1372,yes,"NO

A kilowatt-hour (kWh) is a unit of energy",no,no,Incorrect,1.8075999999999999
underspecified,16,dev_1382,no,NO. A catcher must have possession of the ball or be in the act of,no,no,Correct,1.804
underspecified,16,dev_1406,no,"NO

The Postmaster General is typically appointed by the President of the United States",no,no,Correct,1.7367000000000001
underspecified,16,dev_1408,yes,"NO. According to baseball rules, if a batted ball is caught in flight",no,no,Incorrect,1.8049000000000002
underspecified,16,dev_1413,yes,NO. Brazil has never won the World Cup in Europe. Their five titles were,no,no,Incorrect,1.808
underspecified,16,dev_1419,yes,NO. There is no Las Vegas in New Mexico. The city of Las Vegas,no,no,Incorrect,1.7349
underspecified,16,dev_1420,yes,"NO

While ""4x4"" and ""four-wheel drive"" (4",no,no,Incorrect,1.8149000000000002
underspecified,16,dev_1423,no,"NO. ""Take Me Home, Country Roads"" is about West Virginia, not",no,no,Correct,1.7295
underspecified,16,dev_1424,no,"NO. Hawaii is located in a tropical region, so temperatures generally remain warm throughout",no,no,Correct,1.7403
underspecified,16,dev_1436,no,NO. Equity in your home is generally not considered a liquid asset because it cannot,no,no,Correct,1.7435
underspecified,16,dev_1438,yes,"YES

All of the United Kingdom is generally in the same time zone, which",yes,yes,Correct,1.7375999999999998
underspecified,16,dev_1452,no,"NO

A neurotransmitter cannot be both excitatory and inhibitory; however,",no,no,Correct,1.819
underspecified,16,dev_1455,yes,"NO. The abdomen is a region of the body, typically defined as the part",no,no,Incorrect,1.8117
underspecified,16,dev_1464,no,"NO. Sweet potatoes belong to the Convolvulaceae family, while",no,no,Correct,1.8060999999999998
underspecified,16,dev_1467,yes,"YES

In the UK, a grade D at A-level is generally considered a",yes,yes,Correct,1.7364000000000002
underspecified,16,dev_1473,yes,YES. A sailboat can travel faster than the wind through the use of techniques,yes,yes,Correct,1.8094000000000001
underspecified,16,dev_1489,yes,"NO. While ABBA is central to the Mamma Mia! franchise, """,no,no,Incorrect,1.7435
underspecified,16,dev_1498,yes,NO. The Nobel Peace Prize is not awarded every single year. There have been,no,no,Incorrect,1.8088
underspecified,16,dev_1508,no,"NO. While accidents do occur during the Tour de France, there have been no",no,no,Correct,1.7395999999999998
underspecified,16,dev_1515,no,"NO

There is no single law that requires individuals to pay federal income taxes,",no,no,Correct,1.825
underspecified,16,dev_1517,yes,"NO

Hydraulic fluid and brake fluid serve different purposes and have different properties.",no,no,Incorrect,1.7428
underspecified,16,dev_1528,yes,"NO. A J.D. (Juris Doctor) is a professional degree,",no,no,Incorrect,1.6895
underspecified,16,dev_1533,no,"NO. The July 27, 2018, lunar eclipse",no,no,Correct,1.809
underspecified,16,dev_1534,no,"NO. According to the official rules of baseball, a player is not allowed to",no,no,Correct,1.8088
underspecified,16,dev_1546,yes,"NO

Passport cards are not accepted for REAL ID purposes. The REAL ID",no,no,Incorrect,1.7423
underspecified,16,dev_1552,yes,"NO

The poly(A) tail is typically added to mRNA molecules after transcription has",no,no,Incorrect,1.7382
underspecified,16,dev_1557,no,NO. New York State abolished the death penalty in 2019.,no,no,Correct,1.7435
underspecified,16,dev_1563,no,NO. The Big Dipper is a well-known asterism (a recognizable pattern,no,no,Correct,1.8057999999999998
underspecified,16,dev_1627,no,NO. The esophagus is behind the heart in the thoracic cavity.,no,no,Correct,1.8091
underspecified,16,dev_1632,yes,"NO

The World Health Organization (WHO) is a specialized agency of the United",no,no,Incorrect,1.7427000000000001
underspecified,16,dev_1650,yes,"NO. Taking a stop sign without permission is generally not illegal, but it could",no,no,Incorrect,1.7443
underspecified,16,dev_1655,no,"YES

Soy sauce and soya sauce are essentially the same product. The",yes,yes,Incorrect,1.8142
underspecified,16,dev_1658,yes,NO. The Nazca Lines are large geoglyphs in the desert of,no,no,Incorrect,1.7450999999999999
underspecified,16,dev_1659,yes,"NO

An undergraduate degree and a bachelor’s degree are essentially the same thing.",no,no,Incorrect,1.7434
underspecified,16,dev_1673,yes,"NO

Grizzly bears (Ursus arctos horribilis",no,no,Incorrect,1.8083
underspecified,16,dev_1680,no,"NO

Picking your nose can potentially damage the nasal passages and the olfactory",no,no,Correct,1.8092000000000001
underspecified,16,dev_1687,no,"NO

Warrant officers are not part of the U.S. Air Force;",no,no,Correct,1.8083
underspecified,16,dev_1698,no,NO. Fullmetal Alchemist: Brotherhood is a reboot and not a direct continuation,no,no,Correct,1.8091
underspecified,16,dev_1707,yes,"NO. A PLC (Public Limited Company) is a type of limited company,",no,no,Incorrect,1.8115999999999999
underspecified,16,dev_1727,yes,NO. A digital audio cable and an optical audio cable are not the same.,no,no,Incorrect,1.7409000000000001
underspecified,16,dev_1736,no,"NO

The magnitude of a physical quantity does not change with a change in the",no,no,Correct,1.8091
underspecified,16,dev_1737,yes,NO. A jump shot cannot be taken on a free throw. Free throws are,no,no,Incorrect,1.7377
underspecified,16,dev_1740,yes,"YES. The medullary cavity, also known as the bone marrow cavity,",yes,yes,Correct,1.7415
underspecified,16,dev_1743,no,"I don't know. While ""The Last King of Scotland"" attempts to depict",i,idk,IDK,1.7445
underspecified,16,dev_1749,yes,NO. Delhi University and the University of Delhi are the same institution. It is,no,no,Incorrect,1.8064
underspecified,16,dev_1750,no,"NO

Fighting words are not typically considered protected under the freedom of speech in",no,no,Correct,1.807
underspecified,16,dev_1757,yes,NO. The profit and loss statement and income statement refer to the same financial document,no,no,Incorrect,1.7378
underspecified,16,dev_1763,yes,"NO. The House of Representatives is one chamber of Congress, which consists of the",no,no,Incorrect,1.8243
underspecified,16,dev_1775,no,"YES

The NBA playoffs follow a 2-3-2 format, where",yes,yes,Incorrect,1.8086
underspecified,16,dev_1789,no,"YES

The spleen is part of the circulatory system, although it also",yes,yes,Incorrect,3.1151999999999997
underspecified,16,dev_1806,no,"NO. The $1,000 bill was last issued in 1",no,no,Correct,1.8557000000000001
underspecified,16,dev_1814,no,"NO

North American telephone area codes do not start with the digit 1.",no,no,Correct,1.8094000000000001
underspecified,16,dev_1823,yes,NO. The MLB All-Star Game does not determine the World Series home-field advantage,no,no,Incorrect,3.1641
underspecified,16,dev_1832,no,"NO. There is no real town called Garrison, Colorado. The name ""G",no,no,Correct,1.8232000000000002
underspecified,16,dev_1849,yes,"NO. In a RACI chart, one person cannot be both Responsible and",no,no,Incorrect,1.8147
underspecified,16,dev_1851,no,YES,yes,yes,Incorrect,1.7395
underspecified,16,dev_1857,no,NO. Cows can produce milk without giving birth. Milk production in cows is,no,no,Correct,1.744
underspecified,16,dev_1895,yes,"NO. The empty set is not an element of itself. By definition, the",no,no,Incorrect,1.744
underspecified,16,dev_1906,no,NO. College football players do not have to enter the NFL Draft to play professionally,no,no,Correct,1.7432
underspecified,16,dev_1916,yes,"NO

Pokémon: Let's Go, Pikachu! and Let's Go,",no,no,Incorrect,1.7381
underspecified,16,dev_1919,yes,"YES. One element can be transmuted into another through nuclear reactions, such",yes,yes,Correct,1.8095
underspecified,16,dev_1924,yes,NO. A car's serial number is not the same as its VIN. The,no,no,Incorrect,1.7428
underspecified,16,dev_1938,no,"NO. The set that contains the empty set has one element, which is the",no,no,Correct,1.7412
underspecified,16,dev_1948,yes,"NO. A chicken is a general term for any domesticated hen or cock,",no,no,Incorrect,1.8126
underspecified,16,dev_1950,no,"NO. The Gulf of Mexico is considered a marginal sea, which is a large",no,no,Correct,3.1511
underspecified,16,dev_1960,no,NO. The Republic of the Congo and the Democratic Republic of the Congo are two,no,no,Correct,1.7389000000000001
underspecified,16,dev_1977,no,"NO. According to the U.S. Constitution, to be eligible to serve as",no,no,Correct,1.8126
underspecified,16,dev_1995,yes,"NO. Winning the FA Cup qualifies a team for the UEFA Europa League, not",no,no,Incorrect,1.8124
underspecified,16,dev_1997,yes,"NO. The Alphabet Song and Twinkle, Twinkle, Little Star have different",no,no,Incorrect,1.8166
underspecified,16,dev_2009,no,NO,no,no,Correct,1.8172000000000001
underspecified,16,dev_2032,yes,NO. Flies typically do not lay eggs in,no,no,Incorrect,1.8133
underspecified,16,dev_2045,yes,NO. A Supreme Court justice cannot run for President because they are appointed for life,no,no,Incorrect,1.8234000000000001
underspecified,16,dev_2053,no,"NO. In tennis, you do not have to be serving to score. Points",no,no,Correct,1.8099
underspecified,16,dev_2061,no,"YES

You can typically choose who is listed as your next of kin, especially",yes,yes,Incorrect,1.858
underspecified,16,dev_2065,yes,NO. RealFeel is a weather index developed by The Weather Channel that takes into,no,no,Incorrect,1.8085
underspecified,16,dev_2068,yes,NO. Allied Waste and Republic Services are not the same company. Allied Waste was,no,no,Incorrect,1.8202
underspecified,16,dev_2078,no,"NO. Black cumin seed and black seed refer to the same plant, N",no,no,Correct,1.6803
underspecified,16,dev_2079,yes,YES. Eeyore from Winnie-the-Pooh is indeed a don,yes,yes,Correct,1.8163
underspecified,16,dev_2088,no,"NO

While English is the de facto national language and is used in federal courts",no,no,Correct,1.8174000000000001
underspecified,16,dev_2091,no,"NO

In extra innings, a team can win by any margin, including just",no,no,Correct,1.8235
underspecified,16,dev_2094,no,"NO. There is no commercial airport in Fort Walton Beach, Florida. The nearest",no,no,Correct,1.7382
underspecified,16,dev_2095,yes,"NO. Noel Gallagher does not sing ""Don't Look Back in Anger.""",no,no,Incorrect,1.7344000000000002
underspecified,16,dev_2139,no,"NO

You typically need a traditional passport book to travel internationally, not just a",no,no,Correct,1.811
underspecified,16,dev_2166,yes,"NO. Staring at a bright light, such as the sun or a laser",no,no,Incorrect,1.7390999999999999
underspecified,16,dev_2184,no,NO. The U.S. does not currently have active military bases in Saudi Arabia,no,no,Correct,1.8122
underspecified,16,dev_2187,yes,NO. You cannot jump while taking a free throw. The ball must be released,no,no,Incorrect,1.7369
underspecified,16,dev_2192,no,NO. A lieutenant colonel is lower in rank than a colonel.,no,no,Correct,1.8100999999999998
underspecified,16,dev_2196,no,"NO. Red-eared slider turtles typically lay their eggs on land, in soft",no,no,Correct,1.7366
underspecified,16,dev_2199,yes,YES,yes,yes,Correct,1.8057999999999998
underspecified,16,dev_2204,yes,NO. Picking someone up by their hair is not safe and can cause injury,no,no,Incorrect,1.8094000000000001
underspecified,16,dev_2220,no,"NO. In the case of an infield fly, the ball is not considered dead",no,no,Correct,1.8068
underspecified,16,dev_2224,no,NO. A ruby is always red due to its chromium content. A blue gem,no,no,Correct,1.8137
underspecified,16,dev_2232,no,"YES

The Cathedral of Saint Patrick, also known as Christ Church Cathedral, is",yes,yes,Incorrect,1.7424000000000002
underspecified,16,dev_2234,no,"NO

Pokémon: Let's Go, Eevee! is not a",no,no,Correct,1.7352
underspecified,16,dev_2237,no,"NO. The Riviera Maya is located on the Caribbean Sea, not the Gulf",no,no,Correct,1.8095999999999999
underspecified,16,dev_2247,yes,"NO. In New Jersey, it is illegal to purchase or attempt to purchase alcoholic",no,no,Incorrect,1.7454
underspecified,16,dev_2248,yes,NO. Pixel density and resolution are related but not the same thing. Resolution refers,no,no,Incorrect,1.7392
underspecified,16,dev_2266,no,"NO. A Nissan Pathfinder is considered a mid-size SUV, not a full-size",no,no,Correct,1.7435999999999998
underspecified,16,dev_2275,yes,"NO

Counting cards in Las Vegas, or any other location, is not",no,no,Incorrect,1.8134000000000001
underspecified,16,dev_2295,yes,NO. A unanimous vote requires that all those who participate in the vote cast a,no,no,Incorrect,3.0815
underspecified,16,dev_2304,yes,NO. The House of Representatives is part of Congress but is not itself called Congress,no,no,Incorrect,1.8107
underspecified,16,dev_2306,yes,"NO

Doubling your bet on roulette (a strategy known as the Marting",no,no,Incorrect,1.8075999999999999
underspecified,16,dev_2310,no,NO. In-N-Out Burger is not a franchise; it operates as a chain,no,no,Correct,1.8129000000000002
underspecified,16,dev_2315,yes,NO. Centripetal force is the force directed towards the center of a circular,no,no,Incorrect,1.7385
underspecified,16,dev_2323,no,"NO. The film ""Tully"" is not based on a book. It",no,no,Correct,1.739
underspecified,16,dev_2328,no,NO. Corinthian leather is not a real type of leather. It is a,no,no,Correct,1.744
underspecified,16,dev_2350,no,"NO

""Little House on the Prairie"" is a work of historical fiction based",no,no,Correct,1.8145
underspecified,16,dev_2382,yes,NO. The right atrium receives deoxygenated blood from the body through,no,no,Incorrect,1.8195999999999999
underspecified,16,dev_2387,yes,"NO

Northern Ireland has not qualified for the FIFA World Cup finals since 1",no,no,Incorrect,1.811
underspecified,16,dev_2388,no,"NO

In most jurisdictions, once a person has been acquitted or convicted and the",no,no,Correct,1.7408
underspecified,16,dev_2396,yes,NO. Semolina flour and Cream of Wheat are not the same. Semolina,no,no,Incorrect,1.8065
underspecified,16,dev_2408,yes,"NO. Employment termination can include various reasons for ending an employee's job, such",no,no,Incorrect,1.7429000000000001
underspecified,16,dev_2413,no,"YES

The movie ""Stalingrad"" is based on the historical Battle of",yes,yes,Incorrect,1.8074000000000001
underspecified,16,dev_2428,yes,"YES

Peripherally Inserted Central Catheter (PICC) lines can",yes,yes,Correct,1.7419
underspecified,16,dev_2433,no,I don't know. The ability to have a beard in the military can vary,i,idk,IDK,1.7426
underspecified,16,dev_2434,no,"YES

The national anthem of Spain, known as ""La Marcha Real""",yes,yes,Incorrect,1.8124
underspecified,16,dev_2447,no,"NO

According to MLB rules, the team with the best record in the league",no,no,Correct,1.8122
underspecified,16,dev_2473,yes,"NO. Pokémon Gold, Silver, and Crystal are distinct games with their own unique",no,no,Incorrect,1.8119
underspecified,16,dev_2479,no,NO. Hong Kong is not considered part of the Great Firewall of China. The,no,no,Correct,1.7447000000000001
underspecified,16,dev_2504,no,NO. The Strip is not a separate city but a famous stretch of major casino,no,no,Correct,1.7401
underspecified,16,dev_2532,yes,"YES

This refers to the condition known as fetus in fetu, where a",yes,yes,Correct,1.8200999999999998
underspecified,16,dev_2537,no,NO. Social studies and social science are related but distinct fields. Social science involves,no,no,Correct,1.7418
underspecified,16,dev_2538,no,"NO. The film ""War Room"" is not based on a true story.",no,no,Correct,1.7422
underspecified,16,dev_2547,yes,"NO

The .224 and .223 refer to similar cal",no,no,Incorrect,1.813
underspecified,16,dev_2548,no,"NO. The queen bee does not die after stinging. Only worker bees,",no,no,Correct,1.808
underspecified,16,dev_2555,no,NO. Lymphoma is a type of cancer that specifically affects the lymphatic,no,no,Correct,1.818
underspecified,16,dev_2566,no,YES,yes,yes,Incorrect,1.8057
underspecified,16,dev_2572,no,NO,no,no,Correct,1.7458
underspecified,16,dev_2577,no,"YES

In soccer, a kick-off must go forward. The ball must be",yes,yes,Incorrect,1.7405
underspecified,16,dev_2605,yes,NO. The .45 Colt and .45 Long Colt are similar but,no,no,Incorrect,1.8120999999999998
underspecified,16,dev_2614,yes,NO,no,no,Incorrect,1.8079
underspecified,16,dev_2622,no,NO. The 7.62 NATO is a general designation for a family,no,no,Correct,1.8105
underspecified,16,dev_2634,yes,"NO. In 8-ball, players do not have ball-in-hand; instead",no,no,Incorrect,1.7372
underspecified,16,dev_2643,no,"NO

Elements of the periodic table are typically written in lowercase letters. For example",no,no,Correct,1.8133
underspecified,16,dev_2655,yes,NO. Visa Delta is not the same as Visa Debit. Visa Delta refers,no,no,Incorrect,3.151
underspecified,16,dev_2656,yes,NO. Right of abode refers to the absolute right to live in a country,no,no,Incorrect,1.8063
underspecified,16,dev_2690,yes,NO. Parcelforce and Royal Mail are separate postal service providers. While,no,no,Incorrect,1.8113
underspecified,16,dev_2719,no,"NO. Electrons flow in the opposite direction of conventional current, which is defined",no,no,Correct,1.7355
underspecified,16,dev_2727,no,NO. The AR-10 is a variant of the ArmaLite AR,no,no,Correct,1.7287000000000001
underspecified,16,dev_2750,yes,NO. Cows do not need to be pregnant to produce milk. After giving,no,no,Incorrect,1.7418
underspecified,16,dev_2757,yes,"NO. In ""Alice's Adventures in Wonderland,"" by Lewis Carroll, there is",no,no,Incorrect,1.8129000000000002
underspecified,16,dev_2770,yes,YES. The 9 to 5 workday typically represents a standard 4,yes,yes,Correct,1.8124
underspecified,16,dev_2791,yes,NO. The gut is a broader term that refers to the entire tract from the,no,no,Incorrect,1.7443
underspecified,16,dev_2813,yes,"NO

""The Greatest Showman"" is a musical drama film that is not based",no,no,Incorrect,1.8109000000000002
underspecified,16,dev_2821,yes,NO. Nicotine is not classified as a ganglion blocker. Nicotine primarily,no,no,Incorrect,1.8235
underspecified,16,dev_2832,yes,NO. Shea butter is made from the seeds of the shea tree (V,no,no,Incorrect,1.8095999999999999
underspecified,16,dev_2838,no,"NO

The Prince of Tides is a novel by Pat Conroy, published",no,no,Correct,1.8120999999999998
underspecified,16,dev_2853,no,"NO

The language spoken in both North and South Korea is Korean, but there",no,no,Correct,1.7450999999999999
underspecified,16,dev_2870,no,NO. The derivative of a continuous function is not always continuous. A classic counter,no,no,Correct,1.7390999999999999
underspecified,16,dev_2875,yes,NO. Aldi and Trader Joe's are independent retail companies with their own distinct,no,no,Incorrect,1.7443
underspecified,16,dev_2880,no,"NO. The term ""County Court Business Centre"" does not refer to a real",no,no,Correct,1.8083
underspecified,16,dev_2890,no,NO. Non-permanent members of the United Nations Security Council do not have veto,no,no,Correct,1.8062
underspecified,16,dev_2901,yes,NO. Volkswagen AG is the parent company that owns Audi and Porsche. While they,no,no,Incorrect,1.74
underspecified,16,dev_2906,yes,NO. A fidelity bond and crime insurance are related but distinct concepts. A fidelity,no,no,Incorrect,3.0862
underspecified,16,dev_2919,no,"NO

The",no,no,Correct,1.7434
underspecified,16,dev_2931,yes,"NO. In the United States, it is illegal to purchase or consume alcohol under",no,no,Incorrect,1.7448
underspecified,16,dev_2933,no,NO. Commercial aircraft typically avoid flying directly over the North Pole due to the lack,no,no,Correct,1.8066
underspecified,16,dev_2956,yes,NO. A .17 HMR caliber is smaller than a .22,no,no,Incorrect,1.7321
underspecified,16,dev_2959,no,NO. There is no bridge currently connecting Morocco and Spain. The closest points between,no,no,Correct,1.7414
underspecified,16,dev_2967,yes,NO. The sun always rises in the east and sets in the west due to,no,no,Incorrect,1.7446
underspecified,16,dev_2973,no,"NO. There are two movies based on Philip Pullman's ""His Dark Materials",no,no,Correct,1.8094000000000001
underspecified,16,dev_2991,yes,"NO

Casino games are designed with a house edge, which means that over",no,no,Incorrect,3.1519
underspecified,16,dev_3000,yes,NO. Back ribs and baby back ribs are not the same. Baby back ribs,no,no,Incorrect,1.8074000000000001
underspecified,16,dev_3015,yes,NO. Keyless entry allows you to unlock and lock your vehicle without using a,no,no,Incorrect,1.7363
underspecified,16,dev_3027,no,"NO

A Schengen visa is not valid for travel to Ireland; it",no,no,Correct,1.7435
underspecified,16,dev_3029,no,"YES

The United Kingdom left the European Union on January 31,",yes,yes,Incorrect,1.7432
underspecified,16,dev_3035,no,NO. Halo 2 on Xbox 360 does not have achievements.,no,no,Correct,1.8107
underspecified,16,dev_3040,no,NO. A no-insurance ticket is typically considered a non-moving violation because it,no,no,Correct,1.7375999999999998
underspecified,16,dev_3073,no,NO. Top sirloin steak and sirloin steak are related but distinct,no,no,Correct,1.8089000000000002
underspecified,16,dev_3079,yes,NO. Salary expenses are generally considered period costs and are expensed in the period,no,no,Incorrect,1.7332
underspecified,16,dev_3089,yes,NO,no,no,Incorrect,1.8079
underspecified,16,dev_3105,yes,"NO

Connecting a neutral wire directly to ground can create safety hazards, such as",no,no,Incorrect,1.7372999999999998
underspecified,16,dev_3106,yes,"NO

High-rise and high-waisted jeans are similar but not exactly the",no,no,Incorrect,1.7407000000000001
underspecified,16,dev_3107,yes,"NO

Recess appointments to the Supreme Court are not allowed under the U.S",no,no,Incorrect,1.8131
underspecified,16,dev_3122,no,NO. Reese's Pieces do not contain chocolate. They are primarily made of caramel,no,no,Correct,1.8157999999999999
underspecified,16,dev_3143,no,NO. The Republic of Ireland is not part of the Schengen visa area,no,no,Correct,1.8106
underspecified,16,dev_3173,no,NO. A private equity fund is not a financial institution. It is typically a,no,no,Correct,1.7381
underspecified,16,dev_3183,no,NO. The winner of the British Open gets to keep the Claret Jug temporarily,no,no,Correct,1.7425
underspecified,16,dev_3187,yes,YES,yes,yes,Correct,1.7424000000000002
underspecified,16,dev_3204,no,"NO

The fundus of the gallbladder is located at the upper part",no,no,Correct,1.7434
underspecified,16,dev_3212,yes,"NO

A physical address typically refers to a hardware address, and in the context",no,no,Incorrect,3.0570999999999997
underspecified,16,dev_3221,no,"NO

Peeing in pool water does not typically cause a significant color change",no,no,Correct,1.8146
underspecified,16,dev_3231,yes,NO. The standard error and standard deviation are related but distinct statistical measures. The,no,no,Incorrect,1.7395
underspecified,16,dev_3232,yes,NO. Corn starch and corn flour are related but have distinct differences. Corn starch,no,no,Incorrect,1.7404000000000002
underspecified,16,dev_3238,yes,"NO

The non-striker cannot be run out by the bowler.",no,no,Incorrect,1.8083
underspecified,16,dev_3239,yes,NO. The Conn Smythe Trophy is awarded to the most valuable player of the,no,no,Incorrect,1.8064
underspecified,16,dev_3241,yes,NO. Romania was not part of the Austro-Hungarian Empire. Romania,no,no,Incorrect,1.7435999999999998
underspecified,16,dev_3242,yes,"YES
Ruby and Sapphire are individual gemstone varieties of the mineral corundum",yes,yes,Correct,1.8089000000000002
underspecified,16,dev_0031,yes,"NO. In the Marvel Comics universe, Deadpool does not have any confirmed children.",no,no,Incorrect,1.7415
underspecified,16,dev_0148,yes,"NO. In J.R.R. Tolkien's ""The Lord of the Rings,""",no,no,Incorrect,1.7417
underspecified,16,dev_0178,yes,"NO. ""Eye of the Tiger"" was not written specifically for the Rocky film",no,no,Incorrect,1.7419
underspecified,16,dev_0410,yes,"YES. ""Revenge of the Mummy"" is a roller coaster located at",yes,yes,Correct,1.8089000000000002
underspecified,16,dev_0419,yes,"NO. Eric Clapton did not play on ""While My Guitar Gently",no,no,Incorrect,1.8063
underspecified,16,dev_0448,yes,"YES

Jefferson Airplane is indeed in the Rock and Roll Hall of Fame",yes,yes,Correct,1.8100999999999998
underspecified,16,dev_0224,no,"NO. ""The Outsiders"" by S.E. Hinton is a fictional",no,no,Correct,1.8082
underspecified,16,dev_0317,no,"NO. Perfect pitch, also known as absolute pitch, is a rare ability where",no,no,Correct,1.8069000000000002
underspecified,16,dev_0368,no,"NO. ""The Color Purple"" is a novel written by Alice Walker, published",no,no,Correct,1.8074000000000001
underspecified,16,dev_0507,no,"NO

""Brain on Fire"" is a memoir written by Susannah Cahalan",no,no,Correct,1.8132000000000001
underspecified,16,dev_0603,no,NO,no,no,Correct,1.7407000000000001
underspecified,16,dev_0938,no,"NO. ""House of the Rising Sun"" is a folk song that tells a",no,no,Correct,3.1892
underspecified,16,dev_0076,yes,YES. Female ferrets (jills) that do not mate and become pregnant,yes,yes,Correct,1.7437
underspecified,16,dev_0459,yes,"NO. During gene transcription, only one of the two DNA strands is transcribed",no,no,Incorrect,1.7444000000000002
underspecified,16,dev_0502,yes,"NO

Kingsnakes are not immune to rattlesnake venom.",no,no,Incorrect,1.813
underspecified,16,dev_0580,yes,"NO. Female and male blue jays generally look similar, with both sexes having",no,no,Incorrect,1.8115999999999999
underspecified,16,dev_1089,yes,NO. Removing venom glands from a snake is a complex and dangerous procedure that requires,no,no,Incorrect,1.7419
underspecified,16,dev_1153,yes,NO,no,no,Incorrect,1.8064
underspecified,16,dev_1315,yes,NO. Ion-dipole interactions are generally stronger than hydrogen bonds because ions have,no,no,Incorrect,1.8129000000000002
underspecified,16,dev_1482,yes,NO. Muscle fibers and muscle cells are related but distinct terms. Muscle fibers refer,no,no,Incorrect,1.7347000000000001
underspecified,16,dev_1568,yes,"NO. While vultures and buzzards are both large birds of prey,",no,no,Incorrect,1.8079
underspecified,16,dev_1968,yes,NO. While turtles and tortoises are both types of reptiles within the,no,no,Incorrect,1.8129000000000002
underspecified,16,dev_2223,yes,"NO

While there isn't a jellyfish species that lives forever, some species",no,no,Incorrect,1.7414
underspecified,16,dev_2420,yes,"NO

The term ""rain crow"" is not the name of a specific bird",no,no,Incorrect,1.8095
underspecified,16,dev_2882,yes,NO. Redback spiders (Latrodectus hasseltii) are not,no,no,Incorrect,1.8206
underspecified,16,dev_2899,yes,"NO

Dalmatians are born with few spots and their coat pattern typically",no,no,Incorrect,1.743
underspecified,16,dev_2910,yes,NO. Taro root and elephant ears are related but distinct plants. Taro,no,no,Incorrect,1.7402
underspecified,16,dev_0713,no,NO. A cow does not have to be pregnant to lactate. Cows,no,no,Correct,1.741
underspecified,16,dev_0816,no,"NO

The spinal cord is typically shorter than the vertebral column. The spinal",no,no,Correct,1.7399
underspecified,16,dev_0911,no,NO. The ring finger does not connect to the heart. There is no anatom,no,no,Correct,1.8184
underspecified,16,dev_0997,no,NO. Surgical spirit and rubbing alcohol are similar but not exactly the same. Surgical,no,no,Correct,1.8157
underspecified,16,dev_1258,no,"NO. The umbilical cord is outside the amniotic sac, connecting",no,no,Correct,1.8165
underspecified,16,dev_1422,no,"NO. Root hairs typically occur on the surface of the root, specifically on the",no,no,Correct,1.7415999999999998
underspecified,16,dev_2120,no,"NO

Dalmatians are born with a smooth, unspotted coat",no,no,Correct,1.8103
underspecified,16,dev_2353,no,NO. Bees and hornets have different types of venom. Bee venom primarily,no,no,Correct,1.8200999999999998
underspecified,16,dev_2441,no,NO. Identical twins (monozygotic twins) develop from a single,no,no,Correct,1.7447000000000001
underspecified,16,dev_2087,no,"NO

Sperm whales are listed as Vulnerable on the IUCN Red",no,no,Correct,1.8097
underspecified,16,dev_2215,no,"NO. In most cases, the two chromosomes in a pair are not identical.",no,no,Correct,1.7404000000000002
underspecified,16,dev_2503,no,NO. Catbirds and mockingbirds are different species. Catbirds belong to the,no,no,Correct,1.7283
underspecified,16,dev_2652,no,"NO

Not all baby birds have an egg tooth. While many bird species do",no,no,Correct,1.8063
underspecified,16,dev_2850,no,"NO. Not all insect stings involve a stinger. For example, bees",no,no,Correct,1.814
underspecified,16,dev_3062,no,"NO

Black and yellow garden spiders (often referred to as orb-weavers)",no,no,Correct,1.82
underspecified,16,dev_0400,yes,"NO

A profit and loss account is the same as an income statement. Both",no,no,Incorrect,3.1024000000000003
underspecified,16,dev_0432,yes,YES. The Central Bank of India is a nationalized bank in India. It,yes,yes,Correct,1.8075999999999999
underspecified,16,dev_0446,yes,NO. Bi-Mart does not require a membership for shopping. You can purchase items,no,no,Incorrect,1.7428
underspecified,16,dev_0455,yes,"NO. New Indian motorcycles are manufactured in India. The company, formerly known as",no,no,Incorrect,1.743
underspecified,16,dev_0472,yes,NO. Toys R Us and Babies R Us were separate companies that operated under the,no,no,Incorrect,1.8082
underspecified,16,dev_0524,yes,"YES

In-N-Out Burger operates several locations in Nevada, including Las Vegas and",yes,yes,Correct,1.7444000000000002
underspecified,16,dev_0767,yes,"YES. The value of currency can fluctuate based on various economic factors, and",yes,yes,Correct,1.7399
underspecified,16,dev_0875,yes,"NO. In the United States, denominations above $100 are no",no,no,Incorrect,1.7387000000000001
underspecified,16,dev_0950,yes,YES. Poland Spring water comes from a spring. The brand is known for its,yes,yes,Correct,1.8105
underspecified,16,dev_1023,yes,"NO

A mortgage loan originator and a loan officer are similar roles but may",no,no,Incorrect,1.8066
underspecified,16,dev_1171,yes,NO. Money from Guernsey is not legal tender in the UK. Each,no,no,Incorrect,1.7414
underspecified,16,dev_1207,yes,"YES

Buy Buy Baby was acquired by Bed Bath & Beyond in 20",yes,yes,Correct,1.7415999999999998
underspecified,16,dev_1299,yes,"NO. Net earnings and net income are often used interchangeably, but they can",no,no,Incorrect,1.743
underspecified,16,dev_0157,no,NO. Eyeglasses are not made by the same company. They can be,no,no,Correct,1.6998
underspecified,16,dev_0371,no,NO. National and Enterprise are separate companies in the rental car industry. While they,no,no,Correct,1.7382
underspecified,16,dev_0621,no,"NO. Getting cash back typically does not cost money directly, but there may be",no,no,Correct,1.741
underspecified,16,dev_0699,no,NO. Walmart is generally considered the largest grocer in the world. Aldi,no,no,Correct,1.8071
underspecified,16,dev_0954,no,"NO

As of now, there are no plans to remove £2 coins from",no,no,Correct,1.7423
underspecified,16,dev_1050,no,NO. White Castle is not only on the East Coast. It has locations throughout,no,no,Correct,1.7450999999999999
underspecified,16,dev_1208,no,NO. Sam’s Club is primarily located in the United States and does not have,no,no,Correct,3.1107
underspecified,16,dev_1257,no,NO. Home Bargains and Quality Save are two different retail brands. While they,no,no,Correct,1.7390999999999999
underspecified,16,dev_1805,no,"NO

$10,000 bills were issued by the United States",no,no,Correct,1.8214000000000001
underspecified,16,dev_1876,no,"I don't know. Montgomery Ward was a well-known retail company, but its",i,idk,IDK,1.8092000000000001
underspecified,16,dev_2290,no,NO. GDP per capita and per capita income are related but not the same.,no,no,Correct,1.7387000000000001
underspecified,16,dev_2444,no,"NO. Land tax and property tax are not the same, although they are related",no,no,Correct,1.8071
underspecified,16,dev_0250,yes,"NO

Father's Day is not a public holiday in the Netherlands, although many",no,no,Incorrect,1.7425
underspecified,16,dev_0337,yes,I don't know. The status of the King's Birthday as a public holiday,i,idk,IDK,1.7424000000000002
underspecified,16,dev_0386,yes,NO. Brussels does not have a red light district. While some cities around the,no,no,Incorrect,1.7418
underspecified,16,dev_0591,yes,"NO. Copa Airlines is part of the oneworld alliance, not Star Alliance.",no,no,Incorrect,1.8071
underspecified,16,dev_0746,yes,"NO

June 12 is not a national holiday in the Philippines. The",no,no,Incorrect,1.7299
underspecified,16,dev_0845,yes,NO. New car engines typically do not require a break-in period like older engines,no,no,Incorrect,3.0843000000000003
underspecified,16,dev_0855,yes,NO. Flight paths do not always go over the North Pole. While some flights,no,no,Incorrect,1.7361
underspecified,16,dev_0915,yes,I don't know. Ontario Place is a former entertainment and tourist destination in Toronto,i,idk,IDK,1.8137999999999999
underspecified,16,dev_0945,yes,"NO

Thread seal tape, also known as Teflon tape, is not",no,no,Incorrect,1.7412999999999998
underspecified,16,dev_0021,no,YES,yes,yes,Incorrect,1.7398
underspecified,16,dev_0490,no,NO,no,no,Correct,1.8073
underspecified,16,dev_0581,no,"NO. A peck and a bushel are both units of volume, but",no,no,Correct,1.8111
underspecified,16,dev_0631,no,"NO

Memorial Day is observed on the last Monday in May, and many",no,no,Correct,1.7375999999999998
underspecified,16,dev_0691,no,"NO

If a recipient's address has ""Freepost"" written on it",no,no,Correct,1.7403
underspecified,16,dev_0783,no,NO. The Honda CRF 250 is a 4-stroke,no,no,Correct,1.8086
underspecified,16,dev_0787,no,YES. The BMW 1 Series is available in front-wheel drive (FWD,yes,yes,Incorrect,1.8217
underspecified,16,dev_0825,no,I don't know. The operating hours and days of the Waterloo & City line,i,idk,IDK,1.744
underspecified,16,dev_0885,no,NO. UK citizens do not typically need a visa for Albania. They can enter,no,no,Correct,1.7409000000000001
underspecified,16,dev_0089,yes,"YES

There are movies that have received a 0% rating on Rotten",yes,yes,Correct,1.8129000000000002
underspecified,16,dev_0095,yes,NO. Anne with an anE was not primarily filmed on Prince Edward Island (,no,no,Incorrect,1.7404000000000002
underspecified,16,dev_0211,yes,"NO. In the popular 1990s sitcom ""Murphy Brown",no,no,Incorrect,1.8139
underspecified,16,dev_0238,yes,"NO

Beau Abbott does not die in the film ""A Quiet Place.""",no,no,Incorrect,1.8104
underspecified,16,dev_0252,yes,I don't know. The specific filming locations for the Lizzie McGuire movie,i,idk,IDK,1.8077999999999999
underspecified,16,dev_0256,yes,NO. The,no,no,Incorrect,1.7328
underspecified,16,dev_0266,yes,"I don't know. The outcome of characters in specific films like ""The Book",i,idk,IDK,1.8135
underspecified,16,dev_0310,yes,"NO. 

This question is unrelated to the Reality Television Writers Association (RTWA",no,no,Incorrect,1.7409000000000001
underspecified,16,dev_0359,yes,"NO. In the original format of ""Who Wants to Be a Millionaire?""",no,no,Incorrect,1.8109000000000002
underspecified,16,dev_0422,yes,I don't know. The characters Lucas Scott and Peyton Sawyer are from the TV,i,idk,IDK,1.7379
underspecified,16,dev_0040,no,"NO. There is no official sequel to the movie ""The Golden Compass."" The",no,no,Correct,3.1544
underspecified,16,dev_0080,no,"NO
The original film ""Love Finds a Home"" was a 19",no,no,Correct,1.8127
underspecified,16,dev_0100,no,"NO. In the 2018 film ""The Lost World: Jurassic",no,no,Correct,1.81
underspecified,16,dev_0240,no,"NO

The Walking Dead and Fear the Walking Dead are part of the same broader",no,no,Correct,1.8122
underspecified,16,dev_0247,no,"NO

""Let There Be Light"" is a 1946 documentary",no,no,Correct,1.8167
underspecified,16,dev_0260,no,"NO

The 2014 film ""Mighty Joe Young""",no,no,Correct,1.8075999999999999
underspecified,16,dev_0277,no,NO. Michael Scott and Pam Beesly did not date on The Office.,no,no,Correct,1.812
underspecified,16,dev_0290,no,"NO

Elena Gilbert does not die for good in *The Vampire Diaries",no,no,Correct,1.7405
underspecified,16,dev_0303,no,"NO

Arizona Robbins (Arizona Callie Torres-Waltz) did not die",no,no,Correct,3.1561999999999997
underspecified,16,dev_0231,yes,NO. Penne alla vodka typically does not contain dairy. It usually includes ingredients,no,no,Incorrect,1.8093
underspecified,16,dev_0401,yes,NO. Whole wheat rice and brown rice are not the same. Brown rice refers,no,no,Incorrect,1.8104
underspecified,16,dev_0420,yes,NO. Red velvet cake is not a chocolate cake with red dye. It typically,no,no,Incorrect,1.7441
underspecified,16,dev_0571,yes,NO. Chicken cordon bleu is typically made with ham and melted Swiss cheese,no,no,Incorrect,1.7382
underspecified,16,dev_0583,yes,NO. Pork back ribs and baby back ribs are different cuts of pork. Baby,no,no,Incorrect,1.8055999999999999
underspecified,16,dev_0765,yes,"NO

Salted duck eggs do not need to be cooked before eating, although",no,no,Incorrect,1.7437
underspecified,16,dev_0778,yes,"NO. A cookie sheet and a sheet pan are similar, but a cookie sheet",no,no,Incorrect,1.7385
underspecified,16,dev_0815,yes,NO. Sprite does not contain lemon or lime flavors. It primarily has a citrus,no,no,Incorrect,1.8065
underspecified,16,dev_0073,no,"NO

While blue and pink cotton candy are visually different due to food coloring,",no,no,Correct,1.8079
underspecified,16,dev_0491,no,NO. Picante sauce and taco sauce are similar in that they both have a,no,no,Correct,1.728
underspecified,16,dev_0615,no,"NO

Rice noodles and glass noodles are not the same. Rice noodles are",no,no,Correct,1.7365
underspecified,16,dev_0868,no,"I don't know. While Fruit Roll-Ups are marketed as containing fruit,",i,idk,IDK,1.8085
underspecified,16,dev_0880,no,NO. Thousand Island dressing and French dressing are two different types of condiments.,no,no,Correct,1.7306
underspecified,16,dev_0953,no,NO. Monster energy drinks do not contain alcohol. They are caffeine-based energy drinks,no,no,Correct,1.7408
underspecified,16,dev_0985,no,NO. Long Island Iced Teas do not contain any tea. They are,no,no,Correct,1.8067
underspecified,16,dev_0136,yes,NO. Battlefield 1 primarily focuses on multiplayer modes and does not feature a traditional,no,no,Incorrect,1.8099
underspecified,16,dev_0367,yes,NO. Devil May Cry 5 is not set after Devil May Cry 2,no,no,Incorrect,1.8093
underspecified,16,dev_0618,yes,"YES

The Enhanced Edition of Dying Light: The Following typically includes the original",yes,yes,Correct,1.8102
underspecified,16,dev_0720,yes,"YES

State of Decay does support co-op on Xbox One. You can play",yes,yes,Correct,1.811
underspecified,16,dev_0770,yes,NO. The numbers on a standard roulette wheel add up to 665,no,no,Incorrect,1.8103
underspecified,16,dev_0835,yes,YES,yes,yes,Correct,1.7392
underspecified,16,dev_0896,yes,NO,no,no,Incorrect,3.0859
underspecified,16,dev_0434,no,"NO

Not all Xbox games are compatible with the Xbox One. While many older",no,no,Correct,1.8114000000000001
underspecified,16,dev_0489,no,"NO

While the Far Cry series shares some thematic elements and settings, not all",no,no,Correct,1.8128
underspecified,16,dev_0852,no,NO. Phase 10 is typically designed for 2 to 10,no,no,Correct,1.7415999999999998
underspecified,16,dev_0870,no,"NO. While many paladins in Dungeons & Dragons are Lawful Good,",no,no,Correct,3.1592
underspecified,16,dev_1148,no,NO,no,no,Correct,1.8073
underspecified,16,dev_2595,no,NO,no,no,Correct,1.7428
underspecified,16,dev_0281,yes,I don't know. The presence of tolls on Interstate 70 in,i,idk,IDK,1.7401
underspecified,16,dev_0528,yes,I don't know. The specific location of train stations in Atlantic City may vary,i,idk,IDK,1.8111
underspecified,16,dev_0547,yes,NO. The Battery Tunnel in New York City does not have a toll. It,no,no,Incorrect,1.7427000000000001
underspecified,16,dev_0623,yes,NO,no,no,Incorrect,1.81
underspecified,16,dev_0626,yes,NO. Skyline Drive is not part of the Blue Ridge Parkway. Skyline,no,no,Incorrect,1.8073
underspecified,16,dev_0686,yes,NO. Edinburgh Castle is not built on top of a volcano. The castle is,no,no,Incorrect,1.8075
underspecified,16,dev_0822,yes,"NO. The city of Marble Falls, Texas, is named after Marble Falls on",no,no,Incorrect,1.7435
underspecified,16,dev_1210,yes,I don't know. The question about a specific town under Caesar's Creek is,i,idk,IDK,1.8173
underspecified,16,dev_0374,no,"NO. San Pedro, Laguna is not part of Metro Manila. It is located",no,no,Correct,1.7432
underspecified,16,dev_0900,no,"NO. Fort Walton Beach and Destin are two separate cities in Florida, though",no,no,Correct,1.7442
underspecified,16,dev_0913,no,"NO. There is no real place called ""Porpoise Spit"" in Australia",no,no,Correct,1.7323
underspecified,16,dev_1234,no,"NO

The Gulf Stream is a powerful, warm ocean current found in the Atlantic",no,no,Correct,1.8087
underspecified,16,dev_1360,no,"NO. Lake Hiawatha, NJ, does not contain a natural lake.",no,no,Correct,1.7441
underspecified,16,dev_1544,no,NO. Interstate 30 in Dallas is not a toll road. It is,no,no,Correct,1.7403
underspecified,16,dev_1588,no,NO. Lake George is a natural lake located in New York.,no,no,Correct,1.7417
underspecified,16,dev_0344,yes,"NO. Arsenic is a toxic substance that can cause various health issues,",no,no,Incorrect,1.8079
underspecified,16,dev_0379,yes,I don't know. To determine if New England Baptist Hospital is a teaching hospital,i,idk,IDK,1.7432999999999998
underspecified,16,dev_0474,yes,I don't know. While Women's One A Day is a well-known dietary,i,idk,IDK,1.8119
underspecified,16,dev_0614,yes,"NO

A cold water bath is not as effective as an ice bath for certain",no,no,Incorrect,1.8085
underspecified,16,dev_0655,yes,"NO

A hiatal hernia occurs when part of the stomach pushes up through",no,no,Incorrect,1.7394
underspecified,16,dev_1195,yes,"NO

Blue-ringed octopus bites can be extremely dangerous and potentially fatal.",no,no,Incorrect,1.8255
underspecified,16,dev_1197,yes,NO. An ectopic pregnancy cannot be carried to term because the fertilized egg,no,no,Incorrect,1.8045
underspecified,16,dev_1313,yes,"NO

Relative risk and risk ratio refer to the same concept in epidemiology,",no,no,Incorrect,1.8111
underspecified,16,dev_1564,yes,"NO

PCP (phencyclidine) and ""angel dust"" are",no,no,Incorrect,1.8132000000000001
underspecified,16,dev_0078,no,"NO

The right and left brachiocephalic arteries are not present in",no,no,Correct,1.8095999999999999
underspecified,16,dev_0166,no,"NO

The recommended daily intake of fruits and vegetables varies depending on factors such as",no,no,Correct,1.7415
underspecified,16,dev_0851,no,"YES. Attending a first aid course is part of the chain of survival,",yes,yes,Incorrect,1.8057
underspecified,16,dev_0861,no,"NO. In a junctional rhythm, the P waves are typically absent or un",no,no,Correct,1.7379
underspecified,16,dev_0872,no,NO. A first-degree burn affects only the outer layer of skin (epider,no,no,Correct,1.8054000000000001
underspecified,16,dev_1554,no,"YES. Chronic Lyme disease, also known as post-treatment Lyme disease syndrome (",yes,yes,Incorrect,1.7426
underspecified,16,dev_1719,no,NO. Extended release and sustained release are similar but not exactly the same. Extended,no,no,Correct,1.7421
underspecified,16,dev_1991,no,NO. The ring finger is not connected to the heart. There is no anatom,no,no,Correct,1.7299
underspecified,16,dev_2115,no,I don't know. The health of a sumo wrestler can vary widely depending,i,idk,IDK,1.7362
underspecified,16,dev_0105,yes,"NO. The term ""draft"" as we understand it today—whereby individuals",no,no,Incorrect,1.7415999999999998
underspecified,16,dev_0125,yes,"YES

The Pompeii eruption, which occurred in 79 AD, buried",yes,yes,Correct,1.8206
underspecified,16,dev_0191,yes,"NO. The Tomb of the Unknown Soldier contains unidentified remains, typically of service members",no,no,Incorrect,3.1333
underspecified,16,dev_1292,yes,NO. While it was common for royal families to marry cousins to maintain bloodlines,no,no,Incorrect,1.7432999999999998
underspecified,16,dev_1338,yes,"YES

During the Gulf War, there were instances where oil wells were intentionally set",yes,yes,Correct,1.8105
underspecified,16,dev_0388,no,"NO

Integration was not uniformly applied or enforced in the northern states, although there",no,no,Correct,1.8114000000000001
underspecified,16,dev_0703,no,NO. The exact current location of the Peacock Throne is unknown. It was,no,no,Correct,1.8119
underspecified,16,dev_0833,no,NO. The Edmund Fitzgerald沉船事件中没有发现任何人员遗体。,no,no,Correct,1.8132000000000001
underspecified,16,dev_0874,no,"YES. Despite its reputation as an escape-proof prison, several inmates managed to escape",yes,yes,Incorrect,1.7387000000000001
underspecified,16,dev_1651,no,"I don't know. The current status of tin mines in Cornwall can vary,",i,idk,IDK,1.7352
underspecified,16,dev_0072,yes,"NO. In many jurisdictions, possessing ammunition does not require a Permit to Acquire",no,no,Incorrect,1.7419
underspecified,16,dev_0258,yes,"NO

In Wisconsin, there are specific hours and days when alcohol can be sold",no,no,Incorrect,1.7415
underspecified,16,dev_0286,yes,"YES

An administrative law judge (ALJ) is a real judge who pres",yes,yes,Correct,1.6907
underspecified,16,dev_0348,yes,"NO

In the United Kingdom, it is illegal to keep skunks as pets",no,no,Incorrect,1.8103
underspecified,16,dev_0467,yes,"NO

A certification of birth is a copy of the original birth record that is",no,no,Incorrect,1.7368
underspecified,16,dev_0515,yes,"NO

In most jurisdictions, a restraining order is typically used to protect individuals from",no,no,Incorrect,1.7432
underspecified,16,dev_0562,yes,"NO

Texas concealed carry permits are not currently valid in New Mexico without additional licensing",no,no,Incorrect,1.8167
underspecified,16,dev_0636,yes,"NO

In California, carrying a firearm openly or concealed without a valid permit is",no,no,Incorrect,1.8082
underspecified,16,dev_0740,yes,"NO

There is no fixed time limit for the ratification of an amendment in",no,no,Incorrect,1.807
underspecified,16,dev_0838,yes,"NO. In Quebec, turning right on a red light is generally not permitted unless",no,no,Incorrect,1.7448
underspecified,16,dev_0864,yes,"NO

In Ohio, open carry is generally prohibited unless the individual has a concealed",no,no,Incorrect,1.8075999999999999
underspecified,16,dev_0873,yes,"NO

In most places, a learner's permit allows you to practice driving under",no,no,Incorrect,1.7408
underspecified,16,dev_0901,yes,"NO

In many cases, driving over a median is not illegal, but it",no,no,Incorrect,1.8060999999999998
underspecified,16,dev_0909,yes,"NO

In many jurisdictions, an X is not considered a valid signature unless the",no,no,Incorrect,1.8054000000000001
underspecified,16,dev_1134,yes,NO. New York State is an example of an American jurisdiction that follows a mix,no,no,Incorrect,1.7430999999999999
underspecified,16,dev_0198,no,"NO
New Hampshire has permissive carry laws, meaning that residents do not typically",no,no,Correct,3.1751
underspecified,16,dev_0215,no,I don't know. The hours and operating days for liquor stores can vary by,i,idk,IDK,1.7439
underspecified,16,dev_0223,no,"NO

Recording covers of songs is generally legal, provided you obtain the necessary licenses",no,no,Correct,1.7414
underspecified,16,dev_0234,no,"NO. In the United States, the age of consent varies by state, but",no,no,Correct,1.815
underspecified,16,dev_0272,no,I don't know. The Taconic State Parkway's regulations regarding vehicle types,i,idk,IDK,1.7418
underspecified,16,dev_0453,no,"NO, in most jurisdictions, it is illegal to marry a sibling due to incest",no,no,Correct,1.8097999999999999
underspecified,16,dev_0499,no,"NO

Puerto Rico is a U.S. territory, not a state,",no,no,Correct,1.7385
underspecified,16,dev_0552,no,"NO

Having a phone in prison is generally not allowed due to security and management",no,no,Correct,1.8105
underspecified,16,dev_0680,no,"NO

Trade secrets do not have a fixed time limit and can be protected indefinitely",no,no,Correct,1.7395
underspecified,16,dev_0738,no,NO. Taiwan is not a member of the Paris Convention for the Protection of Industrial,no,no,Correct,1.7361
underspecified,16,dev_0771,no,"NO

Payola is the practice of paying disc jockeys or radio",no,no,Correct,1.806
underspecified,16,dev_0888,no,"NO. I don't know if any specific Supreme Court justices have been removed,",no,no,Correct,3.0708
underspecified,16,dev_1135,no,"NO

A certified copy in the UK is a duplicate of an original document that",no,no,Correct,1.7423
underspecified,16,dev_1188,no,"NO

In the United States, individuals who are dishonorably discharged from the",no,no,Correct,1.8112000000000001
underspecified,16,dev_0339,yes,"NO

As an American, you typically need a passport or a Trusted Traveler",no,no,Incorrect,1.8109000000000002
underspecified,16,dev_0357,yes,I don't know. The requirement to complete the American Community Survey (ACS),i,idk,IDK,1.7437
underspecified,16,dev_0498,yes,NO. The Florida Constitution does not specify a minimum age requirement for legislators. This,no,no,Incorrect,1.7372999999999998
underspecified,16,dev_0620,yes,"NO

The United Nations has not directly intervened in a conflict involving Pakistan in a",no,no,Incorrect,1.7454
underspecified,16,dev_0878,yes,NO. The national government and the federal government are not always the same. In,no,no,Incorrect,1.809
underspecified,16,dev_1864,yes,"YES
The U.S. Marine Corps is a branch of the United States Armed",yes,yes,Correct,3.1709
underspecified,16,dev_2080,yes,"YES. The Coast Guard is part of the Department of Homeland Security, but it",yes,yes,Correct,1.8260999999999998
underspecified,16,dev_2395,yes,"NO. In many countries, including Australia, the Governor-General (or equivalent)",no,no,Incorrect,1.7446
underspecified,16,dev_2639,yes,"NO

Canada is not a member of the",no,no,Incorrect,1.7454
underspecified,16,dev_3155,yes,"NO

Overseas service bars are typically awarded for specific periods of service in",no,no,Incorrect,1.7404000000000002
underspecified,16,dev_3209,yes,"YES. If you attend the Naval Academy, you are in the Navy and will",yes,yes,Correct,1.741
underspecified,16,dev_0209,no,NO. Israel is not part of the European Economic Area (EEA). The,no,no,Correct,1.7432
underspecified,16,dev_0273,no,"NO. Typically, you only pay a toll when entering New York from New Jersey",no,no,Correct,1.8117999999999999
underspecified,16,dev_0404,no,NO,no,no,Correct,1.8151
underspecified,16,dev_0567,no,NO. Romania is not part of the Visa Waiver Program (VWP).,no,no,Correct,1.7402
underspecified,16,dev_0675,no,"NO

Saudi Arabia has not signed the Universal Declaration of",no,no,Correct,1.7426
underspecified,16,dev_1172,no,NO. Turkey is not a member of the European Union. It has been a,no,no,Correct,1.7429000000000001
underspecified,16,dev_1275,no,"NO

State awards are typically not worn by service members on active duty. They",no,no,Correct,1.8095
underspecified,16,dev_1971,no,NO. Bosnia and Herzegovina is not part of the European Union. It,no,no,Correct,1.8154000000000001
underspecified,16,dev_2001,no,"NO. The presidential pardon power applies only to federal crimes, not state crimes.",no,no,Correct,1.8145
underspecified,16,dev_3004,no,"NO. In the United Kingdom, the Right to Buy scheme, which allowed council",no,no,Correct,1.7424000000000002
underspecified,16,dev_3256,no,NO. Not all traffic lights have cameras. The presence of cameras at traffic lights,no,no,Correct,1.7417
underspecified,16,dev_1132,yes,NO. Pink quartz and rose quartz are similar but distinct gemstones. Rose quartz,no,no,Incorrect,1.8124
underspecified,16,dev_1233,yes,"NO

In an adiabatic process, there is no heat exchange with",no,no,Incorrect,1.813
underspecified,16,dev_1511,yes,"NO. The heat index and ""RealFeel"" are related but distinct concepts.",no,no,Incorrect,3.1529000000000003
underspecified,16,dev_1633,yes,"NO

Nail acetone and paint acetone are both forms of acetone",no,no,Incorrect,1.8132000000000001
underspecified,16,dev_2007,yes,NO. Liquefied petroleum gas (LPG) typically refers to a,no,no,Incorrect,1.7439
underspecified,16,dev_2214,yes,NO. Dry water is not a real substance. It's a term used to,no,no,Incorrect,1.7398
underspecified,16,dev_2239,yes,"NO

The speed of sound in a given medium (at a constant temperature)",no,no,Incorrect,1.7421
underspecified,16,dev_2299,yes,"NO

Rain typically requires clouds because clouds are formed when water vapor condenses into",no,no,Incorrect,1.8134000000000001
underspecified,16,dev_2303,yes,"NO. Different forms of life have varying requirements for essential elements, but carbon,",no,no,Incorrect,1.815
underspecified,16,dev_2477,yes,"NO. In many standard definitions, 0 is not included in the set of",no,no,Incorrect,1.7392999999999998
underspecified,16,dev_2993,yes,NO,no,no,Incorrect,1.7319
underspecified,16,dev_3126,yes,NO. An upside-down rainbow is not possible due to the way light is refr,no,no,Incorrect,1.8088
underspecified,16,dev_3188,yes,NO. A turkey vulture and a buzzard are not the same. While,no,no,Incorrect,1.7432
underspecified,16,dev_3193,yes,"YES

The Georgia Aquarium is known to have housed whale sharks. As of my",yes,yes,Correct,1.8115
underspecified,16,dev_3234,yes,NO. A rhombus is a type of quadrilateral where all four sides,no,no,Incorrect,1.7361
underspecified,16,dev_3265,yes,NO. Exoplanetary systems do not generally follow the Titius–Bode,no,no,Incorrect,1.8131
underspecified,16,dev_0001,no,"NO

Ethanol production generally produces more energy than it consumes. While there are",no,no,Correct,1.6934
underspecified,16,dev_0579,no,"NO

While it's a common belief that you can hear the sound of the",no,no,Correct,1.8163
underspecified,16,dev_1003,no,NO. Least squares is a method used in linear regression to estimate the parameters of,no,no,Correct,1.7372
underspecified,16,dev_1483,no,NO. A meter stick is a measuring tool that is 1 meter (approximately,no,no,Correct,1.8055
underspecified,16,dev_1551,no,"NO

Australia is not part of the Ring of Fire. The Ring of Fire",no,no,Correct,1.8217999999999999
underspecified,16,dev_1702,no,NO. Pterodactyl and Pteranodon are related but distinct,no,no,Correct,1.8217
underspecified,16,dev_1925,no,NO. Percent difference and percent change are related but distinct concepts. Percent change measures,no,no,Correct,1.8026
underspecified,16,dev_2025,no,"NO. The load is the object that the lever moves or lifts, while the",no,no,Correct,1.8047
underspecified,16,dev_2312,no,NO. Turpentine and white spirit are similar in that they are both solvent,no,no,Correct,1.8031
underspecified,16,dev_2471,no,"NO

A fixed pulley does not change the mechanical advantage; it remains",no,no,Correct,1.8035
underspecified,16,dev_2521,no,NO. The t-distribution does not have a standard deviation of 1.,no,no,Correct,1.8025
underspecified,16,dev_2782,no,"NO

The hydronium ion (H₃O⁺) and",no,no,Correct,1.8097
underspecified,16,dev_2812,no,NO. The salinity in the ocean generally decreases with depth because deeper waters contain,no,no,Correct,1.7333
underspecified,16,dev_3014,no,"NO

The length of daylight does not vary significantly at the Equator compared to",no,no,Correct,1.6962000000000002
underspecified,16,dev_3034,no,NO. Hydraulic lime and hydrated lime are related but distinct materials. Hydraulic lime sets,no,no,Correct,1.7244000000000002
underspecified,16,dev_3159,no,NO. Chipmunks and ground squirrels are related but distinct species. Chip,no,no,Correct,1.7289
underspecified,16,dev_3190,no,NO. Mahi-mahi and ahi tuna are different fish species. Mah,no,no,Correct,1.8037
underspecified,16,dev_0682,yes,"NO

While both terms are often used interchangeably, a sermon and a hom",no,no,Incorrect,1.8057999999999998
underspecified,16,dev_0735,yes,"YES

In the United States, secondary school and high school are essentially synonymous,",yes,yes,Correct,1.7386
underspecified,16,dev_1505,yes,YES. The University of St. Thomas is a nonprofit institution.,yes,yes,Correct,1.7335999999999998
underspecified,16,dev_1668,yes,"YES

Church of England (Anglican) worshippers often make the sign",yes,yes,Correct,1.8077999999999999
underspecified,16,dev_2373,yes,NO,no,no,Incorrect,1.8087
underspecified,16,dev_2793,yes,NO. Eastern Kentucky University is a Division II school.,no,no,Incorrect,1.7345
underspecified,16,dev_2929,yes,"NO. Child psychology focuses specifically on the psychological aspects of children, while developmental psychology",no,no,Incorrect,1.7370999999999999
underspecified,16,dev_0605,no,NO. BYU (Brigham Young University) does not require applicants to be members,no,no,Correct,3.0801
underspecified,16,dev_0908,no,I don't know. The accreditation status of specific institutions like the American College of,i,idk,IDK,1.7405
underspecified,16,dev_1388,no,NO. The University College London (UCL) is a separate institution from the,no,no,Correct,1.7407000000000001
underspecified,16,dev_1521,no,"NO

Sweden does not pay students directly to attend school. The country has a",no,no,Correct,1.8014000000000001
underspecified,16,dev_2334,no,NO. The Book of Jasher is not part of the canonical Bible. It,no,no,Correct,1.7397
underspecified,16,dev_2641,no,"NO

A double-barrel surname does not have to be hyphenated.",no,no,Correct,1.8097999999999999
underspecified,16,dev_0347,yes,"YES

The Women's College World Series in softball is indeed double-elimination",yes,yes,Correct,1.8063
underspecified,16,dev_0411,yes,"NO

The Washington Commanders (formerly known as the Washington Redskins) do not",no,no,Incorrect,1.8137
underspecified,16,dev_0439,yes,"NO

The Milwaukee Brewers have never won the World Series. They have made several",no,no,Incorrect,3.1551
underspecified,16,dev_0452,yes,"NO

Belgium has not won the FIFA World Cup and has never reached the",no,no,Incorrect,1.8035999999999999
underspecified,16,dev_0585,yes,"NO

In rugby union, there are strict rules about pushing in a scrum",no,no,Incorrect,1.7382
underspecified,16,dev_0656,yes,"YES

Kaká played in the 2002 FIFA World Cup",yes,yes,Correct,1.8015999999999999
underspecified,16,dev_0661,yes,NO. The KSI vs. Logan Paul fight was not a pay-per-view,no,no,Incorrect,1.8035
underspecified,16,dev_0701,yes,YES. The Kentucky Derby is traditionally held on the first Saturday in May and has,yes,yes,Correct,1.7389000000000001
underspecified,16,dev_0704,yes,NO. Wayne Gretzky won four Stanley Cups with the Edmonton Oilers and one,no,no,Incorrect,1.8035
underspecified,16,dev_0752,yes,"NO

Professional soccer does not have a mercy rule. The game continues until the",no,no,Incorrect,1.735
underspecified,16,dev_0848,yes,"NO

In most professional sports leagues, there are specific periods during which teams can",no,no,Incorrect,1.7383
underspecified,16,dev_0883,yes,"NO. In most sports, such as baseball, basketball, and hockey, a",no,no,Incorrect,1.7386
underspecified,16,dev_1143,yes,NO. Dan Marino is not in the Hall of Fame. He was elected to,no,no,Incorrect,1.7347000000000001
underspecified,16,dev_1305,yes,NO. A school cannot be both Division I and Division II; it must choose,no,no,Incorrect,3.0768
underspecified,16,dev_1497,yes,"NO

Alphonse Areola did not play in the 201",no,no,Incorrect,1.8117
underspecified,16,dev_1777,yes,"NO

Away goals do not typically count in league playoffs. League playoffs usually determine",no,no,Incorrect,1.8009000000000002
underspecified,16,dev_2250,yes,"NO

Poland did not qualify for the 2018 FIFA World",no,no,Incorrect,1.8065
underspecified,16,dev_2370,yes,NO. Ireland has not beaten the Australian national rugby union team (the Wallabies,no,no,Incorrect,1.8035999999999999
underspecified,16,dev_0083,no,"NO

At Wimbledon, a tiebreaker is not played in the final set of",no,no,Correct,1.7307000000000001
underspecified,16,dev_0085,no,NO. Deion Sanders never won a World Series. He played for several MLB,no,no,Correct,1.8014000000000001
underspecified,16,dev_0170,no,NO. The Czech Republic has never won the FIFA World Cup. Their best performance,no,no,Correct,1.8043
underspecified,16,dev_0230,no,"NO

In Little League, you cannot run on a dropped third strike. The",no,no,Correct,1.803
underspecified,16,dev_0412,no,"NO

The Miami Dolphins do not have a real dolphin in their stadium. Their",no,no,Correct,1.8068
underspecified,16,dev_0421,no,"NO. Penalty shootout goals do not count towards the Golden Boot award, which is",no,no,Correct,1.738
underspecified,16,dev_0447,no,NO. Panama has never qualified for the FIFA World Cup. The country's best,no,no,Correct,1.8111
underspecified,16,dev_0544,no,I don't know. The information about whether Trinity Forest Golf Club is a public,i,idk,IDK,1.7384000000000002
underspecified,16,dev_0565,no,NO. Walks are not included in the batting average calculation. The batting average,no,no,Correct,1.7369
underspecified,16,dev_0589,no,NO. Goaltending is only called if the ball hits the backboard above,no,no,Correct,1.7338
underspecified,16,dev_0593,no,"NO

Teams do not keep the actual FIFA World Cup trophy after winning it.",no,no,Correct,1.8039
underspecified,16,dev_0859,no,NO. The U.S. Open is not played on the same course every year,no,no,Correct,1.8048
underspecified,16,dev_0865,no,NO. The San Jose Sharks have not won a Stanley Cup. They made it,no,no,Correct,1.737
underspecified,16,dev_1518,no,NO. Not all 2018 World Cup matches were played in Russia,no,no,Correct,1.7364000000000002
underspecified,16,dev_1768,no,NO. England has not won the Women's World Cup. The country's best,no,no,Correct,3.1557
underspecified,16,dev_1779,no,"NO

India did not qualify for the 2018 FIFA World Cup",no,no,Correct,1.8071
underspecified,16,dev_1905,no,"NO

According to the Laws of the Game, a player cannot be offside",no,no,Correct,1.803
underspecified,16,dev_2156,no,"YES

The New York Yankees won the World Series in 2001",yes,yes,Incorrect,1.8051
underspecified,16,dev_2158,no,NO. The Cincinnati Bengals have never won a Super Bowl. Their closest call was,no,no,Correct,1.8054000000000001
underspecified,16,dev_2798,no,NO. The Super Bowl rings are typically awarded to the winning team as a symbol,no,no,Correct,1.7278
underspecified,16,dev_3138,no,"NO. The Olympic gold medal is not made entirely of gold. Traditionally,",no,no,Correct,1.7273
underspecified,16,dev_0307,yes,"NO. 700c tires are designed for road and hybrid bikes,",no,no,Incorrect,1.7322
underspecified,16,dev_0506,yes,"YES. Drywall mud and joint compound refer to the same product, which is",yes,yes,Correct,1.8015
underspecified,16,dev_0641,yes,I don't know. The interchangeability of parts between different firearm models like the,i,idk,IDK,1.7392
underspecified,16,dev_0844,yes,I don't know. While it's possible that Bell and Telus might share,i,idk,IDK,1.7374
underspecified,16,dev_1032,yes,"NO

In Canada, the toll-free prefix is typically 1-80",no,no,Incorrect,3.1515
underspecified,16,dev_1574,yes,NO. Apple Lightning cables do not contain a chip. They use a connector with,no,no,Incorrect,1.7292
underspecified,16,dev_1889,yes,"NO

The Mazda Tribute and Ford Escape are not essentially the same vehicle. They",no,no,Incorrect,1.8025
underspecified,16,dev_2093,yes,NO. Most emergency calling services do not require a SIM card to function. In,no,no,Incorrect,1.8052000000000001
underspecified,16,dev_2213,yes,NO,no,no,Incorrect,1.738
underspecified,16,dev_2735,yes,"NO

Pipelining is a technique used to improve the overall throughput of a",no,no,Incorrect,1.7397
underspecified,16,dev_2836,yes,NO. The F-4 Phantom II was retired from active U.S. military,no,no,Incorrect,1.7383
underspecified,16,dev_0788,no,NO. MiniDV tapes and 8mm tapes are different formats. MiniDV,no,no,Correct,1.805
underspecified,16,dev_0798,no,NO. Area code 669 is not a toll-free number; it,no,no,Correct,1.8097999999999999
underspecified,16,dev_1249,no,"NO. In C++, strings are not inherently null-terminated. However, the",no,no,Correct,1.7268
underspecified,16,dev_1458,no,"NO

Powered speakers typically include an internal amplifier, so they do not require an",no,no,Correct,1.7409000000000001
underspecified,16,dev_1584,no,"YES

GMC offers a version of the Avalanche, which is their full-size",yes,yes,Incorrect,1.7355
underspecified,16,dev_1589,no,NO. A SIM-free phone is not locked to a specific network and can be,no,no,Correct,1.8074000000000001
underspecified,16,dev_1657,no,"NO. The first iPhone, released in 2007, did not",no,no,Correct,1.8046
underspecified,16,dev_1691,no,NO. Response time refers to the amount of time it takes for a pixel on,no,no,Correct,1.7367000000000001
underspecified,16,dev_1943,no,NO,no,no,Correct,1.8034000000000001
underspecified,16,dev_2682,no,"NO. E-ZPass is a brand name for an electronic toll collection system,",no,no,Correct,1.8025
underspecified,16,dev_2712,no,"NO

A23 batteries and N batteries are not the same. A2",no,no,Correct,1.737
underspecified,16,dev_0427,no,"NO. ""The Barber of Seville"" and ""Sweeney Todd"" are",no,no,Correct,1.8033
underspecified,16,dev_0531,no,"NO

While Smaug is a significant and well-known dragon in J.R",no,no,Correct,3.1475999999999997
underspecified,16,dev_1915,no,"NO

""The Hunchback of Notre-Dame"" is a novel written by",no,no,Correct,1.8060999999999998
underspecified,16,dev_1946,no,NO. Snake Eyes and Storm Shadow are two distinct characters in the G.I.,no,no,Correct,1.8120999999999998
underspecified,16,dev_2024,no,NO. The foreword typically comes after the title page and before the main body,no,no,Correct,1.7226
underspecified,16,dev_2265,no,NO. G major and E minor are different keys. G major has a different,no,no,Correct,1.7363
underspecified,16,dev_0004,yes,"YES. ""Harry Potter and the Escape from Gringotts"" at Universal Studios",yes,yes,Correct,1.7405
underspecified,16,dev_0241,yes,"NO. ""All I Want for Christmas Is You"" was written by Bob Cham",no,no,Incorrect,1.7345
underspecified,16,dev_0326,yes,"YES

The Wizarding World of Harry Potter is located in Islands of Adventure in",yes,yes,Correct,1.741
underspecified,16,dev_0525,yes,NO. Queen did not have a number one hit in the United States. While,no,no,Incorrect,1.7279
underspecified,16,dev_0577,yes,"NO

Phil Collins and Peter Gabriel were both members of Genesis, but they did",no,no,Incorrect,1.8052000000000001
underspecified,16,dev_0799,yes,"NO

On Jeopardy!, contestants do not receive the actual cash prize until",no,no,Incorrect,1.8069000000000002
underspecified,16,dev_0142,no,"NO

Denatured alcohol and acetone are not the same thing. Den",no,no,Correct,3.1419
underspecified,16,dev_0494,no,"NO. Fitness in biology refers to an organism's ability to survive and reproduce,",no,no,Correct,1.8055999999999999
underspecified,16,dev_0527,no,NO. HeLa cells are derived from a cervical cancer tumor and have a characteristic,no,no,Correct,1.7349
underspecified,16,dev_0566,no,NO. All bacteria of a single species are not necessarily the exact same shape;,no,no,Correct,1.8124
underspecified,16,dev_0648,no,NO. Evergreen trees do not lose their leaves in the winter. They maintain,no,no,Correct,1.7302
underspecified,16,dev_0668,no,NO. Red-eared sliders are freshwater turtles and do not typically live in the,no,no,Correct,1.8068
underspecified,16,dev_0749,no,"NO. Sensory neurons are part of the peripheral nervous system, not the central",no,no,Correct,1.8092000000000001
underspecified,16,dev_0790,no,"NO

Great white sharks typically inhabit coastal surface waters and do not live at the",no,no,Correct,1.7392
underspecified,16,dev_0867,no,NO. The same genotype does not always result in the same phenotype due to factors,no,no,Correct,1.7369
underspecified,16,dev_0921,no,NO. Whale sharks are generally docile filter feeders and do not pose a,no,no,Correct,1.7405
underspecified,16,dev_1088,no,"NO

Rabbits and cats are different species and cannot produce fertile offspring together",no,no,Correct,1.7383
underspecified,16,dev_1329,no,"NO

There are no bones in the earlobe. The earlobe is composed",no,no,Correct,1.7390999999999999
underspecified,16,dev_1402,no,NO. Tissue is composed of multiple types of cells that work together to perform,no,no,Correct,1.8047
underspecified,16,dev_1428,no,NO,no,no,Correct,1.7392
underspecified,16,dev_1439,no,NO. A groundhog and a mole are different animals. Groundhogs are,no,no,Correct,1.7375999999999998
underspecified,16,dev_0020,yes,YES. Magnesium citrate contains citric acid as one of its components.,yes,yes,Correct,1.7412999999999998
underspecified,16,dev_0027,yes,"NO. Penguins have feathers, but they do not arise from the epidermis",no,no,Incorrect,1.8068
underspecified,16,dev_0047,yes,NO. The turkey vulture (Cathartes aura) is a real,no,no,Incorrect,1.8022
underspecified,16,dev_0070,yes,"NO

T. rex and Tyrannosaurus rex refer to the same dinosaur",no,no,Incorrect,1.8079
underspecified,16,dev_0086,yes,"NO

While ""German Shepherd"" and ""Alsatian"" refer to the",no,no,Incorrect,3.1511
underspecified,16,dev_0121,yes,"NO

St. Bernards and Bernese Mountain Dogs are both breeds of working",no,no,Incorrect,1.8075
underspecified,16,dev_0131,yes,"NO

The latent heat of vaporization generally remains relatively constant over a narrow range",no,no,Incorrect,1.8065
underspecified,16,dev_0147,yes,"NO

The navel and belly button refer to the same anatomical feature,",no,no,Incorrect,1.7407000000000001
underspecified,16,dev_0159,yes,YES,yes,yes,Correct,1.7383
underspecified,16,dev_0190,yes,"YES

Bees die after stinging because the stinger becomes lodged in the",yes,yes,Correct,1.8075
underspecified,16,dev_0195,yes,NO. Alligators do not drown their prey and eat it later. They typically,no,no,Incorrect,1.7377
underspecified,16,dev_0200,yes,"YES. Competitive inhibitors bind to the active site of an enzyme, competing with the",yes,yes,Correct,1.8115
underspecified,16,dev_0214,yes,"NO

Animal cells do have a cell membrane, also known as the plasma membrane",no,no,Incorrect,1.725
underspecified,16,dev_0242,yes,"YES

Both male and female bighorn sheep have horns, although the horns",yes,yes,Correct,1.7359
underspecified,16,dev_0522,yes,"NO

Hornets can sting multiple times, but their stingers are not",no,no,Incorrect,1.8115999999999999
underspecified,16,dev_0033,no,"NO

Federal income tax and Social Security are separate but related components of the U",no,no,Correct,1.8162
underspecified,16,dev_0123,no,"NO. Public limited companies (PLCs) are typically in the public sector,",no,no,Correct,1.7329
underspecified,16,dev_0501,no,NO. Comcast and Time Warner are two separate companies. They may operate in similar,no,no,Correct,1.8085
underspecified,16,dev_0526,no,"NO. Canadian dollars and American dollars are different currencies, each with its own value",no,no,Correct,1.8032000000000001
underspecified,16,dev_1076,no,"NO. While commercial banks are often subject to runs, any financial institution that relies",no,no,Correct,1.8043
underspecified,16,dev_1213,no,NO. Discretionary income and disposable income are related but not the same.,no,no,Correct,1.741
underspecified,16,dev_1654,no,NO. Discouraged workers are not counted in the official unemployment rate. The,no,no,Correct,1.7278
underspecified,16,dev_1753,no,NO. Universal Music Group and Universal Studios are separate entities within the larger NBCUniversal,no,no,Correct,1.8037999999999998
underspecified,16,dev_1825,no,"NO. Each bank in the UK has its own unique sort codes, which are",no,no,Correct,3.0711999999999997
underspecified,16,dev_2911,no,"NO. The United States has a floating exchange rate system, where the value of",no,no,Correct,1.7395999999999998
underspecified,16,dev_2740,no,NO. The Better Business Bureau (BBB) is a non-governmental organization,no,no,Correct,1.7385
underspecified,16,dev_2517,no,NO. The Bank of England is not a private company. It is the central,no,no,Correct,1.7365
underspecified,16,dev_1139,yes,NO. New Mexico does not have a state income tax.,no,no,Incorrect,1.7330999999999999
underspecified,16,dev_0002,yes,NO. House tax and property tax are not the same. Property tax is a,no,no,Incorrect,1.8049000000000002
underspecified,16,dev_0773,yes,"YES

A company can be public without being listed on a stock exchange. This",yes,yes,Correct,1.7329
underspecified,16,dev_1186,yes,"YES. A universal life policy includes cash value, which can be accessed or withdrawn",yes,yes,Correct,1.739
underspecified,16,dev_1302,yes,"YES

Dodge and Jeep vehicles are both manufactured by Stellantis, which",yes,yes,Correct,1.7377
underspecified,16,dev_1349,yes,YES,yes,yes,Correct,1.7332
underspecified,16,dev_1771,yes,NO,no,no,Incorrect,1.7324000000000002
underspecified,16,dev_1804,yes,YES,yes,yes,Correct,3.1532
underspecified,16,dev_1873,yes,"NO. Stop & Shop is owned by Ahold Delhaize, while Giant",no,no,Incorrect,1.8069000000000002
underspecified,16,dev_1963,yes,NO,no,no,Incorrect,1.7410999999999999
underspecified,16,dev_2582,yes,"NO

A profit and loss statement is the same as an income statement. Both",no,no,Incorrect,1.7364000000000002
underspecified,16,dev_2598,yes,"NO

Hellmann's and Best Foods were once separate brands but are now owned",no,no,Incorrect,1.7347000000000001
underspecified,16,dev_3158,yes,"I don't know.

While there is a general understanding that economic development can contribute",i,idk,IDK,1.8025
underspecified,16,dev_0551,no,"NO. An ounce (oz) is a unit of weight, while a fluid",no,no,Correct,1.7392
underspecified,16,dev_1158,no,NO. A crossover is a type of vehicle that combines elements of a car and,no,no,Correct,1.7395
underspecified,16,dev_1364,no,NO. A jet engine is an internal combustion engine. It burns fuel inside the,no,no,Correct,1.7386
underspecified,16,dev_1807,no,NO. The dimensions of 8.5×11 inches (US Letter,no,no,Correct,1.7225
underspecified,16,dev_2542,no,NO. Father's Day is celebrated on the third Sunday in June in many countries,no,no,Correct,1.803
underspecified,16,dev_2562,no,NO. A ribeye steak and a Delmonico steak are similar in that,no,no,Correct,1.739
underspecified,16,dev_3005,no,NO. An English Bull Terrier is not a Pit Bull. The English Bull,no,no,Correct,1.8043
underspecified,16,dev_3194,no,NO. Corn chips and tortilla chips are similar in that they are both popular,no,no,Correct,1.8063
underspecified,16,dev_3195,no,NO. A boarding pass is different from a ticket. A ticket is the document,no,no,Correct,1.8059
underspecified,16,dev_0013,yes,"NO. While it's not ideal, washing your hair with shower gel can be",no,no,Incorrect,1.8028
underspecified,16,dev_0043,yes,NO. There is no single interstate highway that goes directly from the east coast to,no,no,Incorrect,1.8233
underspecified,16,dev_0052,yes,"YES

A hammer can be used as a weapon if it is employed to cause",yes,yes,Correct,1.7370999999999999
underspecified,16,dev_0091,yes,NO,no,no,Incorrect,1.7355999999999998
underspecified,16,dev_0116,yes,YES,yes,yes,Correct,3.0813
underspecified,16,dev_0288,yes,"NO. The UK primarily uses the 12-hour clock system, although the",no,no,Incorrect,1.8115
underspecified,16,dev_0555,yes,"NO. ZIP code is specific to the United States postal system, while postal code",no,no,Incorrect,1.8026
underspecified,16,dev_0627,yes,"NO. The title ""Sir"" is specifically used for male members of the British",no,no,Incorrect,1.802
underspecified,16,dev_0831,yes,NO. A U.S. passport card is not a valid form of travel document,no,no,Incorrect,1.7329
underspecified,16,dev_0721,no,"NO. ""Night of the Living Dead"" is a fictional horror film and not",no,no,Correct,1.733
underspecified,16,dev_0863,no,"NO. ""The Closer"" and ""Major Crimes"" are separate television series",no,no,Correct,1.8102
underspecified,16,dev_1357,no,"NO. ""The View"" and ""The Talk"" are two separate television talk",no,no,Correct,1.8019
underspecified,16,dev_1951,no,"NO

""The Bridge on the River Kwai"" is a fictional story based on",no,no,Correct,1.7383
underspecified,16,dev_2131,no,"NO. Nacho Varga is a character from Breaking Bad, but he does",no,no,Correct,1.7321
underspecified,16,dev_2174,no,NO. Fear the Walking Dead and The Walking Dead are separate but related television series,no,no,Correct,1.8091
underspecified,16,dev_2252,no,"NO. While ""America's Got Talent"" is a U.S.-based show",no,no,Correct,1.8164
underspecified,16,dev_2309,no,NO. Maleficent and the Evil Queen are different characters from different fairy tales,no,no,Correct,1.807
underspecified,16,dev_2364,no,"NO

The Outsiders is a fictional coming-of-age story adapted from S.E",no,no,Correct,1.807
underspecified,16,dev_3075,no,NO. Pulp Fiction is a fictional story and is not based on a true,no,no,Correct,1.7368
underspecified,16,dev_3205,no,"NO. The movie ""Lady Bird"" is not about Lady Bird Johnson. It",no,no,Correct,1.7382
underspecified,16,dev_0015,yes,"YES

""Fantastic Beasts and Where to Find Them"" is indeed a pre",yes,yes,Correct,1.8008
underspecified,16,dev_0153,yes,"YES

There have been multiple adaptations of ""The Handmaid's Tale"" into",yes,yes,Correct,1.8052000000000001
underspecified,16,dev_0161,yes,YES,yes,yes,Correct,1.8046
underspecified,16,dev_0306,yes,NO. Grey's Anatomy is a fictional television show and is not filmed at a,no,no,Incorrect,1.7335
underspecified,16,dev_0334,yes,"YES

""Wrath of the Titans"" is indeed a sequel to ""Cl",yes,yes,Correct,1.8091
underspecified,16,dev_0338,yes,"YES

Fear the Walking Dead and The Walking Dead are related as they are part",yes,yes,Correct,1.8060999999999998
underspecified,16,dev_0493,yes,"NO

""Love Child"" is a television drama series, but it is not",no,no,Incorrect,1.806
underspecified,16,dev_0520,yes,"YES

In the Marvel Cinematic Universe (MCU), ""The Winter Soldier",yes,yes,Correct,1.8117
underspecified,16,dev_0212,no,NO,no,no,Correct,1.8037
underspecified,16,dev_0309,no,NO. Ground coriander and cumin are not the same thing. They,no,no,Correct,1.8085
underspecified,16,dev_0484,no,NO. Salt water taffy does not contain actual salt water. The name,no,no,Correct,1.8077999999999999
underspecified,16,dev_0654,no,NO. Beef short ribs and spare ribs come from different parts of the animal and,no,no,Correct,1.8017999999999998
underspecified,16,dev_0973,no,NO. Salt water taffy is not made with actual ocean water. The,no,no,Correct,1.7312
underspecified,16,dev_1335,no,NO. Cocoa beans and coffee beans are different. Cocoa beans come from the c,no,no,Correct,1.7377
underspecified,16,dev_1443,no,NO. A lungo is a longer and more dilute version of an espresso,no,no,Correct,3.0714
underspecified,16,dev_0284,yes,"NO

Enameled cast iron cookware is designed to be non-reactive",no,no,Incorrect,1.7314
underspecified,16,dev_0330,yes,"NO. The white cover on brie cheese, also known as blooming mold",no,no,Incorrect,1.812
underspecified,16,dev_0443,yes,"NO

Powdered sugar, also known as confectioners' sugar,",no,no,Incorrect,1.7375999999999998
underspecified,16,dev_0975,yes,NO. Wholemeal flour and whole wheat flour are similar but not exactly the same,no,no,Incorrect,1.7379
underspecified,16,dev_1741,yes,"NO

Garbanzo beans and chickpeas are the same thing. They",no,no,Incorrect,1.8034000000000001
underspecified,16,dev_1770,yes,"YES. Pure vanilla extract typically contains alcohol, usually either ethanol or distilled spirits,",yes,yes,Correct,1.8033
underspecified,16,dev_1860,no,NO. Pinot Noir and Pinot Gris are not the same grape variety,no,no,Correct,1.8057999999999998
underspecified,16,dev_1967,yes,"NO

A caffe latte is similar to a latte but typically contains more",no,no,Incorrect,1.7347000000000001
underspecified,16,dev_0236,no,NO. Straights do not have to be the same suit in poker. A,no,no,Correct,1.737
underspecified,16,dev_0741,no,NO. While some games of solitaire can be won depending on the initial deal,no,no,Correct,1.7403
underspecified,16,dev_1440,no,"YES

The Xbox One can play Xbox 360 discs through backward compatibility",yes,yes,Incorrect,1.7388
underspecified,16,dev_2062,no,"NO. A queen can move any number of squares vertically, horizontally, or diagon",no,no,Correct,1.8009000000000002
underspecified,16,dev_2109,no,"NO. Call of Duty: World at War is set during World War II,",no,no,Correct,1.8075
underspecified,16,dev_2137,no,"NO. To win a game of chess, you need to checkmate the opponent",no,no,Correct,1.8032000000000001
underspecified,16,dev_0478,yes,"YES

Call of Duty: Modern Warfare 2 does have a multiplayer mode.",yes,yes,Correct,1.8069000000000002
underspecified,16,dev_0545,yes,NO. Just Cause 3 is primarily an open-world action-adventure game focused,no,no,Incorrect,1.7382
underspecified,16,dev_1125,yes,"YES

Need for Speed games often include story modes, although the presence and complexity",yes,yes,Correct,1.806
underspecified,16,dev_1137,yes,"I don't know. Pokémon Crystal is a Game Boy Advance game, while Pokémon",i,idk,IDK,1.6200999999999999
underspecified,16,dev_1162,yes,NO,no,no,Incorrect,3.1443000000000003
underspecified,16,dev_1177,yes,"YES

Company of Heroes 2 does have a campaign mode that allows players to",yes,yes,Correct,1.8042
underspecified,16,dev_1444,yes,"NO

Original Xbox games do not work on Xbox One without emulation or using compatibility",no,no,Incorrect,1.7392
underspecified,16,dev_0313,no,NO. St. Kitts and Nevis is an independent country and member of,no,no,Correct,1.8065
underspecified,16,dev_0823,no,NO. The Ogallala Aquifer is one of the largest aquifers in,no,no,Correct,1.8089000000000002
underspecified,16,dev_0839,no,NO. West Virginia and Virginia are two separate states in the United States. West,no,no,Correct,1.8243
underspecified,16,dev_1222,no,NO. The Isle of Man is not a part of Great Britain. It is,no,no,Correct,1.8022
underspecified,16,dev_1254,no,NO. Sudan and South Sudan are two separate countries. South Sudan gained independence from,no,no,Correct,1.7399
underspecified,16,dev_1269,no,"NO. The Mississippi River flows into the Gulf of Mexico, not the Pacific Ocean",no,no,Correct,1.7357
underspecified,16,dev_1334,no,NO. Patagonia is not a country; it is a region located in,no,no,Correct,1.7379
underspecified,16,dev_0184,yes,"YES

You can navigate from Lake Michigan to the Atlantic Ocean via the Saint Lawrence",yes,yes,Correct,1.8068
underspecified,16,dev_0322,yes,"NO. The City of Industry is located in Orange County, not Los Angeles County",no,no,Incorrect,1.8069000000000002
underspecified,16,dev_0557,yes,NO. The water in the Amazon River is saltwater in the estuaries,no,no,Incorrect,1.7394
underspecified,16,dev_0573,yes,"YES

You can access the Black Sea from the Mediterranean through the Strait of Gibraltar",yes,yes,Correct,1.8057
underspecified,16,dev_1179,yes,NO,no,no,Incorrect,1.7327000000000001
underspecified,16,dev_0619,yes,NO. The state of Texas is not bigger than Germany. Germany covers an area,no,no,Incorrect,1.8049000000000002
underspecified,16,dev_0650,yes,"NO. New York City consists of five boroughs: Manhattan, Brooklyn, Queens",no,no,Incorrect,1.7372999999999998
underspecified,16,dev_0734,yes,"YES

You can navigate from Lake Erie to Lake Ontario using the Welland Canal",yes,yes,Correct,1.8046
underspecified,16,dev_0061,no,NO. An EMT-Basic is not typically authorized to start intravenous (,no,no,Correct,1.8046
underspecified,16,dev_0124,no,"NO. In the United States, healthcare is not universally free. While there are",no,no,Correct,3.088
underspecified,16,dev_0914,no,NO. Stroke volume and ejection fraction are related but distinct cardiac measures. Stroke,no,no,Correct,1.8044
underspecified,16,dev_0955,no,NO. Mycosis fungoides is not caused by a fungal infection;,no,no,Correct,1.8089000000000002
underspecified,16,dev_1610,no,NO. Soft-tissue damage is a broader term that includes various injuries to tissues,no,no,Correct,1.7377
underspecified,16,dev_1790,no,"NO. The lining of the uterus, known as the endometrium, does",no,no,Correct,1.7357
underspecified,16,dev_2096,no,NO. An X-ray and an MRI are different medical imaging modalities that use,no,no,Correct,1.8048
underspecified,16,dev_2277,no,NO. High dependency units (HDUs) and intensive care units (ICUs,no,no,Correct,1.8060999999999998
underspecified,16,dev_2499,no,NO. A Doctor of Physical Therapy (DPT) is not an MD (,no,no,Correct,1.8095
underspecified,16,dev_1959,yes,"YES

Normal body temperature can vary throughout the day, typically being slightly lower in",yes,yes,Correct,1.7339
underspecified,16,dev_1992,yes,"YES

Rabies can be transmitted from an infected animal to a person through bites",yes,yes,Correct,1.8133
underspecified,16,dev_2047,yes,"NO. Organs in the digestive system, such as the liver, pancreas",no,no,Incorrect,1.8064
underspecified,16,dev_1656,yes,"NO. While the expression ""broken heart"" is common and describes emotional distress,",no,no,Incorrect,1.8035999999999999
underspecified,16,dev_1663,yes,"NO. Turf toe typically refers to an injury of the big toe, where",no,no,Incorrect,1.7382
underspecified,16,dev_1752,yes,"NO

Triamcinolone cream is a corticosteroid used to",no,no,Incorrect,1.8106
underspecified,16,dev_2049,yes,"YES
The common femoral vein is considered a deep vein, located within the",yes,yes,Correct,1.8034000000000001
underspecified,16,dev_2050,yes,"YES

Drug tolerance can indeed be caused by receptor upregulation and downreg",yes,yes,Correct,1.8040999999999998
underspecified,16,dev_1442,yes,"NO

A lipid profile and a lipid panel refer to the same set of tests",no,no,Incorrect,1.7392
underspecified,16,dev_0301,no,"NO

The Berlin Wall and the Berlin Blockade are two different events related to",no,no,Correct,1.8075999999999999
underspecified,16,dev_0480,no,NO. The Articles of Confederation were replaced by the U.S. Constitution in,no,no,Correct,1.8515
underspecified,16,dev_1290,no,NO. Nova Scotia was not part of the 13 original colonies that formed,no,no,Correct,3.1459
underspecified,16,dev_1819,no,NO. The Czech Republic and Czechoslovakia are not the same country.,no,no,Correct,1.8054000000000001
underspecified,16,dev_2206,no,"NO

The Emancipation Proclamation applied only to the states that were in",no,no,Correct,1.8080999999999998
underspecified,16,dev_0376,yes,"YES

William the Conqueror, also known as William II of Normandy",yes,yes,Correct,1.8094000000000001
underspecified,16,dev_0346,yes,"YES

Helicopters were not widely used during the Second World War, but",yes,yes,Correct,1.804
underspecified,16,dev_0363,yes,"YES

A 1971 silver dollar refers to the Silver Certificates",yes,yes,Correct,1.8060999999999998
underspecified,16,dev_0535,yes,NO. Houston has never been the capital of Texas. The capital of Texas has,no,no,Incorrect,1.8055
underspecified,16,dev_0629,yes,"YES

The 13th Amendment to the United States Constitution abolished slavery and",yes,yes,Correct,1.8039
underspecified,16,dev_0179,no,NO. U.S. courts of appeals do not have original jurisdiction. They have,no,no,Correct,3.1451
underspecified,16,dev_0402,no,"NO. In the United Kingdom, polygamous marriages are not recognized under current",no,no,Correct,1.7392999999999998
underspecified,16,dev_0513,no,NO. A purchase price alone is generally not considered sufficient proof of part performance in,no,no,Correct,1.7272
underspecified,16,dev_0606,no,NO. Escaping from prison is illegal in Germany and is considered a serious offense,no,no,Correct,1.74
underspecified,16,dev_0630,no,"NO. An ""honorable discharge"" is a specific type of discharge that indicates",no,no,Correct,1.8063
underspecified,16,dev_0795,no,"NO

Driving laws vary from state to state in many countries, including the United",no,no,Correct,1.7385
underspecified,16,dev_1457,no,NO. The Civil Rights Act is not part of the U.S. Constitution.,no,no,Correct,1.8029000000000002
underspecified,16,dev_1776,no,"NO

An Employment Authorization Document (EAD) allows a person to work in",no,no,Correct,1.8208
underspecified,16,dev_1862,no,"NO

The FCC's equal-time rule primarily applies to radio and television broadcasters,",no,no,Correct,1.7343
underspecified,16,dev_1911,no,NO. There is no mandatory retirement age for U.S. Supreme Court justices.,no,no,Correct,1.8189000000000002
underspecified,16,dev_2755,no,"NO. In most jurisdictions, becoming an attorney requires passing the bar exam to demonstrate",no,no,Correct,1.8024
underspecified,16,dev_2756,no,"NO. The Bill of Rights, consisting of the first ten amendments to the United",no,no,Correct,1.805
underspecified,16,dev_2921,no,"NO

Property tax and council tax are different types of taxes. Property tax is",no,no,Correct,1.8066
underspecified,16,dev_2972,no,NO. Commercial law and corporate law are related but distinct areas of law. Commercial,no,no,Correct,1.6925999999999999
underspecified,16,dev_0009,yes,"NO

In most cases, you can drive in Canada with a valid U.S",no,no,Incorrect,1.7375999999999998
underspecified,16,dev_0038,yes,"NO

Recording a cover of a song typically requires obtaining a mechanical license and sometimes",no,no,Incorrect,1.7367000000000001
underspecified,16,dev_0129,yes,"NO

In Florida, you cannot sell a gun privately without a Federal Firearms License",no,no,Incorrect,1.8042
underspecified,16,dev_0202,yes,"NO

Breaking and entering into a car is generally considered a misdemeanor, not a",no,no,Incorrect,1.7374
underspecified,16,dev_0308,yes,"NO

In many countries, it is generally illegal for minors to possess alcohol,",no,no,Incorrect,1.7406
underspecified,16,dev_0584,yes,YES. The First Amendment is one of the original ten amendments in the Bill of,yes,yes,Correct,3.149
underspecified,16,dev_0644,yes,"It depends on the jurisdiction. In many places, pulling over for an ambulance is",it,other,NC,1.8062
underspecified,16,dev_0653,yes,YES. The Family Medical Leave Act (FMLA) is a federal law in,yes,yes,Correct,1.818
underspecified,16,dev_0671,yes,"NO

As of now, Kansas does not have the death penalty. The state",no,no,Incorrect,1.7402
underspecified,16,dev_0757,yes,"YES

Stealing a street sign can be considered vandalism or theft, which are",yes,yes,Correct,1.8057999999999998
underspecified,16,dev_1059,yes,"NO

The Supreme Court can review and potentially invalidate an executive order if it determines",no,no,Incorrect,1.7404000000000002
underspecified,16,dev_1067,yes,"YES

The Preamble is indeed a part of the Indian Constitution. It is",yes,yes,Correct,1.8040999999999998
underspecified,16,dev_1097,yes,"YES

In Canada, you have the right to remain silent and the right to",yes,yes,Correct,1.7273
underspecified,16,dev_1131,yes,NO. Illinois does not have a stand your ground law. The state follows a,no,no,Incorrect,1.8073
underspecified,16,dev_1324,yes,NO. A flask can be considered an open container if it contains an open alcoholic,no,no,Incorrect,1.7372999999999998
underspecified,16,dev_0305,no,"NO

Language is not the only criterion for classifying states in India. While",no,no,Correct,1.8089000000000002
underspecified,16,dev_0465,no,NO. The National Guard is not part of the Coast Guard. The National Guard,no,no,Correct,1.8217
underspecified,16,dev_0508,no,"NO. According to the United States Constitution, specifically the 22nd Amendment",no,no,Correct,1.8033
underspecified,16,dev_0518,no,NO. The Justice Department is part of the executive branch. It is responsible for,no,no,Correct,1.8059
underspecified,16,dev_0572,no,NO. A legislator is a broader term that can refer to members of various,no,no,Correct,1.7410999999999999
underspecified,16,dev_0898,no,"NO

In Canada, only Canadian citizens are eligible to vote in federal elections and",no,no,Correct,1.8045
underspecified,16,dev_1154,no,NO. The number of justices on the Supreme Court has changed over time. The,no,no,Correct,1.8080999999999998
underspecified,16,dev_1221,no,"NO

Filibusters are primarily associated with the Senate, where they can be",no,no,Correct,1.7403
underspecified,16,dev_1244,no,NO. Canada and Australia are not part of the UK. They are independent countries,no,no,Correct,1.8049000000000002
underspecified,16,dev_1245,no,NO. Turkey is not a member of the European Economic Area (EEA).,no,no,Correct,3.0853
underspecified,16,dev_1273,no,NO,no,no,Correct,1.8131
underspecified,16,dev_0647,yes,"NO. Not every nation-state has a national government. For example, some territories",no,no,Incorrect,1.8029000000000002
underspecified,16,dev_0254,yes,"YES. The Vice President of the United States is the President of the Senate,",yes,yes,Correct,1.8165
underspecified,16,dev_0486,yes,YES. The United States Postal Service (USPS) is an independent agency within,yes,yes,Correct,1.7383
underspecified,16,dev_0736,yes,"NO. The World Bank is not directly affiliated with the United Nations, although both",no,no,Incorrect,1.7390999999999999
underspecified,16,dev_0814,yes,NO. The Air Force primarily focuses on aerial warfare and does not typically include ground,no,no,Incorrect,1.8033
underspecified,16,dev_1477,yes,YES,yes,yes,Correct,1.7284000000000002
underspecified,16,dev_1721,yes,"NO. The United States does not have official military bases in the UK, although",no,no,Incorrect,1.8068
underspecified,16,dev_1786,yes,"YES

New York City still has rent control and rent stabilization programs in place for",yes,yes,Correct,1.8084
underspecified,16,dev_1970,yes,YES,yes,yes,Correct,1.8162
underspecified,16,dev_1985,yes,"YES

The United States Supreme Court has recognized a constitutional right to privacy, although",yes,yes,Correct,1.8034000000000001
underspecified,16,dev_2448,no,"NO

Puerto Rico does not have the right to vote in presidential elections.",no,no,Correct,1.8157
underspecified,16,dev_0066,yes,"NO. In a triangle, it's possible to have at most one right or",no,no,Incorrect,1.7347000000000001
underspecified,16,dev_0088,yes,"NO

According to Einstein's famous equation \( E = mc^2 \),",no,no,Incorrect,1.7386
underspecified,16,dev_0196,yes,"NO

While T. rex skulls have indeed been found, I can confirm that",no,no,Incorrect,1.8099
underspecified,16,dev_0262,yes,YES. A real image can be projected onto a screen when it is formed by,yes,yes,Correct,1.7388
underspecified,16,dev_0271,yes,"NO

An outcome variable and a dependent variable are similar but not exactly the same",no,no,Incorrect,1.7321
underspecified,16,dev_0329,yes,YES. The Sun orbits around the Milky Way galaxy.,yes,yes,Correct,1.8046
underspecified,16,dev_0331,yes,YES. A wheel and axle is considered one of the six classical simple machines.,yes,yes,Correct,3.073
underspecified,16,dev_0387,yes,"NO

Density is a characteristic property of a material that depends on the type of",no,no,Incorrect,1.7394
underspecified,16,dev_0418,yes,"NO

Thunder and lightning typically occur with warm, moist air and the presence of",no,no,Incorrect,1.8117
underspecified,16,dev_0616,yes,"NO

Bicarbonate of soda and baking soda are the same thing. Both",no,no,Incorrect,1.8075999999999999
underspecified,16,dev_0638,yes,YES. All rhombuses have two pairs of parallel sides.,yes,yes,Correct,1.7359
underspecified,16,dev_0657,yes,NO. Yield stress and yield strength are related but distinct concepts in materials science.,no,no,Incorrect,1.7337
underspecified,16,dev_0692,yes,"NO

Hydrometers are typically used to measure the specific gravity or density",no,no,Incorrect,1.8028
underspecified,16,dev_0744,yes,"YES

A polynomial can indeed have a square root of a variable. For example",yes,yes,Correct,1.8024
underspecified,16,dev_0797,yes,"YES

Average velocity has both magnitude and direction, making it a vector quantity.",yes,yes,Correct,1.7355999999999998
underspecified,16,dev_0842,yes,"YES

Diffraction is a well-known effect in sound waves, where they bend",yes,yes,Correct,1.7332
underspecified,16,dev_1379,yes,"NO. Talc is a mineral, while talcum powder is a product made",no,no,Incorrect,1.7379
underspecified,16,dev_0126,no,"NO. According to our current understanding of physics, particularly Einstein's theory of rel",no,no,Correct,1.8043
underspecified,16,dev_0342,no,NO. The speed of sound varies depending on the material through which it travels.,no,no,Correct,1.7395
underspecified,16,dev_0437,no,"NO. The lunar phases are not synchronized with the seasons, so a full moon",no,no,Correct,1.8103
underspecified,16,dev_0553,no,"NO. In a parallelogram, opposite angles are equal, but adjacent angles",no,no,Correct,1.7346
underspecified,16,dev_0652,no,NO. The square root of 3 is an irrational number.,no,no,Correct,1.8062
underspecified,16,dev_0708,no,NO. Negative numbers cannot be perfect squares because perfect squares are obtained by multiplying a,no,no,Correct,1.8049000000000002
underspecified,16,dev_1083,no,NO. Carbon-14 dating is not suitable for live animals as it requires,no,no,Correct,1.8028
underspecified,16,dev_1142,no,"NO

Quantum entanglement does not allow for faster-than-light communication of",no,no,Correct,1.8092000000000001
underspecified,16,dev_1354,no,"NO. The depth of the water table varies depending on factors such as precipitation,",no,no,Correct,3.081
underspecified,16,dev_1460,no,NO. A single-subject research design is most suitable for studies involving small sample,no,no,Correct,1.8063
underspecified,16,dev_1468,no,NO. Sodium lactate and lactic acid are related compounds but are not the,no,no,Correct,1.7378
underspecified,16,dev_1559,no,"NO. 

The function \(\log x\) typically refers to the logarithm",no,no,Correct,1.7352
underspecified,16,dev_1595,no,NO. Reverse osmosis water and deionized water are similar in that,no,no,Correct,1.8103
underspecified,16,dev_1643,no,"NO

Static pressure and atmospheric pressure are related but distinct concepts. Static pressure is",no,no,Correct,1.7390999999999999
underspecified,16,dev_1692,no,"NO. Atmospheric pressure varies depending on location, altitude, weather conditions, and other",no,no,Correct,1.7395999999999998
underspecified,16,dev_1726,no,NO. The vagus nerve is part of the peripheral nervous system (PNS,no,no,Correct,1.8114000000000001
underspecified,16,dev_0008,yes,"NO. In standard English orthography, the letter Q is always followed by the",no,no,Incorrect,1.8066
underspecified,16,dev_0323,yes,"NO

The Song of Solomon and Song of Songs are the same book in the",no,no,Incorrect,1.7379
underspecified,16,dev_0794,yes,"YES

Erving Goffman is associated with the dramaturgical model",yes,yes,Correct,1.8125
underspecified,16,dev_0866,yes,"NO

In English, the letter ""Q"" is almost always followed by the",no,no,Incorrect,1.8035
underspecified,16,dev_0910,yes,YES. The Dewey Decimal System is still in use by many libraries around the,yes,yes,Correct,1.7327000000000001
underspecified,16,dev_0992,yes,"NO

In many educational systems, students in elementary school are not typically held back",no,no,Incorrect,1.8095999999999999
underspecified,16,dev_1446,yes,NO. The Church of England and the Anglican Church are related but distinct.,no,no,Incorrect,1.8165
underspecified,16,dev_0294,no,NO. Australian Sign Language (Auslan) and American Sign Language (ASL,no,no,Correct,1.7439
underspecified,16,dev_0521,no,"NO. The word ""kangaroo"" does not mean ""I don't",no,no,Correct,1.7422
underspecified,16,dev_0943,no,"NO. The Book of Deuteronomy is in the Old Testament, not the",no,no,Correct,1.7421
underspecified,16,dev_1887,no,"NO

The Persian and Arabic alphabets are similar but not the same.",no,no,Correct,1.7442
underspecified,16,dev_2892,no,NO. Scottish Gaelic and Irish Gaelic are closely related but distinct languages within,no,no,Correct,3.1566
underspecified,16,dev_2691,no,"NO
King's College London is an independent university located in London, England.",no,no,Correct,1.8059
underspecified,16,dev_0065,yes,"YES

The 1980 U.S. Olympic hockey team, also",yes,yes,Correct,1.741
underspecified,16,dev_0245,yes,"NO. In American football, a player cannot pass the ball more than once in",no,no,Incorrect,1.7412
underspecified,16,dev_0315,yes,"YES, you can play soccer on a football field, but keep in mind that",yes,yes,Correct,1.7401
underspecified,16,dev_0361,yes,"NO

Chewing tobacco is not banned in Major League Baseball, but its use",no,no,Incorrect,1.7418
underspecified,16,dev_0550,yes,"NO. In professional baseball, if a game is tied at the end of the",no,no,Incorrect,1.8129000000000002
underspecified,16,dev_0595,yes,"NO

The Ivy League does not have a basketball tournament. The conference does not",no,no,Incorrect,1.7450999999999999
underspecified,16,dev_0966,yes,NO. The round of 16 in the World Cup is part of a,no,no,Incorrect,1.7412999999999998
underspecified,16,dev_1078,yes,"NO

All 32 current National Hockey League (NHL) teams have",no,no,Incorrect,1.741
underspecified,16,dev_1224,yes,NO. A rugby field is generally longer than a football (soccer) field,no,no,Incorrect,1.8082
underspecified,16,dev_1251,yes,"NO. Croatia has not won the World Cup, but they have performed well in",no,no,Incorrect,1.8079
underspecified,16,dev_1260,yes,I don't know. The suitability of Nike Air Force 1s for basketball,i,idk,IDK,1.8063
underspecified,16,dev_1278,yes,"NO

Cal Ripken Jr. was inducted into the Baseball Hall of Fame",no,no,Incorrect,1.8127
underspecified,16,dev_1462,yes,"NO

The FIFA World Cup typically does not have a formal opening ceremony like some",no,no,Incorrect,1.8104
underspecified,16,dev_1494,yes,"NO

According to the Laws of the Game, a player cannot be offside",no,no,Incorrect,1.805
underspecified,16,dev_1543,yes,NO. No NHL team has ever come back from a 3-0 deficit,no,no,Incorrect,1.8025
underspecified,16,dev_2012,yes,"YES

Dwight Howard did play for the Houston Rockets from 20",yes,yes,Correct,1.807
underspecified,16,dev_2118,yes,YES. Twisting an opponent's wrist can be an effective self-defense technique to,yes,yes,Correct,1.8080999999999998
underspecified,16,dev_2272,yes,"NO. AstroTurf is a brand name for artificial grass, but not all",no,no,Incorrect,3.1515
underspecified,16,dev_2338,yes,"NO

A player cannot simultaneously play in both the Europa League and the Champions League",no,no,Incorrect,1.8097
underspecified,16,dev_2498,yes,"YES

There have been instances where two grand slams occurred in the same inning",yes,yes,Correct,1.7401
underspecified,16,dev_2509,yes,NO. No NBA team has ever come back from a 3-1 deficit,no,no,Incorrect,1.8106
underspecified,16,dev_2917,yes,NO. The Tampa Bay Lightning have not won a Stanley Cup. They have made,no,no,Incorrect,1.7398
underspecified,16,dev_2966,yes,NO. Players typically need to be at least one year removed from high school before,no,no,Incorrect,1.739
underspecified,16,dev_2974,yes,YES. Running for 24 hours is possible and is part of various ultra,yes,yes,Correct,1.8077999999999999
underspecified,16,dev_3007,yes,"YES

The Tour de France changes each year in terms of route, stages,",yes,yes,Correct,1.8126
underspecified,16,dev_3199,yes,"NO

A club professional has never won the PGA Championship. The PGA Championship has",no,no,Incorrect,3.1471999999999998
underspecified,16,dev_0222,no,NO. NCAA basketballs are slightly larger than NBA basketballs. The NCAA ball,no,no,Correct,1.7407000000000001
underspecified,16,dev_0398,no,"NO. In soccer, you cannot score directly from a throw-in. A goal",no,no,Correct,1.8109000000000002
underspecified,16,dev_0426,no,"NO. According to the rules of association football, a goalkeeper can only handle the",no,no,Correct,1.8122
underspecified,16,dev_0464,no,"NO

The golden goal rule was last used in major tournaments in the 2",no,no,Correct,1.8179
underspecified,16,dev_0563,no,NO. Croatia has not won the FIFA World Cup. They have reached the final,no,no,Correct,1.8086
underspecified,16,dev_0658,no,NO. A walk in baseball does not result in a dead ball. When a,no,no,Correct,1.8054000000000001
underspecified,16,dev_1366,no,"NO
The Champions League trophy is not replaced annually. It is a permanent trophy",no,no,Correct,1.8074000000000001
underspecified,16,dev_1471,no,"NO

A player cannot be offside from a throw-in. The offside",no,no,Correct,1.8075
underspecified,16,dev_1558,no,NO. The FIFA World Cup is held every four years.,no,no,Correct,1.7406
underspecified,16,dev_1580,no,NO. The Chicago White Sox play at Guaranteed Rate Field (formerly known as U,no,no,Correct,1.8075999999999999
underspecified,16,dev_2401,no,NO. A batsman cannot be run out if the ball is a no-ball,no,no,Correct,1.8069000000000002
underspecified,16,dev_2436,no,NO. The fastest recorded time for a mile run is much faster than 2,no,no,Correct,1.8127
underspecified,16,dev_3224,no,NO. An MLB game cannot end in a tie. If a game is tied,no,no,Correct,1.7402
underspecified,16,dev_0022,yes,"NO. Spark plugs ignite the fuel-air mixture in the engine's cylinders, but",no,no,Incorrect,1.7417
underspecified,16,dev_0132,yes,"YES

A Network Attached Storage (NAS) device can be used as a server",yes,yes,Correct,1.7269
underspecified,16,dev_0268,yes,YES. An AGM (Absorbent Glass Mat) battery is a type,yes,yes,Correct,1.8047
underspecified,16,dev_0646,yes,"YES

Multithreading can be very useful even on a single processor because it",yes,yes,Correct,1.7432
underspecified,16,dev_0697,yes,"NO

Google Drive generally does not have a storage limit for individual accounts. However",no,no,Incorrect,1.7438
underspecified,16,dev_0935,yes,"NO

In a relational database, a table can have multiple foreign keys if needed",no,no,Incorrect,3.0742
underspecified,16,dev_1159,yes,"NO

High-level languages are designed to be more",no,no,Incorrect,1.7441
underspecified,16,dev_1376,yes,"NO. A database can contain multiple tables, but each table is a separate entity",no,no,Incorrect,1.7417
underspecified,16,dev_1646,yes,"YES

Cast-iron pans can be used on induction cooktops as long",yes,yes,Correct,1.743
underspecified,16,dev_1869,yes,"YES

A database table can indeed have multiple foreign keys, each referencing a different",yes,yes,Correct,1.7397
underspecified,16,dev_2397,yes,"YES

Cell phone jammers are devices designed to block or interfere with cellular signals",yes,yes,Correct,1.8094000000000001
underspecified,16,dev_0512,no,NO. Microsoft Visio and Visual Studio are not the same. Visio is,no,no,Correct,1.8060999999999998
underspecified,16,dev_1524,no,NO. The transmission and the engine are not the same thing. The engine produces,no,no,Correct,1.7339
underspecified,16,dev_1675,no,NO. Input lag and response time are related but distinct concepts in display technology.,no,no,Correct,1.7407000000000001
underspecified,16,dev_1723,no,"NO

Regular bulbs are not designed to work in 3-way lamps, which",no,no,Correct,1.7412999999999998
underspecified,16,dev_2027,no,NO. HD DVD and Blu-ray are two different optical disc formats that were competing,no,no,Correct,1.8120999999999998
underspecified,16,dev_2104,no,NO. The PlayStation 2 does not have built-in internet capabilities. You would,no,no,Correct,3.0874
underspecified,16,dev_2262,no,"NO. WordPad and Microsoft Word are both word processing applications, but they have",no,no,Correct,1.8105
underspecified,16,dev_2431,no,"NO. In a tree data structure, each node can have multiple children, but",no,no,Correct,1.7366
underspecified,16,dev_2524,no,NO. The iPhone SE and iPhone 5 are not the same. The iPhone,no,no,Correct,1.8086
underspecified,16,dev_3057,no,NO. The Windows Subsystem for Linux (WSL) is not a virtual,no,no,Correct,1.7426
underspecified,16,dev_3167,no,NO. Gear oil and motor oil are not the same. While they both serve,no,no,Correct,1.8145
underspecified,6,dev_0023,yes,"NO. While capes and cloaks share some similarities, they are distinct garments",no,no,Incorrect,1.0891
underspecified,6,dev_0039,no,"YES

Carbon can form polar covalent bonds with hydrogen. While both carbon",yes,yes,Incorrect,1.1065999999999998
underspecified,6,dev_0055,no,"NO

Wisconsin has not won the Little League World Series. While there have",no,no,Correct,1.1098
underspecified,6,dev_0059,no,NO. The Five Heartbeats is not a group associated with the Fictional,no,no,Correct,1.1174000000000002
underspecified,6,dev_0068,no,"NO. In most countries, including the United States, it is illegal to impose",no,no,Correct,1.1182999999999998
underspecified,6,dev_0087,yes,NO. The idea that a frog will jump out of boiling water if it is,no,no,Incorrect,1.1149
underspecified,6,dev_0107,no,"NO. In Australia, gambling winnings are generally not taxable. However, it's",no,no,Correct,1.1189
underspecified,6,dev_0120,yes,NO,no,no,Incorrect,1.1069
underspecified,6,dev_0138,no,"NO. In the United States, the minimum drinking age is 21 in",no,no,Correct,1.1105999999999998
underspecified,6,dev_0151,no,NO. Numbers do not look the same in all languages. Different cultures and languages,no,no,Correct,1.1073
underspecified,6,dev_0163,yes,"NO

The square root of 2 is an irrational number, which means it",no,no,Incorrect,1.1115
underspecified,6,dev_0165,no,"NO. Dragon fruit and pitaya are often used interchangeably, but ""pit",no,no,Correct,1.1099
underspecified,6,dev_0207,no,NO. France and the United Kingdom are generally not in the same time zone.,no,no,Correct,1.1105999999999998
underspecified,6,dev_0210,no,NO. The Three Little Pigs is not a nursery rhyme; it is a,no,no,Correct,1.108
underspecified,6,dev_0221,no,"NO. A markup language is designed to describe the structure and presentation of data,",no,no,Correct,1.1085999999999998
underspecified,6,dev_0229,yes,"NO

Not all UK National Insurance numbers have a letter at the end. The",no,no,Incorrect,1.1125
underspecified,6,dev_0237,no,"NO

Both terms refer to the same type of engine. The correct term is",no,no,Correct,1.1137000000000001
underspecified,6,dev_0243,no,I don't know. While there have been historical Chinatowns in some U,i,idk,IDK,1.1125999999999998
underspecified,6,dev_0248,yes,"NO. The cheetah is the fastest land animal, capable of reaching speeds",no,no,Incorrect,1.1240999999999999
underspecified,6,dev_0249,yes,"NO. Queen ants do not give birth to queen ants directly. Instead, they",no,no,Incorrect,1.1095
underspecified,6,dev_0251,yes,"NO. Each sister chromatid has the same amount of DNA as a chromosome,",no,no,Incorrect,1.1097000000000001
underspecified,6,dev_0257,yes,NO,no,no,Incorrect,1.1076
underspecified,6,dev_0270,no,"NO. In the United States, the minimum legal drinking age (MLDA)",no,no,Correct,1.1098
underspecified,6,dev_0287,yes,"NO

In American football, a fair catch cannot be called on a kickoff.",no,no,Incorrect,1.1105999999999998
underspecified,6,dev_0295,no,"NO

Doves and pigeons are often considered part of the same family,",no,no,Correct,1.1120999999999999
underspecified,6,dev_0298,yes,NO. Sheet metal gauge and wire gauge refer to different systems used to measure thickness,no,no,Incorrect,2.4546
underspecified,6,dev_0312,no,"NO. Adjectives can sometimes come after a noun, especially in certain constructions or",no,no,Correct,1.1063
underspecified,6,dev_0316,yes,"NO. The internal intercostal muscles contract during expiration, not inspiration. During",no,no,Incorrect,1.1114000000000002
underspecified,6,dev_0318,yes,NO. An Ace-2-3-4-5 is considered a straight,no,no,Incorrect,1.112
underspecified,6,dev_0321,yes,"NO. A filibuster can delay or prevent a vote on legislation, but it",no,no,Incorrect,1.1173
underspecified,6,dev_0333,yes,NO. The .22 Magnum (often abbreviated as .22 Mag.),no,no,Incorrect,1.1131
underspecified,6,dev_0336,no,NO. Muay Thai and Thai boxing are the same thing. Muay Thai,no,no,Correct,1.1065999999999998
underspecified,6,dev_0343,yes,"NO. The president is the head of the executive branch, but there are other",no,no,Incorrect,1.1127
underspecified,6,dev_0352,no,"NO. In soccer, you cannot score directly from a throw-in. A goal",no,no,Correct,1.112
underspecified,6,dev_0355,no,NO. Father's Day is not the same day every year. It is celebrated,no,no,Correct,1.1076
underspecified,6,dev_0364,no,"NO. In cricket, a wicket keeper is not mandatory, but it is",no,no,Correct,1.1109
underspecified,6,dev_0366,no,"YES

The structure that separates the abdominal cavity and the pelvic cavity is the pelvic",yes,yes,Incorrect,1.1105999999999998
underspecified,6,dev_0406,no,NO. A California roll typically does not contain fish. It usually consists of avocado,no,no,Correct,1.1103
underspecified,6,dev_0428,no,NO. Peroxide is a class of compounds that contain an oxygen-oxygen,no,no,Correct,1.1113
underspecified,6,dev_0429,yes,"NO

Flax oil and linseed oil are derived from the same plant—",no,no,Incorrect,1.1156
underspecified,6,dev_0430,yes,"NO

The Banaue Rice Terraces are not one of the 7",no,no,Incorrect,1.1140999999999999
underspecified,6,dev_0436,no,"YES

Takotsubo cardiomyopathy, often referred to as """,yes,yes,Incorrect,1.1219000000000001
underspecified,6,dev_0441,no,"NO. Shrimp with lobster sauce typically contains shrimp, not lobster. The name",no,no,Correct,1.0487
underspecified,6,dev_0442,yes,"NO. Lead dust is typically absorbed through inhalation, ingestion, or dermal",no,no,Incorrect,1.1108
underspecified,6,dev_0479,no,"NO. By default, miniature pigs refer to small breeds of domestic pigs, such",no,no,Correct,1.1131
underspecified,6,dev_0481,no,"NO. New York City has five boroughs: Manhattan, Brooklyn, Queens,",no,no,Correct,1.1108
underspecified,6,dev_0482,no,NO. Bumblebees do not die after stinging someone. Unlike honey,no,no,Correct,1.1195
underspecified,6,dev_0487,no,NO. You cannot grow banana trees from a banana. Banana trees produce new plants,no,no,Correct,1.1164
underspecified,6,dev_0504,yes,"NO

Friction tape and electrical tape, while sometimes used interchangeably, are",no,no,Incorrect,1.1116
underspecified,6,dev_0509,no,NO. The AR-15 is primarily used by military and law enforcement agencies,no,no,Correct,1.1137000000000001
underspecified,6,dev_0532,no,"YES

Brain-computer interfaces (BCIs) have been developed that allow direct",yes,yes,Incorrect,1.1111
underspecified,6,dev_0534,no,"NO

The National Guard can be called upon to deploy both within the United States",no,no,Correct,1.1191
underspecified,6,dev_0536,yes,"NO

Thanos does not appear in the first ""Guardians of the Galaxy",no,no,Incorrect,1.1117000000000001
underspecified,6,dev_0537,no,"NO

In the UK, a caution is typically given by police officers on the",no,no,Correct,1.1140999999999999
underspecified,6,dev_0546,yes,NO. The College of William & Mary is not part of the Ivy League.,no,no,Incorrect,1.107
underspecified,6,dev_0560,no,"I don't know.

Note: As of my last update, the University of",i,idk,IDK,1.1172
underspecified,6,dev_0568,no,"NO. The movie ""Heat"" was not based on a book. It was",no,no,Correct,1.1078
underspecified,6,dev_0569,no,"YES

The NBA salary cap is a hard cap, meaning that teams cannot exceed",yes,yes,Incorrect,1.1089
underspecified,6,dev_0588,yes,"NO

Boost Mobile and Virgin Mobile are not the same. They are separate mobile",no,no,Incorrect,1.108
underspecified,6,dev_0594,no,NO. Bee stingers are barbed and typically get stuck in the skin of,no,no,Correct,1.1122999999999998
underspecified,6,dev_0596,no,NO. C# and Visual C# are related but distinct things. C#,no,no,Correct,1.1108
underspecified,6,dev_0598,yes,NO. The Vice President does not head the Senate. The Senate is presided,no,no,Incorrect,1.117
underspecified,6,dev_0612,yes,"NO

Popcorn is made from a specific type of corn called dent corn,",no,no,Incorrect,1.1133
underspecified,6,dev_0617,yes,"NO. France and England have both participated in the FIFA World Cup multiple times,",no,no,Incorrect,1.1145
underspecified,6,dev_0662,yes,NO. LensCrafters and Pearle Vision were once separate companies but have been,no,no,Incorrect,1.1104
underspecified,6,dev_0678,no,NO. Washing a child's mouth with soap is not safe and can cause irritation,no,no,Correct,1.1127
underspecified,6,dev_0696,no,"NO

New Hampshire does not have a mandatory seat belt law for adults. Pass",no,no,Correct,1.1156
underspecified,6,dev_0711,yes,"NO. Musician's Friend and Guitar Center are two separate musical instrument retailers,",no,no,Incorrect,1.1115
underspecified,6,dev_0718,yes,"NO. Chicago is the third-largest city in the United States by population, behind",no,no,Incorrect,1.1192
underspecified,6,dev_0724,no,"NO

The novel ""Along Came a Spider"" by James Patterson does not have",no,no,Correct,1.1142
underspecified,6,dev_0731,no,I don't know. The presence of raw egg in egg drop soup can vary,i,idk,IDK,1.1145
underspecified,6,dev_0737,no,NO. A Cornish game hen is not a baby chicken. It is a,no,no,Correct,2.4579
underspecified,6,dev_0754,yes,"NO

""World at War"" is a separate video game developed by Treyarch",no,no,Incorrect,1.1124
underspecified,6,dev_0759,no,"NO

North and South Korea share a common historical language, Korean, but due",no,no,Correct,1.1109
underspecified,6,dev_0764,yes,NO. Sampling error and standard deviation are related but distinct concepts in statistics. Sampling,no,no,Incorrect,1.1085999999999998
underspecified,6,dev_0782,yes,"NO

AC Milan and Inter Milan do not share a stadium. AC Milan plays",no,no,Incorrect,1.1114000000000002
underspecified,6,dev_0817,no,"NO. In Deadpool 2, there are no post-credit scenes. The",no,no,Correct,1.1182999999999998
underspecified,6,dev_0829,no,"NO. The Battle of New Orleans was fought after the Treaty of Ghent,",no,no,Correct,1.1165999999999998
underspecified,6,dev_0832,no,"YES. You can drive to South America by car from North America, typically crossing",yes,yes,Incorrect,1.1122
underspecified,6,dev_0837,yes,NO. Universal healthcare refers to a system where all individuals in a population have access,no,no,Incorrect,1.115
underspecified,6,dev_0853,no,"NO. Girl Scouts are for girls, while Boy Scouts and Eagle Scouts are part",no,no,Correct,1.1134000000000002
underspecified,6,dev_0854,no,NO. Elephants are not at the top of the food chain. They are,no,no,Correct,1.1139000000000001
underspecified,6,dev_0862,no,"NO. In chess, you do not need to announce ""check"" unless you",no,no,Correct,1.1131
underspecified,6,dev_0871,yes,NO. The most commonly spoken language in the world is Mandarin Chinese. English is,no,no,Incorrect,1.1083
underspecified,6,dev_0916,yes,NO. The Ryman Auditorium and the Grand Ole Opry are two distinct,no,no,Incorrect,1.1159000000000001
underspecified,6,dev_0922,yes,"NO

Passport cards are not valid for air travel to Canada. A standard",no,no,Incorrect,1.1145
underspecified,6,dev_0933,no,NO. The cremaster muscle is not in the spermatic cord. The crem,no,no,Correct,1.1154000000000002
underspecified,6,dev_0934,yes,NO. Pokémon: Let's Go is part of the Pokémon franchise but is considered,no,no,Incorrect,1.1140999999999999
underspecified,6,dev_0940,yes,"NO

Passport cards are not valid for domestic air travel within the United States",no,no,Incorrect,1.1104
underspecified,6,dev_0944,no,NO. Greece flourished primarily from the 8th century BCE to the,no,no,Correct,1.1107
underspecified,6,dev_0952,yes,NO. Merrill Lynch was a financial services company that was acquired by Bank of America,no,no,Incorrect,1.1092
underspecified,6,dev_0958,yes,"NO

The eyes are part of the sensory system, specifically the visual system,",no,no,Incorrect,1.1102
underspecified,6,dev_0981,no,"NO

Pyruvic acid and pyruvate are closely related but not",no,no,Correct,1.1137000000000001
underspecified,6,dev_0991,yes,"NO. In England, you do not typically need a license to watch TV.",no,no,Incorrect,1.1124
underspecified,6,dev_0994,yes,NO. A green screen typically uses a green background to separate the subject from the,no,no,Incorrect,1.1155
underspecified,6,dev_0996,no,"NO. The town of Radiator Springs is a fictional town from the movie """,no,no,Correct,1.1154000000000002
underspecified,6,dev_1006,no,"NO. In many places, literacy tests were historically used as barriers to voting but",no,no,Correct,1.1098
underspecified,6,dev_1011,no,"NO

The World Cup trophy does not have an official name, but it is",no,no,Correct,1.1149
underspecified,6,dev_1022,yes,NO. Enterprise value (EV) is a measure of a company's total value,no,no,Incorrect,1.1145999999999998
underspecified,6,dev_1049,no,"NO

Red pandas and giant pandas belong to different families. Red pandas are in",no,no,Correct,1.1151
underspecified,6,dev_1062,yes,"NO. A wheel and axle is not a lever, but rather a different type",no,no,Incorrect,1.1097000000000001
underspecified,6,dev_1075,yes,NO.,no,no,Incorrect,1.1165
underspecified,6,dev_1102,no,"NO

Sweating and perspiring are essentially the same processes. Both terms",no,no,Correct,1.1148
underspecified,6,dev_1110,yes,"NO. The NBA draft consists of multiple rounds, typically ranging from 32",no,no,Incorrect,1.1122999999999998
underspecified,6,dev_1112,no,NO. Nuclear power is a method of generating electricity by harnessing the heat from,no,no,Correct,1.1118
underspecified,6,dev_1113,yes,"NO

While ball pythons (Python regius) and royal pyth",no,no,Incorrect,1.111
underspecified,6,dev_1121,no,NO. There was no world war before World War I. The major conflict before,no,no,Correct,1.111
underspecified,6,dev_1133,no,"NO

The Crew 2 focuses more on open-world racing and multiplayer gameplay rather",no,no,Correct,1.1125
underspecified,6,dev_1138,yes,NO. Anaerobic respiration does not involve an electron transport chain. It,no,no,Incorrect,1.1145
underspecified,6,dev_1146,yes,"I don't know. 

A penalty charge notice and a fixed penalty notice are",i,idk,IDK,1.1125999999999998
underspecified,6,dev_1155,yes,"NO

GMC Sierra and Chevrolet Silverado are sister trucks produced by General Motors",no,no,Incorrect,1.114
underspecified,6,dev_1175,no,"NO

Michigan became the 26th state on January 26,",no,no,Correct,1.1179000000000001
underspecified,6,dev_1178,no,NO. No Major League Baseball team has gone undefeated in a full season. The,no,no,Correct,1.1071
underspecified,6,dev_1183,yes,NO. Pork loin ribs and baby back ribs come from different parts of the pig,no,no,Incorrect,1.1125
underspecified,6,dev_1196,no,"NO

In India, a person cannot hold dual citizenship by birth or by natural",no,no,Correct,1.1154000000000002
underspecified,6,dev_1204,yes,NO. The Eye of Agamotto is a powerful artifact in the Marvel Universe,no,no,Incorrect,1.1137000000000001
underspecified,6,dev_1205,no,"NO. In chess, you cannot take out the king directly. The goal is",no,no,Correct,1.1139000000000001
underspecified,6,dev_1209,yes,"NO

While it is theoretically possible to turn lead into gold through nuclear transmutation",no,no,Incorrect,2.4624
underspecified,6,dev_1227,no,NO.,no,no,Correct,1.1085
underspecified,6,dev_1229,no,"NO. The fruit orange is named after the color, not the other way around",no,no,Correct,1.1116
underspecified,6,dev_1230,yes,NO. A double eagle is a score of 3 under par on a hole,no,no,Incorrect,1.1156
underspecified,6,dev_1235,no,NO. A birth certificate is not typically considered a form of identification used for verifying,no,no,Correct,1.1107
underspecified,6,dev_1239,yes,NO. A CPAP (Continuous Positive Airway Pressure) machine and a ventil,no,no,Incorrect,1.1111
underspecified,6,dev_1241,no,"YES

Period 6 of the periodic table includes main-group elements such as cer",yes,yes,Incorrect,1.1124
underspecified,6,dev_1250,yes,"YES

The micropyle is a small opening in the seed coat that serves",yes,yes,Correct,1.1156
underspecified,6,dev_1256,yes,NO. The 1906 San Francisco earthquake did not generate a significant,no,no,Incorrect,1.1153
underspecified,6,dev_1261,no,NO. Louisiana does not have a state income tax. Income tax is collected by,no,no,Correct,1.1162
underspecified,6,dev_1267,no,"YES

Better Call Saul is a prequel series to Breaking Bad, set before",yes,yes,Incorrect,1.114
underspecified,6,dev_1271,no,"NO

In the United States, the minimum legal drinking age is uniformly 2",no,no,Correct,1.1147
underspecified,6,dev_1283,yes,NO. Lock nuts and stop nuts serve similar purposes but have distinct differences. Lock,no,no,Incorrect,1.1113
underspecified,6,dev_1285,no,NO. No woman has ever won the Indianapolis 500. The race,no,no,Correct,1.1162
underspecified,6,dev_1286,no,"NO

Lightning bugs and fireflies refer to the same group of insects,",no,no,Correct,1.1154000000000002
underspecified,6,dev_1294,yes,NO. A terminating decimal can be expressed as a fraction with a denominator that is,no,no,Incorrect,1.11
underspecified,6,dev_1296,yes,"NO

PlayStation 2 games do not play on PlayStation 4. PlayStation",no,no,Incorrect,1.1194000000000002
underspecified,6,dev_1303,no,NO. You do not have to touch the ball to be offside in soccer,no,no,Correct,1.1142999999999998
underspecified,6,dev_1307,yes,"NO. In football (soccer), you cannot score directly from a kickoff.",no,no,Incorrect,1.1129
underspecified,6,dev_1311,yes,NO. The crankshaft pulley and harmonic balancer are different components. The,no,no,Incorrect,1.1164
underspecified,6,dev_1316,yes,NO. The Gateway Arch in St. Louis is not a national park. It,no,no,Incorrect,1.1134000000000002
underspecified,6,dev_1317,no,"NO

Planetary nebulae are formed from the ejected atmospheres of low",no,no,Correct,1.1100999999999999
underspecified,6,dev_1333,yes,"NO

A Dame is not the same as a Knight. A Dame is a",no,no,Incorrect,1.1165
underspecified,6,dev_1336,yes,"NO. The central nervous system consists of the brain and spinal cord, which do",no,no,Incorrect,1.1191
underspecified,6,dev_1345,no,"NO

Confidentiality agreements and non-disclosure agreements (NDAs) are",no,no,Correct,1.1078
underspecified,6,dev_1359,no,NO,no,no,Correct,1.0526
underspecified,6,dev_1370,yes,NO. A-2-3-4-5 is not a straight in,no,no,Incorrect,1.1102
underspecified,6,dev_1371,no,"NO. The Rafflesia flower is the largest known flowering plant, but it",no,no,Correct,1.1105999999999998
underspecified,6,dev_1372,yes,"NO. A kilowatt-hour is a unit of energy, not power.",no,no,Incorrect,1.1133
underspecified,6,dev_1382,no,"NO. A catcher can block home plate to prevent a runner from scoring, but",no,no,Correct,1.1193
underspecified,6,dev_1406,no,NO. The Postmaster General is typically appointed by the President but must be confirmed,no,no,Correct,1.114
underspecified,6,dev_1408,yes,"NO. In baseball, if a foul ball is caught by a fielder,",no,no,Incorrect,1.1162
underspecified,6,dev_1413,yes,NO. Brazil has never won the World Cup in Europe. Their victories came in,no,no,Incorrect,1.1145999999999998
underspecified,6,dev_1419,yes,NO. There is no Las Vegas in New Mexico. The city of Las Vegas,no,no,Incorrect,1.1117000000000001
underspecified,6,dev_1420,yes,NO. While 4x4 and four-wheel drive (4WD) are,no,no,Incorrect,1.1167
underspecified,6,dev_1423,no,"NO. ""Take Me Home, Country Roads"" is about West Virginia, as",no,no,Correct,1.1118
underspecified,6,dev_1424,no,NO. Hawaii is located in a tropical region and generally experiences warm temperatures year-round,no,no,Correct,1.1134000000000002
underspecified,6,dev_1436,no,"NO

Equity in your home is not considered a liquid asset because it cannot",no,no,Correct,1.1155
underspecified,6,dev_1438,yes,"YES

All of the United Kingdom is generally in the same time zone, which",yes,yes,Correct,1.1111
underspecified,6,dev_1452,no,"NO

A neurotransmitter cannot be both excitatory and inhibitory; however,",no,no,Correct,1.1177000000000001
underspecified,6,dev_1455,yes,NO. The abdomen is a region of the body located between the chest and the,no,no,Incorrect,1.1134000000000002
underspecified,6,dev_1464,no,"NO. Sweet potatoes belong to the Convolvulaceae family, while",no,no,Correct,1.1165
underspecified,6,dev_1467,yes,"YES, a grade D at A-level is generally considered a standard pass. However",yes,yes,Correct,1.1084
underspecified,6,dev_1473,yes,"NO

A sailboat cannot travel faster than the wind in still air. However",no,no,Incorrect,1.1109
underspecified,6,dev_1489,yes,"NO. While ABBA is central to the Mamma Mia! franchise, """,no,no,Incorrect,1.1140999999999999
underspecified,6,dev_1498,yes,NO. The Nobel Peace Prize is not awarded every single year. There have been,no,no,Incorrect,1.1137000000000001
underspecified,6,dev_1508,no,"NO. While accidents and injuries have occurred during the Tour de France, there have",no,no,Correct,2.4591
underspecified,6,dev_1515,no,"NO

There is no single law that requires individuals to pay federal income taxes,",no,no,Correct,1.1211
underspecified,6,dev_1517,yes,"NO

Hydraulic fluid and brake fluid have different properties and specifications. Brake fluid",no,no,Incorrect,1.1113
underspecified,6,dev_1528,yes,NO. A J.D. (Juris Doctor) is a professional doctorate,no,no,Incorrect,1.0523
underspecified,6,dev_1533,no,"NO. The July 27, 2018 lunar eclipse was",no,no,Correct,1.1108
underspecified,6,dev_1534,no,"NO. According to baseball rules, a player is not allowed to leave the field",no,no,Correct,1.113
underspecified,6,dev_1546,yes,"NO

Passport cards are not accepted for REAL ID purposes. The REAL ID",no,no,Incorrect,1.1198
underspecified,6,dev_1552,yes,NO. The poly(A) tail is typically added to mRNA after transcription has occurred,no,no,Incorrect,1.1133
underspecified,6,dev_1557,no,"NO

New York State abolished the death penalty in 2019.",no,no,Correct,1.1122
underspecified,6,dev_1563,no,NO. The Big Dipper is a well-known asterism (a pattern of,no,no,Correct,1.1152
underspecified,6,dev_1627,no,"NO. The esophagus is behind the heart, also known as posterior to",no,no,Correct,1.1193
underspecified,6,dev_1632,yes,NO. The World Health Organization (WHO) is a specialized agency of the United,no,no,Incorrect,1.1088
underspecified,6,dev_1650,yes,"NO

Taking a stop sign without permission is generally considered vandalism and can result in",no,no,Incorrect,1.1124
underspecified,6,dev_1655,no,"NO

Soy sauce and soya sauce are essentially the same product, derived",no,no,Correct,1.1158
underspecified,6,dev_1658,yes,NO. The Nazca Lines are large ancient geoglyphs in the Naz,no,no,Incorrect,1.1122
underspecified,6,dev_1659,yes,"NO

An undergraduate degree and a bachelor’s degree are essentially the same thing.",no,no,Incorrect,1.1165999999999998
underspecified,6,dev_1673,yes,"NO

Grizzly bears (Ursus arctos horribilis",no,no,Incorrect,1.1169
underspecified,6,dev_1680,no,"NO

Picking your nose can irritate the nasal passages and potentially lead to",no,no,Correct,1.1159000000000001
underspecified,6,dev_1687,no,"NO

Warrant officers are not part of the U.S. Air Force structure",no,no,Correct,1.1148
underspecified,6,dev_1698,no,NO. Fullmetal Alchemist: Brotherhood is a reboot and not a direct continuation,no,no,Correct,1.116
underspecified,6,dev_1707,yes,"NO. A PLC (Public Limited Company) is a type of limited company,",no,no,Incorrect,1.1154000000000002
underspecified,6,dev_1727,yes,"NO

Digital audio cables and optical audio cables serve similar purposes but use different technologies",no,no,Incorrect,1.1156
underspecified,6,dev_1736,no,"NO

The magnitude of a physical quantity does not change with a change in the",no,no,Correct,1.1144
underspecified,6,dev_1737,yes,NO,no,no,Incorrect,1.0547
underspecified,6,dev_1740,yes,"NO. The medullary cavity typically contains yellow bone marrow, which is composed",no,no,Incorrect,1.1142
underspecified,6,dev_1743,no,I don't know. While The Last King of Scotland aims to depict historical events,i,idk,IDK,1.1109
underspecified,6,dev_1749,yes,NO. Delhi University and the University of Delhi are not the same. The University,no,no,Incorrect,1.1140999999999999
underspecified,6,dev_1750,no,"NO

Fighting words are not typically protected under freedom of speech in many jurisdictions",no,no,Correct,1.109
underspecified,6,dev_1757,yes,NO. The profit and loss statement and income statement refer to the same financial document,no,no,Incorrect,1.118
underspecified,6,dev_1763,yes,"NO. The House of Representatives is one chamber of Congress, along with the Senate",no,no,Incorrect,1.1147
underspecified,6,dev_1775,no,NO. The NBA playoffs follow a 2-2-1-1-,no,no,Correct,1.1131
underspecified,6,dev_1789,no,"YES

The spleen is part of the circulatory system and also functions as",yes,yes,Incorrect,1.1109
underspecified,6,dev_1806,no,"NO. The $1,000 bill was last issued in 1",no,no,Correct,1.1195
underspecified,6,dev_1814,no,"NO

North American telephone area codes do not start with the digit 1.",no,no,Correct,1.1129
underspecified,6,dev_1823,yes,NO. The MLB All-Star Game does not determine the World Series home-field advantage,no,no,Incorrect,1.1131
underspecified,6,dev_1832,no,"NO. There is no well-known or officially recognized town called Garrison, Colorado.",no,no,Correct,1.1174000000000002
underspecified,6,dev_1849,yes,"NO

In a RACI chart, one person cannot typically be both Responsible",no,no,Incorrect,1.116
underspecified,6,dev_1851,no,"YES

The right to a fair trial is indeed guaranteed by the U.S.",yes,yes,Incorrect,1.1152
underspecified,6,dev_1857,no,NO. Cows can produce milk without giving birth. Milk production in cows is,no,no,Correct,1.1142999999999998
underspecified,6,dev_1895,yes,"NO. The empty set is not an element of itself. By definition, the",no,no,Incorrect,1.1138
underspecified,6,dev_1906,no,NO. College football players do not have to enter the NFL Draft to play professionally,no,no,Correct,1.1189
underspecified,6,dev_1916,yes,"NO

Pokémon: Let's Go, Pikachu! and Let's Go,",no,no,Incorrect,1.119
underspecified,6,dev_1919,yes,NO. Elements cannot be transmuted into one another through natural processes. However,no,no,Incorrect,1.1074000000000002
underspecified,6,dev_1924,yes,NO. A car’s serial number is not the same as its VIN (Vehicle,no,no,Incorrect,1.1147
underspecified,6,dev_1938,no,NO. The empty set is not an element of the set that contains the empty,no,no,Correct,1.1128
underspecified,6,dev_1948,yes,"NO. A chicken is a general term for an adult female bird, while a",no,no,Incorrect,1.1145
underspecified,6,dev_1950,no,"NO. The Gulf of Mexico is considered a marginal sea, which is a large",no,no,Correct,2.4574000000000003
underspecified,6,dev_1960,no,NO. The Republic of the Congo and the Democratic Republic of the Congo are two,no,no,Correct,1.1135
underspecified,6,dev_1977,no,"NO. According to the U.S. Constitution, to be eligible for the presidency",no,no,Correct,1.1138
underspecified,6,dev_1995,yes,"NO

Winning the FA Cup typically qualifies a team for the UEFA Europa League",no,no,Incorrect,1.1122
underspecified,6,dev_1997,yes,"NO. The Alphabet Song and Twinkle, Twinkle, Little Star have different",no,no,Incorrect,1.1142999999999998
underspecified,6,dev_2009,no,I don't know. Color Wonder markers are designed to work specifically on Color Wonder,i,idk,IDK,1.1135
underspecified,6,dev_2032,yes,NO. Flies do not lay eggs directly in,no,no,Incorrect,1.1107
underspecified,6,dev_2045,yes,"NO

Supreme Court justices are not eligible to run for President of the United",no,no,Incorrect,1.1216
underspecified,6,dev_2053,no,NO. You do not have to be serving to score in tennis. Points and,no,no,Correct,1.1145
underspecified,6,dev_2061,no,"YES

You can usually choose who is listed as your next of kin, especially",yes,yes,Incorrect,1.1200999999999999
underspecified,6,dev_2065,yes,"NO. ""RealFeel"" is a weather index provided by AccuWeather that",no,no,Incorrect,1.1142
underspecified,6,dev_2068,yes,NO. Allied Waste and Republic Services are not the same company. Allied Waste was,no,no,Incorrect,1.116
underspecified,6,dev_2078,no,"NO

Black cumin seed and black seed are often used interchangeably, but",no,no,Correct,1.1128
underspecified,6,dev_2079,yes,YES. Eeyore is indeed a donkey in the Winnie-the-P,yes,yes,Correct,1.1142999999999998
underspecified,6,dev_2088,no,NO. English is the de facto official language for practical purposes at the federal level,no,no,Correct,1.1139000000000001
underspecified,6,dev_2091,no,"NO

In baseball, the home team cannot win by exactly two runs in extra",no,no,Correct,1.116
underspecified,6,dev_2094,no,"NO. There is no commercial airport in Fort Walton Beach, Florida. The nearest",no,no,Correct,1.1105999999999998
underspecified,6,dev_2095,yes,"NO. Noel Gallagher does not sing ""Don't Look Back in Anger.""",no,no,Incorrect,1.1212
underspecified,6,dev_2139,no,NO. You cannot travel internationally with a passport card alone; it is typically used,no,no,Correct,1.1125
underspecified,6,dev_2166,yes,"NO. Staring directly at a very bright light, such as the sun or",no,no,Incorrect,1.1122999999999998
underspecified,6,dev_2184,no,"NO

The U.S. does not currently have permanent military bases in Saudi Arabia",no,no,Correct,1.1127
underspecified,6,dev_2187,yes,NO. You cannot jump while taking a free throw. The ball must be released,no,no,Incorrect,1.0520999999999998
underspecified,6,dev_2192,no,NO. A lieutenant colonel is lower in rank than a colonel.,no,no,Correct,1.1103
underspecified,6,dev_2196,no,"NO. Red-eared slider turtles typically lay their eggs on land, in sandy",no,no,Correct,1.1148
underspecified,6,dev_2199,yes,YES,yes,yes,Correct,1.1131
underspecified,6,dev_2204,yes,NO. Picking someone up by their hair is not safe and can cause injury,no,no,Incorrect,1.1172
underspecified,6,dev_2220,no,"NO. In baseball, an infield fly is considered a fair pop-up that the",no,no,Correct,1.113
underspecified,6,dev_2224,no,"NO. A ruby is a red corundum, typically ranging in color from",no,no,Correct,1.1155
underspecified,6,dev_2232,no,"NO

There is no Roman Catholic cathedral in Dublin. The major Catholic cathedral in",no,no,Correct,1.1089
underspecified,6,dev_2234,no,"NO

Pokémon: Let's Go, Eevee! is not a",no,no,Correct,2.4581
underspecified,6,dev_2237,no,"NO. The Riviera Maya is located on the Caribbean Sea, not the Gulf",no,no,Correct,1.1157000000000001
underspecified,6,dev_2247,yes,"NO. In New Jersey, it is illegal for individuals under the age of",no,no,Incorrect,1.1114000000000002
underspecified,6,dev_2248,yes,NO. Pixel density and resolution are related but not the same thing. Resolution refers,no,no,Incorrect,1.1087
underspecified,6,dev_2266,no,"NO. A Nissan Pathfinder is generally classified as a mid-size SUV, not a",no,no,Correct,1.1136
underspecified,6,dev_2275,yes,"NO

Counting cards in Las Vegas (or any location) is not inherently",no,no,Incorrect,1.1125
underspecified,6,dev_2295,yes,"NO. A unanimous vote requires all participants to vote in favor, and an abst",no,no,Incorrect,1.1085999999999998
underspecified,6,dev_2304,yes,NO. The House of Representatives is part of Congress but is not itself called Congress,no,no,Incorrect,1.1122
underspecified,6,dev_2306,yes,"NO

Doubling your bet on roulette, also known as the Martingale",no,no,Incorrect,1.1111
underspecified,6,dev_2310,no,NO. In-N-Out Burger is not a franchise; it operates as a family,no,no,Correct,1.113
underspecified,6,dev_2315,yes,NO. Centripetal force is the force directed towards the center of a circle,no,no,Incorrect,1.1096
underspecified,6,dev_2323,no,"NO. The film ""Tully"" is not based on a book. It",no,no,Correct,1.1103
underspecified,6,dev_2328,no,"YES

Corinthian leather is a type of leather that has been sanded",yes,yes,Incorrect,1.107
underspecified,6,dev_2350,no,"NO

""Little House on the Prairie"" is a work of historical fiction based",no,no,Correct,1.112
underspecified,6,dev_2382,yes,NO. The right atrium receives deoxygenated blood from the body through,no,no,Incorrect,1.1185999999999998
underspecified,6,dev_2387,yes,"NO

Northern Ireland has not qualified for the FIFA World Cup finals since 1",no,no,Incorrect,1.1111
underspecified,6,dev_2388,no,"NO

In most jurisdictions, once a person has been acquitted or convicted and the",no,no,Correct,1.1107
underspecified,6,dev_2396,yes,NO. Semolina flour and Cream of Wheat are not the same. Semolina,no,no,Incorrect,1.1116
underspecified,6,dev_2408,yes,"NO. Employment termination can include various reasons such as resignation, retirement, or being",no,no,Incorrect,1.1096
underspecified,6,dev_2413,no,"NO. The movie ""Stalingrad"" is a fictional drama based on the",no,no,Correct,1.1109
underspecified,6,dev_2428,yes,"YES

Peripherally Inserted Central Catheters (PICCs) can be",yes,yes,Correct,1.1087
underspecified,6,dev_2433,no,I don't know. The ability to have a beard in the military can vary,i,idk,IDK,1.1087
underspecified,6,dev_2434,no,"YES

The national anthem of Spain, known as ""La Marcha Real""",yes,yes,Incorrect,1.1148
underspecified,6,dev_2447,no,"NO

In the MLB playoffs, the wild card team does not have home-field",no,no,Correct,1.1152
underspecified,6,dev_2473,yes,"NO

Pokémon Gold, Silver, and Crystal are distinct games with their own",no,no,Incorrect,1.1148
underspecified,6,dev_2479,no,NO. Hong Kong is not considered part of the Great Firewall of China. The,no,no,Correct,1.1115
underspecified,6,dev_2504,no,"NO. The Strip is a well-known area in Las Vegas, Nevada, but",no,no,Correct,1.1162
underspecified,6,dev_2532,yes,"YES

This describes the condition known as fetus in fetu, where one twin",yes,yes,Correct,1.116
underspecified,6,dev_2537,no,"NO

Social studies and social science are related but distinct fields. Social science refers",no,no,Correct,1.1135
underspecified,6,dev_2538,no,"NO

""War Room"" is a fictional film based on the book of the",no,no,Correct,2.4543000000000004
underspecified,6,dev_2547,yes,"NO

The .224 and .223 refer to the diameter",no,no,Incorrect,1.1152
underspecified,6,dev_2548,no,"NO. The queen bee does not typically die after stinging, as she has",no,no,Correct,1.1128
underspecified,6,dev_2555,no,NO. Lymphoma is a type of hematologic cancer that specifically affects the,no,no,Correct,1.1142999999999998
underspecified,6,dev_2566,no,"YES

A Bachelor of Education (B.Ed.) is indeed an undergraduate degree that",yes,yes,Incorrect,1.1125999999999998
underspecified,6,dev_2572,no,NO. The Channel Islands are not part of Great Britain. They are British Crown,no,no,Correct,1.112
underspecified,6,dev_2577,no,"YES. In soccer, a kick-off must go forward. The ball must be",yes,yes,Incorrect,1.1109
underspecified,6,dev_2605,yes,NO. The .45 Colt and .45 Long Colt are similar but,no,no,Incorrect,1.1162999999999998
underspecified,6,dev_2614,yes,"NO

Snow-on-the-Mountain (Chenopodium bonus-arpis",no,no,Incorrect,1.111
underspecified,6,dev_2622,no,NO. The 7.62 NATO and .308 Win are,no,no,Correct,1.1185
underspecified,6,dev_2634,yes,"NO. In 8-ball, players do not have ball-in-hand; they",no,no,Incorrect,1.112
underspecified,6,dev_2643,no,"NO

Elements of the periodic table are typically written in lowercase letters. For example",no,no,Correct,1.1147
underspecified,6,dev_2655,yes,"NO

Visa Delta is not the same as Visa Debit. Visa Delta",no,no,Incorrect,1.1098
underspecified,6,dev_2656,yes,NO. Right of abode refers to the absolute right to live in a country,no,no,Incorrect,1.1119
underspecified,6,dev_2690,yes,NO. Parcelforce and Royal Mail are two different postal delivery companies.,no,no,Incorrect,1.1144
underspecified,6,dev_2719,no,"NO. Electrons flow in the opposite direction of conventional current, which is defined",no,no,Correct,1.1097000000000001
underspecified,6,dev_2727,no,NO. The AR-10 is a variant of the ArmaLite AR,no,no,Correct,1.1122
underspecified,6,dev_2750,yes,NO. Cows do not need to be pregnant to produce milk. After giving,no,no,Incorrect,1.1105
underspecified,6,dev_2757,yes,"NO. In ""Alice's Adventures in Wonderland,"" there is no Dodo.",no,no,Incorrect,1.112
underspecified,6,dev_2770,yes,"YES

A 9 to 5 work schedule typically represents a standard 8",yes,yes,Correct,1.1125999999999998
underspecified,6,dev_2791,yes,NO. The gut is a broader term that refers to the entire tract from the,no,no,Incorrect,1.1095
underspecified,6,dev_2813,yes,"NO

""The Greatest Showman"" is a musical drama film that is not based",no,no,Incorrect,1.1128
underspecified,6,dev_2821,yes,NO. Nicotine is not a ganglion blocker. Nicotine acts as an,no,no,Incorrect,1.1139000000000001
underspecified,6,dev_2832,yes,NO. Shea butter is made from the seeds of the shea tree (V,no,no,Incorrect,1.1067
underspecified,6,dev_2838,no,"NO

""The Prince of Tides"" is a novel by Evan Hunter (writing",no,no,Correct,1.113
underspecified,6,dev_2853,no,"NO

The languages spoken in North and South Korea are very similar, both being",no,no,Correct,1.1095
underspecified,6,dev_2870,no,NO. The derivative of a continuous function is not always continuous. There are examples,no,no,Correct,1.1097000000000001
underspecified,6,dev_2875,yes,"NO

Aldi and Trader Joe's are independent retail companies with their own",no,no,Incorrect,1.1096
underspecified,6,dev_2880,no,"YES

The County Court Business Centre is a real court, specifically part of the",yes,yes,Incorrect,1.1125
underspecified,6,dev_2890,no,NO. Non-permanent members of the Security Council do not have veto power.,no,no,Correct,1.1115
underspecified,6,dev_2901,yes,"NO. Volkswagen AG is the parent company that owns Audi and Porsche, among other",no,no,Incorrect,1.1104
underspecified,6,dev_2906,yes,NO. A fidelity bond and crime insurance are similar but not exactly the same.,no,no,Incorrect,1.1124
underspecified,6,dev_2919,no,NO. The,no,no,Correct,1.0531
underspecified,6,dev_2931,yes,"NO. In most countries, including the United States, it is illegal to purchase",no,no,Incorrect,1.1124
underspecified,6,dev_2933,no,"NO

Commercial aircraft typically avoid flying over the North Pole due to the lack of",no,no,Correct,1.1096
underspecified,6,dev_2956,yes,NO. The .17 HMR (Hornady Magnum Rimfire),no,no,Incorrect,1.1096
underspecified,6,dev_2959,no,NO. There is no bridge currently connecting Morocco and Spain. The Strait of Gibraltar,no,no,Correct,1.111
underspecified,6,dev_2967,yes,NO. The sun always rises in the east and sets in the west due to,no,no,Incorrect,1.1108
underspecified,6,dev_2973,no,"NO. There are three movies based on Philip Pullman's ""His Dark Materials",no,no,Correct,1.1129
underspecified,6,dev_2991,yes,"NO

Casino games are designed with a house edge, which means that over",no,no,Incorrect,1.1134000000000002
underspecified,6,dev_3000,yes,NO. Back ribs and baby back ribs are not the same. Baby back ribs,no,no,Incorrect,1.11
underspecified,6,dev_3015,yes,NO. Keyless entry allows you to unlock and lock your car without using a,no,no,Incorrect,1.1092
underspecified,6,dev_3027,no,"NO

A Schengen visa is generally not valid for travel to Ireland,",no,no,Correct,1.1109
underspecified,6,dev_3029,no,"YES. The United Kingdom left the European Union on January 31,",yes,yes,Incorrect,1.1087
underspecified,6,dev_3035,no,NO. Halo 2 on Xbox 360 does not have achievements;,no,no,Correct,1.114
underspecified,6,dev_3040,no,NO. A no-insurance ticket is not considered a moving violation. Moving violations,no,no,Correct,1.1059
underspecified,6,dev_3073,no,NO. Top sirloin steak and sirloin steak are similar but come,no,no,Correct,2.4495
underspecified,6,dev_3079,yes,"NO

Salary is typically considered an operating expense and is not included in the cost",no,no,Incorrect,1.1091
underspecified,6,dev_3089,yes,"NO

Peaches belong to the rose family (Rosaceae), not",no,no,Incorrect,1.1136
underspecified,6,dev_3105,yes,"NO

Connecting a neutral wire directly to ground is generally not recommended because the neutral",no,no,Incorrect,1.1095
underspecified,6,dev_3106,yes,NO. High-rise and high-waisted jeans refer to similar but not identical,no,no,Incorrect,1.1117000000000001
underspecified,6,dev_3107,yes,"NO. In the United States, vacancies on the Supreme Court are typically filled through",no,no,Incorrect,1.1093
underspecified,6,dev_3122,no,NO. Reese's Pieces do not contain chocolate. They are primarily made of caramel,no,no,Correct,1.1127
underspecified,6,dev_3143,no,NO. The Republic of Ireland is not part of the Schengen visa area,no,no,Correct,1.1133
underspecified,6,dev_3173,no,NO. A private equity fund is not a financial institution. It is a type,no,no,Correct,1.118
underspecified,6,dev_3183,no,"NO

The winner of the British Open does not get to keep the Claret",no,no,Correct,1.1112
underspecified,6,dev_3187,yes,YES,yes,yes,Correct,1.1097000000000001
underspecified,6,dev_3204,no,"NO

The fundus of the gallbladder is located above and posterior to",no,no,Correct,1.115
underspecified,6,dev_3212,yes,NO. A physical address typically refers to the MAC (Media Access Control) address,no,no,Incorrect,1.1120999999999999
underspecified,6,dev_3221,no,"NO

Peeing in pool water does not typically cause a significant color change",no,no,Correct,1.1108
underspecified,6,dev_3231,yes,NO. The standard error and standard deviation are related but distinct statistical measures. The,no,no,Incorrect,1.1122
underspecified,6,dev_3232,yes,NO. Corn starch and corn flour are similar but not the same. Corn starch,no,no,Incorrect,1.1096
underspecified,6,dev_3238,yes,NO. The non-striker cannot be run out by the bowler.,no,no,Incorrect,1.1124
underspecified,6,dev_3239,yes,NO. The Conn Smythe Trophy is awarded to the most valuable player of the,no,no,Incorrect,2.4593000000000003
underspecified,6,dev_3241,yes,NO. Romania was not part of the Austro-Hungarian Empire. Romania,no,no,Incorrect,1.108
underspecified,6,dev_3242,yes,"YES

In mineralogy, a ruby and a sapphire are both corund",yes,yes,Correct,1.1145999999999998
underspecified,6,dev_0031,yes,"NO

Deadpool does not have a child in the official Marvel Comics canon.",no,no,Incorrect,1.1077000000000001
underspecified,6,dev_0148,yes,"NO. Sméagol does not die at the end of ""The Lord",no,no,Incorrect,1.1084
underspecified,6,dev_0178,yes,"NO. ""Eye of the Tiger"" was originally written and performed by the band",no,no,Incorrect,1.1108
underspecified,6,dev_0410,yes,"YES. Revenge of the Mummy is indeed a roller coaster, specifically a suspended",yes,yes,Correct,1.1108
underspecified,6,dev_0419,yes,"NO. Eric Clapton is featured on the song ""While My Guitar G",no,no,Incorrect,1.1129
underspecified,6,dev_0448,yes,"NO

Jefferson Airplane was inducted into the Rock and Roll Hall of",no,no,Incorrect,1.1071
underspecified,6,dev_0224,no,"NO
The Outsiders by S.E. Hinton is a fictional coming-of",no,no,Correct,1.1120999999999999
underspecified,6,dev_0317,no,"I don't know. While some individuals are born with perfect pitch, others develop",i,idk,IDK,1.111
underspecified,6,dev_0368,no,"NO. ""The Color Purple"" is a novel written by Alice Walker, published",no,no,Correct,1.1117000000000001
underspecified,6,dev_0507,no,"NO. In the book ""Brain on Fire: My Month of Madness"" by",no,no,Correct,1.111
underspecified,6,dev_0603,no,NO. The Seven Ages of Man is not a sonnet; it is a,no,no,Correct,1.1092
underspecified,6,dev_0938,no,"NO. ""House of the Rising Sun"" is not about Vietnam. The song",no,no,Correct,1.1111
underspecified,6,dev_0076,yes,YES. Female ferrets (jills) that do not mate and become pregnant,yes,yes,Correct,1.1074000000000002
underspecified,6,dev_0459,yes,"NO

In gene transcription, the DNA double helix unwinds, and one",no,no,Incorrect,1.1095
underspecified,6,dev_0502,yes,"NO

Kingsnakes are not immune to rattlesnake venom.",no,no,Incorrect,1.1139000000000001
underspecified,6,dev_0580,yes,"NO

Female and male blue jays generally have similar blue feathers and white markings",no,no,Incorrect,1.1139000000000001
underspecified,6,dev_1089,yes,NO. Removing venom glands from a snake is a complex and dangerous procedure that should,no,no,Incorrect,1.1093
underspecified,6,dev_1153,yes,NO,no,no,Incorrect,1.1115
underspecified,6,dev_1315,yes,YES. Ion-dipole interactions are generally stronger than hydrogen bonds because the charge,yes,yes,Correct,1.1176
underspecified,6,dev_1482,yes,NO. Muscle fibers and muscle cells are related but distinct terms. Muscle fibers refer,no,no,Incorrect,1.1109
underspecified,6,dev_1568,yes,"NO. While both vultures and buzzards are birds of prey, they",no,no,Incorrect,1.1115
underspecified,6,dev_1968,yes,NO. While turtles and tortoises are both types of reptiles and belong,no,no,Incorrect,1.1116
underspecified,6,dev_2223,yes,"NO

While there isn't a jellyfish species that truly lives forever, some",no,no,Incorrect,1.1105
underspecified,6,dev_2420,yes,"NO

The term ""rain crow"" is not the name of a specific bird",no,no,Incorrect,1.1124
underspecified,6,dev_2882,yes,NO. Redback spiders (Latrodectus hasseltii) are native,no,no,Incorrect,1.114
underspecified,6,dev_2899,yes,"NO. Dalmatians are born with few spots, and their spots do",no,no,Incorrect,1.1084
underspecified,6,dev_2910,yes,NO. Taro root and elephant ears are related but distinct plants. Taro,no,no,Incorrect,1.1089
underspecified,6,dev_0713,no,NO. A cow does not have to be pregnant to lactate. Cows,no,no,Correct,1.1073
underspecified,6,dev_0816,no,"NO

The spinal cord is shorter than the vertebral column. The spinal cord",no,no,Correct,1.1102
underspecified,6,dev_0911,no,NO. The ring finger does not connect to the heart. There is no direct,no,no,Correct,1.1133
underspecified,6,dev_0997,no,NO. Surgical spirit and rubbing alcohol are similar but not exactly the same. Surgical,no,no,Correct,1.1107
underspecified,6,dev_1258,no,"NO

The umbilical cord is not inside the amniotic sac.",no,no,Correct,1.1160999999999999
underspecified,6,dev_1422,no,"NO. Root hairs typically occur on the surface of the root, specifically on the",no,no,Correct,1.1091
underspecified,6,dev_2120,no,"NO

Dalmatians are known for their distinctive black or liver-colored spots",no,no,Correct,1.1116
underspecified,6,dev_2353,no,NO. Bees and hornets have different types of venom. Bee venom primarily,no,no,Correct,1.1131
underspecified,6,dev_2441,no,NO. Identical (monozygotic) twins develop from a single fertil,no,no,Correct,1.1125
underspecified,6,dev_2087,no,"NO

Sperm whales are listed as Vulnerable on the IUCN Red",no,no,Correct,1.1133
underspecified,6,dev_2215,no,"NO

In most cases, the two chromosomes in a pair are not identical due",no,no,Correct,1.109
underspecified,6,dev_2503,no,NO. Catbirds and mockingbirds are different species of birds. Catbirds belong,no,no,Correct,1.1084
underspecified,6,dev_2652,no,"NO

Not all baby birds have an egg tooth. While many bird species do",no,no,Correct,1.111
underspecified,6,dev_2850,no,"NO. In a bee sting, there is a stinger that the bee leaves",no,no,Correct,1.113
underspecified,6,dev_3062,no,"NO

Black and yellow garden spiders (often referring to the Eastern or Western black",no,no,Correct,1.1164
underspecified,6,dev_0400,yes,"NO

A profit and loss account is the same as an income statement. Both",no,no,Incorrect,1.1095
underspecified,6,dev_0432,yes,YES,yes,yes,Correct,2.4516999999999998
underspecified,6,dev_0446,yes,"NO

Bi-Mart does not require a membership for most customers. While some stores",no,no,Incorrect,1.1117000000000001
underspecified,6,dev_0455,yes,"NO. The new Indian motorcycles are manufactured in Springfield, Illinois, USA, by",no,no,Incorrect,1.1114000000000002
underspecified,6,dev_0472,yes,NO. Toys R Us and Babies R Us were separate companies that operated distinct retail,no,no,Incorrect,1.1124
underspecified,6,dev_0524,yes,"NO

In-N-Out Burger does not have any locations in Nevada. The closest",no,no,Incorrect,1.1111
underspecified,6,dev_0767,yes,"NO. The value of currencies can fluctuate, but historically, the Canadian dollar",no,no,Incorrect,1.109
underspecified,6,dev_0875,yes,"NO

Thousand-dollar bills were once produced by the United States Treasury but were",no,no,Incorrect,1.1113
underspecified,6,dev_0950,yes,YES. Poland Spring water comes from a spring. The brand is known for its,yes,yes,Correct,1.111
underspecified,6,dev_1023,yes,"NO

A mortgage loan originator and a loan officer are similar roles but may",no,no,Incorrect,1.1149
underspecified,6,dev_1171,yes,NO. Money from Guernsey is not legal tender in the UK. Each,no,no,Incorrect,1.1119
underspecified,6,dev_1207,yes,"NO. Buy Buy Baby was previously owned by Bed Bath & Beyond, but it",no,no,Incorrect,1.1104
underspecified,6,dev_1299,yes,"NO. Net earnings and net income are often used interchangeably, but they refer",no,no,Incorrect,1.1138
underspecified,6,dev_0157,no,"NO. Eyeglasses are made by various companies, including both large manufacturers and",no,no,Correct,1.1099
underspecified,6,dev_0371,no,NO. National and Enterprise are separate companies in the rental car industry. While they,no,no,Correct,1.1091
underspecified,6,dev_0621,no,"NO

Getting cash back from a transaction, such as a purchase or a refund",no,no,Correct,1.1114000000000002
underspecified,6,dev_0699,no,"NO. Aldi is one of the largest grocery retailers globally, but it is",no,no,Correct,1.1131
underspecified,6,dev_0954,no,"NO

As of now, £2 coins are not going out of circulation.",no,no,Correct,1.1094000000000002
underspecified,6,dev_1050,no,NO. White Castle is not only on the East Coast; it has locations across,no,no,Correct,1.1105
underspecified,6,dev_1208,no,NO. Sam’s Club is primarily located in the United States and does not have,no,no,Correct,1.1112
underspecified,6,dev_1257,no,NO. Home Bargains and Quality Save are two different retail brands. While they,no,no,Correct,1.1080999999999999
underspecified,6,dev_1805,no,"NO

$10,000 bills were once produced but are no",no,no,Correct,1.1167
underspecified,6,dev_1876,no,"I don't know. Montgomery Ward was a well-known retail brand, but its",i,idk,IDK,1.109
underspecified,6,dev_2290,no,NO. GDP per capita and per capita income are related but distinct concepts. GDP,no,no,Correct,1.1096
underspecified,6,dev_2444,no,"NO. Land tax and property tax are not the same, although they are related",no,no,Correct,1.1117000000000001
underspecified,6,dev_0250,yes,"NO

Father's Day is not a public holiday in the Netherlands, but many",no,no,Incorrect,1.1131
underspecified,6,dev_0337,yes,I don't know. The King's Birthday is not currently a public holiday in,i,idk,IDK,1.1094000000000002
underspecified,6,dev_0386,yes,"NO. Brussels does not have a designated red light district. However, there are",no,no,Incorrect,1.1096
underspecified,6,dev_0591,yes,"NO

Copa Airlines is part of the oneworld alliance, not the Star",no,no,Incorrect,1.1113
underspecified,6,dev_0746,yes,NO. June 12 is not a national holiday in the Philippines. The,no,no,Incorrect,1.1109
underspecified,6,dev_0845,yes,NO. New car engines do not typically require a break-in period as they are,no,no,Incorrect,1.1105999999999998
underspecified,6,dev_0855,yes,NO. Flight paths do not always go over the North Pole. While some flights,no,no,Incorrect,1.1104
underspecified,6,dev_0915,yes,"I don't know. Ontario Place is no longer operational, and the specific details",i,idk,IDK,1.1113
underspecified,6,dev_0945,yes,"NO. Thread seal tape is often made of Teflon (PTFE),",no,no,Incorrect,1.108
underspecified,6,dev_0021,no,"NO

P.O. Box addresses typically come before street addresses in the mailing address",no,no,Correct,1.1105
underspecified,6,dev_0490,no,NO,no,no,Correct,1.1107
underspecified,6,dev_0581,no,NO. A peck and a bushel are not the same. A bush,no,no,Correct,1.0526
underspecified,6,dev_0631,no,I don't know. The operating hours and days of post offices can vary by,i,idk,IDK,1.108
underspecified,6,dev_0691,no,"NO

If a recipient's address has ""Freepost"" written on it",no,no,Correct,1.1072
underspecified,6,dev_0783,no,NO. The Honda CRF 250 is typically a 4-st,no,no,Correct,1.108
underspecified,6,dev_0787,no,NO. The BMW 1 Series is available in both front-wheel drive (f,no,no,Correct,1.1174000000000002
underspecified,6,dev_0825,no,I don't know. The operating hours and days for the Waterloo & City line,i,idk,IDK,1.1075
underspecified,6,dev_0885,no,"NO
UK citizens do not typically need a visa for short-term visits to Albania",no,no,Correct,1.1107
underspecified,6,dev_0089,yes,"NO

There have been instances where a movie has received a 0% rating",no,no,Incorrect,1.1107
underspecified,6,dev_0095,yes,NO. Anne with an anE was not primarily filmed on PEI. While,no,no,Incorrect,1.1102
underspecified,6,dev_0211,yes,"NO. In the popular TV show ""Murphy Brown,"" the character Murphy Brown",no,no,Incorrect,1.1132
underspecified,6,dev_0238,yes,"NO. In the film ""A Quiet Place,"" Beau Abbott, played by Mil",no,no,Incorrect,1.1233
underspecified,6,dev_0252,yes,I don't know. The specific filming locations for the Lizzie McGuire movie,i,idk,IDK,2.4566999999999997
underspecified,6,dev_0256,yes,NO. The,no,no,Incorrect,1.112
underspecified,6,dev_0266,yes,"I don't know. The outcome for the boy in ""The Book of Henry",i,idk,IDK,1.1120999999999999
underspecified,6,dev_0310,yes,"NO. 

Survivor contestants are not typically paid a salary for their participation,",no,no,Incorrect,1.1084
underspecified,6,dev_0359,yes,"NO

In the original format of ""Who Wants to Be a Millionaire?""",no,no,Incorrect,1.1164
underspecified,6,dev_0422,yes,I don't know. The characters Lucas Scott and Peyton Sawyer were part of the,i,idk,IDK,1.1069
underspecified,6,dev_0040,no,"NO. There was a film adaptation of Philip Pullman's ""The Golden Compass",no,no,Correct,1.111
underspecified,6,dev_0080,no,"NO. ""Love Finds a Home"" is a 1974 Disney",no,no,Correct,1.1115
underspecified,6,dev_0100,no,"NO

In the 1997 film ""The Lost World: Jurassic",no,no,Correct,1.1119
underspecified,6,dev_0240,no,"NO

The Walking Dead and Fear the Walking Dead are both set in the same",no,no,Correct,1.1128
underspecified,6,dev_0247,no,"NO. ""Let There Be Light"" is a 2020 documentary",no,no,Correct,1.1136
underspecified,6,dev_0260,no,NO,no,no,Correct,1.108
underspecified,6,dev_0277,no,NO. Michael and Pam did not date on The Office. They were coworkers and,no,no,Correct,1.1122999999999998
underspecified,6,dev_0290,no,NO. Elena does not die for good in *The Vampire Diaries*. She,no,no,Correct,1.1127
underspecified,6,dev_0303,no,NO. Arizona Robbins did not die in season 8 of Grey's Anatomy.,no,no,Correct,1.1111
underspecified,6,dev_0231,yes,"NO. Penne alla vodka typically contains tomatoes, cream, and sometimes garlic and",no,no,Incorrect,1.112
underspecified,6,dev_0401,yes,NO. Whole wheat rice and brown rice are not the same. Brown rice refers,no,no,Incorrect,1.1116
underspecified,6,dev_0420,yes,NO. Red velvet cake typically contains cocoa powder but does not rely on chocolate for,no,no,Incorrect,1.1058
underspecified,6,dev_0571,yes,"NO. Chicken cordon bleu is typically made with ham and Swiss cheese,",no,no,Incorrect,1.108
underspecified,6,dev_0583,yes,NO. Pork back ribs and baby back ribs are different cuts of pork. Baby,no,no,Incorrect,1.111
underspecified,6,dev_0765,yes,"NO, salted duck eggs do not need to be cooked before eating, although",no,no,Incorrect,1.1093
underspecified,6,dev_0778,yes,NO. A cookie sheet and a sheet pan are similar but not exactly the same,no,no,Incorrect,1.1132
underspecified,6,dev_0815,yes,NO. Sprite does not contain lemon or lime flavors. It primarily has a citrus,no,no,Incorrect,1.1088
underspecified,6,dev_0073,no,"NO

While blue and pink cotton candy are visually different, they typically contain the",no,no,Correct,1.1109
underspecified,6,dev_0491,no,NO. Picante sauce and taco sauce are similar in that they both have a,no,no,Correct,1.1083
underspecified,6,dev_0615,no,NO. Rice noodles and glass noodles are different types of noodles made from different ingredients,no,no,Correct,1.109
underspecified,6,dev_0868,no,I don't know. While Fruit Roll-Ups are made with fruit juice concentrate,i,idk,IDK,1.11
underspecified,6,dev_0880,no,NO. Thousand Island dressing and French dressing are two different types of condiments.,no,no,Correct,1.108
underspecified,6,dev_0953,no,NO. Monster energy drinks do not contain alcohol. They are caffeine-based energy drinks,no,no,Correct,1.1164
underspecified,6,dev_0985,no,NO. Long Island Iced Teas do not contain tea. They are a,no,no,Correct,1.1125999999999998
underspecified,6,dev_0136,yes,NO. Battlefield 1 primarily focuses on multiplayer modes and does not have a traditional,no,no,Incorrect,1.1160999999999999
underspecified,6,dev_0367,yes,"NO

Devil May Cry 5 is not set after Devil May Cry",no,no,Incorrect,1.1113
underspecified,6,dev_0618,yes,"NO

The Dying Light: The Following Enhanced Edition typically includes the base game",no,no,Incorrect,1.1109
underspecified,6,dev_0720,yes,"NO. State of Decay 2, the sequel to State of Decay, supports",no,no,Incorrect,1.1145
underspecified,6,dev_0770,yes,"NO

This is a common gambling myth. On a standard roulette wheel, there",no,no,Incorrect,1.1118
underspecified,6,dev_0835,yes,"YES

Pokémon Let’s Go, Eevee! and Pokémon Let’s",yes,yes,Correct,1.1125
underspecified,6,dev_0896,yes,"NO

Naruto Ultimate Ninja Storm is primarily a fighting game series and does",no,no,Incorrect,1.1137000000000001
underspecified,6,dev_0434,no,"NO

Not all Xbox games are compatible with the Xbox One. While many older",no,no,Correct,1.1105999999999998
underspecified,6,dev_0489,no,"NO

While the Far Cry series features interconnected themes and settings across its games,",no,no,Correct,1.1169
underspecified,6,dev_0852,no,"NO

Phase 10 is typically designed for 2 to 10",no,no,Correct,1.1114000000000002
underspecified,6,dev_0870,no,"NO. A paladin does not have to be Lawful Good, although it",no,no,Correct,1.1102
underspecified,6,dev_1148,no,"NO

As of my last update, RollerCoaster Tycoon World is not",no,no,Correct,1.1107
underspecified,6,dev_2595,no,NO,no,no,Correct,1.1151
underspecified,6,dev_0281,yes,I don't know. The presence of tolls on Interstate 70 in,i,idk,IDK,1.1091
underspecified,6,dev_0528,yes,I don't know. The specific location of train stations in Atlantic City may require,i,idk,IDK,1.1144
underspecified,6,dev_0547,yes,NO. The Battery Tunnel in New York City does not have a toll. It,no,no,Incorrect,1.1122
underspecified,6,dev_0623,yes,"NO

The George Washington Bridge has tolls for both directions, although there are",no,no,Incorrect,2.4577
underspecified,6,dev_0626,yes,"NO. Skyline Drive is part of Shenandoah National Park, while the",no,no,Incorrect,1.1107
underspecified,6,dev_0686,yes,NO. Edinburgh Castle is not built on top of a volcano. The castle is,no,no,Incorrect,1.1065999999999998
underspecified,6,dev_0822,yes,"NO. Marble Falls, TX, is named after Marble Creek, but it does",no,no,Incorrect,1.1087
underspecified,6,dev_1210,yes,I don't know. The question seems to be specific and without more context about,i,idk,IDK,1.1119
underspecified,6,dev_0374,no,"NO. San Pedro, Laguna is not part of Metro Manila. It is located",no,no,Correct,1.1105
underspecified,6,dev_0900,no,"NO

Fort Walton Beach and Destin are two distinct cities in Florida, though",no,no,Correct,1.1105
underspecified,6,dev_0913,no,"NO. There is no place called ""Porpoise Spit"" in Australia.",no,no,Correct,1.1139000000000001
underspecified,6,dev_1234,no,"NO. The Gulf Stream is a powerful, warm ocean current found in the Atlantic",no,no,Correct,1.1094000000000002
underspecified,6,dev_1360,no,"I don't know. The question seems to be about a specific location, but",i,idk,IDK,1.1107
underspecified,6,dev_1544,no,I don't know. The status of I-30 as a toll road,i,idk,IDK,1.107
underspecified,6,dev_1588,no,NO. Lake George is a natural lake located in New York.,no,no,Correct,1.109
underspecified,6,dev_0344,yes,"NO

Immunity to arsenic does not develop in the same way as immunity",no,no,Incorrect,1.1103
underspecified,6,dev_0379,yes,NO. New England Baptist Hospital is not a teaching hospital. It is a community,no,no,Incorrect,1.1095
underspecified,6,dev_0474,yes,"NO

Women's One A Day is a dietary supplement, and while it may",no,no,Incorrect,1.1155
underspecified,6,dev_0614,yes,"NO

A cold water bath is generally not as effective as an ice bath for",no,no,Incorrect,1.1114000000000002
underspecified,6,dev_0655,yes,"NO

A hiatal hernia occurs when part of the stomach pushes up through",no,no,Incorrect,1.1093
underspecified,6,dev_1195,yes,NO. A blue-ringed octopus bite can be fatal if not treated promptly,no,no,Incorrect,1.1165999999999998
underspecified,6,dev_1197,yes,NO. An ectopic pregnancy cannot be carried to term because the fertilized egg,no,no,Incorrect,1.106
underspecified,6,dev_1313,yes,"NO

Relative risk and risk ratio refer to the same concept in epidemiology,",no,no,Incorrect,1.1108
underspecified,6,dev_1564,yes,NO,no,no,Incorrect,1.1148
underspecified,6,dev_0078,no,"NO

In",no,no,Correct,1.1122
underspecified,6,dev_0166,no,"NO. The recommended daily intake of fruits and vegetables varies based on age, gender",no,no,Correct,1.1097000000000001
underspecified,6,dev_0851,no,"YES

Attending a first aid course is indeed part of the chain of survival",yes,yes,Incorrect,1.1137000000000001
underspecified,6,dev_0861,no,"NO. In a junctional rhythm, the P waves are either absent or not",no,no,Correct,1.1098
underspecified,6,dev_0872,no,NO. A first-degree burn affects only the outer layer of skin (epider,no,no,Correct,1.111
underspecified,6,dev_1554,no,"NO

Chronic Lyme disease is not considered a recognized medical condition by the majority",no,no,Correct,1.1122999999999998
underspecified,6,dev_1719,no,NO. Extended release and sustained release are similar but not exactly the same. Extended,no,no,Correct,1.1129
underspecified,6,dev_1991,no,NO. The ring finger is not connected to the heart. This is a common,no,no,Correct,1.1107
underspecified,6,dev_2115,no,I don't know. The health of a sumo wrestler can vary widely depending,i,idk,IDK,1.1097000000000001
underspecified,6,dev_0105,yes,"NO. The Revolutionary War, which took place from 1775 to",no,no,Incorrect,1.1108
underspecified,6,dev_0125,yes,"NO

The eruption of Mount Vesuvius in 79 AD that destroyed",no,no,Incorrect,1.1155
underspecified,6,dev_0191,yes,NO. The Tomb of the Unknown Soldier typically does not contain the actual bodies of,no,no,Incorrect,1.1125
underspecified,6,dev_1292,yes,"NO. The Queen of England, Elizabeth II, did not marry her cousin.",no,no,Incorrect,1.1135
underspecified,6,dev_1338,yes,"YES

During the Gulf War, there were reports of oil wells being set on",yes,yes,Correct,1.1117000000000001
underspecified,6,dev_0388,no,"NO

Integration was not uniformly applied or enforced in the northern states. While many",no,no,Correct,1.1129
underspecified,6,dev_0703,no,I don't know. The exact current location of the Peacock Throne is unknown,i,idk,IDK,1.1285999999999998
underspecified,6,dev_0833,no,NO. The Edmund Fitzgerald沉船事件中没有发现任何幸存者或,no,no,Correct,1.1173
underspecified,6,dev_0874,no,YES. Despite the myth that no one could escape from Alcatraz due to,yes,yes,Incorrect,1.1077000000000001
underspecified,6,dev_1651,no,"NO

Cornwall, England, has a rich history of tin mining, but",no,no,Correct,1.1113
underspecified,6,dev_0072,yes,"It depends on the country. In some countries, a Possession Authorization License (",it,other,NC,1.1104
underspecified,6,dev_0258,yes,I don't know. The ability to buy alcohol on Sundays can vary by county,i,idk,IDK,1.1076
underspecified,6,dev_0286,yes,"NO

An administrative law judge (ALJ) is a type of judge who",no,no,Incorrect,1.1103
underspecified,6,dev_0348,yes,"NO. In the UK, it is illegal to keep skunks as pets.",no,no,Incorrect,1.1135
underspecified,6,dev_0467,yes,"NO

A certification of birth is a specific type of document that verifies the birth",no,no,Incorrect,1.1114000000000002
underspecified,6,dev_0515,yes,"NO

In most jurisdictions, a restraining order is typically used to protect individuals from",no,no,Incorrect,1.1122999999999998
underspecified,6,dev_0562,yes,"NO

Texas concealed carry permits are not automatically valid in New Mexico. Each state",no,no,Incorrect,2.4562
underspecified,6,dev_0636,yes,"NO

In California, carrying a firearm openly or concealed without a permit is generally",no,no,Incorrect,1.1093
underspecified,6,dev_0740,yes,"NO

In many constitutional systems, there is no specific time limit for the rat",no,no,Incorrect,1.1107
underspecified,6,dev_0838,yes,"NO

In Quebec, turning right on a red light is generally not allowed unless",no,no,Incorrect,1.1113
underspecified,6,dev_0864,yes,"NO

As of 2023, open carry of firearms is not",no,no,Incorrect,1.1114000000000002
underspecified,6,dev_0873,yes,"NO. With a learner's permit, you typically are not allowed to drive alone",no,no,Incorrect,1.1111
underspecified,6,dev_0901,yes,"It depends on the specific circumstances. Generally, driving over a median (divided",it,other,NC,1.1092
underspecified,6,dev_0909,yes,"YES

An X can be used as a signature, especially in informal or less",yes,yes,Correct,1.1115
underspecified,6,dev_1134,yes,"NO

New York State is an example of an American jurisdiction that follows the civil",no,no,Incorrect,1.1142999999999998
underspecified,6,dev_0198,no,"NO

New Hampshire has a ""shall issue"" permit-to-carry law,",no,no,Correct,1.1115
underspecified,6,dev_0215,no,I don't know. The hours and days of operation for liquor stores can vary,i,idk,IDK,1.1129
underspecified,6,dev_0223,no,"NO

Recording covers of songs is generally legal, but you need to obtain the",no,no,Correct,1.1077000000000001
underspecified,6,dev_0234,no,"NO. The age of consent varies by jurisdiction, but in most places, it",no,no,Correct,1.1136
underspecified,6,dev_0272,no,I don't know. The Taconic State Parkway's regulations regarding truck traffic,i,idk,IDK,1.1119
underspecified,6,dev_0453,no,"NO, in most jurisdictions, it is illegal to marry a sibling due to incest",no,no,Correct,1.1098
underspecified,6,dev_0499,no,"NO

Puerto Rico does not have voting representation in the U.S. Congress",no,no,Correct,1.1075
underspecified,6,dev_0552,no,"NO

In most prisons, personal phones are not allowed to ensure security and prevent",no,no,Correct,1.1132
underspecified,6,dev_0680,no,"NO

Trade secrets do not have a fixed time limit; they remain protected as",no,no,Correct,1.1079
underspecified,6,dev_0738,no,"NO

Taiwan is not a member of the Paris Convention for the Protection of",no,no,Correct,1.108
underspecified,6,dev_0771,no,NO. Payola is illegal in both Canada and the United States. It involves,no,no,Correct,1.1107
underspecified,6,dev_0888,no,"NO

Supreme Court justices are appointed for life and can only be removed through",no,no,Correct,1.1085
underspecified,6,dev_1135,no,"NO

A certified copy in the UK is a duplicate of an original document that",no,no,Correct,1.1093
underspecified,6,dev_1188,no,"NO

In the United States, individuals who are dishonorably discharged from the",no,no,Correct,1.1109
underspecified,6,dev_0339,yes,"NO

As an American, you typically need a passport or another accepted form of",no,no,Incorrect,1.1129
underspecified,6,dev_0357,yes,I don't know. The requirement to complete the American Community Survey (ACS),i,idk,IDK,1.1122999999999998
underspecified,6,dev_0498,yes,"NO

According to the Florida Constitution, the minimum age for a member of the",no,no,Incorrect,1.1125999999999998
underspecified,6,dev_0620,yes,I don't know. The United Nations may have been involved in conflicts related to,i,idk,IDK,1.1079
underspecified,6,dev_0878,yes,"NO. The national government refers to the central government of a country, while the",no,no,Incorrect,1.1097000000000001
underspecified,6,dev_1864,yes,NO,no,no,Incorrect,1.1174000000000002
underspecified,6,dev_2080,yes,"NO. The Coast Guard is part of the Department of Homeland Security, but it",no,no,Incorrect,1.117
underspecified,6,dev_2395,yes,"NO. In many countries, including Canada, the Governor-General (or their representative",no,no,Incorrect,1.1137000000000001
underspecified,6,dev_2639,yes,"NO

Canada is not a permanent member of the",no,no,Incorrect,1.1136
underspecified,6,dev_3155,yes,"I don't know. The eligibility for overseas service bars, including those for Korea",i,idk,IDK,1.1091
underspecified,6,dev_3209,yes,"YES

Attending the United States Naval Academy means you are preparing to become an",yes,yes,Correct,1.1087
underspecified,6,dev_0209,no,NO. Israel is not part of the European Economic Area (EEA). The,no,no,Correct,1.1119
underspecified,6,dev_0273,no,"NO

In most cases, you only need to pay the toll once when crossing",no,no,Correct,1.1131
underspecified,6,dev_0404,no,NO,no,no,Correct,1.1165
underspecified,6,dev_0567,no,"NO

Romania is not part of the Visa Waiver Program (VWP",no,no,Correct,1.1131
underspecified,6,dev_0675,no,"NO

Saudi Arabia has not signed the Universal Declaration of",no,no,Correct,1.1118
underspecified,6,dev_1172,no,NO. Turkey is not a full member of the European Union. It has been,no,no,Correct,1.1148
underspecified,6,dev_1275,no,I don't know. The ability to wear state awards on active duty may depend,i,idk,IDK,1.1071
underspecified,6,dev_1971,no,NO,no,no,Correct,1.1164
underspecified,6,dev_2001,no,NO. The presidential pardon power applies only to federal crimes and does not extend to,no,no,Correct,1.1138
underspecified,6,dev_3004,no,I don't know. The ability to purchase council houses before 197,i,idk,IDK,1.1122999999999998
underspecified,6,dev_3256,no,I don't know. The presence of cameras at traffic lights can vary by location,i,idk,IDK,1.1096
underspecified,6,dev_1132,yes,NO. Pink quartz and rose quartz are similar but distinct gemstones. While both,no,no,Incorrect,1.1122
underspecified,6,dev_1233,yes,"NO. In an adiabatic process, there is no heat exchange with",no,no,Incorrect,2.4551
underspecified,6,dev_1511,yes,NO. The heat index and RealFeel are related but distinct concepts. The heat,no,no,Incorrect,1.111
underspecified,6,dev_1633,yes,"NO

Nail acetone and paint acetone are both types of acetone",no,no,Incorrect,1.1145999999999998
underspecified,6,dev_2007,yes,NO. Liquefied petroleum gas (LPG) typically refers to a,no,no,Incorrect,1.1096
underspecified,6,dev_2214,yes,"NO. Dry water is not a standard term in materials science. However, there",no,no,Incorrect,1.1083
underspecified,6,dev_2239,yes,NO. The speed of sound in a medium (such as air) at a,no,no,Incorrect,1.1119
underspecified,6,dev_2299,yes,"NO. Rain typically requires the presence of clouds, where water vapor condenses into",no,no,Incorrect,1.1115
underspecified,6,dev_2303,yes,NO. While all known forms of life on Earth share some common essential elements such,no,no,Incorrect,1.1122999999999998
underspecified,6,dev_2477,yes,"NO. In many standard definitions, 0 is not included in the set of",no,no,Incorrect,1.1125
underspecified,6,dev_2993,yes,"NO. Eidetic memory and photographic memory are often used interchangeably, but they",no,no,Incorrect,1.1112
underspecified,6,dev_3126,yes,"NO

Upside-down rainbows, also known as inferior rainbows, are",no,no,Incorrect,1.1137000000000001
underspecified,6,dev_3188,yes,NO. A turkey vulture and a buzzard are not the same. Turkey,no,no,Incorrect,1.1104
underspecified,6,dev_3193,yes,"NO

The Georgia Aquarium does not have whale sharks. Whale sharks are typically housed",no,no,Incorrect,1.109
underspecified,6,dev_3234,yes,NO. A rhombus is a type of quadrilateral where all four sides,no,no,Incorrect,1.1099
underspecified,6,dev_3265,yes,NO. The Titius–Bode rule is a empirical formula that predicts the,no,no,Incorrect,1.112
underspecified,6,dev_0001,no,"NO

Ethanol production generally produces more energy than it consumes, although the exact",no,no,Correct,1.1051
underspecified,6,dev_0579,no,"NO

While it's a common belief that you can hear the sound of the",no,no,Correct,1.1164
underspecified,6,dev_1003,no,NO. Least squares is a method used in linear regression to estimate the parameters of,no,no,Correct,1.1153
underspecified,6,dev_1483,no,"NO. A meter stick is a unit of length in the metric system, equal",no,no,Correct,1.0532000000000001
underspecified,6,dev_1551,no,"NO.

Australia is not part of the Ring of Fire. The Ring of Fire",no,no,Correct,1.1152
underspecified,6,dev_1702,no,NO. While both pterodactyls and Pteranodons,no,no,Correct,1.1162999999999998
underspecified,6,dev_1925,no,NO. Percent difference and percent change are similar but used in different contexts. Percent,no,no,Correct,1.108
underspecified,6,dev_2025,no,"NO. The load is the object that the lever moves or lifts, not the",no,no,Correct,1.1097000000000001
underspecified,6,dev_2312,no,NO. Turpentine and white spirit are similar in that they are both sol,no,no,Correct,1.1065999999999998
underspecified,6,dev_2471,no,"NO. A fixed pulley has a mechanical advantage of 1, meaning it",no,no,Correct,1.1104
underspecified,6,dev_2521,no,NO. The t-distribution does not have a standard deviation of 1.,no,no,Correct,1.1160999999999999
underspecified,6,dev_2782,no,"NO

The hydronium ion (H₃O⁺) is",no,no,Correct,1.1132
underspecified,6,dev_2812,no,NO. The salinity in the ocean generally decreases with depth because water at the,no,no,Correct,1.1145
underspecified,6,dev_3014,no,NO. The days do not get longer and shorter at the Equator. Days,no,no,Correct,1.1107
underspecified,6,dev_3034,no,"NO

Hydraulic lime and hydrated lime are related but distinct materials. Hydraulic lime",no,no,Correct,2.4537
underspecified,6,dev_3159,no,NO. While chipmunks and ground squirrels are both types of rodents and,no,no,Correct,1.1109
underspecified,6,dev_3190,no,"NO

Mahi-mahi and ahi tuna are different fish species. Mah",no,no,Correct,1.1132
underspecified,6,dev_0682,yes,"NO

A sermon and a homily are often used interchangeably, but there",no,no,Incorrect,1.1157000000000001
underspecified,6,dev_0735,yes,"YES

In the United States, secondary school typically refers to high school, which",yes,yes,Correct,1.1149
underspecified,6,dev_1505,yes,NO. The University of St. Thomas is a nonprofit institution.,no,no,Incorrect,1.1128
underspecified,6,dev_1668,yes,"NO

Church of England (Anglican) worshippers do not typically make",no,no,Incorrect,1.1154000000000002
underspecified,6,dev_2373,yes,"NO. ""Lord of All Hopefulness"" is not specifically a funeral hymn",no,no,Incorrect,1.1125999999999998
underspecified,6,dev_2793,yes,"NO

Eastern Kentucky University is a Division II school in the Ohio Valley Conference.",no,no,Incorrect,1.1108
underspecified,6,dev_2929,yes,"NO. Child psychology focuses specifically on the psychological aspects of children, while developmental psychology",no,no,Incorrect,1.116
underspecified,6,dev_0605,no,NO. BYU (Brigham Young University) does not require applicants to be members,no,no,Correct,1.1135
underspecified,6,dev_0908,no,I don't know. The accreditation status of specific institutions like the American College of,i,idk,IDK,1.1124
underspecified,6,dev_1388,no,NO. UCL (University College London) and the University of London are related,no,no,Correct,1.1133
underspecified,6,dev_1521,no,NO. Sweden does not pay students to attend school. The country provides free education,no,no,Correct,1.1127
underspecified,6,dev_2334,no,NO. The Book of Jasher is not included in the canonical texts of the,no,no,Correct,1.1109
underspecified,6,dev_2641,no,NO. A double-barrel surname does not have to be hyphenated.,no,no,Correct,1.1084
underspecified,6,dev_0347,yes,NO. The Women's College World Series is single-elimination. Teams continue,no,no,Incorrect,1.1100999999999999
underspecified,6,dev_0411,yes,"I don't know. The term ""Redskins"" refers to multiple teams throughout",i,idk,IDK,2.455
underspecified,6,dev_0439,yes,"NO

The Milwaukee Brewers have never won the World Series. They have made it",no,no,Incorrect,1.1165999999999998
underspecified,6,dev_0452,yes,NO. Belgium has not won the FIFA World Cup and has never reached the final,no,no,Incorrect,1.1105
underspecified,6,dev_0585,yes,"NO

In rugby union, there is a scrum, but in rugby league",no,no,Incorrect,1.1139000000000001
underspecified,6,dev_0656,yes,"NO

Kaká did not play in the 2002 World",no,no,Incorrect,1.1138
underspecified,6,dev_0661,yes,NO. The KSI vs. Logan Paul fight was not a pay-per-view,no,no,Incorrect,1.1105
underspecified,6,dev_0701,yes,YES. The Kentucky Derby is always held on the first Saturday in May. It,yes,yes,Correct,1.1148
underspecified,6,dev_0704,yes,NO. Wayne Gretzky won four Stanley Cups with the Edmonton Oilers and one,no,no,Incorrect,1.1136
underspecified,6,dev_0752,yes,"NO

Professional soccer does not typically have a mercy rule. The game continues until",no,no,Incorrect,1.1095
underspecified,6,dev_0848,yes,"NO

In most professional sports leagues, there are specific windows during which teams can",no,no,Incorrect,1.1089
underspecified,6,dev_0883,yes,"NO. In most sports, such as baseball, basketball, and soccer, a",no,no,Incorrect,1.1109
underspecified,6,dev_1143,yes,NO,no,no,Incorrect,1.052
underspecified,6,dev_1305,yes,NO. A school cannot be both Division I and Division II of the NCAA.,no,no,Incorrect,1.1119
underspecified,6,dev_1497,yes,"NO

Alphonse Areola did not play in the 201",no,no,Incorrect,1.1144
underspecified,6,dev_1777,yes,"NO

Away goals do not typically count in league playoffs. League playoffs usually determine",no,no,Incorrect,1.1133
underspecified,6,dev_2250,yes,NO. Poland did not qualify for the 2018 FIFA World Cup,no,no,Incorrect,1.1148
underspecified,6,dev_2370,yes,"YES

Ireland has indeed beaten the Wallabies (Australia) in Australia.",yes,yes,Correct,1.1115
underspecified,6,dev_0083,no,NO,no,no,Correct,1.1079
underspecified,6,dev_0085,no,NO,no,no,Correct,1.113
underspecified,6,dev_0170,no,NO. The Czech Republic has never won the FIFA World Cup. Their best performance,no,no,Correct,1.1144
underspecified,6,dev_0230,no,"NO

In Little League, you cannot run on a dropped third strike. The",no,no,Correct,1.1155
underspecified,6,dev_0412,no,"NO

The Miami Dolphins do not have a real dolphin in their stadium. Their",no,no,Correct,1.1152
underspecified,6,dev_0421,no,"NO

Penalty shoot-out goals do not count towards the Golden Boot, which",no,no,Correct,1.1105
underspecified,6,dev_0447,no,NO. Panama has not qualified for the FIFA World Cup as of the last update,no,no,Correct,1.1134000000000002
underspecified,6,dev_0544,no,I don't know. Trinity Forest Golf Club is a private course. To confirm,i,idk,IDK,1.1131
underspecified,6,dev_0565,no,"NO

Walks are not included in the batting average calculation. The batting average",no,no,Correct,1.1131
underspecified,6,dev_0589,no,NO,no,no,Correct,1.1080999999999999
underspecified,6,dev_0593,no,"NO

Teams do not keep the actual FIFA World Cup trophy after winning it.",no,no,Correct,1.1144
underspecified,6,dev_0859,no,NO. The U.S. Open is not played on the same course every year,no,no,Correct,1.1133
underspecified,6,dev_0865,no,NO. The San Jose Sharks have not won a Stanley Cup. They have made,no,no,Correct,2.4504
underspecified,6,dev_1518,no,NO. Not all 2018 World Cup matches were played in Russia,no,no,Correct,1.1159000000000001
underspecified,6,dev_1768,no,NO. England has not won the Women's World Cup. The country's best,no,no,Correct,1.1138
underspecified,6,dev_1779,no,"NO

India did not qualify for the 2018 FIFA World Cup",no,no,Correct,1.1129
underspecified,6,dev_1905,no,"NO

According to the Laws of the Game, a player cannot be offside",no,no,Correct,1.1117000000000001
underspecified,6,dev_2156,no,NO. The New York Yankees did not win the World Series in 20,no,no,Correct,1.1155
underspecified,6,dev_2158,no,NO. The Cincinnati Bengals have never won a Super Bowl. Their closest call was,no,no,Correct,1.1147
underspecified,6,dev_2798,no,NO. The Super Bowl rings are typically awarded to the winning team as a symbol,no,no,Correct,1.1091
underspecified,6,dev_3138,no,NO. The Olympic gold medal is not made of pure gold. While it is,no,no,Correct,1.109
underspecified,6,dev_0307,yes,NO. 700c tires are smaller in diameter than 29,no,no,Incorrect,1.1116
underspecified,6,dev_0506,yes,YES. Drywall mud and joint compound are the same thing; they are used,yes,yes,Correct,1.112
underspecified,6,dev_0641,yes,I don't know. While there might be some compatibility between parts from different manufacturers,i,idk,IDK,1.1142
underspecified,6,dev_0844,yes,I don't know. While it's possible that Bell and Telus might share,i,idk,IDK,1.1129
underspecified,6,dev_1032,yes,"NO

In Canada, the toll-free prefix is typically 1-80",no,no,Incorrect,1.1096
underspecified,6,dev_1574,yes,"NO

Apple Lightning cables do not contain a chip; they use a connector with",no,no,Incorrect,1.1119
underspecified,6,dev_1889,yes,"NO. The Mazda Tribute and Ford Escape are different models from separate manufacturers, even",no,no,Incorrect,1.1072
underspecified,6,dev_2093,yes,"NO. Most emergency calling functions do not require a SIM card, but they typically",no,no,Incorrect,1.1145
underspecified,6,dev_2213,yes,NO. U.S. toll-free numbers are not free in Canada; they typically,no,no,Incorrect,2.4536
underspecified,6,dev_2735,yes,"NO

Pipelining is a technique used to improve the overall throughput of a",no,no,Incorrect,1.1137000000000001
underspecified,6,dev_2836,yes,NO. The F-4 Phantom II was retired from active service by most countries,no,no,Incorrect,1.1129
underspecified,6,dev_0788,no,"NO

MiniDV tapes and 8mm tapes are different formats. MiniDV",no,no,Correct,1.1149
underspecified,6,dev_0798,no,"NO

Area code 669 is not a toll-free number. It",no,no,Correct,1.1155
underspecified,6,dev_1249,no,"NO. In C++, strings can be represented using standard string classes like `std",no,no,Correct,1.1152
underspecified,6,dev_1458,no,"NO. Powered speakers contain their own amplifier, so they do not require an external",no,no,Correct,1.1147
underspecified,6,dev_1584,no,"YES

GMC offers a version of the Avalanche, which is essentially the same",yes,yes,Incorrect,1.1105
underspecified,6,dev_1589,no,"NO

A SIM-free phone is not locked to any specific network and can be",no,no,Correct,1.113
underspecified,6,dev_1657,no,"NO. The first iPhone, released in 2007, did not",no,no,Correct,1.1135
underspecified,6,dev_1691,no,"NO

Response time refers to the amount of time it takes for a pixel on",no,no,Correct,1.1114000000000002
underspecified,6,dev_1943,no,"NO. Membership to PlayStation Network is typically free, although there may be costs associated",no,no,Correct,1.1159000000000001
underspecified,6,dev_2682,no,NO. E-ZPass and EZ-PASS are different names for the same system,no,no,Correct,1.1131
underspecified,6,dev_2712,no,NO. A23 batteries and N batteries are not the same. A2,no,no,Correct,1.1091
underspecified,6,dev_0427,no,"NO

The Barber of Seville and Sweeney Todd are two different operatic",no,no,Correct,1.1105
underspecified,6,dev_0531,no,"NO

In J.R.R. Tolkien's Middle-earth, there are multiple dragons",no,no,Correct,1.1149
underspecified,6,dev_1915,no,"NO

""The Hunchback of Notre-Dame"" is a novel by Victor",no,no,Correct,1.1162999999999998
underspecified,6,dev_1946,no,NO. Snake Eyes and Storm Shadow are two distinct characters in the G.I.,no,no,Correct,1.1187
underspecified,6,dev_2024,no,NO. The foreword typically comes before the table of contents in a book's,no,no,Correct,1.1149
underspecified,6,dev_2265,no,NO. G major and E minor are different keys. G major has no shar,no,no,Correct,1.1152
underspecified,6,dev_0004,yes,"NO. ""Harry Potter and the Escape from Gringotts"" is a dark",no,no,Incorrect,1.1140999999999999
underspecified,6,dev_0241,yes,"NO. Mariah Carey did not write ""All I Want for Christmas Is You",no,no,Incorrect,1.1159000000000001
underspecified,6,dev_0326,yes,"NO

The Wizarding World of Harry Potter is located at Universal Studios Florida,",no,no,Incorrect,1.1148
underspecified,6,dev_0525,yes,"NO
Queen had several top-charting hits, but they never had a number",no,no,Incorrect,1.1122
underspecified,6,dev_0577,yes,"NO. Phil Collins and Peter Gabriel were both members of Genesis, but they did",no,no,Incorrect,1.1148
underspecified,6,dev_0799,yes,"NO

On Jeopardy!, contestants do not receive the actual money they win",no,no,Incorrect,1.1122
underspecified,6,dev_0142,no,NO,no,no,Correct,1.1080999999999999
underspecified,6,dev_0494,no,"NO. Fitness in biology refers to an organism's ability to survive and reproduce,",no,no,Correct,1.113
underspecified,6,dev_0527,no,NO. HeLa cells are derived from a cervical cancer tumor and have a characteristic,no,no,Correct,1.1151
underspecified,6,dev_0566,no,NO. Not all bacteria of a single species are exactly the same shape. While,no,no,Correct,2.4546
underspecified,6,dev_0648,no,NO. Evergreen trees do not lose their leaves in the winter. They maintain,no,no,Correct,1.1117000000000001
underspecified,6,dev_0668,no,NO. Red-eared sliders are freshwater turtles and do not typically live in the,no,no,Correct,1.1158
underspecified,6,dev_0749,no,"NO. Sensory neurons are part of the peripheral nervous system, not the central",no,no,Correct,1.117
underspecified,6,dev_0790,no,NO. Great white sharks typically inhabit coastal surface waters and do not live at the,no,no,Correct,1.11
underspecified,6,dev_0867,no,NO. The same genotype does not always result in the same phenotype because phenotypes,no,no,Correct,1.1117000000000001
underspecified,6,dev_0921,no,NO. Whale sharks are filter feeders and do not pose a threat to,no,no,Correct,1.1192
underspecified,6,dev_1088,no,"NO

Rabbits and cats are different species and cannot produce fertile offspring together",no,no,Correct,1.1108
underspecified,6,dev_1329,no,"NO

There are no bones in the earlobe. The earlobe is composed",no,no,Correct,1.1111
underspecified,6,dev_1402,no,NO. Tissue is composed of multiple types of cells that work together to perform,no,no,Correct,1.1124
underspecified,6,dev_1428,no,"NO
Sweat glands are part of the integumentary system, not",no,no,Correct,1.1108
underspecified,6,dev_1439,no,NO,no,no,Correct,1.1089
underspecified,6,dev_0020,yes,"YES

Magnesium citrate contains citric acid as part of its composition.",yes,yes,Correct,1.1151
underspecified,6,dev_0027,yes,"NO. Penguins do have feathers, but they arise from the dermis, not",no,no,Incorrect,1.1152
underspecified,6,dev_0047,yes,NO. The turkey vulture (Cathartes aura) is a real,no,no,Incorrect,1.1175
underspecified,6,dev_0070,yes,"NO

T. rex and Tyrannosaurus rex refer to the same genus",no,no,Incorrect,1.1182
underspecified,6,dev_0086,yes,"NO

While ""German Shepherd"" and ""Alsatian"" refer to the",no,no,Incorrect,1.1138
underspecified,6,dev_0121,yes,"NO

St. Bernards and Bernese Mountain Dogs are both breeds that originated",no,no,Incorrect,1.1145999999999998
underspecified,6,dev_0131,yes,"NO

The latent heat of vaporization generally remains relatively constant over a narrow range",no,no,Incorrect,1.1153
underspecified,6,dev_0147,yes,"NO

The navel and belly button refer to the same anatomical feature,",no,no,Incorrect,1.1145
underspecified,6,dev_0159,yes,"YES

Many trees can have more than one trunk, especially those that develop from",yes,yes,Correct,1.1122999999999998
underspecified,6,dev_0190,yes,"YES

Bees typically die after losing their stinger because the stinger is",yes,yes,Correct,1.1116
underspecified,6,dev_0195,yes,NO. Alligators do not drown their prey and eat it later. They typically,no,no,Incorrect,1.1128
underspecified,6,dev_0200,yes,"YES. Competitive inhibitors bind to the active site of the enzyme, competing with the",yes,yes,Correct,1.1129
underspecified,6,dev_0214,yes,NO. Animal cells do not have a cell membrane; they have a plasma membrane,no,no,Incorrect,1.1103
underspecified,6,dev_0242,yes,"YES

Both male and female bighorn sheep have horns, although the horns",yes,yes,Correct,1.1139000000000001
underspecified,6,dev_0522,yes,"NO

Hornets can sting multiple times, but their stingers are not",no,no,Incorrect,1.1138
underspecified,6,dev_0033,no,NO. Federal income tax is a tax levied by the federal government on the,no,no,Correct,1.1149
underspecified,6,dev_0123,no,"NO. Public limited companies (PLCs) are typically in the public sector,",no,no,Correct,1.11
underspecified,6,dev_0501,no,NO. Comcast and Time Warner are not the same company. They are separate media,no,no,Correct,2.4572
underspecified,6,dev_0526,no,"NO

Canadian dollars and American dollars are not the same. They have different values",no,no,Correct,1.1116
underspecified,6,dev_1076,no,"NO

Runs can affect not just commercial banks but also other financial institutions like investment",no,no,Correct,1.1117000000000001
underspecified,6,dev_1213,no,NO. Discretionary income and disposable income are related but not the same.,no,no,Correct,1.1119
underspecified,6,dev_1654,no,NO. Discouraged workers are not counted in the official unemployment rate. The,no,no,Correct,1.1098
underspecified,6,dev_1753,no,"NO

Universal Music Group and Universal Studios are separate entities within the larger NBCUniversal",no,no,Correct,1.1140999999999999
underspecified,6,dev_1825,no,"NO. Each bank in the UK has its own unique sort codes, which are",no,no,Correct,1.1140999999999999
underspecified,6,dev_2911,no,"NO. The United States has a floating exchange rate system, where the value of",no,no,Correct,1.1133
underspecified,6,dev_2740,no,NO. The Better Business Bureau is a non-governmental organization that works to promote,no,no,Correct,1.1122
underspecified,6,dev_2517,no,NO. The Bank of England is a public institution and the central bank of the,no,no,Correct,1.116
underspecified,6,dev_1139,yes,"NO. New Mexico does not have a state income tax. Instead, it relies",no,no,Incorrect,1.1122
underspecified,6,dev_0002,yes,NO. House tax and property tax are not the same. Property tax is generally,no,no,Incorrect,1.1136
underspecified,6,dev_0773,yes,YES. A company can be public but not listed on a stock exchange. This,yes,yes,Correct,1.1124
underspecified,6,dev_1186,yes,"YES

Universal life insurance policies typically include a cash value component, which accumulates",yes,yes,Correct,1.111
underspecified,6,dev_1302,yes,"YES

Dodge and Jeep vehicles are both manufactured by Stellantis, which",yes,yes,Correct,1.1107
underspecified,6,dev_1349,yes,NO. NPV (Net Present Value) does account for the time value of,no,no,Incorrect,1.1134000000000002
underspecified,6,dev_1771,yes,NO. A news release and a press release are essentially the same thing; both,no,no,Incorrect,1.1111
underspecified,6,dev_1804,yes,"YES
A two-dollar bill has monetary value and can be used for transactions.",yes,yes,Correct,2.4611
underspecified,6,dev_1873,yes,"NO. Stop & Shop is owned by Ahold Delhaize, while Giant",no,no,Incorrect,1.118
underspecified,6,dev_1963,yes,"NO

New Hampshire does not have a statewide sales tax, but local municipalities can",no,no,Incorrect,1.1134000000000002
underspecified,6,dev_2582,yes,"NO

A profit and loss statement is the same as an income statement. Both",no,no,Incorrect,1.114
underspecified,6,dev_2598,yes,"NO

Hellmann's and Best Foods were separate brands owned by Unilever",no,no,Incorrect,1.1125
underspecified,6,dev_3158,yes,I don't know. While there is often a relationship between economic development and social,i,idk,IDK,1.1136
underspecified,6,dev_0551,no,"NO. An oz typically refers to a unit of weight (ounce), while a",no,no,Correct,1.1111
underspecified,6,dev_1158,no,"NO. A crossover is generally considered a type of SUV, but it is distinct",no,no,Correct,1.1140999999999999
underspecified,6,dev_1364,no,NO. A jet engine is not an external combustion engine. Jet engines are typically,no,no,Correct,1.1102
underspecified,6,dev_1807,no,NO. The dimensions of 8.5×11 inches (US Letter,no,no,Correct,1.1108
underspecified,6,dev_2542,no,NO. Father's Day is not the first Sunday in September. It is typically,no,no,Correct,1.1145999999999998
underspecified,6,dev_2562,no,"NO

A ribeye steak and a Delmonico steak are similar but not",no,no,Correct,1.1151
underspecified,6,dev_3005,no,NO. An English Bull Terrier is not a Pit Bull. The English Bull,no,no,Correct,1.1154000000000002
underspecified,6,dev_3194,no,"NO

Corn chips and tortilla chips are similar in that they are both popular",no,no,Correct,1.1135
underspecified,6,dev_3195,no,NO. A boarding pass is different from a ticket. A ticket is the document,no,no,Correct,1.1140999999999999
underspecified,6,dev_0013,yes,"NO

Washing your hair with shower gel is generally not ideal, as hair",no,no,Incorrect,1.1128
underspecified,6,dev_0043,yes,"NO

There are multiple U.S. Interstates that go coast-to-coast",no,no,Incorrect,1.118
underspecified,6,dev_0052,yes,YES,yes,yes,Correct,1.1104
underspecified,6,dev_0091,yes,NO. A tablespoon is generally smaller than a dessert spoon. The size can vary,no,no,Incorrect,1.114
underspecified,6,dev_0116,yes,YES,yes,yes,Correct,1.1111
underspecified,6,dev_0288,yes,"NO. The UK primarily uses the 12-hour clock system, although the",no,no,Incorrect,1.1142
underspecified,6,dev_0555,yes,"NO. ZIP code is specific to the United States postal system, while postal code",no,no,Incorrect,1.113
underspecified,6,dev_0627,yes,"NO. The title ""Sir"" is specifically used for male members of the British",no,no,Incorrect,1.1133
underspecified,6,dev_0831,yes,NO. A U.S. passport card is not a valid form of ID for,no,no,Incorrect,1.1125
underspecified,6,dev_0721,no,"NO. ""Night of the Living Dead"" is a fictional horror film and not",no,no,Correct,1.1108
underspecified,6,dev_0863,no,"NO. ""Major Crimes"" is a spin-off of the television series ""The",no,no,Correct,1.1145
underspecified,6,dev_1357,no,NO. The View and The Talk are two separate television talk shows. The View,no,no,Correct,1.1115
underspecified,6,dev_1951,no,"YES

""The Bridge on the River Kwai"" is based on the novel of",yes,yes,Incorrect,1.1122
underspecified,6,dev_2131,no,NO. Nacho is a character from Better Call Saul but does not appear in,no,no,Correct,1.1113
underspecified,6,dev_2174,no,"NO. Fear the Walking Dead is a spin-off of The Walking Dead, focusing",no,no,Correct,2.4572
underspecified,6,dev_2252,no,NO. You do not have to be from America to be on America's Got,no,no,Correct,1.116
underspecified,6,dev_2309,no,NO. Maleficent and the Evil Queen are different characters from different fairy tales,no,no,Correct,1.1156
underspecified,6,dev_2364,no,NO. The Outsiders is a fictional coming-of-age story adapted from S.E,no,no,Correct,1.1127
underspecified,6,dev_3075,no,NO. Pulp Fiction is a fictional story and is not based on a true,no,no,Correct,1.1134000000000002
underspecified,6,dev_3205,no,"NO. The movie ""Lady Bird"" is about a high school student named Lady",no,no,Correct,1.1133
underspecified,6,dev_0015,yes,"YES

""Fantastic Beasts and Where to Find Them"" is indeed a pre",yes,yes,Correct,1.1100999999999999
underspecified,6,dev_0153,yes,"NO

There have been multiple adaptations of Margaret Atwood's novel ""The Hand",no,no,Incorrect,1.1135
underspecified,6,dev_0161,yes,YES,yes,yes,Correct,1.1154000000000002
underspecified,6,dev_0306,yes,NO. Grey's Anatomy is not filmed at a real hospital. The show is,no,no,Incorrect,1.1122999999999998
underspecified,6,dev_0334,yes,YES,yes,yes,Correct,1.116
underspecified,6,dev_0338,yes,"YES

Fear the Walking Dead and The Walking Dead are related as they are both",yes,yes,Correct,1.1148
underspecified,6,dev_0493,yes,"I don't know. ""Love Child"" is a television drama series, but",i,idk,IDK,1.1125
underspecified,6,dev_0520,yes,YES,yes,yes,Correct,1.114
underspecified,6,dev_0212,no,NO,no,no,Correct,1.108
underspecified,6,dev_0309,no,NO. Ground coriander and cumin are not the same thing. They,no,no,Correct,1.1147
underspecified,6,dev_0484,no,NO. Salt water taffy does not contain actual salt water. The name,no,no,Correct,1.1122999999999998
underspecified,6,dev_0654,no,NO. Beef short ribs and spare ribs come from different parts of the animal.,no,no,Correct,1.1128
underspecified,6,dev_0973,no,NO. Salt water taffy is not made with actual ocean water. The,no,no,Correct,1.1131
underspecified,6,dev_1335,no,NO. A cocoa bean comes from the cacao tree (Theobroma c,no,no,Correct,1.1105
underspecified,6,dev_1443,no,NO. A lungo is a longer and more dilute version of an espresso,no,no,Correct,1.107
underspecified,6,dev_0284,yes,"NO

Enameled cast iron cookware is designed to be safe and does",no,no,Incorrect,1.1157000000000001
underspecified,6,dev_0330,yes,"NO. The white cover on brie cheese, also known as bloomy r",no,no,Incorrect,1.1165
underspecified,6,dev_0443,yes,"NO. Powdered sugar, also known as confectioners' sugar, is",no,no,Incorrect,1.1132
underspecified,6,dev_0975,yes,NO. Wholemeal flour and whole wheat flour are similar but not exactly the same,no,no,Incorrect,1.1145
underspecified,6,dev_1741,yes,"NO. Garbanzo beans and chickpeas are the same thing, just",no,no,Incorrect,1.1129
underspecified,6,dev_1770,yes,"YES

Pure vanilla extract contains alcohol as a solvent to help extract the flavor from",yes,yes,Correct,1.1124
underspecified,6,dev_1860,no,"NO

Pinot Noir and Pinot Gris are not the same grape variety",no,no,Correct,1.1139000000000001
underspecified,6,dev_1967,yes,"NO. A caffe latte is a type of latte, specifically made with",no,no,Incorrect,1.1095
underspecified,6,dev_0236,no,NO. Straights in poker do not have to be the same suit. They,no,no,Correct,2.4535
underspecified,6,dev_0741,no,"NO. In solitaire, the goal is not to ""win"" in the",no,no,Correct,1.1096
underspecified,6,dev_1440,no,"YES

The Xbox One can play Xbox 360 discs through backward compatibility",yes,yes,Incorrect,1.1135
underspecified,6,dev_2062,no,"NO. A queen can move any number of squares vertically, horizontally, or diagon",no,no,Correct,1.1116
underspecified,6,dev_2109,no,"NO. Call of Duty: World at War is based on World War II,",no,no,Correct,1.1113
underspecified,6,dev_2137,no,"NO. To win a game of chess, you need to checkmate your opponent",no,no,Correct,1.1124
underspecified,6,dev_0478,yes,YES,yes,yes,Correct,1.1138
underspecified,6,dev_0545,yes,"NO

Just Cause 3 does not have a traditional, linear storyline like some",no,no,Incorrect,1.1133
underspecified,6,dev_1125,yes,"NO

Need for Speed primarily focuses on racing gameplay and doesn't typically include a",no,no,Incorrect,1.111
underspecified,6,dev_1137,yes,I don't know. The compatibility of specific games like Pokémon Crystal with Pokémon Stadium,i,idk,IDK,1.0492000000000001
underspecified,6,dev_1162,yes,"YES

You can play most DS games on a DS Lite because the DS Lite",yes,yes,Correct,1.1142
underspecified,6,dev_1177,yes,"YES

Company of Heroes 2 does have a campaign mode that allows players to",yes,yes,Correct,1.113
underspecified,6,dev_1444,yes,"NO

Original Xbox games do not work directly on Xbox One without additional hardware like",no,no,Incorrect,1.1132
underspecified,6,dev_0313,no,NO. St. Kitts and Nevis is an independent country and member of,no,no,Correct,1.1137000000000001
underspecified,6,dev_0823,no,NO. The Ogallala Aquifer is one of the largest aquifers in,no,no,Correct,1.1133
underspecified,6,dev_0839,no,NO. West Virginia and Virginia are not the same state. West Virginia separated from,no,no,Correct,1.118
underspecified,6,dev_1222,no,NO. The Isle of Man is not a part of Great Britain. It is,no,no,Correct,1.109
underspecified,6,dev_1254,no,NO. Sudan and South Sudan are two separate countries. They were part of Sudan,no,no,Correct,2.4653
underspecified,6,dev_1269,no,"NO. The Mississippi River flows into the Gulf of Mexico, not the Pacific Ocean",no,no,Correct,1.1100999999999999
underspecified,6,dev_1334,no,NO,no,no,Correct,1.1136
underspecified,6,dev_0184,yes,"YES

You can navigate from Lake Michigan to the Atlantic Ocean using a series of",yes,yes,Correct,1.1148
underspecified,6,dev_0322,yes,NO. The City of Industry is not in Los Angeles County. It is located,no,no,Incorrect,1.1128
underspecified,6,dev_0557,yes,"NO. The water in the Amazon River is saltwater mixed with freshwater, making",no,no,Incorrect,1.1134000000000002
underspecified,6,dev_0573,yes,"YES

You can access the Black Sea from the Mediterranean through the Strait of Gibraltar",yes,yes,Correct,1.1152
underspecified,6,dev_1179,yes,"NO. Phoenix is in the Mountain Time Zone, while Denver is also in the",no,no,Incorrect,1.1104
underspecified,6,dev_0619,yes,NO. The state of Texas is not bigger than Germany. Germany is significantly larger,no,no,Incorrect,1.1100999999999999
underspecified,6,dev_0650,yes,"NO. New York City consists of five boroughs: Manhattan, Brooklyn, Queens",no,no,Incorrect,1.1129
underspecified,6,dev_0734,yes,YES. You can navigate from Lake Erie to Lake Ontario via the Welland Canal,yes,yes,Correct,1.1100999999999999
underspecified,6,dev_0061,no,NO. An EMT-Basic is typically not authorized to start intravenous (,no,no,Correct,1.1105
underspecified,6,dev_0124,no,"NO. In the United States, healthcare is not universally free. While there are",no,no,Correct,1.1103
underspecified,6,dev_0914,no,NO. Stroke volume and ejection fraction are related but distinct cardiac measures. Stroke,no,no,Correct,1.112
underspecified,6,dev_0955,no,"NO

Mycosis fungoides is a type of cutaneous T-cell",no,no,Correct,1.1142999999999998
underspecified,6,dev_1610,no,"NO. Soft-tissue damage is a broader term that includes sprains, strains",no,no,Correct,1.1103
underspecified,6,dev_1790,no,"NO. The lining of the uterus, known as the endometrium, does",no,no,Correct,1.1122
underspecified,6,dev_2096,no,NO. An X-ray and an MRI are different medical imaging modalities that use,no,no,Correct,1.1122
underspecified,6,dev_2277,no,"NO

High dependency units (HDUs) and intensive care units (ICUs",no,no,Correct,1.1128
underspecified,6,dev_2499,no,NO. A Doctor of Physical Therapy (DPT) is not an MD (,no,no,Correct,1.1131
underspecified,6,dev_1959,yes,"YES

Normal body temperature can vary throughout the day, typically peaking in the",yes,yes,Correct,1.1122
underspecified,6,dev_1992,yes,NO. Rabies is typically not directly transmitted from person to person. It is,no,no,Incorrect,1.1147
underspecified,6,dev_2047,yes,"NO. Organs in the digestive system, such as the liver, pancreas",no,no,Incorrect,1.1144
underspecified,6,dev_1656,yes,"NO

While the expression ""broken heart"" is common and describes emotional distress,",no,no,Incorrect,1.1132
underspecified,6,dev_1663,yes,"NO

Turf toe typically refers to an injury of the big toe, but",no,no,Incorrect,1.1133
underspecified,6,dev_1752,yes,"NO

Triamcinolone cream is a corticosteroid used to",no,no,Incorrect,1.1172
underspecified,6,dev_2049,yes,"YES. The common femoral vein is considered a deep vein, located within the",yes,yes,Correct,1.1142999999999998
underspecified,6,dev_2050,yes,"YES

Drug tolerance can indeed be caused by receptor upregulation and downreg",yes,yes,Correct,1.1160999999999999
underspecified,6,dev_1442,yes,NO. A lipid profile and a lipid panel refer to the same set of tests,no,no,Incorrect,1.1112
underspecified,6,dev_0301,no,NO. The Berlin Wall and the Berlin Blockade are two distinct events during the,no,no,Correct,2.454
underspecified,6,dev_0480,no,NO,no,no,Correct,1.1182999999999998
underspecified,6,dev_1290,no,NO. Nova Scotia was not part of the 13 original colonies that formed,no,no,Correct,1.1122
underspecified,6,dev_1819,no,NO. The Czech Republic and Czechoslovakia are not the same country.,no,no,Correct,1.1176
underspecified,6,dev_2206,no,NO. The Emancipation Proclamation applied only to the Confederate states in rebellion,no,no,Correct,1.1148
underspecified,6,dev_0376,yes,NO. William the Conqueror's claim to the English throne was not considered,no,no,Incorrect,1.1177000000000001
underspecified,6,dev_0346,yes,"YES

Helicopters were not widely used during the Second World War, but",yes,yes,Correct,1.1138
underspecified,6,dev_0363,yes,NO. The U.S. stopped producing silver dollars for circulation in 19,no,no,Incorrect,1.1117000000000001
underspecified,6,dev_0535,yes,NO. Houston has never been the capital of Texas. The capital of Texas is,no,no,Incorrect,1.1131
underspecified,6,dev_0629,yes,"YES

The 13th Amendment to the United States Constitution abolished slavery and",yes,yes,Correct,1.1125
underspecified,6,dev_0179,no,NO. U.S. courts of appeals do not have original jurisdiction. They have,no,no,Correct,1.1144
underspecified,6,dev_0402,no,"NO. In the United Kingdom, polygamous marriages are not recognized, and",no,no,Correct,1.1135
underspecified,6,dev_0513,no,NO. A purchase price alone is generally not considered sufficient proof of part performance in,no,no,Correct,1.1125
underspecified,6,dev_0606,no,NO. Escaping from prison is illegal in Germany and is considered a serious crime,no,no,Correct,1.1119
underspecified,6,dev_0630,no,"NO

""Under honorable conditions"" is a term used to describe the circumstances under",no,no,Correct,1.1160999999999999
underspecified,6,dev_0795,no,NO. Driving laws can vary significantly from state to state in terms of speed limits,no,no,Correct,1.111
underspecified,6,dev_1457,no,NO. The Civil Rights Act is not part of the U.S. Constitution.,no,no,Correct,1.115
underspecified,6,dev_1776,no,NO. An Employment Authorization Document (EAD) allows a person to work in,no,no,Correct,1.1165
underspecified,6,dev_1862,no,"NO. The FCC's equal-time rule applies to radio and television stations, not",no,no,Correct,1.111
underspecified,6,dev_1911,no,"NO

There is no mandatory retirement age for U.S. Supreme Court justices.",no,no,Correct,1.1168
underspecified,6,dev_2755,no,NO,no,no,Correct,1.1125999999999998
underspecified,6,dev_2756,no,"NO. The Bill of Rights, which consists of the first ten amendments to the",no,no,Correct,1.1131
underspecified,6,dev_2921,no,"NO

Property tax and council tax are different types of taxes. Property tax is",no,no,Correct,1.1139000000000001
underspecified,6,dev_2972,no,NO. Commercial law and corporate law are related but distinct areas of law. Commercial,no,no,Correct,1.1128
underspecified,6,dev_0009,yes,NO. You cannot drive in Canada with a U.S. driver's license;,no,no,Incorrect,1.1113
underspecified,6,dev_0038,yes,"NO

Recording a cover of a song typically requires obtaining a mechanical license and sometimes",no,no,Incorrect,1.1098
underspecified,6,dev_0129,yes,"NO

In Florida, private sales of firearms must go through a licensed firearms dealer",no,no,Incorrect,1.1128
underspecified,6,dev_0202,yes,"NO

Breaking and entering into a car is generally considered a misdemeanor, not a",no,no,Incorrect,1.1122999999999998
underspecified,6,dev_0308,yes,"NO. In many countries, it is not illegal for a minor to be in",no,no,Incorrect,1.1095
underspecified,6,dev_0584,yes,NO. The First Amendment is part of the Bill of Rights in the United States,no,no,Incorrect,1.1119
underspecified,6,dev_0644,yes,"YES, in New York City, you are required to pull over to the side",yes,yes,Correct,1.1122999999999998
underspecified,6,dev_0653,yes,YES. The Family Medical Leave Act (FMLA) is a federal law in,yes,yes,Correct,1.117
underspecified,6,dev_0671,yes,"NO

As of now, Kansas does not have the death penalty. The state",no,no,Incorrect,1.1134000000000002
underspecified,6,dev_0757,yes,YES. Stealing a street sign is generally considered vandalism or theft and can result,yes,yes,Correct,1.1139000000000001
underspecified,6,dev_1059,yes,"NO

The Supreme Court can review and potentially invalidate an executive order if it determines",no,no,Incorrect,1.113
underspecified,6,dev_1067,yes,"NO

The Preamble is not considered a part of the actual text of the",no,no,Incorrect,1.1129
underspecified,6,dev_1097,yes,"NO. In Canada, you do not have the explicit ""right to remain silent",no,no,Incorrect,1.0517
underspecified,6,dev_1131,yes,NO. Illinois does not have a stand your ground law. The state follows a,no,no,Incorrect,1.1105999999999998
underspecified,6,dev_1324,yes,"NO

In the United States, carrying an open container of alcohol, including a",no,no,Incorrect,1.1087
underspecified,6,dev_0305,no,"NO

India uses multiple criteria for classifying states, including geographical, historical,",no,no,Correct,1.1134000000000002
underspecified,6,dev_0465,no,NO. The National Guard is not part of the Coast Guard. The National Guard,no,no,Correct,1.1182
underspecified,6,dev_0508,no,"NO. According to the United States Constitution, specifically the 22nd Amendment",no,no,Correct,1.1116
underspecified,6,dev_0518,no,NO. The Justice Department is part of the executive branch. It is responsible for,no,no,Correct,1.1122
underspecified,6,dev_0572,no,NO. A legislator is a broader term that can refer to members of various,no,no,Correct,1.112
underspecified,6,dev_0898,no,"NO

In Canada, only Canadian citizens and certain categories of non-permanent residents",no,no,Correct,1.1119
underspecified,6,dev_1154,no,NO. The number of justices on the Supreme Court has changed over time. When,no,no,Correct,1.109
underspecified,6,dev_1221,no,NO. A filibuster is a procedural tactic used primarily in the Senate to delay,no,no,Correct,2.4532
underspecified,6,dev_1244,no,NO. Canada and Australia are independent countries and were never part of the United Kingdom,no,no,Correct,1.1113
underspecified,6,dev_1245,no,NO. Turkey is not a member of the European Economic Area (EEA).,no,no,Correct,1.112
underspecified,6,dev_1273,no,NO,no,no,Correct,1.116
underspecified,6,dev_0647,yes,NO. Not every nation-state has a national government. Some territories may lack a,no,no,Incorrect,1.1122999999999998
underspecified,6,dev_0254,yes,NO. The Vice President of the United States is not the President of the Senate,no,no,Incorrect,1.1169
underspecified,6,dev_0486,yes,YES. The United States Postal Service (USPS) is an independent agency within,yes,yes,Correct,1.1119
underspecified,6,dev_0736,yes,"NO. The World Bank is not directly affiliated with the United Nations, although both",no,no,Incorrect,1.1104
underspecified,6,dev_0814,yes,NO. The Air Force focuses on aerial warfare and does not have ground combat troops,no,no,Incorrect,1.1124
underspecified,6,dev_1477,yes,"YES, the cabinet is typically part of the executive branch in most government structures.",yes,yes,Correct,1.1078
underspecified,6,dev_1721,yes,"NO. There are no U.S. military bases in the UK, although there",no,no,Incorrect,1.1127
underspecified,6,dev_1786,yes,"YES. New York City still has rent control through the rent stabilization program, which",yes,yes,Correct,1.1140999999999999
underspecified,6,dev_1970,yes,YES. A state ID is a government-issued ID.,yes,yes,Correct,1.1174000000000002
underspecified,6,dev_1985,yes,"YES

The United States Supreme Court has recognized a constitutional right to privacy through various",yes,yes,Correct,1.1119
underspecified,6,dev_2448,no,"NO

Puerto Rico does not have the right to vote in presidential elections.",no,no,Correct,1.1153
underspecified,6,dev_0066,yes,"YES

In any triangle, the sum of the interior angles is always 1",yes,yes,Correct,1.1113
underspecified,6,dev_0088,yes,"NO. According to Einstein's famous equation \( E = mc^2 \),",no,no,Incorrect,1.1105999999999998
underspecified,6,dev_0196,yes,"NO. While Tyrannosaurus rex fossils, including skulls, have been discovered",no,no,Incorrect,1.1151
underspecified,6,dev_0262,yes,YES. A real image can be projected onto a screen if it is formed on,yes,yes,Correct,1.1063
underspecified,6,dev_0271,yes,NO. An outcome variable and a dependent variable are similar but not exactly the same,no,no,Incorrect,1.11
underspecified,6,dev_0329,yes,NO. The Sun orbits around the center of the Milky Way. It completes one,no,no,Incorrect,1.1137000000000001
underspecified,6,dev_0331,yes,YES. A wheel and axle is considered one of the six classical simple machines.,yes,yes,Correct,1.1142
underspecified,6,dev_0387,yes,"NO

Density does not depend on the type of material; it depends on the",no,no,Incorrect,1.1118
underspecified,6,dev_0418,yes,"YES

Thunder and lightning can occur during a snowstorm, especially in what is",yes,yes,Correct,1.1139000000000001
underspecified,6,dev_0616,yes,"NO

Bicarbonate of soda and baking soda are the same thing. Both",no,no,Incorrect,1.1116
underspecified,6,dev_0638,yes,YES. All rhombuses have two pairs of parallel sides.,yes,yes,Correct,1.1114000000000002
underspecified,6,dev_0657,yes,NO,no,no,Incorrect,1.1093
underspecified,6,dev_0692,yes,"NO

Hydrometers are typically used to measure the density or specific gravity",no,no,Incorrect,1.1109
underspecified,6,dev_0744,yes,"NO

Polynomials are expressions consisting of variables and coefficients, involving operations of addition",no,no,Incorrect,1.1079
underspecified,6,dev_0797,yes,"YES

Average velocity has both magnitude and direction, making it a vector quantity.",yes,yes,Correct,1.1084
underspecified,6,dev_0842,yes,"YES

Diffraction is a wave phenomenon where waves bend around obstacles or spread out",yes,yes,Correct,1.1107
underspecified,6,dev_1379,yes,"NO

Talc and talcum powder are related but not exactly the same.",no,no,Incorrect,1.1117000000000001
underspecified,6,dev_0126,no,"NO. According to our current understanding of physics, particularly Einstein's theory of rel",no,no,Correct,1.1135
underspecified,6,dev_0342,no,NO. The speed of sound varies depending on the material it travels through and the,no,no,Correct,1.1132
underspecified,6,dev_0437,no,NO. While it's possible for a full moon to occur on the summer sol,no,no,Correct,1.1165999999999998
underspecified,6,dev_0553,no,"NO. In a parallelogram, opposite angles are equal, but adjacent angles",no,no,Correct,1.1112
underspecified,6,dev_0652,no,NO. The square root of 3 is not a rational number; it is,no,no,Correct,1.1072
underspecified,6,dev_0708,no,NO. Negative numbers cannot be perfect squares because perfect squares are obtained by multiplying a,no,no,Correct,1.109
underspecified,6,dev_1083,no,"NO

Carbon-14 dating is most effective for dating organic materials that are",no,no,Correct,1.1139000000000001
underspecified,6,dev_1142,no,"NO

Quantum entanglement does not allow for the transfer of information faster",no,no,Correct,1.1117000000000001
underspecified,6,dev_1354,no,"NO. The depth of the water table varies depending on factors such as precipitation,",no,no,Correct,1.1127
underspecified,6,dev_1460,no,"NO

A single-subject research design is most appropriate for studies involving small sample",no,no,Correct,1.1159000000000001
underspecified,6,dev_1468,no,NO. Sodium lactate and lactic acid are related but different compounds. L,no,no,Correct,1.1145
underspecified,6,dev_1559,no,"NO. 

The function \(\log x\) typically refers to the logarithm",no,no,Correct,1.1119
underspecified,6,dev_1595,no,NO. Reverse osmosis water and deionized water are similar in that,no,no,Correct,1.1168
underspecified,6,dev_1643,no,"NO

Static pressure is not the same as atmospheric pressure. Static pressure is the",no,no,Correct,1.1120999999999999
underspecified,6,dev_1692,no,"NO

Atmospheric pressure is not always 1 atm (atmosphere",no,no,Correct,2.4551999999999996
underspecified,6,dev_1726,no,NO. The vagus nerve is part of the peripheral nervous system (PNS,no,no,Correct,1.1145999999999998
underspecified,6,dev_0008,yes,"NO. In standard English orthography, the letter Q is always followed by the",no,no,Incorrect,1.1077000000000001
underspecified,6,dev_0323,yes,"NO. ""Song of Solomon"" and ""Song of Songs"" are the same",no,no,Incorrect,1.1122999999999998
underspecified,6,dev_0794,yes,"YES

Erving Goffman is associated with the dramaturgical model",yes,yes,Correct,1.1159000000000001
underspecified,6,dev_0866,yes,"YES

For example, the word ""cinq"" (French for ""five",yes,yes,Correct,1.1082
underspecified,6,dev_0910,yes,YES. The Dewey Decimal System is still in use by many libraries around the,yes,yes,Correct,1.11
underspecified,6,dev_0992,yes,"NO

In many educational systems, students in elementary school are not typically held back",no,no,Incorrect,1.1144
underspecified,6,dev_1446,yes,NO. The Church of England and the Anglican Church are related but distinct.,no,no,Incorrect,1.1168
underspecified,6,dev_0294,no,NO. Australian Sign Language (Auslan) and American Sign Language (ASL,no,no,Correct,1.1109
underspecified,6,dev_0521,no,"NO

The word ""kangaroo"" does not mean ""I don't",no,no,Correct,1.1118
underspecified,6,dev_0943,no,"NO. The Book of Deuteronomy is in the Old Testament, not the",no,no,Correct,1.1100999999999999
underspecified,6,dev_1887,no,"NO

The Persian and Arabic alphabets are similar in that they both use",no,no,Correct,1.1125999999999998
underspecified,6,dev_2892,no,NO. Scottish Gaelic and Irish Gaelic are related but distinct Celtic languages.,no,no,Correct,1.1120999999999999
underspecified,6,dev_2691,no,"NO. King's College London is an independent university, separate from the University of",no,no,Correct,1.1134000000000002
underspecified,6,dev_0065,yes,YES. Several players from the 1980 U.S. Olympic hockey,yes,yes,Correct,1.1124
underspecified,6,dev_0245,yes,"NO. In American football, a player can only forward pass the ball once per",no,no,Incorrect,1.1105999999999998
underspecified,6,dev_0315,yes,"YES. Soccer can be played on a football field, though the rules and gameplay",yes,yes,Correct,1.1089
underspecified,6,dev_0361,yes,"NO

Chewing tobacco is not banned in Major League Baseball, although its use",no,no,Incorrect,1.1116
underspecified,6,dev_0550,yes,"NO

Tie games in baseball are not common. If a game is tied",no,no,Incorrect,1.1144
underspecified,6,dev_0595,yes,NO. The Ivy League does not have a basketball tournament. The Ivy League does,no,no,Incorrect,1.1095
underspecified,6,dev_0966,yes,"NO

The round of 16 in the World Cup is part of a",no,no,Incorrect,1.1089
underspecified,6,dev_1078,yes,"NO

All NHL teams have won the Stanley Cup at least once since its inception",no,no,Incorrect,1.1145999999999998
underspecified,6,dev_1224,yes,NO. A rugby field is generally longer than a football (soccer) field,no,no,Incorrect,1.1092
underspecified,6,dev_1251,yes,"NO. Croatia has not won the FIFA World Cup, but they have performed well",no,no,Incorrect,1.1138
underspecified,6,dev_1260,yes,I don't know. The suitability of Nike Air Force 1s for basketball,i,idk,IDK,1.114
underspecified,6,dev_1278,yes,NO. Cal Ripken Jr. was elected to the Baseball Hall of Fame in,no,no,Incorrect,1.1125999999999998
underspecified,6,dev_1462,yes,"NO

While the FIFA World Cup does have an opening match, it traditionally does",no,no,Incorrect,1.1125
underspecified,6,dev_1494,yes,NO. You cannot be offside during a corner kick. According to the Laws,no,no,Incorrect,1.1124
underspecified,6,dev_1543,yes,"NO

No NHL team has ever come back from a 3-0 deficit",no,no,Incorrect,1.1149
underspecified,6,dev_2012,yes,"YES

Dwight Howard did play for the Houston Rockets from 20",yes,yes,Correct,1.1129
underspecified,6,dev_2118,yes,"NO. Twisting a person's wrist can cause injury, but it is not",no,no,Incorrect,1.1149
underspecified,6,dev_2272,yes,"NO. AstroTurf is a brand name for artificial grass, but not all",no,no,Incorrect,1.1107
underspecified,6,dev_2338,yes,"NO

A player cannot play in both the Europa League and the Champions League for",no,no,Incorrect,1.1138
underspecified,6,dev_2498,yes,"NO. In Major League Baseball history, there has never been a documented case of",no,no,Incorrect,1.1089
underspecified,6,dev_2509,yes,NO. No NBA team has come back from a 3-1 deficit in,no,no,Incorrect,2.4765
underspecified,6,dev_2917,yes,NO. The Tampa Bay Lightning have not won a Stanley Cup. They have made,no,no,Incorrect,1.1105
underspecified,6,dev_2966,yes,"NO. In the NBA, players must be at least 19 years old",no,no,Incorrect,1.113
underspecified,6,dev_2974,yes,YES. Running for 24 hours is possible and is part of various ultra,yes,yes,Correct,1.1133
underspecified,6,dev_3007,yes,"NO

The Tour de France follows a fixed route each year, although the exact",no,no,Incorrect,1.1147
underspecified,6,dev_3199,yes,"NO

A club professional has never won the PGA Championship. The PGA Championship has",no,no,Incorrect,1.1135
underspecified,6,dev_0222,no,"NO

NCAA (National Collegiate Athletic Association) and NBA (National Basketball",no,no,Correct,1.1124
underspecified,6,dev_0398,no,"NO. In soccer, you cannot score directly from a throw-in. A goal",no,no,Correct,1.1138
underspecified,6,dev_0426,no,"NO

In soccer, the goalkeeper can only handle the ball within their penalty area",no,no,Correct,1.1136
underspecified,6,dev_0464,no,NO. The golden goal rule was last used in major tournaments in the 2,no,no,Correct,1.1159000000000001
underspecified,6,dev_0563,no,NO. Croatia has not won the soccer World Cup. They have reached the final,no,no,Correct,1.1116
underspecified,6,dev_0658,no,NO. A walk in baseball is not a dead ball. When a batter is,no,no,Correct,1.112
underspecified,6,dev_1366,no,"NO

The Champions League trophy is not replaced every year. It is a permanent",no,no,Correct,1.1133
underspecified,6,dev_1471,no,"NO

A player cannot be offside from a throw-in. The offside",no,no,Correct,1.1119
underspecified,6,dev_1558,no,NO. The FIFA World Cup is held every four years.,no,no,Correct,1.1129
underspecified,6,dev_1580,no,NO. The Chicago White Sox play at Guaranteed Rate Field (formerly known as U,no,no,Correct,1.114
underspecified,6,dev_2401,no,NO. A batsman cannot be run out on a no-ball. Run out,no,no,Correct,1.1105
underspecified,6,dev_2436,no,NO. The fastest known time for running a mile is significantly faster than 2,no,no,Correct,1.115
underspecified,6,dev_3224,no,"NO

MLB games do not end in a tie. If a game is",no,no,Correct,1.1087
underspecified,6,dev_0022,yes,"NO. Spark plugs ignite the fuel-air mixture in the engine's cylinders, but",no,no,Incorrect,1.1104
underspecified,6,dev_0132,yes,"YES

Network Attached Storage (NAS) can indeed be used as a server for",yes,yes,Correct,1.1093
underspecified,6,dev_0268,yes,YES. An AGM (Absorbent Glass Mat) battery is a type,yes,yes,Correct,1.1127
underspecified,6,dev_0646,yes,"YES

Multithreading can be very useful even on a single processor because it",yes,yes,Correct,1.1094000000000002
underspecified,6,dev_0697,yes,"NO

Google Drive generally does not have a storage limit for individual accounts. However",no,no,Incorrect,1.1105
underspecified,6,dev_0935,yes,"YES

In a database table, you can have multiple foreign keys to establish relationships",yes,yes,Correct,1.1105
underspecified,6,dev_1159,yes,"NO

High-level languages are designed to be more abstract and easier to read and",no,no,Incorrect,1.1094000000000002
underspecified,6,dev_1376,yes,"YES

A database can contain multiple tables, which are organized in a structured format",yes,yes,Correct,1.1111
underspecified,6,dev_1646,yes,"NO

Cast-iron pans can be used on induction cooktops, but",no,no,Incorrect,1.1096
underspecified,6,dev_1869,yes,"YES

A database table can indeed have multiple foreign keys, each referencing a different",yes,yes,Correct,1.1097000000000001
underspecified,6,dev_2397,yes,"YES

Cell phone jammers are devices designed to block or interfere with cellular signals",yes,yes,Correct,1.1134000000000002
underspecified,6,dev_0512,no,NO. Microsoft Visio and Visual Studio are not the same. Visio is,no,no,Correct,1.109
underspecified,6,dev_1524,no,NO. The transmission and the engine are not the same thing. The engine produces,no,no,Correct,1.1085
underspecified,6,dev_1675,no,NO. Input lag and response time are related but distinct concepts in display technology.,no,no,Correct,1.1114000000000002
underspecified,6,dev_1723,no,"NO

Regular bulbs are not designed for 3-way lamps, which require specific",no,no,Correct,1.1108
underspecified,6,dev_2027,no,"NO

HD DVD and Blu-ray are two different optical disc formats that were competing",no,no,Correct,1.1120999999999999
underspecified,6,dev_2104,no,NO. The PlayStation 2 does not have built-in internet capabilities. You would,no,no,Correct,1.1135
underspecified,6,dev_2262,no,"NO. WordPad and Microsoft Word are both word processors, but they have different",no,no,Correct,1.1137000000000001
underspecified,6,dev_2431,no,"NO. In a tree data structure, each node can have multiple children but can",no,no,Correct,1.107
underspecified,6,dev_2524,no,NO. The iPhone SE and iPhone 5 are not the same. The iPhone,no,no,Correct,1.1128
underspecified,6,dev_3057,no,NO. Windows Subsystem for Linux (WSL) is not a virtual machine,no,no,Correct,1.1115
underspecified,6,dev_3167,no,NO. Gear oil and motor oil are not the same. While they both serve,no,no,Correct,1.1122
underspecified,21,dev_0023,yes,NO. A cape and a cloak are similar but distinct garments. A cape is,no,no,Incorrect,2.0966
underspecified,21,dev_0039,no,"NO

Carbon and hydrogen typically form nonpolar covalent bonds because they",no,no,Correct,2.1906999999999996
underspecified,21,dev_0055,no,NO. Wisconsin has not won a Little League World Series championship. The state has,no,no,Correct,2.1124
underspecified,21,dev_0059,no,"NO. ""The Five Heartbeats"" is a fictional R&B quartet",no,no,Correct,2.1976999999999998
underspecified,21,dev_0068,no,"NO. In most countries, including the United States, it is illegal to impose",no,no,Correct,2.1906999999999996
underspecified,21,dev_0087,yes,NO. The myth that a frog will jump out of boiling water if it is,no,no,Incorrect,2.1054
underspecified,21,dev_0107,no,"NO

In Australia, gambling winnings are generally not subject to income tax. However",no,no,Correct,2.1102
underspecified,21,dev_0120,yes,NO. A vehicle title and registration are related but distinct documents. The vehicle title,no,no,Incorrect,2.0707
underspecified,21,dev_0138,no,"NO

In the United States, the minimum legal drinking age is 21",no,no,Correct,2.1029
underspecified,21,dev_0151,no,"NO

Numbers do not look the same in all languages. Different cultures and languages",no,no,Correct,2.0946
underspecified,21,dev_0163,yes,"NO

The square root of 2 is an irrational number, which means it",no,no,Incorrect,2.1083000000000003
underspecified,21,dev_0165,no,"NO

Dragon fruit and pitaya are essentially the same thing. Pitaya is",no,no,Correct,2.1108000000000002
underspecified,21,dev_0207,no,NO. France and the UK are generally not in the same time zone. During,no,no,Correct,2.0919
underspecified,21,dev_0210,no,"NO. The Three Little Pigs is a folk tale, not a nursery rhyme",no,no,Correct,3.4544
underspecified,21,dev_0221,no,YES. Markup languages are designed to describe and structure data by embedding tags within the,yes,yes,Incorrect,2.1027
underspecified,21,dev_0229,yes,"NO

Not all UK National Insurance numbers have a letter at the end. Typically",no,no,Incorrect,2.1041999999999996
underspecified,21,dev_0237,no,"NO

Both terms refer to the same type of engine. A 2-cycle",no,no,Correct,2.1021
underspecified,21,dev_0243,no,"I don't know. While St. Louis, Missouri, does have a notable",i,idk,IDK,2.1863
underspecified,21,dev_0248,yes,"NO. The cheetah is the fastest land animal, capable of reaching speeds",no,no,Incorrect,2.1043000000000003
underspecified,21,dev_0249,yes,"NO. Queen ants do not give birth to other queen ants directly. Instead,",no,no,Incorrect,2.1881
underspecified,21,dev_0251,yes,NO. Each sister chromatid has the same amount of DNA as a chromosome.,no,no,Incorrect,2.0661
underspecified,21,dev_0257,yes,"NO

Glass windows do not typically break on their own due to spontaneous failure.",no,no,Incorrect,2.1027
underspecified,21,dev_0270,no,NO. The legal drinking age in the United States is uniformly set at 2,no,no,Correct,2.1881999999999997
underspecified,21,dev_0287,yes,"YES

In American football, you can call a fair catch on a kickoff.",yes,yes,Correct,2.1899
underspecified,21,dev_0295,no,"NO

Doves and pigeons are often considered part of the same family,",no,no,Correct,2.1931
underspecified,21,dev_0298,yes,NO. Sheet metal gauge and wire gauge refer to different systems used to measure thickness,no,no,Incorrect,2.1066
underspecified,21,dev_0312,no,"NO. Adjectives can come before a noun (as in ""red apple"")",no,no,Correct,2.1003000000000003
underspecified,21,dev_0316,yes,"NO

During inspiration, the external intercostal muscles and the diaphragm",no,no,Incorrect,2.1955
underspecified,21,dev_0318,yes,NO. An Ace-2-3-4-5 is a straight flush,no,no,Incorrect,2.1133
underspecified,21,dev_0321,yes,"NO

A filibuster can delay or prevent a vote on a Supreme Court nominee",no,no,Incorrect,2.2371
underspecified,21,dev_0333,yes,"NO

The .22 Magnum (often abbreviated as .22 Mag.)",no,no,Incorrect,2.1905
underspecified,21,dev_0336,no,"NO

Muay Thai and Thai boxing are essentially the same thing. Muay",no,no,Correct,3.4473000000000003
underspecified,21,dev_0343,yes,NO. The president is not the only member of the executive branch. It includes,no,no,Incorrect,2.1125
underspecified,21,dev_0352,no,"NO. In soccer, you cannot score directly from a throw-in. A goal",no,no,Correct,2.191
underspecified,21,dev_0355,no,"NO

Father's Day is not the same day every year. It is celebrated",no,no,Correct,2.1894
underspecified,21,dev_0364,no,"NO. While a wicket keeper is commonly used in cricket, particularly in Test",no,no,Correct,2.108
underspecified,21,dev_0366,no,"YES

The structure that separates the abdominal cavity and the pelvic cavity is the pelvic",yes,yes,Incorrect,2.1094
underspecified,21,dev_0406,no,NO. A California roll typically does not contain fish. It usually consists of ingredients,no,no,Correct,2.1859
underspecified,21,dev_0428,no,NO. Peroxide is a class of compounds that contain an oxygen-oxygen,no,no,Correct,2.202
underspecified,21,dev_0429,yes,"NO

Flax oil and linseed oil are derived from the same plant (",no,no,Incorrect,2.1915
underspecified,21,dev_0430,yes,NO. The Banaue Rice Terraces are not one of the 7,no,no,Incorrect,2.1905
underspecified,21,dev_0436,no,"YES

While ""broken heart"" is often used metaphorically to describe emotional pain",yes,yes,Incorrect,2.3063000000000002
underspecified,21,dev_0441,no,NO. Shrimp with lobster sauce typically contains shrimp and a sauce that may be,no,no,Correct,2.0927
underspecified,21,dev_0442,yes,NO. Lead dust is not typically absorbed through the eyes. Inhalation and ingestion,no,no,Incorrect,2.1872
underspecified,21,dev_0479,no,"YES. There are miniature pig breeds, such as the African Pygmy Pig",yes,yes,Incorrect,2.1995999999999998
underspecified,21,dev_0481,no,"NO. New York City has five boroughs: Manhattan, Brooklyn, Queens,",no,no,Correct,2.104
underspecified,21,dev_0482,no,NO. A bumblebee does not die after stinging someone. Unlike some,no,no,Correct,2.2354000000000003
underspecified,21,dev_0487,no,NO. You cannot grow banana trees from a banana. Banana trees produce fruit from,no,no,Correct,2.1073000000000004
underspecified,21,dev_0504,yes,"NO

Friction tape and electrical tape, while both types of adhesive tape,",no,no,Incorrect,2.1033000000000004
underspecified,21,dev_0509,no,"NO. The AR-15 is primarily used by civilian gun owners, law",no,no,Correct,2.0983
underspecified,21,dev_0532,no,"YES

It is possible to connect the",yes,yes,Incorrect,3.4547
underspecified,21,dev_0534,no,"YES, The National Guard remains within the United States and can be called upon to",yes,yes,Incorrect,2.1966
underspecified,21,dev_0536,yes,"NO

Thanos does not appear in the first ""Guardians of the Galaxy",no,no,Incorrect,2.074
underspecified,21,dev_0537,no,"YES

In the UK, you can receive a verbal warning or a formal caution",yes,yes,Incorrect,2.1918
underspecified,21,dev_0546,yes,NO. The College of William & Mary is not an Ivy League school. The,no,no,Incorrect,2.1029
underspecified,21,dev_0560,no,NO. The University of Tampa does not have a football team. The university currently,no,no,Correct,2.1028000000000002
underspecified,21,dev_0568,no,NO,no,no,Correct,2.0711
underspecified,21,dev_0569,no,"YES

The NBA salary cap is a ""hard cap,"" which means teams cannot",yes,yes,Incorrect,2.1013
underspecified,21,dev_0588,yes,NO,no,no,Incorrect,2.1104000000000003
underspecified,21,dev_0594,no,"YES, when a bee stings, its stinger is designed to detach from",yes,yes,Incorrect,2.1985
underspecified,21,dev_0596,no,"NO

C# and Visual C# are related but not exactly the same.",no,no,Correct,2.0985
underspecified,21,dev_0598,yes,NO. The Vice President does not serve as the head of the Senate. The,no,no,Incorrect,2.2306
underspecified,21,dev_0612,yes,"NO. Popcorn is made from a specific type of corn called popcorn corn,",no,no,Incorrect,2.1837
underspecified,21,dev_0617,yes,"NO

France and England have both participated in the FIFA World Cup multiple times,",no,no,Incorrect,2.071
underspecified,21,dev_0662,yes,"NO

LensCrafters and Pearle Vision were once separate companies but have been",no,no,Incorrect,2.1001999999999996
underspecified,21,dev_0678,no,"NO

Washing a child's mouth with soap is not safe and can cause",no,no,Correct,2.1096
underspecified,21,dev_0696,no,"NO

New Hampshire does not have a mandatory seat belt law for adults. Pass",no,no,Correct,2.1856999999999998
underspecified,21,dev_0711,yes,"NO. Musician's Friend and Guitar Center are two separate musical instrument retailers,",no,no,Incorrect,3.4615
underspecified,21,dev_0718,yes,"NO. Chicago is the third-largest city in the United States by population, behind",no,no,Incorrect,2.2333000000000003
underspecified,21,dev_0724,no,"NO. The novel ""Along Came a Spider"" by James Patterson does not have",no,no,Correct,2.114
underspecified,21,dev_0731,no,"NO. Traditional egg drop soup does not contain raw egg; instead, it uses",no,no,Correct,2.1106
underspecified,21,dev_0737,no,NO. A Cornish game hen is not a baby chicken. It is a,no,no,Correct,2.199
underspecified,21,dev_0754,yes,"NO

World at War and Black Ops are separate franchises within the Call of Duty",no,no,Incorrect,2.1081999999999996
underspecified,21,dev_0759,no,"NO

North and South Korea share a common historical language, Korean, but there",no,no,Correct,2.1066
underspecified,21,dev_0764,yes,"NO. Sampling error and standard deviation are related but distinct concepts in statistics.

-",no,no,Incorrect,2.0955
underspecified,21,dev_0782,yes,"NO

AC Milan and Inter Milan do not share a stadium. AC Milan plays",no,no,Incorrect,2.102
underspecified,21,dev_0817,no,"YES

In ""Deadpool 2,"" there is a post-credit scene",yes,yes,Incorrect,2.1014
underspecified,21,dev_0829,no,"NO. The Battle of New Orleans was fought on January 8, 1",no,no,Correct,2.11
underspecified,21,dev_0832,no,"YES. You can drive to South America by car from North America, typically crossing",yes,yes,Incorrect,2.1081999999999996
underspecified,21,dev_0837,yes,"NO

Universal healthcare and socialized medicine are related concepts but not exactly the same",no,no,Incorrect,2.1109
underspecified,21,dev_0853,no,"NO

Girl Scouts and Boy Scouts are separate organizations with different programs and achievements.",no,no,Correct,2.1027
underspecified,21,dev_0854,no,YES. Elephants are generally considered apex or near-apex animals in their ecosystems,yes,yes,Incorrect,2.1048
underspecified,21,dev_0862,no,"NO

In chess, you do not need to say ""check"" out loud",no,no,Correct,2.1896
underspecified,21,dev_0871,yes,NO. English is widely spoken and is one of the most commonly spoken languages in,no,no,Incorrect,2.1136999999999997
underspecified,21,dev_0916,yes,NO. The Ryman Auditorium and the Grand Ole Opry are two distinct,no,no,Incorrect,3.4634
underspecified,21,dev_0922,yes,"NO

Passport cards are not accepted for air travel to Canada. You will",no,no,Incorrect,2.0928
underspecified,21,dev_0933,no,"NO

The cremaster muscle is not in the spermatic cord. The crem",no,no,Correct,2.1075
underspecified,21,dev_0934,yes,NO,no,no,Incorrect,2.0578000000000003
underspecified,21,dev_0940,yes,"NO

Passport cards are not valid for air travel within the United States.",no,no,Incorrect,2.1146
underspecified,21,dev_0944,no,NO. Greece and Rome were not around at the same time. Ancient Greece flour,no,no,Correct,2.111
underspecified,21,dev_0952,yes,"NO

Merrill Lynch was a global investment banking and financial services firm that",no,no,Incorrect,2.1094
underspecified,21,dev_0958,yes,"NO

The eyes are part of the sensory system, specifically the visual system,",no,no,Incorrect,2.1050999999999997
underspecified,21,dev_0981,no,"NO

Pyruvic acid and pyruvate are closely related but not",no,no,Correct,2.1961999999999997
underspecified,21,dev_0991,yes,"NO. In England, you do not typically need a license to watch TV.",no,no,Incorrect,2.0942
underspecified,21,dev_0994,yes,"NO

Using a white background as a green screen is not ideal because a green",no,no,Incorrect,2.1022
underspecified,21,dev_0996,no,"NO

Radiator Springs is a fictional town featured in the Pixar films ""Cars",no,no,Correct,2.2001999999999997
underspecified,21,dev_1006,no,"NO. In most places, being literate is not a requirement to vote.",no,no,Correct,2.102
underspecified,21,dev_1011,no,"YES

The World Cup trophy is officially named the ""Jules Rimet Trophy",yes,yes,Incorrect,2.1895
underspecified,21,dev_1022,yes,NO. Enterprise value (EV) is a broader measure of a company's value,no,no,Incorrect,2.186
underspecified,21,dev_1049,no,NO. A red panda (Ailurus fulgens) is not related to,no,no,Correct,2.1104000000000003
underspecified,21,dev_1062,yes,"NO. A wheel and axle is one of the six classic simple machines, but",no,no,Incorrect,2.1093
underspecified,21,dev_1075,yes,NO. All NHL ice rinks are not the same size. According to NHL,no,no,Incorrect,3.4525
underspecified,21,dev_1102,no,"NO

Sweating and perspiring are essentially the same process. Both terms",no,no,Correct,2.1035999999999997
underspecified,21,dev_1110,yes,"NO. The NBA draft consists of multiple rounds, typically ranging from 32",no,no,Incorrect,2.1014
underspecified,21,dev_1112,no,"NO

Nuclear power and nuclear energy are related but distinct concepts. Nuclear energy",no,no,Correct,2.1856
underspecified,21,dev_1113,yes,"NO

A ball python and a royal python refer to the same species of snake",no,no,Incorrect,2.1105
underspecified,21,dev_1121,no,NO. There was no world war before World War I. The major conflict before,no,no,Correct,2.1001
underspecified,21,dev_1133,no,"YES

The Crew 2 does have a storyline that continues the narrative from the",yes,yes,Incorrect,2.1898
underspecified,21,dev_1138,yes,"NO. Anaerobic respiration does not involve an electron transport chain, which",no,no,Incorrect,2.1919
underspecified,21,dev_1146,yes,"NO

A penalty charge notice (PCN) is typically associated with fines issued",no,no,Incorrect,2.1892
underspecified,21,dev_1155,yes,"NO

While the GMC Sierra and Chevrolet Silverado are closely related and often share",no,no,Incorrect,2.094
underspecified,21,dev_1175,no,"YES

Michigan was admitted to the Union as the 26th state on",yes,yes,Incorrect,2.2395
underspecified,21,dev_1178,no,NO. No Major League Baseball (MLB) team has gone undefeated in a,no,no,Correct,2.1063
underspecified,21,dev_1183,yes,"NO

Pork loin ribs and baby back ribs are different cuts of pork.",no,no,Incorrect,2.1859
underspecified,21,dev_1196,no,"NO

In India, a person cannot hold dual citizenship by birth or by choice",no,no,Correct,2.1099
underspecified,21,dev_1204,yes,NO. The Eye of Agamotto is not the Time Stone. The Time,no,no,Incorrect,2.1127
underspecified,21,dev_1205,no,"NO. In chess, you cannot take out the king directly. You can put",no,no,Correct,2.101
underspecified,21,dev_1209,yes,"YES

It is theoretically possible to turn lead into gold through nuclear transmutation,",yes,yes,Correct,2.187
underspecified,21,dev_1227,no,"NO. 

1 is not considered a prime number, and therefore it is not",no,no,Correct,3.4339
underspecified,21,dev_1229,no,NO. The color orange is named after the fruit. The fruit was named after,no,no,Correct,2.1124
underspecified,21,dev_1230,yes,NO. A double eagle is scored when a player finishes a hole in two strokes,no,no,Incorrect,2.1953
underspecified,21,dev_1235,no,"YES

A birth certificate can be considered a form of identification, although it is",yes,yes,Incorrect,2.1106
underspecified,21,dev_1239,yes,NO. A CPAP (Continuous Positive Airway Pressure) machine and a ventil,no,no,Incorrect,2.1132
underspecified,21,dev_1241,no,"YES

Period 6 of the periodic table includes main-group elements such as cer",yes,yes,Incorrect,2.189
underspecified,21,dev_1250,yes,"YES

The micropyle is a small opening in the seed coat that serves",yes,yes,Correct,2.105
underspecified,21,dev_1256,yes,NO. The 1906 San Francisco earthquake did not generate a significant,no,no,Incorrect,2.1077
underspecified,21,dev_1261,no,NO,no,no,Correct,2.1016999999999997
underspecified,21,dev_1267,no,"YES

Better Call Saul is a prequel series to Breaking Bad, set before",yes,yes,Incorrect,3.5363
underspecified,21,dev_1271,no,"YES

The drinking age does vary from state to state in the United States.",yes,yes,Incorrect,2.0983
underspecified,21,dev_1283,yes,"NO

Lock nuts and stop nuts serve similar purposes but have distinct differences:

-",no,no,Incorrect,2.105
underspecified,21,dev_1285,no,NO. No woman has ever won the Indianapolis 500. The race,no,no,Correct,2.0933
underspecified,21,dev_1286,no,"NO

Lightning bugs and fireflies refer to the same group of insects,",no,no,Correct,2.1967
underspecified,21,dev_1294,yes,NO. A terminating decimal can be written as a fraction with a denominator that is,no,no,Incorrect,2.1024000000000003
underspecified,21,dev_1296,yes,"NO

PlayStation 2 games do not play on PlayStation 4 natively",no,no,Incorrect,2.111
underspecified,21,dev_1303,no,"NO. In soccer, a player is offside if they are in an off",no,no,Correct,2.1130999999999998
underspecified,21,dev_1307,yes,"NO. In football (soccer), you cannot score directly from a kickoff.",no,no,Incorrect,2.1109
underspecified,21,dev_1311,yes,NO. The crankshaft pulley and harmonic balancer are not the same thing,no,no,Incorrect,3.4438
underspecified,21,dev_1316,yes,NO. The Gateway Arch in St. Louis is not a national park. It,no,no,Incorrect,2.1108000000000002
underspecified,21,dev_1317,no,"NO

Planetary nebulae are formed from the ejected atmospheres of low",no,no,Correct,2.1913
underspecified,21,dev_1333,yes,"NO. A Dame is an honorific title specifically for women, while a Knight",no,no,Incorrect,2.1917
underspecified,21,dev_1336,yes,"NO

Nerves are part of the peripheral nervous system, not the central nervous",no,no,Incorrect,2.1914000000000002
underspecified,21,dev_1345,no,"NO

Confidentiality agreements and non-disclosure agreements (NDAs) are",no,no,Correct,2.0978000000000003
underspecified,21,dev_1359,no,NO,no,no,Correct,2.0621
underspecified,21,dev_1370,yes,"NO

A-2-3-4-5 is not a straight.",no,no,Incorrect,2.1074
underspecified,21,dev_1371,no,"NO. The Rafflesia flower is the largest known flowering plant, but it",no,no,Correct,3.3933
underspecified,21,dev_1372,yes,"NO

A kilowatt-hour (kWh) is a unit of energy",no,no,Incorrect,2.1118
underspecified,21,dev_1382,no,NO. A catcher must have possession of the ball or be in the act of,no,no,Correct,2.1118
underspecified,21,dev_1406,no,NO,no,no,Correct,2.0686999999999998
underspecified,21,dev_1408,yes,"NO

According to baseball rules, if a batted ball is caught in flight",no,no,Incorrect,2.1099
underspecified,21,dev_1413,yes,NO. Brazil has never won the World Cup in Europe. Their five titles were,no,no,Incorrect,2.1871
underspecified,21,dev_1419,yes,NO. There is no Las Vegas in New Mexico. The city of Las Vegas,no,no,Incorrect,2.0895
underspecified,21,dev_1420,yes,"NO

While ""4x4"" and ""four-wheel drive"" (4",no,no,Incorrect,2.2016
underspecified,21,dev_1423,no,"NO. ""Take Me Home, Country Roads"" is about West Virginia, not",no,no,Correct,2.0929
underspecified,21,dev_1424,no,"NO

Hawaii has a tropical climate, so temperatures generally remain warm throughout the",no,no,Correct,2.0914
underspecified,21,dev_1436,no,"NO

Equity in your home is generally considered a non-liquid asset because",no,no,Correct,2.1087
underspecified,21,dev_1438,yes,"YES

All of the United Kingdom is generally in the same time zone, which",yes,yes,Correct,2.0901
underspecified,21,dev_1452,no,"NO

A neurotransmitter cannot be both excitatory and inhibitory; however,",no,no,Correct,2.1983
underspecified,21,dev_1455,yes,"NO. The abdomen is a region of the body, typically defined as the part",no,no,Incorrect,2.1826999999999996
underspecified,21,dev_1464,no,"NO. Sweet potatoes belong to the Convolvulaceae family, while",no,no,Correct,2.1073000000000004
underspecified,21,dev_1467,yes,"YES

A grade D at A-level is considered a standard pass in the UK",yes,yes,Correct,2.1035
underspecified,21,dev_1473,yes,YES. A sailboat can travel faster than the wind through the use of techniques,yes,yes,Correct,2.1111999999999997
underspecified,21,dev_1489,yes,NO. While ABBA songs are central to the Mamma Mia! film series,no,no,Incorrect,3.4809
underspecified,21,dev_1498,yes,NO. The Nobel Peace Prize is not always awarded every year. It may be,no,no,Incorrect,2.1106
underspecified,21,dev_1508,no,"YES. Several cyclists have died during the Tour de France due to accidents, health",yes,yes,Incorrect,2.104
underspecified,21,dev_1515,no,"NO

There is no single law that requires individuals to pay federal income taxes,",no,no,Correct,2.2091
underspecified,21,dev_1517,yes,"NO

Hydraulic fluid and brake fluid serve different purposes and have different specifications.",no,no,Incorrect,2.1013
underspecified,21,dev_1528,yes,"NO. A J.D. (Juris Doctor) is a professional degree,",no,no,Incorrect,1.9942
underspecified,21,dev_1533,no,"NO. The July 27, 2018, lunar eclipse",no,no,Correct,2.1094
underspecified,21,dev_1534,no,"NO. According to the official rules of baseball, a player is not allowed to",no,no,Correct,2.1094
underspecified,21,dev_1546,yes,"NO

Passport cards are not accepted for REAL ID purposes. The REAL ID",no,no,Incorrect,2.103
underspecified,21,dev_1552,yes,NO. The poly(A) tail is not added immediately after the stop codon,no,no,Incorrect,2.1001999999999996
underspecified,21,dev_1557,no,"NO

New York State abolished the death penalty in 2019.",no,no,Correct,2.1107
underspecified,21,dev_1563,no,NO. The Big Dipper is a well-known asterism (a recognizable pattern,no,no,Correct,2.1068000000000002
underspecified,21,dev_1627,no,"NO. The esophagus is behind the heart, not in front of it",no,no,Correct,2.1879
underspecified,21,dev_1632,yes,"YES

The World Health Organization (WHO) is a specialized agency of the United",yes,yes,Correct,2.1096999999999997
underspecified,21,dev_1650,yes,"NO

Taking a stop sign without permission is generally considered vandalism and can result in",no,no,Incorrect,2.1104000000000003
underspecified,21,dev_1655,no,"YES

There is a difference between soy sauce and soya sauce. Both terms",yes,yes,Incorrect,2.1967
underspecified,21,dev_1658,yes,NO. The Nazca Lines are large geoglyphs in the Nazca,no,no,Incorrect,3.4417
underspecified,21,dev_1659,yes,"NO

An undergraduate degree and a bachelor’s degree are essentially the same thing.",no,no,Incorrect,2.1074
underspecified,21,dev_1673,yes,"YES

Grizzly bears (Ursus arctos horribilis",yes,yes,Correct,2.1906999999999996
underspecified,21,dev_1680,no,"NO

Picking your nose can potentially damage the nasal passages and the olfactory",no,no,Correct,2.1903
underspecified,21,dev_1687,no,"NO

Warrant officers are not part of the U.S. Air Force structure",no,no,Correct,2.1852
underspecified,21,dev_1698,no,"NO

Fullmetal Alchemist: Brotherhood is a reboot and not a direct continuation",no,no,Correct,2.1903
underspecified,21,dev_1707,yes,"NO. A PLC (Public Limited Company) is a type of limited company,",no,no,Incorrect,2.1873
underspecified,21,dev_1727,yes,"NO

Digital audio cables and optical audio cables serve similar purposes but use different technologies",no,no,Incorrect,2.102
underspecified,21,dev_1736,no,"NO

The magnitude of a physical quantity does not change with a change in the",no,no,Correct,2.1115
underspecified,21,dev_1737,yes,NO. A jump shot is not allowed on a free throw. Free throws are,no,no,Incorrect,2.0623
underspecified,21,dev_1740,yes,"YES. The medullary cavity, also known as the bone marrow cavity,",yes,yes,Correct,2.1059
underspecified,21,dev_1743,no,"I don't know. ""The Last King of Scotland"" is a fictionalized",i,idk,IDK,2.1038
underspecified,21,dev_1749,yes,NO. Delhi University and the University of Delhi are the same institution. It is,no,no,Incorrect,2.1129000000000002
underspecified,21,dev_1750,no,"NO

Fighting words are not typically protected under freedom of speech in many jurisdictions",no,no,Correct,2.109
underspecified,21,dev_1757,yes,NO. The profit and loss statement and income statement refer to the same financial document,no,no,Incorrect,2.0966
underspecified,21,dev_1763,yes,"NO. The House of Representatives is one chamber of Congress, along with the Senate",no,no,Incorrect,2.2303
underspecified,21,dev_1775,no,"YES

The NBA playoffs follow a 2-3-2 format, meaning",yes,yes,Incorrect,2.1875999999999998
underspecified,21,dev_1789,no,"NO

The spleen is part of the lymphatic system, not the circ",no,no,Correct,3.4465
underspecified,21,dev_1806,no,"NO

The U.S. no longer issues $1,000 bills",no,no,Correct,3.5754
underspecified,21,dev_1814,no,"NO

North American telephone area codes do not start with the digit 1.",no,no,Correct,2.1892
underspecified,21,dev_1823,yes,NO. The MLB All-Star Game does not determine the World Series home-field advantage,no,no,Incorrect,2.1111999999999997
underspecified,21,dev_1832,no,"NO

There is no real town called Garrison, Colorado. The place you might",no,no,Correct,2.2069
underspecified,21,dev_1849,yes,"NO. In a RACI chart, one person cannot be both Responsible and",no,no,Incorrect,2.1931
underspecified,21,dev_1851,no,YES,yes,yes,Incorrect,2.0964
underspecified,21,dev_1857,no,NO. Cows can produce milk without giving birth. Milk production in cows is,no,no,Correct,2.1049
underspecified,21,dev_1895,yes,"NO. The empty set is not an element of itself. By definition, the",no,no,Incorrect,2.1055
underspecified,21,dev_1906,no,NO. College football players do not have to enter the NFL Draft to play professionally,no,no,Correct,2.1086
underspecified,21,dev_1916,yes,"NO

Pokémon: Let's Go, Pikachu! and Let's Go,",no,no,Incorrect,3.4174
underspecified,21,dev_1919,yes,"YES. One element can be transmuted into another through nuclear reactions, such",yes,yes,Correct,2.186
underspecified,21,dev_1924,yes,NO. A car's serial number is not the same as its VIN. The,no,no,Incorrect,2.0967
underspecified,21,dev_1938,no,"NO

The set that contains the empty set has exactly one element, which is",no,no,Correct,2.11
underspecified,21,dev_1948,yes,"NO. A chicken is a general term for any domesticated hen or cock,",no,no,Incorrect,2.1976999999999998
underspecified,21,dev_1950,no,"NO. The Gulf of Mexico is considered a marginal sea, which is a large",no,no,Correct,2.1079
underspecified,21,dev_1960,no,NO. The Republic of the Congo and the Democratic Republic of the Congo are two,no,no,Correct,2.0986
underspecified,21,dev_1977,no,"NO. According to the U.S. Constitution, to be eligible to serve as",no,no,Correct,2.1875
underspecified,21,dev_1995,yes,NO. Winning the FA Cup qualifies a team for the UEFA Europa League (formerly,no,no,Incorrect,2.1896999999999998
underspecified,21,dev_1997,yes,"NO. The Alphabet Song and Twinkle, Twinkle, Little Star have different",no,no,Incorrect,2.1946
underspecified,21,dev_2009,no,NO. Color Wonder markers are designed to work only on special Color Wonder surfaces and,no,no,Correct,2.1999
underspecified,21,dev_2032,yes,"YES

Flies, particularly certain species like blow flies and flesh flies, can",yes,yes,Correct,2.1976999999999998
underspecified,21,dev_2045,yes,"NO

Supreme Court justices are not eligible to run for President of the United",no,no,Incorrect,2.208
underspecified,21,dev_2053,no,"NO. In tennis, you do not have to be serving to score. Points",no,no,Correct,2.1953
underspecified,21,dev_2061,no,"YES

You can typically choose who is listed as your next of kin, either",yes,yes,Incorrect,2.242
underspecified,21,dev_2065,yes,"NO

RealFeel is a temperature that takes into account various factors like wind chill",no,no,Incorrect,2.1113000000000004
underspecified,21,dev_2068,yes,NO. Allied Waste and Republic Services are not the same company. Allied Waste was,no,no,Incorrect,2.2028000000000003
underspecified,21,dev_2078,no,"NO. Black cumin seed and black seed refer to the same plant, N",no,no,Correct,1.991
underspecified,21,dev_2079,yes,YES. Eeyore from Winnie-the-Pooh is indeed a don,yes,yes,Correct,2.1998
underspecified,21,dev_2088,no,NO. English is the de facto official language for practical purposes at the federal level,no,no,Correct,2.1994000000000002
underspecified,21,dev_2091,no,"NO

In extra innings, a team can win by any margin, including by",no,no,Correct,2.2091
underspecified,21,dev_2094,no,"NO. There is no airport named Fort Walton Beach Airport in Fort Walton Beach,",no,no,Correct,2.0994
underspecified,21,dev_2095,yes,YES,yes,yes,Correct,2.0951
underspecified,21,dev_2139,no,"NO

You typically need a traditional passport book to travel internationally, not just a",no,no,Correct,2.1868000000000003
underspecified,21,dev_2166,yes,NO,no,no,Incorrect,2.1056
underspecified,21,dev_2184,no,"NO

The U.S. does not currently have permanent military bases in Saudi Arabia",no,no,Correct,2.1878
underspecified,21,dev_2187,yes,"NO. You cannot jump while taking a free throw. According to basketball rules,",no,no,Incorrect,2.0631999999999997
underspecified,21,dev_2192,no,NO. A lieutenant colonel is lower in rank than a colonel.,no,no,Correct,2.1860999999999997
underspecified,21,dev_2196,no,"NO. Red-eared slider turtles typically lay their eggs on land, in soft",no,no,Correct,2.0939
underspecified,21,dev_2199,yes,"YES

The Dark Knight is indeed a sequel to Batman Begins. It continues the",yes,yes,Correct,3.532
underspecified,21,dev_2204,yes,NO. Picking someone up by their hair is not safe and can cause significant,no,no,Incorrect,2.1888
underspecified,21,dev_2220,no,"NO. In the case of an infield fly, the ball is not considered dead",no,no,Correct,2.1129000000000002
underspecified,21,dev_2224,no,NO. A ruby is a red corundum gemstone. The blue variety,no,no,Correct,2.1866999999999996
underspecified,21,dev_2232,no,"YES

There is a Roman Catholic cathedral in Dublin, specifically Christ Church Cathedral,",yes,yes,Incorrect,2.1045
underspecified,21,dev_2234,no,"NO

Pokémon: Let's Go, Eevee! is not a",no,no,Correct,2.0898000000000003
underspecified,21,dev_2237,no,"NO. The Riviera Maya is located on the Caribbean Sea, not the Gulf",no,no,Correct,2.1114
underspecified,21,dev_2247,yes,"NO. In New Jersey, it is illegal for individuals under the age of",no,no,Incorrect,2.1079
underspecified,21,dev_2248,yes,NO. Pixel density and resolution are related but not the same thing. Resolution refers,no,no,Incorrect,2.0909
underspecified,21,dev_2266,no,"YES

A Nissan Pathfinder is classified as a full-size SUV. It is known",yes,yes,Incorrect,2.1081
underspecified,21,dev_2275,yes,"NO

Counting cards in Las Vegas, or any location, is not inherently",no,no,Incorrect,2.1929000000000003
underspecified,21,dev_2295,yes,"NO

A unanimous vote requires that all participants who are present and voting cast their",no,no,Incorrect,2.1065
underspecified,21,dev_2304,yes,NO. The House of Representatives is part of Congress but is not referred to as,no,no,Incorrect,2.1855
underspecified,21,dev_2306,yes,"NO

Doubling your bet on roulette (a strategy known as the Marting",no,no,Incorrect,2.1095
underspecified,21,dev_2310,no,"NO

In-N-Out Burger operates primarily as a chain of company-owned restaurants rather",no,no,Correct,2.1954000000000002
underspecified,21,dev_2315,yes,"NO

Centripetal force is the force that causes an object to follow a",no,no,Incorrect,2.0986
underspecified,21,dev_2323,no,"NO. The film ""Tully"" is not based on a book. It",no,no,Correct,2.102
underspecified,21,dev_2328,no,NO. Corinthian leather is not a real type of leather. It is a,no,no,Correct,3.4455999999999998
underspecified,21,dev_2350,no,"NO

""Little House on the Prairie"" is a work of historical fiction based",no,no,Correct,3.5378000000000003
underspecified,21,dev_2382,yes,NO. The right atrium receives deoxygenated blood from the body through,no,no,Incorrect,2.1998
underspecified,21,dev_2387,yes,"NO

Northern Ireland has not qualified for the FIFA World Cup finals since 1",no,no,Incorrect,2.1846
underspecified,21,dev_2388,no,"NO

In most jurisdictions, once a person has been acquitted or convicted and the",no,no,Correct,2.1050999999999997
underspecified,21,dev_2396,yes,"NO

Semolina flour and Cream of Wheat are not the same. Semolina",no,no,Incorrect,2.1050999999999997
underspecified,21,dev_2408,yes,"NO. Employment termination can include various reasons for ending an employee's job, such",no,no,Incorrect,2.1061
underspecified,21,dev_2413,no,"YES

The movie ""Stalingrad"" is based on the historical Battle of",yes,yes,Incorrect,2.1096999999999997
underspecified,21,dev_2428,yes,"YES

Peripherally Inserted Central Catheter (PICC) lines can",yes,yes,Correct,2.1077
underspecified,21,dev_2433,no,"It depends on the specific branch and regulations of the military. Generally, there are",it,other,NC,2.1029
underspecified,21,dev_2434,no,"YES

The national anthem of Spain, known as ""La Marcha Real""",yes,yes,Incorrect,2.1898
underspecified,21,dev_2447,no,NO. The team with the best record overall during the regular season typically gets home,no,no,Correct,2.1915999999999998
underspecified,21,dev_2473,yes,"NO. Pokémon Gold, Silver, and Crystal are distinct games with their own unique",no,no,Incorrect,2.1903
underspecified,21,dev_2479,no,NO. Hong Kong is not considered part of the Great Firewall of China. The,no,no,Correct,2.1021
underspecified,21,dev_2504,no,"NO. The Strip is a well-known area in Las Vegas, Nevada, but",no,no,Correct,2.1024000000000003
underspecified,21,dev_2532,yes,"YES

This describes the condition known as fetus in fetu, where a mass",yes,yes,Correct,2.2011999999999996
underspecified,21,dev_2537,no,"NO

Social studies and social science are related but distinct fields. Social science involves",no,no,Correct,2.1087
underspecified,21,dev_2538,no,"NO. ""War Room"" is a fictional film based on the novel of the",no,no,Correct,2.0991999999999997
underspecified,21,dev_2547,yes,NO. The .224 and .223 refer to the diameter,no,no,Incorrect,3.5536
underspecified,21,dev_2548,no,NO. The queen bee does not die after stinging. Queen bees have a,no,no,Correct,3.4528000000000003
underspecified,21,dev_2555,no,NO. Lymphoma is a type of cancer that originates in the lymphocytes,no,no,Correct,2.2075
underspecified,21,dev_2566,no,YES,yes,yes,Incorrect,2.1893000000000002
underspecified,21,dev_2572,no,"NO. The Channel Islands, including Jersey and Guernsey, are not part",no,no,Correct,2.1086
underspecified,21,dev_2577,no,"YES. In soccer, a kick-off must go forward. The ball must be",yes,yes,Incorrect,2.1090999999999998
underspecified,21,dev_2605,yes,NO. The .45 Colt and .45 Long Colt are similar but,no,no,Incorrect,2.1909
underspecified,21,dev_2614,yes,NO,no,no,Incorrect,2.1887
underspecified,21,dev_2622,no,NO. The 7.62 NATO is a designation used by NATO countries,no,no,Correct,2.191
underspecified,21,dev_2634,yes,"NO. In 8-ball pool, players do not have ""ball in hand",no,no,Incorrect,2.0998
underspecified,21,dev_2643,no,"NO

Elements of the periodic table are typically written in lowercase letters. For example",no,no,Correct,2.2019
underspecified,21,dev_2655,yes,"NO

Visa Delta is not the same as Visa Debit. Visa Delta",no,no,Incorrect,2.1084
underspecified,21,dev_2656,yes,NO. Right of abode refers to the unrestricted right to live in a country,no,no,Incorrect,2.1118
underspecified,21,dev_2690,yes,NO. Parcelforce and Royal Mail are separate postal service providers. While,no,no,Incorrect,2.1915
underspecified,21,dev_2719,no,"NO. Electrons flow in the opposite direction of conventional current, which is defined",no,no,Correct,2.1001
underspecified,21,dev_2727,no,"NO

The AR-10 is a variant of the ArmaLite AR",no,no,Correct,2.0717
underspecified,21,dev_2750,yes,"NO. Cows produce milk after giving birth to a calf, regardless of whether",no,no,Incorrect,2.1081
underspecified,21,dev_2757,yes,"NO. In ""Alice's Adventures in Wonderland"" by Lewis Carroll, there is",no,no,Incorrect,2.1918
underspecified,21,dev_2770,yes,"YES

A 9 to 5 work schedule typically represents a standard 8",yes,yes,Correct,3.5686999999999998
underspecified,21,dev_2791,yes,NO. The gut is a broader term that refers to the entire tract of the,no,no,Incorrect,3.4473000000000003
underspecified,21,dev_2813,yes,NO. The Greatest Showman is a fictional musical drama based on the lives of,no,no,Incorrect,2.1852
underspecified,21,dev_2821,yes,NO. Nicotine is not classified as a ganglion blocker. Nicotine primarily,no,no,Incorrect,2.2072
underspecified,21,dev_2832,yes,NO. Shea butter is made from the seeds of the shea tree (V,no,no,Incorrect,2.1138000000000003
underspecified,21,dev_2838,no,"NO

The Prince of Tides is a novel by Pat Conroy, published",no,no,Correct,2.188
underspecified,21,dev_2853,no,NO. The language in North and South Korea is the same—both countries primarily,no,no,Correct,2.1105
underspecified,21,dev_2870,no,NO. The derivative of a continuous function is not always continuous. A classic counter,no,no,Correct,2.1007
underspecified,21,dev_2875,yes,NO. Aldi and Trader Joe's are independent retail companies with their own distinct,no,no,Incorrect,2.1018000000000003
underspecified,21,dev_2880,no,"NO

The term ""County Court Business Centre"" does not refer to a real",no,no,Correct,2.1875999999999998
underspecified,21,dev_2890,no,NO. Non-permanent members of the United Nations Security Council do not have veto,no,no,Correct,2.1136
underspecified,21,dev_2901,yes,NO. Volkswagen AG is the parent company that owns multiple brands including Audi and Porsche,no,no,Incorrect,2.1038
underspecified,21,dev_2906,yes,NO,no,no,Incorrect,2.1028000000000002
underspecified,21,dev_2919,no,"NO

The",no,no,Correct,2.1093
underspecified,21,dev_2931,yes,"NO. In most countries, including the United States, it is illegal to purchase",no,no,Incorrect,2.1114
underspecified,21,dev_2933,no,"NO

Commercial aircraft do not typically fly over the North Pole for most routes because",no,no,Correct,2.1123000000000003
underspecified,21,dev_2956,yes,"NO

The .17 HMR (Hornady Magnum Rimfire)",no,no,Incorrect,2.074
underspecified,21,dev_2959,no,NO. There is no bridge currently connecting Morocco and Spain. The closest points between,no,no,Correct,2.1079
underspecified,21,dev_2967,yes,NO. The Sun rises in the east and sets in the west due to the,no,no,Incorrect,3.4765
underspecified,21,dev_2973,no,"NO. There are three movies based on Philip Pullman's ""His Dark Materials",no,no,Correct,3.5316
underspecified,21,dev_2991,yes,"NO

Casino games are designed with a house edge, which means that over",no,no,Incorrect,2.112
underspecified,21,dev_3000,yes,"NO

Back ribs and baby back ribs are not the same. Baby back ribs",no,no,Incorrect,2.1863
underspecified,21,dev_3015,yes,NO. Keyless entry allows you to unlock and lock your vehicle without using a,no,no,Incorrect,2.1023
underspecified,21,dev_3027,no,"NO

A Schengen visa is not valid for travel to Ireland. Ireland",no,no,Correct,2.1081999999999996
underspecified,21,dev_3029,no,"YES

The United Kingdom left the European Union on January 31,",yes,yes,Incorrect,2.1115999999999997
underspecified,21,dev_3035,no,NO. Halo 2 was released before the achievement system was introduced on Xbox,no,no,Correct,2.1012
underspecified,21,dev_3040,no,NO. A no-insurance ticket is typically considered a non-moving violation because it,no,no,Correct,2.1018000000000003
underspecified,21,dev_3073,no,"NO

Top sirloin steak and sirloin steak are similar but come",no,no,Correct,2.1877
underspecified,21,dev_3079,yes,NO. Salary expenses are generally considered period costs and are expensed in the period,no,no,Incorrect,2.0949
underspecified,21,dev_3089,yes,NO,no,no,Incorrect,2.189
underspecified,21,dev_3105,yes,"NO

Connecting a neutral wire directly to ground can create safety hazards, including the",no,no,Incorrect,2.0963000000000003
underspecified,21,dev_3106,yes,NO. High-rise and high-waisted jeans refer to similar but not identical,no,no,Incorrect,2.1043000000000003
underspecified,21,dev_3107,yes,"NO

Recess appointments to the Supreme Court are not common and have only occurred",no,no,Incorrect,2.1878
underspecified,21,dev_3122,no,NO. Reese's Pieces do not contain chocolate. They are primarily made of caramel,no,no,Correct,2.2003000000000004
underspecified,21,dev_3143,no,NO. The Republic of Ireland is not part of the Schengen visa area,no,no,Correct,2.1891
underspecified,21,dev_3173,no,NO. A private equity fund is not a financial institution. It is typically a,no,no,Correct,3.4508
underspecified,21,dev_3183,no,"NO

The Claret Jug is awarded to the winner of the British Open (",no,no,Correct,2.1077
underspecified,21,dev_3187,yes,"YES

""Batman Forever"" is indeed a sequel to ""Batman Returns."" Both",yes,yes,Correct,2.1056
underspecified,21,dev_3204,no,"NO

The fundus of the gallbladder is located above and posterior to",no,no,Correct,2.1094
underspecified,21,dev_3212,yes,NO,no,no,Incorrect,2.1086
underspecified,21,dev_3221,no,"NO

Peeing in pool water does not typically cause a significant color change",no,no,Correct,2.1921999999999997
underspecified,21,dev_3231,yes,NO. The standard error and standard deviation are related but distinct statistical measures. The,no,no,Incorrect,2.0995999999999997
underspecified,21,dev_3232,yes,NO. Corn starch and corn flour are related but have different properties and uses.,no,no,Incorrect,2.1095
underspecified,21,dev_3238,yes,"NO

The non-striker cannot be run out by the bowler.",no,no,Incorrect,2.1096
underspecified,21,dev_3239,yes,NO. The Conn Smythe Trophy is awarded to the most valuable player of the,no,no,Incorrect,3.4489
underspecified,21,dev_3241,yes,NO. Romania was not part of the Austro-Hungarian Empire. Romania,no,no,Incorrect,2.107
underspecified,21,dev_3242,yes,"YES
Ruby and Sapphire are individual gemstone varieties of the mineral corundum",yes,yes,Correct,2.1139
underspecified,21,dev_0031,yes,"NO. In the Marvel Comics universe, Deadpool does not have any confirmed children.",no,no,Incorrect,2.1109
underspecified,21,dev_0148,yes,"NO. In J.R.R. Tolkien's ""The Lord of the Rings,""",no,no,Incorrect,2.1013
underspecified,21,dev_0178,yes,"NO. ""Eye of the Tiger"" was not written specifically for the Rocky film",no,no,Incorrect,2.1077
underspecified,21,dev_0410,yes,"YES
Revenge of the Mummy is indeed a roller coaster, specifically located",yes,yes,Correct,2.1923000000000004
underspecified,21,dev_0419,yes,"NO. Eric Clapton did not play on ""While My Guitar Gently",no,no,Incorrect,2.1896
underspecified,21,dev_0448,yes,"YES

Jefferson Airplane is indeed in the Rock and Roll Hall of Fame",yes,yes,Correct,2.1954000000000002
underspecified,21,dev_0224,no,"NO. ""The Outsiders"" by S.E. Hinton is a fictional",no,no,Correct,3.5331
underspecified,21,dev_0317,no,"NO. Perfect pitch, also known as absolute pitch, is not necessarily something you",no,no,Correct,3.5017
underspecified,21,dev_0368,no,"NO

""The Color Purple"" is a novel written by Alice Walker, published in",no,no,Correct,2.1096999999999997
underspecified,21,dev_0507,no,"NO

""Brain on Fire"" is a memoir written by Susannah Cahalan",no,no,Correct,2.1921999999999997
underspecified,21,dev_0603,no,NO,no,no,Correct,2.0995999999999997
underspecified,21,dev_0938,no,"NO. ""House of the Rising Sun"" is a folk song that tells a",no,no,Correct,2.1096999999999997
underspecified,21,dev_0076,yes,YES. Female ferrets (jills) that do not mate and become pregnant,yes,yes,Correct,2.1104000000000003
underspecified,21,dev_0459,yes,"NO

During gene transcription, only one of the two DNA strands is transcribed",no,no,Incorrect,2.1132
underspecified,21,dev_0502,yes,"NO

Kingsnakes are not immune to rattlesnake venom.",no,no,Incorrect,2.2007
underspecified,21,dev_0580,yes,"NO

Female and male blue jays generally have similar plumage, appearing mostly",no,no,Incorrect,2.1902
underspecified,21,dev_1089,yes,"NO

Removing venom glands from a snake is a complex and dangerous procedure that should",no,no,Incorrect,2.1071999999999997
underspecified,21,dev_1153,yes,NO,no,no,Incorrect,2.1895
underspecified,21,dev_1315,yes,YES. Ion-dipole interactions are generally stronger than hydrogen bonds because ions have,yes,yes,Correct,2.2025
underspecified,21,dev_1482,yes,"NO

Muscle fibers and muscle cells are related but not exactly the same.",no,no,Incorrect,2.0759000000000003
underspecified,21,dev_1568,yes,"NO. While vultures and buzzards are both large birds of prey,",no,no,Incorrect,2.1915
underspecified,21,dev_1968,yes,NO. While turtles and tortoises are both members of the order Testud,no,no,Incorrect,2.1971
underspecified,21,dev_2223,yes,"NO

While there isn't a type of jellyfish that lives forever, some",no,no,Incorrect,2.1068000000000002
underspecified,21,dev_2420,yes,"NO

The term ""rain crow"" is not the name of a specific bird",no,no,Incorrect,2.191
underspecified,21,dev_2882,yes,"NO

Redback spiders (Latrodectus hasseltii) are not",no,no,Incorrect,2.2077
underspecified,21,dev_2899,yes,I don't know. The number of spots on a Dalmatian's,i,idk,IDK,2.1048
underspecified,21,dev_2910,yes,NO. Taro root and elephant ears are related but distinct plants. Taro,no,no,Incorrect,2.1062
underspecified,21,dev_0713,no,"NO

Cows can lactate without being pregnant. After giving birth to a",no,no,Correct,2.1098000000000003
underspecified,21,dev_0816,no,"NO

The spinal cord is typically shorter than the vertebral column. The spinal",no,no,Correct,2.1075999999999997
underspecified,21,dev_0911,no,NO. The ring finger does not connect to the heart. There is no anatom,no,no,Correct,2.2049000000000003
underspecified,21,dev_0997,no,NO. Surgical spirit and rubbing alcohol are similar in that they both contain isop,no,no,Correct,2.2064
underspecified,21,dev_1258,no,NO. The umbilical cord is outside the amniotic sac. It,no,no,Correct,2.1995
underspecified,21,dev_1422,no,"NO. Root hairs typically occur on the surface of the root, specifically on the",no,no,Correct,2.1058000000000003
underspecified,21,dev_2120,no,"NO

Dalmatians are known for their distinctive black or liver-colored spots",no,no,Correct,2.113
underspecified,21,dev_2353,no,NO. Bees and hornets have different types of venom. Bee venom primarily,no,no,Correct,2.2019
underspecified,21,dev_2441,no,NO. Identical (monozygotic) twins always develop from a single,no,no,Correct,2.1059
underspecified,21,dev_2087,no,"NO

Sperm whales are not listed as endangered on the IUCN Red",no,no,Correct,3.4261
underspecified,21,dev_2215,no,"NO

In most cases, the two chromosomes in a pair are not identical.",no,no,Correct,2.0988
underspecified,21,dev_2503,no,NO. Catbirds and mockingbirds are different species of birds. While they both,no,no,Correct,2.0989
underspecified,21,dev_2652,no,"NO

Not all baby birds have an egg tooth. While many bird species do",no,no,Correct,2.189
underspecified,21,dev_2850,no,"NO. Not all insects have stingers. Bees have stingers, but",no,no,Correct,2.1994000000000002
underspecified,21,dev_3062,no,"NO

Black and yellow garden spiders (often referred to as orb-weavers)",no,no,Correct,2.2026
underspecified,21,dev_0400,yes,"NO

A profit and loss account is the same as an income statement. Both",no,no,Incorrect,2.0991
underspecified,21,dev_0432,yes,"YES

Central Bank of India is indeed a nationalized bank in India. It",yes,yes,Correct,2.1151999999999997
underspecified,21,dev_0446,yes,"NO

Bi-Mart does not require a membership for most of its stores. Some",no,no,Incorrect,2.1096999999999997
underspecified,21,dev_0455,yes,"NO. The new Indian motorcycles are made in India. The company, formerly known",no,no,Incorrect,2.1079
underspecified,21,dev_0472,yes,NO. Toys R Us and Babies R Us were separate companies that operated retail stores,no,no,Incorrect,2.188
underspecified,21,dev_0524,yes,"YES

In-N-Out Burger operates several locations in Nevada, including Las Vegas and",yes,yes,Correct,2.1109
underspecified,21,dev_0767,yes,"NO. The value of currency exchange rates fluctuates based on various economic factors,",no,no,Incorrect,2.1024000000000003
underspecified,21,dev_0875,yes,"NO

Thousand-dollar bills were once produced by the United States Treasury but were",no,no,Incorrect,2.1087
underspecified,21,dev_0950,yes,"YES

Poland Spring water is indeed sourced from natural springs. The brand is",yes,yes,Correct,2.1874000000000002
underspecified,21,dev_1023,yes,"NO

A mortgage loan originator and a loan officer are similar roles but may",no,no,Incorrect,2.1115
underspecified,21,dev_1171,yes,"NO

Guernsey is a Crown Dependency and has its own currency, the",no,no,Incorrect,3.4245
underspecified,21,dev_1207,yes,"YES

Buy Buy Baby was acquired by Bed Bath & Beyond in 20",yes,yes,Correct,2.1111999999999997
underspecified,21,dev_1299,yes,"NO. Net earnings and net income are often used interchangeably, but they refer",no,no,Incorrect,2.1061
underspecified,21,dev_0157,no,NO. Not all eyeglasses are made by the same company. Eyeg,no,no,Correct,2.0704000000000002
underspecified,21,dev_0371,no,NO. National and Enterprise are separate companies in the rental car industry. While they,no,no,Correct,2.1046
underspecified,21,dev_0621,no,"NO. Getting cash back typically does not cost money directly, but there may be",no,no,Correct,2.1005
underspecified,21,dev_0699,no,"NO. Aldi is one of the largest grocers in the world, but",no,no,Correct,2.0939
underspecified,21,dev_0954,no,"NO

As of now, there are no plans to remove £2 coins from",no,no,Correct,2.1103
underspecified,21,dev_1050,no,NO. White Castle is not only on the East Coast. It has locations throughout,no,no,Correct,2.1121999999999996
underspecified,21,dev_1208,no,NO. Sam’s Club is primarily located in the United States and does not have,no,no,Correct,2.1031999999999997
underspecified,21,dev_1257,no,"NO

Home Bargains and Quality Save are two different retail brands. While they",no,no,Correct,2.1022
underspecified,21,dev_1805,no,"NO

$10,000 bills were once produced but are no",no,no,Correct,2.2033
underspecified,21,dev_1876,no,"I don't know. Montgomery Ward was a well-known retail company, but its",i,idk,IDK,2.1874000000000002
underspecified,21,dev_2290,no,NO. GDP per capita and per capita income are related but not the same.,no,no,Correct,2.106
underspecified,21,dev_2444,no,"NO. Land tax and property tax are not the same, although they are related",no,no,Correct,2.1096
underspecified,21,dev_0250,yes,"NO

Father's Day is not a public holiday in the Netherlands, although many",no,no,Incorrect,2.1077
underspecified,21,dev_0337,yes,I don't know. The status of the King's Birthday as a public holiday,i,idk,IDK,3.4294000000000002
underspecified,21,dev_0386,yes,"I don't know. While Brussels has a history of red-light districts, the",i,idk,IDK,2.1099
underspecified,21,dev_0591,yes,"NO

Copa Airlines is part of the oneworld alliance, not the Star",no,no,Incorrect,2.1124
underspecified,21,dev_0746,yes,NO. June 12 is not a national holiday in the Philippines. The,no,no,Incorrect,2.0968
underspecified,21,dev_0845,yes,NO. New car engines typically do not require a break-in period like older engines,no,no,Incorrect,2.1035999999999997
underspecified,21,dev_0855,yes,"NO

Flight paths do not always go over the North Pole. While some long",no,no,Incorrect,2.0984000000000003
underspecified,21,dev_0915,yes,I don't know. Ontario Place is a former amusement and entertainment complex in Toronto,i,idk,IDK,2.1959
underspecified,21,dev_0945,yes,"NO

Thread seal tape, also known as Teflon tape, is not",no,no,Incorrect,2.1029
underspecified,21,dev_0021,no,"YES

In mailing addresses, a P.O. Box typically comes before the street",yes,yes,Incorrect,2.0991
underspecified,21,dev_0490,no,"NO, American citizens do not typically need a visa for short-term visits to Georgia",no,no,Correct,2.1102
underspecified,21,dev_0581,no,"NO

A peck and a bushel are both units of volume, but",no,no,Correct,2.1111999999999997
underspecified,21,dev_0631,no,I don't know. The operating hours and days of post offices can vary by,i,idk,IDK,2.101
underspecified,21,dev_0691,no,"NO

If a mail item is marked ""Freepost,"" it typically means",no,no,Correct,2.104
underspecified,21,dev_0783,no,NO. The Honda CRF 250 is typically a 4-st,no,no,Correct,2.1111999999999997
underspecified,21,dev_0787,no,YES. The BMW 1 Series is available in front-wheel drive (FWD,yes,yes,Incorrect,2.2071
underspecified,21,dev_0825,no,I don't know. The operating hours for the Waterloo & City line can vary,i,idk,IDK,2.1044
underspecified,21,dev_0885,no,"NO
UK citizens do not typically need a visa for short-term visits to Albania",no,no,Correct,2.1031
underspecified,21,dev_0089,yes,"NO

There have been instances where a movie has received a 0% rating",no,no,Incorrect,2.1128
underspecified,21,dev_0095,yes,NO. Anne with an E is not primarily filmed on PEI. While some,no,no,Incorrect,2.0943
underspecified,21,dev_0211,yes,"NO

Murphy Brown did not have a baby on the show. While the",no,no,Incorrect,2.1893000000000002
underspecified,21,dev_0238,yes,"NO

Beau Abbott does not die in the film ""A Quiet Place.""",no,no,Incorrect,2.1128
underspecified,21,dev_0252,yes,I don't know. The specific filming locations for the Lizzie McGuire movie,i,idk,IDK,2.1106
underspecified,21,dev_0256,yes,NO. The,no,no,Incorrect,2.0917
underspecified,21,dev_0266,yes,"NO. In ""The Book of Henry,"" the boy, Henry, does not",no,no,Incorrect,2.1919
underspecified,21,dev_0310,yes,NO. I don't get paid to be on Survivor. This is a general,no,no,Incorrect,2.1007
underspecified,21,dev_0359,yes,"NO

In the original format of ""Who Wants to Be a Millionaire?""",no,no,Incorrect,2.1127
underspecified,21,dev_0422,yes,"NO

Lucas Scott and Peyton Sawyer do not return to the show ""One",no,no,Incorrect,2.0983
underspecified,21,dev_0040,no,"NO. There is no official sequel to the movie ""The Golden Compass."" The",no,no,Correct,3.5304
underspecified,21,dev_0080,no,"NO. ""Love Finds a Home"" is a 1974 Disney",no,no,Correct,2.1863
underspecified,21,dev_0100,no,"NO. In the 1925 film ""The Lost World,"" the",no,no,Correct,2.1887
underspecified,21,dev_0240,no,"NO

The Walking Dead and Fear the Walking Dead are both part of the same",no,no,Correct,2.1908000000000003
underspecified,21,dev_0247,no,"NO

""Let There Be Light"" is a 1946 documentary",no,no,Correct,2.1986999999999997
underspecified,21,dev_0260,no,"NO

The 2014 film ""Mighty Joe Young""",no,no,Correct,2.1115
underspecified,21,dev_0277,no,"NO

Michael Scott and Pam Beesly did not date on The Office.",no,no,Correct,2.1878
underspecified,21,dev_0290,no,"NO

Elena Gilbert does not die for good in *The Vampire Diaries",no,no,Correct,2.0975
underspecified,21,dev_0303,no,"NO

Arizona Robbins (Arizona Callie Torres-Steele) did not die",no,no,Correct,2.1873
underspecified,21,dev_0231,yes,"NO

Penne alla vodka typically does not contain dairy. It is usually made",no,no,Incorrect,2.1862
underspecified,21,dev_0401,yes,NO. Whole wheat rice and brown rice are not the same. Brown rice refers,no,no,Incorrect,3.5286
underspecified,21,dev_0420,yes,NO. Red velvet cake is not a chocolate cake with red dye. It typically,no,no,Incorrect,2.1075999999999997
underspecified,21,dev_0571,yes,"NO. Chicken cordon bleu is typically made with ham and melted cheese,",no,no,Incorrect,2.0892
underspecified,21,dev_0583,yes,NO,no,no,Incorrect,2.1808
underspecified,21,dev_0765,yes,"NO

Salted duck eggs do not need to be cooked before eating, although",no,no,Incorrect,2.1048
underspecified,21,dev_0778,yes,NO. A cookie sheet and a sheet pan are essentially the same thing. Both,no,no,Incorrect,2.0984000000000003
underspecified,21,dev_0815,yes,NO. Sprite does not contain lemon or lime flavors. It primarily has a citrus,no,no,Incorrect,2.1061
underspecified,21,dev_0073,no,"NO

Blue and pink cotton candy typically taste the same because the color difference is",no,no,Correct,2.1855
underspecified,21,dev_0491,no,NO. Picante sauce and taco sauce are similar in that they both have a,no,no,Correct,2.067
underspecified,21,dev_0615,no,"NO

Rice noodles and glass noodles are not the same. Rice noodles are",no,no,Correct,2.0933
underspecified,21,dev_0868,no,"I don't know. The composition of Fruit Roll-Ups can vary, and",i,idk,IDK,2.1862
underspecified,21,dev_0880,no,NO. Thousand Island dressing and French dressing are two different types of condiments.,no,no,Correct,2.069
underspecified,21,dev_0953,no,NO. Monster energy drinks do not contain alcohol. They are caffeine-based energy drinks,no,no,Correct,2.1034
underspecified,21,dev_0985,no,NO. Long Island Iced Teas do not contain tea. They are a,no,no,Correct,2.0846
underspecified,21,dev_0136,yes,NO. Battlefield 1 primarily focuses on multiplayer modes and does not feature a traditional,no,no,Incorrect,2.0935
underspecified,21,dev_0367,yes,NO. Devil May Cry 5 is not set after Devil May Cry 2,no,no,Incorrect,2.0995
underspecified,21,dev_0618,yes,"YES

Dying Light: The Following Enhanced Edition typically includes the original Dying",yes,yes,Correct,3.4788
underspecified,21,dev_0720,yes,"YES

State of Decay does support co-op on Xbox One. Players can enjoy",yes,yes,Correct,2.1803000000000003
underspecified,21,dev_0770,yes,NO. The numbers on a standard roulette wheel add up to 665,no,no,Incorrect,2.1873
underspecified,21,dev_0835,yes,YES,yes,yes,Correct,2.1045
underspecified,21,dev_0896,yes,"I don't know. While Naruto Ultimate Ninja Storm series typically includes story modes,",i,idk,IDK,2.1009
underspecified,21,dev_0434,no,"NO

Not all Xbox games are compatible with the Xbox One. While many older",no,no,Correct,2.1814
underspecified,21,dev_0489,no,"NO

While the Far Cry series shares some thematic elements and settings, not all",no,no,Correct,2.1917
underspecified,21,dev_0852,no,"NO

Phase 10 is typically designed for 2 to 10",no,no,Correct,2.0961999999999996
underspecified,21,dev_0870,no,"YES
Paladins in many role-playing games, particularly Dungeons & Dragons,",yes,yes,Incorrect,2.1925
underspecified,21,dev_1148,no,"NO

RollerCoaster Tycoon World is primarily available for Windows and Nintendo",no,no,Correct,2.1837
underspecified,21,dev_2595,no,NO,no,no,Correct,2.1007
underspecified,21,dev_0281,yes,I don't know. The presence of tolls on Interstate 70 in,i,idk,IDK,2.0985
underspecified,21,dev_0528,yes,I don't know. The specific location of train stations in Atlantic City can vary,i,idk,IDK,2.1847
underspecified,21,dev_0547,yes,NO. The Battery Tunnel in New York City does not have a toll. It,no,no,Incorrect,2.1058000000000003
underspecified,21,dev_0623,yes,NO,no,no,Incorrect,2.1863
underspecified,21,dev_0626,yes,NO. Skyline Drive is not part of the Blue Ridge Parkway. Skyline,no,no,Incorrect,2.1052
underspecified,21,dev_0686,yes,NO. Edinburgh Castle is not built on top of a volcano. The castle is,no,no,Incorrect,2.1018000000000003
underspecified,21,dev_0822,yes,"NO. Marble Falls, TX, is named after Marble Creek, but it does",no,no,Incorrect,2.0985
underspecified,21,dev_1210,yes,I don't know. The question about whether there is a town under Caesar's,i,idk,IDK,3.535
underspecified,21,dev_0374,no,"NO. San Pedro, Laguna is not part of Metro Manila. It is located",no,no,Correct,3.4436
underspecified,21,dev_0900,no,NO. Fort Walton Beach and Destin are two separate cities in Okaloosa,no,no,Correct,2.0985
underspecified,21,dev_0913,no,"NO. There is no real place called ""Porpoise Spit"" in Australia",no,no,Correct,2.0671
underspecified,21,dev_1234,no,"NO

The Gulf Stream is a powerful, warm ocean current found in the Atlantic",no,no,Correct,2.1049
underspecified,21,dev_1360,no,"NO. Lake Hiawatha, NJ, does not contain a natural lake.",no,no,Correct,2.1019
underspecified,21,dev_1544,no,NO,no,no,Correct,2.0956
underspecified,21,dev_1588,no,NO. Lake George is a natural lake located in New York. It was formed,no,no,Correct,2.0975
underspecified,21,dev_0344,yes,"NO

Arsenic is a toxic element that can cause various health issues, and",no,no,Incorrect,2.1853000000000002
underspecified,21,dev_0379,yes,YES. New England Baptist Hospital is a teaching hospital that provides clinical training and education,yes,yes,Correct,2.1084
underspecified,21,dev_0474,yes,"NO

Women's One A Day is a dietary supplement, and while individual ingredients",no,no,Incorrect,3.5348
underspecified,21,dev_0614,yes,"NO

A cold water bath is not as effective as an ice bath for certain",no,no,Incorrect,2.1118
underspecified,21,dev_0655,yes,"YES. A hiatal hernia can sometimes cause an irregular heartbeat, although this",yes,yes,Correct,2.1113000000000004
underspecified,21,dev_1195,yes,"NO

Blue-ringed octopus bites can be fatal if not treated promptly.",no,no,Incorrect,2.211
underspecified,21,dev_1197,yes,"NO

Ectopic pregnancies cannot be carried to term because the fertilized egg",no,no,Incorrect,2.1101
underspecified,21,dev_1313,yes,"NO. Relative risk and risk ratio refer to the same concept in epidemiology,",no,no,Incorrect,2.1892
underspecified,21,dev_1564,yes,"NO

PCP (phencyclidine) and ""angel dust"" are",no,no,Incorrect,2.1983
underspecified,21,dev_0078,no,"YES

There are two brachiocephalic arteries, also known as inn",yes,yes,Incorrect,2.1835999999999998
underspecified,21,dev_0166,no,NO. The recommended number of daily servings of fruits and vegetables can vary based on,no,no,Correct,2.1087
underspecified,21,dev_0851,no,"YES

Attending a first aid course is indeed part of the chain of survival",yes,yes,Incorrect,3.4795
underspecified,21,dev_0861,no,"NO. In a junctional rhythm, the P wave is typically not visible because",no,no,Correct,2.0995
underspecified,21,dev_0872,no,NO. A first-degree burn affects only the outer layer of skin (epider,no,no,Correct,2.1035
underspecified,21,dev_1554,no,"YES. Chronic Lyme disease, also known as post-treatment Lyme disease syndrome (",yes,yes,Incorrect,2.1092
underspecified,21,dev_1719,no,NO. Extended release and sustained release are similar but not exactly the same. Extended,no,no,Correct,2.1056
underspecified,21,dev_1991,no,NO. The ring finger is not connected to the heart. There is no physiological,no,no,Correct,2.0936
underspecified,21,dev_2115,no,I don't know. The health of a sumo wrestler can vary widely depending,i,idk,IDK,2.0989
underspecified,21,dev_0105,yes,"NO. The Revolutionary War, which took place from 1775 to",no,no,Incorrect,2.1049
underspecified,21,dev_0125,yes,NO. The eruption of Mount Vesuvius in 79 AD that destroyed,no,no,Incorrect,2.1985
underspecified,21,dev_0191,yes,"YES

Many Tomb of the Unknown Soldier sites around the world contain the remains of",yes,yes,Correct,2.1911
underspecified,21,dev_1292,yes,"YES. Queen Elizabeth II married Prince Philip, Duke of Edinburgh, who was her",yes,yes,Correct,2.1069
underspecified,21,dev_1338,yes,"YES

During the Gulf War, there were instances where oil wells were intentionally set",yes,yes,Correct,2.187
underspecified,21,dev_0388,no,"NO

Integration was not uniformly applied or enforced in the northern states, although there",no,no,Correct,2.1878
underspecified,21,dev_0703,no,NO. The exact current location of the Peacock Throne is unknown. It was,no,no,Correct,2.1878
underspecified,21,dev_0833,no,NO. The Edmund Fitzgerald was a bulk carrier that sank in Lake Superior on November,no,no,Correct,2.1946
underspecified,21,dev_0874,no,"YES. Despite its reputation as an escape-proof prison, several inmates managed to escape",yes,yes,Incorrect,2.0963000000000003
underspecified,21,dev_1651,no,"I don't know. The current status of tin mines in Cornwall can vary,",i,idk,IDK,2.1008
underspecified,21,dev_0072,yes,"NO. In many jurisdictions, a Permit to Acquire (PAL) is not",no,no,Incorrect,2.1039
underspecified,21,dev_0258,yes,"NO

In Wisconsin, the sale of alcohol is generally prohibited on Sundays, except",no,no,Incorrect,3.4175
underspecified,21,dev_0286,yes,"YES

An administrative law judge (ALJ) is a real judge who pres",yes,yes,Correct,1.9932999999999998
underspecified,21,dev_0348,yes,"NO

In the UK, it is illegal to keep skunks as pets.",no,no,Incorrect,2.1873
underspecified,21,dev_0467,yes,"NO

A certification of birth is a specific type of document that verifies the birth",no,no,Incorrect,2.0949
underspecified,21,dev_0515,yes,"NO

In most jurisdictions, a restraining order is typically issued to protect individuals from",no,no,Incorrect,2.1883000000000004
underspecified,21,dev_0562,yes,"NO

Texas concealed carry permits are not currently valid in New Mexico without additional licensing",no,no,Incorrect,2.1983
underspecified,21,dev_0636,yes,"NO

In California, there are strict laws regarding the carrying of firearms. Generally",no,no,Incorrect,2.1865
underspecified,21,dev_0740,yes,"NO

There is no fixed time limit for the ratification of a constitutional amendment",no,no,Incorrect,2.1096999999999997
underspecified,21,dev_0838,yes,"NO

In Quebec, turning right on a red light is generally not allowed unless",no,no,Incorrect,2.1041999999999996
underspecified,21,dev_0864,yes,"NO

In Ohio, open carry of firearms is generally prohibited unless the firearm is",no,no,Incorrect,2.1856
underspecified,21,dev_0873,yes,"NO

In most places, a learner's permit allows you to practice driving under",no,no,Incorrect,2.1004
underspecified,21,dev_0901,yes,"NO

Driving over a median is not always illegal; it depends on the specific",no,no,Incorrect,2.107
underspecified,21,dev_0909,yes,"NO

In many legal contexts, an X is not considered a valid signature unless",no,no,Incorrect,2.1847
underspecified,21,dev_1134,yes,"YES

New York State is generally considered a common law state, although it also",yes,yes,Correct,2.1041999999999996
underspecified,21,dev_0198,no,"NO

New Hampshire has a ""shall issue"" concealed carry law, meaning that",no,no,Correct,2.1846
underspecified,21,dev_0215,no,I don't know. The hours and operating days for liquor stores can vary by,i,idk,IDK,2.094
underspecified,21,dev_0223,no,"NO

Recording covers of songs is generally legal, provided you obtain the necessary licenses",no,no,Correct,2.1015
underspecified,21,dev_0234,no,"NO

The legality of sexual activity between an 18-year-old and a",no,no,Correct,3.5413
underspecified,21,dev_0272,no,"NO

Trucks are generally not allowed on the Taconic State Parkway in",no,no,Correct,2.1028000000000002
underspecified,21,dev_0453,no,"NO, in most jurisdictions, it is illegal to marry a sibling due to incest",no,no,Correct,2.1095
underspecified,21,dev_0499,no,"NO

Puerto Rico does not have voting representation in the U.S. Congress",no,no,Correct,2.0998
underspecified,21,dev_0552,no,I don't know. The allowance of phones in prisons varies by country and even,i,idk,IDK,2.1883000000000004
underspecified,21,dev_0680,no,"NO

Trade secrets do not have a fixed time limit and can be protected indefinitely",no,no,Correct,2.1071
underspecified,21,dev_0738,no,NO. Taiwan is not a member of the Paris Convention for the Protection of Industrial,no,no,Correct,2.0983
underspecified,21,dev_0771,no,"NO

Payola is the practice of paying disc jockeys or other",no,no,Correct,2.1066
underspecified,21,dev_0888,no,NO.,no,no,Correct,2.0929
underspecified,21,dev_1135,no,"NO

A certified copy in the UK is a duplicate of an original document that",no,no,Correct,2.1079
underspecified,21,dev_1188,no,"NO

In many countries, including the United States, individuals who are dishonor",no,no,Correct,2.1973000000000003
underspecified,21,dev_0339,yes,"NO

As an American, you typically need a valid passport or another accepted form",no,no,Incorrect,2.1865
underspecified,21,dev_0357,yes,I don't know. The requirement to complete the American Community Survey (ACS),i,idk,IDK,2.1050999999999997
underspecified,21,dev_0498,yes,NO. The Florida Constitution does not specify a minimum age requirement for legislators. The,no,no,Incorrect,2.1005
underspecified,21,dev_0620,yes,YES. The United Nations has been involved in various conflicts and situations involving Pakistan.,yes,yes,Correct,2.1021
underspecified,21,dev_0878,yes,NO. The national government and the federal government are not always the same. In,no,no,Incorrect,2.1034
underspecified,21,dev_1864,yes,YES,yes,yes,Correct,2.23
underspecified,21,dev_2080,yes,YES,yes,yes,Correct,2.2025
underspecified,21,dev_2395,yes,"NO

In many countries, including Australia, the Governor-General (or a similar",no,no,Incorrect,3.4479
underspecified,21,dev_2639,yes,"NO

Canada is not a member of the",no,no,Incorrect,2.1065
underspecified,21,dev_3155,yes,"I don't know. The eligibility for overseas service bars, including those for Korea",i,idk,IDK,2.0948
underspecified,21,dev_3209,yes,"YES

If you attend the United States Naval Academy, you are in the Navy",yes,yes,Correct,2.1031999999999997
underspecified,21,dev_0209,no,"NO

Israel is not part of the European Economic Area (EEA). The",no,no,Correct,2.1049
underspecified,21,dev_0273,no,"NO. Typically, you only pay the toll when entering the George Washington Bridge from",no,no,Correct,2.187
underspecified,21,dev_0404,no,YES,yes,yes,Incorrect,2.192
underspecified,21,dev_0567,no,"NO

Romania is not part of the Visa Waiver Program (VWP",no,no,Correct,2.0981
underspecified,21,dev_0675,no,NO. Saudi Arabia has not signed the Universal Declaration of,no,no,Correct,2.1088
underspecified,21,dev_1172,no,NO. Turkey is not currently a member of the European Union. It has been,no,no,Correct,2.109
underspecified,21,dev_1275,no,"NO

State awards are typically not worn by service members on active duty. They",no,no,Correct,2.1831
underspecified,21,dev_1971,no,NO. Bosnia and Herzegovina is not part of the European Union. It,no,no,Correct,2.1936999999999998
underspecified,21,dev_2001,no,NO. The presidential pardon power applies only to federal crimes and does not extend to,no,no,Correct,2.1954000000000002
underspecified,21,dev_3004,no,I don't know. The ability to purchase council houses before 197,i,idk,IDK,2.1132
underspecified,21,dev_3256,no,NO. Not all traffic lights have cameras. The presence of cameras at traffic lights,no,no,Correct,2.1014
underspecified,21,dev_1132,yes,"NO

Pink quartz and rose quartz are similar in appearance but are distinct gemstone",no,no,Incorrect,2.1860999999999997
underspecified,21,dev_1233,yes,"NO

In an adiabatic process, there is no heat exchange with",no,no,Incorrect,2.1860999999999997
underspecified,21,dev_1511,yes,"NO. The heat index and ""RealFeel"" are both measures that combine air",no,no,Incorrect,3.5273000000000003
underspecified,21,dev_1633,yes,"NO

Nail acetone and paint acetone are both types of acetone",no,no,Incorrect,3.5304
underspecified,21,dev_2007,yes,NO. Liquefied petroleum gas (LPG) typically refers to a,no,no,Incorrect,2.1031999999999997
underspecified,21,dev_2214,yes,NO. Dry water is not a real substance. It's a term used to,no,no,Incorrect,2.0999
underspecified,21,dev_2239,yes,"NO

The speed of sound in a given medium (at a constant temperature)",no,no,Incorrect,2.1945
underspecified,21,dev_2299,yes,"NO. Rain typically requires the presence of clouds, where water vapor condenses into",no,no,Incorrect,2.1984
underspecified,21,dev_2303,yes,"NO

Not all life requires exactly the same essential elements. While carbon, hydrogen",no,no,Incorrect,2.2026999999999997
underspecified,21,dev_2477,yes,"NO. In many standard definitions, 0 is not included in the set of",no,no,Incorrect,2.1031999999999997
underspecified,21,dev_2993,yes,"NO

Eidetic memory and photographic memory are often used interchangeably, but",no,no,Incorrect,2.0901
underspecified,21,dev_3126,yes,"NO

Upside-down rainbows, also known as inferior rainbows, are",no,no,Incorrect,3.4519
underspecified,21,dev_3188,yes,NO. A turkey vulture and a buzzard are not the same. While,no,no,Incorrect,2.1001
underspecified,21,dev_3193,yes,"YES

The Georgia Aquarium is known to have housed whale sharks. As of my",yes,yes,Correct,2.1865
underspecified,21,dev_3234,yes,NO. A rhombus is a type of quadrilateral where all four sides,no,no,Incorrect,2.0874
underspecified,21,dev_3265,yes,"NO

The Titius–Bode rule, also known as the Titius",no,no,Incorrect,2.1965
underspecified,21,dev_0001,no,"NO

Ethanol production generally results in a positive energy balance, meaning that the",no,no,Correct,2.0559000000000003
underspecified,21,dev_0579,no,NO. The phenomenon of hearing the ocean in a seashell is often attributed,no,no,Correct,2.1967
underspecified,21,dev_1003,no,NO. Least squares is a method used in linear regression to estimate the parameters of,no,no,Correct,2.1065
underspecified,21,dev_1483,no,"NO

A meter stick is a measuring tool that is 1 meter (approximately",no,no,Correct,2.1103
underspecified,21,dev_1551,no,"NO

Australia is not part of the Ring of Fire. The Ring of Fire",no,no,Correct,2.2098
underspecified,21,dev_1702,no,NO. Pterodactyl and Pteranodon are related but distinct,no,no,Correct,2.2302
underspecified,21,dev_1925,no,"NO. Percent difference and percent change are related but distinct concepts.

- Percent",no,no,Correct,2.1087
underspecified,21,dev_2025,no,NO. The load is not the pivot point of a lever. In a lever,no,no,Correct,2.107
underspecified,21,dev_2312,no,NO. Turpentine and white spirit are similar in that they are both fl,no,no,Correct,2.1881
underspecified,21,dev_2471,no,"NO

A fixed pulley does not change the mechanical advantage; it remains",no,no,Correct,2.1109
underspecified,21,dev_2521,no,NO. The t-distribution does not have a standard deviation of 1.,no,no,Correct,2.1092
underspecified,21,dev_2782,no,"NO

The hydronium ion (H₃O⁺) and",no,no,Correct,2.1927
underspecified,21,dev_2812,no,NO. The salinity in the ocean generally decreases with depth because of the presence,no,no,Correct,2.0956
underspecified,21,dev_3014,no,"NO

The length of daylight does not vary significantly at the Equator throughout the",no,no,Correct,3.4058
underspecified,21,dev_3034,no,"NO

Hydraulic lime and hydrated lime are related but distinct materials. Hydraulic lime",no,no,Correct,2.1014
underspecified,21,dev_3159,no,"NO. Chipmunks and ground squirrels are both types of rodents, but",no,no,Correct,2.0641
underspecified,21,dev_3190,no,NO. Mahi-mahi and ahi tuna are different fish species. Mah,no,no,Correct,2.1132
underspecified,21,dev_0682,yes,"NO

A sermon and a homily are often used interchangeably, but there",no,no,Incorrect,2.1906
underspecified,21,dev_0735,yes,"YES

In the United States, secondary school and high school are essentially synonymous,",yes,yes,Correct,2.1079
underspecified,21,dev_1505,yes,YES. The University of St. Thomas is a nonprofit institution.,yes,yes,Correct,2.0982
underspecified,21,dev_1668,yes,"YES

Church of England (Anglican) worshippers often make the sign",yes,yes,Correct,2.1915
underspecified,21,dev_2373,yes,"NO

""Lord of All Hopefulness"" is a hymn that expresses trust",no,no,Incorrect,3.5616
underspecified,21,dev_2793,yes,NO. Eastern Kentucky University is a Division II school.,no,no,Incorrect,3.4412
underspecified,21,dev_2929,yes,"NO

Child psychology and developmental psychology are closely related but not exactly the same.",no,no,Incorrect,2.1118
underspecified,21,dev_0605,no,NO. BYU (Brigham Young University) does not require individuals to be members,no,no,Correct,2.1063
underspecified,21,dev_0908,no,I don't know. The accreditation status of American College of Education in New York,i,idk,IDK,2.1065
underspecified,21,dev_1388,no,NO. The University College London (UCL) is a separate institution from the,no,no,Correct,2.1024000000000003
underspecified,21,dev_1521,no,"NO

Sweden does not pay students directly to attend school. The country has a",no,no,Correct,2.1846
underspecified,21,dev_2334,no,NO. The Book of Jasher is not part of the canonical Bible. It,no,no,Correct,2.1026
underspecified,21,dev_2641,no,"NO

A double-barrel surname does not have to be hyphenated.",no,no,Correct,2.1917
underspecified,21,dev_0347,yes,YES,yes,yes,Correct,2.112
underspecified,21,dev_0411,yes,NO. The Washington Commanders (formerly known as the Washington Redskins) do not,no,no,Incorrect,2.2039
underspecified,21,dev_0439,yes,YES. The Milwaukee Brewers made it to the World Series in 201,yes,yes,Correct,2.1971999999999996
underspecified,21,dev_0452,yes,"NO

Belgium has not won the FIFA World Cup and has never reached the",no,no,Incorrect,2.1134
underspecified,21,dev_0585,yes,"NO

In rugby league, pushing in a scrum is not allowed. The",no,no,Incorrect,2.1071999999999997
underspecified,21,dev_0656,yes,"YES

Kaká played in the 2002 FIFA World Cup",yes,yes,Correct,2.1104000000000003
underspecified,21,dev_0661,yes,"NO

The KSI vs. Logan Paul fight was not a pay-per-view",no,no,Incorrect,2.1056
underspecified,21,dev_0701,yes,YES. The Kentucky Derby is always held on the first Saturday in May. It,yes,yes,Correct,2.1022
underspecified,21,dev_0704,yes,"YES

Wayne Gretzky won four Stanley Cups during his career, all",yes,yes,Correct,2.1108000000000002
underspecified,21,dev_0752,yes,"NO

Professional soccer does not have a mercy rule. The game continues until the",no,no,Incorrect,2.1064000000000003
underspecified,21,dev_0848,yes,"NO

Free agents can be signed outside of the transfer window, but there may",no,no,Incorrect,2.1035999999999997
underspecified,21,dev_0883,yes,"NO. In most sports, such as baseball, basketball, and hockey, a",no,no,Incorrect,2.1071
underspecified,21,dev_1143,yes,"YES

Dan Marino is indeed in the Hall of Fame. He was inducted",yes,yes,Correct,2.1001999999999996
underspecified,21,dev_1305,yes,NO. A school cannot be both Division I and Division II of the NCAA;,no,no,Incorrect,2.0997
underspecified,21,dev_1497,yes,"NO

Alphonse Areola did not play in the 201",no,no,Incorrect,2.1854
underspecified,21,dev_1777,yes,"NO

Away goals do not typically count in league playoffs. League playoffs usually determine",no,no,Incorrect,2.1118
underspecified,21,dev_2250,yes,NO. Poland did not qualify for the 2018 FIFA World Cup,no,no,Incorrect,2.1927
underspecified,21,dev_2370,yes,"YES

Ireland has indeed beaten the Australian national rugby union team (the Wall",yes,yes,Correct,2.1875
underspecified,21,dev_0083,no,"NO

At Wimbledon, a tiebreaker is not played in the final set of",no,no,Correct,2.0887
underspecified,21,dev_0085,no,NO. Deion Sanders never won a World Series. He played for several Major,no,no,Correct,2.1113000000000004
underspecified,21,dev_0170,no,NO. The Czech Republic has never won the FIFA World Cup. Their best performance,no,no,Correct,2.1913
underspecified,21,dev_0230,no,"NO

In Little League baseball, according to the official rules, you cannot run",no,no,Correct,2.1107
underspecified,21,dev_0412,no,"NO

The Miami Dolphins do not have a real dolphin in their stadium. Their",no,no,Correct,2.1938
underspecified,21,dev_0421,no,"NO

Penalty shoot-out goals do not count towards the Golden Boot award,",no,no,Correct,2.0972
underspecified,21,dev_0447,no,NO. Panama has not qualified for the FIFA World Cup as of the last update,no,no,Correct,2.1983
underspecified,21,dev_0544,no,"I don't know. The status of Trinity Forest Golf Club as a public,",i,idk,IDK,2.1065
underspecified,21,dev_0565,no,"NO

Walks are not included in the batting average calculation. The batting average",no,no,Correct,2.0995
underspecified,21,dev_0589,no,NO. Goaltending occurs when a defensive player interferes with the ball while,no,no,Correct,3.3793
underspecified,21,dev_0593,no,"NO

Teams do not keep the actual FIFA World Cup trophy after winning it.",no,no,Correct,2.1899
underspecified,21,dev_0859,no,NO. The U.S. Open is not played on the same course every year,no,no,Correct,2.1955
underspecified,21,dev_0865,no,NO. The San Jose Sharks have not won a Stanley Cup. They have made,no,no,Correct,2.106
underspecified,21,dev_1518,no,NO. Not all 2018 World Cup matches were played in Russia,no,no,Correct,2.1069
underspecified,21,dev_1768,no,NO. England has not won the Women's World Cup. The country's best,no,no,Correct,2.1992
underspecified,21,dev_1779,no,NO. India did not qualify for the 2018 FIFA World Cup,no,no,Correct,2.1934
underspecified,21,dev_1905,no,"NO

According to the Laws of the Game, a player cannot be offside",no,no,Correct,2.112
underspecified,21,dev_2156,no,"YES

The New York Yankees won the World Series in 2001",yes,yes,Incorrect,2.1895
underspecified,21,dev_2158,no,NO. The Cincinnati Bengals have never won a Super Bowl. Their closest call was,no,no,Correct,2.1853000000000002
underspecified,21,dev_2798,no,NO. The Super Bowl rings are typically awarded to the winning team as a symbol,no,no,Correct,2.0934
underspecified,21,dev_3138,no,"NO. The Olympic gold medal is not made entirely of gold. Traditionally,",no,no,Correct,2.0945
underspecified,21,dev_0307,yes,"NO. 700c tires are designed for road and urban bicycles,",no,no,Incorrect,2.0961999999999996
underspecified,21,dev_0506,yes,"YES, drywall mud and joint compound are the same thing. They are both",yes,yes,Correct,2.1052
underspecified,21,dev_0641,yes,I don't know. The interchangeability of parts between different firearm models like the,i,idk,IDK,2.1044
underspecified,21,dev_0844,yes,I don't know. While it's possible that Bell and Telus might share,i,idk,IDK,2.1053
underspecified,21,dev_1032,yes,"NO

In Canada, the toll-free prefix is typically 1-80",no,no,Incorrect,2.2001999999999997
underspecified,21,dev_1574,yes,NO. Apple Lightning cables do not contain chips; they are primarily composed of conduct,no,no,Incorrect,2.0726999999999998
underspecified,21,dev_1889,yes,"NO

While the Mazda Tribute and Ford Escape share some similarities as they are both",no,no,Incorrect,2.1095
underspecified,21,dev_2093,yes,"NO. Most emergency calling services, including 911 in the United States",no,no,Incorrect,2.1879
underspecified,21,dev_2213,yes,NO. U.S. toll-free numbers are not free in Canada; calls to,no,no,Incorrect,2.1031
underspecified,21,dev_2735,yes,"NO

Pipelining is a technique used to improve the overall throughput of a",no,no,Incorrect,2.1062
underspecified,21,dev_2836,yes,NO. The F-4 Phantom II was retired from active service by most countries,no,no,Incorrect,2.1049
underspecified,21,dev_0788,no,"NO

MiniDV tapes and 8mm tapes are different formats. MiniDV",no,no,Correct,2.1115999999999997
underspecified,21,dev_0798,no,NO. Area code 669 is not a toll-free number. It,no,no,Correct,2.195
underspecified,21,dev_1249,no,"NO. In C++, strings are not necessarily null-terminated. Modern C++",no,no,Correct,2.0905
underspecified,21,dev_1458,no,"NO

Powered speakers typically include an internal amplifier, so they do not require an",no,no,Correct,2.106
underspecified,21,dev_1584,no,"YES

GMC offers a version of the Avalanche, which is their full-size",yes,yes,Incorrect,2.0978000000000003
underspecified,21,dev_1589,no,NO. A SIM-free phone is not locked to a specific network and can be,no,no,Correct,2.1869
underspecified,21,dev_1657,no,"NO

The first iPhone, released in 2007, did not",no,no,Correct,2.1121999999999996
underspecified,21,dev_1691,no,NO. Response time refers to the amount of time it takes for a pixel on,no,no,Correct,2.1028000000000002
underspecified,21,dev_1943,no,"NO

It typically does not cost money to join the PlayStation Network. However,",no,no,Correct,2.1141
underspecified,21,dev_2682,no,"NO. E-ZPass is a brand name for an electronic toll collection system,",no,no,Correct,2.1104000000000003
underspecified,21,dev_2712,no,"NO

A23 batteries and N batteries are not the same. A2",no,no,Correct,2.1069
underspecified,21,dev_0427,no,"NO. ""The Barber of Seville"" and ""Sweeney Todd"" are",no,no,Correct,2.1106
underspecified,21,dev_0531,no,"NO

In J.R.R. Tolkien's Middle-earth, there are multiple dragons",no,no,Correct,2.1892
underspecified,21,dev_1915,no,"NO

""The Hunchback of Notre-Dame"" is a novel written by",no,no,Correct,2.1871
underspecified,21,dev_1946,no,NO. Snake Eyes and Storm Shadow are two distinct characters in the G.I.,no,no,Correct,2.2046
underspecified,21,dev_2024,no,"NO

The foreword typically comes after the title page and before the main body",no,no,Correct,2.0676
underspecified,21,dev_2265,no,"NO

G major and E minor are not the same. They are different key",no,no,Correct,2.1027
underspecified,21,dev_0004,yes,"YES, ""Harry Potter and the Escape from Gringotts"" is a roller",yes,yes,Correct,2.1045
underspecified,21,dev_0241,yes,"NO. Mariah Carey did not write ""All I Want for Christmas Is You",no,no,Incorrect,2.0975
underspecified,21,dev_0326,yes,YES,yes,yes,Correct,2.104
underspecified,21,dev_0525,yes,"NO

Queen did not have a number one hit in the United States according to",no,no,Incorrect,2.0733
underspecified,21,dev_0577,yes,"NO

Phil Collins and Peter Gabriel were both members of Genesis, but they did",no,no,Incorrect,2.1115999999999997
underspecified,21,dev_0799,yes,"NO

On Jeopardy!, contestants do not receive the actual cash prize until",no,no,Incorrect,2.1899
underspecified,21,dev_0142,no,NO. Denatured alcohol and acetone are not the same thing. Den,no,no,Correct,2.1854
underspecified,21,dev_0494,no,"NO. Fitness in biology refers to an organism's ability to survive and reproduce,",no,no,Correct,2.1863
underspecified,21,dev_0527,no,"NO

HeLa cells are derived from a cervical cancer tumor and have a characteristic",no,no,Correct,2.1064000000000003
underspecified,21,dev_0566,no,NO. All bacteria of a single species are not necessarily the exact same shape;,no,no,Correct,2.1979
underspecified,21,dev_0648,no,"NO. Evergreen trees retain their leaves throughout the year, although they may shed",no,no,Correct,2.0730999999999997
underspecified,21,dev_0668,no,NO. Red-eared sliders are freshwater turtles and are not adapted to live in,no,no,Correct,2.1864
underspecified,21,dev_0749,no,"NO. Sensory neurons are part of the peripheral nervous system, not the central",no,no,Correct,3.5288000000000004
underspecified,21,dev_0790,no,"NO

Great white sharks typically inhabit coastal surface waters and do not live at the",no,no,Correct,2.1059
underspecified,21,dev_0867,no,NO. The same genotype does not always result in the same phenotype due to various,no,no,Correct,2.1006
underspecified,21,dev_0921,no,NO. Whale sharks are generally docile filter feeders and do not pose a,no,no,Correct,2.1055
underspecified,21,dev_1088,no,"NO

Rabbits and cats are different species and cannot produce fertile offspring together",no,no,Correct,2.1075999999999997
underspecified,21,dev_1329,no,NO,no,no,Correct,2.1050999999999997
underspecified,21,dev_1402,no,NO. Tissue is composed of multiple types of cells that work together to perform,no,no,Correct,2.1873
underspecified,21,dev_1428,no,NO,no,no,Correct,2.1098000000000003
underspecified,21,dev_1439,no,NO. A groundhog and a mole are different animals. Groundhogs are,no,no,Correct,2.105
underspecified,21,dev_0020,yes,YES. Magnesium citrate contains citric acid as one of its components.,yes,yes,Correct,2.1071
underspecified,21,dev_0027,yes,"NO. Penguins have feathers, but they do not arise from the epidermis",no,no,Incorrect,2.1879
underspecified,21,dev_0047,yes,NO. The turkey vulture (Cathartes aura) is a real,no,no,Incorrect,2.1093
underspecified,21,dev_0070,yes,NO. The correct scientific name for the famous dinosaur is Tyrannosaurus rex,no,no,Incorrect,2.1976
underspecified,21,dev_0086,yes,"NO

While ""German Shepherd"" and ""Alsatian"" refer to the",no,no,Incorrect,2.1074
underspecified,21,dev_0121,yes,"NO

St. Bernards and Bernese Mountain Dogs are both breeds of working",no,no,Incorrect,2.1104000000000003
underspecified,21,dev_0131,yes,"NO

The latent heat of vaporization generally remains relatively constant over a narrow range",no,no,Incorrect,2.1837
underspecified,21,dev_0147,yes,"NO

The navel and the belly button refer to the same anatomical feature",no,no,Incorrect,2.103
underspecified,21,dev_0159,yes,YES,yes,yes,Correct,3.4494000000000002
underspecified,21,dev_0190,yes,YES. Bees die after losing their stinger because the stinger is connected,yes,yes,Correct,3.5293
underspecified,21,dev_0195,yes,NO. Alligators do not drown their prey and eat it later. They typically,no,no,Incorrect,2.0998
underspecified,21,dev_0200,yes,"YES. Competitive inhibitors bind to the active site of an enzyme, competing with the",yes,yes,Correct,2.1911
underspecified,21,dev_0214,yes,"NO. Animal cells have a cell membrane, also known as the plasma membrane,",no,no,Incorrect,2.0587
underspecified,21,dev_0242,yes,"YES

Both male and female bighorn sheep have horns, although the horns",yes,yes,Correct,2.0972
underspecified,21,dev_0522,yes,"YES

Hornets can sting multiple times, as their stingers do not",yes,yes,Correct,2.1933000000000002
underspecified,21,dev_0033,no,NO. Federal income tax and Social Security tax are different types of taxes. Federal,no,no,Correct,2.2032
underspecified,21,dev_0123,no,"NO

Public limited companies (PLCs) are typically part of the public sector",no,no,Correct,2.0942
underspecified,21,dev_0501,no,NO. Comcast and Time Warner are not the same company. They are separate media,no,no,Correct,2.1841999999999997
underspecified,21,dev_0526,no,"NO

Canadian dollars and American dollars are not the same. They have different values",no,no,Correct,2.1016
underspecified,21,dev_1076,no,"NO

Only commercial banks are not the only entities subject to runs. Runs can",no,no,Correct,2.1812
underspecified,21,dev_1213,no,"NO

Discretionary income and disposable income are related but not exactly the same",no,no,Correct,2.1001
underspecified,21,dev_1654,no,"NO

Discouraged workers are not counted in the official unemployment rate. The",no,no,Correct,2.0901
underspecified,21,dev_1753,no,NO. Universal Music Group and Universal Studios are separate entities within the larger NBCUniversal,no,no,Correct,2.1078
underspecified,21,dev_1825,no,"NO. Each bank in the UK has its own unique sort codes, which are",no,no,Correct,2.0972
underspecified,21,dev_2911,no,NO. The United States does not have a fixed exchange rate; it uses a,no,no,Correct,2.0995
underspecified,21,dev_2740,no,NO. The Better Business Bureau (BBB) is a non-governmental organization,no,no,Correct,2.1004
underspecified,21,dev_2517,no,NO. The Bank of England is not a private company. It is the central,no,no,Correct,2.0975
underspecified,21,dev_1139,yes,NO,no,no,Incorrect,2.0954
underspecified,21,dev_0002,yes,NO. House tax and property tax are not the same. Property tax is a,no,no,Incorrect,2.1041
underspecified,21,dev_0773,yes,"YES

A company can be public but not listed on a stock exchange. This",yes,yes,Correct,2.0935
underspecified,21,dev_1186,yes,YES,yes,yes,Correct,2.0998
underspecified,21,dev_1302,yes,"YES

Dodge and Jeep are both brands under the Fiat Chrysler Automobiles (",yes,yes,Correct,2.0989
underspecified,21,dev_1349,yes,YES. The Net Present Value (NPV) does account for the time value,yes,yes,Correct,2.0999
underspecified,21,dev_1771,yes,NO,no,no,Incorrect,2.0973
underspecified,21,dev_1804,yes,YES,yes,yes,Correct,2.198
underspecified,21,dev_1873,yes,"NO. Stop & Shop is owned by Ahold Delhaize, while Giant",no,no,Incorrect,2.1866999999999996
underspecified,21,dev_1963,yes,"NO

New Hampshire does not have a statewide sales tax, but local municipalities can",no,no,Incorrect,2.1058000000000003
underspecified,21,dev_2582,yes,"NO

A profit and loss statement is the same as an income statement. Both",no,no,Incorrect,2.1045
underspecified,21,dev_2598,yes,NO. Hellmann's and Best Foods were separate brands owned by different companies until,no,no,Incorrect,2.1015
underspecified,21,dev_3158,yes,"I don't know.

While there is a general understanding that economic development can contribute",i,idk,IDK,2.1055
underspecified,21,dev_0551,no,"NO. An ounce (oz) is a unit of weight, while a fluid",no,no,Correct,2.0991
underspecified,21,dev_1158,no,NO. A crossover is a type of vehicle that combines elements of a car and,no,no,Correct,2.1026
underspecified,21,dev_1364,no,"NO. A jet engine is an internal combustion engine, as it burns fuel internally",no,no,Correct,3.4764
underspecified,21,dev_1807,no,NO. The dimensions of 8.5×11 inches (US Letter,no,no,Correct,2.0711999999999997
underspecified,21,dev_2542,no,NO. Father's Day is celebrated on the third Sunday in June in many countries,no,no,Correct,2.1083000000000003
underspecified,21,dev_2562,no,"NO

A ribeye steak and a Delmonico steak are similar in that",no,no,Correct,2.1001999999999996
underspecified,21,dev_3005,no,NO. An English Bull Terrier is not a Pit Bull. The English Bull,no,no,Correct,2.11
underspecified,21,dev_3194,no,NO. Corn chips and tortilla chips are similar in that they are both popular,no,no,Correct,2.1927
underspecified,21,dev_3195,no,NO. A boarding pass is different from a ticket. A ticket is the document,no,no,Correct,2.1124
underspecified,21,dev_0013,yes,"NO

Washing your hair with shower gel occasionally is generally not harmful, but",no,no,Incorrect,2.1121
underspecified,21,dev_0043,yes,"NO

There are no single continuous interstate highways that go coast-to-coast.",no,no,Incorrect,2.2340999999999998
underspecified,21,dev_0052,yes,"YES. A hammer can be used as a weapon in certain situations, such as",yes,yes,Correct,3.4471
underspecified,21,dev_0091,yes,"NO

A tablespoon is generally smaller than a dessert spoon. A dessert spoon is",no,no,Incorrect,2.109
underspecified,21,dev_0116,yes,"YES

A father-in-law is considered a relative because he is a member of",yes,yes,Correct,2.1052
underspecified,21,dev_0288,yes,"NO. The UK primarily uses the 12-hour clock system, although the",no,no,Incorrect,2.1959
underspecified,21,dev_0555,yes,NO. ZIP code and postal code are similar in that they both refer to a,no,no,Incorrect,2.1098000000000003
underspecified,21,dev_0627,yes,"NO. The title ""Sir"" is specifically used for male members of the British",no,no,Incorrect,2.1866
underspecified,21,dev_0831,yes,"YES, A U.S. passport card is a valid form of ID for air",yes,yes,Correct,2.106
underspecified,21,dev_0721,no,"NO. ""Night of the Living Dead"" is a fictional horror film and not",no,no,Correct,2.0991999999999997
underspecified,21,dev_0863,no,"NO. ""The Closer"" and ""Major Crimes"" are separate television series",no,no,Correct,2.1986
underspecified,21,dev_1357,no,"NO. ""The View"" and ""The Talk"" are two different television talk",no,no,Correct,2.1102
underspecified,21,dev_1951,no,"NO

""The Bridge on the River Kwai"" is a fictional story based on",no,no,Correct,2.1005
underspecified,21,dev_2131,no,"NO

Nacho Varga appears in *Better Call Saul*, but he is",no,no,Correct,2.0679000000000003
underspecified,21,dev_2174,no,NO. Fear the Walking Dead and The Walking Dead are separate but related television series,no,no,Correct,2.1891
underspecified,21,dev_2252,no,"NO. While ""America's Got Talent"" is a U.S.-based show",no,no,Correct,2.1895
underspecified,21,dev_2309,no,NO. Maleficent and the Evil Queen are distinct characters from different fairy tales,no,no,Correct,2.1851
underspecified,21,dev_2364,no,NO. The Outsiders is a fictional coming-of-age novel by S.E.,no,no,Correct,2.1809000000000003
underspecified,21,dev_3075,no,NO. Pulp Fiction is a fictional story and is not based on a true,no,no,Correct,2.1043000000000003
underspecified,21,dev_3205,no,"NO. The movie ""Lady Bird"" is not about Lady Bird Johnson. It",no,no,Correct,2.1066
underspecified,21,dev_0015,yes,"YES

""Fantastic Beasts and Where to Find Them"" is indeed a pre",yes,yes,Correct,2.1086
underspecified,21,dev_0153,yes,"YES

There have been multiple adaptations of ""The Handmaid's Tale"" into",yes,yes,Correct,2.1856
underspecified,21,dev_0161,yes,YES,yes,yes,Correct,2.1101
underspecified,21,dev_0306,yes,"NO

Grey's Anatomy is a fictional television show and is not filmed at a",no,no,Incorrect,2.0927
underspecified,21,dev_0334,yes,"YES

""Wrath of the Titans"" is indeed a sequel to ""Cl",yes,yes,Correct,2.1971
underspecified,21,dev_0338,yes,"YES

Fear the Walking Dead and The Walking Dead are related as they are both",yes,yes,Correct,2.1881
underspecified,21,dev_0493,yes,"NO

""Love Child"" is a fictional television drama series and is not based",no,no,Incorrect,2.1874000000000002
underspecified,21,dev_0520,yes,"YES

In the Marvel Cinematic Universe (MCU), ""The Winter Soldier",yes,yes,Correct,2.1971
underspecified,21,dev_0212,no,NO,no,no,Correct,3.4896
underspecified,21,dev_0309,no,NO. Ground coriander and cumin are not the same thing. They,no,no,Correct,2.1931
underspecified,21,dev_0484,no,"NO

Salt water taffy does not actually contain salt water. The name",no,no,Correct,2.1841999999999997
underspecified,21,dev_0654,no,NO. Beef short ribs and spare ribs come from different parts of the animal and,no,no,Correct,2.1841
underspecified,21,dev_0973,no,NO. Salt water taffy is not made with actual ocean water. The,no,no,Correct,2.0934
underspecified,21,dev_1335,no,NO. A cocoa bean comes from the cacao tree (Theobroma c,no,no,Correct,2.1059
underspecified,21,dev_1443,no,"NO

A lungo is a longer and more dilute version of an espresso",no,no,Correct,2.089
underspecified,21,dev_0284,yes,"NO

Enameled cast iron cookware is designed to prevent the leaching",no,no,Incorrect,2.0966
underspecified,21,dev_0330,yes,"YES

The white cover on brie cheese, often referred to as blooming",yes,yes,Correct,2.1940999999999997
underspecified,21,dev_0443,yes,"NO. Powdered sugar, also known as confectioners' sugar, is",no,no,Incorrect,2.1026
underspecified,21,dev_0975,yes,NO. Wholemeal flour and whole wheat flour are similar but not exactly the same,no,no,Incorrect,2.1031999999999997
underspecified,21,dev_1741,yes,"NO

Garbanzo beans and chickpeas are the same thing. They",no,no,Incorrect,2.1837
underspecified,21,dev_1770,yes,"YES

Pure vanilla extract contains alcohol as a solvent to extract the flavor from vanilla",yes,yes,Correct,2.1074
underspecified,21,dev_1860,no,NO. Pinot Noir and Pinot Gris are not the same grape variety,no,no,Correct,2.1846
underspecified,21,dev_1967,yes,"NO

A caffe latte is similar to a latte but typically contains more",no,no,Incorrect,2.088
underspecified,21,dev_0236,no,NO. Straights do not have to be the same suit in poker. A,no,no,Correct,2.1065
underspecified,21,dev_0741,no,NO. While some games of solitaire can be won depending on the initial setup,no,no,Correct,2.1087
underspecified,21,dev_1440,no,"YES

The Xbox One can play Xbox 360 discs through backward compatibility",yes,yes,Incorrect,2.1065
underspecified,21,dev_2062,no,"NO. A queen can move any number of squares vertically, horizontally, or diagon",no,no,Correct,2.0981
underspecified,21,dev_2109,no,"NO. Call of Duty: World at War is based on World War II,",no,no,Correct,2.1106
underspecified,21,dev_2137,no,"NO. To win a game of chess, you need to checkmate the opponent",no,no,Correct,2.1010999999999997
underspecified,21,dev_0478,yes,"YES

Call of Duty: Modern Warfare 2 does have a multiplayer mode.",yes,yes,Correct,2.1967
underspecified,21,dev_0545,yes,"YES

Just Cause 3 has a significant storyline that follows the character Rico Rodriguez",yes,yes,Correct,2.1067
underspecified,21,dev_1125,yes,"YES

Need for Speed games often include story modes, although the presence and complexity",yes,yes,Correct,2.1863
underspecified,21,dev_1137,yes,I don't know. The compatibility of Pokémon Crystal with Pokémon Stadium 2 needs,i,idk,IDK,1.9806
underspecified,21,dev_1162,yes,NO,no,no,Incorrect,2.1885
underspecified,21,dev_1177,yes,"YES

Company of Heroes 2 features a campaign mode called ""Heroes of the",yes,yes,Correct,2.1869
underspecified,21,dev_1444,yes,"NO

Original Xbox games do not work on Xbox One without the use of compatibility",no,no,Incorrect,2.1066
underspecified,21,dev_0313,no,NO. St. Kitts and Nevis is an independent country and member of,no,no,Correct,2.1092
underspecified,21,dev_0823,no,NO. The Ogallala Aquifer is one of the largest aquifers in,no,no,Correct,2.1943
underspecified,21,dev_0839,no,NO. West Virginia and Virginia are two separate states in the United States. West,no,no,Correct,2.2356
underspecified,21,dev_1222,no,NO. The Isle of Man is not a part of Great Britain. It is,no,no,Correct,3.5305999999999997
underspecified,21,dev_1254,no,NO. Sudan and South Sudan are two separate countries. They were part of the,no,no,Correct,2.1121
underspecified,21,dev_1269,no,"NO. The Mississippi River flows into the Gulf of Mexico, not the Pacific Ocean",no,no,Correct,2.1024000000000003
underspecified,21,dev_1334,no,NO. Patagonia is not a country in its own right. It is,no,no,Correct,2.1078
underspecified,21,dev_0184,yes,"YES

You can navigate from Lake Michigan to the Atlantic Ocean via the Saint Lawrence",yes,yes,Correct,2.1926
underspecified,21,dev_0322,yes,"NO. The City of Industry is located in eastern Los Angeles County, but it",no,no,Incorrect,2.1929000000000003
underspecified,21,dev_0557,yes,NO. The water in the Amazon River is saltwater in the estuaries,no,no,Incorrect,2.1115
underspecified,21,dev_0573,yes,"YES

You can access the Black Sea from the Mediterranean Sea through the Strait of",yes,yes,Correct,2.109
underspecified,21,dev_1179,yes,"NO

Phoenix is in the Mountain Time Zone (MT), while Denver is also",no,no,Incorrect,2.0933
underspecified,21,dev_0619,yes,"NO

Texas is not bigger than Germany. Germany has an area of approximately",no,no,Incorrect,3.5814
underspecified,21,dev_0650,yes,"YES

New York City consists of five boroughs: Manhattan, Brooklyn, Queens",yes,yes,Correct,2.1039
underspecified,21,dev_0734,yes,"YES

You can travel from Lake Erie to Lake Ontario via the Welland Canal",yes,yes,Correct,2.1866999999999996
underspecified,21,dev_0061,no,NO. An EMT-Basic is not typically authorized to start intravenous (,no,no,Correct,2.1111999999999997
underspecified,21,dev_0124,no,"NO. In the United States, healthcare is not universally free. While there are",no,no,Correct,2.1859
underspecified,21,dev_0914,no,NO. Stroke volume and ejection fraction are related but distinct cardiac measures. Stroke,no,no,Correct,2.1079
underspecified,21,dev_0955,no,"NO

Mycosis fungoides is not caused by a fungal infection.",no,no,Correct,2.189
underspecified,21,dev_1610,no,NO. Soft-tissue damage is a broader term that includes various injuries to tissues,no,no,Correct,2.1073000000000004
underspecified,21,dev_1790,no,"NO. The lining of the uterus, known as the endometrium, does",no,no,Correct,2.1111
underspecified,21,dev_2096,no,"NO

X-rays and MRIs are different types of medical imaging modalities that",no,no,Correct,3.4819
underspecified,21,dev_2277,no,"NO

High dependency units (HDUs) and intensive care units (ICUs",no,no,Correct,3.53
underspecified,21,dev_2499,no,NO. A Doctor of Physical Therapy (DPT) is not an MD (,no,no,Correct,2.1851
underspecified,21,dev_1959,yes,"YES

Normal body temperature can vary throughout the day, typically being slightly lower in",yes,yes,Correct,2.1013
underspecified,21,dev_1992,yes,"YES

Rabies can be transmitted from an infected animal to a person through bites",yes,yes,Correct,2.1914000000000002
underspecified,21,dev_2047,yes,"NO

Organs in the digestive system, such as the liver, pancreas",no,no,Incorrect,2.1069
underspecified,21,dev_1656,yes,"NO

While the expression ""broken heart"" is commonly used to describe emotional distress",no,no,Incorrect,2.1834000000000002
underspecified,21,dev_1663,yes,NO. Turf toe is typically associated with injury to the first metatarsoph,no,no,Incorrect,2.1816999999999998
underspecified,21,dev_1752,yes,"NO

Triamcinolone cream is a corticosteroid used to",no,no,Incorrect,2.195
underspecified,21,dev_2049,yes,"YES

The common femoral vein is considered a deep vein, located within the",yes,yes,Correct,2.1823
underspecified,21,dev_2050,yes,"YES

Drug tolerance can indeed be caused by receptor upregulation and downreg",yes,yes,Correct,3.4556
underspecified,21,dev_1442,yes,"NO

A lipid profile and a lipid panel refer to the same thing. Both",no,no,Incorrect,2.1052
underspecified,21,dev_0301,no,"NO

The Berlin Wall and the Berlin Blockade are two different events related to",no,no,Correct,2.1896
underspecified,21,dev_0480,no,NO. The Articles of Confederation were replaced by the U.S. Constitution in,no,no,Correct,2.235
underspecified,21,dev_1290,no,NO. Nova Scotia was not part of the 13 original colonies that formed,no,no,Correct,2.1046
underspecified,21,dev_1819,no,NO. The Czech Republic and Czechoslovakia are not the same country.,no,no,Correct,2.1852
underspecified,21,dev_2206,no,NO. The Emancipation Proclamation applied only to the states that were in,no,no,Correct,2.1884
underspecified,21,dev_0376,yes,NO. William the Conqueror's claim to the English throne was not considered,no,no,Incorrect,2.1998
underspecified,21,dev_0346,yes,"NO

Helicopters were not widely used during the Second World War. They",no,no,Incorrect,2.1048
underspecified,21,dev_0363,yes,"YES

The 1971 silver dollar refers to the Silver Certificates",yes,yes,Correct,2.1853000000000002
underspecified,21,dev_0535,yes,NO. Houston has never been the capital of Texas. The capital of Texas is,no,no,Incorrect,3.5258000000000003
underspecified,21,dev_0629,yes,"YES

The 13th Amendment to the United States Constitution abolished slavery and",yes,yes,Correct,3.4885
underspecified,21,dev_0179,no,NO. U.S. courts of appeals do not have original jurisdiction. They have,no,no,Correct,2.1835999999999998
underspecified,21,dev_0402,no,"NO. In the United Kingdom, polygamous marriages are not recognized under current",no,no,Correct,2.1041999999999996
underspecified,21,dev_0513,no,"NO

In many jurisdictions, a purchase price alone is not sufficient to prove part",no,no,Correct,2.091
underspecified,21,dev_0606,no,"NO

Escaping from prison is illegal in Germany, as it is in many",no,no,Correct,2.1098000000000003
underspecified,21,dev_0630,no,"NO. An ""honorable discharge"" is a specific type of discharge status that",no,no,Correct,2.1915
underspecified,21,dev_0795,no,"NO

Driving laws vary from state to state in the United States, including rules",no,no,Correct,2.1061
underspecified,21,dev_1457,no,NO. The Civil Rights Act is not part of the U.S. Constitution.,no,no,Correct,2.19
underspecified,21,dev_1776,no,"NO

An Employment Authorization Document (EAD) allows a person to work in",no,no,Correct,2.2071
underspecified,21,dev_1862,no,"NO

The FCC's equal-time rule primarily applies to radio and television broadcasters,",no,no,Correct,2.0898000000000003
underspecified,21,dev_1911,no,"NO

There is no mandatory retirement age for U.S. Supreme Court justices.",no,no,Correct,2.21
underspecified,21,dev_2755,no,"NO. In most jurisdictions, becoming an attorney requires passing the bar exam to demonstrate",no,no,Correct,2.1853000000000002
underspecified,21,dev_2756,no,"NO. The Bill of Rights, consisting of the first ten amendments to the United",no,no,Correct,2.1107
underspecified,21,dev_2921,no,"NO

Property tax and council tax are different types of taxes. Property tax is",no,no,Correct,2.1115999999999997
underspecified,21,dev_2972,no,NO. Commercial law and corporate law are related but distinct areas of law. Commercial,no,no,Correct,2.0605
underspecified,21,dev_0009,yes,"NO

In most cases, you can drive in Canada with a valid U.S",no,no,Incorrect,2.1035999999999997
underspecified,21,dev_0038,yes,"NO

Recording a cover of a song typically requires obtaining a mechanical license and sometimes",no,no,Incorrect,3.4483
underspecified,21,dev_0129,yes,"NO

In Florida, you cannot privately sell a firearm without going through a licensed",no,no,Incorrect,3.528
underspecified,21,dev_0202,yes,"NO

Breaking and entering into a car is generally considered a misdemeanor, not a",no,no,Incorrect,2.1069
underspecified,21,dev_0308,yes,"NO

In many countries, it is illegal for minors to possess alcohol, but",no,no,Incorrect,2.1079
underspecified,21,dev_0584,yes,YES. The First Amendment is one of the original ten amendments in the Bill of,yes,yes,Correct,2.1071999999999997
underspecified,21,dev_0644,yes,"NO. In many places, there is no specific law requiring you to pull over",no,no,Incorrect,2.107
underspecified,21,dev_0653,yes,YES. The Family Medical Leave Act (FMLA) is a federal law in,yes,yes,Correct,2.2289
underspecified,21,dev_0671,yes,"NO

As of now, Kansas does not have the death penalty. The state",no,no,Incorrect,2.1081
underspecified,21,dev_0757,yes,"YES

Stealing a street sign can be considered vandalism or theft, which are",yes,yes,Correct,2.1846
underspecified,21,dev_1059,yes,"YES

The Supreme Court can review and potentially invalidate an executive order if it determines",yes,yes,Correct,2.1014
underspecified,21,dev_1067,yes,"YES

The Preamble is indeed a part of the Indian Constitution. It is",yes,yes,Correct,3.4484
underspecified,21,dev_1097,yes,"YES

In Canada, you have the right to remain silent and the right to",yes,yes,Correct,2.0934
underspecified,21,dev_1131,yes,"NO. Illinois does not have a ""stand your ground"" law. The state",no,no,Incorrect,2.1866999999999996
underspecified,21,dev_1324,yes,"NO. A flask can contain an open container of alcohol, but whether it is",no,no,Incorrect,2.1016
underspecified,21,dev_0305,no,"NO

Language is not the only criterion for classifying states in India. While",no,no,Correct,2.1924
underspecified,21,dev_0465,no,NO. The National Guard is not part of the Coast Guard. The National Guard,no,no,Correct,2.2072
underspecified,21,dev_0508,no,"NO. According to the United States Constitution, specifically the 22nd Amendment",no,no,Correct,2.1127
underspecified,21,dev_0518,no,NO. The Justice Department is part of the executive branch. The judicial branch consists,no,no,Correct,2.1848
underspecified,21,dev_0572,no,"NO

A legislator is a person who is involved in making laws, which",no,no,Correct,2.106
underspecified,21,dev_0898,no,"NO

In Canada, only Canadian citizens are eligible to vote in federal elections and",no,no,Correct,3.4506
underspecified,21,dev_1154,no,NO. The number of justices on the Supreme Court has changed over time. The,no,no,Correct,2.1878
underspecified,21,dev_1221,no,"NO

Filibusters are typically associated with the Senate, where they can be",no,no,Correct,2.1031
underspecified,21,dev_1244,no,NO. Canada and Australia are not part of the UK. They are independent countries,no,no,Correct,2.1875
underspecified,21,dev_1245,no,NO. Turkey is not a member of the European Economic Area (EEA).,no,no,Correct,2.103
underspecified,21,dev_1273,no,NO,no,no,Correct,2.1976999999999998
underspecified,21,dev_0647,yes,NO. Not every nation-state has a national government in the traditional sense. For,no,no,Incorrect,2.1050999999999997
underspecified,21,dev_0254,yes,YES. The Vice President of the United States is the President of the Senate and,yes,yes,Correct,2.2297
underspecified,21,dev_0486,yes,YES. The United States Postal Service (USPS) is an independent agency within,yes,yes,Correct,2.1041999999999996
underspecified,21,dev_0736,yes,"NO

The World Bank is not directly affiliated with the United Nations, although there",no,no,Incorrect,2.108
underspecified,21,dev_0814,yes,NO. The Air Force primarily focuses on aerial warfare and does not have ground combat,no,no,Incorrect,3.4144
underspecified,21,dev_1477,yes,YES,yes,yes,Correct,2.102
underspecified,21,dev_1721,yes,"NO. There are no U.S. military bases in the UK, although there",no,no,Incorrect,2.1879
underspecified,21,dev_1786,yes,YES. New York City still has rent control and rent stabilization laws in place for,yes,yes,Correct,2.1855
underspecified,21,dev_1970,yes,"YES. A state ID, also known as a driver's license or state-",yes,yes,Correct,2.2083000000000004
underspecified,21,dev_1985,yes,"YES

The United States Supreme Court has recognized a constitutional right to privacy through various",yes,yes,Correct,2.1092
underspecified,21,dev_2448,no,"NO

Puerto Rico does not have the right to vote in presidential elections.",no,no,Correct,2.2049000000000003
underspecified,21,dev_0066,yes,"YES

All triangles have at least two acute angles. This is because the sum",yes,yes,Correct,2.09
underspecified,21,dev_0088,yes,"NO. According to Einstein's famous equation \( E = mc^2 \),",no,no,Incorrect,2.108
underspecified,21,dev_0196,yes,"NO

A Tyrannosaurus rex skull has indeed been found. Many T",no,no,Incorrect,2.1999
underspecified,21,dev_0262,yes,YES. A real image can be projected onto a screen when it is formed by,yes,yes,Correct,3.4501
underspecified,21,dev_0271,yes,"NO

An outcome variable and a dependent variable are similar concepts but are used in",no,no,Incorrect,2.0957
underspecified,21,dev_0329,yes,"NO

The Sun orbits around the center of the Milky Way galaxy. It completes",no,no,Incorrect,2.1115999999999997
underspecified,21,dev_0331,yes,YES. A wheel and axle is considered one of the six classical simple machines.,yes,yes,Correct,2.0936
underspecified,21,dev_0387,yes,"NO

Density is a characteristic property of a material that depends on the type of",no,no,Incorrect,2.1041999999999996
underspecified,21,dev_0418,yes,"NO

Thunder and lightning typically occur with warm, moist air and the presence of",no,no,Incorrect,2.1961
underspecified,21,dev_0616,yes,"NO

Bicarbonate of soda and baking soda are the same thing. Both",no,no,Incorrect,2.1854
underspecified,21,dev_0638,yes,YES. All rhombuses have two pairs of parallel sides.,yes,yes,Correct,2.0896
underspecified,21,dev_0657,yes,"NO

Yield stress and yield strength are related but distinct concepts in materials science",no,no,Incorrect,2.0968
underspecified,21,dev_0692,yes,"NO

Hydrometers are typically used to measure the specific gravity or density",no,no,Incorrect,2.093
underspecified,21,dev_0744,yes,"YES

A polynomial can indeed have a square root of a variable. For example",yes,yes,Correct,2.1849000000000003
underspecified,21,dev_0797,yes,"YES

Average velocity has both magnitude and direction. It is defined as the displacement",yes,yes,Correct,2.1004
underspecified,21,dev_0842,yes,"YES

Diffraction is a wave phenomenon where waves bend around obstacles or spread out",yes,yes,Correct,2.0959
underspecified,21,dev_1379,yes,"NO. Talc and talcum powder are related, but not exactly the same",no,no,Incorrect,2.184
underspecified,21,dev_0126,no,"NO. According to our current understanding of physics, particularly Einstein's theory of rel",no,no,Correct,2.1115999999999997
underspecified,21,dev_0342,no,NO. The speed of sound varies depending on the material through which it travels.,no,no,Correct,2.1887
underspecified,21,dev_0437,no,NO. The full moon does not always occur on the summer solstice. The,no,no,Correct,2.1954000000000002
underspecified,21,dev_0553,no,"NO. In a parallelogram, opposite angles are equal, but adjacent angles",no,no,Correct,2.0885
underspecified,21,dev_0652,no,NO. The square root of 3 is not a rational number. It is,no,no,Correct,2.1056999999999997
underspecified,21,dev_0708,no,NO. Negative numbers cannot be perfect squares because perfect squares are obtained by multiplying a,no,no,Correct,2.1059
underspecified,21,dev_1083,no,NO. Carbon-14 dating is not suitable for live animals as it requires,no,no,Correct,2.1858
underspecified,21,dev_1142,no,"NO

Quantum entanglement does not allow for the transfer of information faster",no,no,Correct,2.1832
underspecified,21,dev_1354,no,"NO. The depth of the water table varies depending on factors such as precipitation,",no,no,Correct,2.1115
underspecified,21,dev_1460,no,"NO

A single-subject research design is most appropriate for studies with small sample",no,no,Correct,2.1093
underspecified,21,dev_1468,no,NO. Sodium lactate and lactic acid are related compounds but are not the,no,no,Correct,2.1014
underspecified,21,dev_1559,no,"NO. 

The function \(\log x\) typically refers to the logarithm",no,no,Correct,2.0904000000000003
underspecified,21,dev_1595,no,NO. Reverse osmosis (RO) water and deionized (DI,no,no,Correct,2.1959
underspecified,21,dev_1643,no,"NO

Static pressure and atmospheric pressure are related but distinct concepts. Static pressure is",no,no,Correct,2.104
underspecified,21,dev_1692,no,NO. Atmospheric pressure is not always 1 atm (atmosphere). It,no,no,Correct,2.0973
underspecified,21,dev_1726,no,NO. The vagus nerve is part of the peripheral nervous system (PNS,no,no,Correct,2.1927
underspecified,21,dev_0008,yes,"NO. In standard English, the letter ""Q"" always appears followed by the",no,no,Incorrect,2.1084
underspecified,21,dev_0323,yes,"NO

The ""Song of Solomon"" and ""Song of Songs"" are the",no,no,Incorrect,2.1074
underspecified,21,dev_0794,yes,"YES

Erving Goffman is associated with the dramaturgical model",yes,yes,Correct,2.1992
underspecified,21,dev_0866,yes,"YES

For example, the word ""cinq"" (French for ""five",yes,yes,Correct,2.1103
underspecified,21,dev_0910,yes,YES. The Dewey Decimal System is still in use in many libraries around the,yes,yes,Correct,2.1014
underspecified,21,dev_0992,yes,"YES

In many education systems, students can be held back, or retained,",yes,yes,Correct,2.1095
underspecified,21,dev_1446,yes,"NO

The Church of England and the Anglican Church are related but distinct.",no,no,Incorrect,2.2005
underspecified,21,dev_0294,no,NO. Australian Sign Language (Auslan) and American Sign Language (ASL,no,no,Correct,2.1041
underspecified,21,dev_0521,no,"NO. The word ""kangaroo"" does not mean ""I don't",no,no,Correct,2.111
underspecified,21,dev_0943,no,"NO. The Book of Deuteronomy is in the Old Testament, not the",no,no,Correct,2.111
underspecified,21,dev_1887,no,"NO

The Persian and Arabic alphabets are similar but not the same.",no,no,Correct,2.1064000000000003
underspecified,21,dev_2892,no,"NO

Scottish Gaelic and Irish Gaelic are closely related but distinct languages",no,no,Correct,2.1113000000000004
underspecified,21,dev_2691,no,"NO

King's College London is an independent university, not part of Cambridge University",no,no,Correct,2.1121999999999996
underspecified,21,dev_0065,yes,"YES

Several players from the 1980 U.S. Olympic hockey",yes,yes,Correct,3.4444
underspecified,21,dev_0245,yes,"NO. In American football, a player cannot pass the ball more than once in",no,no,Incorrect,2.1068000000000002
underspecified,21,dev_0315,yes,"YES

While it's not ideal, soccer can be played on a football field",yes,yes,Correct,2.1089
underspecified,21,dev_0361,yes,"NO

Chewing tobacco is not banned in Major League Baseball, but its use",no,no,Incorrect,2.1052
underspecified,21,dev_0550,yes,"NO

While there have been instances where games have ended in a tie due to",no,no,Incorrect,2.1871
underspecified,21,dev_0595,yes,"NO

The Ivy League does not have a basketball tournament. The conference does not",no,no,Incorrect,2.1041
underspecified,21,dev_0966,yes,"YES

The round of 16 in the World Cup is part of the",yes,yes,Correct,2.1016999999999997
underspecified,21,dev_1078,yes,"NO

All 32 current National Hockey League (NHL) teams have",no,no,Incorrect,2.1038
underspecified,21,dev_1224,yes,NO. A rugby field is generally longer than a football (soccer) field,no,no,Incorrect,2.1853000000000002
underspecified,21,dev_1251,yes,"NO

Croatia has participated in the FIFA World Cup but has not placed",no,no,Incorrect,2.1895
underspecified,21,dev_1260,yes,I don't know. The suitability of Nike Air Force 1s for basketball,i,idk,IDK,2.1866999999999996
underspecified,21,dev_1278,yes,YES,yes,yes,Correct,2.1946
underspecified,21,dev_1462,yes,"YES

The FIFA World Cup typically includes an opening ceremony, which features various cultural",yes,yes,Correct,2.1921
underspecified,21,dev_1494,yes,"NO

According to the Laws of the Game, a player cannot be offside",no,no,Incorrect,2.1103
underspecified,21,dev_1543,yes,"NO

No NHL team has ever come back from a 3-0 deficit",no,no,Incorrect,2.1089
underspecified,21,dev_2012,yes,"YES

Dwight Howard did play for the Houston Rockets. He joined the",yes,yes,Correct,2.1886
underspecified,21,dev_2118,yes,YES. Twisting an opponent's wrist can be an effective self-defense technique to,yes,yes,Correct,2.1919
underspecified,21,dev_2272,yes,"NO. AstroTurf is a brand name for artificial grass, but not all",no,no,Incorrect,3.4741
underspecified,21,dev_2338,yes,"NO

A player cannot play in both the Europa League and the Champions League for",no,no,Incorrect,2.1877
underspecified,21,dev_2498,yes,"NO. In Major League Baseball history, there has never been an instance of two",no,no,Incorrect,2.1062
underspecified,21,dev_2509,yes,NO. No NBA team has ever come back from a 3-1 deficit,no,no,Incorrect,2.1936999999999998
underspecified,21,dev_2917,yes,YES. The Tampa Bay Lightning won the Stanley Cup in 2021,yes,yes,Correct,2.1044
underspecified,21,dev_2966,yes,NO. Players typically need to be at least one year removed from high school before,no,no,Incorrect,2.0985
underspecified,21,dev_2974,yes,"YES

Running for 24 hours is possible, although it is extremely challenging",yes,yes,Correct,2.1837
underspecified,21,dev_3007,yes,"YES

The Tour de France changes each year in terms of route, stages,",yes,yes,Correct,2.1073000000000004
underspecified,21,dev_3199,yes,"NO. The PGA Championship has been won by numerous professionals, but a club professional",no,no,Incorrect,2.1891
underspecified,21,dev_0222,no,NO. NCAA basketballs are slightly larger than NBA basketballs. The NCAA ball,no,no,Correct,2.0969
underspecified,21,dev_0398,no,"NO. In soccer, you cannot score directly from a throw-in. A goal",no,no,Correct,2.1877
underspecified,21,dev_0426,no,"NO. In soccer, the goalkeeper can only handle the ball within their penalty area",no,no,Correct,2.188
underspecified,21,dev_0464,no,"NO

The golden goal rule was last used in the 2003",no,no,Correct,2.1971
underspecified,21,dev_0563,no,NO. Croatia has not won the FIFA World Cup. They have reached the final,no,no,Correct,2.1875
underspecified,21,dev_0658,no,NO. A walk in baseball does not result in a dead ball. When a,no,no,Correct,2.1088
underspecified,21,dev_1366,no,NO. The UEFA Champions League trophy is not replaced annually. It is a permanent,no,no,Correct,2.1881
underspecified,21,dev_1471,no,"NO

A player cannot be offside when receiving the ball directly from a throw",no,no,Correct,2.1084
underspecified,21,dev_1558,no,NO. The FIFA World Cup is held every four years.,no,no,Correct,2.0991999999999997
underspecified,21,dev_1580,no,NO. The Chicago White Sox play at Guaranteed Rate Field (formerly known as U,no,no,Correct,3.4719
underspecified,21,dev_2401,no,NO. A batsman cannot be run out if the ball is a no-ball,no,no,Correct,2.1056
underspecified,21,dev_2436,no,NO. The fastest recorded time for a mile run is much faster than 2,no,no,Correct,2.187
underspecified,21,dev_3224,no,"NO

MLB games do not end in a tie. If a game is",no,no,Correct,2.0978000000000003
underspecified,21,dev_0022,yes,"NO. Spark plugs ignite the fuel-air mixture in the engine's cylinders, but",no,no,Incorrect,2.1841999999999997
underspecified,21,dev_0132,yes,"YES

Network Attached Storage (NAS) devices can function as servers by providing file",yes,yes,Correct,2.0707
underspecified,21,dev_0268,yes,YES. An AGM (Absorbent Glass Mat) battery is a type,yes,yes,Correct,2.1015
underspecified,21,dev_0646,yes,"YES

Multithreading can be very useful even on a single processor because it",yes,yes,Correct,2.1035999999999997
underspecified,21,dev_0697,yes,"NO

Google Drive generally does not have a storage limit for individual accounts. However",no,no,Incorrect,2.1039
underspecified,21,dev_0935,yes,"NO

In a relational database, a table can have multiple foreign keys if needed",no,no,Incorrect,2.0985
underspecified,21,dev_1159,yes,"NO

A high-level language does not directly use an assembler. High-level languages",no,no,Incorrect,2.0961999999999996
underspecified,21,dev_1376,yes,YES,yes,yes,Correct,2.1016
underspecified,21,dev_1646,yes,"YES

Cast-iron pans can be used on induction cooktops, provided",yes,yes,Correct,2.107
underspecified,21,dev_1869,yes,"YES

A database table can indeed have multiple foreign keys, each referencing a different",yes,yes,Correct,2.0972
underspecified,21,dev_2397,yes,"YES

Cell phone jammers are devices designed to block or interfere with cellular signals",yes,yes,Correct,2.1098000000000003
underspecified,21,dev_0512,no,NO. Microsoft Visio and Visual Studio are not the same. Visio is,no,no,Correct,3.4486
underspecified,21,dev_1524,no,NO. The transmission and the engine are not the same thing. The engine produces,no,no,Correct,2.089
underspecified,21,dev_1675,no,NO. Input lag and response time are related but distinct concepts in display technology.,no,no,Correct,2.0976
underspecified,21,dev_1723,no,"NO

Regular bulbs are not designed to work in 3-way lamps, which",no,no,Correct,2.1006
underspecified,21,dev_2027,no,"NO

HD DVD and Blu-ray are two different optical disc formats that were competing",no,no,Correct,2.1866
underspecified,21,dev_2104,no,NO. The PlayStation 2 does not have built-in internet capabilities. You would,no,no,Correct,2.112
underspecified,21,dev_2262,no,"NO. WordPad and Microsoft Word are both word processing applications, but they have",no,no,Correct,2.1065
underspecified,21,dev_2431,no,"NO. In a tree data structure, each node can have multiple children, but",no,no,Correct,2.0964
underspecified,21,dev_2524,no,NO. The iPhone SE and iPhone 5 are not the same. The iPhone,no,no,Correct,2.109
underspecified,21,dev_3057,no,"NO

Windows Subsystem for Linux (WSL) is not a virtual machine",no,no,Correct,3.4455
underspecified,21,dev_3167,no,NO. Gear oil and motor oil are not the same. While they both are,no,no,Correct,2.1919
underspecified,11,dev_0023,yes,NO. A cape and a cloak are similar but distinct garments. A cape is,no,no,Incorrect,1.3835
underspecified,11,dev_0039,no,"NO

Carbon and hydrogen can form covalent bonds, but they are typically",no,no,Correct,1.452
underspecified,11,dev_0055,no,NO. Wisconsin has not won the Little League World Series. While there have been,no,no,Correct,1.4476
underspecified,11,dev_0059,no,"NO. ""The Five Heartbeats"" is a fictional R&B quartet",no,no,Correct,1.4522
underspecified,11,dev_0068,no,"NO. In most countries, including the United States, it is illegal to impose",no,no,Correct,1.4543
underspecified,11,dev_0087,yes,"NO

The idea that a frog will jump out of boiling water if it is",no,no,Incorrect,1.3858
underspecified,11,dev_0107,no,"NO

In Australia, gambling winnings are generally not subject to income tax. However",no,no,Correct,1.4496
underspecified,11,dev_0120,yes,NO. A vehicle title and registration are related but distinct documents. The vehicle title,no,no,Incorrect,1.3807
underspecified,11,dev_0138,no,"NO

In the United States, the minimum drinking age is统一格式：",no,no,Correct,1.4474
underspecified,11,dev_0151,no,"NO

Numbers do not look the same in all languages or numeral systems. Different",no,no,Correct,1.3815
underspecified,11,dev_0163,yes,"NO

The square root of 2 is an irrational number, which means it",no,no,Incorrect,1.4501
underspecified,11,dev_0165,no,"NO

Dragon fruit and pitaya are essentially the same thing. Pitaya is",no,no,Correct,1.4497
underspecified,11,dev_0207,no,NO. France and the United Kingdom are generally in different time zones. The UK,no,no,Correct,1.3865
underspecified,11,dev_0210,no,"NO. The Three Little Pigs is a folk tale, not a nursery rhyme",no,no,Correct,1.452
underspecified,11,dev_0221,no,YES. Markup languages are designed to describe and structure data by embedding tags within the,yes,yes,Incorrect,1.4454
underspecified,11,dev_0229,yes,NO. All UK National Insurance numbers do not have a letter at the end.,no,no,Incorrect,1.4476
underspecified,11,dev_0237,no,"NO

Both terms refer to the same type of engine. A 2-cycle",no,no,Correct,1.4484000000000001
underspecified,11,dev_0243,no,"I don't know. While St. Louis has a history of diverse communities,",i,idk,IDK,1.4507
underspecified,11,dev_0248,yes,"NO. The cheetah is the fastest land animal, capable of reaching speeds",no,no,Incorrect,1.4477
underspecified,11,dev_0249,yes,"NO

Queen ants do not give birth to queen ants directly. Instead, they",no,no,Incorrect,1.4509
underspecified,11,dev_0251,yes,"NO

Each sister chromatid contains the same full copy of the DNA as the",no,no,Incorrect,1.3844
underspecified,11,dev_0257,yes,"NO

Glass windows do not typically break on their own due to spontaneous failure.",no,no,Incorrect,1.3859000000000001
underspecified,11,dev_0270,no,"NO. In the United States, the legal drinking age is uniformly set at",no,no,Correct,1.4544000000000001
underspecified,11,dev_0287,yes,NO. You cannot call a fair catch on a kickoff. A fair catch is,no,no,Incorrect,1.4517
underspecified,11,dev_0295,no,"NO

Doves and pigeons are essentially the same group of birds; the",no,no,Correct,2.8161
underspecified,11,dev_0298,yes,NO. Sheet metal gauge and wire gauge refer to different systems used to measure thickness,no,no,Incorrect,1.4483
underspecified,11,dev_0312,no,"NO. Adjectives can come before a noun, but they don't have to",no,no,Correct,1.3839000000000001
underspecified,11,dev_0316,yes,"NO

During inspiration, the external intercostal muscles and the diaphragm",no,no,Incorrect,1.4503
underspecified,11,dev_0318,yes,NO. An Ace-2-3-4-5 is a straight if,no,no,Incorrect,1.4497
underspecified,11,dev_0321,yes,"NO. A filibuster can be used to delay or block legislation, but not",no,no,Incorrect,1.4583
underspecified,11,dev_0333,yes,NO. The .22 Magnum (often abbreviated as .22 Mag.),no,no,Incorrect,1.4507
underspecified,11,dev_0336,no,"NO

Muay Thai and Thai boxing are essentially the same thing. Muay",no,no,Correct,2.7236
underspecified,11,dev_0343,yes,"NO. The executive branch includes not only the President but also various departments, agencies",no,no,Incorrect,1.4487999999999999
underspecified,11,dev_0352,no,"NO. In soccer, you cannot score directly from a throw-in. A goal",no,no,Correct,1.4523
underspecified,11,dev_0355,no,"NO

Father's Day is not the same day every year. It is celebrated",no,no,Correct,1.4517
underspecified,11,dev_0364,no,"NO. While a wicket keeper is commonly used in cricket, particularly in Test",no,no,Correct,1.4462000000000002
underspecified,11,dev_0366,no,"YES

The structure that separates the abdominal cavity and the pelvic cavity is the pelvic",yes,yes,Incorrect,1.4485999999999999
underspecified,11,dev_0406,no,NO. A California roll typically does not contain fish. It usually consists of ingredients,no,no,Correct,1.4490999999999998
underspecified,11,dev_0428,no,NO. Peroxide is a class of compounds that contain an oxygen-oxygen,no,no,Correct,1.4549
underspecified,11,dev_0429,yes,"NO

Flax oil and linseed oil are derived from the same plant (",no,no,Incorrect,1.455
underspecified,11,dev_0430,yes,NO. The Banaue Rice Terraces are not one of the 7,no,no,Incorrect,1.4523
underspecified,11,dev_0436,no,"YES. The term ""broken heart"" is used metaphorically to describe emotional distress",yes,yes,Incorrect,1.4997
underspecified,11,dev_0441,no,NO. Shrimp with lobster sauce typically contains shrimp and a sauce that may be,no,no,Correct,2.7204
underspecified,11,dev_0442,yes,NO. Lead dust is not typically absorbed through the eyes. Inhalation and ingestion,no,no,Incorrect,1.4483
underspecified,11,dev_0479,no,"NO. Miniature pigs are a type of pig, but they are not considered",no,no,Correct,1.4569
underspecified,11,dev_0481,no,"NO. New York City has five boroughs: Manhattan, Brooklyn, Queens,",no,no,Correct,1.4458
underspecified,11,dev_0482,no,"NO. Bumblebees do not die after stinging someone, unlike honey",no,no,Correct,1.4594
underspecified,11,dev_0487,no,NO. You cannot grow banana trees from a banana. Banana trees produce new plants,no,no,Correct,1.4487
underspecified,11,dev_0504,yes,NO,no,no,Incorrect,1.3827
underspecified,11,dev_0509,no,"NO. The AR-15 is primarily used by civilian gun owners, law",no,no,Correct,2.791
underspecified,11,dev_0532,no,"YES

Brain-computer interfaces (BCIs) are technologies that allow direct communication",yes,yes,Incorrect,1.4498
underspecified,11,dev_0534,no,"NO

The National Guard can be called upon to deploy outside the United States in",no,no,Correct,1.4530999999999998
underspecified,11,dev_0536,yes,"NO. Thanos does not appear in the first ""Guardians of the Galaxy",no,no,Incorrect,1.3812
underspecified,11,dev_0537,no,"YES

In the UK, you can receive a verbal warning or a caution from",yes,yes,Incorrect,1.4517
underspecified,11,dev_0546,yes,NO. The College of William & Mary is not part of the Ivy League.,no,no,Incorrect,1.3852
underspecified,11,dev_0560,no,I don't know. The University of Tampa does not currently have a football team,i,idk,IDK,1.4472
underspecified,11,dev_0568,no,NO,no,no,Correct,1.38
underspecified,11,dev_0569,no,"YES. The NBA salary cap is a ""hard cap,"" which means teams cannot",yes,yes,Incorrect,1.3849
underspecified,11,dev_0588,yes,"NO

Boost Mobile and Virgin Mobile are not the same. They are separate mobile",no,no,Incorrect,1.4490999999999998
underspecified,11,dev_0594,no,NO. Bee stingers are barbed and typically get stuck in the skin of,no,no,Correct,1.4550999999999998
underspecified,11,dev_0596,no,NO. C# and Visual C# are related but distinct concepts. C#,no,no,Correct,1.3831
underspecified,11,dev_0598,yes,NO. The Vice President does not serve as the head of the Senate. The,no,no,Incorrect,1.4564000000000001
underspecified,11,dev_0612,yes,"NO. Popcorn is made from a specific type of corn called dent corn,",no,no,Incorrect,1.4493
underspecified,11,dev_0617,yes,"NO

France and England have both participated in the FIFA World Cup multiple times.",no,no,Incorrect,1.3788
underspecified,11,dev_0662,yes,NO. LensCrafters and Pearle Vision were once separate companies but have been,no,no,Incorrect,1.4464000000000001
underspecified,11,dev_0678,no,NO. Washing a child's mouth with soap is not safe and can cause irritation,no,no,Correct,1.4487999999999999
underspecified,11,dev_0696,no,"NO

New Hampshire does not have a mandatory seat belt law for adults. Pass",no,no,Correct,1.4505
underspecified,11,dev_0711,yes,"NO. Musician's Friend and Guitar Center are two separate musical instrument retailers,",no,no,Incorrect,1.4507
underspecified,11,dev_0718,yes,"NO

Chicago is the third-largest city in the United States by population, behind",no,no,Incorrect,1.4597
underspecified,11,dev_0724,no,"NO
The novel ""Along Came a Spider"" by James Patterson does not have",no,no,Correct,1.4533
underspecified,11,dev_0731,no,"NO. Egg drop soup typically contains cooked eggs, not raw eggs. However,",no,no,Correct,1.4515
underspecified,11,dev_0737,no,NO. A Cornish game hen is not a baby chicken. It is a,no,no,Correct,1.4553
underspecified,11,dev_0754,yes,"NO

World at War and Black Ops are separate franchises in the Call of Duty",no,no,Incorrect,1.3855
underspecified,11,dev_0759,no,"NO

North and South Korea share a common historical language, Korean. However,",no,no,Correct,1.4487999999999999
underspecified,11,dev_0764,yes,"NO. Sampling error and standard deviation are related but distinct concepts in statistics.

-",no,no,Incorrect,1.3839000000000001
underspecified,11,dev_0782,yes,NO. AC Milan and Inter Milan do not share a stadium. AC Milan plays,no,no,Incorrect,1.4490999999999998
underspecified,11,dev_0817,no,"YES

In ""Deadpool 2,"" there is a post-credit scene",yes,yes,Incorrect,1.3855
underspecified,11,dev_0829,no,"NO. The Battle of New Orleans was fought on January 8, 1",no,no,Correct,1.4499000000000002
underspecified,11,dev_0832,no,YES. You can drive from North America to South America via the Pan-American Highway,yes,yes,Incorrect,1.4487
underspecified,11,dev_0837,yes,"NO

Universal healthcare and socialized medicine are related concepts but not exactly the same",no,no,Incorrect,1.4517
underspecified,11,dev_0853,no,"NO

Girl Scouts and Boy Scouts are separate organizations with different programs and achievements.",no,no,Correct,1.3862999999999999
underspecified,11,dev_0854,no,YES. Elephants are generally at the top of the food chain in their ecosystems,yes,yes,Incorrect,1.3867
underspecified,11,dev_0862,no,"NO. In chess, you do not need to say ""check"" out loud",no,no,Correct,1.4506
underspecified,11,dev_0871,yes,NO. While English is widely spoken and is one of the most widely learned languages,no,no,Incorrect,1.4472
underspecified,11,dev_0916,yes,NO. The Ryman Auditorium and the Grand Ole Opry are two distinct,no,no,Incorrect,1.4501
underspecified,11,dev_0922,yes,"NO

Passport cards are not accepted for air travel to Canada. You will",no,no,Incorrect,1.3815
underspecified,11,dev_0933,no,"NO

The cremaster muscle is not in the spermatic cord. The crem",no,no,Correct,1.4483
underspecified,11,dev_0934,yes,"NO

Pokémon: Let's Go is part of the Pokémon franchise but is",no,no,Incorrect,1.3702999999999999
underspecified,11,dev_0940,yes,NO. A passport card is not valid for domestic air travel within the United States,no,no,Incorrect,1.3865999999999998
underspecified,11,dev_0944,no,NO. Greece flourished primarily from the 8th century BCE to the,no,no,Correct,1.4502000000000002
underspecified,11,dev_0952,yes,NO. Merrill Lynch was a financial services company that was acquired by Bank of America,no,no,Incorrect,1.3842999999999999
underspecified,11,dev_0958,yes,"NO

The eyes are part of the sensory system, specifically the visual system,",no,no,Incorrect,1.447
underspecified,11,dev_0981,no,"NO

Pyruvic acid and pyruvate are closely related but not",no,no,Correct,1.456
underspecified,11,dev_0991,yes,"NO. In England, you generally do not need a license to watch TV.",no,no,Incorrect,1.3862
underspecified,11,dev_0994,yes,"NO

Using a white background as a green screen is not ideal because green screens",no,no,Incorrect,1.3862999999999999
underspecified,11,dev_0996,no,"NO. The town of Radiator Springs is a fictional town from the movie """,no,no,Correct,1.4561
underspecified,11,dev_1006,no,"NO. In many places, including the United States, there are no literacy tests",no,no,Correct,1.385
underspecified,11,dev_1011,no,"YES

The World Cup trophy is officially named the ""Jules Rimet Trophy",yes,yes,Incorrect,1.4522
underspecified,11,dev_1022,yes,"NO

Enterprise value (EV) is a measure of a company's total value",no,no,Incorrect,1.4543
underspecified,11,dev_1049,no,NO. A red panda (Ailurus fulgens) is not related to,no,no,Correct,1.4501
underspecified,11,dev_1062,yes,NO. A wheel and axle is one of the six simple machines and does not,no,no,Incorrect,1.4483
underspecified,11,dev_1075,yes,"NO

The National Hockey League (NHL) has specific regulations for ice r",no,no,Incorrect,1.3852
underspecified,11,dev_1102,no,"NO

Sweating and perspiring are essentially the same processes. Both terms",no,no,Correct,1.3822
underspecified,11,dev_1110,yes,"NO. The NBA draft consists of multiple rounds, typically ranging from 32",no,no,Incorrect,1.4467
underspecified,11,dev_1112,no,"NO. Nuclear power is the electricity generated from nuclear reactors, while nuclear energy refers",no,no,Correct,1.4493
underspecified,11,dev_1113,yes,"NO

A ball python and a royal python refer to the same species of snake",no,no,Incorrect,1.4492
underspecified,11,dev_1121,no,"NO. There was no world war before World War I. The term ""World",no,no,Correct,1.3859000000000001
underspecified,11,dev_1133,no,"NO

The Crew 2 focuses more on open-world racing and customization rather than",no,no,Correct,1.4527999999999999
underspecified,11,dev_1138,yes,"NO. Anaerobic respiration does not involve an electron transport chain, which",no,no,Incorrect,1.455
underspecified,11,dev_1146,yes,NO. A penalty charge notice and a fixed penalty are similar in that they both,no,no,Incorrect,1.4497
underspecified,11,dev_1155,yes,"NO

GMC Sierra and Chevrolet Silverado are similar trucks produced by the same",no,no,Incorrect,1.3828
underspecified,11,dev_1175,no,"NO. Michigan became the 26th state on January 26,",no,no,Correct,1.4634
underspecified,11,dev_1178,no,NO. No Major League Baseball team has gone undefeated in a full season. The,no,no,Correct,1.3857000000000002
underspecified,11,dev_1183,yes,NO. Pork loin ribs and baby back ribs come from different parts of the pig,no,no,Incorrect,1.4482000000000002
underspecified,11,dev_1196,no,"NO

In India, a person cannot hold dual citizenship by birth or by natural",no,no,Correct,1.4497
underspecified,11,dev_1204,yes,NO. The Eye of Agamotto is not the Time Stone. The Time,no,no,Incorrect,1.4483
underspecified,11,dev_1205,no,"NO

In chess, you cannot take out the king directly. The goal is",no,no,Correct,1.4494
underspecified,11,dev_1209,yes,"YES

While it was once believed that turning lead into gold was impossible due to",yes,yes,Correct,2.8030999999999997
underspecified,11,dev_1227,no,"NO. 

1 is not considered a prime number, and therefore it is not",no,no,Correct,1.4490999999999998
underspecified,11,dev_1229,no,"NO. The fruit orange is named after the color, not the other way around",no,no,Correct,1.4487999999999999
underspecified,11,dev_1230,yes,NO. A double eagle is the same as a score of -2 on a,no,no,Incorrect,1.4536
underspecified,11,dev_1235,no,"NO

A birth certificate is not typically considered a form of identification used for verifying",no,no,Correct,1.4489
underspecified,11,dev_1239,yes,NO. A CPAP (Continuous Positive Airway Pressure) machine is used to,no,no,Incorrect,1.4487999999999999
underspecified,11,dev_1241,no,"YES

Period 6 of the periodic table includes main-group elements such as cer",yes,yes,Incorrect,1.4524000000000001
underspecified,11,dev_1250,yes,"YES

The micropyle is a small opening in the seed coat that serves",yes,yes,Correct,2.7257
underspecified,11,dev_1256,yes,NO. The 1906 San Francisco earthquake did not generate a significant,no,no,Incorrect,1.4503
underspecified,11,dev_1261,no,NO,no,no,Correct,1.3791
underspecified,11,dev_1267,no,"YES

Better Call Saul is a prequel series to Breaking Bad, set before",yes,yes,Incorrect,1.454
underspecified,11,dev_1271,no,"NO

In the United States, the minimum legal drinking age is uniformly 2",no,no,Correct,1.4462000000000002
underspecified,11,dev_1283,yes,"NO

Lock nuts and stop nuts serve similar purposes but have distinct differences:

-",no,no,Incorrect,1.4467
underspecified,11,dev_1285,no,NO. No woman has ever won the Indianapolis 500. The race,no,no,Correct,1.3791
underspecified,11,dev_1286,no,"NO

Lightning bugs and fireflies refer to the same group of insects,",no,no,Correct,2.7952
underspecified,11,dev_1294,yes,"NO

A terminating decimal can be expressed as a fraction with a denominator that is",no,no,Incorrect,1.3825
underspecified,11,dev_1296,yes,"NO

PlayStation 2 games do not play on PlayStation 4. The",no,no,Incorrect,1.4497
underspecified,11,dev_1303,no,"NO. In soccer, a player is offside if they are in an off",no,no,Correct,1.4477
underspecified,11,dev_1307,yes,"NO. In football (soccer), you cannot score directly from a kickoff.",no,no,Incorrect,1.4465
underspecified,11,dev_1311,yes,"NO

The crankshaft pulley and harmonic balancer are not the same thing",no,no,Incorrect,1.3840999999999999
underspecified,11,dev_1316,yes,NO. The Gateway Arch in St. Louis is not a national park. It,no,no,Incorrect,1.448
underspecified,11,dev_1317,no,"NO

Planetary nebulae are formed from the ejected atmospheres of low",no,no,Correct,2.8226
underspecified,11,dev_1333,yes,"NO. A Dame is an honorific title specifically for women, while a Knight",no,no,Incorrect,1.4539000000000002
underspecified,11,dev_1336,yes,"NO

Nerves are part of the peripheral nervous system, not the central nervous",no,no,Incorrect,1.4513
underspecified,11,dev_1345,no,"NO

Confidentiality agreements and non-disclosure agreements (NDAs) are",no,no,Correct,1.3819000000000001
underspecified,11,dev_1359,no,NO,no,no,Correct,1.3855
underspecified,11,dev_1370,yes,"NO

A-2-3-4-5 is not a straight.",no,no,Incorrect,1.4462000000000002
underspecified,11,dev_1371,no,"NO. The Rafflesia flower is the largest known flowering plant, but it",no,no,Correct,1.3815
underspecified,11,dev_1372,yes,NO. A kilowatt-hour (kWh) is a unit of energy,no,no,Incorrect,2.79
underspecified,11,dev_1382,no,"NO. A catcher can block home plate to prevent a runner from scoring, but",no,no,Correct,1.4517
underspecified,11,dev_1406,no,"NO

The Postmaster General is typically appointed by the President of the United States",no,no,Correct,1.4487999999999999
underspecified,11,dev_1408,yes,"NO. According to baseball rules, if a batted ball is caught by a",no,no,Incorrect,1.4493
underspecified,11,dev_1413,yes,NO. Brazil has never won the World Cup in Europe. Their victories were achieved,no,no,Incorrect,1.4513
underspecified,11,dev_1419,yes,NO. There is no Las Vegas in New Mexico. The city of Las Vegas,no,no,Incorrect,1.3848
underspecified,11,dev_1420,yes,NO. While 4x4 and four-wheel drive (4WD) are,no,no,Incorrect,1.4564000000000001
underspecified,11,dev_1423,no,"NO. ""Take Me Home, Country Roads"" is about West Virginia, not",no,no,Correct,1.3834000000000002
underspecified,11,dev_1424,no,"NO. Hawaii is located in a tropical region, so temperatures generally remain warm throughout",no,no,Correct,1.3860999999999999
underspecified,11,dev_1436,no,NO. Equity in your home is generally not considered a liquid asset because it cannot,no,no,Correct,1.4487
underspecified,11,dev_1438,yes,"YES

All of the United Kingdom is generally in the same time zone, which",yes,yes,Correct,1.3858
underspecified,11,dev_1452,no,"NO

A neurotransmitter cannot be both excitatory and inhibitory; however,",no,no,Correct,1.4577
underspecified,11,dev_1455,yes,"NO. The abdomen is a region of the body, typically defined as the part",no,no,Incorrect,1.4519000000000002
underspecified,11,dev_1464,no,"NO. Sweet potatoes belong to the Convolvulaceae family, while",no,no,Correct,1.4502000000000002
underspecified,11,dev_1467,yes,"YES

A grade D at A-level is generally considered a standard pass. In",yes,yes,Correct,1.3836
underspecified,11,dev_1473,yes,YES. A sailboat can travel faster than the wind through the use of techniques,yes,yes,Correct,1.4487
underspecified,11,dev_1489,yes,"NO. While ABBA songs are prominently featured in ""Mamma Mia! Here",no,no,Incorrect,1.4493
underspecified,11,dev_1498,yes,"NO

The Nobel Peace Prize is not awarded every single year. There have been",no,no,Incorrect,1.3864
underspecified,11,dev_1508,no,"NO

While accidents do occur during the Tour de France, there have been no",no,no,Correct,1.385
underspecified,11,dev_1515,no,"NO

There is no single law that requires individuals to pay federal income taxes,",no,no,Correct,1.46
underspecified,11,dev_1517,yes,"NO

Hydraulic fluid and brake fluid serve different purposes and have different specifications.",no,no,Incorrect,1.4478
underspecified,11,dev_1528,yes,NO. A J.D. (Juris Doctor) is a professional doctorate,no,no,Incorrect,1.3655
underspecified,11,dev_1533,no,"NO. The July 27, 2018, lunar eclipse",no,no,Correct,1.4497
underspecified,11,dev_1534,no,"NO. According to the official rules of baseball, a player is not allowed to",no,no,Correct,1.4503
underspecified,11,dev_1546,yes,"NO

Passport cards are not accepted for REAL ID purposes. The REAL ID",no,no,Incorrect,1.4475
underspecified,11,dev_1552,yes,NO. The poly(A) tail is typically added to mRNA molecules after they have,no,no,Incorrect,2.7004
underspecified,11,dev_1557,no,NO. New York State abolished the death penalty in 2019.,no,no,Correct,1.4475
underspecified,11,dev_1563,no,NO. The Big Dipper is a well-known asterism (a recognizable pattern,no,no,Correct,1.4497
underspecified,11,dev_1627,no,NO. The esophagus is behind the heart in the thoracic cavity.,no,no,Correct,1.4530999999999998
underspecified,11,dev_1632,yes,NO. The World Health Organization (WHO) is a specialized agency of the United,no,no,Incorrect,1.4509
underspecified,11,dev_1650,yes,"NO. Taking a stop sign without permission is generally not illegal, but it could",no,no,Incorrect,1.4499000000000002
underspecified,11,dev_1655,no,"NO

Soy sauce and soya sauce are essentially the same product. The",no,no,Correct,1.456
underspecified,11,dev_1658,yes,NO. The Nazca Lines are large geoglyphs in the desert of,no,no,Incorrect,1.3856
underspecified,11,dev_1659,yes,"NO

An undergraduate degree is often referred to as a bachelor’s degree, but",no,no,Incorrect,1.4495
underspecified,11,dev_1673,yes,"YES

Grizzly bears (Ursus arctos horribilis",yes,yes,Correct,1.4544000000000001
underspecified,11,dev_1680,no,"NO

Picking your nose can irritate the nasal passages and potentially lead to",no,no,Correct,1.4512
underspecified,11,dev_1687,no,"NO

Warrant officers are not part of the U.S. Air Force;",no,no,Correct,1.4499000000000002
underspecified,11,dev_1698,no,NO. Fullmetal Alchemist: Brotherhood is a reboot and not a direct continuation,no,no,Correct,1.449
underspecified,11,dev_1707,yes,"NO. A PLC (Public Limited Company) is a type of limited company,",no,no,Incorrect,1.4544000000000001
underspecified,11,dev_1727,yes,"NO

Digital audio cables and optical audio cables serve similar purposes but use different technologies",no,no,Incorrect,1.4472
underspecified,11,dev_1736,no,"NO

The magnitude of a physical quantity does not change with a change in the",no,no,Correct,1.453
underspecified,11,dev_1737,yes,NO. A jump shot cannot be taken on a free throw. Free throws are,no,no,Incorrect,1.3851
underspecified,11,dev_1740,yes,"YES. The medullary cavity, also known as the bone marrow cavity,",yes,yes,Correct,1.3869
underspecified,11,dev_1743,no,"I don't know. While ""The Last King of Scotland"" attempts to depict",i,idk,IDK,1.4490999999999998
underspecified,11,dev_1749,yes,"NO

Delhi University and the University of Delhi are not the same. Delhi",no,no,Incorrect,1.4493
underspecified,11,dev_1750,no,"NO

Fighting words are not typically considered protected under freedom of speech in many",no,no,Correct,1.4479000000000002
underspecified,11,dev_1757,yes,NO. The profit and loss statement and income statement refer to the same financial document,no,no,Incorrect,1.3845
underspecified,11,dev_1763,yes,"NO. The House of Representatives is one chamber of Congress, along with the Senate",no,no,Incorrect,1.4604000000000001
underspecified,11,dev_1775,no,NO. The NBA playoffs are currently played in a 2-2-1,no,no,Correct,1.449
underspecified,11,dev_1789,no,"YES

The spleen is part of the circulatory system and also functions as",yes,yes,Incorrect,1.449
underspecified,11,dev_1806,no,"NO. The $1,000 bill is no longer in circulation and",no,no,Correct,1.4614
underspecified,11,dev_1814,no,"NO. In North American Numbering Plan (NANP) area codes,",no,no,Correct,1.4524000000000001
underspecified,11,dev_1823,yes,NO. The MLB All-Star Game does not determine the World Series home-field advantage,no,no,Incorrect,1.4518
underspecified,11,dev_1832,no,"NO

Garrison, Colorado, is not a real town. It is a",no,no,Correct,1.4556
underspecified,11,dev_1849,yes,"NO. In a RACI chart, one person cannot be both Responsible and",no,no,Incorrect,1.4526
underspecified,11,dev_1851,no,YES,yes,yes,Incorrect,1.3827
underspecified,11,dev_1857,no,NO. Cows can produce milk without giving birth. They naturally produce milk to,no,no,Correct,1.4483
underspecified,11,dev_1895,yes,"NO. The empty set is not an element of itself. By definition, the",no,no,Incorrect,1.4479000000000002
underspecified,11,dev_1906,no,NO. College football players do not have to enter the NFL Draft to play professionally,no,no,Correct,1.4496
underspecified,11,dev_1916,yes,"NO

Pokémon: Let's Go, Pikachu! and Let's Go,",no,no,Incorrect,1.447
underspecified,11,dev_1919,yes,"YES

One element can be transmuted into another through nuclear reactions, such",yes,yes,Correct,1.4506
underspecified,11,dev_1924,yes,NO. A car's serial number is not the same as its VIN. The,no,no,Incorrect,2.7679
underspecified,11,dev_1938,no,NO. The empty set is not an element of the set that contains the empty,no,no,Correct,1.4498
underspecified,11,dev_1948,yes,NO. A chicken is a general term for any domesticated hen or rooster,no,no,Incorrect,1.4522
underspecified,11,dev_1950,no,NO. The Gulf of Mexico is considered a body of water within the larger ocean,no,no,Correct,1.4515
underspecified,11,dev_1960,no,NO. The Republic of the Congo and the Democratic Republic of the Congo are two,no,no,Correct,1.3864
underspecified,11,dev_1977,no,"NO. To be eligible to be president of the United States, you must be",no,no,Correct,1.4524000000000001
underspecified,11,dev_1995,yes,"NO

Winning the FA Cup qualifies a team for the UEFA Europa League (",no,no,Incorrect,1.4493
underspecified,11,dev_1997,yes,"NO. The Alphabet Song and Twinkle, Twinkle, Little Star have different",no,no,Incorrect,2.7948000000000004
underspecified,11,dev_2009,no,NO. Color Wonder markers are designed to work only on special Color Wonder surfaces and,no,no,Correct,1.454
underspecified,11,dev_2032,yes,"NO

Flies typically do not lay eggs in",no,no,Incorrect,1.4546
underspecified,11,dev_2045,yes,NO. A Supreme Court justice cannot run for President because they are appointed for life,no,no,Incorrect,1.46
underspecified,11,dev_2053,no,"NO. In tennis, you do not have to be serving to score. Points",no,no,Correct,1.4473
underspecified,11,dev_2061,no,"YES

You can typically choose who is listed as your next of kin, especially",yes,yes,Incorrect,1.4935
underspecified,11,dev_2065,yes,NO. RealFeel is a weather index developed by The Weather Channel that takes into,no,no,Incorrect,1.4512
underspecified,11,dev_2068,yes,"NO

Allied Waste and Republic Services are not the same company. While they",no,no,Incorrect,1.4602
underspecified,11,dev_2078,no,"NO. Black cumin seed and black seed refer to the same plant, *",no,no,Correct,1.3377000000000001
underspecified,11,dev_2079,yes,YES. Eeyore from Winnie-the-Pooh is indeed a don,yes,yes,Correct,1.4563
underspecified,11,dev_2088,no,"NO

While English is the de facto national language and is used in federal courts",no,no,Correct,1.4558
underspecified,11,dev_2091,no,"NO

In extra innings, a team can win by any margin, including by",no,no,Correct,1.4626
underspecified,11,dev_2094,no,"NO. There is no commercial airport in Fort Walton Beach, Florida. The nearest",no,no,Correct,1.3817000000000002
underspecified,11,dev_2095,yes,"NO. Noel Gallagher does not sing ""Don't Look Back in Anger.""",no,no,Incorrect,1.3811
underspecified,11,dev_2139,no,NO. You cannot travel internationally with a passport card alone; it is typically used,no,no,Correct,1.4527
underspecified,11,dev_2166,yes,"NO. Staring at a bright light, such as the sun or a laser",no,no,Incorrect,1.3869
underspecified,11,dev_2184,no,NO. The U.S. does not currently have permanent military bases in Saudi Arabia,no,no,Correct,1.4529
underspecified,11,dev_2187,yes,"NO. You cannot jump while taking a free throw. According to basketball rules,",no,no,Incorrect,1.3860999999999999
underspecified,11,dev_2192,no,NO. A lieutenant colonel is lower in rank than a colonel.,no,no,Correct,1.4473
underspecified,11,dev_2196,no,"NO. Red-eared slider turtles typically lay their eggs on land, not in",no,no,Correct,1.3862
underspecified,11,dev_2199,yes,"YES

The Dark Knight is indeed a sequel to Batman Begins, continuing the story",yes,yes,Correct,1.4518
underspecified,11,dev_2204,yes,NO. Picking someone up by their hair is not safe and can cause injury,no,no,Incorrect,1.4525
underspecified,11,dev_2220,no,"NO. In the case of an infield fly, the ball is not considered dead",no,no,Correct,1.4501
underspecified,11,dev_2224,no,NO. A ruby is a red corundum gemstone. The blue variety,no,no,Correct,1.4519000000000002
underspecified,11,dev_2232,no,"YES

There is a Roman Catholic cathedral in Dublin, specifically Christ Church Cathedral,",yes,yes,Incorrect,1.4479000000000002
underspecified,11,dev_2234,no,"NO

Pokémon: Let's Go, Eevee! is not considered",no,no,Correct,1.385
underspecified,11,dev_2237,no,"NO. The Riviera Maya is located on the Caribbean Sea, not the Gulf",no,no,Correct,1.4487999999999999
underspecified,11,dev_2247,yes,"NO. In New Jersey, it is illegal for individuals under the age of",no,no,Incorrect,1.4493
underspecified,11,dev_2248,yes,"NO

Pixel density and resolution are related but not the same thing. Resolution refers",no,no,Incorrect,1.3834000000000002
underspecified,11,dev_2266,no,"NO

A Nissan Pathfinder is considered a mid-size SUV, not a full-size",no,no,Correct,1.4483
underspecified,11,dev_2275,yes,"NO

Counting cards in Las Vegas, or any other location, is not",no,no,Incorrect,1.4513
underspecified,11,dev_2295,yes,NO. A unanimous vote requires that all members present vote in favor of a decision,no,no,Incorrect,1.3862999999999999
underspecified,11,dev_2304,yes,NO. The House of Representatives is part of Congress but is not itself called Congress,no,no,Incorrect,1.4502000000000002
underspecified,11,dev_2306,yes,"NO

Doubling your bet on roulette, also known as the Martingale",no,no,Incorrect,1.4513
underspecified,11,dev_2310,no,NO. In-N-Out Burger is not a franchise; it operates as a chain,no,no,Correct,1.4527999999999999
underspecified,11,dev_2315,yes,"NO

Centripetal force is the force that causes an object to follow a",no,no,Incorrect,1.3862999999999999
underspecified,11,dev_2323,no,"NO. The film ""Tully"" is not based on a book. It",no,no,Correct,1.3809
underspecified,11,dev_2328,no,NO. Corinthian leather is not a real type of leather; it is a,no,no,Correct,1.4482000000000002
underspecified,11,dev_2350,no,"NO

""Little House on the Prairie"" is a work of historical fiction based",no,no,Correct,1.4513
underspecified,11,dev_2382,yes,NO. The right atrium receives deoxygenated blood from the superior and,no,no,Incorrect,1.4547
underspecified,11,dev_2387,yes,"NO

Northern Ireland has not qualified for the FIFA World Cup finals since 1",no,no,Incorrect,1.4507
underspecified,11,dev_2388,no,"NO

In most jurisdictions, once a person has been acquitted or convicted and the",no,no,Correct,1.3851
underspecified,11,dev_2396,yes,NO. Semolina flour and Cream of Wheat are not the same. Semolina,no,no,Incorrect,1.4492
underspecified,11,dev_2408,yes,"NO. Employment termination can include various reasons for ending an employee's job, such",no,no,Incorrect,1.4469
underspecified,11,dev_2413,no,"YES

The movie ""Stalingrad"" is based on the historical Battle of",yes,yes,Incorrect,1.4496
underspecified,11,dev_2428,yes,"YES

Peripherally Inserted Central Catheter (PICC) lines can",yes,yes,Correct,1.3849
underspecified,11,dev_2433,no,I don't know. The ability to have a beard in the military can vary,i,idk,IDK,1.385
underspecified,11,dev_2434,no,"YES

The national anthem of Spain, known as ""La Marcha Real""",yes,yes,Incorrect,1.4527999999999999
underspecified,11,dev_2447,no,"NO. In the MLB playoffs, the wild card team does not have home-field",no,no,Correct,1.4537
underspecified,11,dev_2473,yes,"NO. Pokémon Gold, Silver, and Crystal are distinct games with their own unique",no,no,Incorrect,1.4516
underspecified,11,dev_2479,no,NO. Hong Kong is not considered part of the Great Firewall of China. The,no,no,Correct,1.3873
underspecified,11,dev_2504,no,NO. The Strip is not a city but a famous stretch of major casino resorts,no,no,Correct,1.3858
underspecified,11,dev_2532,yes,"YES

This describes the condition known as fetus in fetu, where a mass",yes,yes,Correct,1.4564000000000001
underspecified,11,dev_2537,no,NO. Social studies and social science are related but distinct fields. Social science involves,no,no,Correct,1.4474
underspecified,11,dev_2538,no,"NO. The film ""War Room"" is not based on a true story.",no,no,Correct,2.7965
underspecified,11,dev_2547,yes,"NO

The .224 caliber bullet can fit in a .22",no,no,Incorrect,1.4543
underspecified,11,dev_2548,no,"NO

Queen bees do not typically sting unless provoked, and even then, they",no,no,Correct,1.4506
underspecified,11,dev_2555,no,NO. Lymphoma is a type of cancer that specifically affects the lymphatic,no,no,Correct,1.4550999999999998
underspecified,11,dev_2566,no,YES,yes,yes,Incorrect,1.4497
underspecified,11,dev_2572,no,NO. The Channel Islands are not part of Great Britain. They are self-g,no,no,Correct,1.45
underspecified,11,dev_2577,no,"YES. In soccer, a kick-off must go forward. The ball must be",yes,yes,Incorrect,1.4465
underspecified,11,dev_2605,yes,NO. The .45 Colt and .45 Long Colt are similar but,no,no,Incorrect,1.4546
underspecified,11,dev_2614,yes,NO,no,no,Incorrect,1.4494
underspecified,11,dev_2622,no,"NO

The 7.62 NATO and .308 Win are",no,no,Correct,1.4530999999999998
underspecified,11,dev_2634,yes,"NO. In 8-ball pool, players do not have ball-in-hand;",no,no,Incorrect,1.3854000000000002
underspecified,11,dev_2643,no,"NO

Elements of the periodic table are typically written in lowercase letters. For example",no,no,Correct,2.8131999999999997
underspecified,11,dev_2655,yes,"NO

Visa Delta is not the same as Visa Debit. Visa Delta",no,no,Incorrect,1.4469
underspecified,11,dev_2656,yes,NO. Right of abode refers to the unrestricted right to live in a country,no,no,Incorrect,1.4498
underspecified,11,dev_2690,yes,NO. Parcelforce and Royal Mail are separate postal service providers. While,no,no,Incorrect,1.451
underspecified,11,dev_2719,no,"NO. Electrons flow in the opposite direction of conventional current, which is defined",no,no,Correct,1.3842
underspecified,11,dev_2727,no,"NO

The AR-10 is a variant of the ArmaLite AR",no,no,Correct,1.3728
underspecified,11,dev_2750,yes,"NO. Cows produce milk after giving birth to a calf, regardless of whether",no,no,Incorrect,1.3855
underspecified,11,dev_2757,yes,"NO. In ""Alice's Adventures in Wonderland,"" there is no character named D",no,no,Incorrect,2.7879
underspecified,11,dev_2770,yes,"YES

A standard 9 to 5 work schedule typically represents a 4",yes,yes,Correct,1.4521
underspecified,11,dev_2791,yes,"NO. The gut is a broader term that refers to the entire digestive tract,",no,no,Incorrect,1.4487
underspecified,11,dev_2813,yes,"NO. ""The Greatest Showman"" is a fictionalized musical drama based on",no,no,Incorrect,1.449
underspecified,11,dev_2821,yes,"NO

Nicotine is not classified as a ganglion blocker. Nicotine primarily",no,no,Incorrect,1.4566
underspecified,11,dev_2832,yes,NO. Shea butter is made from the seeds of the shea tree (V,no,no,Incorrect,1.4482000000000002
underspecified,11,dev_2838,no,"NO

The Prince of Tides is a novel by Pat Conroy, published",no,no,Correct,1.4499000000000002
underspecified,11,dev_2853,no,"NO

The language spoken in both North and South Korea is Korean, but there",no,no,Correct,2.7905
underspecified,11,dev_2870,no,NO. The derivative of a continuous function is not always continuous. There are examples,no,no,Correct,1.3867
underspecified,11,dev_2875,yes,NO. Aldi and Trader Joe's are independent retail companies with their own unique,no,no,Incorrect,1.3852
underspecified,11,dev_2880,no,"NO. The term ""County Court Business Centre"" is not a standard designation for",no,no,Correct,1.4507
underspecified,11,dev_2890,no,NO. Non-permanent members of the United Nations Security Council do not have veto,no,no,Correct,1.4475
underspecified,11,dev_2901,yes,NO. Volkswagen AG is the parent company that owns multiple brands including Audi and Porsche,no,no,Incorrect,1.3857000000000002
underspecified,11,dev_2906,yes,"NO

A fidelity bond and crime insurance are similar but not exactly the same.",no,no,Incorrect,1.4489
underspecified,11,dev_2919,no,"NO

The",no,no,Correct,1.4492
underspecified,11,dev_2931,yes,"NO. In most countries, it is illegal to purchase or consume alcohol under the",no,no,Incorrect,1.4479000000000002
underspecified,11,dev_2933,no,"NO

Commercial aircraft typically avoid flying over the North Pole due to the lack of",no,no,Correct,1.4489
underspecified,11,dev_2956,yes,"NO

The .17 HMR (Hornady Magnum Rimfire)",no,no,Incorrect,1.3842
underspecified,11,dev_2959,no,NO. There is no bridge currently connecting Morocco and Spain. The Strait of Gibraltar,no,no,Correct,1.4476
underspecified,11,dev_2967,yes,"NO

The Sun always rises in the east and sets in the west due to",no,no,Incorrect,1.4503
underspecified,11,dev_2973,no,"NO. There are two movies based on Philip Pullman's ""His Dark Materials",no,no,Correct,1.4473
underspecified,11,dev_2991,yes,"NO

Casino games are designed with a house edge, which means that over",no,no,Incorrect,1.4524000000000001
underspecified,11,dev_3000,yes,NO. Back ribs and baby back ribs come from different parts of the pig.,no,no,Incorrect,1.4485
underspecified,11,dev_3015,yes,NO. Keyless entry allows you to unlock and lock your car without using a,no,no,Incorrect,1.4462000000000002
underspecified,11,dev_3027,no,"NO

A Schengen visa is not valid for travel to Ireland; you",no,no,Correct,1.3864
underspecified,11,dev_3029,no,"YES

The United Kingdom left the European Union on January 31,",yes,yes,Incorrect,1.4482000000000002
underspecified,11,dev_3035,no,"NO

Halo 2 on Xbox 360 does not have achievements",no,no,Correct,1.453
underspecified,11,dev_3040,no,NO. A no-insurance ticket is typically considered a non-moving violation because it,no,no,Correct,1.3833
underspecified,11,dev_3073,no,NO. Top sirloin steak and sirloin steak are related but distinct,no,no,Correct,1.451
underspecified,11,dev_3079,yes,NO. Salary expenses are generally considered operating expenses and are not included in the cost,no,no,Incorrect,1.3832
underspecified,11,dev_3089,yes,NO,no,no,Incorrect,1.4478
underspecified,11,dev_3105,yes,"NO

Connecting a neutral wire directly to ground can create safety hazards, such as",no,no,Incorrect,1.3829
underspecified,11,dev_3106,yes,"NO

High-rise and high-waisted jeans are similar but not exactly the",no,no,Incorrect,1.4478
underspecified,11,dev_3107,yes,"NO

Recess appointments to the Supreme Court are not allowed under the U.S",no,no,Incorrect,1.4529
underspecified,11,dev_3122,no,NO. Reese's Pieces do not contain chocolate. They are primarily made of caramel,no,no,Correct,1.4555
underspecified,11,dev_3143,no,NO. The Republic of Ireland is not part of the Schengen visa area,no,no,Correct,1.4558
underspecified,11,dev_3173,no,NO. A private equity fund is not typically considered a financial institution. It is,no,no,Correct,1.386
underspecified,11,dev_3183,no,NO. The winner of the British Open gets to keep the Claret Jug temporarily,no,no,Correct,1.4484000000000001
underspecified,11,dev_3187,yes,YES,yes,yes,Correct,1.3848
underspecified,11,dev_3204,no,"NO

The fundus of the gallbladder is located at the upper part",no,no,Correct,1.4495
underspecified,11,dev_3212,yes,"NO

A physical address typically refers to a MAC (Media Access Control) address",no,no,Incorrect,1.4472
underspecified,11,dev_3221,no,"NO. Pool water is treated with chemicals like chlorine, which break down urine and",no,no,Correct,1.4523
underspecified,11,dev_3231,yes,NO. The standard error and standard deviation are related but distinct statistical measures. The,no,no,Incorrect,1.3848
underspecified,11,dev_3232,yes,NO. Corn starch and corn flour are similar but not exactly the same. Corn,no,no,Incorrect,1.3852
underspecified,11,dev_3238,yes,NO. The non-striker cannot be run out by the bowler.,no,no,Incorrect,1.4485
underspecified,11,dev_3239,yes,"NO

The Conn Smythe Trophy is awarded to the most valuable player of the",no,no,Incorrect,1.4505
underspecified,11,dev_3241,yes,NO. Romania was not part of the Austro-Hungarian Empire. Romania,no,no,Incorrect,1.4494
underspecified,11,dev_3242,yes,"YES
In gemology, a garnet is a type of mineral that can",yes,yes,Correct,1.4490999999999998
underspecified,11,dev_0031,yes,"NO. In the Marvel Comics universe, Deadpool does not have any known children.",no,no,Incorrect,1.4447
underspecified,11,dev_0148,yes,"NO. In J.R.R. Tolkien's ""The Lord of the Rings,""",no,no,Incorrect,1.4474
underspecified,11,dev_0178,yes,"NO. ""Eye of the Tiger"" was not written specifically for the Rocky film",no,no,Incorrect,1.4470999999999998
underspecified,11,dev_0410,yes,"NO. Revenge of the Mummy is a dark ride, not a roller coaster",no,no,Incorrect,1.4487999999999999
underspecified,11,dev_0419,yes,"NO. Eric Clapton did not play on ""While My Guitar Gently",no,no,Incorrect,1.4474
underspecified,11,dev_0448,yes,"YES

Jefferson Airplane was inducted into the Rock and Roll Hall of",yes,yes,Correct,1.4561
underspecified,11,dev_0224,no,"NO
The Outsiders by S.E. Hinton is a fictional novel and",no,no,Correct,1.4507999999999999
underspecified,11,dev_0317,no,"NO

Perfect pitch, also known as absolute pitch, is not necessarily something you",no,no,Correct,1.4473
underspecified,11,dev_0368,no,"NO. ""The Color Purple"" is a novel written by Alice Walker, published",no,no,Correct,1.3856
underspecified,11,dev_0507,no,"NO

""Brain on Fire"" is a memoir written by Susannah Cahalan",no,no,Correct,2.797
underspecified,11,dev_0603,no,NO,no,no,Correct,1.3845
underspecified,11,dev_0938,no,"NO. ""House of the Rising Sun"" is a folk song that tells a",no,no,Correct,1.4465
underspecified,11,dev_0076,yes,"YES

Female ferrets (mustangs) go into heat and require mating or",yes,yes,Correct,1.4434
underspecified,11,dev_0459,yes,"NO

In gene transcription, the DNA strand that is transcribed into RNA is",no,no,Incorrect,1.4457
underspecified,11,dev_0502,yes,"NO

Kingsnakes are not immune to rattlesnake venom.",no,no,Incorrect,1.453
underspecified,11,dev_0580,yes,"NO

Female and male blue jays generally look similar, with both having blue",no,no,Incorrect,1.4493
underspecified,11,dev_1089,yes,NO. Removing venom glands from a snake is a complex and dangerous procedure that requires,no,no,Incorrect,2.7615
underspecified,11,dev_1153,yes,NO,no,no,Incorrect,1.4492
underspecified,11,dev_1315,yes,YES. Ion-dipole interactions are generally stronger than hydrogen bonds because ions have,yes,yes,Correct,1.454
underspecified,11,dev_1482,yes,NO. Muscle fibers and muscle cells are related but distinct terms. Muscle fibers refer,no,no,Incorrect,1.3845999999999998
underspecified,11,dev_1568,yes,"NO. Vultures and buzzards are not the same, although they are",no,no,Incorrect,1.4476
underspecified,11,dev_1968,yes,"NO. While turtles and tortoises are both types of reptiles, they",no,no,Incorrect,1.4529
underspecified,11,dev_2223,yes,"NO

While there isn't a jellyfish that truly lives forever, some species",no,no,Incorrect,1.4470999999999998
underspecified,11,dev_2420,yes,"NO

The term ""rain crow"" is not the name of a specific bird",no,no,Incorrect,1.451
underspecified,11,dev_2882,yes,NO. Redback spiders (Latrodectus hasseltii) are not,no,no,Incorrect,1.4594
underspecified,11,dev_2899,yes,I don't know. The number of spots on a Dalmatian's,i,idk,IDK,1.4510999999999998
underspecified,11,dev_2910,yes,NO. Taro root and elephant ears are related but distinct plants. Taro,no,no,Incorrect,1.3891
underspecified,11,dev_0713,no,NO. A cow does not have to be pregnant to lactate. Cows,no,no,Correct,1.4507999999999999
underspecified,11,dev_0816,no,"NO

The spinal cord is typically shorter than the vertebral column. The spinal",no,no,Correct,1.4541
underspecified,11,dev_0911,no,NO. The ring finger does not connect to the heart. There is no direct,no,no,Correct,1.4616
underspecified,11,dev_0997,no,NO. Surgical spirit and rubbing alcohol are similar in that they both contain isop,no,no,Correct,1.4592
underspecified,11,dev_1258,no,NO. The umbilical cord is outside the amniotic sac. It,no,no,Correct,1.4573
underspecified,11,dev_1422,no,"NO. Root hairs typically occur on the surface of the root, specifically on the",no,no,Correct,1.448
underspecified,11,dev_2120,no,"NO

Dalmatians are born with a smooth, unspotted coat",no,no,Correct,1.4555
underspecified,11,dev_2353,no,NO. Bees and hornets have different types of venom. Bee venom primarily,no,no,Correct,1.459
underspecified,11,dev_2441,no,NO. Identical twins (monozygotic twins) develop from a single,no,no,Correct,1.4517
underspecified,11,dev_2087,no,"NO

Sperm whales are listed as Vulnerable on the IUCN Red",no,no,Correct,1.4524000000000001
underspecified,11,dev_2215,no,"NO

Chromosomes in a pair are typically not identical due to genetic variations",no,no,Correct,1.3864
underspecified,11,dev_2503,no,NO. Catbirds and mockingbirds are different species of birds. While they are,no,no,Correct,1.3782
underspecified,11,dev_2652,no,"NO

Not all baby birds have an egg tooth. While many bird species do",no,no,Correct,1.453
underspecified,11,dev_2850,no,"NO. Not all insect stings involve a stinger. For example, bees",no,no,Correct,1.4597
underspecified,11,dev_3062,no,"NO

Black and yellow garden spiders (often referred to as orb-weavers)",no,no,Correct,1.459
underspecified,11,dev_0400,yes,"NO

A profit and loss account is the same as an income statement. Both",no,no,Incorrect,1.3887
underspecified,11,dev_0432,yes,NO. The Central Bank of India is not a nationalized bank. It is,no,no,Incorrect,1.4504000000000001
underspecified,11,dev_0446,yes,"NO. Bi-Mart does not require a membership for shopping. However, they do",no,no,Incorrect,1.4535
underspecified,11,dev_0455,yes,"NO. New Indian motorcycles are manufactured in India. The company, formerly known as",no,no,Incorrect,2.7939000000000003
underspecified,11,dev_0472,yes,NO. Toys R Us and Babies R Us were separate companies that operated under the,no,no,Incorrect,1.4518
underspecified,11,dev_0524,yes,"I don't know. To provide an accurate answer, I would need to check",i,idk,IDK,1.4494
underspecified,11,dev_0767,yes,"NO. The value of currency exchange rates fluctuates based on various economic factors,",no,no,Incorrect,1.388
underspecified,11,dev_0875,yes,"NO. In the United States, denominations above $100 are no",no,no,Incorrect,1.4490999999999998
underspecified,11,dev_0950,yes,YES. Poland Spring water comes from a spring. The brand is known for its,yes,yes,Correct,1.4522
underspecified,11,dev_1023,yes,"NO

A mortgage loan originator and a loan officer are similar roles but may",no,no,Incorrect,1.4518
underspecified,11,dev_1171,yes,"NO

Guernsey is a Crown Dependency and has its own currency, the",no,no,Incorrect,2.8185
underspecified,11,dev_1207,yes,"NO

Buy Buy Baby was acquired by Bed Bath & Beyond in 20",no,no,Incorrect,1.4502000000000002
underspecified,11,dev_1299,yes,"NO. Net earnings and net income are often used interchangeably, but they refer",no,no,Incorrect,1.451
underspecified,11,dev_0157,no,"NO

Eyeglasses are not made by the same company. They can be",no,no,Correct,1.3714000000000002
underspecified,11,dev_0371,no,NO. National and Enterprise are separate companies in the rental car industry. While they,no,no,Correct,1.3836
underspecified,11,dev_0621,no,"NO. Getting cash back typically does not cost money directly, but it may be",no,no,Correct,1.4494
underspecified,11,dev_0699,no,NO. Walmart is generally considered the largest grocer in the world. Aldi,no,no,Correct,1.4530999999999998
underspecified,11,dev_0954,no,"NO

The £2 coin in the United Kingdom is not going out of circulation",no,no,Correct,2.8198000000000003
underspecified,11,dev_1050,no,NO. White Castle is not only on the East Coast. It has locations throughout,no,no,Correct,1.448
underspecified,11,dev_1208,no,NO. Sam’s Club is primarily based in the United States and does not have,no,no,Correct,1.3878
underspecified,11,dev_1257,no,NO. Home Bargains and Quality Save are two different retail brands. While they,no,no,Correct,1.3818
underspecified,11,dev_1805,no,"NO

$10,000 bills were issued by the U.S",no,no,Correct,1.4581
underspecified,11,dev_1876,no,"I don't know. Montgomery Ward was a well-known retail company, but its",i,idk,IDK,1.455
underspecified,11,dev_2290,no,NO. GDP per capita and per capita income are related but not the same.,no,no,Correct,1.3865999999999998
underspecified,11,dev_2444,no,NO. Land tax and property tax are related but distinct types of taxes. Property,no,no,Correct,1.4494
underspecified,11,dev_0250,yes,"NO

Father's Day is not a public holiday in the Netherlands, although it",no,no,Incorrect,1.4495
underspecified,11,dev_0337,yes,I don't know. The status of the King's Birthday as a public holiday,i,idk,IDK,1.4507
underspecified,11,dev_0386,yes,NO. Brussels does not have a red light district. While some cities around the,no,no,Incorrect,1.4498
underspecified,11,dev_0591,yes,"NO. Copa Airlines is part of the oneworld alliance, not the Star Alliance",no,no,Incorrect,2.7915
underspecified,11,dev_0746,yes,"NO

June 12 is not a national holiday in the Philippines. The",no,no,Incorrect,1.3874000000000002
underspecified,11,dev_0845,yes,NO. New car engines typically do not require a break-in period as they are,no,no,Incorrect,1.4489
underspecified,11,dev_0855,yes,NO. Flight paths do not always go over the North Pole. While some flights,no,no,Incorrect,1.3877000000000002
underspecified,11,dev_0915,yes,I don't know. Ontario Place is a former amusement and entertainment complex in Toronto,i,idk,IDK,1.4527
underspecified,11,dev_0945,yes,"NO. Thread seal tape is not the same as Teflon tape, although",no,no,Incorrect,1.3865
underspecified,11,dev_0021,no,"YES

P.O. Box addresses come before street addresses in the mailing address format",yes,yes,Incorrect,1.4475
underspecified,11,dev_0490,no,NO,no,no,Correct,1.45
underspecified,11,dev_0581,no,"NO. A peck and a bushel are both units of volume, but",no,no,Correct,1.4530999999999998
underspecified,11,dev_0631,no,"NO

Memorial Day is observed on the last Monday in May, and many",no,no,Correct,1.3884
underspecified,11,dev_0691,no,"NO

If a recipient's address has ""Freepost"" written on it",no,no,Correct,1.3885999999999998
underspecified,11,dev_0783,no,NO. The Honda CRF 250 is typically a 4-st,no,no,Correct,1.4530999999999998
underspecified,11,dev_0787,no,NO. The BMW 1 Series is available in both front-wheel drive (F,no,no,Correct,1.4573
underspecified,11,dev_0825,no,I don't know. The operating hours for the Waterloo & City line can vary,i,idk,IDK,1.4504000000000001
underspecified,11,dev_0885,no,NO. UK citizens generally do not need a visa for Albania. They can enter,no,no,Correct,1.3862999999999999
underspecified,11,dev_0089,yes,"NO

While Rotten Tomatoes does have many movies with low ratings, there",no,no,Incorrect,1.4502000000000002
underspecified,11,dev_0095,yes,NO. Anne with an anE was not primarily filmed on PEI. While,no,no,Incorrect,1.3842999999999999
underspecified,11,dev_0211,yes,NO. The character of Murphy Brown did not have a baby on the show.,no,no,Incorrect,1.4549
underspecified,11,dev_0238,yes,"NO

Beau Abbott does not die in the film ""A Quiet Place.""",no,no,Incorrect,1.4526
underspecified,11,dev_0252,yes,I don't know. The specific filming locations for the Lizzie McGuire movie,i,idk,IDK,1.4487
underspecified,11,dev_0256,yes,NO. The,no,no,Incorrect,1.3811
underspecified,11,dev_0266,yes,"I don't know. The outcome of characters in specific films like ""The Book",i,idk,IDK,1.4546
underspecified,11,dev_0310,yes,"NO. 

I don't get paid to be on Survivor or any other show",no,no,Incorrect,1.3877000000000002
underspecified,11,dev_0359,yes,"NO

In the original format of ""Who Wants to Be a Millionaire?""",no,no,Incorrect,1.4552
underspecified,11,dev_0422,yes,I don't know. The characters Lucas Scott and Peyton Sawyer were part of the,i,idk,IDK,1.3865999999999998
underspecified,11,dev_0040,no,"NO. There is no official sequel to the movie ""The Golden Compass."" The",no,no,Correct,1.4523
underspecified,11,dev_0080,no,"NO. ""Love Finds a Home"" is a 1974 Disney",no,no,Correct,1.4526
underspecified,11,dev_0100,no,"I don't know. The outcome of the character in ""The Lost World""",i,idk,IDK,1.4546
underspecified,11,dev_0240,no,"NO

The Walking Dead and Fear the Walking Dead are both part of the same",no,no,Correct,1.4502000000000002
underspecified,11,dev_0247,no,"NO. ""Let There Be Light"" is a 2022 documentary",no,no,Correct,1.4569
underspecified,11,dev_0260,no,"NO

The 2014 film ""Mighty Joe Young""",no,no,Correct,1.4497
underspecified,11,dev_0277,no,NO. Michael Scott and Pam Beesly did not date on The Office.,no,no,Correct,1.4549
underspecified,11,dev_0290,no,"NO

Elena Gilbert does not die for good in *The Vampire Diaries",no,no,Correct,1.4496
underspecified,11,dev_0303,no,"NO

Arizona Robbins (Arizona Callie Torres-Steele) did not die",no,no,Correct,1.4539000000000002
underspecified,11,dev_0231,yes,"NO

Penne alla vodka typically does not contain dairy. It usually includes ingredients",no,no,Incorrect,1.4495
underspecified,11,dev_0401,yes,NO. Whole wheat rice and brown rice are not the same. Brown rice refers,no,no,Incorrect,1.4556
underspecified,11,dev_0420,yes,NO. Red velvet cake is not a chocolate cake with red dye; it typically,no,no,Incorrect,2.7919
underspecified,11,dev_0571,yes,"NO. Chicken cordon bleu is typically made with ham and melted cheese,",no,no,Incorrect,1.3865999999999998
underspecified,11,dev_0583,yes,NO. Pork back ribs and baby back ribs are different cuts of pork. Baby,no,no,Incorrect,1.4507
underspecified,11,dev_0765,yes,"NO, salted duck eggs do not need to be cooked before eating. They",no,no,Incorrect,1.4509
underspecified,11,dev_0778,yes,"NO. A cookie sheet and a sheet pan are similar, but a cookie sheet",no,no,Incorrect,1.4487999999999999
underspecified,11,dev_0815,yes,NO. Sprite does not contain lemon or lime flavors. It primarily has a citrus,no,no,Incorrect,1.4507999999999999
underspecified,11,dev_0073,no,"NO

While blue and pink cotton candy are visually different, they typically contain the",no,no,Correct,1.4527999999999999
underspecified,11,dev_0491,no,NO. Picante sauce and taco sauce are similar in that they both have a,no,no,Correct,2.7299
underspecified,11,dev_0615,no,"NO

Rice noodles and glass noodles are not the same. Rice noodles are",no,no,Correct,1.3852
underspecified,11,dev_0868,no,I don't know. While Fruit Roll-Ups are marketed as containing real fruit,i,idk,IDK,1.4523
underspecified,11,dev_0880,no,NO. Thousand Island dressing and French dressing are two different types of condiments.,no,no,Correct,1.3817000000000002
underspecified,11,dev_0953,no,NO. Monster energy drinks do not contain alcohol. They are caffeine-based energy drinks,no,no,Correct,1.4519000000000002
underspecified,11,dev_0985,no,NO. Long Island Iced Teas do not contain any tea. They are,no,no,Correct,1.4509
underspecified,11,dev_0136,yes,"NO

Battlefield 1 primarily focuses on multiplayer modes and does not feature a",no,no,Incorrect,1.4534
underspecified,11,dev_0367,yes,"NO

Devil May Cry 5 is set between Devil May Cry 3",no,no,Incorrect,1.3876
underspecified,11,dev_0618,yes,"NO

The Dying Light: The Following Enhanced Edition typically includes the content from",no,no,Incorrect,1.4537
underspecified,11,dev_0720,yes,"YES

State of Decay does support co-op on Xbox One. You can play",yes,yes,Correct,1.4534
underspecified,11,dev_0770,yes,NO. The numbers on a standard roulette wheel add up to 665,no,no,Incorrect,1.4518
underspecified,11,dev_0835,yes,YES,yes,yes,Correct,1.3865
underspecified,11,dev_0896,yes,"YES

Naruto Ultimate Ninja Storm games typically include story modes that follow the",yes,yes,Correct,1.4504000000000001
underspecified,11,dev_0434,no,"NO

Not all Xbox games are compatible with the Xbox One. While many older",no,no,Correct,1.4529
underspecified,11,dev_0489,no,"NO

While the Far Cry series shares some thematic elements and settings, not all",no,no,Correct,1.4547
underspecified,11,dev_0852,no,"NO

Phase 10 is typically designed for 2 to 10",no,no,Correct,1.4512
underspecified,11,dev_0870,no,"YES. In many role-playing games, particularly those using the Dungeons & Dragons system",yes,yes,Incorrect,1.4552
underspecified,11,dev_1148,no,"NO

RollerCoaster Tycoon World is primarily available for Windows and Nintendo",no,no,Correct,1.4536
underspecified,11,dev_2595,no,NO,no,no,Correct,1.4497
underspecified,11,dev_0281,yes,I don't know. The presence of tolls on I-70 in,i,idk,IDK,1.3840999999999999
underspecified,11,dev_0528,yes,"I don't know. The specific location of train stations can change over time,",i,idk,IDK,1.4532
underspecified,11,dev_0547,yes,"NO. The Battery Tunnel, which connects Manhattan and Staten Island under the Manhattan Bridge",no,no,Incorrect,1.4485
underspecified,11,dev_0623,yes,NO. The George Washington Bridge has tolls for both directions of travel.,no,no,Incorrect,1.4524000000000001
underspecified,11,dev_0626,yes,"NO. Skyline Drive is part of Shenandoah National Park, while the",no,no,Incorrect,1.4509
underspecified,11,dev_0686,yes,NO. Edinburgh Castle is not built on top of a volcano. The castle is,no,no,Incorrect,1.452
underspecified,11,dev_0822,yes,"NO. Marble Falls, TX, is named after Marble Falls on Lake Travis,",no,no,Incorrect,1.389
underspecified,11,dev_1210,yes,I don't know. The question about whether there is a town under Caesar's,i,idk,IDK,1.4578
underspecified,11,dev_0374,no,"NO. San Pedro, Laguna is not part of Metro Manila. It is located",no,no,Correct,1.4492
underspecified,11,dev_0900,no,NO. Fort Walton Beach and Destin are two separate cities in Okaloosa,no,no,Correct,1.387
underspecified,11,dev_0913,no,"NO. There is no real place called ""Porpoise Spit"" in Australia",no,no,Correct,1.3817000000000002
underspecified,11,dev_1234,no,"NO

The Gulf Stream is a powerful, warm ocean current found in the Atlantic",no,no,Correct,1.451
underspecified,11,dev_1360,no,"I don't know. The question seems to be asking about a specific location,",i,idk,IDK,1.4490999999999998
underspecified,11,dev_1544,no,"NO

I-30 in Dallas is generally not a toll road. While",no,no,Correct,1.3844
underspecified,11,dev_1588,no,"NO. Lake George is a natural lake located in New York State, USA.",no,no,Correct,1.3876
underspecified,11,dev_0344,yes,"NO

Immunity to arsenic does not exist in the same way it does",no,no,Incorrect,1.4497
underspecified,11,dev_0379,yes,I don't know. To confirm whether New England Baptist Hospital is a teaching hospital,i,idk,IDK,1.4483
underspecified,11,dev_0474,yes,"NO

The Women's One A Day multivitamin is a dietary supplement,",no,no,Incorrect,1.4526
underspecified,11,dev_0614,yes,"NO

A cold water bath is not as effective as an ice bath for certain",no,no,Incorrect,1.4485
underspecified,11,dev_0655,yes,"NO

A hiatal hernia occurs when part of the stomach pushes up through",no,no,Incorrect,1.3872
underspecified,11,dev_1195,yes,"NO

Blue-ringed octopus bites can be fatal if not treated promptly.",no,no,Incorrect,1.4610999999999998
underspecified,11,dev_1197,yes,NO. An ectopic pregnancy cannot be carried to term because the fertilized egg,no,no,Incorrect,1.4502000000000002
underspecified,11,dev_1313,yes,"NO

Relative risk and risk ratio refer to the same statistical measure, which is",no,no,Incorrect,1.4524000000000001
underspecified,11,dev_1564,yes,NO. PCP and angel dust are the same substance. It's known by,no,no,Incorrect,1.4567
underspecified,11,dev_0078,no,"NO

The right and left brachiocephalic arteries are not present in",no,no,Correct,2.7968
underspecified,11,dev_0166,no,"NO

The recommended daily intake of fruits and vegetables varies based on age, sex",no,no,Correct,1.4502000000000002
underspecified,11,dev_0851,no,"YES

Attending a first aid course is indeed part of the chain of survival",yes,yes,Incorrect,1.4509
underspecified,11,dev_0861,no,NO. A junctional rhythm does not have a P wave. In a junction,no,no,Correct,1.3882
underspecified,11,dev_0872,no,NO. A first-degree burn affects only the outer layer of skin (epider,no,no,Correct,1.4482000000000002
underspecified,11,dev_1554,no,NO. Lyme disease is typically considered acute if it is diagnosed and treated early.,no,no,Correct,1.4507
underspecified,11,dev_1719,no,NO. Extended release and sustained release are similar but not exactly the same. Extended,no,no,Correct,1.3876
underspecified,11,dev_1991,no,NO. The ring finger is not connected to the heart. There are no anatom,no,no,Correct,1.3728
underspecified,11,dev_2115,no,I don't know. The health of a sumo wrestler can vary widely depending,i,idk,IDK,1.386
underspecified,11,dev_0105,yes,"NO. The Revolutionary War, which took place from 1775 to",no,no,Incorrect,1.4490999999999998
underspecified,11,dev_0125,yes,"YES

The Pompeii eruption, which occurred in 79 AD, buried",yes,yes,Correct,1.4607999999999999
underspecified,11,dev_0191,yes,"NO. The Tomb of the Unknown Soldier typically contains unidentified remains, often from wars",no,no,Incorrect,1.4593
underspecified,11,dev_1292,yes,"NO. The Queen of England, Elizabeth II, did not marry her cousin.",no,no,Incorrect,1.4534
underspecified,11,dev_1338,yes,"YES

During the Gulf War, there were instances where oil wells were intentionally set",yes,yes,Correct,1.4549
underspecified,11,dev_0388,no,"NO

Integration was not uniformly applied or enforced in the northern states, although there",no,no,Correct,1.4569
underspecified,11,dev_0703,no,NO. The exact current location of the Peacock Throne is unknown. It was,no,no,Correct,1.4534
underspecified,11,dev_0833,no,NO. The Edmund Fitzgerald was a bulk carrier that sank in Lake Superior on November,no,no,Correct,1.4573
underspecified,11,dev_0874,no,"YES. Despite its reputation as an escape-proof prison, several inmates managed to escape",yes,yes,Incorrect,1.3842999999999999
underspecified,11,dev_1651,no,"I don't know. The current status of tin mines in Cornwall can vary,",i,idk,IDK,1.3856
underspecified,11,dev_0072,yes,"NO. In many jurisdictions, possessing ammunition alone does not typically require a Permit to",no,no,Incorrect,1.4504000000000001
underspecified,11,dev_0258,yes,I don't know. The ability to purchase alcohol on Sundays can vary by state,i,idk,IDK,1.3865999999999998
underspecified,11,dev_0286,yes,"YES

An administrative law judge (ALJ) is a real judge who pres",yes,yes,Correct,1.3702
underspecified,11,dev_0348,yes,"NO

In the UK, it is illegal to keep skunks as pets.",no,no,Incorrect,1.4516
underspecified,11,dev_0467,yes,"NO

A certification of birth is a specific type of document that verifies the birth",no,no,Incorrect,1.3837000000000002
underspecified,11,dev_0515,yes,"NO

In most jurisdictions, a restraining order is typically issued by a court to",no,no,Incorrect,1.3888
underspecified,11,dev_0562,yes,"NO

Texas concealed carry permits are not currently valid in New Mexico without additional licensing",no,no,Incorrect,1.4589
underspecified,11,dev_0636,yes,"NO

In California, carrying a firearm openly or concealed without a valid permit is",no,no,Incorrect,1.4530999999999998
underspecified,11,dev_0740,yes,"NO

There is no universal time limit for the ratification of an amendment.",no,no,Incorrect,1.4514
underspecified,11,dev_0838,yes,"NO

In Quebec, turning right on a red light is generally not allowed unless",no,no,Incorrect,1.4496
underspecified,11,dev_0864,yes,"NO

In Ohio, open carry is generally prohibited unless the individual has a concealed",no,no,Incorrect,1.4518
underspecified,11,dev_0873,yes,"NO

In most places, you cannot drive a car with a learner's permit",no,no,Incorrect,1.387
underspecified,11,dev_0901,yes,"NO. Driving over a median is not inherently illegal in all cases; however,",no,no,Incorrect,1.4514
underspecified,11,dev_0909,yes,"NO

An X can sometimes be used as a signature, especially in informal contexts",no,no,Incorrect,1.4516
underspecified,11,dev_1134,yes,"NO. New York State is an example of a mixed law state, which means",no,no,Incorrect,1.4494
underspecified,11,dev_0198,no,"NO

New Hampshire has a ""shall issue"" concealed carry law, meaning that",no,no,Correct,1.4533
underspecified,11,dev_0215,no,I don't know. The hours and operating days for liquor stores can vary by,i,idk,IDK,1.4507
underspecified,11,dev_0223,no,"NO

Recording covers of songs is generally legal, provided you obtain the necessary licenses",no,no,Correct,1.4498
underspecified,11,dev_0234,no,"NO

In many countries, the age of consent is typically set at 1",no,no,Correct,1.4569
underspecified,11,dev_0272,no,I don't know. The ability for trucks to use the Taconic State,i,idk,IDK,1.4502000000000002
underspecified,11,dev_0453,no,"NO, in most jurisdictions, it is illegal to marry a sibling. However,",no,no,Correct,1.4518
underspecified,11,dev_0499,no,"NO

Puerto Rico does not have voting representation in the U.S. Congress",no,no,Correct,1.3867
underspecified,11,dev_0552,no,"NO

In most prisons, personal phones are not allowed to ensure security and prevent",no,no,Correct,1.4524000000000001
underspecified,11,dev_0680,no,"NO

Trade secrets do not have a fixed time limit. They remain protected as",no,no,Correct,1.4479000000000002
underspecified,11,dev_0738,no,"NO

Taiwan is not a member of the Paris Convention for the Protection of",no,no,Correct,1.3876
underspecified,11,dev_0771,no,"NO

Payola is the practice of paying performers, DJs, or radio stations",no,no,Correct,1.449
underspecified,11,dev_0888,no,"NO. I don't know if any specific Supreme Court justices have been removed,",no,no,Correct,1.3734000000000002
underspecified,11,dev_1135,no,"NO

A certified copy of a document in the UK is a copy that has",no,no,Correct,1.4499000000000002
underspecified,11,dev_1188,no,"NO

In the United States, individuals who are dishonorably discharged from the",no,no,Correct,1.4530999999999998
underspecified,11,dev_0339,yes,"NO

As an American, you typically need a valid passport or a Trusted Travel",no,no,Incorrect,1.4555
underspecified,11,dev_0357,yes,I don't know. The requirement to complete the American Community Survey (ACS),i,idk,IDK,1.4515
underspecified,11,dev_0498,yes,NO. The Florida Constitution does not specify a minimum age requirement for legislators. This,no,no,Incorrect,1.4485999999999999
underspecified,11,dev_0620,yes,"NO

The United Nations has not directly intervened in a conflict involving Pakistan, but",no,no,Incorrect,1.4499000000000002
underspecified,11,dev_0878,yes,NO. The national government and the federal government are not always the same. In,no,no,Incorrect,1.4504000000000001
underspecified,11,dev_1864,yes,YES. The United States Marine Corps (USMC) is a branch of the,yes,yes,Correct,1.4642
underspecified,11,dev_2080,yes,YES. The Coast Guard is part of the Department of Homeland Security during peac,yes,yes,Correct,1.4614
underspecified,11,dev_2395,yes,"NO. In many countries, including Australia, the Governor-General (or equivalent)",no,no,Incorrect,1.4515
underspecified,11,dev_2639,yes,"NO

Canada is not part of the",no,no,Incorrect,1.4484000000000001
underspecified,11,dev_3155,yes,"NO

Overseas service bars are typically awarded for specific periods of service in",no,no,Incorrect,1.3884
underspecified,11,dev_3209,yes,"YES. If you attend the Naval Academy, you will commission as an officer in",yes,yes,Correct,1.3892
underspecified,11,dev_0209,no,NO. Israel is not part of the European Economic Area (EEA). The,no,no,Correct,1.4507999999999999
underspecified,11,dev_0273,no,"NO. Typically, you only pay a toll when entering New York from New Jersey",no,no,Correct,1.455
underspecified,11,dev_0404,no,"NO. Puerto Rico is a territory of the United States, not a protectorate",no,no,Correct,1.4569
underspecified,11,dev_0567,no,"NO

Romania is not part of the Visa Waiver Program (VWP",no,no,Correct,1.3885999999999998
underspecified,11,dev_0675,no,"NO

Saudi Arabia has ratified the Universal Declaration of",no,no,Correct,1.4484000000000001
underspecified,11,dev_1172,no,NO. Turkey is not currently a member of the European Union. It has been,no,no,Correct,2.0871
underspecified,11,dev_1275,no,"NO

State awards are typically not worn by service members on active duty. They",no,no,Correct,2.0766999999999998
underspecified,11,dev_1971,no,NO. Bosnia and Herzegovina is not part of the European Union. It,no,no,Correct,2.0899
underspecified,11,dev_2001,no,"NO. The presidential pardon power applies only to federal crimes, not state crimes.",no,no,Correct,2.0877
underspecified,11,dev_3004,no,"NO

Before 1979, it was generally not possible for tenants",no,no,Correct,2.0853
underspecified,11,dev_3256,no,NO. Not all traffic lights have cameras. Some cities or regions may use cameras,no,no,Correct,1.9985
underspecified,11,dev_1132,yes,"NO

Pink quartz and rose quartz are similar in appearance but are distinct gemstones",no,no,Incorrect,2.0831
underspecified,11,dev_1233,yes,"NO

In an adiabatic process, there is no heat exchange with",no,no,Incorrect,2.1321
underspecified,11,dev_1511,yes,"NO. The heat index and ""RealFeel"" are related but distinct concepts.",no,no,Incorrect,2.0718
underspecified,11,dev_1633,yes,"NO. Nail acetone and paint acetone are both types of acetone,",no,no,Incorrect,2.0934
underspecified,11,dev_2007,yes,NO. Liquefied petroleum gas (LPG) typically refers to a,no,no,Incorrect,2.0717
underspecified,11,dev_2214,yes,NO. Dry water is not a real substance. It's a term used to,no,no,Incorrect,1.9666
underspecified,11,dev_2239,yes,"NO

The speed of sound in a given medium (at a constant temperature)",no,no,Incorrect,2.066
underspecified,11,dev_2299,yes,"NO. Rain typically requires the presence of clouds, as clouds are formed when water",no,no,Incorrect,2.0901
underspecified,11,dev_2303,yes,"NO. Different forms of life have different requirements for essential elements, but there are",no,no,Incorrect,2.0734
underspecified,11,dev_2477,yes,"NO. In many standard definitions, the set of natural numbers starts from 1",no,no,Incorrect,1.9975
underspecified,11,dev_2993,yes,NO,no,no,Incorrect,1.9704000000000002
underspecified,11,dev_3126,yes,"NO

Upside-down rainbows, also known as inferior rainbows, are",no,no,Incorrect,2.0893
underspecified,11,dev_3188,yes,NO. A turkey vulture and a buzzard are not the same. While,no,no,Incorrect,2.064
underspecified,11,dev_3193,yes,"YES

The Georgia Aquarium is known to house whale sharks. As of my last",yes,yes,Correct,2.0889
underspecified,11,dev_3234,yes,NO. A rhombus is a type of quadrilateral where all four sides,no,no,Incorrect,1.9958
underspecified,11,dev_3265,yes,"NO. The Titius–Bode rule, also known as the Titius",no,no,Incorrect,2.0791
underspecified,11,dev_0001,no,"NO

Ethanol production generally produces more energy than it consumes, although the exact",no,no,Correct,1.9698
underspecified,11,dev_0579,no,"NO

While it's a common belief that you can hear the sound of the",no,no,Correct,2.0892
underspecified,11,dev_1003,no,"NO. 

Least squares is a method for estimating the parameters of a model,",no,no,Correct,2.0532
underspecified,11,dev_1483,no,"NO

A meter stick is a measuring tool that is 1 meter (approximately",no,no,Correct,2.083
underspecified,11,dev_1551,no,"NO

Australia is not part of the Ring of Fire. The Ring of Fire",no,no,Correct,2.0729
underspecified,11,dev_1702,no,NO. Pterodactyl and Pteranodon are related but distinct,no,no,Correct,2.0809
underspecified,11,dev_1925,no,NO. Percent difference and percent change are related but distinct concepts. Percent change measures,no,no,Correct,2.0524
underspecified,11,dev_2025,no,NO. The load is not the pivot point of a lever. In a lever,no,no,Correct,2.0615
underspecified,11,dev_2312,no,"NO

Turpentine and white spirit are similar in that they are both volatile",no,no,Correct,2.0718
underspecified,11,dev_2471,no,"NO

A fixed pulley does not provide a mechanical advantage; it changes the",no,no,Correct,2.0678
underspecified,11,dev_2521,no,NO. The t-distribution does not have a standard deviation of 1.,no,no,Correct,2.0758
underspecified,11,dev_2782,no,"NO

The hydronium ion (H₃O⁺) is",no,no,Correct,2.075
underspecified,11,dev_2812,no,NO. The salinity in the ocean generally decreases with depth because of the influx,no,no,Correct,2.0619
underspecified,11,dev_3014,no,"NO

The length of day does not vary significantly at the Equator compared to",no,no,Correct,1.9566
underspecified,11,dev_3034,no,NO. Hydraulic lime and hydrated lime are related but distinct materials. Hydraulic lime sets,no,no,Correct,1.9742
underspecified,11,dev_3159,no,NO. Chipmunks and ground squirrels are related but distinct species. Both,no,no,Correct,1.9773
underspecified,11,dev_3190,no,NO. Mahi-mahi and ahi tuna are different fish species. Mah,no,no,Correct,2.0673000000000004
underspecified,11,dev_0682,yes,"NO

A sermon and a homily are often used interchangeably, but there",no,no,Incorrect,2.0679000000000003
underspecified,11,dev_0735,yes,"YES

In the United States, secondary school and high school are essentially equivalent terms",yes,yes,Correct,2.0789
underspecified,11,dev_1505,yes,"YES

The University of St. Thomas is a nonprofit institution. It is a",yes,yes,Correct,2.0659
underspecified,11,dev_1668,yes,"YES

Church of England (Anglican) worshippers sometimes make the sign",yes,yes,Correct,2.0808
underspecified,11,dev_2373,yes,NO,no,no,Incorrect,2.0641
underspecified,11,dev_2793,yes,NO. Eastern Kentucky University is a Division II school.,no,no,Incorrect,2.0652
underspecified,11,dev_2929,yes,"NO. Child psychology focuses specifically on the psychological aspects of children, while developmental psychology",no,no,Incorrect,2.0867
underspecified,11,dev_0605,no,NO. BYU (Brigham Young University) does not require applicants to be members,no,no,Correct,2.0755
underspecified,11,dev_0908,no,I don't know. The accreditation status of specific institutions like the American College of,i,idk,IDK,2.0757
underspecified,11,dev_1388,no,NO. The University College London (UCL) is a separate institution from the,no,no,Correct,2.0803000000000003
underspecified,11,dev_1521,no,"NO

Sweden does not pay students to attend school. Education is compulsory and free",no,no,Correct,2.0677
underspecified,11,dev_2334,no,"NO
The Book of Jasher is not part of the canonical Bible. It",no,no,Correct,2.0725
underspecified,11,dev_2641,no,NO. A double-barrel surname does not have to be hyphenated.,no,no,Correct,2.0965
underspecified,11,dev_0347,yes,"NO

The Women's College World Series is single elimination, not double elimination.",no,no,Incorrect,2.0553000000000003
underspecified,11,dev_0411,yes,NO. The Washington Commanders (formerly known as the Washington Redskins) do not,no,no,Incorrect,2.0933
underspecified,11,dev_0439,yes,"YES

The Milwaukee Brewers made it to the World Series in 201",yes,yes,Correct,2.0965
underspecified,11,dev_0452,yes,"NO

Belgium has not won the FIFA World Cup and has never reached the",no,no,Incorrect,2.0693
underspecified,11,dev_0585,yes,"NO

In rugby league, pushing in a scrum is not allowed. The",no,no,Incorrect,2.0839000000000003
underspecified,11,dev_0656,yes,"NO

Kaká did not play in the 2002 World",no,no,Incorrect,2.0721
underspecified,11,dev_0661,yes,"NO

The KSI vs. Logan Paul fight was not a pay-per-view",no,no,Incorrect,2.0747
underspecified,11,dev_0701,yes,YES. The Kentucky Derby is always held on the first Saturday in May. It,yes,yes,Correct,2.0671
underspecified,11,dev_0704,yes,NO. Wayne Gretzky won four Stanley Cups during his NHL career with the,no,no,Incorrect,2.0747
underspecified,11,dev_0752,yes,"NO

Professional soccer does not have a mercy rule. The game continues until the",no,no,Incorrect,1.9992
underspecified,11,dev_0848,yes,"NO

In most professional sports leagues, there are specific periods during which teams can",no,no,Incorrect,1.9963
underspecified,11,dev_0883,yes,"NO. In most sports, such as baseball, basketball, and hockey, a",no,no,Incorrect,2.0776999999999997
underspecified,11,dev_1143,yes,NO. Dan Marino is not in the Hall of Fame. He was elected to,no,no,Incorrect,1.9965
underspecified,11,dev_1305,yes,NO. A school cannot be both Division I and Division II of the NCAA;,no,no,Incorrect,2.0806
underspecified,11,dev_1497,yes,"NO

Alphonse Areola did not play in the 201",no,no,Incorrect,2.0885
underspecified,11,dev_1777,yes,"NO

Away goals do not typically count in league playoffs. League playoffs usually determine",no,no,Incorrect,1.9923
underspecified,11,dev_2250,yes,"NO

Poland did not qualify for the 2018 FIFA World",no,no,Incorrect,2.0930999999999997
underspecified,11,dev_2370,yes,"NO

Ireland has not won a Test match against Australia (the Wallabies",no,no,Incorrect,2.0892
underspecified,11,dev_0083,no,"NO. In the final set at Wimbledon, if the score reaches 6-",no,no,Correct,3.301
underspecified,11,dev_0085,no,NO. Deion Sanders never won a World Series during his time as a professional,no,no,Correct,2.1296999999999997
underspecified,11,dev_0170,no,NO. The Czech Republic has never won the FIFA World Cup. The country first,no,no,Correct,2.0798
underspecified,11,dev_0230,no,"NO

In Little League baseball, you cannot run on a dropped third strike.",no,no,Correct,2.0915
underspecified,11,dev_0412,no,"NO

The Miami Dolphins do not have a real dolphin in their stadium. Their",no,no,Correct,3.4081
underspecified,11,dev_0421,no,"NO
Penalty shoot-out goals do not count towards the Golden Boot award,",no,no,Correct,2.0564
underspecified,11,dev_0447,no,NO. Panama has not qualified for the FIFA World Cup as of the last update,no,no,Correct,2.0606
underspecified,11,dev_0544,no,"I don't know. The status of Trinity Forest Golf Club as a public,",i,idk,IDK,2.0858000000000003
underspecified,11,dev_0565,no,NO. Walks are not included in the batting average calculation. The batting average,no,no,Correct,3.3693
underspecified,11,dev_0589,no,NO. Goaltending occurs when a defensive player touches the ball above the rim,no,no,Correct,1.9869
underspecified,11,dev_0593,no,"NO

Teams do not keep the actual FIFA World Cup trophy after winning it.",no,no,Correct,2.0796
underspecified,11,dev_0859,no,NO. The U.S. Open is not played on the same course every year,no,no,Correct,2.0645
underspecified,11,dev_0865,no,NO,no,no,Correct,3.3018
underspecified,11,dev_1518,no,NO. Not all 2018 World Cup matches were played in Russia,no,no,Correct,2.0733
underspecified,11,dev_1768,no,NO. England has not won the Women's World Cup. The tournament was first,no,no,Correct,2.0769
underspecified,11,dev_1779,no,"NO

India did not qualify for the 2018 FIFA World Cup",no,no,Correct,2.0692
underspecified,11,dev_1905,no,"NO

According to the Laws of the Game, a player cannot be offside",no,no,Correct,3.4298
underspecified,11,dev_2156,no,"YES

The New York Yankees won the World Series in 2001",yes,yes,Incorrect,2.0816
underspecified,11,dev_2158,no,NO. The Cincinnati Bengals have never won a Super Bowl. Their closest call was,no,no,Correct,2.0707
underspecified,11,dev_2798,no,NO. The Super Bowl rings are typically awarded to the winning team as a symbol,no,no,Correct,1.9879
underspecified,11,dev_3138,no,"NO. The Olympic gold medal is not made entirely of gold. Traditionally,",no,no,Correct,3.3002
underspecified,11,dev_0307,yes,"NO

700c tires are larger than 29er tires and",no,no,Incorrect,1.9698
underspecified,11,dev_0506,yes,YES. Drywall mud and joint compound are the same thing; they are used,yes,yes,Correct,2.0686999999999998
underspecified,11,dev_0641,yes,I don't know. The interchangeability of parts between different firearm models like the,i,idk,IDK,2.0649
underspecified,11,dev_0844,yes,I don't know. Bell and Telus may use some of the same towers,i,idk,IDK,3.4051
underspecified,11,dev_1032,yes,"NO

In Canada, the toll-free prefix is typically 1-80",no,no,Incorrect,2.0934
underspecified,11,dev_1574,yes,"NO

Apple Lightning cables do not contain a chip; they use a connector with",no,no,Incorrect,1.9827000000000001
underspecified,11,dev_1889,yes,"NO

The Mazda Tribute and Ford Escape are not essentially the same vehicle. They",no,no,Incorrect,2.0732
underspecified,11,dev_2093,yes,"NO. Most emergency calling functions do not require a SIM card, as they use",no,no,Incorrect,3.435
underspecified,11,dev_2213,yes,NO. U.S. toll-free numbers are not free in Canada; they typically,no,no,Incorrect,1.9807000000000001
underspecified,11,dev_2735,yes,"NO

Pipelining is a technique used to improve the overall throughput of a",no,no,Incorrect,2.0881
underspecified,11,dev_2836,yes,NO. The F-4 Phantom II was retired from active service by most countries,no,no,Incorrect,2.0650999999999997
underspecified,11,dev_0788,no,NO. MiniDV tapes and 8mm tapes are different formats. MiniDV,no,no,Correct,2.0696999999999997
underspecified,11,dev_0798,no,"NO

Area code 669 is not a toll-free number. It",no,no,Correct,2.0723000000000003
underspecified,11,dev_1249,no,"NO. In C++, strings are typically represented using the `std::string`",no,no,Correct,3.2683
underspecified,11,dev_1458,no,"NO. Powered speakers contain their own amplifier, so they do not require an external",no,no,Correct,2.075
underspecified,11,dev_1584,no,"YES

GMC offers a version of the Avalanche, which is a full-size",yes,yes,Incorrect,1.9854
underspecified,11,dev_1589,no,"NO

A SIM-free phone is designed to work with any network, as it",no,no,Correct,2.0745999999999998
underspecified,11,dev_1657,no,"NO. The first iPhone, released in 2007, did not",no,no,Correct,3.4292
underspecified,11,dev_1691,no,NO. Response time refers to the amount of time it takes for a pixel on,no,no,Correct,2.0629
underspecified,11,dev_1943,no,NO,no,no,Correct,2.0754
underspecified,11,dev_2682,no,"NO. E-ZPass is a brand name for an electronic toll collection system,",no,no,Correct,2.0696
underspecified,11,dev_2712,no,"NO

A23 batteries and N batteries are not the same. A2",no,no,Correct,3.3956
underspecified,11,dev_0427,no,"NO

The Barber of Seville and Sweeney Todd are two different operatic",no,no,Correct,2.0794
underspecified,11,dev_0531,no,"NO

Smaug is a famous dragon from J.R.R. Tolkien's",no,no,Correct,2.0598
underspecified,11,dev_1915,no,"NO

The Hunchback of Notre-Dame is a novel written by Victor",no,no,Correct,2.085
underspecified,11,dev_1946,no,NO. Snake Eyes and Storm Shadow are two distinct characters in the G.I.,no,no,Correct,1.4570999999999998
underspecified,11,dev_2024,no,NO. The foreword typically comes after the title page and before the main body,no,no,Correct,1.3844
underspecified,11,dev_2265,no,NO. G major and E minor are different keys with different sets of notes.,no,no,Correct,1.3881
underspecified,11,dev_0004,yes,"NO. ""Harry Potter and the Escape from Gringotts"" is not a",no,no,Incorrect,3.1940999999999997
underspecified,11,dev_0241,yes,"NO. ""All I Want for Christmas Is You"" was written by Bobber",no,no,Incorrect,1.8704
underspecified,11,dev_0326,yes,"NO

The Wizarding World of Harry Potter is located at Universal Studios Florida,",no,no,Incorrect,1.8753
underspecified,11,dev_0525,yes,NO. Queen did not have a number one hit in the United States. While,no,no,Incorrect,1.881
underspecified,11,dev_0577,yes,"NO

Phil Collins and Peter Gabriel were both members of Genesis, but they did",no,no,Incorrect,1.9696
underspecified,11,dev_0799,yes,"NO

On Jeopardy!, contestants do not receive the cash amount they win",no,no,Incorrect,1.9614
underspecified,11,dev_0142,no,"NO

Denatured alcohol and acetone are not the same thing. Den",no,no,Correct,1.958
underspecified,11,dev_0494,no,"NO. Fitness in biology refers to an organism's ability to survive and reproduce,",no,no,Correct,1.9925
underspecified,11,dev_0527,no,"NO

HeLa cells are derived from a cervical cancer tumor and have a characteristic",no,no,Correct,1.8895
underspecified,11,dev_0566,no,NO. All bacteria of a single species do not have to be exactly the same,no,no,Correct,1.996
underspecified,11,dev_0648,no,NO. Evergreen trees do not lose their leaves in the winter. They maintain,no,no,Correct,1.8881
underspecified,11,dev_0668,no,NO. Red-eared sliders are freshwater turtles and are not adapted to live in,no,no,Correct,1.9974
underspecified,11,dev_0749,no,"NO

Sensory neurons are part of the peripheral nervous system, not the",no,no,Correct,1.9828
underspecified,11,dev_0790,no,"NO

Great white sharks typically inhabit coastal surface waters and do not live at the",no,no,Correct,1.9770999999999999
underspecified,11,dev_0867,no,NO. The same genotype does not always result in the same phenotype due to various,no,no,Correct,1.8937
underspecified,11,dev_0921,no,"NO. Whale sharks are generally docile and filter feeders, meaning they eat",no,no,Correct,1.9752
underspecified,11,dev_1088,no,"NO

Rabbits and cats are different species and cannot produce fertile offspring together",no,no,Correct,3.8979
underspecified,11,dev_1329,no,"NO

There are no bones in the earlobe. The earlobe is composed",no,no,Correct,1.9845
underspecified,11,dev_1402,no,NO. Tissue is composed of multiple types of cells that work together to perform,no,no,Correct,1.986
underspecified,11,dev_1428,no,NO,no,no,Correct,1.9835999999999998
underspecified,11,dev_1439,no,NO. A groundhog and a mole are different animals. Groundhogs are,no,no,Correct,2.0354
underspecified,11,dev_0020,yes,"NO

Magnesium citrate is a salt composed of magnesium ions (Mg",no,no,Incorrect,1.9604000000000001
underspecified,11,dev_0027,yes,"NO. Penguins have feathers, just like other birds, but these feathers do not",no,no,Incorrect,1.9581
underspecified,11,dev_0047,yes,NO. The turkey vulture (Cathartes aura) is a real,no,no,Incorrect,1.9605
underspecified,11,dev_0070,yes,NO. T. rex and Tyrannosaurus rex refer to the same dinosaur,no,no,Incorrect,1.9622
underspecified,11,dev_0086,yes,"NO

While ""German Shepherd"" and ""Alsatian"" refer to the",no,no,Incorrect,1.9706
underspecified,11,dev_0121,yes,"NO

St. Bernards and Bernese Mountain Dogs are both breeds of working",no,no,Incorrect,1.963
underspecified,11,dev_0131,yes,"NO

The latent heat of vaporization generally remains relatively constant over a narrow range",no,no,Incorrect,3.2783
underspecified,11,dev_0147,yes,"NO

The navel and the belly button refer to the same anatomical feature",no,no,Incorrect,1.9556
underspecified,11,dev_0159,yes,YES,yes,yes,Correct,1.9562
underspecified,11,dev_0190,yes,"YES

Bees die after losing their stinger because the stinger is attached",yes,yes,Correct,1.9579000000000002
underspecified,11,dev_0195,yes,NO. Alligators do not drown their prey and store it to eat later.,no,no,Incorrect,1.8782
underspecified,11,dev_0200,yes,"YES. Competitive inhibitors bind to the active site of an enzyme, competing with the",yes,yes,Correct,1.9692
underspecified,11,dev_0214,yes,"NO

Animal cells do have a cell membrane, also known as the plasma membrane",no,no,Incorrect,1.8840999999999999
underspecified,11,dev_0242,yes,"YES

Both male and female bighorn sheep have horns, although the horns",yes,yes,Correct,1.9538
underspecified,11,dev_0522,yes,"NO

Hornets can sting multiple times, but their stingers are not",no,no,Incorrect,1.9546
underspecified,11,dev_0033,no,"NO

Federal income tax and Social Security are separate but related components of the U",no,no,Correct,1.9570999999999998
underspecified,11,dev_0123,no,"NO. Public limited companies (PLCs) are typically in the public sector,",no,no,Correct,1.8767
underspecified,11,dev_0501,no,NO. Comcast and Time Warner are not the same company. They are separate media,no,no,Correct,1.4507999999999999
underspecified,11,dev_0526,no,NO. Canadian dollars and American dollars are not the same. They have different values,no,no,Correct,1.4507
underspecified,11,dev_1076,no,"NO. Only commercial banks are not subject to runs; in fact, any financial",no,no,Correct,1.4484000000000001
underspecified,11,dev_1213,no,"NO

Discretionary income and disposable income are related but not the same.",no,no,Correct,1.9476
underspecified,11,dev_1654,no,NO. Discouraged workers are not counted in the official unemployment rate. The,no,no,Correct,1.9359000000000002
underspecified,11,dev_1753,no,NO. Universal Music Group and Universal Studios are separate entities within the larger NBCUniversal,no,no,Correct,2.0357
underspecified,11,dev_1825,no,"NO. Each bank has its own unique sort codes, which are used to identify",no,no,Correct,1.955
underspecified,11,dev_2911,no,"NO. The United States uses a floating exchange rate system, where the value of",no,no,Correct,2.0296
underspecified,11,dev_2740,no,NO. The Better Business Bureau (BBB) is a non-governmental organization,no,no,Correct,1.9561
underspecified,11,dev_2517,no,NO. The Bank of England is not a private company. It is the central,no,no,Correct,2.0288
underspecified,11,dev_1139,yes,NO. New Mexico does not have a state income tax.,no,no,Incorrect,1.9445
underspecified,11,dev_0002,yes,NO. House tax and property tax are not the same. Property tax is generally,no,no,Incorrect,2.0382000000000002
underspecified,11,dev_0773,yes,"YES

A company can be public but not listed on a stock exchange. This",yes,yes,Correct,1.9519000000000002
underspecified,11,dev_1186,yes,"YES

A universal life policy does have cash value. The cash value accumulates",yes,yes,Correct,1.9622
underspecified,11,dev_1302,yes,"YES

Dodge and Jeep vehicles are both manufactured by Stellantis, which",yes,yes,Correct,1.9436
underspecified,11,dev_1349,yes,YES.,yes,yes,Correct,1.9498
underspecified,11,dev_1771,yes,NO,no,no,Incorrect,1.9554
underspecified,11,dev_1804,yes,YES,yes,yes,Correct,2.037
underspecified,11,dev_1873,yes,"NO. Stop & Shop is owned by Ahold Delhaize, while Giant",no,no,Incorrect,2.0511
underspecified,11,dev_1963,yes,"NO

New Hampshire does not have a statewide sales tax, but local municipalities can",no,no,Incorrect,2.0241
underspecified,11,dev_2582,yes,"NO

A profit and loss statement is the same as an income statement. Both",no,no,Incorrect,2.0357
underspecified,11,dev_2598,yes,"NO

Hellmann's and Best Foods were separate brands owned by different companies until",no,no,Incorrect,1.9467999999999999
underspecified,11,dev_3158,yes,"NO

While there is often a relationship between economic development and social development, they",no,no,Incorrect,3.3787
underspecified,11,dev_0551,no,"NO. An ounce (oz) is a unit of weight, while a fluid",no,no,Correct,2.045
underspecified,11,dev_1158,no,"NO. While crossovers are often classified as SUVs, they are not",no,no,Correct,2.0327
underspecified,11,dev_1364,no,"NO. A jet engine is an internal combustion engine, where the combustion of fuel",no,no,Correct,2.0209
underspecified,11,dev_1807,no,NO. The dimensions of 8.5×11 inches (US Letter,no,no,Correct,1.943
underspecified,11,dev_2542,no,NO. Father's Day is not the first Sunday in September. It is celebrated,no,no,Correct,2.0316
underspecified,11,dev_2562,no,"NO

A ribeye steak and a Delmonico steak are similar but not",no,no,Correct,2.0382000000000002
underspecified,11,dev_3005,no,NO. An English Bull Terrier is not a Pit Bull. The English Bull,no,no,Correct,2.0316
underspecified,11,dev_3194,no,NO. Corn chips and tortilla chips are similar in that they are both popular,no,no,Correct,2.0355
underspecified,11,dev_3195,no,NO. A boarding pass is different from a ticket. A ticket is the document,no,no,Correct,2.0465999999999998
underspecified,11,dev_0013,yes,"NO

Washing your hair with shower gel is generally not ideal, as it",no,no,Incorrect,2.0345
underspecified,11,dev_0043,yes,"NO

There are no single interstate highways that go coast-to-coast. However",no,no,Incorrect,2.0575
underspecified,11,dev_0052,yes,YES,yes,yes,Correct,1.9523
underspecified,11,dev_0091,yes,NO. A tablespoon is generally smaller than a dessert spoon. The size can vary,no,no,Incorrect,1.9416
underspecified,11,dev_0116,yes,YES,yes,yes,Correct,1.9489
underspecified,11,dev_0288,yes,"NO

The UK primarily uses the 12-hour clock system, although the",no,no,Incorrect,2.0471
underspecified,11,dev_0555,yes,"NO. ZIP code is specific to the United States postal system, while postal code",no,no,Incorrect,2.0341
underspecified,11,dev_0627,yes,"NO. The title ""Sir"" is specifically used for male members of the British",no,no,Incorrect,2.0335
underspecified,11,dev_0831,yes,NO. A U.S. passport card is not a valid form of ID for,no,no,Incorrect,1.969
underspecified,11,dev_0721,no,"NO. ""Night of the Living Dead"" is a fictional horror film and not",no,no,Correct,1.9662
underspecified,11,dev_0863,no,"NO. ""The Closer"" and ""Major Crimes"" are separate television series",no,no,Correct,2.0627
underspecified,11,dev_1357,no,"NO

The View and The Talk are two different television talk shows. The View",no,no,Correct,2.0604
underspecified,11,dev_1951,no,"YES

""The Bridge on the River Kwai"" is based on the novel of",yes,yes,Incorrect,1.9645
underspecified,11,dev_2131,no,"NO

Nacho Varga appears in *Better Call Saul*, but he is",no,no,Correct,1.9666
underspecified,11,dev_2174,no,NO. Fear the Walking Dead and The Walking Dead are separate but related television series,no,no,Correct,2.0544000000000002
underspecified,11,dev_2252,no,NO. You do not have to be from America to be on America's Got,no,no,Correct,2.062
underspecified,11,dev_2309,no,NO. Maleficent and the Evil Queen are different characters from different fairy tales,no,no,Correct,2.0565
underspecified,11,dev_2364,no,NO. The Outsiders is a fictional coming-of-age novel by S.E.,no,no,Correct,2.0473
underspecified,11,dev_3075,no,NO. Pulp Fiction is a fictional story and is not based on a true,no,no,Correct,1.9713
underspecified,11,dev_3205,no,"NO. The movie ""Lady Bird"" is not about Lady Bird Johnson. It",no,no,Correct,1.9619000000000002
underspecified,11,dev_0015,yes,"YES. ""Fantastic Beasts and Where to Find Them"" is a prequel",yes,yes,Correct,2.0841
underspecified,11,dev_0153,yes,"YES

There have been multiple adaptations of ""The Handmaid's Tale,"" including",yes,yes,Correct,2.0314
underspecified,11,dev_0161,yes,"NO

The Night of the Hunter is not typically classified as a film noir,",no,no,Incorrect,2.047
underspecified,11,dev_0306,yes,NO. Grey's Anatomy is a fictional television series and is not filmed at a,no,no,Incorrect,1.9407999999999999
underspecified,11,dev_0334,yes,"YES

""Wrath of the Titans"" is indeed a sequel to ""Cl",yes,yes,Correct,2.0545999999999998
underspecified,11,dev_0338,yes,"YES

Fear the Walking Dead and The Walking Dead are related as they are both",yes,yes,Correct,2.0345999999999997
underspecified,11,dev_0493,yes,"NO. ""Love Child"" is a television drama series that is not based on",no,no,Incorrect,3.3826
underspecified,11,dev_0520,yes,"YES

In the Marvel Cinematic Universe (MCU), ""The Winter Soldier",yes,yes,Correct,2.0472
underspecified,11,dev_0212,no,NO,no,no,Correct,2.0476
underspecified,11,dev_0309,no,NO. Ground coriander and cumin are not the same thing. They,no,no,Correct,2.0335
underspecified,11,dev_0484,no,NO. Saltwater taffy does not actually contain salt water. The name,no,no,Correct,2.0416
underspecified,11,dev_0654,no,NO. Beef short ribs and spare ribs come from different parts of the animal and,no,no,Correct,2.0311
underspecified,11,dev_0973,no,NO. Salt water taffy is not made with actual ocean water. The,no,no,Correct,1.9527999999999999
underspecified,11,dev_1335,no,NO. A cocoa bean comes from the cacao tree (Theobroma c,no,no,Correct,1.9634
underspecified,11,dev_1443,no,"NO

A lungo is a longer and more dilute version of an espresso",no,no,Correct,1.9515
underspecified,11,dev_0284,yes,"NO

Enameled cast iron cookware is designed to be non-reactive",no,no,Incorrect,1.9473
underspecified,11,dev_0330,yes,"YES

The white cover on brie cheese, also known as blooming mold",yes,yes,Correct,2.0384
underspecified,11,dev_0443,yes,"NO. Powdered sugar, also known as confectioners' sugar, is",no,no,Incorrect,1.9564000000000001
underspecified,11,dev_0975,yes,NO. Wholemeal flour and whole wheat flour are similar but not exactly the same,no,no,Incorrect,2.0335
underspecified,11,dev_1741,yes,"NO

Garbanzo beans and chickpeas are the same thing. They",no,no,Incorrect,2.0299
underspecified,11,dev_1770,yes,"YES. Pure vanilla extract typically contains alcohol as one of its primary components, along",yes,yes,Correct,2.0396
underspecified,11,dev_1860,no,NO. Pinot Noir and Pinot Gris are not the same grape variety,no,no,Correct,2.0377
underspecified,11,dev_1967,yes,"NO

A caffe latte is similar to a latte but typically contains more",no,no,Incorrect,1.9577
underspecified,11,dev_0236,no,NO. Straights do not have to be the same suit in poker. A,no,no,Correct,2.0342000000000002
underspecified,11,dev_0741,no,NO. While some games of solitaire can be won depending on the initial layout,no,no,Correct,2.0362
underspecified,11,dev_1440,no,"YES

The Xbox One can play Xbox 360 discs through backward compatibility",yes,yes,Incorrect,2.0413
underspecified,11,dev_2062,no,NO,no,no,Correct,2.0468
underspecified,11,dev_2109,no,"NO. Call of Duty: World at War is based on World War II,",no,no,Correct,2.0362999999999998
underspecified,11,dev_2137,no,"NO. To win a game of chess, you need to checkmate your opponent",no,no,Correct,2.0403
underspecified,11,dev_0478,yes,"NO

Call of Duty: Modern Warfare 2 does have a multiplayer mode,",no,no,Incorrect,2.0391
underspecified,11,dev_0545,yes,NO. Just Cause 3 does not have a traditional storyline in the same way,no,no,Incorrect,2.0253
underspecified,11,dev_1125,yes,"NO

Need for Speed primarily focuses on racing gameplay rather than a traditional story mode",no,no,Incorrect,2.0514
underspecified,11,dev_1137,yes,"I don't know. Pokémon Crystal is a Game Boy Advance game, while Pokémon",i,idk,IDK,1.8636
underspecified,11,dev_1162,yes,NO,no,no,Incorrect,2.0332
underspecified,11,dev_1177,yes,"YES

Company of Heroes 2 does have a campaign mode that allows players to",yes,yes,Correct,2.0285
underspecified,11,dev_1444,yes,"NO

Original Xbox games do not natively work on Xbox One without additional hardware",no,no,Incorrect,2.019
underspecified,11,dev_0313,no,NO. St. Kitts and Nevis is an independent country and member of,no,no,Correct,2.0486
underspecified,11,dev_0823,no,NO. The Ogallala Aquifer is one of the largest aquifers in,no,no,Correct,2.0481
underspecified,11,dev_0839,no,NO. West Virginia and Virginia are two separate states. West Virginia became a state,no,no,Correct,2.0570999999999997
underspecified,11,dev_1222,no,NO. The Isle of Man is not a part of Great Britain. It is,no,no,Correct,2.0415
underspecified,11,dev_1254,no,NO. Sudan and South Sudan are two separate countries. They were part of the,no,no,Correct,2.0271
underspecified,11,dev_1269,no,"NO. The Mississippi River flows into the Gulf of Mexico, not the Pacific Ocean",no,no,Correct,1.9430999999999998
underspecified,11,dev_1334,no,NO. Patagonia is not a country; it is a region located in,no,no,Correct,2.0394
underspecified,11,dev_0184,yes,"NO

Lake Michigan is one of the five Great Lakes in North America, and",no,no,Incorrect,2.0449
underspecified,11,dev_0322,yes,"NO

City of Industry is located in eastern Los Angeles County, but it is",no,no,Incorrect,2.0472
underspecified,11,dev_0557,yes,NO. The water in the Amazon River is saltwater in the estuaries,no,no,Incorrect,2.032
underspecified,11,dev_0573,yes,"YES

You can access the Black Sea from the Mediterranean through the Strait of Gibraltar",yes,yes,Correct,3.3749000000000002
underspecified,11,dev_1179,yes,"NO. Phoenix is in the Mountain Time Zone (MT), while Denver is also",no,no,Incorrect,1.3876
underspecified,11,dev_0619,yes,"NO

Texas is not bigger than Germany. Germany has an area of approximately",no,no,Incorrect,1.4547
underspecified,11,dev_0650,yes,"NO. New York City consists of five boroughs: Manhattan, Brooklyn, Queens",no,no,Incorrect,1.4481
underspecified,11,dev_0734,yes,"YES

You can navigate from Lake Erie to Lake Ontario via the Welland Canal",yes,yes,Correct,1.999
underspecified,11,dev_0061,no,NO. An EMT-Basic is not typically authorized to start intravenous (,no,no,Correct,1.991
underspecified,11,dev_0124,no,NO. Health care is not free in the United States. The U.S.,no,no,Correct,1.9798
underspecified,11,dev_0914,no,NO. Stroke volume and ejection fraction are related but distinct cardiac measures. Stroke,no,no,Correct,1.995
underspecified,11,dev_0955,no,NO. Mycosis fungoides is not caused by a fungal infection;,no,no,Correct,1.9883
underspecified,11,dev_1610,no,NO. Soft-tissue damage is a broader term that includes various injuries to tissues,no,no,Correct,1.9932
underspecified,11,dev_1790,no,"NO. The lining of the uterus, known as the endometrium, does",no,no,Correct,1.9983
underspecified,11,dev_2096,no,NO. An X-ray and an MRI are different medical imaging modalities that use,no,no,Correct,2.0087
underspecified,11,dev_2277,no,NO. High dependency units (HDUs) and intensive care units (ICUs,no,no,Correct,1.9997
underspecified,11,dev_2499,no,NO. A Doctor of Physical Therapy (DPT) is not an MD (,no,no,Correct,2.0192
underspecified,11,dev_1959,yes,"YES

Normal body temperature can vary throughout the day, typically being slightly lower in",yes,yes,Correct,1.9141
underspecified,11,dev_1992,yes,"NO. Rabies is primarily transmitted through the saliva of infected animals, usually through",no,no,Incorrect,2.0074
underspecified,11,dev_2047,yes,"NO

Organs in the digestive system, such as the liver, pancreas",no,no,Incorrect,2.0067
underspecified,11,dev_1656,yes,"NO

While the expression ""broken heart"" is commonly used metaphorically to describe",no,no,Incorrect,2.0049
underspecified,11,dev_1663,yes,"NO. Turf toe is typically associated with injury to the big toe, usually",no,no,Incorrect,2.0124
underspecified,11,dev_1752,yes,"NO

Triamcinolone cream is a corticosteroid used to",no,no,Incorrect,2.0095
underspecified,11,dev_2049,yes,YES,yes,yes,Correct,2.0054000000000003
underspecified,11,dev_2050,yes,"YES

Drug tolerance can indeed be caused by receptor upregulation and downreg",yes,yes,Correct,2.016
underspecified,11,dev_1442,yes,"NO

A lipid profile and a lipid panel refer to the same thing. Both",no,no,Incorrect,1.9989000000000001
underspecified,11,dev_0301,no,"NO

The Berlin Wall and the Berlin Blockade are two different events related to",no,no,Correct,2.0721
underspecified,11,dev_0480,no,NO. The Articles of Confederation were replaced by the U.S. Constitution in,no,no,Correct,3.3403
underspecified,11,dev_1290,no,"NO

Nova Scotia was not part of the 13 original colonies that formed",no,no,Correct,1.9917
underspecified,11,dev_1819,no,NO. The Czech Republic and Czechoslovakia are not the same country.,no,no,Correct,1.9908
underspecified,11,dev_2206,no,NO. The Emancipation Proclamation applied only to the states that were in,no,no,Correct,1.9883
underspecified,11,dev_0376,yes,NO. William the Conqueror's claim to the English throne was not considered,no,no,Incorrect,1.9982
underspecified,11,dev_0346,yes,"YES

Helicopters were not widely used during the Second World War, but",yes,yes,Correct,3.3287
underspecified,11,dev_0363,yes,"YES

A 1971 silver dollar, specifically the Silver Certificates",yes,yes,Correct,2.0025
underspecified,11,dev_0535,yes,NO. Houston has never been the capital of Texas. The capital of Texas is,no,no,Incorrect,1.9995999999999998
underspecified,11,dev_0629,yes,"YES

The 13th Amendment to the United States Constitution abolished slavery and",yes,yes,Correct,1.9777
underspecified,11,dev_0179,no,NO. U.S. courts of appeals do not have original jurisdiction. They have,no,no,Correct,2.0027
underspecified,11,dev_0402,no,"NO. In the United Kingdom, polygamous marriages are not recognized under current",no,no,Correct,3.3353
underspecified,11,dev_0513,no,"NO

In many jurisdictions, a purchase price alone is not sufficient to prove part",no,no,Correct,1.8912
underspecified,11,dev_0606,no,"NO

Escaping from prison is illegal in Germany, just as it is in",no,no,Correct,2.0129
underspecified,11,dev_0630,no,"NO. An ""under honorable conditions"" discharge indicates that a service member was discharged",no,no,Correct,1.9998
underspecified,11,dev_0795,no,"NO

Driving laws vary from state to state in many countries, including the United",no,no,Correct,1.9946
underspecified,11,dev_1457,no,NO. The Civil Rights Act is not part of the U.S. Constitution.,no,no,Correct,1.9943
underspecified,11,dev_1776,no,NO. An Employment Authorization Document (EAD) allows a person to work in,no,no,Correct,1.9932
underspecified,11,dev_1862,no,"NO

The FCC's equal-time rule primarily applies to radio and television stations,",no,no,Correct,1.9082999999999999
underspecified,11,dev_1911,no,"NO

There is no mandatory retirement age for U.S. Supreme Court justices.",no,no,Correct,1.992
underspecified,11,dev_2755,no,"NO. In most jurisdictions, you must pass the bar exam to become an attorney",no,no,Correct,1.9915
underspecified,11,dev_2756,no,"NO. The Bill of Rights, consisting of the first ten amendments to the United",no,no,Correct,1.9904000000000002
underspecified,11,dev_2921,no,"NO

Property tax and council tax are different types of taxes. Property tax is",no,no,Correct,1.9886
underspecified,11,dev_2972,no,"NO

Commercial law and corporate law are related but distinct areas of law. Commercial",no,no,Correct,1.9033
underspecified,11,dev_0009,yes,"NO

In most cases, you can drive in Canada with a valid U.S",no,no,Incorrect,1.9016
underspecified,11,dev_0038,yes,"NO

Recording a cover of a song typically requires obtaining a mechanical license and sometimes",no,no,Incorrect,1.9928
underspecified,11,dev_0129,yes,"NO

In Florida, you cannot sell a gun privately without a Federal Firearms License",no,no,Incorrect,1.9923
underspecified,11,dev_0202,yes,"NO

Breaking and entering into a car is generally considered a misdemeanor rather than a",no,no,Incorrect,1.997
underspecified,11,dev_0308,yes,"NO

In many countries, it is generally illegal for minors to possess alcohol,",no,no,Incorrect,1.9865
underspecified,11,dev_0584,yes,YES. The First Amendment is part of the Bill of Rights in the United States,yes,yes,Correct,1.988
underspecified,11,dev_0644,yes,"NO. In many places, pulling over for an ambulance is a courtesy rather than",no,no,Incorrect,1.9970999999999999
underspecified,11,dev_0653,yes,YES. The Family Medical Leave Act (FMLA) is a federal law in,yes,yes,Correct,1.981
underspecified,11,dev_0671,yes,"NO

As of now, Kansas does not have the death penalty. The state",no,no,Incorrect,1.9927000000000001
underspecified,11,dev_0757,yes,"YES

Stealing a street sign can be considered vandalism or theft, which are",yes,yes,Correct,1.9874
underspecified,11,dev_1059,yes,"NO

The Supreme Court can review and potentially invalidate an executive order if it determines",no,no,Incorrect,1.9923
underspecified,11,dev_1067,yes,"YES

The Preamble is indeed a part of the Indian Constitution. It is",yes,yes,Correct,1.9866
underspecified,11,dev_1097,yes,"NO

In Canada, you do not have an explicit ""right to remain silent",no,no,Incorrect,1.9124
underspecified,11,dev_1131,yes,NO. Illinois does not have a stand your ground law. The state follows a,no,no,Incorrect,1.9814
underspecified,11,dev_1324,yes,NO. A flask is generally considered a personal container and is not typically classified as,no,no,Incorrect,1.9105999999999999
underspecified,11,dev_0305,no,"NO

Language is not the only criterion for classifying states in India. While",no,no,Correct,3.3579
underspecified,11,dev_0465,no,NO. The National Guard is not part of the Coast Guard. The National Guard,no,no,Correct,2.0018
underspecified,11,dev_0508,no,"NO

According to the United States Constitution, specifically the 22nd Amendment",no,no,Correct,1.9914
underspecified,11,dev_0518,no,NO. The Justice Department is part of the executive branch. It is responsible for,no,no,Correct,1.9974
underspecified,11,dev_0572,no,NO. A legislator is a broader term that can refer to members of various,no,no,Correct,1.9915999999999998
underspecified,11,dev_0898,no,"NO

In Canada, only Canadian citizens are eligible to vote in federal elections and",no,no,Correct,3.3371
underspecified,11,dev_1154,no,"NO

The number of justices on the Supreme Court has changed over time. The",no,no,Correct,1.9952999999999999
underspecified,11,dev_1221,no,"NO

Filibusters are primarily associated with the Senate, where they can be",no,no,Correct,1.9777
underspecified,11,dev_1244,no,NO. Canada and Australia are independent countries and were never part of the United Kingdom,no,no,Correct,1.9878
underspecified,11,dev_1245,no,NO. Turkey is not a member of the European Economic Area (EEA).,no,no,Correct,1.9955999999999998
underspecified,11,dev_1273,no,NO,no,no,Correct,3.3491
underspecified,11,dev_0647,yes,NO. Not every nation-state has a national government. Some territories may lack a,no,no,Incorrect,1.9983
underspecified,11,dev_0254,yes,YES. The Vice President of the United States serves as the President of the Senate,yes,yes,Correct,2.0073
underspecified,11,dev_0486,yes,YES. The United States Postal Service (USPS) is an independent agency within,yes,yes,Correct,1.9964000000000002
underspecified,11,dev_0736,yes,"NO. The World Bank is not directly affiliated with the United Nations, although both",no,no,Incorrect,1.9915
underspecified,11,dev_0814,yes,NO. The Air Force typically focuses on aerial operations and does not have ground combat,no,no,Incorrect,3.3399
underspecified,11,dev_1477,yes,YES,yes,yes,Correct,1.8996
underspecified,11,dev_1721,yes,NO. The United States does not have any sovereign military bases in the United Kingdom,no,no,Incorrect,1.99
underspecified,11,dev_1786,yes,"YES

New York City still has rent control and rent stabilization laws in place for",yes,yes,Correct,1.9926
underspecified,11,dev_1970,yes,YES,yes,yes,Correct,1.994
underspecified,11,dev_1985,yes,"YES

The United States Supreme Court has recognized a constitutional right to privacy, although",yes,yes,Correct,3.3455
underspecified,11,dev_2448,no,"NO

Puerto Rico does not have the right to vote in U.S.",no,no,Correct,2.0115
underspecified,11,dev_0066,yes,"NO

Not all triangles have at least two acute angles. In fact, all",no,no,Incorrect,1.9189
underspecified,11,dev_0088,yes,"NO

According to Einstein's famous equation \( E = mc^2 \),",no,no,Incorrect,2.0112
underspecified,11,dev_0196,yes,"NO

While T. rex skulls have indeed been found, I can confirm that",no,no,Incorrect,2.0053
underspecified,11,dev_0262,yes,YES,yes,yes,Correct,2.0095
underspecified,11,dev_0271,yes,"NO

An outcome variable and a dependent variable are similar but not exactly the same",no,no,Incorrect,1.922
underspecified,11,dev_0329,yes,"NO

The Sun orbits around the center of the Milky Way galaxy. It completes",no,no,Incorrect,2.0068
underspecified,11,dev_0331,yes,YES. A wheel and axle is considered one of the six classical simple machines.,yes,yes,Correct,1.9179000000000002
underspecified,11,dev_0387,yes,"NO

Density does not depend on the type of material; it depends on the",no,no,Incorrect,1.9977
underspecified,11,dev_0418,yes,"YES

It is possible to have thunder and lightning while it is snowing.",yes,yes,Correct,2.0119000000000002
underspecified,11,dev_0616,yes,"NO

Bicarbonate of soda and baking soda are the same thing. Both",no,no,Incorrect,2.0128
underspecified,11,dev_0638,yes,YES. All rhombuses have two pairs of parallel sides.,yes,yes,Correct,1.9195
underspecified,11,dev_0657,yes,NO. Yield stress and yield strength are related but distinct concepts in materials science.,no,no,Incorrect,1.9786
underspecified,11,dev_0692,yes,"NO

Hydrometers are typically used to measure the specific gravity or density",no,no,Incorrect,1.9935
underspecified,11,dev_0744,yes,"NO

A polynomial cannot have a square root of a variable in the same expression",no,no,Incorrect,1.9827000000000001
underspecified,11,dev_0797,yes,YES. Average velocity has both magnitude and direction associated with it. It is a,yes,yes,Correct,1.9061
underspecified,11,dev_0842,yes,"YES

Diffraction is a well-known effect in sound waves, where they bend",yes,yes,Correct,3.2456
underspecified,11,dev_1379,yes,"NO. Talc is a mineral, while talcum powder is a product made",no,no,Incorrect,1.9986
underspecified,11,dev_0126,no,"NO. According to our current understanding of physics, particularly Einstein's theory of rel",no,no,Correct,1.9958
underspecified,11,dev_0342,no,NO. The speed of sound varies depending on the material through which it travels.,no,no,Correct,1.9056
underspecified,11,dev_0437,no,"NO. The lunar phases are not synchronized with the seasons, so a full moon",no,no,Correct,2.0047
underspecified,11,dev_0553,no,"NO. In a parallelogram, opposite angles are equal, but adjacent angles",no,no,Correct,3.2851
underspecified,11,dev_0652,no,NO. The square root of 3 is not a rational number. It is,no,no,Correct,1.9874
underspecified,11,dev_0708,no,NO. Negative numbers cannot be perfect squares because perfect squares are obtained by multiplying a,no,no,Correct,1.9942
underspecified,11,dev_1083,no,NO. Carbon-14 dating is not suitable for live animals since it is,no,no,Correct,1.9919
underspecified,11,dev_1142,no,"NO

Quantum entanglement does not allow for the transfer of information faster",no,no,Correct,1.9815
underspecified,11,dev_1354,no,"NO. The depth of the water table varies depending on factors such as precipitation,",no,no,Correct,3.3341
underspecified,11,dev_1460,no,"NO

A single-subject research design is most appropriate for studies involving small sample",no,no,Correct,1.9939
underspecified,11,dev_1468,no,NO. Sodium lactate and lactic acid are related compounds but are not the,no,no,Correct,1.9799
underspecified,11,dev_1559,no,"NO. 

The function \(\log x\) typically refers to the logarithm",no,no,Correct,1.9214
underspecified,11,dev_1595,no,NO. Reverse osmosis water and deionized water are similar in that,no,no,Correct,1.9924000000000002
underspecified,11,dev_1643,no,"NO

Static pressure and atmospheric pressure are related but distinct concepts. Static pressure is",no,no,Correct,3.341
underspecified,11,dev_1692,no,"NO. Atmospheric pressure varies depending on location, altitude, weather conditions, and other",no,no,Correct,1.9979
underspecified,11,dev_1726,no,NO. The vagus nerve is part of the peripheral nervous system (PNS,no,no,Correct,1.9966
underspecified,11,dev_0008,yes,"NO. In standard English orthography, the letter ""Q"" always appears with",no,no,Incorrect,1.9954
underspecified,11,dev_0323,yes,"NO

The Song of Solomon is also known as the Song of Songs, but",no,no,Incorrect,1.898
underspecified,11,dev_0794,yes,"YES

Erving Goffman is associated with the dramaturgical model",yes,yes,Correct,2.0032
underspecified,11,dev_0866,yes,"YES

For example, the word ""cinq"" (French for ""five",yes,yes,Correct,1.985
underspecified,11,dev_0910,yes,YES. The Dewey Decimal System is still in use in many libraries around the,yes,yes,Correct,1.899
underspecified,11,dev_0992,yes,"NO

In most educational systems, students in elementary school are not typically held back",no,no,Incorrect,1.9988
underspecified,11,dev_1446,yes,"NO. The Church of England is the national church of England, while the Anglic",no,no,Incorrect,2.0057
underspecified,11,dev_0294,no,NO. Australian Sign Language (Auslan) and American Sign Language (ASL,no,no,Correct,1.4478
underspecified,11,dev_0521,no,"NO

The word ""kangaroo"" does not mean ""I don't",no,no,Correct,1.3891
underspecified,11,dev_0943,no,"NO. The Book of Deuteronomy is in the Old Testament, not the",no,no,Correct,1.4504000000000001
underspecified,11,dev_1887,no,"NO

The Persian and Arabic alphabets are similar but not the same.",no,no,Correct,1.4495
underspecified,11,dev_2892,no,NO. Scottish Gaelic and Irish Gaelic are related but distinct languages within the,no,no,Correct,1.4537
underspecified,11,dev_2691,no,"NO. King's College London is an independent university, not part of Cambridge University",no,no,Correct,1.4523
underspecified,11,dev_0065,yes,"YES

Several players from the 1980 U.S. Olympic hockey",yes,yes,Correct,1.3877000000000002
underspecified,11,dev_0245,yes,"NO. In American football, a player can only pass the ball once before it",no,no,Incorrect,1.4495
underspecified,11,dev_0315,yes,"YES. Soccer can be played on a football field, though the field dimensions may",yes,yes,Correct,1.3887
underspecified,11,dev_0361,yes,"NO

Chewing tobacco is not banned in Major League Baseball, but its use",no,no,Incorrect,1.39
underspecified,11,dev_0550,yes,"NO. In professional baseball, if a game is tied at the end of the",no,no,Incorrect,1.4536
underspecified,11,dev_0595,yes,"NO

The Ivy League does not have a basketball tournament. The conference does not",no,no,Incorrect,1.4503
underspecified,11,dev_0966,yes,NO. The round of 16 in the World Cup is part of a,no,no,Incorrect,1.4487
underspecified,11,dev_1078,yes,"NO

All 32 current National Hockey League (NHL) teams have",no,no,Incorrect,1.4490999999999998
underspecified,11,dev_1224,yes,NO. A rugby field is generally longer than a football (soccer) field,no,no,Incorrect,1.4513
underspecified,11,dev_1251,yes,"NO. Croatia has not won the FIFA World Cup, but they have performed well",no,no,Incorrect,1.4556
underspecified,11,dev_1260,yes,"NO

While the Nike Air Force 1s are a popular shoe, they",no,no,Incorrect,1.4524000000000001
underspecified,11,dev_1278,yes,"NO

Cal Ripken Jr. was inducted into the Baseball Hall of Fame",no,no,Incorrect,1.4562
underspecified,11,dev_1462,yes,"NO

While the FIFA World Cup does have a variety of ceremonies and events,",no,no,Incorrect,1.4543
underspecified,11,dev_1494,yes,NO. You cannot be offside during a corner kick. According to the Laws,no,no,Incorrect,1.4484000000000001
underspecified,11,dev_1543,yes,NO. No NHL team has ever come back from a 3-0 deficit,no,no,Incorrect,1.4524000000000001
underspecified,11,dev_2012,yes,"YES

Dwight Howard played for the Houston Rockets from 201",yes,yes,Correct,1.4547999999999999
underspecified,11,dev_2118,yes,YES. Twisting an opponent's wrist can be an effective self-defense technique to,yes,yes,Correct,1.452
underspecified,11,dev_2272,yes,"NO. AstroTurf is a brand name for artificial grass, but not all",no,no,Incorrect,1.4535
underspecified,11,dev_2338,yes,"NO

A player cannot play in both the Europa League and the Champions League in",no,no,Incorrect,1.4558
underspecified,11,dev_2498,yes,"NO. While it is extremely rare, there has never been a recorded instance of",no,no,Incorrect,1.3873
underspecified,11,dev_2509,yes,NO. No NBA team has ever come back from a 3-1 deficit,no,no,Incorrect,1.4549
underspecified,11,dev_2917,yes,NO. The Tampa Bay Lightning have not won a Stanley Cup. They have made,no,no,Incorrect,1.3859000000000001
underspecified,11,dev_2966,yes,NO. Players typically need to be at least 19 years old and have,no,no,Incorrect,1.4482000000000002
underspecified,11,dev_2974,yes,"NO

While running for 24 hours is extremely challenging and not feasible for",no,no,Incorrect,1.4503
underspecified,11,dev_3007,yes,"YES

The Tour de France changes each year in terms of route, stages,",yes,yes,Correct,1.4527
underspecified,11,dev_3199,yes,NO. The PGA Championship is one of the four major championships in men's professional,no,no,Incorrect,1.4490999999999998
underspecified,11,dev_0222,no,NO. NCAA basketballs are slightly larger and heavier than NBA basketballs.,no,no,Correct,1.4467999999999999
underspecified,11,dev_0398,no,"NO. In soccer, you cannot score directly from a throw-in. A goal",no,no,Correct,1.4527
underspecified,11,dev_0426,no,"NO. In soccer, the goalkeeper can only handle the ball within their penalty area",no,no,Correct,1.4521
underspecified,11,dev_0464,no,"NO

The golden goal rule was used in previous FIFA tournaments, including the",no,no,Correct,1.4550999999999998
underspecified,11,dev_0563,no,NO. Croatia has not won the soccer World Cup. They reached the final in,no,no,Correct,2.7953
underspecified,11,dev_0658,no,NO. A walk in baseball does not result in a dead ball. When a,no,no,Correct,1.451
underspecified,11,dev_1366,no,"NO

The Champions League trophy is not replaced annually. It is a permanent trophy",no,no,Correct,1.4505
underspecified,11,dev_1471,no,NO. A player cannot be offside from a throw-in. The offside,no,no,Correct,1.446
underspecified,11,dev_1558,no,NO. The FIFA World Cup is held every four years.,no,no,Correct,1.3868
underspecified,11,dev_1580,no,NO. The Chicago White Sox play at Guaranteed Rate Field (formerly known as U,no,no,Correct,1.4514
underspecified,11,dev_2401,no,NO. A batsman cannot be run out if the ball is a no-ball,no,no,Correct,1.4485999999999999
underspecified,11,dev_2436,no,NO. The fastest known time for running a mile is significantly faster than 2,no,no,Correct,2.7985
underspecified,11,dev_3224,no,NO. An MLB game cannot end in a tie. If a game is tied,no,no,Correct,1.3855
underspecified,11,dev_0022,yes,NO. A spark plug ignites the fuel-air mixture in the engine's cylinders,no,no,Incorrect,1.4483
underspecified,11,dev_0132,yes,"YES

Network Attached Storage (NAS) devices can be used as servers because they",yes,yes,Correct,1.9092
underspecified,11,dev_0268,yes,YES. An AGM (Absorbent Glass Mat) battery is a type,yes,yes,Correct,1.9977
underspecified,11,dev_0646,yes,"YES

Multithreading can be very useful even on a single processor because it",yes,yes,Correct,1.9905
underspecified,11,dev_0697,yes,"NO

Google Drive generally does not have a storage limit for individual accounts. However",no,no,Incorrect,1.9863
underspecified,11,dev_0935,yes,"NO

In a relational database, a table can have multiple foreign keys if needed",no,no,Incorrect,1.9084
underspecified,11,dev_1159,yes,"YES

High-level languages can use assemblers through the use of low-level",yes,yes,Correct,1.9861
underspecified,11,dev_1376,yes,YES,yes,yes,Correct,1.9898
underspecified,11,dev_1646,yes,"YES

Cast-iron pans can be used on induction cooktops as long",yes,yes,Correct,1.9958
underspecified,11,dev_1869,yes,"YES

A database table can indeed have multiple foreign keys, each referencing a different",yes,yes,Correct,1.909
underspecified,11,dev_2397,yes,"YES

Cell phone jammers are devices designed to block or interfere with cellular signals",yes,yes,Correct,2.0028
underspecified,11,dev_0512,no,NO. Microsoft Visio and Visual Studio are different products. Visio is used,no,no,Correct,2.0048
underspecified,11,dev_1524,no,NO. The transmission and the engine are not the same thing. The engine produces,no,no,Correct,1.9061
underspecified,11,dev_1675,no,NO. Input lag and response time are related but distinct concepts in display technology.,no,no,Correct,1.9105
underspecified,11,dev_1723,no,"NO

Regular bulbs are not designed to work in 3-way lamps, which",no,no,Correct,1.9002999999999999
underspecified,11,dev_2027,no,"NO

HD DVD and Blu-ray are two different optical disc formats that were competing",no,no,Correct,1.9978
underspecified,11,dev_2104,no,NO. The PlayStation 2 does not have built-in internet capabilities. You would,no,no,Correct,1.9874
underspecified,11,dev_2262,no,"NO. WordPad and Microsoft Word are both word processors, but they have different",no,no,Correct,1.997
underspecified,11,dev_2431,no,"NO. In a tree data structure, each node can have multiple children, but",no,no,Correct,1.9071
underspecified,11,dev_2524,no,NO. The iPhone SE and iPhone 5 are not the same. The iPhone,no,no,Correct,1.9912999999999998
underspecified,11,dev_3057,no,NO. Windows Subsystem for Linux (WSL) is not a virtual machine,no,no,Correct,1.988
underspecified,11,dev_3167,no,NO. Gear oil and motor oil are not the same. While they both serve,no,no,Correct,1.9897
