scaffold,L,boolq_id,gold,reply,first_token,pred_label,acc_type,timing_s
meta,16,dev_0023,yes,I don't know. A cape and a cloak are similar in,i,idk,IDK,0.8232999999999999
meta,16,dev_0039,no,"Yes, carbon can form a polar covalent bond with hydrogen. Car",yes,yes,Incorrect,0.8195
meta,16,dev_0055,no,I don't know. Wisconsin has not consistently fielded Little League teams that,i,idk,IDK,0.8198
meta,16,dev_0059,no,Yes. The Five Heartbeats is a fictional R&B group that,yes,yes,Incorrect,0.8749
meta,16,dev_0068,no,I don't know. The answer can vary depending on the jurisdiction and,i,idk,IDK,0.826
meta,16,dev_0087,yes,I don't know. Frogs are unable to regulate their body temperature,i,idk,IDK,0.8876000000000001
meta,16,dev_0107,no,"I don't know. In Australia, gambling winnings are generally considered tax",i,idk,IDK,0.8342
meta,16,dev_0120,yes,I don't know. A vehicle title and registration are related but different documents,i,idk,IDK,0.8146
meta,16,dev_0138,no,"Yes, the drinking age is different in every state in the United States. The",yes,yes,Incorrect,0.8139
meta,16,dev_0151,no,"I don't know. The way numbers are written can vary between languages,",i,idk,IDK,0.8164
meta,16,dev_0163,yes,"Yes, the square root of 2 can be written as a fraction. It",yes,yes,Correct,0.8136
meta,16,dev_0165,no,"Yes, dragon fruit and pitaya are the same thing. They are both the",yes,yes,Incorrect,0.813
meta,16,dev_0207,no,"Yes, France and the UK are in the same time zone. They are both",yes,yes,Incorrect,0.8252
meta,16,dev_0210,no,"Yes, The Three Little Pigs is a nursery rhyme. It",yes,yes,Incorrect,0.8262999999999999
meta,16,dev_0221,no,"Yes. Markup languages are designed to describe data, specifically in a structured and",yes,yes,Incorrect,0.8097000000000001
meta,16,dev_0229,yes,"Yes, all UK National Insurance numbers have a letter at the end. The letter",yes,yes,Correct,0.8156
meta,16,dev_0237,no,"Yes, there is a difference between 2-cycle and 2-stroke",yes,yes,Incorrect,1.037
meta,16,dev_0243,no,"Yes, there is a Chinatown in St. Louis, Missouri.",yes,yes,Incorrect,0.8122999999999999
meta,16,dev_0248,yes,I don't know. Birds are not known to be faster than che,i,idk,IDK,0.8104
meta,16,dev_0249,yes,I don't know. Queen ants do not give birth to other queen,i,idk,IDK,0.8122999999999999
meta,16,dev_0251,yes,I don't know. The sister chromatids are identical copies of a,i,idk,IDK,0.8269
meta,16,dev_0257,yes,"Yes, a glass window can break on its own, especially if it is weak",yes,yes,Correct,0.8099
meta,16,dev_0270,no,"No, the drinking age in all U.S. states is 21",no,no,Correct,0.8117000000000001
meta,16,dev_0287,yes,"I don't know. In American football, a player on the receiving team",i,idk,IDK,0.8142999999999999
meta,16,dev_0295,no,"Yes, there is a difference between doves and pigeons. Doves",yes,yes,Incorrect,0.8092
meta,16,dev_0298,yes,I don't know. Sheet metal gauge and wire gauge are different systems,i,idk,IDK,0.8118
meta,16,dev_0312,no,"Yes, in English, adjectives typically come before the noun they modify",yes,yes,Incorrect,0.8108
meta,16,dev_0316,yes,Yes. The internal intercostal muscles contract during inspiration to help expand the rib,yes,yes,Correct,0.8362999999999999
meta,16,dev_0318,yes,"Yes, an Ace-2-3-4-5 is a straight",yes,yes,Correct,0.8114
meta,16,dev_0321,yes,I don't know. The rules for filibustering Supreme Court nom,i,idk,IDK,0.8092999999999999
meta,16,dev_0333,yes,I don't know. The .22 Magnum and .22,i,idk,IDK,0.8227000000000001
meta,16,dev_0336,no,"Yes, there is a difference between Muay Thai and Thai boxing",yes,yes,Incorrect,0.8095
meta,16,dev_0343,yes,"I don't know. The executive branch includes the president, vice president,",i,idk,IDK,0.8101
meta,16,dev_0352,no,"I don't know. In soccer, a throw-in is awarded to",i,idk,IDK,0.8112999999999999
meta,16,dev_0355,no,I don't know. Father's Day is celebrated on the third Sunday,i,idk,IDK,0.8202
meta,16,dev_0364,no,"Yes, in the traditional form of cricket, a wicket-keeper is required",yes,yes,Incorrect,0.8092
meta,16,dev_0366,no,Yes. The diaphragm separates the abdominal cavity,yes,yes,Incorrect,1.0509000000000002
meta,16,dev_0406,no,"Yes, a California roll typically contains fish, specifically imitation crab meat and",yes,yes,Incorrect,0.8092
meta,16,dev_0428,no,"Yes, peroxide and hydrogen peroxide are the same thing.",yes,yes,Incorrect,0.8111
meta,16,dev_0429,yes,"Yes, flax oil and linseed oil are the same. They are both",yes,yes,Correct,0.8079
meta,16,dev_0430,yes,I don't know. The Banaue Rice Terraces are not officially,i,idk,IDK,0.8228
meta,16,dev_0436,no,"'I don't know' - The phrase ""broken heart"" is",i,idk,IDK,0.8222
meta,16,dev_0441,no,I don't know. Lobster and shrimp are two different,i,idk,IDK,0.8096
meta,16,dev_0442,yes,"I don't have personal experience or the ability to perform experiments, but based",i,other,NC,0.8101
meta,16,dev_0479,no,Yes. Miniature pigs do exist. They are a breed of domestic pig,yes,yes,Incorrect,0.819
meta,16,dev_0481,no,I don't know. New York City has five boroughs: Manhattan,i,idk,IDK,0.8101
meta,16,dev_0482,no,I don't know. Bumblebees are not capable of stinging,i,idk,IDK,0.8096
meta,16,dev_0487,no,"Yes, you can grow banana trees from a banana. The process is",yes,yes,Incorrect,0.8185
meta,16,dev_0504,yes,I don't know. Friction tape and electrical tape have some similarities,i,idk,IDK,0.834
meta,16,dev_0509,no,"Yes, the AR-15 is used by the military, but it is",yes,yes,Incorrect,0.8102999999999999
meta,16,dev_0532,no,I don't know. While there have been experiments and research into brain-,i,idk,IDK,0.8106
meta,16,dev_0534,no,"Yes. The National Guard is a military reserve force in the United States, and",yes,yes,Incorrect,0.8249
meta,16,dev_0536,yes,I don't know. Thanos did not appear in the first Guardians,i,idk,IDK,0.8112
meta,16,dev_0537,no,"Yes, it is possible to receive a caution without being arrested. A caution is",yes,yes,Incorrect,0.8129
meta,16,dev_0546,yes,I don't know. The College of William & Mary is a highly respected,i,idk,IDK,0.8118
meta,16,dev_0560,no,"The University of Tampa has a football team, so my answer is YES",the,yes,Incorrect,0.818
meta,16,dev_0568,no,"I don't know. The movie Heat, directed by Michael Mann, is",i,idk,IDK,0.8094
meta,16,dev_0569,no,The NBA salary cap is a hard cap.,the,other,NC,0.5488999999999999
meta,16,dev_0588,yes,I don't know. Boost Mobile and Virgin Mobile are both mobile network,i,idk,IDK,0.8138
meta,16,dev_0594,no,"Yes, bee stingers do fall out on their own after a be",yes,yes,Incorrect,0.8306
meta,16,dev_0596,no,"Yes, C# and Visual C# are the same. Visual C# is",yes,yes,Incorrect,0.8158
meta,16,dev_0598,yes,I don't know. The Vice President serves as the President of the Senate,i,idk,IDK,0.8121
meta,16,dev_0612,yes,"I don't know. Popcorn is a type of corn, but",i,idk,IDK,0.822
meta,16,dev_0617,yes,"Yes, France and England have competed in the World Cup. They have faced each",yes,yes,Correct,0.8152999999999999
meta,16,dev_0662,yes,I don't know. LensCrafters and Pearle Vision,i,idk,IDK,0.8102999999999999
meta,16,dev_0678,no,I don't recommend washing a child's mouth out with soap. It,i,other,NC,0.8097000000000001
meta,16,dev_0696,no,"Yes, there is a seat belt law in New Hampshire. All drivers and front",yes,yes,Incorrect,0.8336
meta,16,dev_0711,yes,I don't know. Musician's Friend and Guitar Center are,i,idk,IDK,0.8102999999999999
meta,16,dev_0718,yes,"Yes, Chicago is the third largest city in the United States.",yes,yes,Correct,0.6977000000000001
meta,16,dev_0724,no,"Yes, there is a sequel to Along Came a Spider. The",yes,yes,Incorrect,0.8122999999999999
meta,16,dev_0731,no,I don't know. Egg drop soup is typically made by beating eggs,i,idk,IDK,0.8111
meta,16,dev_0737,no,'I don't know.' A Cornish game hen is a specific breed,i,idk,IDK,0.8107000000000001
meta,16,dev_0754,yes,"Yes, World at War is part of the Call of Duty: Black O",yes,yes,Correct,0.8102999999999999
meta,16,dev_0759,no,I don't know. North and South Korea have different official languages. North,i,idk,IDK,0.8299
meta,16,dev_0764,yes,I don't know. Sampling error and standard deviation are related concepts,i,idk,IDK,0.81
meta,16,dev_0782,yes,"No, AC Milan and Inter Milan do not share a stadium. AC Milan plays",no,no,Incorrect,0.8109
meta,16,dev_0817,no,"YES, there are post-credit scenes in Deadpool 2.",yes,yes,Incorrect,0.8215
meta,16,dev_0829,no,"YES, the Battle of New Orleans was fought after the War of 1",yes,yes,Incorrect,0.8121
meta,16,dev_0832,no,I don't know. It is not possible to drive a car from North,i,idk,IDK,0.8096
meta,16,dev_0837,yes,"I don't know. Universal healthcare and socialized medicine are related concepts,",i,idk,IDK,0.8102999999999999
meta,16,dev_0853,no,I don't know. The Girl Scouts and Boy Scouts are separate,i,idk,IDK,0.812
meta,16,dev_0854,no,I don't know. Elephants are herbivores and do,i,idk,IDK,0.8089
meta,16,dev_0862,no,"YES, in chess, you have to say ""check"" when your",yes,yes,Incorrect,0.8201
meta,16,dev_0871,yes,English is not the most commonly spoken language in the world. Mandarin Chinese is,english,other,NC,0.809
meta,16,dev_0916,yes,I don't know. The Ryman Auditorium is a historic venue,i,idk,IDK,0.8109
meta,16,dev_0922,yes,"Yes, a passport card can be used for land and sea travel to Canada",yes,yes,Correct,0.8199
meta,16,dev_0933,no,I don't know. The cremaster muscle is a part of the ab,i,idk,IDK,0.8389
meta,16,dev_0934,yes,"YES, Pokémon: Let's Go is a main series game",yes,yes,Correct,0.8109
meta,16,dev_0940,yes,I don't know. The Passport Card is not valid for domestic travel,i,idk,IDK,0.812
meta,16,dev_0944,no,"Yes. Greece and Rome were not around at the same exact time, but they",yes,yes,Incorrect,0.8097000000000001
meta,16,dev_0952,yes,I don't know. Merrill Lynch is a global financial services,i,idk,IDK,0.8099
meta,16,dev_0958,yes,"Yes, the eyes are part of the nervous system. They are an integral part",yes,yes,Correct,0.8106
meta,16,dev_0981,no,"Yes, pyruvic acid and pyruvate are the same thing",yes,yes,Incorrect,0.8106
meta,16,dev_0991,yes,"I don't know. In England, you don't need a license",i,idk,IDK,0.9831
meta,16,dev_0994,yes,I don't know. A white background can be used as a green screen,i,idk,IDK,0.8082
meta,16,dev_0996,no,I don't know. While Radiator Springs is a fictional town,i,idk,IDK,0.8169
meta,16,dev_1006,no,"Yes, in most countries, you do have to be literate to vote.",yes,yes,Incorrect,0.8086
meta,16,dev_1011,no,"The World Cup trophy is named ""The FIFA World Cup Trophy,"" also",the,other,NC,0.8267
meta,16,dev_1022,yes,I don't know. Enterprise value and firm value are related but not exactly,i,idk,IDK,0.808
meta,16,dev_1049,no,I don't know. Red pandas and giant pandas are not closely,i,idk,IDK,0.8112999999999999
meta,16,dev_1062,yes,I don't know. The wheel and axle system is not typically considered,i,idk,IDK,0.8311000000000001
meta,16,dev_1075,yes,I don't know. The size of NHL ice rinks is standard,i,idk,IDK,0.8122999999999999
meta,16,dev_1102,no,"Yes, there is a difference between sweating and perspiring. Swe",yes,yes,Incorrect,0.8102999999999999
meta,16,dev_1110,yes,"I don't know. The NBA draft consists of multiple rounds, but the",i,idk,IDK,0.8086
meta,16,dev_1112,no,"Yes, nuclear power and nuclear energy are the same thing. Nuclear power",yes,yes,Incorrect,0.8121
meta,16,dev_1113,yes,I don't know. Ball pythons and royal pythons are,i,idk,IDK,0.8105
meta,16,dev_1121,no,I don't know. There were several conflicts and wars that occurred before World,i,idk,IDK,0.8168
meta,16,dev_1133,no,"Yes, The Crew 2 has a storyline.",yes,yes,Incorrect,0.6658
meta,16,dev_1138,yes,"I don't know. Anaerobic respiration, such as g",i,idk,IDK,0.8392000000000001
meta,16,dev_1146,yes,I don't know. A penalty charge notice (PCN) and a,i,idk,IDK,0.8151
meta,16,dev_1155,yes,"I don't know. While they share many similarities, GMC Sierra",i,idk,IDK,0.8211
meta,16,dev_1175,no,"Yes, Michigan was a state during the Civil War. It was admitted to the",yes,yes,Incorrect,0.8102
meta,16,dev_1178,no,I don't know. There has never been a Major League Baseball team,i,idk,IDK,0.8111
meta,16,dev_1183,yes,I don't know. Pork loin ribs and baby back rib,i,idk,IDK,0.8101
meta,16,dev_1196,no,"Yes, a person can have dual citizenship in India. However, it'",yes,yes,Incorrect,0.8086
meta,16,dev_1204,yes,"Yes, the Eye of Agamotto is the Time Stone in the Marvel Cin",yes,yes,Correct,0.8212999999999999
meta,16,dev_1205,no,"Yes, you can take out the king in chess. The objective of the",yes,yes,Incorrect,0.8154
meta,16,dev_1209,yes,"I don't know. Alchemy, the practice of turning base met",i,idk,IDK,0.8207000000000001
meta,16,dev_1227,no,I don't know. Prime factors are the numbers that can be multiplied,i,idk,IDK,0.8121
meta,16,dev_1229,no,"I don't know. The origin of the name ""orange"" is",i,idk,IDK,0.8132
meta,16,dev_1230,yes,"I don't know. The term ""double eagle"" is used in",i,idk,IDK,0.8142
meta,16,dev_1235,no,"Yes, a birth certificate can count as a form of ID in certain situations.",yes,yes,Incorrect,0.8305
meta,16,dev_1239,yes,I don't know. A CPAP (Continuous Positive Airway,i,idk,IDK,0.8119
meta,16,dev_1241,no,"Yes. There are main-group elements in period 6, specifically the ch",yes,yes,Incorrect,0.8122
meta,16,dev_1250,yes,"Yes, the micropyle serves for the emergence of the radicle.",yes,yes,Correct,0.8089
meta,16,dev_1256,yes,"Yes, there was a tsunami in the 1906 San",yes,yes,Correct,0.8175
meta,16,dev_1261,no,"Yes, Louisiana has a state income tax.",yes,yes,Incorrect,0.5497000000000001
meta,16,dev_1267,no,Yes. Better Call Saul is set before Breaking Bad.,yes,yes,Incorrect,0.6985
meta,16,dev_1271,no,"Yes. The drinking age varies from state to state in the United States, with",yes,yes,Incorrect,0.8285
meta,16,dev_1283,yes,I don't know. Lock nuts and stop nuts are similar in that they,i,idk,IDK,0.8119
meta,16,dev_1285,no,I don't know. The Indianapolis 500 has been run,i,idk,IDK,0.8237000000000001
meta,16,dev_1286,no,"Yes, there is a difference between lightning bugs and fireflies. Firefl",yes,yes,Incorrect,0.8108
meta,16,dev_1294,yes,"Yes, a terminating decimal can be written as a recurring decimal. For",yes,yes,Correct,0.8142999999999999
meta,16,dev_1296,yes,I don't know. PlayStation 2 games are not natively compatible,i,idk,IDK,0.8122
meta,16,dev_1303,no,"I don't know. In soccer, a player is considered offside if",i,idk,IDK,0.8121
meta,16,dev_1307,yes,"No, a player cannot score directly from a kickoff in football. The kick",no,no,Incorrect,0.8101
meta,16,dev_1311,yes,I don't know. The crankshaft pulley and harmonic,i,idk,IDK,0.8091
meta,16,dev_1316,yes,I don't know. The Arch in St. Louis is a National Mon,i,idk,IDK,0.808
meta,16,dev_1317,no,"Yes, planets are not involved in the formation of a planetary nebula",yes,yes,Incorrect,0.8094
meta,16,dev_1333,yes,"I don't know. A Dame is a female Knight, but they",i,idk,IDK,0.8166
meta,16,dev_1336,yes,"Yes, there are nerves in the central nervous system. The central nervous system (",yes,yes,Correct,0.8107000000000001
meta,16,dev_1345,no,"Yes, there is a difference between a confidentiality agreement and a non-dis",yes,yes,Incorrect,0.8126
meta,16,dev_1359,no,"I don't know. In basketball, players cannot assist themselves. They can",i,idk,IDK,0.8258
meta,16,dev_1370,yes,I don't know. A-2-3-4-5 is,i,idk,IDK,0.81
meta,16,dev_1371,no,"Yes, Rafflesia is the largest flower in the world. It is",yes,yes,Incorrect,0.8092999999999999
meta,16,dev_1372,yes,I don't know. A kilowatt-hour (kWh),i,idk,IDK,0.8228
meta,16,dev_1382,no,"I don't know. In baseball, a catcher is allowed to block",i,idk,IDK,0.8088
meta,16,dev_1406,no,"The Postmaster General is appointed by the President, with the advice and consent of",the,other,NC,0.8095
meta,16,dev_1408,yes,"I don't know. In baseball, a foul ball is considered a strike",i,idk,IDK,0.81
meta,16,dev_1413,yes,I don't know. Brazil has only won the World Cup on South American,i,idk,IDK,0.832
meta,16,dev_1419,yes,I don't know. Las Vegas is a well-known city in Nevada,i,idk,IDK,0.8184
meta,16,dev_1420,yes,"Yes, 4x4 and four-wheel drive are the same. They",yes,yes,Correct,0.8117000000000001
meta,16,dev_1423,no,"Yes. ""Take Me Home, Country Roads"" is about West Virginia,",yes,yes,Incorrect,0.8264
meta,16,dev_1424,no,"Yes, it can get cold at night in Hawaii. The temperature can drop significantly",yes,yes,Incorrect,0.8115
meta,16,dev_1436,no,I don't know. Equity in a home is not typically considered a,i,idk,IDK,0.8101
meta,16,dev_1438,yes,I don't know. The United Kingdom is made up of four countries:,i,idk,IDK,0.8115
meta,16,dev_1452,no,I don't know. Some neurotransmitters can have both excitatory,i,idk,IDK,0.8218
meta,16,dev_1455,yes,"Yes, the abdomen includes the stomach. The abdomen is the",yes,yes,Correct,0.8141
meta,16,dev_1464,no,I don't know. Sweet potatoes are not actually part of the potato,i,idk,IDK,0.8176
meta,16,dev_1467,yes,"Yes, a grade D at A-level is considered a pass. However,",yes,yes,Correct,0.8189
meta,16,dev_1473,yes,I don't know. A sailboat can travel faster than the wind in,i,idk,IDK,0.81
meta,16,dev_1489,yes,"YES, all the songs in Mamma Mia! Here We Go Again",yes,yes,Correct,0.81
meta,16,dev_1498,yes,Yes. The Nobel Peace Prize is awarded annually.,yes,yes,Correct,0.6253
meta,16,dev_1508,no,"Yes. There have been several fatalities during the Tour de France, both among",yes,yes,Incorrect,0.8202
meta,16,dev_1515,no,Yes. There is a law that requires U.S. citizens and residents to,yes,yes,Incorrect,0.8086
meta,16,dev_1517,yes,I don't recommend using hydraulic fluid as brake fluid.,i,other,NC,0.8106
meta,16,dev_1528,yes,I don't know. A J.D. stands for Juris Doctor,i,idk,IDK,2.1585
meta,16,dev_1533,no,"Yes, the July 27, 2018 lunar e",yes,yes,Incorrect,0.8151
meta,16,dev_1534,no,I don't know. The rules regarding catching a ball in the stands can,i,idk,IDK,0.8116
meta,16,dev_1546,yes,I don't know. The passport card is not a valid form of,i,idk,IDK,0.8161
meta,16,dev_1552,yes,"Yes, the poly(A) tail is added to messenger RNA (",yes,yes,Correct,0.808
meta,16,dev_1557,no,I don't know. New York State abolished the death penalty in,i,idk,IDK,0.8116
meta,16,dev_1563,no,"Yes, the Big Dipper is part of Ursa Major, also known as",yes,yes,Incorrect,0.8106
meta,16,dev_1627,no,I don't know. The esophagus is located behind the heart,i,idk,IDK,0.8096
meta,16,dev_1632,yes,I don't know. The World Health Organization (WHO) is a,i,idk,IDK,0.8091
meta,16,dev_1650,yes,"No, it is not illegal to take a stop sign. However, it is",no,no,Incorrect,0.8255
meta,16,dev_1655,no,"Yes, there is a difference between soy and soya sauce. Soy",yes,yes,Incorrect,0.8367
meta,16,dev_1658,yes,I don't know. The Nazca Lines are best viewed from the,i,idk,IDK,0.81
meta,16,dev_1659,yes,"Yes, an undergraduate degree is the same as a bachelor's degree",yes,yes,Correct,0.8105
meta,16,dev_1673,yes,I don't know. Grizzly bears and polar bears are different,i,idk,IDK,0.8116
meta,16,dev_1680,no,I don't know. While picking your nose may introduce foreign particles or bacteria,i,idk,IDK,0.8099
meta,16,dev_1687,no,Yes. There are warrant officers in the U.S. Air Force. They,yes,yes,Incorrect,0.8092
meta,16,dev_1698,no,Yes. Fullmetal Alchemist: Brotherhood is a continuation of,yes,yes,Incorrect,0.8109
meta,16,dev_1707,yes,I don't know. A PLC (Public Limited Company) is a,i,idk,IDK,0.8202999999999999
meta,16,dev_1727,yes,I don't know. Digital audio cables and optical audio cables are,i,idk,IDK,0.8147000000000001
meta,16,dev_1736,no,"Yes, the magnitude of a physical quantity can change with a change in the system",yes,yes,Incorrect,0.8091
meta,16,dev_1737,yes,I don't know. A free throw is a shot taken from a specific,i,idk,IDK,0.8269
meta,16,dev_1740,yes,I don't know. The medullary cavity is the central c,i,idk,IDK,0.8128
meta,16,dev_1743,no,I don't know. The Last King of Scotland is a historical drama film,i,idk,IDK,0.8122999999999999
meta,16,dev_1749,yes,"Yes, Delhi University and the University of Delhi are the same. The University of",yes,yes,Correct,0.8297
meta,16,dev_1750,no,I don't know. The answer to this question can depend on the specific,i,idk,IDK,0.821
meta,16,dev_1757,yes,I don't know. The profit and loss statement and income statement are similar,i,idk,IDK,2.1534
meta,16,dev_1763,yes,I don't know. The House of Representatives is one of the two,i,idk,IDK,0.8125
meta,16,dev_1775,no,"Yes, the NBA playoffs are played in a 2-2-1",yes,yes,Incorrect,0.8096
meta,16,dev_1789,no,I don't know. The spleen is part of the lymph,i,idk,IDK,0.8212
meta,16,dev_1806,no,I don't know. The U.S. stopped issuing $1,i,idk,IDK,0.81
meta,16,dev_1814,no,"YES, all North American area codes start with the digit 1.",yes,yes,Incorrect,0.7981
meta,16,dev_1823,yes,I don't know. The MLB All-Star Game does not directly,i,idk,IDK,0.8114
meta,16,dev_1832,no,"Yes, there is a real town called Garrison, Colorado. It is",yes,yes,Incorrect,0.8099
meta,16,dev_1849,yes,"Yes, in a RACI chart, one person can be both Respons",yes,yes,Correct,0.8147000000000001
meta,16,dev_1851,no,"Yes, the right to a fair trial is guaranteed by the U.S.",yes,yes,Incorrect,0.81
meta,16,dev_1857,no,"Yes, cows need to give birth to produce milk. Cows produce milk",yes,yes,Incorrect,0.8094
meta,16,dev_1895,yes,"I don't know. The empty set, by definition, contains no elements",i,idk,IDK,0.81
meta,16,dev_1906,no,"No, college football players do not have to enter the NFL Draft to play",no,no,Correct,0.8208
meta,16,dev_1916,yes,"YES, Pokémon: Let’s Go, Pikachu",yes,yes,Correct,0.8101
meta,16,dev_1919,yes,"I don't know. In chemistry, the transmutation of one element",i,idk,IDK,0.8172
meta,16,dev_1924,yes,"Yes, a car's serial number is the same as its Vehicle Ident",yes,yes,Correct,0.8319
meta,16,dev_1938,no,"I don't know. The empty set is not an element of itself,",i,idk,IDK,0.8266
meta,16,dev_1948,yes,I don't know. A chicken is a general term for a domest,i,idk,IDK,0.8092999999999999
meta,16,dev_1950,no,I don't know. The Gulf of Mexico is a large body of water,i,idk,IDK,0.8126
meta,16,dev_1960,no,I don't know. The Republic of the Congo and the Democratic Republic,i,idk,IDK,0.81
meta,16,dev_1977,no,I don't know. The eligibility requirements for the presidency of,i,idk,IDK,0.8115
meta,16,dev_1995,yes,I don't know. The qualification for European competitions is determined by,i,idk,IDK,0.8127000000000001
meta,16,dev_1997,yes,"I don't know. The Alphabet Song and Twinkle, Twinkle",i,idk,IDK,0.8267
meta,16,dev_2009,no,I don't know. Color Wonder markers are designed to work only on,i,idk,IDK,0.8112999999999999
meta,16,dev_2032,yes,I don't know. Flies typically lay their eggs on decaying organic,i,idk,IDK,0.8089
meta,16,dev_2045,yes,"I don't know. In the United States, the Constitution prohibits a",i,idk,IDK,0.821
meta,16,dev_2053,no,"Yes, you do not have to be serving to score in tennis. Points can",yes,yes,Incorrect,0.8116
meta,16,dev_2061,no,"Yes, you can choose who is listed as your next of kin. It'",yes,yes,Incorrect,0.8102
meta,16,dev_2065,yes,"Yes, ""RealFeel"" is the same as the heat index. It",yes,yes,Correct,0.8145
meta,16,dev_2068,yes,I don't know. Allied Waste was acquired by Republic Services in,i,idk,IDK,0.8256
meta,16,dev_2078,no,"Yes, black cumin seed and black seed are the same. Black cumin",yes,yes,Incorrect,0.8161
meta,16,dev_2079,yes,"Yes, Eeyore from Winnie-the-Pooh is a",yes,yes,Correct,0.8116
meta,16,dev_2088,no,Yes. English is the official language of the United States.,yes,yes,Incorrect,0.6638
meta,16,dev_2091,no,"I don't know. In baseball, extra innings are played until one",i,idk,IDK,0.8092999999999999
meta,16,dev_2094,no,"Yes, there is an airport in Fort Walton Beach, Florida. It is",yes,yes,Incorrect,0.8249
meta,16,dev_2095,yes,"Yes, Noel Gallagher sings Don't Look Back in Ang",yes,yes,Correct,0.8099
meta,16,dev_2139,no,I don't know. A passport card is a travel document issued by,i,idk,IDK,0.8085
meta,16,dev_2166,yes,I don't know. Prolonged exposure to very bright lights can cause,i,idk,IDK,0.8092
meta,16,dev_2184,no,Yes. The United States has military bases in Saudi Arabia.,yes,yes,Incorrect,0.6598999999999999
meta,16,dev_2187,yes,"I don't know. In basketball, players are not allowed to jump while",i,idk,IDK,0.8137000000000001
meta,16,dev_2192,no,I don't know. The rank of a lieutenant colonel is lower than,i,idk,IDK,0.81
meta,16,dev_2196,no,"Yes, red-eared slider turtles do not lay eggs in",yes,yes,Incorrect,0.8132999999999999
meta,16,dev_2199,yes,Yes. The Dark Knight is a sequel to Batman Begins.,yes,yes,Correct,0.791
meta,16,dev_2204,yes,I don't recommend it. It can cause harm to the person and is,i,other,NC,0.8159
meta,16,dev_2220,no,"YES, the ball is dead on an infield fly in",yes,yes,Incorrect,0.8104
meta,16,dev_2224,no,I don't know. A ruby is a gemstone that is typically,i,idk,IDK,0.8085
meta,16,dev_2232,no,"Yes, there is a Roman Catholic cathedral in Dublin. It is called St",yes,yes,Incorrect,0.8112
meta,16,dev_2234,no,"Yes, Pokémon: Let's Go, Eevee! is",yes,yes,Incorrect,0.8222
meta,16,dev_2237,no,Yes. The Riviera Maya is located on the eastern coast of the,yes,yes,Incorrect,1.0165
meta,16,dev_2247,yes,"I don't know. In New Jersey, the legal drinking age is",i,idk,IDK,0.8277
meta,16,dev_2248,yes,I don't know. Pixel density and resolution are related but not the,i,idk,IDK,0.8112
meta,16,dev_2266,no,"Yes, a Nissan Pathfinder is considered a mid-size SUV",yes,yes,Incorrect,0.8102999999999999
meta,16,dev_2275,yes,"I don't know. Counting cards is not illegal, but casinos",i,idk,IDK,0.81
meta,16,dev_2295,yes,I don't know. A unanimous vote typically requires that every member,i,idk,IDK,0.8102999999999999
meta,16,dev_2304,yes,I don't know. The House of Representatives is a part of the,i,idk,IDK,0.8108
meta,16,dev_2306,yes,"I don't recommend it. In roulette, the house edge remains constant",i,other,NC,0.8088
meta,16,dev_2310,no,Yes. In-N-Out Burger is a franchise. It is a,yes,yes,Incorrect,0.8142999999999999
meta,16,dev_2315,yes,"Yes, centripetal and centrifugal forces are an action-",yes,yes,Correct,0.8116
meta,16,dev_2323,no,I don't know. The film Tully is not based on a book,i,idk,IDK,0.8275
meta,16,dev_2328,no,"Yes, there is such a thing as Corinthian leather. It is a",yes,yes,Incorrect,0.811
meta,16,dev_2350,no,"Yes, Little House on the Prairie is fiction. It is a series",yes,yes,Incorrect,0.8287
meta,16,dev_2382,yes,The right atrium does not receive blood from the lungs. It receives deoxy,the,other,NC,0.8111
meta,16,dev_2387,yes,I don't know. Northern Ireland does not have a national football team that,i,idk,IDK,0.9178999999999999
meta,16,dev_2388,no,I don't know. The answer can vary depending on the jurisdiction and,i,idk,IDK,0.8092999999999999
meta,16,dev_2396,yes,I don't know. Semolina flour and Cream of Wheat,i,idk,IDK,0.8162999999999999
meta,16,dev_2408,yes,"No, employment termination is not the same as being fired. Employment term",no,no,Incorrect,0.8076
meta,16,dev_2413,no,'I don't know' - The movie Stalingrad is based on,i,idk,IDK,0.8094
meta,16,dev_2428,yes,I don't know. A PICC (Peripherally Inserted,i,idk,IDK,2.1689000000000003
meta,16,dev_2433,no,I don't know. The regulations regarding beards in the military can vary,i,idk,IDK,0.8108
meta,16,dev_2434,no,"Yes. The national anthem of Spain, ""Himno de R",yes,yes,Incorrect,0.8245
meta,16,dev_2447,no,"I don't know. In Major League Baseball (MLB), the",i,idk,IDK,0.8112
meta,16,dev_2473,yes,"No, Pokémon Gold, Silver, and Crystal are not the same",no,no,Incorrect,0.8095
meta,16,dev_2479,no,I don't know. Hong Kong has a different internet infrastructure compared to main,i,idk,IDK,0.8105
meta,16,dev_2504,no,Yes. The Strip is a major resort area in the city of Las Vegas,yes,yes,Incorrect,0.8192999999999999
meta,16,dev_2532,yes,"No, a twin cannot be born inside the other. This is not possible due",no,no,Incorrect,0.8175
meta,16,dev_2537,no,Social studies and social science are related but not the same. Social science is a,social,other,NC,0.8095
meta,16,dev_2538,no,I don't know. The film War Room is a fictional story and,i,idk,IDK,0.8092
meta,16,dev_2547,yes,I don't know. The .223 and .224,i,idk,IDK,0.8252999999999999
meta,16,dev_2548,no,I don't know. The queen bee does not die immediately after st,i,idk,IDK,0.8117000000000001
meta,16,dev_2555,no,'I don't know'. Lymphoma and lymph node,i,idk,IDK,0.8097000000000001
meta,16,dev_2566,no,Yes. A Bachelor of Education (B.Ed.) is an undergraduate degree,yes,yes,Incorrect,0.8215
meta,16,dev_2572,no,"Yes, the Channel Isles are not part of Great Britain, but they are",yes,yes,Incorrect,0.8099
meta,16,dev_2577,no,"Yes, a soccer kick-off must go forward.",yes,yes,Incorrect,0.6267
meta,16,dev_2605,yes,I don't know. The .45 Colt and .45,i,idk,IDK,0.8108
meta,16,dev_2614,yes,I don't know. Snow-on-the-Mountain and Bishop,i,idk,IDK,0.8112999999999999
meta,16,dev_2622,no,"Yes, 7.62 NATO and .308 Win are",yes,yes,Incorrect,0.8082
meta,16,dev_2634,yes,"I don't know. In the game of 8-ball, the",i,idk,IDK,0.8128
meta,16,dev_2643,no,"Yes, elements of the periodic table are capitalized. For example, Hydro",yes,yes,Incorrect,0.8262
meta,16,dev_2655,yes,I don't know. Visa Delta and Visa Debit are two,i,idk,IDK,0.8101
meta,16,dev_2656,yes,I don't know. The right of abode and indefinite,i,idk,IDK,0.8117000000000001
meta,16,dev_2690,yes,I don't know. Parcelforce is a subsidiary,i,idk,IDK,0.8078
meta,16,dev_2719,no,I don't know. Electrons flow in the opposite direction of the current,i,idk,IDK,0.812
meta,16,dev_2727,no,The AR-10 is not an assault rifle. It is a semi-,the,other,NC,2.1528
meta,16,dev_2750,yes,"Yes, cows do need to get pregnant to give milk. Cows produce",yes,yes,Correct,0.8232999999999999
meta,16,dev_2757,yes,I don't know. The Dodo is a fictional character in Lewis,i,idk,IDK,0.8252
meta,16,dev_2770,yes,"Yes, a 9 to 5 work schedule is typically considered a 4",yes,yes,Correct,0.8192999999999999
meta,16,dev_2791,yes,I don't know. The gut and stomach are related but not the same,i,idk,IDK,0.8098
meta,16,dev_2813,yes,The Greatest Showman is not based on a true story. It is a,the,yes,Correct,0.8105
meta,16,dev_2821,yes,I don't know. Nicotine is primarily known as a stimul,i,idk,IDK,0.8242999999999999
meta,16,dev_2832,yes,"Yes, shea butter is made from the nuts of the shea tree,",yes,yes,Correct,0.811
meta,16,dev_2838,no,I don't know. The Prince of Tides is a novel written by,i,idk,IDK,0.8128
meta,16,dev_2853,no,I don't know. The languages spoken in North and South Korea are similar,i,idk,IDK,0.8166
meta,16,dev_2870,no,"Yes, the derivative of a continuous function is always continuous. This is a fundamental",yes,yes,Incorrect,0.8138
meta,16,dev_2875,yes,I don't know. Aldi and Trader Joe's are both,i,idk,IDK,0.8102
meta,16,dev_2880,no,"Yes, the County Court Business Centre is a real court. It is a court",yes,yes,Incorrect,0.8101
meta,16,dev_2890,no,I don't know. Non-permanent members of the United Nations,i,idk,IDK,0.8186
meta,16,dev_2901,yes,I don't know. While VW Group owns Audi and Pors,i,idk,IDK,0.8241
meta,16,dev_2906,yes,I don't know. A fidelity bond is a type of insurance,i,idk,IDK,0.8149
meta,16,dev_2919,no,"Yes, the",yes,yes,Incorrect,0.8157000000000001
meta,16,dev_2931,yes,I don't know. The legal drinking age varies by country and region.,i,idk,IDK,0.8117000000000001
meta,16,dev_2933,no,"Yes, commercial aircraft do fly over the North Pole. The polar route is",yes,yes,Incorrect,0.8127000000000001
meta,16,dev_2956,yes,"Yes, a .17 HMR is bigger than a .22 L",yes,yes,Correct,0.8157000000000001
meta,16,dev_2959,no,I don't know. There is no permanent bridge connecting Morocco and,i,idk,IDK,0.8074
meta,16,dev_2967,yes,I don't know. The sun always rises in the east and sets,i,idk,IDK,0.8182
meta,16,dev_2973,no,I don't know. The Golden Compass is a standalone film based,i,idk,IDK,0.81
meta,16,dev_2991,yes,I don't know. While some gamblers may use strategies to improve,i,idk,IDK,0.8279
meta,16,dev_3000,yes,I don't know. Back ribs and baby back ribs are similar,i,idk,IDK,0.809
meta,16,dev_3015,yes,"I don't know. Keyless entry and remote start are related features,",i,idk,IDK,0.8222
meta,16,dev_3027,no,I don't know. A Schengen visa allows travel to most European,i,idk,IDK,0.8152999999999999
meta,16,dev_3029,no,"Yes. The United Kingdom left the European Union on January 31,",yes,yes,Incorrect,0.8112
meta,16,dev_3035,no,Yes. Halo 2 has achievements on Xbox 360.,yes,yes,Incorrect,0.7727
meta,16,dev_3040,no,"Yes, a no-insurance ticket is a moving violation.",yes,yes,Incorrect,0.7017
meta,16,dev_3073,no,"Yes, top sirloin steak is the same as sirloin ste",yes,yes,Incorrect,0.8122999999999999
meta,16,dev_3079,yes,I don't know. The cost of goods sold (COGS) typically,i,idk,IDK,0.8091
meta,16,dev_3089,yes,I don't know. Peaches and almonds are not related in,i,idk,IDK,0.8088
meta,16,dev_3105,yes,I don't recommend connecting a neutral wire to ground. The neutral wire is,i,other,NC,0.8109
meta,16,dev_3106,yes,I don't know. High-rise jeans and high-waisted jeans,i,idk,IDK,0.8409
meta,16,dev_3107,yes,I don't know. Recess appointments to the Supreme Court are rare,i,idk,IDK,0.8095
meta,16,dev_3122,no,I don't know. Reese's Pieces are a type,i,idk,IDK,0.8092
meta,16,dev_3143,no,The Republic of Ireland is not part of the Schengen visa area. It,the,other,NC,0.8125
meta,16,dev_3173,no,"Yes, a private equity fund is considered a financial institution. It is a type",yes,yes,Incorrect,0.8232
meta,16,dev_3183,no,"YES, the winner of the British Open gets to keep the Claret Jug",yes,yes,Incorrect,0.8091
meta,16,dev_3187,yes,"YES, Batman Forever is a sequel to Batman Returns.",yes,yes,Correct,0.8088
meta,16,dev_3204,no,"Yes, the fundus of the gallbladder is located near the c",yes,yes,Incorrect,0.8241
meta,16,dev_3212,yes,I don't know. A physical address and a MAC (Media Access Control,i,idk,IDK,0.8127000000000001
meta,16,dev_3221,no,I don't know. Peeing in a pool can cause the water,i,idk,IDK,0.8081
meta,16,dev_3231,yes,I don't know. The standard error and standard deviation are related but,i,idk,IDK,0.8235
meta,16,dev_3232,yes,I don't know. Corn starch and corn flour are not the same,i,idk,IDK,0.8205
meta,16,dev_3238,yes,"No, the non-striker cannot be run out by the bowler.",no,no,Incorrect,0.8239
meta,16,dev_3239,yes,"Yes. The Conn Smythe Trophy, awarded to the most valuable",yes,yes,Correct,0.8139
meta,16,dev_3241,yes,I don't know. Romania was not part of the Austro-,i,idk,IDK,0.8088
meta,16,dev_3242,yes,"I don't know. In gemology, a garnet is a",i,idk,IDK,0.8152999999999999
meta,16,dev_0031,yes,"I don't know. Deadpool, also known as Wade Wilson,",i,idk,IDK,0.8098
meta,16,dev_0148,yes,I don't know. Sméagol is a character from J.,i,idk,IDK,0.8262999999999999
meta,16,dev_0178,yes,"Yes. ""Eye of the Tiger"" was written specifically for the movie",yes,yes,Correct,0.8102
meta,16,dev_0410,yes,Yes. Revenge of the Mummy is a roller coaster. It,yes,yes,Correct,0.8091
meta,16,dev_0419,yes,"YES, Eric Clapton played on 'While My Guitar Gently",yes,yes,Correct,0.8112
meta,16,dev_0448,yes,"Yes, Jefferson Airplane is in the Rock and Roll Hall of Fame. They",yes,yes,Correct,0.8115
meta,16,dev_0224,no,I don't know. The Outsiders is a novel written by S,i,idk,IDK,0.8095
meta,16,dev_0317,no,I don't know. Perfect pitch is a rare ability to identify and reproduce,i,idk,IDK,2.1536
meta,16,dev_0368,no,'I don't know'. The novel 'The Color Purple' by,i,idk,IDK,0.8104
meta,16,dev_0507,no,"'I don't know.' The book ""Brain on Fire"" is",i,idk,IDK,0.8169
meta,16,dev_0603,no,I don't know. The Seven Ages of Man is a speech from,i,idk,IDK,0.8221
meta,16,dev_0938,no,"I don't know. The song ""House of the Rising Sun",i,idk,IDK,0.8115
meta,16,dev_0076,yes,"Yes, female ferrets can go into a state called ""false pregnancy"" if",yes,yes,Correct,0.8121
meta,16,dev_0459,yes,"Yes, it does matter which DNA strand is transcribed. The strand",yes,yes,Correct,0.8111
meta,16,dev_0502,yes,I don't know. Kingsnakes are known for their ability to eat,i,idk,IDK,0.8212
meta,16,dev_0580,yes,I don't know. Blue jays have distinct differences between male and female,i,idk,IDK,0.8099
meta,16,dev_1089,yes,I don't recommend attempting to remove a snake's venom glands,i,other,NC,0.8162
meta,16,dev_1153,yes,"Yes, melaleuca and tea tree are the same thing. The essential",yes,yes,Correct,0.8087000000000001
meta,16,dev_1315,yes,I don't know. Hydrogen bonds are generally stronger than ion-,i,idk,IDK,0.8112
meta,16,dev_1482,yes,"I don't know. Muscle fibers are long, multinuc",i,idk,IDK,0.8249
meta,16,dev_1568,yes,I don't know. While vultures and buzzards are both sc,i,idk,IDK,0.8099
meta,16,dev_1968,yes,"No, a turtle and a tortoise are not the same. T",no,no,Incorrect,0.8182
meta,16,dev_2223,yes,I don't know. Jellyfish do not have an unlimited lif,i,idk,IDK,0.8121
meta,16,dev_2420,yes,I don't know. There is no widely accepted bird species known as a,i,idk,IDK,0.8134
meta,16,dev_2882,yes,"I don't know. Redback spiders are native to Australia, but",i,idk,IDK,0.8104
meta,16,dev_2899,yes,"YES, Dalmatians get more spots as they grow. The spots on",yes,yes,Correct,0.8202999999999999
meta,16,dev_2910,yes,I don't know. Taro root and elephant ears are both tub,i,idk,IDK,0.8112999999999999
meta,16,dev_0713,no,A cow does not have to be pregnant to lactate. Cows can,a,other,NC,0.8106
meta,16,dev_0816,no,I don't know. The spinal cord and vertebral column,i,idk,IDK,2.1503
meta,16,dev_0911,no,I don't know. The ring finger does not directly connect to the heart,i,idk,IDK,0.8107000000000001
meta,16,dev_0997,no,I don't know. Surgical spirit and rubbing alcohol are similar,i,idk,IDK,0.8098
meta,16,dev_1258,no,I don't know. The umbilical cord is not inside the,i,idk,IDK,0.8079
meta,16,dev_1422,no,"Yes, root hairs can occur along the entire length of a root, but",yes,yes,Incorrect,0.8217000000000001
meta,16,dev_2120,no,"YES, Dalmatians have spots when they are born.",yes,yes,Incorrect,0.7067
meta,16,dev_2353,no,I don't know. Bees and hornets are both insects that,i,idk,IDK,0.8122999999999999
meta,16,dev_2441,no,"Yes, it is possible to have identical twins, both male and female.",yes,yes,Incorrect,0.815
meta,16,dev_2087,no,I don't know. Sperm whales are not currently listed as end,i,idk,IDK,0.8202999999999999
meta,16,dev_2215,no,"Yes, the two chromosomes in a pair are identical in terms of their",yes,yes,Incorrect,0.8091
meta,16,dev_2503,no,I don't know. Catbirds and mockingbirds are both,i,idk,IDK,0.8111
meta,16,dev_2652,no,"Yes, all baby birds have an egg tooth. The egg tooth is a small",yes,yes,Incorrect,0.8114
meta,16,dev_2850,no,"Yes, there is always a stinger in a bee sting. Be",yes,yes,Incorrect,0.8102999999999999
meta,16,dev_3062,no,"I don't know. Black and yellow garden spiders, also known as",i,idk,IDK,0.8111
meta,16,dev_0400,yes,"Yes, a profit and loss account is the same as an income statement. They",yes,yes,Correct,0.8117000000000001
meta,16,dev_0432,yes,"Yes. The Central Bank of India is a nationalized bank, as it was",yes,yes,Correct,0.838
meta,16,dev_0446,yes,I don't know. Bi-Mart's membership policies may vary by,i,idk,IDK,0.8154
meta,16,dev_0455,yes,I don't know. Indian Motorcycle is a brand of motorcycles,i,idk,IDK,0.8139
meta,16,dev_0472,yes,I don't know. Toys R Us and Babies R Us were,i,idk,IDK,0.8201
meta,16,dev_0524,yes,I don't know. In-N-Out Burger is a regional,i,idk,IDK,0.8187000000000001
meta,16,dev_0767,yes,"Yes, the Canadian dollar has been worth more than the American dollar in the past",yes,yes,Correct,0.8122
meta,16,dev_0875,yes,I don't know. Thousand-dollar bills are not currently,i,idk,IDK,0.8104
meta,16,dev_0950,yes,Yes. Poland Spring water comes from a spring. The Poland Spring brand sources its,yes,yes,Correct,0.812
meta,16,dev_1023,yes,I don't know. A mortgage loan originator and a loan officer are,i,idk,IDK,0.8091
meta,16,dev_1171,yes,"Yes, money from Guernsey is not legal tender in the UK. However",yes,yes,Correct,0.8114
meta,16,dev_1207,yes,"Yes, Buy Buy Baby is owned by Bed Bath & Beyond.",yes,yes,Correct,0.6979
meta,16,dev_1299,yes,"Yes, net earnings and net income are the same. They both refer to the",yes,yes,Correct,0.8222
meta,16,dev_0157,no,I don't know. There are many different companies that manufacture eyeg,i,idk,IDK,0.8118
meta,16,dev_0371,no,I don't know. National Car Rental and Enterprise Rent-A,i,idk,IDK,0.8102999999999999
meta,16,dev_0621,no,"Yes, it usually costs money to get cash back, as it is considered a",yes,yes,Incorrect,0.8358
meta,16,dev_0699,no,"I don't know. Aldi is a German discount supermarket chain,",i,idk,IDK,0.8129
meta,16,dev_0954,no,I don't know. The Royal Mint has not announced plans to withdraw,i,idk,IDK,0.8082999999999999
meta,16,dev_1050,no,I don't know. White Castle is a regional fast-food chain that,i,idk,IDK,0.8196
meta,16,dev_1208,no,I don't know. Sam's Club is an American membership-only,i,idk,IDK,0.8241
meta,16,dev_1257,no,I don't know. Home Bargains and Quality Save are both discount,i,idk,IDK,0.8135
meta,16,dev_1805,no,"I don't know. The $10,000 bill was",i,idk,IDK,0.8106
meta,16,dev_1876,no,I don't know. Montgomery Ward closed all of its physical stores in,i,idk,IDK,0.8128
meta,16,dev_2290,no,I don't know. GDP per capita and per capita income,i,idk,IDK,0.8124
meta,16,dev_2444,no,I don't know. Land tax and property tax are similar but not the,i,idk,IDK,0.8108
meta,16,dev_0250,yes,"Yes, they celebrate Father's Day in the Netherlands. It is celebrated on",yes,yes,Correct,0.8221
meta,16,dev_0337,yes,"Yes, the King's Birthday is a public holiday in Victoria, Australia",yes,yes,Correct,0.8096
meta,16,dev_0386,yes,I don't know. Brussels does have areas known for nightlife,i,idk,IDK,0.811
meta,16,dev_0591,yes,"Yes, Copa Airlines is part of the Star Alliance.",yes,yes,Correct,0.6245
meta,16,dev_0746,yes,"June 12 is a holiday in the Philippines. So, the answer is",june,other,NC,0.8294
meta,16,dev_0845,yes,I don't know. Modern car engines are typically pre-broken-,i,idk,IDK,0.8125
meta,16,dev_0855,yes,"Yes, some flight paths do go over the North Pole. However, it",yes,yes,Correct,0.8128
meta,16,dev_0915,yes,"I don't know. As of my last update, there is no water",i,idk,IDK,0.8128
meta,16,dev_0945,yes,I don't know. Thread seal tape and Teflon tape are both,i,idk,IDK,0.8122
meta,16,dev_0021,no,I don't know. A P.O. Box is a type of,i,idk,IDK,0.8139
meta,16,dev_0490,no,I don't know. American citizens do not need a visa for a visit,i,idk,IDK,0.816
meta,16,dev_0581,no,I don't know. A peck and a bushel are both units,i,idk,IDK,0.8092
meta,16,dev_0631,no,I don't know. The postal service's operating hours on Memorial,i,idk,IDK,0.8122999999999999
meta,16,dev_0691,no,'I don't know.' The answer may depend on the specific context or,i,idk,IDK,0.8305
meta,16,dev_0783,no,"YES, the Honda CRF 250 is a 2",yes,yes,Incorrect,0.8252999999999999
meta,16,dev_0787,no,I don't know. The BMW 1 Series comes in both front,i,idk,IDK,0.8087000000000001
meta,16,dev_0825,no,I don't know. The Waterloo & City line is a London,i,idk,IDK,0.8097000000000001
meta,16,dev_0885,no,'I don't know.' I would recommend checking the official travel advisory,i,idk,IDK,0.8106
meta,16,dev_0089,yes,Yes. There are some movies with a 0% rating on Rotten Tom,yes,yes,Correct,0.8104
meta,16,dev_0095,yes,Yes. Anne with an E is filmed on Prince Edward Island (PEI,yes,yes,Correct,0.8087000000000001
meta,16,dev_0211,yes,"Yes, Murphy Brown had a baby on the show. The character gave birth to",yes,yes,Correct,0.8194
meta,16,dev_0238,yes,I don't know. Beau Abbott is a character in the movie,i,idk,IDK,0.8218
meta,16,dev_0252,yes,"Yes, the Lizzie McGuire movie was filmed in Rome.",yes,yes,Correct,0.8099
meta,16,dev_0256,yes,I don't know. The,i,idk,IDK,0.8128
meta,16,dev_0266,yes,"'I don't know.' The Book of Henry is a movie, and",i,idk,IDK,0.8258
meta,16,dev_0310,yes,I don't know. Most contestants on Survivor do not receive,i,idk,IDK,0.8114
meta,16,dev_0359,yes,"I don't know. In the game show ""Who Wants to Be",i,idk,IDK,0.8102999999999999
meta,16,dev_0422,yes,I don't know. The show One Tree Hill ended in 20,i,idk,IDK,0.8181
meta,16,dev_0040,no,I don't know. The Golden Compass is based on the first book,i,idk,IDK,2.1622
meta,16,dev_0080,no,"I don't know. The question asks about a specific book titled ""Love",i,idk,IDK,0.8099
meta,16,dev_0100,no,I don't know. The Lost World is a novel by Sir Arthur Con,i,idk,IDK,0.809
meta,16,dev_0240,no,"No, The Walking Dead and Fear the Walking Dead are two separate",no,no,Correct,0.8257000000000001
meta,16,dev_0247,no,"I don't know. ""Let There Be Light"" is a 1",i,idk,IDK,0.8085
meta,16,dev_0260,no,"Yes, they used a real gorilla in Mighty Joe Young. The",yes,yes,Incorrect,0.8102999999999999
meta,16,dev_0277,no,"I don't know. In the TV show ""The Office,"" Michael Scott",i,idk,IDK,0.8138
meta,16,dev_0290,no,I don't know. The Vampire Diaries is a television series,i,idk,IDK,0.8227000000000001
meta,16,dev_0303,no,I don't know. Arizona was a character on Grey's Anat,i,idk,IDK,0.8096
meta,16,dev_0231,yes,"Yes, Penne alla Vodka typically contains dairy, as it is",yes,yes,Correct,0.8132
meta,16,dev_0401,yes,I don't know. Whole wheat rice and brown rice are different gr,i,idk,IDK,0.8178
meta,16,dev_0420,yes,"No, red velvet cake is not chocolate cake with red dye. Red",no,no,Incorrect,0.8146
meta,16,dev_0571,yes,I don't know. Chicken cordon bleu is traditionally made,i,idk,IDK,0.8104
meta,16,dev_0583,yes,"No, pork back ribs are not the same as baby back ribs",no,no,Incorrect,0.8196
meta,16,dev_0765,yes,"Yes, salted duck eggs need to be cooked before consumption. The salt preserv",yes,yes,Correct,0.8177000000000001
meta,16,dev_0778,yes,"Yes, a cookie sheet and a sheet pan are essentially the same thing. They",yes,yes,Correct,0.8111
meta,16,dev_0815,yes,I don't know. Sprite is a lemon-lime flavored,i,idk,IDK,0.8172
meta,16,dev_0073,no,I don't know. The taste of cotton candy can vary depending on the,i,idk,IDK,0.8082999999999999
meta,16,dev_0491,no,I don't know. Picante sauce and taco sauce are similar,i,idk,IDK,0.8132
meta,16,dev_0615,no,I don't know. Rice noodles and glass noodles are,i,idk,IDK,0.8094
meta,16,dev_0868,no,I don't know. Fruit Roll-Ups are primarily made from,i,idk,IDK,0.8249
meta,16,dev_0880,no,I don't know. Thousand Island dressing and French dressing are similar,i,idk,IDK,0.8127000000000001
meta,16,dev_0953,no,I don't know. Monster Energy drinks are non-alcoholic,i,idk,IDK,0.8087000000000001
meta,16,dev_0985,no,I don't know. Long Island Iced Teas are a type of,i,idk,IDK,0.8208
meta,16,dev_0136,yes,"Yes, Battlefield 1 does have a single-player campaign.",yes,yes,Correct,0.7341
meta,16,dev_0367,yes,"YES, Devil May Cry 5 is set after Devil May Cry",yes,yes,Correct,2.1513
meta,16,dev_0618,yes,"YES, Dying Light: The Following Enhanced Edition includes the original",yes,yes,Correct,0.8105
meta,16,dev_0720,yes,"Yes, State of Decay is co-op on Xbox One. You can",yes,yes,Correct,0.8224
meta,16,dev_0770,yes,I don't know. The numbers on a roulette wheel do not add,i,idk,IDK,0.8097000000000001
meta,16,dev_0835,yes,Yes. Pokémon Let's Go is a remake of Poké,yes,yes,Correct,0.8087000000000001
meta,16,dev_0896,yes,"Yes, Naruto Ultimate Ninja Storm has a story mode.",yes,yes,Correct,0.7467
meta,16,dev_0434,no,"I don't know. Some Xbox games are compatible with the Xbox One,",i,idk,IDK,0.8097000000000001
meta,16,dev_0489,no,I don't know. The Far Cry series does have some connections and shared,i,idk,IDK,0.8105
meta,16,dev_0852,no,"Yes, you can play Phase 10 with 7 players. The game",yes,yes,Incorrect,0.821
meta,16,dev_0870,no,"YES, a paladin in most tabletop RPGs, such",yes,yes,Incorrect,0.8212999999999999
meta,16,dev_1148,no,I don't know. RollerCoaster Tycoon World was initially,i,idk,IDK,0.8119
meta,16,dev_2595,no,"Yes, A Way Out is a cooperative multiplayer game, but it can",yes,yes,Incorrect,0.8128
meta,16,dev_0281,yes,I don't know. Tolls on I-70 in Kansas,i,idk,IDK,0.8082999999999999
meta,16,dev_0528,yes,"Yes, there is a train station in Atlantic City. It is called the Atlantic",yes,yes,Correct,0.8094
meta,16,dev_0547,yes,"Yes, there is a toll on the Battery Tunnel.",yes,yes,Correct,0.698
meta,16,dev_0623,yes,"I don't know. The George Washington Bridge is a toll bridge, but",i,idk,IDK,0.8242
meta,16,dev_0626,yes,I don't know. Skyline Drive is a scenic road that runs,i,idk,IDK,0.8112
meta,16,dev_0686,yes,I don't know. Edinburgh Castle is built on an extinct volcan,i,idk,IDK,0.8114
meta,16,dev_0822,yes,"Yes, there is a waterfall in Marble Falls, TX. It'",yes,yes,Correct,0.8179
meta,16,dev_1210,yes,I don't know. Caesar's Creek is a waterway in,i,idk,IDK,0.8096
meta,16,dev_0374,no,"I don't know. San Pedro, Laguna is not part of Metro",i,idk,IDK,0.8107000000000001
meta,16,dev_0900,no,I don't know. Fort Walton Beach and Destin are two separate,i,idk,IDK,0.8114
meta,16,dev_0913,no,I don't know. Porpoise Spit is not a well-,i,idk,IDK,0.8247000000000001
meta,16,dev_1234,no,I don't know. The Gulf Stream is a warm ocean current that flows,i,idk,IDK,0.8114
meta,16,dev_1360,no,I don't know. Lake Hiawatha is a park in,i,idk,IDK,0.81
meta,16,dev_1544,no,I don't know. The I-30 in Dallas has both toll,i,idk,IDK,2.1734
meta,16,dev_1588,no,I don't know. Lake George is a natural lake located in the Ad,i,idk,IDK,0.8111
meta,16,dev_0344,yes,I don't know. While some organisms can develop resistance to low levels,i,idk,IDK,0.8099
meta,16,dev_0379,yes,I don't know. New England Baptist Hospital is a specialized orthoped,i,idk,IDK,0.8105
meta,16,dev_0474,yes,I don't know. One A Day is a brand of multivit,i,idk,IDK,0.82
meta,16,dev_0614,yes,I don't know. While a cold water bath can help with muscle recovery,i,idk,IDK,0.8102
meta,16,dev_0655,yes,I don't know. A hiatal hernia is a condition where the,i,idk,IDK,0.8144
meta,16,dev_1195,yes,I don't know. The blue-ringed octopus is one,i,idk,IDK,0.8292999999999999
meta,16,dev_1197,yes,I don't know. Ectopic pregnancies cannot develop normally within the,i,idk,IDK,0.8206
meta,16,dev_1313,yes,I don't know. Relative risk and risk ratio are related but not,i,idk,IDK,0.8082
meta,16,dev_1564,yes,I don't know. PCP (Phencyclidine) and,i,idk,IDK,0.8184
meta,16,dev_0078,no,"Yes, there is a right and left brachiocephalic ar",yes,yes,Incorrect,0.8084
meta,16,dev_0166,no,"Yes, that is correct. It is five portions of fruit and five portions of",yes,yes,Incorrect,0.8108
meta,16,dev_0851,no,"Yes, attending a first aid course is part of the chain of survival. The",yes,yes,Incorrect,0.8106
meta,16,dev_0861,no,I don't know. A junctional rhythm is a type of heart,i,idk,IDK,0.8082999999999999
meta,16,dev_0872,no,A first-degree burn is less severe than a third-degree burn. A,a,other,NC,0.8172999999999999
meta,16,dev_1554,no,'I don't know.' The debate about chronic Lyme disease is ongoing,i,idk,IDK,0.8102
meta,16,dev_1719,no,"Yes, extended release and sustained release are essentially the same thing. They both refer",yes,yes,Incorrect,0.8259
meta,16,dev_1991,no,I don't know. The idea that the ring finger is connected to the,i,idk,IDK,0.8098
meta,16,dev_2115,no,"I don't know. Sumo wrestling can be physically demanding, but",i,idk,IDK,0.808
meta,16,dev_0105,yes,"Yes, there were drafts during the Revolutionary War. The Continental Congress",yes,yes,Correct,0.8101
meta,16,dev_0125,yes,I don't know. The eruption of Mount Vesuvius,i,idk,IDK,0.8091
meta,16,dev_0191,yes,I don't know. The Tomb of the Unknown Soldier is,i,idk,IDK,0.8106
meta,16,dev_1292,yes,"Yes. Queen Elizabeth II married her cousin, Prince Philip, Duke of Edinburgh.",yes,yes,Correct,0.8125
meta,16,dev_1338,yes,I don't know. The Gulf War did not involve rainfall of oil,i,idk,IDK,0.8188
meta,16,dev_0388,no,"Yes, integration was generally the rule in the northern states during the period of the",yes,yes,Incorrect,2.1514
meta,16,dev_0703,no,I don't know. The Peacock Throne was a throne,i,idk,IDK,0.8155
meta,16,dev_0833,no,"Yes, bodies were found from the Edmund Fitzgerald. The ship sank",yes,yes,Incorrect,0.8236
meta,16,dev_0874,no,I don't know. There have been several attempts to escape from Alcat,i,idk,IDK,0.8164
meta,16,dev_1651,no,I don't know. There have been tin mines in Cornwall for centuries,i,idk,IDK,0.8092
meta,16,dev_0072,yes,I don't know. The regulations regarding the possession of ammunition can,i,idk,IDK,0.8102999999999999
meta,16,dev_0258,yes,"I don't know. In Wisconsin, the sale of alcohol is regulated",i,idk,IDK,0.8089
meta,16,dev_0286,yes,"Yes, an administrative law judge is a real judge. They are judges who pres",yes,yes,Correct,0.8119
meta,16,dev_0348,yes,"I don't know. In the UK, it is illegal to keep a",i,idk,IDK,0.811
meta,16,dev_0467,yes,"Yes, a certification of birth and a birth certificate are the same thing. They",yes,yes,Correct,0.8135
meta,16,dev_0515,yes,I don't know. The ability to obtain a restraining order against a,i,idk,IDK,0.8115
meta,16,dev_0562,yes,"I don't know. The laws regarding concealed carry vary by state,",i,idk,IDK,0.8118
meta,16,dev_0636,yes,"I don't know. In California, there are strict laws regarding the carrying",i,idk,IDK,0.8217000000000001
meta,16,dev_0740,yes,"Yes, there is a time limit for ratification of an amendment. In",yes,yes,Correct,0.809
meta,16,dev_0838,yes,"Yes, in Quebec, you can turn right on a red light after stopping and",yes,yes,Correct,0.824
meta,16,dev_0864,yes,"Yes, in the state of Ohio, it is legal to open carry a fire",yes,yes,Correct,0.8096
meta,16,dev_0873,yes,'I don't know.' The rules for driving with a learner',i,idk,IDK,0.8122
meta,16,dev_0901,yes,It depends on the specific laws in the area where you are driving. In general,it,other,NC,0.808
meta,16,dev_0909,yes,I don't know. A signature is a unique mark made by a person,i,idk,IDK,0.8077000000000001
meta,16,dev_1134,yes,"Yes, New York State is a common law state. Common law is a system",yes,yes,Correct,0.8278
meta,16,dev_0198,no,"I don't know. In New Hampshire, there is no permit required to",i,idk,IDK,0.8117000000000001
meta,16,dev_0215,no,I don't know. The operating hours of liquor stores can vary by,i,idk,IDK,0.8222999999999999
meta,16,dev_0223,no,I don't know. Recording covers of songs can be a complex issue,i,idk,IDK,0.8168
meta,16,dev_0234,no,I don't know. The age of consent for sexual activity varies by juris,i,idk,IDK,0.812
meta,16,dev_0272,no,I don't know. The Taconic State Parkway is a park,i,idk,IDK,0.811
meta,16,dev_0453,no,"I don't know. In most states, it is illegal to marry your",i,idk,IDK,0.8141
meta,16,dev_0499,no,"I don't know. Puerto Rico is a U.S. territory,",i,idk,IDK,0.8106
meta,16,dev_0552,no,I don't know. The rules for having a phone in prison can vary,i,idk,IDK,0.8091
meta,16,dev_0680,no,"Yes, there is a time limit on trade secrets. In the United States,",yes,yes,Incorrect,0.8087000000000001
meta,16,dev_0738,no,"I don't know. Taiwan is not a member of the United Nations,",i,idk,IDK,0.8376
meta,16,dev_0771,no,"I don't know. Payola, which is the illegal practice of radio",i,idk,IDK,0.8096
meta,16,dev_0888,no,"Yes, Supreme Court justices have been removed from office. However, they have",yes,yes,Incorrect,0.8076
meta,16,dev_1135,no,"In the UK, a certified copy is not the same as an original. A",in,other,NC,0.8145
meta,16,dev_1188,no,I don't know. The eligibility to purchase a firearm can,i,idk,IDK,0.8096
meta,16,dev_0339,yes,"Yes, a military ID can be used as a valid travel document for U.",yes,yes,Correct,0.8289
meta,16,dev_0357,yes,I don't know. The American Community Survey is a survey conducted by the,i,idk,IDK,0.8106
meta,16,dev_0498,yes,Yes. The Florida Constitution sets the minimum age for legislators at 21,yes,yes,Correct,0.8101
meta,16,dev_0620,yes,"Yes, the United Nations has intervened in conflicts involving Pakistan on several occasions.",yes,yes,Correct,0.808
meta,16,dev_0878,yes,"Yes, in the United States, the national government and the federal government are the",yes,yes,Correct,0.809
meta,16,dev_1864,yes,Yes. The U.S. Marines are a branch of the U.,yes,yes,Correct,0.8252999999999999
meta,16,dev_2080,yes,"The Coast Guard is part of the Department of Homeland Security, not the Department",the,other,NC,0.8094
meta,16,dev_2395,yes,"I don't know. In Australia, the Governor-General is the Queen",i,idk,IDK,0.8219
meta,16,dev_2639,yes,I don't know. Canada is not a permanent member of the United Nations,i,idk,IDK,0.8136
meta,16,dev_3155,yes,"I don't have personal service records, but I can tell you that service",i,other,NC,0.8122
meta,16,dev_3209,yes,"Yes, if you attend the Naval Academy, you are in the Navy. The",yes,yes,Correct,0.8097000000000001
meta,16,dev_0209,no,"No, Israel is not part of the European Economic Area (EEA). The",no,no,Correct,0.8229
meta,16,dev_0273,no,"Yes, you have to pay tolls in both directions on the George Washington Bridge",yes,yes,Incorrect,0.8198
meta,16,dev_0404,no,"Yes, Puerto Rico is a commonwealth of the United States, not a prote",yes,yes,Incorrect,0.8108
meta,16,dev_0567,no,I don't know. Romania is not currently part of the Visa,i,idk,IDK,0.8096
meta,16,dev_0675,no,I don't know. Saudi Arabia ratified the International Covenant on,i,idk,IDK,0.8262
meta,16,dev_1172,no,"I don't know. Turkey is a candidate for European Union membership, but",i,idk,IDK,0.8095
meta,16,dev_1275,no,I don't know. The policy regarding wearing state awards on active duty can,i,idk,IDK,0.8085
meta,16,dev_1971,no,I don't know. Bosnia and Herzegovina is not a,i,idk,IDK,0.8211
meta,16,dev_2001,no,I don't know. The power to pardon federal crimes lies with the,i,idk,IDK,0.8102
meta,16,dev_3004,no,I don't know. The ability to buy a council house was introduced in,i,idk,IDK,0.8148
meta,16,dev_3256,no,I don't know. The presence of cameras on traffic lights can vary depending,i,idk,IDK,0.8122
meta,16,dev_1132,yes,I don't know. Pink quartz and rose quartz are similar in,i,idk,IDK,0.8086
meta,16,dev_1233,yes,"I don't know. In an adiabatic process, there is",i,idk,IDK,0.8097000000000001
meta,16,dev_1511,yes,I don't know. The heat index is a measure of how hot it,i,idk,IDK,0.8096
meta,16,dev_1633,yes,I don't know. Nail acetone and paint acetone,i,idk,IDK,0.8248
meta,16,dev_2007,yes,"Yes, liquefied petroleum gas (LPG) is primarily prop",yes,yes,Correct,0.8085
meta,16,dev_2214,yes,I don't know. Dry water is a term that is often used to,i,idk,IDK,1.0526
meta,16,dev_2239,yes,Yes. The speed of sound does vary with frequency at constant temperature. This is,yes,yes,Correct,0.8089
meta,16,dev_2299,yes,"I don't know. Rain can occur without clouds, but it is more",i,idk,IDK,0.8331000000000001
meta,16,dev_2303,yes,"Yes, all life requires the same essential elements, which are carbon, hydrogen",yes,yes,Correct,0.8114
meta,16,dev_2477,yes,I don't know. The set of natural numbers includes the numbers 1,i,idk,IDK,0.8117000000000001
meta,16,dev_2993,yes,I don't know. Eidetic memory and photographic memory are often,i,idk,IDK,0.8162
meta,16,dev_3126,yes,I don't know. Upside-down rainbows are not,i,idk,IDK,0.8231
meta,16,dev_3188,yes,"I don't know. The terms ""turkey vulture"" and",i,idk,IDK,0.8128
meta,16,dev_3193,yes,"Yes, the Georgia Aquarium does have whale sharks. They are one",yes,yes,Correct,0.8102999999999999
meta,16,dev_3234,yes,"No, a rhombus is not the same as a diamond. A rh",no,no,Incorrect,0.8179
meta,16,dev_3265,yes,I don't know. The Titius-Bode rule is a mathematical,i,idk,IDK,2.1508000000000003
meta,16,dev_0001,no,I don't know. The energy balance of ethanol production is complex,i,idk,IDK,0.8128
meta,16,dev_0579,no,I don't know. While it is possible to hear a faint sound re,i,idk,IDK,0.8154
meta,16,dev_1003,no,"Yes, least squares is the same as linear regression. Both methods are",yes,yes,Incorrect,0.8136
meta,16,dev_1483,no,I don't know. A meter stick and a yardstick are units of,i,idk,IDK,0.8118
meta,16,dev_1551,no,"I don't know. Australia is not part of the Ring of Fire,",i,idk,IDK,0.8157000000000001
meta,16,dev_1702,no,I don't know. Pterodactyl is a common name for,i,idk,IDK,0.8135
meta,16,dev_1925,no,"I don't know. Percent difference and percent change are related concepts,",i,idk,IDK,0.8229
meta,16,dev_2025,no,"Yes, the load is one of the two points of a lever. The other",yes,yes,Incorrect,0.8108
meta,16,dev_2312,no,I don't know. Turpentine and white spirit are similar but not,i,idk,IDK,0.8187000000000001
meta,16,dev_2471,no,"Yes. A fixed pulley provides a mechanical advantage of 1:1,",yes,yes,Incorrect,0.8171
meta,16,dev_2521,no,I don't know. The t-distribution does not have a standard,i,idk,IDK,0.8104
meta,16,dev_2782,no,I don't know. The hydronium ion (H3O+,i,idk,IDK,0.8092999999999999
meta,16,dev_2812,no,"I don't know. The salt concentration in the ocean is relatively uniform,",i,idk,IDK,0.8174
meta,16,dev_3014,no,"Yes, the days do get longer and shorter at the Equator. The length",yes,yes,Incorrect,0.8112999999999999
meta,16,dev_3034,no,I don't know. Hydraulic lime and hydr,i,idk,IDK,0.8121
meta,16,dev_3159,no,I don't know. While chipmunks and ground squirrel,i,idk,IDK,0.8126
meta,16,dev_3190,no,I don't know. Mahi-mahi and ahi tuna,i,idk,IDK,0.8116
meta,16,dev_0682,yes,I don't know. A sermon and a homily are similar,i,idk,IDK,0.8206
meta,16,dev_0735,yes,"Yes, in the United States, secondary school is often used as a term that",yes,yes,Correct,0.8097000000000001
meta,16,dev_1505,yes,"Yes, the University of St. Thomas is a nonprofit institution.",yes,yes,Correct,0.7357
meta,16,dev_1668,yes,Yes. Church of England (Anglican) worshippers make the sign of,yes,yes,Correct,0.8132999999999999
meta,16,dev_2373,yes,"'I don't know.' The hymn ""Lord of All",i,idk,IDK,0.8219
meta,16,dev_2793,yes,"Yes, Eastern Kentucky University is a Division 1 school. It is a member",yes,yes,Correct,0.8098
meta,16,dev_2929,yes,"I don't know. Child psychology and developmental psychology are related fields,",i,idk,IDK,0.8305
meta,16,dev_0605,no,I don't know. BYU is a private university owned by The Church,i,idk,IDK,0.8092999999999999
meta,16,dev_0908,no,I don't know. American College of Education is accredited by the,i,idk,IDK,0.8088
meta,16,dev_1388,no,I don't know. UCL (University College London) is a,i,idk,IDK,0.8096
meta,16,dev_1521,no,"I don't know. In Sweden, students are entitled to a basic grant",i,idk,IDK,0.8079
meta,16,dev_2334,no,I don't know. The Book of Jasher is not included in,i,idk,IDK,0.8201
meta,16,dev_2641,no,I don't know. The use of hyphens in double-barrel,i,idk,IDK,0.8086
meta,16,dev_0347,yes,"Yes, the Women's College World Series is a double elimination tournament.",yes,yes,Correct,0.8134
meta,16,dev_0411,yes,I don't know. The Redskins' defensive scheme can change from,i,idk,IDK,0.8088
meta,16,dev_0439,yes,I don't know. The Milwaukee Brewers have not yet,i,idk,IDK,0.8088
meta,16,dev_0452,yes,I don't know. Belgium has reached the World Cup semi-finals,i,idk,IDK,0.8258
meta,16,dev_0585,yes,"I don't know. In a rugby league scrum, the players are",i,idk,IDK,0.8101
meta,16,dev_0656,yes,"I don't know. Kaká, whose full name is Ricardo",i,idk,IDK,0.8091
meta,16,dev_0661,yes,"Yes, the KSI vs. Logan Paul fight was pay-per-view",yes,yes,Correct,0.8127000000000001
meta,16,dev_0701,yes,"Yes, the Kentucky Derby is usually held on the first Saturday in May.",yes,yes,Correct,0.8102999999999999
meta,16,dev_0704,yes,"Yes, Wayne Gretzky won four Stanley Cups during his career,",yes,yes,Correct,0.8082999999999999
meta,16,dev_0752,yes,"I don't know. In professional soccer, there is no mercy rule like",i,idk,IDK,0.8094
meta,16,dev_0848,yes,I don't know. The rules for signing free agents in sports can vary,i,idk,IDK,0.8102
meta,16,dev_0883,yes,"Yes, a team has come back from 3-1 in a best-",yes,yes,Correct,2.1564
meta,16,dev_1143,yes,Yes. Dan Marino is in the Pro Football Hall of Fame. He was,yes,yes,Correct,0.8088
meta,16,dev_1305,yes,I don't know. In the NCAA (National Collegiate Athlet,i,idk,IDK,0.824
meta,16,dev_1497,yes,I don't know. Alphonse Areola is a French football,i,idk,IDK,0.8087000000000001
meta,16,dev_1777,yes,I don't know. The rules for counting away goals in league playoffs,i,idk,IDK,0.8085
meta,16,dev_2250,yes,I don't know. Poland qualified for the 2018 FIFA,i,idk,IDK,0.8174
meta,16,dev_2370,yes,"I don't know. Ireland has played Australia in rugby union multiple times,",i,idk,IDK,0.8072
meta,16,dev_0083,no,"Yes, there is a tiebreaker in the final set at Wimbled",yes,yes,Incorrect,0.8188
meta,16,dev_0085,no,I don't know. Deion Sanders is a professional athlete who,i,idk,IDK,0.8084
meta,16,dev_0170,no,I don't know. The Czech Republic has never won the FIFA World Cup,i,idk,IDK,0.8122
meta,16,dev_0230,no,I don't know. The rules for running on a dropped third strike in,i,idk,IDK,0.8084
meta,16,dev_0412,no,I don't know. The Miami Dolphins do not have a real,i,idk,IDK,0.8086
meta,16,dev_0421,no,I don't know. The Golden Boot is awarded to the player with the,i,idk,IDK,0.8119
meta,16,dev_0447,no,"Yes, Panama has qualified for the World Cup. They first qualified for the",yes,yes,Incorrect,0.8094
meta,16,dev_0544,no,"Yes, Trinity Forest Golf Club is a private course.",yes,yes,Incorrect,0.6612
meta,16,dev_0565,no,"Yes, walks are not hits, but they are counted as a base on balls",yes,yes,Incorrect,0.8312999999999999
meta,16,dev_0589,no,"Yes, it is considered goaltending if the ball hits the backboard below",yes,yes,Incorrect,0.818
meta,16,dev_0593,no,I don't know. The teams that win the FIFA World Cup do not,i,idk,IDK,0.8087000000000001
meta,16,dev_0859,no,I don't know. The U.S. Open is not played on,i,idk,IDK,0.815
meta,16,dev_0865,no,I don't know. The San Jose Sharks have not won a Stanley,i,idk,IDK,0.8135
meta,16,dev_1518,no,Yes. All 2018 World Cup matches were played in Russia.,yes,yes,Incorrect,0.8375
meta,16,dev_1768,no,I don't know. England has not won the Women's World Cup,i,idk,IDK,0.8146
meta,16,dev_1779,no,I don't know. India did not qualify for the 201,i,idk,IDK,0.8152
meta,16,dev_1905,no,"I don't know. In soccer, a player cannot be offside from",i,idk,IDK,0.8088
meta,16,dev_2156,no,"Yes, the Yankees won the World Series in 2001",yes,yes,Incorrect,0.8082999999999999
meta,16,dev_2158,no,I don't know. The Cincinnati Bengals have not won,i,idk,IDK,2.173
meta,16,dev_2798,no,I don't know. The Super Bowl loser does not traditionally receive,i,idk,IDK,0.81
meta,16,dev_3138,no,"I don't know. The Olympic gold medal is actually made of silver,",i,idk,IDK,0.8198
meta,16,dev_0307,yes,I don't know. The tire size for a 29er is,i,idk,IDK,0.8105
meta,16,dev_0506,yes,"Yes, drywall mud and joint compound are the same thing. They are both",yes,yes,Correct,0.8127000000000001
meta,16,dev_0641,yes,I don't know. While some parts may be interchangeable between the,i,idk,IDK,0.814
meta,16,dev_0844,yes,I don't know. Bell and Telus are two separate telecommunications,i,idk,IDK,0.8272
meta,16,dev_1032,yes,"Yes, 1-844 is a toll-free number in Canada",yes,yes,Correct,0.8287
meta,16,dev_1574,yes,"Yes, there can be a chip in Apple Lightning cables. The chip",yes,yes,Correct,0.8154
meta,16,dev_1889,yes,I don't know. While the Mazda Tribute and Ford Escape,i,idk,IDK,0.8159
meta,16,dev_2093,yes,"Yes, you can call the police without a SIM card, but the method",yes,yes,Correct,0.8086
meta,16,dev_2213,yes,I don't know. Toll-free numbers in the U.S,i,idk,IDK,0.8288
meta,16,dev_2735,yes,I don't know. Pipelining is a technique used in computer,i,idk,IDK,0.8086
meta,16,dev_2836,yes,I don't know. The F-4 Phantom was a vers,i,idk,IDK,0.8085
meta,16,dev_0788,no,I don't know. MiniDV tapes and 8mm t,i,idk,IDK,0.813
meta,16,dev_0798,no,I don't know. Area code 669 is not a toll,i,idk,IDK,0.8122
meta,16,dev_1249,no,"YES, C++ strings do not need to be null-terminated as",yes,yes,Incorrect,0.8085
meta,16,dev_1458,no,"Yes, most powered speakers do not require an external amplifier because they have their",yes,yes,Incorrect,0.8191
meta,16,dev_1584,no,I don't know. The GMC Avalanche was discontinued,i,idk,IDK,0.8154
meta,16,dev_1589,no,"No, a SIM-free phone does not lock to a network. It",no,no,Correct,0.812
meta,16,dev_1657,no,"I don't know. The first iPhone, which was released in 2",i,idk,IDK,0.8092999999999999
meta,16,dev_1691,no,I don't know. Response time and input lag are related but not the,i,idk,IDK,0.8177000000000001
meta,16,dev_1943,no,"Yes, it costs money to join PlayStation Network. You will need a Play",yes,yes,Incorrect,0.8092
meta,16,dev_2682,no,I don't know. E-ZPass and EZ TAG are,i,idk,IDK,0.8088
meta,16,dev_2712,no,I don't know. A23 and N batteries are similar in size,i,idk,IDK,0.8348
meta,16,dev_0427,no,"I don't know. ""The Barber of Seville"" and """,i,idk,IDK,0.8096
meta,16,dev_0531,no,'I don't know.' While Smaug is a famous dragon in J,i,idk,IDK,0.8124
meta,16,dev_1915,no,'I don't know'. The Hunchback of Notre-D,i,idk,IDK,0.8217000000000001
meta,16,dev_1946,no,I don't know. Snake Eyes and Storm Shadow are characters from,i,idk,IDK,0.8177000000000001
meta,16,dev_2024,no,Yes. The foreword comes before the table of contents in a book.,yes,yes,Incorrect,0.7714
meta,16,dev_2265,no,I don't know. G major and E minor are different keys in music,i,idk,IDK,0.8125
meta,16,dev_0004,yes,Yes. Harry Potter and the Escape from Gringotts is a,yes,yes,Correct,0.8235
meta,16,dev_0241,yes,"Yes, Mariah Carey wrote ""All I Want for Christmas Is You.""",yes,yes,Correct,0.813
meta,16,dev_0326,yes,Yes. The Wizarding World of Harry Potter is located in Islands of,yes,yes,Correct,0.8134
meta,16,dev_0525,yes,"Yes, Queen had a number one hit. The song ""Bohemian R",yes,yes,Correct,0.8151
meta,16,dev_0577,yes,Yes. Phil Collins and Peter Gabriel were both members of Genesis at the same,yes,yes,Correct,0.8204
meta,16,dev_0799,yes,"Yes, contestants on Jeopardy! receive the money they win during",yes,yes,Correct,0.8122999999999999
meta,16,dev_0142,no,I don't know. Denatured alcohol and acetone are not,i,idk,IDK,0.8139
meta,16,dev_0494,no,I don't know. Fitness in biology refers to the ability of,i,idk,IDK,0.8256
meta,16,dev_0527,no,"YES, HeLa cells do not have a normal number of chromosomes",yes,yes,Incorrect,0.812
meta,16,dev_0566,no,I don't know. Bacteria of the same species can have different,i,idk,IDK,0.8162
meta,16,dev_0648,no,"Yes, evergreen trees do not lose their leaves in the winter. They are",yes,yes,Incorrect,0.8112
meta,16,dev_0668,no,I don't know. Red-eared sliders are freshwater t,i,idk,IDK,0.8147000000000001
meta,16,dev_0749,no,"Yes, sensory neurons are part of the peripheral nervous system, not",yes,yes,Incorrect,0.8102
meta,16,dev_0790,no,I don't know. Great white sharks do not live at the bottom,i,idk,IDK,0.8099
meta,16,dev_0867,no,I don't know. The relationship between genotype and phenotype is complex,i,idk,IDK,0.8112
meta,16,dev_0921,no,I don't know. Whale sharks are filter feeders and do,i,idk,IDK,0.8124
meta,16,dev_1088,no,I don't know. Rabbits and cats are not able to breed with,i,idk,IDK,0.8094
meta,16,dev_1329,no,"I don't have an earlobe, so I don't have",i,other,NC,0.8115
meta,16,dev_1402,no,"Yes, tissue is composed of one type of cell, but there are different types",yes,yes,Incorrect,0.8281000000000001
meta,16,dev_1428,no,I don't know. Sweat glands are part of the inte,i,idk,IDK,0.8092999999999999
meta,16,dev_1439,no,I don't know. Groundhogs and moles are different animals.,i,idk,IDK,0.8075
meta,16,dev_0020,yes,Yes. Magnesium citrate does contain citric acid.,yes,yes,Correct,0.7059
meta,16,dev_0027,yes,"Yes, penguins have feathers that arise from the epidermis.",yes,yes,Correct,0.8087000000000001
meta,16,dev_0047,yes,"Yes, there is such a thing as a turkey vulture. It is",yes,yes,Correct,0.8242999999999999
meta,16,dev_0070,yes,"Yes, T. rex and Tyrannosaurus rex are the",yes,yes,Correct,0.8094
meta,16,dev_0086,yes,"'I don't know.' In some countries, the term 'Alsat",i,idk,IDK,0.8117000000000001
meta,16,dev_0121,yes,"Yes, St. Bernards and Bernese Mountain Dogs are related. They",yes,yes,Correct,0.8122
meta,16,dev_0131,yes,I don't know. The latent heat of vaporization of a,i,idk,IDK,0.8091
meta,16,dev_0147,yes,"Yes, the navel and the belly button are the same thing. They are",yes,yes,Correct,0.8346
meta,16,dev_0159,yes,"Yes, a tree can have more than one trunk. This is known as a",yes,yes,Correct,0.8079
meta,16,dev_0190,yes,"Yes, bees do die after they lose their stinger. The stinger",yes,yes,Correct,0.8142999999999999
meta,16,dev_0195,yes,I don't know. Alligators have a unique way of capturing,i,idk,IDK,0.8117000000000001
meta,16,dev_0200,yes,Yes. Competitive inhibitors bind to the active site of an enzyme,yes,yes,Correct,0.8122
meta,16,dev_0214,yes,"Yes, animal cells have a cell membrane. The cell membrane, also",yes,yes,Correct,0.951
meta,16,dev_0242,yes,"Yes. Both male and female bighorn sheep have horns, but the",yes,yes,Correct,0.8075
meta,16,dev_0522,yes,Yes. A hornet can sting you more than once because their sting,yes,yes,Correct,0.8266
meta,16,dev_0033,no,I don't know. Federal income tax and Social Security are two separate systems,i,idk,IDK,0.8172
meta,16,dev_0123,no,"Yes, public limited companies (PLCs) are considered part of the private",yes,yes,Incorrect,0.8114
meta,16,dev_0501,no,I don't know. Comcast and Time Warner Cable were separate companies,i,idk,IDK,0.8111
meta,16,dev_0526,no,"No, Canadian dollars are not the same as American dollars. Canadian dollars are the",no,no,Correct,0.8194
meta,16,dev_1076,no,"I don't know. In general, a bank run can occur at any",i,idk,IDK,0.8101
meta,16,dev_1213,no,"Yes, discretionary income and disposable income are the same. Discret",yes,yes,Incorrect,0.8132
meta,16,dev_1654,no,I don't know. The unemployment rate is calculated based on people who are,i,idk,IDK,0.8268
meta,16,dev_1753,no,I don't know. Universal Music Group and Universal Studios are both part of,i,idk,IDK,0.822
meta,16,dev_1825,no,I don't know. A bank sort code is a six-digit,i,idk,IDK,0.8098
meta,16,dev_2911,no,"I don't know. The United States has a floating exchange rate, which",i,idk,IDK,0.8091
meta,16,dev_2740,no,I don't know. The Better Business Bureau (BBB) is a,i,idk,IDK,0.8081
meta,16,dev_2517,no,"I don't know. The Bank of England is a central bank, which",i,idk,IDK,0.8122999999999999
meta,16,dev_1139,yes,"Yes, there are state income taxes in New Mexico.",yes,yes,Correct,0.6233
meta,16,dev_0002,yes,I don't know. House tax and property tax are often used interchange,i,idk,IDK,0.824
meta,16,dev_0773,yes,"Yes, a company can be public but not listed. A public company is one",yes,yes,Correct,0.8108
meta,16,dev_1186,yes,Yes. Universal life policies have cash value. The cash value component of a universal,yes,yes,Correct,0.8077000000000001
meta,16,dev_1302,yes,"Yes, Dodge and Jeep are both brands owned by the same company,",yes,yes,Correct,0.8207000000000001
meta,16,dev_1349,yes,"YES, NPV (Net Present Value) does account for the time",yes,yes,Correct,0.8138
meta,16,dev_1771,yes,"Yes, a news release and a press release are essentially the same thing. They",yes,yes,Correct,0.8147000000000001
meta,16,dev_1804,yes,"Yes, a two-dollar bill does have monetary value. It is",yes,yes,Correct,0.82
meta,16,dev_1873,yes,"Yes, Stop & Shop and Giant are both owned by Ahold Delha",yes,yes,Correct,0.8272
meta,16,dev_1963,yes,"Yes, that is correct. There is no sales tax in New Hampshire.",yes,yes,Correct,0.7721
meta,16,dev_2582,yes,"Yes, a profit and loss statement is the same as an income statement. They",yes,yes,Correct,0.8147000000000001
meta,16,dev_2598,yes,"Yes, Hellmann's and Best Foods are the same company. They",yes,yes,Correct,0.8112999999999999
meta,16,dev_3158,yes,I don't know. While there can be a relationship between economic development and,i,idk,IDK,0.8247000000000001
meta,16,dev_0551,no,I don't know. An ounce (oz) and a fluid,i,idk,IDK,0.8161
meta,16,dev_1158,no,I don't know. A crossover and an SUV are,i,idk,IDK,0.8131
meta,16,dev_1364,no,"Yes, a jet engine is an external combustion engine. The fuel is",yes,yes,Incorrect,0.8157000000000001
meta,16,dev_1807,no,"No, 8.5x11 (US Letter) is not the",no,no,Correct,0.8084
meta,16,dev_2542,no,I don't know. Father's Day is celebrated on the third Sunday,i,idk,IDK,0.8177000000000001
meta,16,dev_2562,no,I don't know. While both ribeye and Delmonico ste,i,idk,IDK,0.8095
meta,16,dev_3005,no,I don't know. While English Bull Terriers and Pit Bulls,i,idk,IDK,0.8387
meta,16,dev_3194,no,"No, corn chips and tortilla chips are not the same. While both are",no,no,Correct,0.8096
meta,16,dev_3195,no,I don't know. A boarding pass is a document that grants a,i,idk,IDK,0.8098
meta,16,dev_0013,yes,"I don't recommend washing your hair with shower gel, as it can strip",i,other,NC,0.8145
meta,16,dev_0043,yes,Yes. Interstate 10 is a coast-to-coast inter,yes,yes,Correct,0.8091
meta,16,dev_0052,yes,Yes. A hammer can be used as a weapon.,yes,yes,Correct,0.624
meta,16,dev_0091,yes,I don't know. A tablespoon and a dessert spoon are both,i,idk,IDK,0.8106
meta,16,dev_0116,yes,"Yes, a father-in-law is considered a relative.",yes,yes,Correct,0.7078
meta,16,dev_0288,yes,"Yes. The UK uses a 24-hour clock, also known as",yes,yes,Correct,0.8074
meta,16,dev_0555,yes,"Yes, ZIP code and postal code are the same. They are both",yes,yes,Correct,0.8094
meta,16,dev_0627,yes,"No, the title ""Sir"" is a title of honor and knighthood",no,no,Incorrect,0.8078
meta,16,dev_0831,yes,"Yes, a U.S. passport card is a valid form of ID",yes,yes,Correct,2.1586999999999996
meta,16,dev_0721,no,"I don't know. ""Night of the Living Dead"" is a",i,idk,IDK,0.8077000000000001
meta,16,dev_0863,no,I don't know. The Closer and Major Crimes are both television,i,idk,IDK,0.8175
meta,16,dev_1357,no,I don't know. The View and The Talk are two different talk shows,i,idk,IDK,0.81
meta,16,dev_1951,no,"The Bridge on the River Kwai is based on a novel, not a",the,other,NC,0.8084
meta,16,dev_2131,no,I don't know. Nacho is a character from Better Call Saul,i,idk,IDK,0.8298
meta,16,dev_2174,no,"No, Fear the Walking Dead is a separate television series from The Walk",no,no,Correct,0.8102
meta,16,dev_2252,no,'I don't know.' The eligibility requirements for America's,i,idk,IDK,0.818
meta,16,dev_2309,no,I don't know. Maleficent is a character from Disney',i,idk,IDK,0.8115
meta,16,dev_2364,no,I don't know. The Outsiders is a novel written by S,i,idk,IDK,0.8189
meta,16,dev_3075,no,"I don't know. Pulp Fiction is a fictional film,",i,idk,IDK,0.8128
meta,16,dev_3205,no,"I don't know. The movie ""Lady Bird"" is about a",i,idk,IDK,0.8114
meta,16,dev_0015,yes,Yes.,yes,yes,Correct,0.2969
meta,16,dev_0153,yes,Yes. There is a movie adaptation of The Handmaid's Tale,yes,yes,Correct,0.8098
meta,16,dev_0161,yes,'I don't know.' The Night of the Hunter is often considered a,i,idk,IDK,0.8126
meta,16,dev_0306,yes,"Yes, Grey's Anatomy is filmed at a real hospital.",yes,yes,Correct,0.8102
meta,16,dev_0334,yes,Yes.,yes,yes,Correct,0.2943
meta,16,dev_0338,yes,"Yes, Fear the Walking Dead and The Walking Dead are related.",yes,yes,Correct,0.8092
meta,16,dev_0493,yes,"'I don't know.' Love Child is a television series, and while",i,idk,IDK,0.8192999999999999
meta,16,dev_0520,yes,Yes. Age of Ultron came after Winter Soldier in the Marvel Cin,yes,yes,Correct,0.812
meta,16,dev_0212,no,I don't know. Maple syrup is not produced directly from the,i,idk,IDK,0.8178
meta,16,dev_0309,no,I don't know. Ground coriander and cumin are not the,i,idk,IDK,0.8121
meta,16,dev_0484,no,"Yes, salt water taffy does have salt water in it. The name",yes,yes,Incorrect,0.8252
meta,16,dev_0654,no,I don't know. Beef short ribs and spare ribs are,i,idk,IDK,0.8102
meta,16,dev_0973,no,I don't know. Salt water taffy is a type of candy,i,idk,IDK,0.8136
meta,16,dev_1335,no,I don't know. Cocoa beans and coffee beans are two different,i,idk,IDK,0.809
meta,16,dev_1443,no,I don't know. A lungo is an espresso shot that,i,idk,IDK,0.8204
meta,16,dev_0284,yes,"Yes, enameled cast iron can leach iron into food, especially when",yes,yes,Correct,0.8171
meta,16,dev_0330,yes,"Yes, the white cover on brie cheese is edible. It is called",yes,yes,Correct,0.8142999999999999
meta,16,dev_0443,yes,"Yes, powdered sugar and confectioners' sugar are the same. They",yes,yes,Correct,0.8202999999999999
meta,16,dev_0975,yes,"Yes, wholemeal flour and whole wheat flour are essentially the same thing.",yes,yes,Correct,0.8091
meta,16,dev_1741,yes,"Yes, garbanzo beans and chickpeas are the same thing. They",yes,yes,Correct,0.8105
meta,16,dev_1770,yes,"Yes. Pure vanilla extract contains alcohol, typically at a concentration of around",yes,yes,Correct,0.809
meta,16,dev_1860,no,I don't know. Pinot Noir and Pinot Gris are,i,idk,IDK,0.8312
meta,16,dev_1967,yes,"Yes, a caffe latte is the same as a latte. A",yes,yes,Correct,0.8142
meta,16,dev_0236,no,"YES, in poker, straights must be in the same suit to be",yes,yes,Incorrect,0.8085
meta,16,dev_0741,no,I don't know. The outcome of solitaire games can vary greatly depending,i,idk,IDK,0.8071
meta,16,dev_1440,no,"No, the Xbox One cannot play Xbox 360 discs. However",no,no,Correct,0.8088
meta,16,dev_2062,no,I don't know. The question is asking if a queen can move like,i,idk,IDK,0.8092
meta,16,dev_2109,no,"No, Call of Duty: World at War is based on World War II",no,no,Correct,0.8097000000000001
meta,16,dev_2137,no,"I don't know. In chess, the objective is to checkmate",i,idk,IDK,0.8292
meta,16,dev_0478,yes,Yes. Call of Duty: Modern Warfare 2 does have a multi,yes,yes,Correct,0.8114
meta,16,dev_0545,yes,"Yes, there is a storyline in Just Cause 3. The game",yes,yes,Correct,0.8127000000000001
meta,16,dev_1125,yes,"Yes, Need for Speed has a story mode. The game features a narrative that",yes,yes,Correct,0.8104
meta,16,dev_1137,yes,I don't know. Pokémon Crystal is compatible with Poké,i,idk,IDK,0.8234
meta,16,dev_1162,yes,"Yes, you can play DS games on a DS Lite. The DS L",yes,yes,Correct,0.809
meta,16,dev_1177,yes,"Yes, Company of Heroes 2 has a campaign.",yes,yes,Correct,0.6634
meta,16,dev_1444,yes,I don't know. The original Xbox games can be played on the Xbox,i,idk,IDK,0.8135
meta,16,dev_0313,no,I don't know. St. Kitts and Nevis is an,i,idk,IDK,0.8089
meta,16,dev_0823,no,The Ogallala Aquifer is not the largest in the world. The largest,the,other,NC,0.8147000000000001
meta,16,dev_0839,no,I don't know. West Virginia and Virginia are two separate states in the,i,idk,IDK,0.8277
meta,16,dev_1222,no,The Isle of Man is not a part of Great Britain. It is a,the,other,NC,0.8621
meta,16,dev_1254,no,"No, Sudan and South Sudan are not the same country. Sudan",no,no,Correct,0.8097000000000001
meta,16,dev_1269,no,"I don't know. The Mississippi River flows into the Gulf of Mexico,",i,idk,IDK,0.8206
meta,16,dev_1334,no,"I don't know. Patagonia is a region, not a country",i,idk,IDK,0.8088
meta,16,dev_0184,yes,I don't know. While it is possible to travel from Lake Michigan to,i,idk,IDK,0.8078
meta,16,dev_0322,yes,"Yes, the City of Industry is located in Los Angeles County.",yes,yes,Correct,0.699
meta,16,dev_0557,yes,"The water in the Amazon River is not fresh. It is brackish,",the,other,NC,0.8165
meta,16,dev_0573,yes,I don't know. The Black Sea and the Mediterranean Sea are separate bodies,i,idk,IDK,0.8111
meta,16,dev_1179,yes,"YES, Phoenix and Denver are in the same time zone, which is Mountain",yes,yes,Correct,0.8099
meta,16,dev_0619,yes,"Yes, the state of Texas is bigger than Germany. Texas has an area of",yes,yes,Correct,0.8338
meta,16,dev_0650,yes,"Yes. New York City includes the five boroughs: Manhattan, Brooklyn,",yes,yes,Correct,0.8115
meta,16,dev_0734,yes,I don't know. While it is possible to travel from Lake Erie,i,idk,IDK,0.8135
meta,16,dev_0061,no,"Yes, an EMT-Basic can start an IV in some states, but",yes,yes,Incorrect,0.8115
meta,16,dev_0124,no,I don't know. Health care in the United States is not entirely free,i,idk,IDK,0.8217000000000001
meta,16,dev_0914,no,I don't know. Stroke volume and ejection fraction are related but,i,idk,IDK,0.8174
meta,16,dev_0955,no,I don't know. Mycosis fungoides is a type,i,idk,IDK,0.8087000000000001
meta,16,dev_1610,no,I don't know. Soft-tissue damage can include a sprain,i,idk,IDK,0.8265
meta,16,dev_1790,no,I don't know. The shedding of the lining of the,i,idk,IDK,0.8192999999999999
meta,16,dev_2096,no,I don't know. X-rays and MRIs are both imag,i,idk,IDK,0.8099
meta,16,dev_2277,no,I don't know. High dependency and intensive care units (ICUs,i,idk,IDK,0.8142
meta,16,dev_2499,no,I don't know. A Doctor of Physical Therapy (DPT),i,idk,IDK,0.8202
meta,16,dev_1959,yes,"Yes. Normal body temperature can vary throughout the day, with the average temperature being",yes,yes,Correct,0.8091
meta,16,dev_1992,yes,"Yes, a person can transmit rabies to another person if they are bitten",yes,yes,Correct,0.813
meta,16,dev_2047,yes,"Yes, organs in the digestive system can be transplanted, but",yes,yes,Correct,0.8091
meta,16,dev_1656,yes,I don't know. The concept of physical pain from a broken heart is,i,idk,IDK,0.8106
meta,16,dev_1663,yes,"Yes. Turf toe can occur on any of the toes, not just the",yes,yes,Correct,0.8109
meta,16,dev_1752,yes,I don't know. Triamcinolone cream is a topical,i,idk,IDK,0.8324
meta,16,dev_2049,yes,Yes. The common femoral vein is a deep vein in the leg,yes,yes,Correct,0.8142999999999999
meta,16,dev_2050,yes,Yes. Drug tolerance can be caused by receptor upregulation and downreg,yes,yes,Correct,0.8079
meta,16,dev_1442,yes,"Yes, a lipid profile and a lipid panel are the same thing.",yes,yes,Correct,0.8275
meta,16,dev_0301,no,I don't know. The Berlin Wall and the Berlin Blockade are two,i,idk,IDK,0.8082
meta,16,dev_0480,no,I don't know. The Articles of Confederation were the first constitution,i,idk,IDK,0.822
meta,16,dev_1290,no,I don't know. Nova Scotia was not one of the original,i,idk,IDK,0.8099
meta,16,dev_1819,no,I don't know. The Czech Republic is a sovereign state in Central,i,idk,IDK,0.8116
meta,16,dev_2206,no,The Emancipation Proclamation did not apply to all states. It,the,other,NC,0.811
meta,16,dev_0376,yes,"Yes, William the Conqueror had a legitimate claim to the English throne.",yes,yes,Correct,0.8131
meta,16,dev_0346,yes,"Yes, there were helicopters in the Second World War. The first operational",yes,yes,Correct,0.8261000000000001
meta,16,dev_0363,yes,"Yes, there is silver in a 1971 silver dollar. The",yes,yes,Correct,0.8085
meta,16,dev_0535,yes,"I don't know. Houston was not the original capital of Texas, but",i,idk,IDK,0.8112999999999999
meta,16,dev_0629,yes,YES,yes,yes,Correct,0.2913
meta,16,dev_0179,no,"I don't know. In the United States, courts of appeals have",i,idk,IDK,0.8127000000000001
meta,16,dev_0402,no,"I don't know. In the UK, polygamy (having",i,idk,IDK,2.1471999999999998
meta,16,dev_0513,no,I don't know. The answer can vary depending on the jurisdiction and,i,idk,IDK,0.8154
meta,16,dev_0606,no,I don't know. The laws regarding escaping from prison can vary greatly,i,idk,IDK,0.8105
meta,16,dev_0630,no,I don't know. An honorable discharge is a specific military dis,i,idk,IDK,0.8095
meta,16,dev_0795,no,I don't know. Driving laws can vary from state to state in,i,idk,IDK,0.8112
meta,16,dev_1457,no,"I don't know. The Civil Rights Act is a federal law, not",i,idk,IDK,0.8182
meta,16,dev_1776,no,I don't know. An Employment Authorization Document (EAD),i,idk,IDK,0.8158
meta,16,dev_1862,no,I don't know. The FCC's equal-time rule applies,i,idk,IDK,0.8084
meta,16,dev_1911,no,I don't know. The U.S. Constitution does not specify a,i,idk,IDK,0.8118
meta,16,dev_2755,no,"I don't know. In most jurisdictions, it is required to",i,idk,IDK,0.8277
meta,16,dev_2756,no,"Yes, the Bill of Rights is not part of the original Constitution. It was",yes,yes,Incorrect,0.8126
meta,16,dev_2921,no,I don't know. Property tax and council tax are both types of local,i,idk,IDK,0.81
meta,16,dev_2972,no,I don't know. Commercial law and corporate law are related but not the,i,idk,IDK,0.8879
meta,16,dev_0009,yes,"Yes, you can drive in Canada with a US license for a short period,",yes,yes,Correct,0.8106
meta,16,dev_0038,yes,'I don't know.' Recording a cover of a song can be,i,idk,IDK,0.8137000000000001
meta,16,dev_0129,yes,"I don't know. In Florida, private sales of firearms are allowed",i,idk,IDK,0.8089
meta,16,dev_0202,yes,"Yes, breaking and entering into a car can be a felony, depending on",yes,yes,Correct,0.8128
meta,16,dev_0308,yes,"Yes, it is illegal for a minor to be in possession of alcohol.",yes,yes,Correct,0.7717999999999999
meta,16,dev_0584,yes,"Yes. The First Amendment is in the Bill of Rights, which is the",yes,yes,Correct,0.8094
meta,16,dev_0644,yes,"Yes. In most jurisdictions, it is a law that drivers must pull",yes,yes,Correct,0.8112999999999999
meta,16,dev_0653,yes,Yes. The Family Medical Leave Act (FMLA) is a federal law,yes,yes,Correct,0.8147000000000001
meta,16,dev_0671,yes,"Yes, the state of Kansas has the death penalty. However, it has not",yes,yes,Correct,2.1576999999999997
meta,16,dev_0757,yes,"Yes, you can get in trouble for stealing a street sign. It is",yes,yes,Correct,0.8091
meta,16,dev_1059,yes,The Supreme Court can potentially review and potentially block an executive order if it is challenged,the,other,NC,0.8289
meta,16,dev_1067,yes,"Yes, the Preamble is a part of the Indian Constitution. It provides",yes,yes,Correct,0.8098
meta,16,dev_1097,yes,"Yes, in Canada, you have the right to remain silent and not incrim",yes,yes,Correct,0.8149
meta,16,dev_1131,yes,I don't know. Illinois does not have a stand your ground law.,i,idk,IDK,0.8079
meta,16,dev_1324,yes,I don't know. The definition of an open container can vary depending on,i,idk,IDK,0.8207000000000001
meta,16,dev_0305,no,I don't know. The classification of states in India is based on various,i,idk,IDK,0.8107000000000001
meta,16,dev_0465,no,I don't know. The National Guard and the Coast Guard are separate branches,i,idk,IDK,0.8118
meta,16,dev_0508,no,I don't know. The 22nd Amendment to the U,i,idk,IDK,0.8267
meta,16,dev_0518,no,"The Justice Department is part of the executive branch, not the judicial branch.",the,other,NC,0.8162999999999999
meta,16,dev_0572,no,I don't know. A legislator is a general term for someone who,i,idk,IDK,0.8142
meta,16,dev_0898,no,I don't know. Permanent residents in Canada do not have the,i,idk,IDK,0.8117000000000001
meta,16,dev_1154,no,"Yes, there were not always 9 justices on the Supreme Court. The",yes,yes,Incorrect,0.813
meta,16,dev_1221,no,"I don't know. In the United States Congress, a filibuster",i,idk,IDK,0.8112999999999999
meta,16,dev_1244,no,I don't know. Canada and Australia are separate countries and are not part,i,idk,IDK,0.809
meta,16,dev_1245,no,"I don't know. Turkey is not a member of the European Union,",i,idk,IDK,0.8182
meta,16,dev_1273,no,I don't know. Guam and the U.S. Virgin Islands,i,idk,IDK,0.8199
meta,16,dev_0647,yes,Yes. Every nation-state has a national government. A nation-state is,yes,yes,Correct,0.8148
meta,16,dev_0254,yes,"I don't know. In the United States, the Vice President serves as",i,idk,IDK,0.8291000000000001
meta,16,dev_0486,yes,Yes. The United States Postal Service (USPS) is an independent agency,yes,yes,Correct,0.8116
meta,16,dev_0736,yes,The World Bank is not an affiliate of the United Nations. It is an international,the,other,NC,0.8092
meta,16,dev_0814,yes,I don't know. The Air Force primarily focuses on air and space operations,i,idk,IDK,0.8102
meta,16,dev_1477,yes,"Yes, the cabinet is part of the executive branch. The cabinet is made up",yes,yes,Correct,0.8087000000000001
meta,16,dev_1721,yes,"Yes, there are U.S. military bases in the UK. Some examples",yes,yes,Correct,0.8212
meta,16,dev_1786,yes,"Yes, New York City still has rent control. The city has rent regulations that",yes,yes,Correct,0.8122
meta,16,dev_1970,yes,Yes. A state ID is a government-issued identification card that is issued,yes,yes,Correct,0.8264
meta,16,dev_1985,yes,"Yes, a constitutional right to privacy exists in the United States. This right is",yes,yes,Correct,0.8249
meta,16,dev_2448,no,"I don't know. Puerto Rico is a U.S. territory,",i,idk,IDK,0.8247000000000001
meta,16,dev_0066,yes,"Yes, all triangles have at least two acute angles. The sum of",yes,yes,Correct,0.8107000000000001
meta,16,dev_0088,yes,"Yes, it is possible to create mass from energy according to the theory of mass",yes,yes,Correct,0.81
meta,16,dev_0196,yes,I don't know. While Tyrannosaurus rex fossils,i,idk,IDK,0.8094
meta,16,dev_0262,yes,"Yes, a real image can be projected onto a screen. A real image is",yes,yes,Correct,0.8146
meta,16,dev_0271,yes,"Yes, an outcome variable is the same as a dependent variable. In statistical models",yes,yes,Correct,0.8221
meta,16,dev_0329,yes,"Yes, the Sun orbits around the Milky Way. The Milky Way",yes,yes,Correct,0.812
meta,16,dev_0331,yes,"Yes, a wheel and axle is a simple machine. It belongs to the",yes,yes,Correct,0.8208
meta,16,dev_0387,yes,"Yes, density depends on the type of material. Different materials have different densities",yes,yes,Correct,0.8275
meta,16,dev_0418,yes,"No, it is not possible to have thunder and lightning while snowing. Th",no,no,Incorrect,0.8104
meta,16,dev_0616,yes,"Yes, bicarb soda and baking soda are the same. They",yes,yes,Correct,0.8108
meta,16,dev_0638,yes,"Yes. A rhombus is a special type of parallelogram,",yes,yes,Correct,0.8105
meta,16,dev_0657,yes,I don't know. Yield stress and yield strength are related but not,i,idk,IDK,0.8075
meta,16,dev_0692,yes,"Yes, a hydrometer can be used to measure the density of milk.",yes,yes,Correct,0.8091
meta,16,dev_0744,yes,"A polynomial cannot have a square root of a variable. So, the answer is",a,other,NC,0.8086
meta,16,dev_0797,yes,"Yes, average velocity has a direction associated with it. It represents the displacement",yes,yes,Correct,0.808
meta,16,dev_0842,yes,I don't know. Diffraction is a phenomenon that occurs when waves pass,i,idk,IDK,0.812
meta,16,dev_1379,yes,"Yes, talc and talcum powder are the same. Talc is",yes,yes,Correct,0.8118
meta,16,dev_0126,no,"I don't know. According to our current understanding of physics, it is",i,idk,IDK,2.3768000000000002
meta,16,dev_0342,no,I don't know. The speed of sound varies depending on the material it,i,idk,IDK,0.8081
meta,16,dev_0437,no,I don't know. The summer solstice and the full moon don,i,idk,IDK,0.819
meta,16,dev_0553,no,"Yes, all the angles in a parallelogram are equal.",yes,yes,Incorrect,0.7363
meta,16,dev_0652,no,The square root of 3 is not a rational number. It is an irr,the,other,NC,0.8161
meta,16,dev_0708,no,I don't know. A perfect square is a number that can be obtained,i,idk,IDK,0.8107000000000001
meta,16,dev_1083,no,I don't know. Carbon-14 dating is a method used,i,idk,IDK,0.8088
meta,16,dev_1142,no,I don't know. Quantum entanglement is a phenomenon where two,i,idk,IDK,0.8127000000000001
meta,16,dev_1354,no,I don't know. The depth of the water table can vary greatly depending,i,idk,IDK,0.8092999999999999
meta,16,dev_1460,no,I don't know. A single-subject research design is suitable for some,i,idk,IDK,0.8085
meta,16,dev_1468,no,I don't know. Sodium lactate and lactic acid,i,idk,IDK,0.8267
meta,16,dev_1559,no,"I don't know. The two functions, log x and ln x",i,idk,IDK,0.8261000000000001
meta,16,dev_1595,no,I don't know. Reverse osmosis water and deionized,i,idk,IDK,0.8125
meta,16,dev_1643,no,I don't know. Static pressure and atmospheric pressure are related,i,idk,IDK,0.8186
meta,16,dev_1692,no,I don't know. Atmospheric pressure can vary depending on factors,i,idk,IDK,0.8118
meta,16,dev_1726,no,"Yes, the vagus nerve is part of the peripheral nervous system (P",yes,yes,Incorrect,0.821
meta,16,dev_0008,yes,"Yes. The English word ""qwerty"" does not have the letter Q",yes,yes,Correct,0.8155
meta,16,dev_0323,yes,"Yes, Song of Solomon and Song of Songs are the same book. The",yes,yes,Correct,0.809
meta,16,dev_0794,yes,Yes. Erving Goffman is associated with the dramaturgical model,yes,yes,Correct,0.8107000000000001
meta,16,dev_0866,yes,"Yes. The word ""qat"" is an example of a word where Q",yes,yes,Correct,0.815
meta,16,dev_0910,yes,"The Dewey Decimal System is still in use, but it is not",the,other,NC,0.8107000000000001
meta,16,dev_0992,yes,"Yes, it is possible to be held back in elementary school if a student is",yes,yes,Correct,0.8252
meta,16,dev_1446,yes,"Yes, the Church of England and the Anglican Church are essentially the same",yes,yes,Correct,0.8211
meta,16,dev_0294,no,I don't know. Australian Sign Language (Auslan) and American,i,idk,IDK,0.8091
meta,16,dev_0521,no,"No, that is not true. The word ""kangaroo"" is",no,no,Correct,0.8229
meta,16,dev_0943,no,I don't know. The Book of Deuteronomy is actually in the,i,idk,IDK,0.809
meta,16,dev_1887,no,I don't know. The Persian and Arabic alphabets,i,idk,IDK,0.8217000000000001
meta,16,dev_2892,no,I don't know. While both Scottish Gaelic and Irish Gael,i,idk,IDK,0.8096
meta,16,dev_2691,no,I don't know. King's College London is a university located in,i,idk,IDK,0.8172999999999999
meta,16,dev_0065,yes,YES,yes,yes,Correct,0.2908
meta,16,dev_0245,yes,"I don't know. In American football, the ball is passed only once",i,idk,IDK,0.8089
meta,16,dev_0315,yes,"Yes, you can play soccer on a football field, but it may not be",yes,yes,Correct,0.8144
meta,16,dev_0361,yes,"Yes, chewing tobacco is banned in Major League Baseball since 20",yes,yes,Correct,0.81
meta,16,dev_0550,yes,"Yes, there have been tie games in baseball. However, it's important",yes,yes,Correct,0.8112999999999999
meta,16,dev_0595,yes,I don't know. The Ivy League does not have a basketball tournament,i,idk,IDK,0.8077000000000001
meta,16,dev_0966,yes,"Yes, the round of 16 in the World Cup is single elimination",yes,yes,Correct,0.8275
meta,16,dev_1078,yes,"Yes. The Columbus Blue Jackets, the Vegas Golden Knights, the",yes,yes,Correct,0.8088
meta,16,dev_1224,yes,"Yes, a rugby field is generally bigger than a football field. A rugby field",yes,yes,Correct,0.8255
meta,16,dev_1251,yes,Yes. Croatia has placed in the World Cup. They reached the fin,yes,yes,Correct,0.8225
meta,16,dev_1260,yes,I don't know. Nike Air Force 1s are primarily designed,i,idk,IDK,0.8084
meta,16,dev_1278,yes,Yes. Cal Ripken Jr. is in the Hall of Fame. He,yes,yes,Correct,0.8098
meta,16,dev_1462,yes,"Yes, there is an opening ceremony for the FIFA World Cup. The ceremony typically",yes,yes,Correct,0.8125
meta,16,dev_1494,yes,"Yes, a player can be offside on a corner kick. The offside",yes,yes,Correct,0.8095
meta,16,dev_1543,yes,Yes. The 2014 Los Angeles Kings came back from a,yes,yes,Correct,0.8129
meta,16,dev_2012,yes,Yes. Dwight Howard played for the Houston Rockets from 20,yes,yes,Correct,0.8134
meta,16,dev_2118,yes,I don't recommend attempting to break someone's wrist by twisting it,i,other,NC,0.828
meta,16,dev_2272,yes,"Yes, AstroTurf is a brand of artificial grass. While Astro",yes,yes,Correct,0.8232999999999999
meta,16,dev_2338,yes,"I don't know. In some cases, a player can participate in both",i,idk,IDK,0.8087000000000001
meta,16,dev_2498,yes,I don't know. There have been instances of players hitting grand slams,i,idk,IDK,0.8202
meta,16,dev_2509,yes,Yes. The Cleveland Cavaliers came back from 3-1 in the,yes,yes,Correct,0.8102999999999999
meta,16,dev_2917,yes,"Yes. The Tampa Bay Lightning has won the Stanley Cup twice, in",yes,yes,Correct,0.8175
meta,16,dev_2966,yes,"Yes, it is possible to go to the NBA out of high school, but",yes,yes,Correct,0.8086
meta,16,dev_2974,yes,I don't know. Running for 24 hours is a significant physical,i,idk,IDK,0.8265
meta,16,dev_3007,yes,"Yes, the Tour de France is different every year. The route, participating teams",yes,yes,Correct,0.8102
meta,16,dev_3199,yes,Yes. Club professionals have won the PGA Championship. The first club professional to,yes,yes,Correct,0.8126
meta,16,dev_0222,no,I don't know. The NCAA basketball has a slightly smaller diameter (,i,idk,IDK,0.8322999999999999
meta,16,dev_0398,no,"No, a player cannot score directly from a throw-in in soccer. The",no,no,Correct,0.8131
meta,16,dev_0426,no,"I don't know. In soccer, a goalie is not allowed to",i,idk,IDK,0.8118
meta,16,dev_0464,no,I don't know. The golden goal rule was abolished in 2,i,idk,IDK,0.8121
meta,16,dev_0563,no,I don't know. Croatia has reached the World Cup finals,i,idk,IDK,0.8212999999999999
meta,16,dev_0658,no,"I don't know. In baseball, a ""dead ball"" refers to",i,idk,IDK,0.8091
meta,16,dev_1366,no,I don't know. The Champions League trophy is not replaced every year,i,idk,IDK,0.811
meta,16,dev_1471,no,"I don't know. In soccer, a player can be offside on",i,idk,IDK,0.8286
meta,16,dev_1558,no,The FIFA World Cup is not held every year. It is held every four years,the,other,NC,0.8092999999999999
meta,16,dev_1580,no,I don't know. The White Sox and Cubs are two different,i,idk,IDK,0.8105
meta,16,dev_2401,no,I don't know. A no-ball is a delivery that does not,i,idk,IDK,0.8214
meta,16,dev_2436,no,I don't know. The current world record for running a mile is,i,idk,IDK,0.8171
meta,16,dev_3224,no,"I don't know. In Major League Baseball (MLB), games",i,idk,IDK,0.8082
meta,16,dev_0022,yes,"Yes, a spark plug is essential for an engine to run. It provides the",yes,yes,Correct,0.8269
meta,16,dev_0132,yes,"Yes, a Network Attached Storage (NAS) can be used as a",yes,yes,Correct,0.8282999999999999
meta,16,dev_0268,yes,"YES, an AGM battery is a type of sealed lead-acid",yes,yes,Correct,0.8109
meta,16,dev_0646,yes,"Yes, multithreading can still be useful even on a single processor.",yes,yes,Correct,0.811
meta,16,dev_0697,yes,"Yes, there is a storage limit on Google Drive. The free version of Google",yes,yes,Correct,0.827
meta,16,dev_0935,yes,"Yes, we can have multiple foreign keys in a table. Each foreign key must",yes,yes,Correct,0.8092999999999999
meta,16,dev_1159,yes,"Yes, a high-level language can use an assembler. An as",yes,yes,Correct,0.8095
meta,16,dev_1376,yes,Yes. A database can contain more than one table. Tables are used to,yes,yes,Correct,0.8159
meta,16,dev_1646,yes,"No, you cannot use cast-iron pans on an induction cooktop",no,no,Incorrect,0.8097000000000001
meta,16,dev_1869,yes,"Yes. A database table can have multiple foreign keys, as long as each foreign",yes,yes,Correct,0.8099
meta,16,dev_2397,yes,Yes. There is such a thing as a cell phone jammer. These devices,yes,yes,Correct,0.8105
meta,16,dev_0512,no,I don't know. Microsoft Visio and Visual Studio are different software products,i,idk,IDK,0.8192999999999999
meta,16,dev_1524,no,I don't know. The transmission and the engine are two separate components in,i,idk,IDK,0.8138
meta,16,dev_1675,no,I don't know. Input lag refers to the delay between the time a,i,idk,IDK,0.8107000000000001
meta,16,dev_1723,no,I don't know. The answer may depend on the specific 3-,i,idk,IDK,0.8232
meta,16,dev_2027,no,I don't know. HD DVD and Blu-ray are two different,i,idk,IDK,0.8081
meta,16,dev_2104,no,I don't know. The PlayStation 2 does not have built-,i,idk,IDK,0.937
meta,16,dev_2262,no,"No, WordPad is not the same as Microsoft Word. While both are text",no,no,Correct,0.8092
meta,16,dev_2431,no,"I don't know. In a traditional tree structure, a node can have",i,idk,IDK,0.8157000000000001
meta,16,dev_2524,no,I don't know. The iPhone SE was released in 201,i,idk,IDK,0.8079
meta,16,dev_3057,no,I don't know. Windows Subsystem for Linux (WSL) is,i,idk,IDK,0.8237000000000001
meta,16,dev_3167,no,I don't know. Gear oil and motor oil have different properties and,i,idk,IDK,0.8238
meta,11,dev_0023,yes,"No, a cape and a cloak are not the same. A c",no,no,Incorrect,0.7517
meta,11,dev_0039,no,"Yes, carbon can form a polar covalent bond with hydrogen. Car",yes,yes,Incorrect,0.767
meta,11,dev_0055,no,I don't know. Wisconsin has not had a team win the Little League,i,idk,IDK,0.7462000000000001
meta,11,dev_0059,no,"Yes, there is a group called The Five Heartbeats. They are a",yes,yes,Incorrect,0.8098
meta,11,dev_0068,no,'I don't know.' The laws regarding the death penalty for minors,i,idk,IDK,0.7537
meta,11,dev_0087,yes,I don't know. Frogs are unable to jump out of boiling,i,idk,IDK,0.7575
meta,11,dev_0107,no,"In Australia, gambling winnings are generally not taxed if they are less than",in,other,NC,0.7517
meta,11,dev_0120,yes,"No, a vehicle title and registration are not the same. A vehicle title is",no,no,Incorrect,0.7547
meta,11,dev_0138,no,"Yes, the drinking age is different in every state in the United States. The",yes,yes,Incorrect,0.7565
meta,11,dev_0151,no,"I don't know. The way numbers are written can vary between languages,",i,idk,IDK,0.7595
meta,11,dev_0163,yes,"Yes, the square root of 2 can be written as a fraction. It",yes,yes,Correct,0.8002
meta,11,dev_0165,no,"Yes, dragon fruit and pitaya are the same thing. The dragon fruit is",yes,yes,Incorrect,0.8055
meta,11,dev_0207,no,"Yes, France and the UK are in the same time zone. They are both",yes,yes,Incorrect,0.7632000000000001
meta,11,dev_0210,no,"Yes, The Three Little Pigs is a nursery rhyme. It",yes,yes,Incorrect,0.7655
meta,11,dev_0221,no,"Yes, that's correct. Markup languages are designed to describe data.",yes,yes,Incorrect,0.7479
meta,11,dev_0229,yes,"Yes, all UK National Insurance numbers have a letter at the end. The letter",yes,yes,Correct,0.7955
meta,11,dev_0237,no,"Yes, there is a difference between 2-cycle and 2-stroke",yes,yes,Incorrect,0.7634
meta,11,dev_0243,no,"Yes, there is a Chinatown in St. Louis, Missouri.",yes,yes,Incorrect,2.142
meta,11,dev_0248,yes,"I don't know. The cheetah is the fastest land animal,",i,idk,IDK,0.7497999999999999
meta,11,dev_0249,yes,'I don't know.' Queen ants do not give birth to other,i,idk,IDK,0.7461
meta,11,dev_0251,yes,"No, one sister chromatid does not have half the DNA of a chrom",no,no,Incorrect,0.8112999999999999
meta,11,dev_0257,yes,"Yes, a glass window can break on its own, especially if it is weak",yes,yes,Correct,0.7477999999999999
meta,11,dev_0270,no,"No, the drinking age in all U.S. states is 21",no,no,Correct,0.8125
meta,11,dev_0287,yes,"I don't know. In American football, a player on the receiving team",i,idk,IDK,0.7507
meta,11,dev_0295,no,"Yes, there is a difference between doves and pigeons. Doves",yes,yes,Incorrect,0.7617999999999999
meta,11,dev_0298,yes,I don't know. Sheet metal gauge and wire gauge are different systems,i,idk,IDK,0.7634
meta,11,dev_0312,no,"Yes, in English, adjectives typically come before the noun they modify",yes,yes,Incorrect,0.8012999999999999
meta,11,dev_0316,yes,"Yes, the internal intercostal muscles contract during inspiration. They help the rib",yes,yes,Correct,0.7487999999999999
meta,11,dev_0318,yes,"Yes, an Ace-2-3-4-5 is a straight",yes,yes,Correct,0.8095
meta,11,dev_0321,yes,I don't know. The rules for filibustering Supreme Court nom,i,idk,IDK,0.7915
meta,11,dev_0333,yes,"No, .22 Magnum and .22 WMR (Winchester",no,no,Incorrect,0.7666000000000001
meta,11,dev_0336,no,"Yes, there is a difference between Muay Thai and Thai boxing",yes,yes,Incorrect,0.7601
meta,11,dev_0343,yes,"No, the President is not the only member of the executive branch. The executive",no,no,Incorrect,0.7566
meta,11,dev_0352,no,"No, you cannot score directly off a throw-in in soccer. The throw",no,no,Correct,0.7777000000000001
meta,11,dev_0355,no,"No, Father's Day is not the same day every year. It is",no,no,Correct,0.7494
meta,11,dev_0364,no,"Yes, in the game of cricket, it is not mandatory to have a w",yes,yes,Incorrect,0.7539
meta,11,dev_0366,no,"Yes, the diaphragm separates the abdominal cavity",yes,yes,Incorrect,0.7674
meta,11,dev_0406,no,"Yes, a California roll typically contains fish, specifically imitation crab meat and",yes,yes,Incorrect,0.7456
meta,11,dev_0428,no,"Yes, peroxide and hydrogen peroxide are the same thing.",yes,yes,Incorrect,0.7914
meta,11,dev_0429,yes,"Yes, flax oil and linseed oil are the same. They are both",yes,yes,Correct,0.7855
meta,11,dev_0430,yes,I don't know. The Banaue Rice Terraces are not officially,i,idk,IDK,1.0218
meta,11,dev_0436,no,"Yes, there is such a thing as a broken heart, although it is not",yes,yes,Incorrect,0.7523
meta,11,dev_0441,no,"I don't know. The question is asking about a dish called ""sh",i,idk,IDK,0.7523
meta,11,dev_0442,yes,I don't know. Lead dust can be harmful if ingested or in,i,idk,IDK,0.751
meta,11,dev_0479,no,"Yes, there is such a thing as a miniature pig. Miniature p",yes,yes,Incorrect,0.7677999999999999
meta,11,dev_0481,no,I don't know. New York City has five boroughs: Manhattan,i,idk,IDK,0.7503
meta,11,dev_0482,no,I don't know. Bumblebees do not have barbs on,i,idk,IDK,0.7976
meta,11,dev_0487,no,"Yes, you can grow banana trees from a banana. The process is",yes,yes,Incorrect,0.7526
meta,11,dev_0504,yes,"No, friction tape and electrical tape are not the same. Friction tape",no,no,Incorrect,0.7587
meta,11,dev_0509,no,"Yes, the AR-15 is used by the military, but it is",yes,yes,Incorrect,0.7938999999999999
meta,11,dev_0532,no,I don't know. While there have been experiments and research into brain-,i,idk,IDK,0.7998
meta,11,dev_0534,no,"Yes. The National Guard is a military reserve force in the United States, and",yes,yes,Incorrect,0.7599
meta,11,dev_0536,yes,"No, Thanos was not in the first Guardians of the Galaxy movie.",no,no,Incorrect,0.7747
meta,11,dev_0537,no,"Yes, it is possible to receive a caution without being arrested. A caution is",yes,yes,Incorrect,0.7777999999999999
meta,11,dev_0546,yes,"No, the College of William & Mary is not an Ivy League school.",no,no,Incorrect,0.8493999999999999
meta,11,dev_0560,no,"Yes, the University of Tampa has a football team. They compete in the",yes,yes,Incorrect,0.7968
meta,11,dev_0568,no,"I don't know. The movie Heat, directed by Michael Mann and star",i,idk,IDK,0.7537999999999999
meta,11,dev_0569,no,"Yes, the NBA salary cap is a hard cap. This means that teams are",yes,yes,Incorrect,0.7583
meta,11,dev_0588,yes,I don't know. Boost Mobile and Virgin Mobile are both mobile network,i,idk,IDK,0.7567
meta,11,dev_0594,no,"Yes, bee stingers do fall out on their own after a be",yes,yes,Incorrect,0.7713
meta,11,dev_0596,no,"Yes, C# and Visual C# are the same. Visual C# is",yes,yes,Incorrect,0.8021
meta,11,dev_0598,yes,I don't know. The Vice President of the United States does not serve,i,idk,IDK,0.8061
meta,11,dev_0612,yes,"Yes, popcorn is made from corn kernels, which are a",yes,yes,Correct,0.7768999999999999
meta,11,dev_0617,yes,"Yes, France and England have competed in the World Cup. They have faced each",yes,yes,Correct,0.7617
meta,11,dev_0662,yes,"No, LensCrafters and Pearle Vision are not the same",no,no,Incorrect,0.7584
meta,11,dev_0678,no,I don't recommend washing a child's mouth out with soap. So,i,other,NC,0.7509
meta,11,dev_0696,no,"Yes, there is a seat belt law in New Hampshire. All drivers and front",yes,yes,Incorrect,0.768
meta,11,dev_0711,yes,I don't know. Musician's Friend and Guitar Center are,i,idk,IDK,0.82
meta,11,dev_0718,yes,"Yes, Chicago is the third largest city in the United States.",yes,yes,Correct,0.6907000000000001
meta,11,dev_0724,no,"Yes, there is a sequel to Along Came a Spider. The",yes,yes,Incorrect,0.7767000000000001
meta,11,dev_0731,no,'I don't know.' Egg drop soup can be made with raw,i,idk,IDK,2.0682
meta,11,dev_0737,no,'I don't know.' A Cornish game hen is a specific breed,i,idk,IDK,0.7605
meta,11,dev_0754,yes,"No, World at War is not part of Black Ops. World at War",no,no,Incorrect,0.7474
meta,11,dev_0759,no,"No, North and South Korea do not speak the same language. North Korea uses",no,no,Correct,0.7466
meta,11,dev_0764,yes,I don't know. Sampling error and standard deviation are related concepts,i,idk,IDK,0.7597
meta,11,dev_0782,yes,"No, AC Milan and Inter Milan do not share a stadium. AC Milan plays",no,no,Incorrect,0.7506
meta,11,dev_0817,no,"Yes, there is a post-credit scene in Deadpool 2.",yes,yes,Incorrect,0.7504
meta,11,dev_0829,no,"Yes. The Battle of New Orleans was fought on January 8, 1",yes,yes,Incorrect,0.7511
meta,11,dev_0832,no,I don't know. It is not possible to drive a car from North,i,idk,IDK,0.7456
meta,11,dev_0837,yes,I don't know. While universal healthcare and socialized medicine share some similar,i,idk,IDK,0.7474
meta,11,dev_0853,no,"No, a Girl Scout cannot be an Eagle Scout. The E",no,no,Correct,0.7489
meta,11,dev_0854,no,I don't know. Elephants are herbivores and do,i,idk,IDK,0.7507999999999999
meta,11,dev_0862,no,"No, we do not have to say ""check"" in chess. The",no,no,Correct,0.7576
meta,11,dev_0871,yes,"Yes, English is not the most commonly spoken language in the world. Mandarin",yes,yes,Correct,0.7552000000000001
meta,11,dev_0916,yes,"No, the Ryman Auditorium and the Grand Ole Opry are",no,no,Incorrect,0.7814
meta,11,dev_0922,yes,'I don't know.' A passport card is not typically accepted for,i,idk,IDK,0.7527
meta,11,dev_0933,no,The cremaster muscle is not in the spermatic cord. It is a,the,other,NC,0.7706000000000001
meta,11,dev_0934,yes,"Yes, Pokémon: Let's Go is a main series game.",yes,yes,Correct,0.7531
meta,11,dev_0940,yes,'I don't know.' A passport card is not a valid form,i,idk,IDK,0.7564
meta,11,dev_0944,no,"Yes, Greece and Rome were not around at the same time. Greece existed before",yes,yes,Incorrect,0.7474
meta,11,dev_0952,yes,"No, Merrill Lynch and Bank of America are not the same.",no,no,Incorrect,0.7492000000000001
meta,11,dev_0958,yes,"Yes, the eyes are part of the nervous system. They are connected to the",yes,yes,Correct,0.7564
meta,11,dev_0981,no,"Yes, pyruvic acid and pyruvate are the same thing",yes,yes,Incorrect,0.759
meta,11,dev_0991,yes,"'I don't know.' In England, you do not need a license",i,idk,IDK,0.7609
meta,11,dev_0994,yes,"No, a white background cannot be used as a green screen. Green screens are",no,no,Incorrect,0.7689
meta,11,dev_0996,no,I don't know. Radiator Springs is a fictional town from,i,idk,IDK,0.7473
meta,11,dev_1006,no,"Yes, in most countries, you do have to be literate to vote.",yes,yes,Incorrect,0.7606
meta,11,dev_1011,no,"The World Cup trophy is named ""The FIFA World Cup Trophy,"" also",the,other,NC,0.7476
meta,11,dev_1022,yes,I don't know. Enterprise value and firm value are related but not exactly,i,idk,IDK,0.7513
meta,11,dev_1049,no,'I don't know.' Red pandas and giant pandas are not,i,idk,IDK,0.7644
meta,11,dev_1062,yes,"No, a wheel and axle is not a lever. A lever is a",no,no,Incorrect,0.7487
meta,11,dev_1075,yes,"No, not all NHL ice rinks are the same size. The official",no,no,Incorrect,2.0961999999999996
meta,11,dev_1102,no,"Yes, there is a difference between sweating and perspiring. Swe",yes,yes,Incorrect,0.7511
meta,11,dev_1110,yes,"No, there are more than two rounds in the NBA draft. The draft consists",no,no,Incorrect,0.746
meta,11,dev_1112,no,"Yes, nuclear power and nuclear energy are the same thing. Nuclear power",yes,yes,Incorrect,0.7507999999999999
meta,11,dev_1113,yes,I don't know. Ball pythons and royal pythons are,i,idk,IDK,0.7569
meta,11,dev_1121,no,'I don't know.' There were several conflicts and wars before World War,i,idk,IDK,0.7462000000000001
meta,11,dev_1133,no,"Yes, The Crew 2 has a storyline. The game follows the",yes,yes,Incorrect,0.751
meta,11,dev_1138,yes,"No, anaerobic respiration does not have an electron transport chain",no,no,Incorrect,0.7481
meta,11,dev_1146,yes,"Yes, a Penalty Charge Notice (PCN) and a F",yes,yes,Correct,0.7627999999999999
meta,11,dev_1155,yes,"No, GMC Sierra and Chevy Silverado are not the same. They",no,no,Incorrect,0.7706000000000001
meta,11,dev_1175,no,"Yes, Michigan was a state during the Civil War. It was admitted to the",yes,yes,Incorrect,0.7523
meta,11,dev_1178,no,"I don't know. Major League Baseball teams play a long season,",i,idk,IDK,2.1216999999999997
meta,11,dev_1183,yes,"No, pork loin ribs are not the same as baby back rib",no,no,Incorrect,0.7483
meta,11,dev_1196,no,"Yes, a person can have dual citizenship in India, but it is subject",yes,yes,Incorrect,0.7577999999999999
meta,11,dev_1204,yes,"Yes, the Eye of Agamotto is the Time Stone in the Marvel Cin",yes,yes,Correct,0.7691
meta,11,dev_1205,no,"Yes, you can take out the king in chess. The objective of the",yes,yes,Incorrect,0.7479
meta,11,dev_1209,yes,"No, it is not possible to turn lead into gold using current scientific knowledge and",no,no,Incorrect,0.7467999999999999
meta,11,dev_1227,no,"No, 1 is not a prime factor of every number. A prime factor",no,no,Correct,0.7621
meta,11,dev_1229,no,"No, the color orange is named after the fruit. The orange fruit was named",no,no,Correct,0.7484
meta,11,dev_1230,yes,I don't know. A double eagle is a term used in golf,i,idk,IDK,0.753
meta,11,dev_1235,no,"Yes, a birth certificate can count as a form of ID in certain situations.",yes,yes,Incorrect,0.7519
meta,11,dev_1239,yes,I don't know. A CPAP (Continuous Positive Airway,i,idk,IDK,0.7557999999999999
meta,11,dev_1241,no,"Yes, there is a main-group element in period 6. The main",yes,yes,Incorrect,0.7476
meta,11,dev_1250,yes,"Yes, the micropyle serves for the emergence of the radicle.",yes,yes,Correct,0.7464
meta,11,dev_1256,yes,"Yes, there was a tsunami in the 1906 San",yes,yes,Correct,0.7629
meta,11,dev_1261,no,"Yes, there is a state income tax in Louisiana. The state has a progressive",yes,yes,Incorrect,0.7546
meta,11,dev_1267,no,"Yes. Better Call Saul is a prequel to Breaking Bad, so",yes,yes,Incorrect,0.7507
meta,11,dev_1271,no,"Yes. The drinking age varies from state to state in the United States, with",yes,yes,Incorrect,0.7627
meta,11,dev_1283,yes,I don't know. Lock nuts and stop nuts are similar in that they,i,idk,IDK,0.7476
meta,11,dev_1285,no,I don't know. The Indianapolis 500 has been run,i,idk,IDK,0.7503
meta,11,dev_1286,no,"Yes, there is a difference between lightning bugs and fireflies. Firefl",yes,yes,Incorrect,0.7573
meta,11,dev_1294,yes,"Yes, a terminating decimal can be written as a recurring decimal. For",yes,yes,Correct,0.7474
meta,11,dev_1296,yes,"No, PlayStation 2 games do not play on PlayStation 4.",no,no,Incorrect,0.7477999999999999
meta,11,dev_1303,no,"No, you do not have to touch the ball to be offside in soccer",no,no,Correct,0.75
meta,11,dev_1307,yes,"No, a player cannot score directly from a kickoff in football. The kick",no,no,Incorrect,0.7592000000000001
meta,11,dev_1311,yes,I don't know. The crankshaft pulley and harmonic,i,idk,IDK,0.7631
meta,11,dev_1316,yes,I don't know. The Arch in St. Louis is a National Mon,i,idk,IDK,0.7522000000000001
meta,11,dev_1317,no,"Yes, planets are not involved in the formation of a planetary nebula",yes,yes,Incorrect,0.748
meta,11,dev_1333,yes,"No, a Dame is not the same as a Knight. A Dame",no,no,Incorrect,0.7737
meta,11,dev_1336,yes,"Yes, there are nerves in the central nervous system. The central nervous system (",yes,yes,Correct,0.7514
meta,11,dev_1345,no,"Yes, there is a difference between a confidentiality agreement and a non-dis",yes,yes,Incorrect,0.7481
meta,11,dev_1359,no,"No, a chatbot cannot give itself an assist in basketball. Chatbots",no,no,Correct,0.7544
meta,11,dev_1370,yes,I don't know. The sequence A-2-3-4-,i,idk,IDK,0.7534
meta,11,dev_1371,no,"Yes, Rafflesia is the largest flower in the world. It is",yes,yes,Incorrect,0.7687
meta,11,dev_1372,yes,'I don't know.' A kilowatt-hour (kWh,i,idk,IDK,0.7607999999999999
meta,11,dev_1382,no,"I don't know. In baseball, a catcher is allowed to block",i,idk,IDK,0.7584
meta,11,dev_1406,no,"The Postmaster General is appointed by the President, with the advice and consent of",the,other,NC,0.7461
meta,11,dev_1408,yes,"No, you cannot run on a caught foul ball. Once a foul ball is",no,no,Incorrect,0.7595
meta,11,dev_1413,yes,"I don't know. Brazil has won the World Cup five times, but",i,idk,IDK,0.7466
meta,11,dev_1419,yes,I don't know. There is no city named Las Vegas in the state,i,idk,IDK,0.748
meta,11,dev_1420,yes,"Yes, 4x4 and four-wheel drive are the same. A",yes,yes,Correct,0.7467999999999999
meta,11,dev_1423,no,"Yes. ""Take Me Home, Country Roads"" is a song about West",yes,yes,Incorrect,0.7475
meta,11,dev_1424,no,"Yes, it can get cold at night in Hawaii. The temperature can drop significantly",yes,yes,Incorrect,0.7449
meta,11,dev_1436,no,"Yes, equity in your home can be considered a liquid asset because it can be",yes,yes,Incorrect,0.7631
meta,11,dev_1438,yes,"No, the UK is not in the same time zone. It is divided into",no,no,Incorrect,0.7466
meta,11,dev_1452,no,'I don't know.' While neurotransmitters can have different effects,i,idk,IDK,0.764
meta,11,dev_1455,yes,"Yes, the abdomen includes the stomach. The abdomen is the",yes,yes,Correct,0.7596
meta,11,dev_1464,no,"Yes, a sweet potato is not part of the potato family. Sweet",yes,yes,Incorrect,0.7511
meta,11,dev_1467,yes,"Yes, a grade D at A-level is considered a pass. However,",yes,yes,Correct,0.7466
meta,11,dev_1473,yes,"No, a sailboat cannot travel faster than the wind. The wind provides the",no,no,Incorrect,0.7544
meta,11,dev_1489,yes,"Yes, all the songs in Mamma Mia! Here We Go Again are",yes,yes,Correct,0.7522000000000001
meta,11,dev_1498,yes,"Yes, the Nobel Peace Prize is awarded every year. The Nobel P",yes,yes,Correct,0.7743
meta,11,dev_1508,no,"Yes. There have been several fatalities during the Tour de France, both among",yes,yes,Incorrect,0.7944
meta,11,dev_1515,no,"Yes, there is a law that requires U.S. citizens and residents to",yes,yes,Incorrect,0.7725
meta,11,dev_1517,yes,"No, you should not use hydraulic fluid as brake fluid.",no,no,Incorrect,0.7968999999999999
meta,11,dev_1528,yes,'I don't know'. A J.D. stands for Juris,i,idk,IDK,0.7853
meta,11,dev_1533,no,"Yes, the July 27, 2018 lunar e",yes,yes,Incorrect,0.769
meta,11,dev_1534,no,I don't know. The legality of a baseball player catching a ball,i,idk,IDK,0.7511
meta,11,dev_1546,yes,'I don't know.' A passport card is not a valid form,i,idk,IDK,0.8004
meta,11,dev_1552,yes,"Yes, the poly(A) tail is added to messenger RNA (",yes,yes,Correct,0.7853
meta,11,dev_1557,no,'I don't know.' New York State abolished the death penalty in,i,idk,IDK,0.7485
meta,11,dev_1563,no,"Yes, the Big Dipper is part of Ursa Major, also known as",yes,yes,Incorrect,0.7761
meta,11,dev_1627,no,"No, the esophagus is behind the heart. The heart is located",no,no,Correct,0.7866000000000001
meta,11,dev_1632,yes,The World Health Organization (WHO) is not a government organization. It is,the,other,NC,0.7697
meta,11,dev_1650,yes,"No, it is not illegal to take a stop sign. However, it is",no,no,Incorrect,0.7696000000000001
meta,11,dev_1655,no,"Yes, there is a difference between soy and soya sauce. Soy",yes,yes,Incorrect,0.7963
meta,11,dev_1658,yes,"Yes, the Nazca Lines can be seen from the ground, but they",yes,yes,Correct,0.7726000000000001
meta,11,dev_1659,yes,"Yes, an undergraduate degree and a bachelor's degree are the same",yes,yes,Correct,0.7557
meta,11,dev_1673,yes,I don't know. Grizzly bears and polar bears are different,i,idk,IDK,0.796
meta,11,dev_1680,no,"No, picking your nose does not affect your sense of smell. The olfactory",no,no,Correct,0.7533
meta,11,dev_1687,no,"Yes, there are warrant officers in the U.S. Air Force. W",yes,yes,Incorrect,0.7559
meta,11,dev_1698,no,"Yes, Fullmetal Alchemist: Brotherhood is a continuation of",yes,yes,Incorrect,0.7522000000000001
meta,11,dev_1707,yes,I don't know. A PLC (Public Limited Company) is a,i,idk,IDK,0.7584
meta,11,dev_1727,yes,"No, a digital audio cable is not the same as an optical audio cable.",no,no,Incorrect,0.7752
meta,11,dev_1736,no,"Yes, the magnitude of a physical quantity can change with a change in the system",yes,yes,Incorrect,0.7532000000000001
meta,11,dev_1737,yes,I don't know. A free throw is a shot taken from a specific,i,idk,IDK,0.749
meta,11,dev_1740,yes,I don't know. The medullary cavity is the central c,i,idk,IDK,0.7583
meta,11,dev_1743,no,'I don't know.' The Last King of Scotland is a film based,i,idk,IDK,0.7469
meta,11,dev_1749,yes,"Yes, Delhi University and the University of Delhi are the same. Delhi University is",yes,yes,Correct,0.9699
meta,11,dev_1750,no,'I don't know.' The question of whether fighting words are protected under,i,idk,IDK,0.7462000000000001
meta,11,dev_1757,yes,"No, the profit and loss statement and income statement are not the same thing.",no,no,Incorrect,0.7614
meta,11,dev_1763,yes,"No, the House of Representatives is a part of Congress, but it is",no,no,Incorrect,0.7489
meta,11,dev_1775,no,"Yes, the NBA playoffs are played in a 2-3-2",yes,yes,Incorrect,0.7489
meta,11,dev_1789,no,I don't know. The spleen is part of the lymph,i,idk,IDK,0.7507
meta,11,dev_1806,no,I don't know. The U.S. stopped issuing $1,i,idk,IDK,0.7603
meta,11,dev_1814,no,Yes. All North American area codes start with the digit 1.,yes,yes,Incorrect,0.673
meta,11,dev_1823,yes,"No, the MLB All-Star Game does not determine World Series home-",no,no,Incorrect,0.7763
meta,11,dev_1832,no,"Yes, there is a real town called Garrison, Colorado. It is",yes,yes,Incorrect,0.7473
meta,11,dev_1849,yes,"No, in a RACI chart, one person cannot be both Respons",no,no,Incorrect,0.7556
meta,11,dev_1851,no,"Yes, the right to a fair trial is guaranteed by the U.S.",yes,yes,Incorrect,0.7489
meta,11,dev_1857,no,"Yes, cows need to give birth to produce milk. Cows produce milk",yes,yes,Incorrect,0.7464
meta,11,dev_1895,yes,"I don't know. The empty set, also known as the null set",i,idk,IDK,0.7474
meta,11,dev_1906,no,"No, college football players do not have to enter the NFL Draft to play",no,no,Correct,0.7464
meta,11,dev_1916,yes,"No, Pokémon: Let's Go, Pikachu!",no,no,Incorrect,0.7617999999999999
meta,11,dev_1919,yes,"I don't know. In chemistry, elements cannot be transmuted into",i,idk,IDK,0.7649
meta,11,dev_1924,yes,"Yes, a car's serial number and its Vehicle Identification Number (",yes,yes,Correct,0.7527999999999999
meta,11,dev_1938,no,The empty set is not an element of the set that contains the empty set.,the,other,NC,0.7489
meta,11,dev_1948,yes,"No, a chicken and a rooster are not the same thing. A ro",no,no,Incorrect,0.7727999999999999
meta,11,dev_1950,no,"No, the Gulf of Mexico is not considered an ocean. It is a large",no,no,Correct,0.7462000000000001
meta,11,dev_1960,no,"No, the Republic of the Congo and the Democratic Republic of the Congo",no,no,Correct,0.746
meta,11,dev_1977,no,I don't know. The eligibility requirements for the presidency of,i,idk,IDK,0.7487
meta,11,dev_1995,yes,'I don't know.' The qualification for European competitions can vary,i,idk,IDK,0.7591
meta,11,dev_1997,yes,"No, the Alphabet Song and Twinkle, Twinkle, Little Star do",no,no,Incorrect,0.7676000000000001
meta,11,dev_2009,no,I don't know. Color Wonder markers are designed to work on special,i,idk,IDK,0.7534
meta,11,dev_2032,yes,'I don't know.' Flies typically lay their eggs on decaying,i,idk,IDK,0.7466
meta,11,dev_2045,yes,"I don't know. In the United States, the Constitution prohibits a",i,idk,IDK,0.7502000000000001
meta,11,dev_2053,no,"No, you do not have to be serving to score in tennis. Points can",no,no,Correct,0.7484
meta,11,dev_2061,no,"Yes, you can choose who is listed as your next of kin. It'",yes,yes,Incorrect,0.75
meta,11,dev_2065,yes,"Yes, ""RealFeel"" is the same as the heat index. It",yes,yes,Correct,0.7506
meta,11,dev_2068,yes,I don't know. Allied Waste was acquired by Republic Services in,i,idk,IDK,0.7563
meta,11,dev_2078,no,"Yes, black cumin seed and black seed are the same. Black cumin",yes,yes,Incorrect,0.7545
meta,11,dev_2079,yes,"Yes, Eeyore from Winnie-the-Pooh is a",yes,yes,Correct,0.7492000000000001
meta,11,dev_2088,no,Yes. English is the official language of the United States.,yes,yes,Incorrect,0.607
meta,11,dev_2091,no,I don't know. The outcome of a baseball game in extra innings,i,idk,IDK,0.7516
meta,11,dev_2094,no,"Yes, there is an airport in Fort Walton Beach, Florida. The airport",yes,yes,Incorrect,0.751
meta,11,dev_2095,yes,"Yes, Noel Gallagher sings Don't Look Back in Ang",yes,yes,Correct,0.7491
meta,11,dev_2139,no,'I don't know.' A passport card is a travel document issued,i,idk,IDK,0.7556
meta,11,dev_2166,yes,"No, staring at a bright light for a short period of time will not cause",no,no,Incorrect,0.7574
meta,11,dev_2184,no,"Yes, the U.S. has military bases in Saudi Arabia. The two",yes,yes,Incorrect,0.7677
meta,11,dev_2187,yes,"No, a free throw in basketball is a shot taken from a specific location on",no,no,Incorrect,0.7507
meta,11,dev_2192,no,"No, a lieutenant colonel is not higher than a colonel. A colon",no,no,Correct,0.7502000000000001
meta,11,dev_2196,no,"No, red-eared slider turtles do not lay eggs in",no,no,Correct,0.7499
meta,11,dev_2199,yes,"Yes, The Dark Knight is a sequel to Batman Begins. It",yes,yes,Correct,0.7516
meta,11,dev_2204,yes,I don't recommend picking someone up by their hair. It can cause pain,i,other,NC,0.7575
meta,11,dev_2220,no,'I don't know.' The answer to whether the ball is dead on,i,idk,IDK,0.747
meta,11,dev_2224,no,"'I don't know.' While rubies are typically red, there are",i,idk,IDK,0.7536
meta,11,dev_2232,no,"Yes, there is a Roman Catholic cathedral in Dublin. It is called St",yes,yes,Incorrect,0.7571
meta,11,dev_2234,no,"Yes, Pokémon: Let's Go, Eevee! is",yes,yes,Incorrect,2.0798
meta,11,dev_2237,no,"Yes, the Riviera Maya is on the Caribbean Sea, not the",yes,yes,Incorrect,0.7463
meta,11,dev_2247,yes,"I don't know. In New Jersey, the legal drinking age is",i,idk,IDK,0.7486
meta,11,dev_2248,yes,"No, pixel density and resolution are not the same thing. Pixel density refers",no,no,Incorrect,0.7556
meta,11,dev_2266,no,"Yes, a Nissan Pathfinder is considered a mid-size SUV",yes,yes,Incorrect,0.7627
meta,11,dev_2275,yes,It is not legal to count cards in Las Vegas. Casinos have the right,it,other,NC,0.748
meta,11,dev_2295,yes,'I don't know.' A unanimous vote typically requires every member,i,idk,IDK,0.749
meta,11,dev_2304,yes,"No, the House of Representatives is not the same as Congress. Congress is",no,no,Incorrect,0.751
meta,11,dev_2306,yes,"I don't recommend it. In roulette, the house edge remains constant",i,other,NC,0.7477
meta,11,dev_2310,no,"Yes, In-N-Out Burger is a franchise. It is a",yes,yes,Incorrect,0.751
meta,11,dev_2315,yes,"Yes, centripetal and centrifugal forces are an action-",yes,yes,Correct,0.7501
meta,11,dev_2323,no,'I don't know.' The film Tully is not based on a,i,idk,IDK,0.7503
meta,11,dev_2328,no,"Yes, there is such a thing as Corinthian leather. It is a",yes,yes,Incorrect,0.75
meta,11,dev_2350,no,"Yes, Little House on the Prairie is fiction. It is a series",yes,yes,Incorrect,0.747
meta,11,dev_2382,yes,The right atrium does not receive blood from the lungs. It receives deoxy,the,other,NC,0.7787999999999999
meta,11,dev_2387,yes,I don't know. Northern Ireland does not have a national football team that,i,idk,IDK,0.7457999999999999
meta,11,dev_2388,no,"Yes, it is possible to be retried if new evidence is found. However",yes,yes,Incorrect,0.7487999999999999
meta,11,dev_2396,yes,I don't know. Semolina flour and Cream of Wheat,i,idk,IDK,0.7634
meta,11,dev_2408,yes,"No, employment termination is not the same as being fired. Employment term",no,no,Incorrect,0.7587
meta,11,dev_2413,no,'I don't know' - The movie Stalingrad is based on,i,idk,IDK,0.7612000000000001
meta,11,dev_2428,yes,I don't know. A PICC (Peripherally Inserted,i,idk,IDK,0.7495
meta,11,dev_2433,no,'I don't know.' The regulations for beards in the military can,i,idk,IDK,0.7455
meta,11,dev_2434,no,"Yes. The national anthem of Spain, called ""Himno de",yes,yes,Incorrect,0.7473
meta,11,dev_2447,no,"I don't know. In Major League Baseball (MLB), the",i,idk,IDK,0.7495
meta,11,dev_2473,yes,"No, Pokémon Gold, Silver, and Crystal are not the same",no,no,Incorrect,0.774
meta,11,dev_2479,no,'I don't know.' Hong Kong is a special administrative region of China,i,idk,IDK,0.7615
meta,11,dev_2504,no,Yes. The Strip is a major resort area in the city of Las Vegas,yes,yes,Incorrect,0.7503
meta,11,dev_2532,yes,"No, a twin cannot be born inside the other. This is not possible due",no,no,Incorrect,0.7521
meta,11,dev_2537,no,Social studies and social science are related but not the same. Social science is a,social,other,NC,0.7479
meta,11,dev_2538,no,'I don't know.' War Room is a fictional film and is,i,idk,IDK,0.758
meta,11,dev_2547,yes,"No, .224 bullets cannot be used in a .22",no,no,Incorrect,0.7575
meta,11,dev_2548,no,'I don't know.' The answer to this question can vary depending on,i,idk,IDK,2.1336
meta,11,dev_2555,no,"Yes, lymphoma is a type of cancer that affects the lym",yes,yes,Incorrect,0.7479
meta,11,dev_2566,no,"Yes, a Bachelor of Education is an undergraduate degree. It is a first",yes,yes,Incorrect,0.752
meta,11,dev_2572,no,"Yes, the Channel Isles are not part of Great Britain, but they are",yes,yes,Incorrect,0.7817999999999999
meta,11,dev_2577,no,"Yes, a soccer kick-off must go forward. The ball must be kicked",yes,yes,Incorrect,0.7532000000000001
meta,11,dev_2605,yes,"No, .45 Colt and .45 Long Colt are not",no,no,Incorrect,0.748
meta,11,dev_2614,yes,I don't know. Snow-on-the-Mountain and Bishop,i,idk,IDK,0.7519
meta,11,dev_2622,no,"No, 7.62 NATO and .308 Win are",no,no,Correct,0.7483
meta,11,dev_2634,yes,"'I don't know.' In 8-ball, the term '",i,idk,IDK,0.7502000000000001
meta,11,dev_2643,no,"No, I do not capitalize elements of the periodic table. The elements are",no,no,Correct,0.7473
meta,11,dev_2655,yes,I don't know. Visa Delta and Visa Debit are two,i,idk,IDK,0.7476
meta,11,dev_2656,yes,'I don't know.' The terms 'right of abode' and,i,idk,IDK,0.748
meta,11,dev_2690,yes,"No, Parcelforce is a division of Royal Mail, but it",no,no,Incorrect,0.7473
meta,11,dev_2719,no,I don't know. Electrons flow in the opposite direction of the conventional,i,idk,IDK,0.7483
meta,11,dev_2727,no,"No, the AR-10 is not an assault rifle. It is a",no,no,Correct,0.7465
meta,11,dev_2750,yes,"No, cows do not need to get pregnant to give milk. Cows",no,no,Incorrect,0.7483
meta,11,dev_2757,yes,'I don't know.' The Dodo is a fictional character in,i,idk,IDK,0.7684
meta,11,dev_2770,yes,"Yes, a 9 to 5 work schedule is typically considered a 4",yes,yes,Correct,0.7509
meta,11,dev_2791,yes,"No, the gut and the stomach are not the same. The stomach is a",no,no,Incorrect,0.7677999999999999
meta,11,dev_2813,yes,The Greatest Showman is a fictionalized musical biography of P.,the,other,NC,0.7475
meta,11,dev_2821,yes,I don't know. Nicotine is primarily known as a stimul,i,idk,IDK,0.7499
meta,11,dev_2832,yes,"Yes, shea butter is made from the nuts of the shea tree,",yes,yes,Correct,0.7592000000000001
meta,11,dev_2838,no,'I don't know.' The Prince of Tides is a novel written,i,idk,IDK,0.7477
meta,11,dev_2853,no,'I don't know.' The languages spoken in North and South Korea are,i,idk,IDK,0.7499
meta,11,dev_2870,no,"Yes, the derivative of a continuous function is always continuous. This is a fundamental",yes,yes,Incorrect,0.7623
meta,11,dev_2875,yes,I don't know. Aldi and Trader Joe's are both,i,idk,IDK,0.7609
meta,11,dev_2880,no,"Yes, the County Court Business Centre is a real court. It is a court",yes,yes,Incorrect,0.7627
meta,11,dev_2890,no,I don't know. Non-permanent members of the United Nations,i,idk,IDK,0.7476
meta,11,dev_2901,yes,"No, VW (Volkswagen), Audi, and Pors",no,no,Incorrect,0.7474
meta,11,dev_2906,yes,I don't know. A fidelity bond is a type of insurance,i,idk,IDK,0.7505
meta,11,dev_2919,no,"Yes, the",yes,yes,Incorrect,0.746
meta,11,dev_2931,yes,I don't know. The legal drinking age varies by country and region.,i,idk,IDK,0.7487999999999999
meta,11,dev_2933,no,"Yes, commercial aircraft do fly over the North Pole. The North Polar",yes,yes,Incorrect,0.7483
meta,11,dev_2956,yes,"Yes, a .17 HMR is bigger than a .22 L",yes,yes,Correct,0.7539
meta,11,dev_2959,no,I don't know. There is no bridge connecting Morocco and Spain,i,idk,IDK,0.7664
meta,11,dev_2967,yes,I don't know. The sun always rises in the east and sets,i,idk,IDK,0.7476
meta,11,dev_2973,no,"No, there is not a second movie to The Golden Compass. The film",no,no,Correct,0.746
meta,11,dev_2991,yes,"Yes, it is possible for gamblers to acquire a statistical advantage over the",yes,yes,Correct,0.7523
meta,11,dev_3000,yes,"No, back ribs are not the same as baby back ribs. Back",no,no,Incorrect,0.7763
meta,11,dev_3015,yes,"No, keyless entry and remote start are not the same. Keyless entry",no,no,Incorrect,0.7531
meta,11,dev_3027,no,I don't know. A Schengen visa allows travel to most countries,i,idk,IDK,0.7593
meta,11,dev_3029,no,"Yes. The United Kingdom left the European Union on January 31,",yes,yes,Incorrect,0.751
meta,11,dev_3035,no,"Yes, Halo 2 has achievements on Xbox 360. The",yes,yes,Incorrect,0.7562000000000001
meta,11,dev_3040,no,"Yes, a no-insurance ticket is a moving violation. It is a",yes,yes,Incorrect,0.7444
meta,11,dev_3073,no,"Yes, top sirloin steak is the same as sirloin ste",yes,yes,Incorrect,0.7577999999999999
meta,11,dev_3079,yes,I don't know. Salary expenses are typically not included in the cost,i,idk,IDK,0.7467
meta,11,dev_3089,yes,I don't know. Peaches and almonds are not related in,i,idk,IDK,0.7487999999999999
meta,11,dev_3105,yes,"No, a neutral wire should not be connected to ground. The neutral wire is",no,no,Incorrect,0.7462000000000001
meta,11,dev_3106,yes,"No, high-rise and high-waisted jeans are not the same.",no,no,Incorrect,0.7476
meta,11,dev_3107,yes,I don't know. Recess appointments to the Supreme Court are rare,i,idk,IDK,0.7509
meta,11,dev_3122,no,'I don't know.' Reese's Pieces are a,i,idk,IDK,0.7487
meta,11,dev_3143,no,The Republic of Ireland is not part of the Schengen visa area. It,the,other,NC,0.7476
meta,11,dev_3173,no,"Yes, a private equity fund is a type of financial institution. It is a",yes,yes,Incorrect,0.9574
meta,11,dev_3183,no,Yes. The winner of the British Open gets to keep the Claret Jug for,yes,yes,Incorrect,0.7465
meta,11,dev_3187,yes,"Yes, Batman Forever is a sequel to Batman Returns. Bat",yes,yes,Correct,0.7596
meta,11,dev_3204,no,"Yes, the fundus of the gallbladder is located near the c",yes,yes,Incorrect,0.758
meta,11,dev_3212,yes,I don't know. A physical address is a location where a building or,i,idk,IDK,0.746
meta,11,dev_3221,no,"Yes, pool water can change color if you pee in it. The ur",yes,yes,Incorrect,0.7459
meta,11,dev_3231,yes,"No, the standard error is not the same as the standard deviation. The",no,no,Incorrect,0.755
meta,11,dev_3232,yes,"No, corn starch is not the same as corn flour. Corn starch",no,no,Incorrect,0.7461
meta,11,dev_3238,yes,"No, the non-striker cannot be run out by the bowler.",no,no,Incorrect,0.745
meta,11,dev_3239,yes,"Yes. The Conn Smythe Trophy, awarded to the most valuable",yes,yes,Correct,0.7464
meta,11,dev_3241,yes,"No, Romania was not part of the Austro-Hungarian Empire",no,no,Incorrect,0.7447
meta,11,dev_3242,yes,I don't know. Ruby and sapphire are both gemstones,i,idk,IDK,0.7466
meta,11,dev_0031,yes,"I don't know. Deadpool, also known as Wade Wilson,",i,idk,IDK,2.0935
meta,11,dev_0148,yes,"'I don't know.' Sméagol, also known as G",i,idk,IDK,0.7454
meta,11,dev_0178,yes,"Yes. ""Eye of the Tiger"" was written specifically for the movie",yes,yes,Correct,0.7634
meta,11,dev_0410,yes,Yes. Revenge of the Mummy is a roller coaster. It,yes,yes,Correct,0.7475
meta,11,dev_0419,yes,"Yes, Eric Clapton played on 'While My Guitar Gently We",yes,yes,Correct,0.7455
meta,11,dev_0448,yes,"Yes, Jefferson Airplane is in the Rock and Roll Hall of Fame. They",yes,yes,Correct,0.7664
meta,11,dev_0224,no,'I don't know.' The Outsiders is a work of fiction,i,idk,IDK,0.7484
meta,11,dev_0317,no,"Yes, perfect pitch is a rare ability that is typically present from birth, so",yes,yes,Incorrect,0.7466
meta,11,dev_0368,no,'I don't know.' The Color Purple is a novel by Alice,i,idk,IDK,0.7576
meta,11,dev_0507,no,'I don't know.' The question seems to be asking about a specific,i,idk,IDK,0.746
meta,11,dev_0603,no,'I don't know.' The Seven Ages of Man is a speech,i,idk,IDK,0.7479
meta,11,dev_0938,no,"I don't know. The song ""House of the Rising Sun",i,idk,IDK,0.7462000000000001
meta,11,dev_0076,yes,"Yes, female ferrets can go into a state called ""false pregnancy"" if",yes,yes,Correct,0.7462000000000001
meta,11,dev_0459,yes,"No, it does not matter which DNA strand is transcribed, as both",no,no,Incorrect,0.7489
meta,11,dev_0502,yes,'I don't know.' While some species of kingsnakes are known,i,idk,IDK,0.7492000000000001
meta,11,dev_0580,yes,"No, female and male blue jays do not look the same. Male blue",no,no,Incorrect,0.7496
meta,11,dev_1089,yes,I don't recommend attempting to remove a snake's venom glands,i,other,NC,0.767
meta,11,dev_1153,yes,"Yes, melaleuca and tea tree are the same thing. The essential",yes,yes,Correct,0.7463
meta,11,dev_1315,yes,I don't know. Hydrogen bonds are generally stronger than ion-,i,idk,IDK,0.7572000000000001
meta,11,dev_1482,yes,"No, muscle fibers are not the same as muscle cells. Muscle fib",no,no,Incorrect,0.7524
meta,11,dev_1568,yes,I don't know. While vultures and buzzards are both sc,i,idk,IDK,0.7476
meta,11,dev_1968,yes,"No, a turtle and a tortoise are not the same. T",no,no,Incorrect,0.7486
meta,11,dev_2223,yes,I don't know. Jellyfish do not have an unlimited lif,i,idk,IDK,0.7491
meta,11,dev_2420,yes,"I don't know. There is no known bird species called a ""r",i,idk,IDK,0.7463
meta,11,dev_2882,yes,I don't know. Redback spiders are native to Australia and New,i,idk,IDK,0.7556
meta,11,dev_2899,yes,"Yes, Dalmatians do get more spots as they grow. The spots on",yes,yes,Correct,0.7456
meta,11,dev_2910,yes,I don't know. Taro root and elephant ears are both tub,i,idk,IDK,0.7474
meta,11,dev_0713,no,"No, a cow does not have to be pregnant to lactate. C",no,no,Correct,0.7582000000000001
meta,11,dev_0816,no,I don't know. The spinal cord and vertebral column,i,idk,IDK,0.7452000000000001
meta,11,dev_0911,no,"No, the ring finger does not connect to the heart. The ring finger is",no,no,Correct,0.7462000000000001
meta,11,dev_0997,no,"No, surgical spirit and rubbing alcohol are not the same thing. S",no,no,Correct,0.746
meta,11,dev_1258,no,I don't know. The umbilical cord is not inside the,i,idk,IDK,0.7462000000000001
meta,11,dev_1422,no,"Yes, root hairs can occur along the entire length of a root, but",yes,yes,Incorrect,0.7451
meta,11,dev_2120,no,Yes. Dalmatians are born with spots. The spots are present at birth,yes,yes,Incorrect,0.7435
meta,11,dev_2353,no,I don't know. Bees and hornets are both insects that,i,idk,IDK,0.7497
meta,11,dev_2441,no,"Yes, it is possible to have identical twins, both male and female.",yes,yes,Incorrect,2.0635
meta,11,dev_2087,no,I don't know. Sperm whales are not currently listed as end,i,idk,IDK,0.7462000000000001
meta,11,dev_2215,no,"Yes, the two chromosomes in a pair are identical in terms of their",yes,yes,Incorrect,0.7474
meta,11,dev_2503,no,I don't know. While both catbirds and mockingbirds,i,idk,IDK,0.7623
meta,11,dev_2652,no,"Yes, most baby birds have an egg tooth. It is a small, hard",yes,yes,Incorrect,0.7457
meta,11,dev_2850,no,"Yes, a bee sting always contains a stinger. The stinger",yes,yes,Incorrect,0.7506
meta,11,dev_3062,no,"Yes, black and yellow garden spiders are not poisonous to",yes,yes,Incorrect,0.7643
meta,11,dev_0400,yes,"Yes, a profit and loss account is the same as an income statement. They",yes,yes,Correct,0.746
meta,11,dev_0432,yes,"Yes, the Central Bank of India is a nationalized bank. It was national",yes,yes,Correct,0.7447999999999999
meta,11,dev_0446,yes,"No, you do not need a membership for Bi-Mart. Anyone can shop",no,no,Incorrect,0.7483
meta,11,dev_0455,yes,"I don't know. Indian Motorcycle, a brand of motorcycles",i,idk,IDK,0.7461
meta,11,dev_0472,yes,"No, Toys R Us and Babies R Us are not the same company",no,no,Incorrect,0.7545
meta,11,dev_0524,yes,"Yes, there are In-N-Out locations in Nevada. The first In",yes,yes,Correct,0.746
meta,11,dev_0767,yes,"Yes, the Canadian dollar has been worth more than the American dollar in the past",yes,yes,Correct,0.7483
meta,11,dev_0875,yes,I don't know. Thousand-dollar bills are not currently,i,idk,IDK,0.7449
meta,11,dev_0950,yes,Yes. Poland Spring water comes from a spring. The company sources its water from,yes,yes,Correct,0.7597
meta,11,dev_1023,yes,"Yes, a mortgage loan originator and a loan officer are essentially the same role",yes,yes,Correct,0.745
meta,11,dev_1171,yes,"Yes, money from Guernsey is not legal tender in the UK. The",yes,yes,Correct,0.7465
meta,11,dev_1207,yes,"Yes, Buy Buy Baby is owned by Bed Bath & Beyond. Buy Buy Baby",yes,yes,Correct,0.7507999999999999
meta,11,dev_1299,yes,"Yes, net earnings and net income are the same. Net earnings and net income",yes,yes,Correct,0.7577
meta,11,dev_0157,no,I don't know. There are many different companies that manufacture eyeg,i,idk,IDK,0.7592000000000001
meta,11,dev_0371,no,"No, National and Enterprise car rental are not the same company. They are separate",no,no,Correct,0.7474
meta,11,dev_0621,no,"Yes, it often costs money to get cash back, as many stores and AT",yes,yes,Incorrect,0.7477999999999999
meta,11,dev_0699,no,"I don't know. Aldi is a German discount supermarket chain,",i,idk,IDK,0.7714
meta,11,dev_0954,no,I don't know. The Royal Mint has not announced plans to withdraw,i,idk,IDK,0.7477999999999999
meta,11,dev_1050,no,"No, White Castle is not only on the East Coast. It has locations across",no,no,Correct,0.7675
meta,11,dev_1208,no,I don't know. While Sam's Club has a presence in several,i,idk,IDK,0.7512000000000001
meta,11,dev_1257,no,I don't know. Home Bargains and Quality Save are both discount,i,idk,IDK,0.7486
meta,11,dev_1805,no,"I don't know. The $10,000 bill was",i,idk,IDK,0.7549
meta,11,dev_1876,no,I don't know. Montgomery Ward was a department store chain that filed,i,idk,IDK,0.7487
meta,11,dev_2290,no,"No, GDP per capita is not the same as per capita income",no,no,Correct,0.7491
meta,11,dev_2444,no,I don't know. Land tax and property tax are similar but not the,i,idk,IDK,0.7657999999999999
meta,11,dev_0250,yes,"Yes, they celebrate Father's Day in the Netherlands. It is celebrated on",yes,yes,Correct,0.7657
meta,11,dev_0337,yes,'I don't know.' The King's Birthday is not a,i,idk,IDK,0.7481
meta,11,dev_0386,yes,'I don't know.' While there are areas in Brussels known,i,idk,IDK,0.749
meta,11,dev_0591,yes,"Yes, Copa Airlines is part of the Star Alliance.",yes,yes,Correct,1.9359000000000002
meta,11,dev_0746,yes,'I don't know.' June 12 is a significant date in,i,idk,IDK,0.7585
meta,11,dev_0845,yes,"No, you do not have to break in new car engines. Modern engines are",no,no,Incorrect,0.7465
meta,11,dev_0855,yes,"Yes, some flight paths do go over the North Pole. This is especially",yes,yes,Correct,0.7466
meta,11,dev_0915,yes,"I don't know. As of my last update, Ontario Place does not",i,idk,IDK,0.7471
meta,11,dev_0945,yes,I don't know. Thread seal tape and Teflon tape are both,i,idk,IDK,0.7572000000000001
meta,11,dev_0021,no,"No, a P.O. Box comes after the street address. The street",no,no,Correct,0.7493
meta,11,dev_0490,no,'I don't know.' I would need to check the specific visa requirements,i,idk,IDK,0.7484
meta,11,dev_0581,no,I don't know. A peck and a bushel are both units,i,idk,IDK,0.7486
meta,11,dev_0631,no,I don't know. The post office's operating hours on Memorial Day,i,idk,IDK,0.7647
meta,11,dev_0691,no,'I don't know.' The answer may depend on the specific context or,i,idk,IDK,0.7506
meta,11,dev_0783,no,The Honda CRF 250 is a 4-stroke motor,the,other,NC,2.0967
meta,11,dev_0787,no,I don't know. The BMW 1 Series can come with both,i,idk,IDK,0.7466
meta,11,dev_0825,no,'I don't know.' The Waterloo & City line's,i,idk,IDK,0.7476
meta,11,dev_0885,no,'I don't know.' I would need to check the current visa requirements,i,idk,IDK,0.9895
meta,11,dev_0089,yes,"Yes, there are movies with a 0% rating on Rotten Tomatoes",yes,yes,Correct,0.7557999999999999
meta,11,dev_0095,yes,"Yes, Anne with an E is filmed on Prince Edward Island (PEI",yes,yes,Correct,0.7487
meta,11,dev_0211,yes,"Yes, on the show Murphy Brown, Murphy Brown had a baby named Avery",yes,yes,Correct,0.7576
meta,11,dev_0238,yes,I don't know. Beau Abbott is a character in the movie,i,idk,IDK,0.7464
meta,11,dev_0252,yes,"Yes, the Lizzie McGuire movie was filmed in Rome.",yes,yes,Correct,0.7501
meta,11,dev_0256,yes,I don't know. The,i,idk,IDK,0.7642
meta,11,dev_0266,yes,"'I don't know.' The Book of Henry is a movie, and",i,idk,IDK,0.753
meta,11,dev_0310,yes,I don't know. The contestants on Survivor do not receive,i,idk,IDK,0.7516
meta,11,dev_0359,yes,"I don't know. In the game show ""Who Wants to Be",i,idk,IDK,0.7513
meta,11,dev_0422,yes,I don't know. The question asks if Lucas and Peyton come,i,idk,IDK,0.7459
meta,11,dev_0040,no,'I don't know.' The Golden Compass is a standalone film,i,idk,IDK,0.7462000000000001
meta,11,dev_0080,no,I don't know. The question does not specify the title of a specific,i,idk,IDK,0.9379
meta,11,dev_0100,no,I don't know. The Lost World is a novel by Sir Arthur Con,i,idk,IDK,0.745
meta,11,dev_0240,no,"No, The Walking Dead and Fear the Walking Dead are two separate",no,no,Correct,0.7622000000000001
meta,11,dev_0247,no,"'I don't know.' The movie ""Let There Be Light"" is",i,idk,IDK,0.7457999999999999
meta,11,dev_0260,no,"Yes, they used a real gorilla in Mighty Joe Young. The",yes,yes,Incorrect,0.7845
meta,11,dev_0277,no,'I don't know.' While Michael Scott and Pam Beesly were,i,idk,IDK,0.7555
meta,11,dev_0290,no,'I don't know' - The Vampire Diaries is a,i,idk,IDK,0.7522000000000001
meta,11,dev_0303,no,'I don't know.' I don't have real-time knowledge,i,idk,IDK,0.749
meta,11,dev_0231,yes,"Yes, penne alla vodka typically contains dairy, as it is made",yes,yes,Correct,0.7494
meta,11,dev_0401,yes,"No, whole wheat rice is not the same as brown rice. Whole wheat",no,no,Incorrect,0.7481
meta,11,dev_0420,yes,"No, red velvet cake is not chocolate cake with red dye. Red",no,no,Incorrect,0.7632000000000001
meta,11,dev_0571,yes,"No, chicken cordon bleu is not made with blue cheese. It is",no,no,Incorrect,0.7483
meta,11,dev_0583,yes,"No, pork back ribs are not the same as baby back ribs",no,no,Incorrect,0.7591
meta,11,dev_0765,yes,"Yes, salted duck eggs need to be cooked before consumption. The eggs are",yes,yes,Correct,0.7567
meta,11,dev_0778,yes,"Yes, a cookie sheet and a sheet pan are essentially the same thing. They",yes,yes,Correct,0.7466
meta,11,dev_0815,yes,I don't know. Sprite is a lemon-lime flavored,i,idk,IDK,0.7487
meta,11,dev_0073,no,I don't know. The taste of cotton candy can vary depending on the,i,idk,IDK,0.7563
meta,11,dev_0491,no,"No, picante sauce and taco sauce are not the same. P",no,no,Correct,0.7481
meta,11,dev_0615,no,I don't know. Rice noodles and glass noodles are,i,idk,IDK,0.7627999999999999
meta,11,dev_0868,no,I don't know. Fruit Roll-Ups are primarily made from,i,idk,IDK,0.7453
meta,11,dev_0880,no,'I don't know.' Thousand Island dressing and French dressing are,i,idk,IDK,0.7467
meta,11,dev_0953,no,"No, Monster energy drinks do not have alcohol in them. They are non",no,no,Correct,0.7537999999999999
meta,11,dev_0985,no,"No, Long Island Iced Teas do not have tea in them. They",no,no,Correct,0.753
meta,11,dev_0136,yes,"Yes, Battlefield 1 does have a single-player campaign. It offers",yes,yes,Correct,0.746
meta,11,dev_0367,yes,"Yes, Devil May Cry 5 is set after Devil May Cry",yes,yes,Correct,0.7484
meta,11,dev_0618,yes,'I don't know.' The question asks if Dying Light: The,i,idk,IDK,0.7484
meta,11,dev_0720,yes,"Yes, State of Decay is co-op on Xbox One. You can",yes,yes,Correct,0.7471
meta,11,dev_0770,yes,I don't know. The numbers on a roulette wheel do not add,i,idk,IDK,0.7477999999999999
meta,11,dev_0835,yes,Yes. Pokémon Let's Go Pikachu and Let',yes,yes,Correct,0.7493
meta,11,dev_0896,yes,"Yes, Naruto Ultimate Ninja Storm has a story mode. It follows",yes,yes,Correct,2.104
meta,11,dev_0434,no,"No, not all Xbox games are compatible with the Xbox One. Some Xbox",no,no,Correct,0.747
meta,11,dev_0489,no,I don't know. The Far Cry series does have some connections and shared,i,idk,IDK,0.7455
meta,11,dev_0852,no,"Yes, you can play Phase 10 with 7 players. The game",yes,yes,Incorrect,0.7616
meta,11,dev_0870,no,"A paladin in most fantasy role-playing games, including Dunge",a,other,NC,0.7494
meta,11,dev_1148,no,'I don't know.' RollerCoaster Tycoon World was,i,idk,IDK,0.7477
meta,11,dev_2595,no,"Yes, A Way Out is a cooperative multiplayer game, but it can",yes,yes,Incorrect,0.7509
meta,11,dev_0281,yes,"I don't know. In Kansas, there are no tolls on Inter",i,idk,IDK,0.7473
meta,11,dev_0528,yes,"Yes, there is a train station in Atlantic City. It is called the Atlantic",yes,yes,Correct,0.7477
meta,11,dev_0547,yes,"Yes, there is a toll on the Battery Tunnel.",yes,yes,Correct,0.6359
meta,11,dev_0623,yes,"No, the George Washington Bridge is not a one-way toll. It is",no,no,Incorrect,0.7523
meta,11,dev_0626,yes,'I don't know.' Skyline Drive is a scenic road in,i,idk,IDK,0.7497
meta,11,dev_0686,yes,I don't know. Edinburgh Castle is built on an extinct volcan,i,idk,IDK,0.7467
meta,11,dev_0822,yes,"Yes, there is a waterfall in Marble Falls, TX. The falls",yes,yes,Correct,0.745
meta,11,dev_1210,yes,I don't know. Caesar's Creek is a waterway in,i,idk,IDK,0.7472000000000001
meta,11,dev_0374,no,"I don't know. San Pedro, Laguna is not part of Metro",i,idk,IDK,0.7481
meta,11,dev_0900,no,"No, Fort Walton Beach and Destin are not the same. Fort Wal",no,no,Correct,0.7474
meta,11,dev_0913,no,I don't know. Porpoise Spit is not a well-,i,idk,IDK,0.7684
meta,11,dev_1234,no,I don't know. The Gulf Stream is a warm ocean current that flows,i,idk,IDK,0.7456
meta,11,dev_1360,no,I don't know. Lake Hiawatha is a park in,i,idk,IDK,0.7481
meta,11,dev_1544,no,I don't know. The I-30 in Dallas has both toll,i,idk,IDK,0.7512000000000001
meta,11,dev_1588,no,I don't know. Lake George is a natural lake located in the Ad,i,idk,IDK,0.7454
meta,11,dev_0344,yes,I don't know. While some organisms can develop resistance to low levels,i,idk,IDK,0.7456
meta,11,dev_0379,yes,I don't know. New England Baptist Hospital is a specialized orthoped,i,idk,IDK,0.7492000000000001
meta,11,dev_0474,yes,'I don't know' - I would need to check the specific product,i,idk,IDK,0.7467999999999999
meta,11,dev_0614,yes,I don't know. While a cold water bath can help with muscle recovery,i,idk,IDK,0.7463
meta,11,dev_0655,yes,I don't know. While a hiatal hernia can cause symptoms such,i,idk,IDK,0.746
meta,11,dev_1195,yes,I don't know. The blue-ringed octopus is one,i,idk,IDK,0.7496
meta,11,dev_1197,yes,'I don't know.' Ectopic pregnancies cannot develop normally within,i,idk,IDK,0.7495
meta,11,dev_1313,yes,"No, relative risk and risk ratio are not the same. Relative risk is",no,no,Incorrect,0.7472000000000001
meta,11,dev_1564,yes,"Yes, PCP (Phencyclidine) and angel dust are the",yes,yes,Correct,0.7459
meta,11,dev_0078,no,"Yes, there is a right and left brachiocephalic ar",yes,yes,Incorrect,0.7682
meta,11,dev_0166,no,"Yes, that is correct. It is five portions of fruit and five portions of",yes,yes,Incorrect,0.7447999999999999
meta,11,dev_0851,no,"Yes, attending a first aid course is part of the chain of survival. The",yes,yes,Incorrect,0.7457
meta,11,dev_0861,no,A junctional rhythm does not have a P wave. The P wave is,a,other,NC,0.756
meta,11,dev_0872,no,A first-degree burn is less severe than a third-degree burn. A,a,other,NC,0.7507999999999999
meta,11,dev_1554,no,'I don't know.' While Lyme disease is a well-known,i,idk,IDK,0.749
meta,11,dev_1719,no,"Yes, extended release and sustained release are essentially the same thing. They both refer",yes,yes,Incorrect,0.7465
meta,11,dev_1991,no,I don't know. The idea that the ring finger is connected to the,i,idk,IDK,0.7466
meta,11,dev_2115,no,I don't know. Sumo wrestling is a unique profession with specific,i,idk,IDK,0.7575
meta,11,dev_0105,yes,"Yes, there was a draft in the Revolutionary War. It was called the",yes,yes,Correct,0.746
meta,11,dev_0125,yes,I don't know. The eruption of Mount Vesuvius,i,idk,IDK,0.7444
meta,11,dev_0191,yes,I don't know. The Tomb of the Unknown Soldier in,i,idk,IDK,0.7682
meta,11,dev_1292,yes,"Yes, the Queen of England (Queen Elizabeth II) did marry her cousin",yes,yes,Correct,0.753
meta,11,dev_1338,yes,'I don't know.' There were reports of oil fires during the Gulf,i,idk,IDK,0.7615
meta,11,dev_0388,no,'I don't know' - The answer to this question can vary depending,i,idk,IDK,0.748
meta,11,dev_0703,no,I don't know. The Peacock Throne was a throne,i,idk,IDK,0.7501
meta,11,dev_0833,no,"Yes, bodies were found from the Edmund Fitzgerald. The ship sank",yes,yes,Incorrect,0.7505
meta,11,dev_0874,no,I don't know. There have been several attempts to escape from Alcat,i,idk,IDK,0.751
meta,11,dev_1651,no,I don't know. There are still some tin-mining operations in,i,idk,IDK,0.7457999999999999
meta,11,dev_0072,yes,I don't know. The regulations regarding the possession of ammunition can,i,idk,IDK,0.7555
meta,11,dev_0258,yes,'I don't know.' The alcohol sales laws can vary by state and,i,idk,IDK,0.7457
meta,11,dev_0286,yes,"Yes, an administrative law judge is a real judge. They are judges who pres",yes,yes,Correct,0.7597
meta,11,dev_0348,yes,"'I don't know.' In the UK, it is illegal to keep",i,idk,IDK,0.7639
meta,11,dev_0467,yes,"Yes, a certification of birth and a birth certificate are the same thing. They",yes,yes,Correct,0.747
meta,11,dev_0515,yes,I don't know. The ability to put a restraining order on a,i,idk,IDK,0.7463
meta,11,dev_0562,yes,'I don't know.' The concealed carry laws can vary by state,i,idk,IDK,0.7631
meta,11,dev_0636,yes,"I don't know. In California, there are strict laws regarding the carrying",i,idk,IDK,0.7577
meta,11,dev_0740,yes,"Yes, there is a time limit for ratification of an amendment. In",yes,yes,Correct,0.7501
meta,11,dev_0838,yes,"Yes, in Quebec, you can turn right on a red light after stopping and",yes,yes,Correct,0.7467999999999999
meta,11,dev_0864,yes,'I don't know.' I recommend checking the laws and regulations for open,i,idk,IDK,0.7514
meta,11,dev_0873,yes,'I don't know.' The rules for driving with a learner',i,idk,IDK,0.7652
meta,11,dev_0901,yes,It depends on the specific laws in the area where you are driving. In general,it,other,NC,0.7466
meta,11,dev_0909,yes,I don't know. A signature is a unique mark or symbol that a,i,idk,IDK,0.7464
meta,11,dev_1134,yes,"Yes, New York State is a common law state. Common law is a system",yes,yes,Correct,0.7573
meta,11,dev_0198,no,"I don't know. In New Hampshire, there is no permit required to",i,idk,IDK,0.7495
meta,11,dev_0215,no,I don't know. The operating hours for liquor stores can vary by,i,idk,IDK,0.746
meta,11,dev_0223,no,'I don't know.' The legality of recording covers of songs can,i,idk,IDK,0.7507
meta,11,dev_0234,no,I don't know. The age of consent for sexual activity varies by juris,i,idk,IDK,0.7597
meta,11,dev_0272,no,I don't know. The Taconic State Parkway is a park,i,idk,IDK,0.7652
meta,11,dev_0453,no,"I don't know. In most states, it is illegal to marry your",i,idk,IDK,0.7517999999999999
meta,11,dev_0499,no,'I don't know.' Puerto Rican residents are U.S.,i,idk,IDK,0.7496
meta,11,dev_0552,no,I don't know. The rules for having a phone in prison can vary,i,idk,IDK,0.7722
meta,11,dev_0680,no,'I don't know.' Trade secrets can last indefinitely as long,i,idk,IDK,0.7479
meta,11,dev_0738,no,"I don't know. Taiwan is not a member of the United Nations,",i,idk,IDK,0.7456
meta,11,dev_0771,no,'I don't know'. Payola is a term that refers to the,i,idk,IDK,0.7487999999999999
meta,11,dev_0888,no,"Yes, Supreme Court justices have been removed from office. However, they have",yes,yes,Incorrect,0.7599
meta,11,dev_1135,no,"'I don't know.' In the UK, a certified copy is a",i,idk,IDK,0.7467
meta,11,dev_1188,no,'I don't know.' The laws regarding gun ownership for individuals who have,i,idk,IDK,0.7465
meta,11,dev_0339,yes,'I don't know.' The rules for entering Canada with a military ID,i,idk,IDK,0.7479
meta,11,dev_0357,yes,I don't know. The American Community Survey is a survey conducted by the,i,idk,IDK,0.7653
meta,11,dev_0498,yes,"Yes, the Florida Constitution does give a minimum age for legislators. The minimum",yes,yes,Correct,0.7452000000000001
meta,11,dev_0620,yes,"Yes, the United Nations has intervened in conflicts involving Pakistan on several occasions.",yes,yes,Correct,0.7509
meta,11,dev_0878,yes,"Yes, in the United States, the national government and the federal government are the",yes,yes,Correct,0.7646000000000001
meta,11,dev_1864,yes,"Yes, the U.S. Marines are part of the Department of the",yes,yes,Correct,0.7559
meta,11,dev_2080,yes,"Yes, the Coast Guard is part of the Department of Homeland Security, not",yes,yes,Correct,0.7462000000000001
meta,11,dev_2395,yes,'I don't know.' The Governor-General's role in the,i,idk,IDK,0.753
meta,11,dev_2639,yes,I don't know. Canada is not a permanent member of the United Nations,i,idk,IDK,0.7451
meta,11,dev_3155,yes,"I don't have personal experiences or service records, so I can't",i,other,NC,0.7569
meta,11,dev_3209,yes,"No, attending the Naval Academy does not mean you are in the Navy. Att",no,no,Incorrect,0.7473
meta,11,dev_0209,no,"No, Israel is not part of the European Economic Area (EEA). The",no,no,Correct,0.7464
meta,11,dev_0273,no,"Yes, you have to pay tolls in both directions on the George Washington Bridge",yes,yes,Incorrect,0.7467999999999999
meta,11,dev_0404,no,"Yes, Puerto Rico is a commonwealth of the United States, which means it",yes,yes,Incorrect,0.7597999999999999
meta,11,dev_0567,no,I don't know. Romania is not currently part of the Visa,i,idk,IDK,0.7479
meta,11,dev_0675,no,I don't know. Saudi Arabia ratified the International Covenant on,i,idk,IDK,0.7469
meta,11,dev_1172,no,"No, Turkey is not a part of the European Union. It is a candidate",no,no,Correct,0.7457999999999999
meta,11,dev_1275,no,I don't know. The rules for wearing state awards on active duty can,i,idk,IDK,0.7587999999999999
meta,11,dev_1971,no,I don't know. Bosnia and Herzegovina is not a,i,idk,IDK,0.7572000000000001
meta,11,dev_2001,no,'I don't know.' The power to pardon federal crimes belongs to,i,idk,IDK,0.7477
meta,11,dev_3004,no,I don't know. The ability to buy a council house was introduced in,i,idk,IDK,0.7469
meta,11,dev_3256,no,I don't know. The presence of cameras on traffic lights can vary depending,i,idk,IDK,0.772
meta,11,dev_1132,yes,I don't know. While pink quartz and rose quartz are both,i,idk,IDK,0.7462000000000001
meta,11,dev_1233,yes,I don't know. An adiabatic process is one in which,i,idk,IDK,0.7475
meta,11,dev_1511,yes,I don't know. The heat index is a measure of how hot it,i,idk,IDK,0.748
meta,11,dev_1633,yes,I don't know. Nail acetone and paint acetone,i,idk,IDK,0.7573
meta,11,dev_2007,yes,"Yes, liquefied petroleum gas (LPG) is often used",yes,yes,Correct,0.7447999999999999
meta,11,dev_2214,yes,I don't know. Dry water is a term that is often used to,i,idk,IDK,0.7463
meta,11,dev_2239,yes,Yes. The speed of sound varies with frequency at constant temperature. This is known,yes,yes,Correct,0.748
meta,11,dev_2299,yes,I don't know. While it is less common for rain to occur without,i,idk,IDK,0.7575
meta,11,dev_2303,yes,"Yes, all life requires the same essential elements, which are water, carbon,",yes,yes,Correct,0.7464
meta,11,dev_2477,yes,I don't know. The set of natural numbers includes the numbers 1,i,idk,IDK,0.7457
meta,11,dev_2993,yes,I don't know. Eidetic memory and photographic memory are often,i,idk,IDK,0.7447
meta,11,dev_3126,yes,I don't know. While there are optical phenomena that can create rain,i,idk,IDK,0.7469
meta,11,dev_3188,yes,'I don't know.' While turkey vultures and buzzards,i,idk,IDK,0.7615
meta,11,dev_3193,yes,"Yes, the Georgia Aquarium does have whale sharks. They are one",yes,yes,Correct,0.7507999999999999
meta,11,dev_3234,yes,"No, a rhombus is not the same as a diamond. A rh",no,no,Incorrect,0.748
meta,11,dev_3265,yes,I don't know. The Titius-Bode rule is a mathematical,i,idk,IDK,0.7555
meta,11,dev_0001,no,"Yes, it does. The production of ethanol requires more energy than it",yes,yes,Incorrect,0.7466
meta,11,dev_0579,no,"No, you cannot really hear the ocean in a seashell. The sound you",no,no,Correct,0.7471
meta,11,dev_1003,no,"Yes, least squares is the same as linear regression. Linear reg",yes,yes,Incorrect,0.7509
meta,11,dev_1483,no,I don't know. A meter stick and a yardstick are both measuring,i,idk,IDK,0.7513
meta,11,dev_1551,no,"No, Australia is not part of the Ring of Fire. The Ring of Fire",no,no,Correct,0.7491
meta,11,dev_1702,no,I don't know. Pterodactyl is a common name for,i,idk,IDK,0.7493
meta,11,dev_1925,no,"No, percent difference and percent change are not the same thing. Percent difference",no,no,Correct,0.7477999999999999
meta,11,dev_2025,no,"Yes, the load is one of the two points of a lever. The other",yes,yes,Incorrect,0.7641
meta,11,dev_2312,no,"No, turpentine and white spirit are not the same thing. Turpent",no,no,Correct,0.7517999999999999
meta,11,dev_2471,no,"Yes, there is a mechanical advantage for a fixed pulley. A fixed pul",yes,yes,Incorrect,0.7457
meta,11,dev_2521,no,I don't know. The t-distribution does not have a standard,i,idk,IDK,0.7651
meta,11,dev_2782,no,I don't know. The hydronium ion (H3O+,i,idk,IDK,0.7465
meta,11,dev_2812,no,"I don't know. The salt concentration in the ocean is relatively uniform,",i,idk,IDK,0.7476
meta,11,dev_3014,no,"Yes, the days do get longer and shorter at the Equator, just like",yes,yes,Incorrect,0.7579
meta,11,dev_3034,no,I don't know. Hydraulic lime and hydr,i,idk,IDK,0.7474
meta,11,dev_3159,no,I don't know. While chipmunks and ground squirrel,i,idk,IDK,0.7521
meta,11,dev_3190,no,I don't know. Mahi-mahi and ahi tuna,i,idk,IDK,0.7526
meta,11,dev_0682,yes,"A sermon and a homily are similar, but not exactly the same",a,other,NC,0.749
meta,11,dev_0735,yes,"Yes, secondary school is the same as high school in the United States. In",yes,yes,Correct,0.7504
meta,11,dev_1505,yes,"Yes, the University of St. Thomas is a nonprofit institution.",yes,yes,Correct,0.6734
meta,11,dev_1668,yes,"Yes, Church of England (Anglican) worshippers make the sign of",yes,yes,Correct,0.7474
meta,11,dev_2373,yes,'I don't know.' 'Lord of All Hopefulness' is,i,idk,IDK,2.0926
meta,11,dev_2793,yes,"Yes, Eastern Kentucky University is a Division 1 school. It is a member",yes,yes,Correct,0.7459
meta,11,dev_2929,yes,'I don't know.' While both child psychology and developmental psychology focus,i,idk,IDK,0.7477
meta,11,dev_0605,no,'I don't know.' While I can provide general information about BYU,i,idk,IDK,0.7655
meta,11,dev_0908,no,'I don't know.' The American College of Education is accredited,i,idk,IDK,0.7447999999999999
meta,11,dev_1388,no,"No, UCL (University College London) and the University of London are",no,no,Correct,0.7467999999999999
meta,11,dev_1521,no,"I don't know. In some cases, Sweden provides financial support to students",i,idk,IDK,0.7611
meta,11,dev_2334,no,'I don't know.' The Book of Jasher is not included,i,idk,IDK,0.7473
meta,11,dev_2641,no,I don't know. The use of hyphens in double-barrel,i,idk,IDK,0.746
meta,11,dev_0347,yes,"Yes, the Women's College World Series is a double elimination tournament.",yes,yes,Correct,0.7507
meta,11,dev_0411,yes,I don't know. The Redskins' defensive scheme can change from,i,idk,IDK,0.7456
meta,11,dev_0439,yes,I don't know. The Milwaukee Brewers have not yet,i,idk,IDK,0.7475
meta,11,dev_0452,yes,'I don't know.' Belgium has not yet reached the World Cup final,i,idk,IDK,0.7513
meta,11,dev_0585,yes,"No, in a rugby league scrum, the players do not push with their",no,no,Incorrect,0.7483
meta,11,dev_0656,yes,"I don't know. Kaká, whose full name is Ricardo",i,idk,IDK,0.7662
meta,11,dev_0661,yes,"Yes, the KSI vs. Logan Paul fight was pay-per-view",yes,yes,Correct,0.7614
meta,11,dev_0701,yes,"Yes, the Kentucky Derby is usually held on the first Saturday in May.",yes,yes,Correct,0.759
meta,11,dev_0704,yes,"Yes, Wayne Gretzky won four Stanley Cups during his career,",yes,yes,Correct,0.745
meta,11,dev_0752,yes,I don't know. The concept of a mercy rule is more commonly associated,i,idk,IDK,0.7465
meta,11,dev_0848,yes,I don't know. The rules for signing free agents in sports can vary,i,idk,IDK,0.7554
meta,11,dev_0883,yes,"Yes, a team has come back from 3-1 in a best-",yes,yes,Correct,0.7485
meta,11,dev_1143,yes,"Yes, Dan Marino is in the Hall of Fame. He was inducted",yes,yes,Correct,0.7463
meta,11,dev_1305,yes,"'I don't know.' The NCAA has three divisions (I,",i,idk,IDK,0.7551
meta,11,dev_1497,yes,I don't know. Alphonse Areola is a French football,i,idk,IDK,0.7624
meta,11,dev_1777,yes,I don't know. The rules for counting away goals in league playoffs,i,idk,IDK,0.746
meta,11,dev_2250,yes,'I don't know.' Poland did not qualify for the 20,i,idk,IDK,0.7437
meta,11,dev_2370,yes,"I don't know. Ireland has played Australia in rugby union multiple times,",i,idk,IDK,0.7533
meta,11,dev_0083,no,"Yes, there is a tiebreaker in the final set at Wimbled",yes,yes,Incorrect,0.7472000000000001
meta,11,dev_0085,no,I don't know. Deion Sanders is a professional athlete who,i,idk,IDK,0.7567999999999999
meta,11,dev_0170,no,"I don't know. The Czech Republic, as a separate nation, has",i,idk,IDK,0.7455
meta,11,dev_0230,no,I don't know. The rules for running on a dropped third strike in,i,idk,IDK,0.7466
meta,11,dev_0412,no,"No, the Miami Dolphins do not have a real dolphin in",no,no,Correct,0.7483
meta,11,dev_0421,no,'I don't know.' The Golden Boot is an award given to the,i,idk,IDK,0.7587
meta,11,dev_0447,no,"Yes, Panama has qualified for the World Cup. They first qualified for the",yes,yes,Incorrect,0.7589
meta,11,dev_0544,no,"Yes, Trinity Forest Golf Club is a private course. It is not open",yes,yes,Incorrect,0.7477
meta,11,dev_0565,no,"No, walks are not included in the batting average calculation. Only hits (",no,no,Correct,0.7486
meta,11,dev_0589,no,"I don't know. In basketball, the rules regarding goaltending can",i,idk,IDK,0.765
meta,11,dev_0593,no,"No, teams do not keep the FIFA World Cup trophy. The trophy",no,no,Correct,0.7455
meta,11,dev_0859,no,I don't know. The U.S. Open is not played on,i,idk,IDK,0.7445
meta,11,dev_0865,no,'I don't know.' The San Jose Sharks have not won a,i,idk,IDK,0.7607
meta,11,dev_1518,no,Yes. All 2018 World Cup matches were played in Russia.,yes,yes,Incorrect,0.7469
meta,11,dev_1768,no,'I don't know.' England has not won the Women's World,i,idk,IDK,0.745
meta,11,dev_1779,no,'I don't know.' India did not qualify for the 20,i,idk,IDK,0.7479
meta,11,dev_1905,no,"No, a player cannot be offside directly from a goal kick. The off",no,no,Correct,0.7665
meta,11,dev_2156,no,"Yes, the Yankees won the World Series in 2001",yes,yes,Incorrect,0.7461
meta,11,dev_2158,no,'I don't know.' The Cincinnati Bengals have not,i,idk,IDK,0.7447
meta,11,dev_2798,no,"No, the Super Bowl loser does not get a ring. Only the winning",no,no,Correct,0.7486
meta,11,dev_3138,no,"No, the Olympic gold medal is not made of gold. It is actually made",no,no,Correct,0.7484
meta,11,dev_0307,yes,I don't know. The tire size for a 29er is,i,idk,IDK,0.7485
meta,11,dev_0506,yes,"Yes, drywall mud and joint compound are the same thing. They are both",yes,yes,Correct,0.7447999999999999
meta,11,dev_0641,yes,I don't know. While some parts may be interchangeable between the,i,idk,IDK,0.754
meta,11,dev_0844,yes,I don't know. Bell and Telus are two separate telecommunications,i,idk,IDK,0.7522000000000001
meta,11,dev_1032,yes,"Yes, 1-844 is a toll-free number in Canada",yes,yes,Correct,0.7451
meta,11,dev_1574,yes,"Yes, there can be a chip in Apple Lightning cables. The chip",yes,yes,Correct,0.7627
meta,11,dev_1889,yes,"No, the Mazda Tribute and Ford Escape are not essentially the same",no,no,Incorrect,0.7514
meta,11,dev_2093,yes,"Yes, you can call the police without a SIM card, but only if",yes,yes,Correct,0.7567999999999999
meta,11,dev_2213,yes,'I don't know.' Toll-free numbers in the U.,i,idk,IDK,0.7641
meta,11,dev_2735,yes,"No, pipelining is a technique used to improve the throughput of multiple",no,no,Incorrect,2.7496
meta,11,dev_2836,yes,I don't know. The F-4 Phantom is a military,i,idk,IDK,0.748
meta,11,dev_0788,no,"No, MiniDV tapes are not the same as 8mm t",no,no,Correct,0.7487
meta,11,dev_0798,no,I don't know. Area code 669 is not a toll,i,idk,IDK,0.7494
meta,11,dev_1249,no,"YES, C++ strings do not need to be null-terminated like",yes,yes,Incorrect,0.7462000000000001
meta,11,dev_1458,no,"Yes, most powered speakers do not require an external amplifier because they have their",yes,yes,Incorrect,0.7557999999999999
meta,11,dev_1584,no,I don't know. The GMC Avalanche was discontinued,i,idk,IDK,0.749
meta,11,dev_1589,no,"No, a SIM-free phone does not lock to a network. It",no,no,Correct,0.769
meta,11,dev_1657,no,"'I don't know.' The first iPhone, which was released in",i,idk,IDK,0.7464
meta,11,dev_1691,no,I don't know. Response time and input lag are related but not exactly,i,idk,IDK,0.7546
meta,11,dev_1943,no,"Yes, it costs money to join PlayStation Network. You will need a Play",yes,yes,Incorrect,0.745
meta,11,dev_2682,no,I don't know. E-ZPass and EZ TAG are,i,idk,IDK,0.7513
meta,11,dev_2712,no,I don't know. A23 and N batteries are similar in size,i,idk,IDK,0.7656000000000001
meta,11,dev_0427,no,"No, The Barber of Seville and Sweeney Todd are not the",no,no,Correct,0.7492000000000001
meta,11,dev_0531,no,'I don't know.' While Smaug is a famous dragon in J,i,idk,IDK,0.7467999999999999
meta,11,dev_1915,no,'I don't know.' The Hunchback of Notre-D,i,idk,IDK,0.749
meta,11,dev_1946,no,"No, Snake Eyes and Storm Shadow are not the same person. They",no,no,Correct,0.7469
meta,11,dev_2024,no,Yes. The foreword comes before the table of contents in a book.,yes,yes,Incorrect,0.7099
meta,11,dev_2265,no,"No, G major and E minor are not the same. They are different keys",no,no,Correct,0.7452000000000001
meta,11,dev_0004,yes,"Yes, Harry Potter and the Escape from Gringotts is a",yes,yes,Correct,0.7474
meta,11,dev_0241,yes,"Yes, Mariah Carey wrote ""All I Want for Christmas Is You.""",yes,yes,Correct,0.7444
meta,11,dev_0326,yes,Yes. The Wizarding World of Harry Potter is located in Islands of,yes,yes,Correct,0.749
meta,11,dev_0525,yes,"Yes, Queen had a number one hit. The song ""Bohemian R",yes,yes,Correct,2.0894
meta,11,dev_0577,yes,Yes. Phil Collins and Peter Gabriel were both members of Genesis at the same,yes,yes,Correct,0.7622000000000001
meta,11,dev_0799,yes,I don't know. The rules for winning money on Jeopardy,i,idk,IDK,0.7471
meta,11,dev_0142,no,"No, denatured alcohol and acetone are not the same thing.",no,no,Correct,0.7466
meta,11,dev_0494,no,"No, fitness (as used in biology) and survival do not have the",no,no,Correct,0.7641
meta,11,dev_0527,no,I don't know. HeLa cells are a type of immortal,i,idk,IDK,0.7463
meta,11,dev_0566,no,I don't know. Bacteria of the same species can have different,i,idk,IDK,0.7462000000000001
meta,11,dev_0648,no,"No, evergreen trees do not lose their leaves in the winter. They retain",no,no,Correct,0.7517999999999999
meta,11,dev_0668,no,I don't know. Red-eared sliders are freshwater t,i,idk,IDK,0.748
meta,11,dev_0749,no,"Yes, sensory neurons are part of the peripheral nervous system, not",yes,yes,Incorrect,0.7457999999999999
meta,11,dev_0790,no,I don't know. Great white sharks do not live at the bottom,i,idk,IDK,0.7462000000000001
meta,11,dev_0867,no,I don't know. The relationship between genotype and phenotype is complex,i,idk,IDK,0.7472000000000001
meta,11,dev_0921,no,"No, you cannot get eaten by a whale shark. Whale sh",no,no,Correct,0.7461
meta,11,dev_1088,no,I don't know. Rabbits and cats are different species and cannot breed,i,idk,IDK,0.7579
meta,11,dev_1329,no,I don't know. The,i,idk,IDK,0.7454
meta,11,dev_1402,no,"Yes, tissue is composed of one type of cell, but there are different types",yes,yes,Incorrect,0.7614
meta,11,dev_1428,no,I don't know. Sweat glands are part of the inte,i,idk,IDK,0.747
meta,11,dev_1439,no,"No, a groundhog and a mole are not the same thing. A",no,no,Correct,0.7584
meta,11,dev_0020,yes,Yes. Magnesium citrate contains citric acid. It is a common,yes,yes,Correct,0.7493
meta,11,dev_0027,yes,"Yes, penguins have feathers that arise from the epidermis.",yes,yes,Correct,0.7494
meta,11,dev_0047,yes,"Yes, there is such a thing as a turkey vulture. It is",yes,yes,Correct,0.7467999999999999
meta,11,dev_0070,yes,"Yes, T. rex and Tyrannosaurus rex are the",yes,yes,Correct,0.7529
meta,11,dev_0086,yes,"No, a German Shepherd and an Alsatian are not the same",no,no,Incorrect,0.7582000000000001
meta,11,dev_0121,yes,"Yes, St. Bernards and Bernese Mountain Dogs are related. They",yes,yes,Correct,0.7545
meta,11,dev_0131,yes,"Yes, the latent heat of vaporization does change with temperature. It",yes,yes,Correct,0.7486
meta,11,dev_0147,yes,"Yes, the navel and the belly button are the same thing. They are",yes,yes,Correct,0.7486
meta,11,dev_0159,yes,"Yes, a tree can have more than one trunk. This is known as a",yes,yes,Correct,0.7567999999999999
meta,11,dev_0190,yes,"Yes, bees do die after they lose their stinger. The stinger",yes,yes,Correct,0.7492000000000001
meta,11,dev_0195,yes,I don't know. Alligators have a powerful bite that can hold,i,idk,IDK,0.753
meta,11,dev_0200,yes,Yes. Competitive inhibitors bind to the active site of an enzyme,yes,yes,Correct,0.747
meta,11,dev_0214,yes,"Yes, animal cells have a cell membrane. The cell membrane, also",yes,yes,Correct,0.7579
meta,11,dev_0242,yes,"Yes, both male and female bighorn sheep have horns. The horn",yes,yes,Correct,0.7545
meta,11,dev_0522,yes,"Yes, a hornet can sting you more than once. Hornets have",yes,yes,Correct,0.7447999999999999
meta,11,dev_0033,no,"No, federal income tax and Social Security are not the same. Federal income tax",no,no,Correct,0.7487
meta,11,dev_0123,no,"Yes, public limited companies (PLCs) are considered to be in the",yes,yes,Incorrect,0.769
meta,11,dev_0501,no,I don't know. Comcast and Time Warner Cable were separate companies,i,idk,IDK,0.748
meta,11,dev_0526,no,"No, Canadian dollars are not the same as American dollars. Canadian dollars are represented",no,no,Correct,0.7463
meta,11,dev_1076,no,"No, not only commercial banks are subject to runs. Banks of all types",no,no,Correct,0.7502000000000001
meta,11,dev_1213,no,"Yes, discretionary income and disposable income are the same. Discret",yes,yes,Incorrect,0.7579
meta,11,dev_1654,no,I don't know. Discouraged workers are not included in the,i,idk,IDK,0.746
meta,11,dev_1753,no,"No, Universal Music Group is not part of Universal Studios. Universal Music Group is",no,no,Correct,0.7452000000000001
meta,11,dev_1825,no,"No, a bank sort code is not the same for everyone. It is a",no,no,Correct,0.7463
meta,11,dev_2911,no,The United States does not have a fixed exchange rate. It operates under a floating,the,other,NC,0.7514
meta,11,dev_2740,no,'I don't know.' The Better Business Bureau is a non-govern,i,idk,IDK,0.7457
meta,11,dev_2517,no,"'I don't know'. The Bank of England is a central bank,",i,idk,IDK,0.9542
meta,11,dev_1139,yes,"Yes, there are state income taxes in New Mexico. The state has a progressive",yes,yes,Correct,0.7596
meta,11,dev_0002,yes,"No, house tax and property tax are not the same. House tax is a",no,no,Incorrect,0.7556
meta,11,dev_0773,yes,"Yes, a company can be public but not listed. A public company is one",yes,yes,Correct,0.8179
meta,11,dev_1186,yes,"Yes, a universal life policy does have cash value. Universal life insurance is a",yes,yes,Correct,0.7456
meta,11,dev_1302,yes,"Yes, Dodge and Jeep are both brands owned by the same company,",yes,yes,Correct,0.7482000000000001
meta,11,dev_1349,yes,Yes. NPV (Net Present Value) does account for the time value,yes,yes,Correct,0.7465
meta,11,dev_1771,yes,"Yes, a news release and a press release are essentially the same thing. They",yes,yes,Correct,0.7485
meta,11,dev_1804,yes,"Yes, a two-dollar bill has monetary value. It is a",yes,yes,Correct,0.7476
meta,11,dev_1873,yes,"Yes, Stop & Shop and Giant are both owned by Ahold Delha",yes,yes,Correct,0.7467999999999999
meta,11,dev_1963,yes,"Yes, that is correct. There is no sales tax in New Hampshire.",yes,yes,Correct,0.7082
meta,11,dev_2582,yes,"Yes, a profit and loss statement is the same as an income statement. They",yes,yes,Correct,2.0907
meta,11,dev_2598,yes,"Yes, Hellmann's and Best Foods are the same company. They",yes,yes,Correct,0.7493
meta,11,dev_3158,yes,I don't know. While there can be a relationship between economic development and,i,idk,IDK,0.7479
meta,11,dev_0551,no,"No, an ounce (oz) and a fluid ounce (fl oz",no,no,Correct,0.97
meta,11,dev_1158,no,"No, a crossover is not the same as an SUV.",no,no,Correct,0.7594
meta,11,dev_1364,no,"Yes, a jet engine is an external combustion engine. The fuel is",yes,yes,Incorrect,0.7662
meta,11,dev_1807,no,"No, 8.5×11 (US Letter) is not the",no,no,Correct,0.7501
meta,11,dev_2542,no,I don't know. Father's Day is celebrated on the third Sunday,i,idk,IDK,0.7456
meta,11,dev_2562,no,I don't know. While both ribeye and Delmonico ste,i,idk,IDK,0.7485
meta,11,dev_3005,no,"No, an English Bull Terrier is not a Pit Bull. They are",no,no,Correct,0.7489
meta,11,dev_3194,no,"No, corn chips and tortilla chips are not the same. While both are",no,no,Correct,0.7477999999999999
meta,11,dev_3195,no,"No, a boarding pass is not the same as a ticket. A board",no,no,Correct,2.0850999999999997
meta,11,dev_0013,yes,"I don't recommend washing your hair with shower gel, as it can strip",i,other,NC,0.7602000000000001
meta,11,dev_0043,yes,Yes. Interstate 10 is a coast-to-coast inter,yes,yes,Correct,0.7642
meta,11,dev_0052,yes,"Yes, a hammer can be used as a weapon. However, it's",yes,yes,Correct,0.746
meta,11,dev_0091,yes,I don't know. A tablespoon and a dessert spoon are both,i,idk,IDK,0.7502000000000001
meta,11,dev_0116,yes,"Yes, a father-in-law is considered a relative.",yes,yes,Correct,0.639
meta,11,dev_0288,yes,"Yes, the UK uses a 24-hour clock.",yes,yes,Correct,0.6375
meta,11,dev_0555,yes,"Yes, ZIP code and postal code are the same. They are both",yes,yes,Correct,0.7479
meta,11,dev_0627,yes,"No, the title ""Sir"" is a title of honor and knighthood",no,no,Incorrect,0.7483
meta,11,dev_0831,yes,"Yes, a U.S. passport card is a valid form of ID",yes,yes,Correct,0.7467999999999999
meta,11,dev_0721,no,'I don't know.' Night of the Living Dead is a 1,i,idk,IDK,0.773
meta,11,dev_0863,no,"I don't know. ""The Closer"" and ""Major Cr",i,idk,IDK,0.7486
meta,11,dev_1357,no,"No, The View and The Talk are not the same show. They are two",no,no,Correct,0.7455
meta,11,dev_1951,no,"The Bridge on the River Kwai is based on a novel, not a",the,other,NC,0.767
meta,11,dev_2131,no,'I don't know.' Nacho is a character from Better Call S,i,idk,IDK,0.7577999999999999
meta,11,dev_2174,no,"No, Fear the Walking Dead is a separate television series from The Walk",no,no,Correct,0.7459
meta,11,dev_2252,no,'I don't know.' While I can provide information about the show',i,idk,IDK,0.7519
meta,11,dev_2309,no,I don't know. Maleficent is a character from Disney',i,idk,IDK,0.7511
meta,11,dev_2364,no,'I don't know.' The Outsiders is a novel written by,i,idk,IDK,0.7587
meta,11,dev_3075,no,'I don't know.' While Pulp Fiction is a work of,i,idk,IDK,0.7483
meta,11,dev_3205,no,"No, the movie Lady Bird is not about Lady Bird Johnson. It is a",no,no,Correct,0.7497999999999999
meta,11,dev_0015,yes,"Yes, Fantastic Beasts and Where to Find Them is a prequel",yes,yes,Correct,0.7469
meta,11,dev_0153,yes,"Yes, there is a movie adaptation of The Handmaid's Tale",yes,yes,Correct,2.0916
meta,11,dev_0161,yes,'I don't know.' The Night of the Hunter is often considered a,i,idk,IDK,0.7535
meta,11,dev_0306,yes,"Yes, Grey's Anatomy is filmed at a real hospital.",yes,yes,Correct,0.7501
meta,11,dev_0334,yes,Yes.,yes,yes,Correct,0.2305
meta,11,dev_0338,yes,"Yes, Fear the Walking Dead and The Walking Dead are related.",yes,yes,Correct,0.7464
meta,11,dev_0493,yes,"'I don't know.' Love Child is an Australian television drama series,",i,idk,IDK,0.746
meta,11,dev_0520,yes,Yes. Age of Ultron came after Winter Soldier in the Marvel Cin,yes,yes,Correct,0.7495
meta,11,dev_0212,no,"No, maple syrup does not come straight from the tree. It is",no,no,Correct,0.745
meta,11,dev_0309,no,"No, ground coriander and cumin are not the same thing. Ground",no,no,Correct,0.7504
meta,11,dev_0484,no,"Yes, salt water taffy does have salt water in it. The name",yes,yes,Incorrect,0.7454
meta,11,dev_0654,no,"No, beef short ribs are not the same as spare ribs. Be",no,no,Correct,0.7461
meta,11,dev_0973,no,'I don't know.' Salt water taffy is a type of,i,idk,IDK,0.7477
meta,11,dev_1335,no,I don't know. Cocoa beans and coffee beans are two different,i,idk,IDK,0.7509
meta,11,dev_1443,no,"No, a lungo is not the same as an Americano. A lung",no,no,Correct,0.7723
meta,11,dev_0284,yes,"Yes, enameled cast iron can leach iron into food, especially when",yes,yes,Correct,0.7465
meta,11,dev_0330,yes,"Yes, the white rind on brie cheese is edible. It is",yes,yes,Correct,0.7512000000000001
meta,11,dev_0443,yes,"Yes, powdered sugar and confectioners' sugar are the same. They",yes,yes,Correct,0.757
meta,11,dev_0975,yes,"Yes, wholemeal flour and whole wheat flour are essentially the same thing.",yes,yes,Correct,0.7463
meta,11,dev_1741,yes,"Yes, garbanzo beans and chickpeas are the same thing. They",yes,yes,Correct,0.7453
meta,11,dev_1770,yes,"Yes. Pure vanilla extract contains alcohol, typically at a concentration of around",yes,yes,Correct,0.7452000000000001
meta,11,dev_1860,no,"No, Pinot Noir and Pinot Gris are not the same gr",no,no,Correct,0.7499
meta,11,dev_1967,yes,"Yes, a caffe latte is the same as a latte. A",yes,yes,Correct,0.7459
meta,11,dev_0236,no,"YES, in poker, straights must be in the same suit to be",yes,yes,Incorrect,0.9708
meta,11,dev_0741,no,"No, there is not always a way to win solitaire. The outcome of",no,no,Correct,0.7459
meta,11,dev_1440,no,"No, the Xbox One cannot play Xbox 360 discs. The",no,no,Correct,0.7676000000000001
meta,11,dev_2062,no,"No, a queen cannot move like a knight. A queen can move any",no,no,Correct,0.7444
meta,11,dev_2109,no,"No, Call of Duty: World at War is based on World War II",no,no,Correct,0.7463
meta,11,dev_2137,no,"No, it is not possible to win a game of chess with only a",no,no,Correct,0.7459
meta,11,dev_0478,yes,"Yes, Call of Duty: Modern Warfare 2 does have a multi",yes,yes,Correct,0.7529
meta,11,dev_0545,yes,"Yes, there is a storyline in Just Cause 3. The game",yes,yes,Correct,0.7575
meta,11,dev_1125,yes,"Yes, Need for Speed has a story mode. The game typically features a narrative",yes,yes,Correct,0.7591
meta,11,dev_1137,yes,'I don't know.' Pokémon Crystal is a Game Boy,i,idk,IDK,0.7465
meta,11,dev_1162,yes,"Yes, you can play DS games on a DS Lite. The DS L",yes,yes,Correct,0.7496
meta,11,dev_1177,yes,"Yes, Company of Heroes 2 has a campaign. It is a real",yes,yes,Correct,0.7612000000000001
meta,11,dev_1444,yes,"No, original Xbox games do not work on Xbox One without the use of a",no,no,Incorrect,0.7527999999999999
meta,11,dev_0313,no,"No, St. Kitts and Nevis is not a U.S",no,no,Correct,0.7481
meta,11,dev_0823,no,'I don't know.' The Ogallala Aquifer is one of,i,idk,IDK,0.7474
meta,11,dev_0839,no,"No, West Virginia and Virginia are not the same state. West Virginia is a",no,no,Correct,0.7477
meta,11,dev_1222,no,"No, the Isle of Man is not a part of Great Britain. It",no,no,Correct,0.7484
meta,11,dev_1254,no,"No, Sudan and South Sudan are not the same country. Sudan",no,no,Correct,0.7467999999999999
meta,11,dev_1269,no,"I don't know. The Mississippi River flows into the Gulf of Mexico,",i,idk,IDK,0.7452000000000001
meta,11,dev_1334,no,"I don't know. Patagonia is a region, not a country",i,idk,IDK,0.7477999999999999
meta,11,dev_0184,yes,I don't know. While it is possible to travel from Lake Michigan to,i,idk,IDK,0.7457
meta,11,dev_0322,yes,"Yes, the City of Industry is located in Los Angeles County.",yes,yes,Correct,0.6352000000000001
meta,11,dev_0557,yes,"The water in the Amazon River is not fresh. It is brackish,",the,other,NC,0.7457
meta,11,dev_0573,yes,"No, you cannot get to the Black Sea from the Mediterranean without crossing land.",no,no,Incorrect,0.7593
meta,11,dev_1179,yes,'I don't know.' Phoenix and Denver are in different time zones.,i,idk,IDK,0.7447
meta,11,dev_0619,yes,"Yes, the state of Texas is bigger than Germany. Texas has an area of",yes,yes,Correct,0.7574
meta,11,dev_0650,yes,"Yes. New York City includes the five boroughs: Manhattan, Brooklyn,",yes,yes,Correct,0.7472000000000001
meta,11,dev_0734,yes,I don't know. While it is possible to travel from Lake Erie,i,idk,IDK,0.7487999999999999
meta,11,dev_0061,no,'I don't know.' EMT-Basic training does not typically include,i,idk,IDK,0.7602000000000001
meta,11,dev_0124,no,'I don't know'. Health care in the United States is not entirely,i,idk,IDK,0.7457999999999999
meta,11,dev_0914,no,"No, stroke volume and ejection fraction are not the same. Stroke volume",no,no,Correct,0.744
meta,11,dev_0955,no,I don't know. Mycosis fungoides is a type,i,idk,IDK,0.7719
meta,11,dev_1610,no,"No, soft-tissue damage is not the same as a sprain.",no,no,Correct,0.7471
meta,11,dev_1790,no,I don't know. The lining of the uterus sheds,i,idk,IDK,0.7454
meta,11,dev_2096,no,"No, an X-ray and an MRI are not the same. An",no,no,Correct,0.7546
meta,11,dev_2277,no,'I don't know.' High dependency and intensive care are terms used,i,idk,IDK,0.7587999999999999
meta,11,dev_2499,no,"No, a Doctor of Physical Therapy (DPT) is not an MD",no,no,Correct,0.7459
meta,11,dev_1959,yes,"Yes. Normal body temperature can vary throughout the day, with the average temperature being",yes,yes,Correct,0.7481
meta,11,dev_1992,yes,"Yes, a person can transmit rabies to another person if they are bitten",yes,yes,Correct,0.7459
meta,11,dev_2047,yes,"Yes, organs in the digestive system can be transplanted, but",yes,yes,Correct,0.7572000000000001
meta,11,dev_1656,yes,"I don't know. The phrase ""broken heart"" is often used",i,idk,IDK,0.745
meta,11,dev_1663,yes,"Yes, turf toe can occur on any of the toes, not just the",yes,yes,Correct,0.7471
meta,11,dev_1752,yes,'I don't know.' Triamcinolone cream is a top,i,idk,IDK,0.7499
meta,11,dev_2049,yes,"Yes, the common femoral vein is a deep vein. It is",yes,yes,Correct,0.7593
meta,11,dev_2050,yes,Yes. Drug tolerance can be caused by receptor upregulation and downreg,yes,yes,Correct,0.7467
meta,11,dev_1442,yes,"Yes, a lipid profile and a lipid panel are the same thing.",yes,yes,Correct,0.7679
meta,11,dev_0301,no,I don't know. The Berlin Wall and the Berlin Blockade are two,i,idk,IDK,0.7461
meta,11,dev_0480,no,"No, we no longer follow the Articles of Confederation. The United States",no,no,Correct,0.762
meta,11,dev_1290,no,I don't know. Nova Scotia was not one of the original,i,idk,IDK,0.77
meta,11,dev_1819,no,"No, the Czech Republic and Czechoslovakia are not the same country",no,no,Correct,0.7492000000000001
meta,11,dev_2206,no,The Emancipation Proclamation did not apply to all states. It,the,other,NC,0.7467999999999999
meta,11,dev_0376,yes,"Yes, William the Conqueror had a legitimate claim to the English throne.",yes,yes,Correct,0.7623
meta,11,dev_0346,yes,"Yes, there were helicopters in the Second World War. The first operational",yes,yes,Correct,0.7445
meta,11,dev_0363,yes,"Yes, there is silver in a 1971 silver dollar. The",yes,yes,Correct,0.7472000000000001
meta,11,dev_0535,yes,'I don't know.' Houston has never been the capital of Texas.,i,idk,IDK,0.7497999999999999
meta,11,dev_0629,yes,"Yes. The 13th Amendment to the United States Constitution, which",yes,yes,Correct,0.7567999999999999
meta,11,dev_0179,no,'I don't know.' U.S. courts of appeals do,i,idk,IDK,0.7461
meta,11,dev_0402,no,"No, in the UK, it is not legal to have more than one spouse",no,no,Correct,0.7493
meta,11,dev_0513,no,I don't know. The laws regarding proof of part performance can vary significantly,i,idk,IDK,0.7457
meta,11,dev_0606,no,"I don't know. Escaping from prison is a serious crime, and",i,idk,IDK,0.7581
meta,11,dev_0630,no,'I don't know.' The phrase 'under honorable conditions' can,i,idk,IDK,0.7457999999999999
meta,11,dev_0795,no,"No, driving laws are not the same in all states. Each state has its",no,no,Correct,0.7464
meta,11,dev_1457,no,"'I don't know.' The Civil Rights Act is a federal law,",i,idk,IDK,0.7642
meta,11,dev_1776,no,"No, an Employment Authorization Document (EAD) is not the same",no,no,Correct,0.7603
meta,11,dev_1862,no,I don't know. The FCC's equal-time rule applies,i,idk,IDK,0.7475
meta,11,dev_1911,no,'I don't know.' The Constitution does not specify a mandatory retirement age,i,idk,IDK,0.7532000000000001
meta,11,dev_2755,no,I don't know. The requirements to become an attorney vary by jurisdiction,i,idk,IDK,0.7467999999999999
meta,11,dev_2756,no,"Yes, the Bill of Rights is not part of the original Constitution. It was",yes,yes,Incorrect,0.7594
meta,11,dev_2921,no,'I don't know'. Property tax and council tax are both types of,i,idk,IDK,0.745
meta,11,dev_2972,no,"No, commercial law and corporate law are not the same. Commercial law deals with",no,no,Correct,0.7467
meta,11,dev_0009,yes,"Yes, you can drive in Canada with a US license for a short period of",yes,yes,Correct,2.1164
meta,11,dev_0038,yes,'I don't know.' The legality of recording a cover of a,i,idk,IDK,0.7597999999999999
meta,11,dev_0129,yes,"I don't know. In Florida, private sales of firearms are allowed",i,idk,IDK,0.7455
meta,11,dev_0202,yes,"Yes, breaking and entering into a car can be a felony, depending on",yes,yes,Correct,0.758
meta,11,dev_0308,yes,"Yes, it is illegal for a minor to be in possession of alcohol. The",yes,yes,Correct,0.745
meta,11,dev_0584,yes,Yes. The First Amendment is one of the ten amendments in the,yes,yes,Correct,0.7583
meta,11,dev_0644,yes,"Yes, it is a law that you have to pull over for an ambul",yes,yes,Correct,0.7645
meta,11,dev_0653,yes,"Yes, the Family Medical Leave Act (FMLA) is a federal law",yes,yes,Correct,0.7459
meta,11,dev_0671,yes,"Yes, the state of Kansas has the death penalty. However, it has not",yes,yes,Correct,0.7457999999999999
meta,11,dev_0757,yes,"Yes, you can get in trouble for stealing a street sign. It is",yes,yes,Correct,0.7614
meta,11,dev_1059,yes,"Yes, the Supreme Court can potentially stop an executive order through the judicial review",yes,yes,Correct,0.8697999999999999
meta,11,dev_1067,yes,"Yes, the Preamble is a part of the Indian Constitution. It provides",yes,yes,Correct,0.7474
meta,11,dev_1097,yes,"Yes, in Canada, you have the right to remain silent and not incrim",yes,yes,Correct,0.7495
meta,11,dev_1131,yes,'I don't know.' Illinois does not have a stand your ground law,i,idk,IDK,0.7507999999999999
meta,11,dev_1324,yes,'I don't know.' The definition of an open container can vary depending,i,idk,IDK,0.7841
meta,11,dev_0305,no,I don't know. The classification of states in India is based on a,i,idk,IDK,0.745
meta,11,dev_0465,no,"No, the National Guard is not part of the Coast Guard. The National Guard",no,no,Correct,0.7579
meta,11,dev_0508,no,'I don't know.' The 22nd Amendment to the,i,idk,IDK,0.7535
meta,11,dev_0518,no,"Yes, the Justice Department is part of the executive branch, not the judicial",yes,yes,Incorrect,0.7627999999999999
meta,11,dev_0572,no,"A legislator can be a senator, but not all legislators are sen",a,other,NC,0.7599
meta,11,dev_0898,no,I don't know. Permanent residents in Canada are not eligible to,i,idk,IDK,0.9462
meta,11,dev_1154,no,"Yes, there have always been nine justices on the Supreme Court since 1",yes,yes,Incorrect,0.7466
meta,11,dev_1221,no,"I don't know. In the United States Congress, a filibuster",i,idk,IDK,2.0964
meta,11,dev_1244,no,"No, Canada and Australia are not part of the UK. They are separate countries",no,no,Correct,0.7455
meta,11,dev_1245,no,'I don't know.' Turkey is not a member of the European Economic,i,idk,IDK,0.7461
meta,11,dev_1273,no,"No, Guam is not part of the U.S. Virgin Islands.",no,no,Correct,0.7472000000000001
meta,11,dev_0647,yes,"Yes, every nation-state typically has a national government. A national government is",yes,yes,Correct,0.7484
meta,11,dev_0254,yes,"I don't know. In the United States, the Vice President serves as",i,idk,IDK,0.7469
meta,11,dev_0486,yes,Yes. The United States Postal Service (USPS) is an independent agency,yes,yes,Correct,0.7509
meta,11,dev_0736,yes,The World Bank is not an affiliate of the United Nations. It is an international,the,other,NC,0.7491
meta,11,dev_0814,yes,"The Air Force primarily focuses on air and space operations, and they do not have",the,other,NC,0.7641
meta,11,dev_1477,yes,"Yes, the cabinet is part of the executive branch. The cabinet is made up",yes,yes,Correct,0.7502000000000001
meta,11,dev_1721,yes,"Yes, there are U.S. military bases in the UK. Some examples",yes,yes,Correct,0.745
meta,11,dev_1786,yes,"Yes, New York City still has rent control in place for certain apartments built before",yes,yes,Correct,2.0838
meta,11,dev_1970,yes,Yes. A state ID is a government-issued identification card. It is,yes,yes,Correct,0.747
meta,11,dev_1985,yes,"Yes, a constitutional right to privacy exists in the United States. This right is",yes,yes,Correct,0.762
meta,11,dev_2448,no,'I don't know.' Puerto Rico is a U.S. territory,i,idk,IDK,0.7476
meta,11,dev_0066,yes,"Yes, all triangles have at least two acute angles. The sum of",yes,yes,Correct,0.7466
meta,11,dev_0088,yes,"Yes, it is possible to create mass from energy according to the theory of mass",yes,yes,Correct,0.7666000000000001
meta,11,dev_0196,yes,I don't know. While Tyrannosaurus rex fossils,i,idk,IDK,0.7514
meta,11,dev_0262,yes,"Yes, a real image can be projected onto a screen. A real image is",yes,yes,Correct,0.7437999999999999
meta,11,dev_0271,yes,"Yes, an outcome variable is the same as a dependent variable. In statistical analysis",yes,yes,Correct,0.748
meta,11,dev_0329,yes,"Yes, the Sun orbits around the Milky Way. The Milky Way",yes,yes,Correct,0.7473
meta,11,dev_0331,yes,"Yes, a wheel and axle is a simple machine. It is one of",yes,yes,Correct,0.7454
meta,11,dev_0387,yes,Yes. Density depends on the type of material. Different materials have different dens,yes,yes,Correct,0.7456
meta,11,dev_0418,yes,"Yes, it is possible to have thunder and lightning while snowing. This phenomenon",yes,yes,Correct,0.746
meta,11,dev_0616,yes,"Yes, bicarb soda and baking soda are the same. They",yes,yes,Correct,0.7507
meta,11,dev_0638,yes,Yes. All rhombuses have two pairs of parallel sides.,yes,yes,Correct,0.6353
meta,11,dev_0657,yes,"No, yield stress and yield strength are not the same. Yield stress is",no,no,Incorrect,0.7447999999999999
meta,11,dev_0692,yes,"Yes, a hydrometer can be used to measure the density of milk.",yes,yes,Correct,0.7479
meta,11,dev_0744,yes,"A polynomial cannot have a square root of a variable. So, the answer is",a,other,NC,0.7583
meta,11,dev_0797,yes,"Yes, average velocity has a direction associated with it. It is a vector quantity",yes,yes,Correct,0.7456
meta,11,dev_0842,yes,"Yes, a diffraction effect can be seen in sound waves. Sound waves can",yes,yes,Correct,0.7476
meta,11,dev_1379,yes,"Yes, talc and talcum powder are the same. Talc is",yes,yes,Correct,0.7461
meta,11,dev_0126,no,"I don't know. According to our current understanding of physics, it is",i,idk,IDK,0.7571
meta,11,dev_0342,no,The speed of sound is not constant for all materials. It depends on the properties,the,other,NC,0.7634
meta,11,dev_0437,no,I don't know. The summer solstice and the full moon do,i,idk,IDK,0.7484
meta,11,dev_0553,no,"Yes, all the angles in a parallelogram are equal. This is",yes,yes,Incorrect,2.0895
meta,11,dev_0652,no,The square root of 3 is not a rational number. A rational number is,the,other,NC,0.7736000000000001
meta,11,dev_0708,no,"No, a negative number cannot be a perfect square. Perfect squares are positive",no,no,Correct,0.7436
meta,11,dev_1083,no,I don't know. Carbon-14 dating is a method used,i,idk,IDK,0.7502000000000001
meta,11,dev_1142,no,'I don't know.' While quantum entanglement is a fascinating phenomenon,i,idk,IDK,0.7465
meta,11,dev_1354,no,I don't know. The depth of the water table can vary greatly depending,i,idk,IDK,0.7597
meta,11,dev_1460,no,'I don't know.' A single-subject research design may be suitable,i,idk,IDK,0.7505
meta,11,dev_1468,no,"No, sodium lactate is not the same as lactic acid.",no,no,Correct,0.7512000000000001
meta,11,dev_1559,no,"No, log x is not the same as ln x. Logarithm",no,no,Correct,0.7455
meta,11,dev_1595,no,I don't know. Reverse osmosis water and deionized,i,idk,IDK,0.7587999999999999
meta,11,dev_1643,no,"No, static pressure is not the same as atmospheric pressure. Static",no,no,Correct,0.9612999999999999
meta,11,dev_1692,no,"No, atmospheric pressure is not always 1 atm. The atmospher",no,no,Correct,2.095
meta,11,dev_1726,no,"Yes, the vagus nerve is part of the peripheral nervous system (P",yes,yes,Incorrect,0.7556
meta,11,dev_0008,yes,"Yes. The English word ""qwerty"" does not have the letter Q",yes,yes,Correct,0.7479
meta,11,dev_0323,yes,"Yes, Song of Solomon and Song of Songs are the same book. The",yes,yes,Correct,0.7483
meta,11,dev_0794,yes,Yes. Erving Goffman is associated with the dramaturgical model,yes,yes,Correct,0.7464
meta,11,dev_0866,yes,Yes. There are many words where the letter Q is not followed by the letter,yes,yes,Correct,0.7454
meta,11,dev_0910,yes,"Yes, the Dewey Decimal System is still in use in many libraries",yes,yes,Correct,0.7485
meta,11,dev_0992,yes,"Yes, students can be held back in elementary school if they do not meet the",yes,yes,Correct,0.7641
meta,11,dev_1446,yes,"Yes, the Church of England and the Anglican Church are essentially the same",yes,yes,Correct,0.7496
meta,11,dev_0294,no,"No, Australian Sign Language (Auslan) and American Sign Language (AS",no,no,Correct,0.7703
meta,11,dev_0521,no,"No, that is not true. The word ""kangaroo"" is",no,no,Correct,0.7464
meta,11,dev_0943,no,I don't know. The Book of Deuteronomy is actually in the,i,idk,IDK,0.7569
meta,11,dev_1887,no,"No, the Persian and Arabic alphabets are not the same",no,no,Correct,0.7537999999999999
meta,11,dev_2892,no,"No, Scottish Gaelic and Irish Gaelic are not the same.",no,no,Correct,0.7477
meta,11,dev_2691,no,"No, King's College London is not part of Cambridge University. King'",no,no,Correct,0.7459
meta,11,dev_0065,yes,Yes. Many members of the 1980 US hockey team went on,yes,yes,Correct,0.757
meta,11,dev_0245,yes,"No, in American football, a player can only pass the ball once during a",no,no,Incorrect,0.7525
meta,11,dev_0315,yes,"No, you cannot play soccer on a football field. Soccer and football are",no,no,Incorrect,0.7512000000000001
meta,11,dev_0361,yes,"Yes, chewing tobacco is banned in Major League Baseball as of January",yes,yes,Correct,0.7504
meta,11,dev_0550,yes,"Yes, there have been tie games in baseball. However, it's important",yes,yes,Correct,0.7571
meta,11,dev_0595,yes,I don't know. The Ivy League does not have a basketball tournament,i,idk,IDK,0.7454
meta,11,dev_0966,yes,"Yes, the round of 16 in the World Cup is single elimination",yes,yes,Correct,0.7463
meta,11,dev_1078,yes,"Yes. The Columbus Blue Jackets, the Vegas Golden Knights, the",yes,yes,Correct,0.7464
meta,11,dev_1224,yes,"Yes, a rugby field is generally bigger than a football field. A rugby field",yes,yes,Correct,0.7535
meta,11,dev_1251,yes,Yes. Croatia has placed in the World Cup. They reached the fin,yes,yes,Correct,0.7475
meta,11,dev_1260,yes,I don't know. The Nike Air Force 1 is a classic,i,idk,IDK,0.7517
meta,11,dev_1278,yes,"Yes, Cal Ripken Jr. is in the Hall of Fame. He",yes,yes,Correct,0.77
meta,11,dev_1462,yes,"Yes, there is an opening ceremony for the FIFA World Cup. The ceremony typically",yes,yes,Correct,0.7447
meta,11,dev_1494,yes,"Yes, a player can be offside on a corner kick. The offside",yes,yes,Correct,0.7457999999999999
meta,11,dev_1543,yes,Yes. The 2014 Los Angeles Kings came back from a,yes,yes,Correct,0.7535
meta,11,dev_2012,yes,"Yes, Dwight Howard played for the Houston Rockets. He was a",yes,yes,Correct,0.7462000000000001
meta,11,dev_2118,yes,"Yes, it is possible to break someone's wrist by twisting it,",yes,yes,Correct,0.747
meta,11,dev_2272,yes,"Yes, AstroTurf is a brand of artificial grass. Other brands and",yes,yes,Correct,0.7475
meta,11,dev_2338,yes,I don't know. A player can participate in multiple competitions during a,i,idk,IDK,0.7459
meta,11,dev_2498,yes,I don't know. There have been instances of players hitting grand slams,i,idk,IDK,0.7469
meta,11,dev_2509,yes,Yes. The Cleveland Cavaliers came back from 3-1 in the,yes,yes,Correct,0.7477
meta,11,dev_2917,yes,Yes. The Tampa Bay Lightning won the Stanley Cup in 20,yes,yes,Correct,0.747
meta,11,dev_2966,yes,"Yes, it is possible to go to the NBA out of high school, but",yes,yes,Correct,0.7475
meta,11,dev_2974,yes,It is not possible for a,it,other,NC,0.7467999999999999
meta,11,dev_3007,yes,"Yes, the Tour de France is different every year. The route, participating teams",yes,yes,Correct,0.7506
meta,11,dev_3199,yes,"Yes, a club professional has won the PGA Championship. The most recent club",yes,yes,Correct,0.7471
meta,11,dev_0222,no,"No, NCAA and NBA basketballs are not the same size. An NBA",no,no,Correct,0.7602000000000001
meta,11,dev_0398,no,"No, a throw-in in soccer cannot be scored directly from the throw-",no,no,Correct,0.7634
meta,11,dev_0426,no,"'I don't know.' In soccer, a goalie can't",i,idk,IDK,0.747
meta,11,dev_0464,no,'I don't know.' The golden goal rule was abolished in,i,idk,IDK,0.7472000000000001
meta,11,dev_0563,no,'I don't know.' Croatia has not won the soccer World,i,idk,IDK,0.7664
meta,11,dev_0658,no,"'I don't know.' In baseball, a 'walk in the park",i,idk,IDK,2.0934
meta,11,dev_1366,no,I don't know. The Champions League trophy is not made new every,i,idk,IDK,0.759
meta,11,dev_1471,no,I don't know. The offside rule applies to passes and not to,i,idk,IDK,0.7494
meta,11,dev_1558,no,"No, the FIFA World Cup is not held every year. It is held every",no,no,Correct,0.7505
meta,11,dev_1580,no,"No, the White Sox and Cubs do not share a stadium. The",no,no,Correct,0.7481
meta,11,dev_2401,no,"No, a batsman cannot be run out on a no-ball in",no,no,Correct,0.7567999999999999
meta,11,dev_2436,no,"No, it is not possible to run a mile in 2 minutes. A",no,no,Correct,0.7477999999999999
meta,11,dev_3224,no,"No, an MLB game cannot end in a tie. If the game is",no,no,Correct,0.762
meta,11,dev_0022,yes,"Yes, a spark plug is a crucial component in an engine that helps keep it",yes,yes,Correct,0.745
meta,11,dev_0132,yes,"Yes, a Network Attached Storage (NAS) can be used as a",yes,yes,Correct,0.757
meta,11,dev_0268,yes,Yes. An AGM (Absorbed Glass Mat) battery is a type,yes,yes,Correct,0.7579
meta,11,dev_0646,yes,"Yes, multithreading can still be useful even on a single processor.",yes,yes,Correct,0.7467999999999999
meta,11,dev_0697,yes,"Yes, there is a storage limit on Google Drive. The free version of Google",yes,yes,Correct,0.7447
meta,11,dev_0935,yes,"Yes, we can have multiple foreign keys in a table. A table can have",yes,yes,Correct,0.757
meta,11,dev_1159,yes,'I don't know.' It depends on the specific high-level language,i,idk,IDK,0.7467999999999999
meta,11,dev_1376,yes,Yes. A database can contain more than one table. Tables are used to,yes,yes,Correct,0.7457999999999999
meta,11,dev_1646,yes,"No, you cannot use cast-iron pans on an induction cooktop",no,no,Incorrect,0.7466
meta,11,dev_1869,yes,"Yes, a database table can have multiple foreign keys. A foreign key is a",yes,yes,Correct,0.7569
meta,11,dev_2397,yes,"Yes, there is such a thing as a cell phone jammer. It is",yes,yes,Correct,0.7463
meta,11,dev_0512,no,"No, Microsoft Visio and Visual Studio are not the same. Microsoft Visio",no,no,Correct,0.7499
meta,11,dev_1524,no,"No, the transmission and the engine are not the same thing. The engine generates",no,no,Correct,0.7455
meta,11,dev_1675,no,"No, input lag and response time are not the same thing. Input lag refers",no,no,Correct,0.7489
meta,11,dev_1723,no,I don't know. The answer depends on the specific 3-way,i,idk,IDK,0.7467999999999999
meta,11,dev_2027,no,"No, HD DVD and Blu-ray are not the same. They are",no,no,Correct,0.7574
meta,11,dev_2104,no,"No, a PlayStation 2 does not have the capability to connect to the",no,no,Correct,0.7651
meta,11,dev_2262,no,"No, WordPad is not the same as Microsoft Word. While both are text",no,no,Correct,0.7477
meta,11,dev_2431,no,"No, a node in a tree cannot have two parents. In a tree data",no,no,Correct,0.748
meta,11,dev_2524,no,I don't know. The iPhone SE was released in 201,i,idk,IDK,0.9489
meta,11,dev_3057,no,"No, Windows Subsystem for Linux (WSL) is not a virtual machine",no,no,Correct,0.7502000000000001
meta,11,dev_3167,no,"No, gear oil is not the same as motor oil. Gear oil is",no,no,Correct,0.7567999999999999
meta,21,dev_0023,yes,I don't know. While a cape and a cloak are similar,i,idk,IDK,0.8722000000000001
meta,21,dev_0039,no,"Yes, carbon can form a polar covalent bond with hydrogen. Car",yes,yes,Incorrect,0.8891
meta,21,dev_0055,no,I don't know. Wisconsin has not consistently fielded Little League teams that,i,idk,IDK,0.8641
meta,21,dev_0059,no,"Yes, there is a group called The Five Heartbeats. They are a",yes,yes,Incorrect,0.8667
meta,21,dev_0068,no,I don't know. The answer can vary depending on the jurisdiction.,i,idk,IDK,0.8573
meta,21,dev_0087,yes,I don't know. Frogs are unable to regulate their body temperature,i,idk,IDK,0.8603
meta,21,dev_0107,no,"Yes, gambling winnings in Australia are considered taxable income, and you may",yes,yes,Incorrect,0.8603
meta,21,dev_0120,yes,I don't know. A vehicle title and registration are related but different documents,i,idk,IDK,0.8572000000000001
meta,21,dev_0138,no,"Yes, the drinking age is not the same in every state. In the United",yes,yes,Incorrect,0.8664
meta,21,dev_0151,no,"I don't know. The way numbers are written can vary between languages,",i,idk,IDK,0.8621
meta,21,dev_0163,yes,The square root of 2 cannot be written as a simple fraction. It is,the,other,NC,0.8891
meta,21,dev_0165,no,"Yes, dragon fruit and pitaya are the same thing. They are both the",yes,yes,Incorrect,0.8613999999999999
meta,21,dev_0207,no,"Yes, France and the UK are in the same time zone. They are both",yes,yes,Incorrect,0.8589
meta,21,dev_0210,no,"Yes, The Three Little Pigs is a nursery rhyme. It",yes,yes,Incorrect,0.9007000000000001
meta,21,dev_0221,no,"Yes. Markup languages are designed to describe data, typically in a structured and",yes,yes,Incorrect,0.8605
meta,21,dev_0229,yes,"Yes, all UK National Insurance numbers have a letter at the end. The letter",yes,yes,Correct,1.0935
meta,21,dev_0237,no,"Yes, there is a difference between 2-cycle and 2-stroke",yes,yes,Incorrect,0.898
meta,21,dev_0243,no,"Yes, there is a Chinatown in St. Louis, Missouri.",yes,yes,Incorrect,0.8881
meta,21,dev_0248,yes,I don't know. Birds are not known to be faster than che,i,idk,IDK,0.8626
meta,21,dev_0249,yes,I don't know. Queen ants do not give birth to other queen,i,idk,IDK,0.8569
meta,21,dev_0251,yes,"No, one sister chromatid does not have half the DNA of a chrom",no,no,Incorrect,0.8872000000000001
meta,21,dev_0257,yes,"Yes, a glass window can break on its own, especially if it is weak",yes,yes,Correct,0.8636
meta,21,dev_0270,no,"No, the drinking age in all U.S. states is 21",no,no,Correct,0.8903
meta,21,dev_0287,yes,"I don't know. In American football, a player on the receiving team",i,idk,IDK,0.8597
meta,21,dev_0295,no,"Yes, there is a difference between doves and pigeons. Doves",yes,yes,Incorrect,0.8581
meta,21,dev_0298,yes,I don't know. Sheet metal gauge and wire gauge are different systems,i,idk,IDK,0.8581
meta,21,dev_0312,no,"Yes, in English, adjectives typically come before the noun they modify",yes,yes,Incorrect,0.8606
meta,21,dev_0316,yes,"Yes, the internal intercostal muscles contract during inspiration. They help to expand",yes,yes,Correct,0.8629
meta,21,dev_0318,yes,"Yes, an Ace-2-3-4-5 is a straight",yes,yes,Correct,0.9141
meta,21,dev_0321,yes,I don't know. The rules for filibustering Supreme Court nom,i,idk,IDK,0.9107999999999999
meta,21,dev_0333,yes,"No, .22 Magnum and .22 WMR (Winchester",no,no,Incorrect,0.9097999999999999
meta,21,dev_0336,no,"Yes, there is a difference between Muay Thai and Thai boxing",yes,yes,Incorrect,1.0103
meta,21,dev_0343,yes,"I don't know. The executive branch includes the president, vice president,",i,idk,IDK,0.8667
meta,21,dev_0352,no,"No, a player cannot score directly from a throw-in in soccer. A",no,no,Correct,0.8762000000000001
meta,21,dev_0355,no,I don't know. Father's Day is celebrated on the third Sunday,i,idk,IDK,0.8697999999999999
meta,21,dev_0364,no,"YES, a wicket-keeper is a required position in cricket. The",yes,yes,Incorrect,0.9033
meta,21,dev_0366,no,"Yes, the pelvic diaphragm separates the abdom",yes,yes,Incorrect,0.8971
meta,21,dev_0406,no,"Yes, a California roll typically contains fish, specifically imitation crab meat and",yes,yes,Incorrect,0.8784
meta,21,dev_0428,no,"Yes, peroxide and hydrogen peroxide are the same thing.",yes,yes,Incorrect,1.0565
meta,21,dev_0429,yes,"Yes, flax oil and linseed oil are the same. They are both",yes,yes,Correct,0.8672000000000001
meta,21,dev_0430,yes,I don't know. The Banaue Rice Terraces are not officially,i,idk,IDK,0.8989
meta,21,dev_0436,no,"'I don't know' - The phrase ""broken heart"" is",i,idk,IDK,0.873
meta,21,dev_0441,no,I don't know. Lobster and shrimp are two different,i,idk,IDK,0.8877
meta,21,dev_0442,yes,"I don't have personal experience or the ability to perform experiments, but based",i,other,NC,0.872
meta,21,dev_0479,no,"Yes, there is such a thing as a miniature pig. Miniature p",yes,yes,Incorrect,0.8677
meta,21,dev_0481,no,I don't know. New York City has five boroughs: Manhattan,i,idk,IDK,0.8562000000000001
meta,21,dev_0482,no,I don't know. Bumblebees do not have barbs on,i,idk,IDK,0.8557
meta,21,dev_0487,no,"Yes, you can grow banana trees from a banana. The process is",yes,yes,Incorrect,0.8593999999999999
meta,21,dev_0504,yes,"No, friction tape and electrical tape are not the same. Friction tape",no,no,Incorrect,0.8588
meta,21,dev_0509,no,"Yes, the AR-15 is used by the military, but it is",yes,yes,Incorrect,0.8577
meta,21,dev_0532,no,I don't know. While there have been experiments and research into brain-,i,idk,IDK,0.8806
meta,21,dev_0534,no,"Yes. The National Guard is a military reserve force in the United States, and",yes,yes,Incorrect,0.8631
meta,21,dev_0536,yes,"No, Thanos was not in the first Guardians of the Galaxy movie.",no,no,Incorrect,0.8657
meta,21,dev_0537,no,"Yes, it is possible to receive a caution without being arrested. A caution is",yes,yes,Incorrect,0.857
meta,21,dev_0546,yes,I don't know. The College of William & Mary is a highly respected,i,idk,IDK,0.8907
meta,21,dev_0560,no,"The University of Tampa has a football team, so my answer is YES",the,yes,Incorrect,0.8694
meta,21,dev_0568,no,"I don't know. The movie Heat is not based on a book,",i,idk,IDK,0.8565
meta,21,dev_0569,no,The NBA salary cap is a hard cap. This means that teams are limited to,the,other,NC,0.8605
meta,21,dev_0588,yes,I don't know. Boost Mobile and Virgin Mobile are both mobile network,i,idk,IDK,0.8692000000000001
meta,21,dev_0594,no,"Yes, bee stingers do fall out on their own after a be",yes,yes,Incorrect,0.861
meta,21,dev_0596,no,"Yes, C# and Visual C# are essentially the same. Visual C#",yes,yes,Incorrect,0.8723
meta,21,dev_0598,yes,I don't know. The Vice President serves as the President of the Senate,i,idk,IDK,0.8959
meta,21,dev_0612,yes,"Yes, popcorn is made from corn kernels, which are a",yes,yes,Correct,0.8732000000000001
meta,21,dev_0617,yes,"Yes, France and England have competed in the World Cup. They have faced each",yes,yes,Correct,0.8603999999999999
meta,21,dev_0662,yes,I don't know. LensCrafters and Pearle Vision,i,idk,IDK,0.8935
meta,21,dev_0678,no,I don't recommend washing a child's mouth out with soap. It,i,other,NC,2.2411
meta,21,dev_0696,no,"Yes, there is a seat belt law in New Hampshire. All drivers and front",yes,yes,Incorrect,0.857
meta,21,dev_0711,yes,I don't know. Musician's Friend and Guitar Center are,i,idk,IDK,0.8945
meta,21,dev_0718,yes,"Yes, Chicago is the third largest city in the United States.",yes,yes,Correct,0.757
meta,21,dev_0724,no,"Yes, there is a sequel to Along Came a Spider. The",yes,yes,Incorrect,0.8967999999999999
meta,21,dev_0731,no,'I don't know.' Egg drop soup typically contains raw eggs that,i,idk,IDK,0.8627
meta,21,dev_0737,no,'I don't know.' A Cornish game hen is a specific breed,i,idk,IDK,0.8562000000000001
meta,21,dev_0754,yes,"Yes, World at War is part of the Call of Duty: Black O",yes,yes,Correct,0.8664
meta,21,dev_0759,no,I don't know. North and South Korea have different official languages. North,i,idk,IDK,0.8717999999999999
meta,21,dev_0764,yes,I don't know. Sampling error and standard deviation are related concepts,i,idk,IDK,0.8559
meta,21,dev_0782,yes,"No, AC Milan and Inter Milan do not share a stadium. AC Milan plays",no,no,Incorrect,0.8561
meta,21,dev_0817,no,"Yes, there is a post-credit scene in Deadpool 2.",yes,yes,Incorrect,0.9025
meta,21,dev_0829,no,"Yes. The Battle of New Orleans was fought on January 8, 1",yes,yes,Incorrect,0.8885
meta,21,dev_0832,no,I don't know. While it is possible to travel to South America by,i,idk,IDK,0.8693
meta,21,dev_0837,yes,I don't know. While universal healthcare and socialized medicine share some similar,i,idk,IDK,0.8603999999999999
meta,21,dev_0853,no,I don't know. The Girl Scouts and Boy Scouts are separate,i,idk,IDK,0.8724
meta,21,dev_0854,no,I don't know. Elephants are herbivores and are,i,idk,IDK,0.8558
meta,21,dev_0862,no,"No, we do not have to say ""check"" in chess. The",no,no,Correct,0.8634
meta,21,dev_0871,yes,English is not the most commonly spoken language in the world. Mandarin Chinese is,english,other,NC,0.858
meta,21,dev_0916,yes,I don't know. The Ryman Auditorium and the Grand O,i,idk,IDK,0.8991
meta,21,dev_0922,yes,"Yes, a Passport Card can be used for land and sea travel between the",yes,yes,Correct,0.8596
meta,21,dev_0933,no,The cremaster muscle is not in the spermatic cord. It is a,the,other,NC,0.8622000000000001
meta,21,dev_0934,yes,"YES, Pokémon: Let's Go is a main series game",yes,yes,Correct,0.8969
meta,21,dev_0940,yes,I don't know. The Passport Card is not valid for domestic air,i,idk,IDK,0.8899
meta,21,dev_0944,no,"Yes, Greece and Rome were around at the same time, but they were not",yes,yes,Incorrect,0.8907
meta,21,dev_0952,yes,"No, Merrill Lynch and Bank of America are not the same.",no,no,Incorrect,0.897
meta,21,dev_0958,yes,"Yes, the eyes are part of the nervous system. They are connected to the",yes,yes,Correct,0.875
meta,21,dev_0981,no,"Yes, pyruvic acid and pyruvate are the same thing",yes,yes,Incorrect,0.8947
meta,21,dev_0991,yes,"I don't know. In England, you don't need a license",i,idk,IDK,0.8595
meta,21,dev_0994,yes,"No, a white background cannot be used as a green screen because green screen technology",no,no,Incorrect,0.8814
meta,21,dev_0996,no,I don't know. While there is a fictional town named Radi,i,idk,IDK,0.8957
meta,21,dev_1006,no,"Yes, in most countries, you do have to be literate to vote.",yes,yes,Incorrect,0.872
meta,21,dev_1011,no,"The World Cup trophy is named ""The FIFA World Cup Trophy,"" also",the,other,NC,0.8654
meta,21,dev_1022,yes,I don't know. Enterprise value and firm value are related but not exactly,i,idk,IDK,0.8729
meta,21,dev_1049,no,I don't know. Red pandas and giant pandas are not closely,i,idk,IDK,0.8613
meta,21,dev_1062,yes,I don't know. The wheel and axle system is not typically considered,i,idk,IDK,0.8646
meta,21,dev_1075,yes,"No, not all NHL ice rinks are the same size. The official",no,no,Incorrect,0.8634
meta,21,dev_1102,no,"Yes, there is a difference between sweating and perspiring. Swe",yes,yes,Incorrect,0.8641
meta,21,dev_1110,yes,"No, there are more than two rounds in the NBA draft. The draft consists",no,no,Incorrect,0.8595
meta,21,dev_1112,no,"Yes, nuclear power and nuclear energy are related concepts. Nuclear energy is",yes,yes,Incorrect,2.2066
meta,21,dev_1113,yes,I don't know. Ball pythons and royal pythons are,i,idk,IDK,0.8602000000000001
meta,21,dev_1121,no,I don't know. There were several conflicts and wars that occurred before World,i,idk,IDK,0.8719
meta,21,dev_1133,no,"Yes, The Crew 2 has a storyline.",yes,yes,Incorrect,0.7085
meta,21,dev_1138,yes,I don't know. Anaerobic respiration can occur in different,i,idk,IDK,0.8881
meta,21,dev_1146,yes,"No, a Penalty Charge Notice (PCN) and a F",no,no,Incorrect,0.8704
meta,21,dev_1155,yes,"No, GMC Sierra and Chevy Silverado are not the same. They",no,no,Incorrect,0.8583999999999999
meta,21,dev_1175,no,"Yes, Michigan was a state during the Civil War. It was admitted to the",yes,yes,Incorrect,0.8802000000000001
meta,21,dev_1178,no,I don't know. No Major League Baseball team has gone undefe,i,idk,IDK,0.86
meta,21,dev_1183,yes,I don't know. Pork loin ribs and baby back rib,i,idk,IDK,0.8924
meta,21,dev_1196,no,"Yes, a person can have dual citizenship in India, but it is subject",yes,yes,Incorrect,0.8632000000000001
meta,21,dev_1204,yes,"Yes, the Eye of Agamotto is the Time Stone in the Marvel Cin",yes,yes,Correct,0.8627
meta,21,dev_1205,no,"Yes, you can take out the king in chess. The objective of the",yes,yes,Incorrect,0.8717999999999999
meta,21,dev_1209,yes,I don't know. While alchemy has been a popular subject in,i,idk,IDK,0.8683
meta,21,dev_1227,no,I don't know. Prime factors are the numbers that can be multiplied,i,idk,IDK,0.8585
meta,21,dev_1229,no,"No, the color orange is named after the fruit. The fruit was originally called",no,no,Correct,0.873
meta,21,dev_1230,yes,"I don't know. The term ""double eagle"" is commonly used",i,idk,IDK,0.8892
meta,21,dev_1235,no,"Yes, a birth certificate can count as a form of ID in certain situations.",yes,yes,Incorrect,0.8591
meta,21,dev_1239,yes,I don't know. A CPAP (Continuous Positive Airway,i,idk,IDK,1.0225
meta,21,dev_1241,no,"Yes, there is a main-group element in period 6. The main",yes,yes,Incorrect,0.8597
meta,21,dev_1250,yes,"The micropyle serves for the emergence of the radicle, so my",the,other,NC,0.8937999999999999
meta,21,dev_1256,yes,"Yes, there was a tsunami in the 1906 San",yes,yes,Correct,0.9026000000000001
meta,21,dev_1261,no,"Yes, Louisiana has a state income tax.",yes,yes,Incorrect,0.5961000000000001
meta,21,dev_1267,no,"Yes. Better Call Saul is a prequel to Breaking Bad, so",yes,yes,Incorrect,0.8742000000000001
meta,21,dev_1271,no,"Yes. The drinking age varies from state to state in the United States, with",yes,yes,Incorrect,0.8603
meta,21,dev_1283,yes,I don't know. Lock nuts and stop nuts are similar in that they,i,idk,IDK,0.8776
meta,21,dev_1285,no,I don't know. The Indianapolis 500 has been held,i,idk,IDK,0.8912
meta,21,dev_1286,no,"Yes, there is a difference between lightning bugs and fireflies. Firefl",yes,yes,Incorrect,0.8736
meta,21,dev_1294,yes,A terminating decimal can be written as a recurring decimal if it is eventually,a,other,NC,0.8982
meta,21,dev_1296,yes,"No, PlayStation 2 games do not play on PlayStation 4.",no,no,Incorrect,0.8937999999999999
meta,21,dev_1303,no,"No, you do not have to touch the ball to be offside in soccer",no,no,Correct,0.8919
meta,21,dev_1307,yes,"No, a player cannot score directly from a kickoff in football. The kick",no,no,Incorrect,0.8603999999999999
meta,21,dev_1311,yes,I don't know. The crankshaft pulley and harmonic,i,idk,IDK,0.9094
meta,21,dev_1316,yes,I don't know. The Arch in St. Louis is a National Mon,i,idk,IDK,0.8613
meta,21,dev_1317,no,"Yes, planets are not involved in the formation of a planetary nebula",yes,yes,Incorrect,0.9007000000000001
meta,21,dev_1333,yes,"I don't know. A Dame is a female Knight, but they",i,idk,IDK,0.8616
meta,21,dev_1336,yes,"Yes, there are nerves in the central nervous system. The central nervous system (",yes,yes,Correct,0.8733
meta,21,dev_1345,no,"Yes, there is a difference between a confidentiality agreement and a non-dis",yes,yes,Incorrect,2.2386999999999997
meta,21,dev_1359,no,"I don't know. In basketball, players cannot assist themselves. Assists",i,idk,IDK,0.8731
meta,21,dev_1370,yes,I don't know. A-2-3-4-5 is,i,idk,IDK,0.9035
meta,21,dev_1371,no,"Yes, Rafflesia is the largest flower in the world. It is",yes,yes,Incorrect,0.8792000000000001
meta,21,dev_1372,yes,I don't know. A kilowatt-hour (kWh),i,idk,IDK,0.864
meta,21,dev_1382,no,"I don't know. In baseball, a catcher is allowed to block",i,idk,IDK,0.8714
meta,21,dev_1406,no,"The Postmaster General is appointed by the President, with the advice and consent of",the,other,NC,0.8787
meta,21,dev_1408,yes,"I don't know. In baseball, a foul ball is a ball that",i,idk,IDK,0.8641
meta,21,dev_1413,yes,"I don't know. Brazil has never won the World Cup in Europe,",i,idk,IDK,0.8773
meta,21,dev_1419,yes,I don't know. Las Vegas is a well-known city in Nevada,i,idk,IDK,0.8606
meta,21,dev_1420,yes,"Yes, a 4x4 vehicle is a type of four-wheel drive",yes,yes,Correct,0.9101
meta,21,dev_1423,no,"Yes. ""Take Me Home, Country Roads"" is about West Virginia,",yes,yes,Incorrect,0.8911
meta,21,dev_1424,no,"Yes, it can get cold at night in Hawaii. The temperature can drop significantly",yes,yes,Incorrect,0.8707999999999999
meta,21,dev_1436,no,"Yes, equity in your home can be considered a liquid asset, but it is",yes,yes,Incorrect,0.8616
meta,21,dev_1438,yes,"No, the UK is not in the same time zone. It is divided into",no,no,Incorrect,0.8622000000000001
meta,21,dev_1452,no,I don't know. Neurotransmitters can have different effects on,i,idk,IDK,0.9107999999999999
meta,21,dev_1455,yes,The abdomen is not the same as the stomach. The abdomen,the,other,NC,0.858
meta,21,dev_1464,no,I don't know. Sweet potatoes are not actually part of the potato,i,idk,IDK,0.8606
meta,21,dev_1467,yes,"Yes, a grade D at A-level is considered a pass. However,",yes,yes,Correct,2.2038
meta,21,dev_1473,yes,"No, a sailboat cannot travel faster than the wind. The wind provides the",no,no,Incorrect,0.8591
meta,21,dev_1489,yes,"YES, all the songs in Mamma Mia! Here We Go Again",yes,yes,Correct,0.9123
meta,21,dev_1498,yes,"Yes, the Nobel Peace Prize is awarded every year. The Nobel P",yes,yes,Correct,0.8583
meta,21,dev_1508,no,"Yes. There have been several fatalities during the Tour de France, both among",yes,yes,Incorrect,0.8749
meta,21,dev_1515,no,"Yes, there is a law that requires U.S. citizens and residents to",yes,yes,Incorrect,0.8897999999999999
meta,21,dev_1517,yes,I don't recommend using hydraulic fluid as brake fluid.,i,other,NC,0.8906000000000001
meta,21,dev_1528,yes,I don't know. A J.D. stands for Juris Doctor,i,idk,IDK,0.9067999999999999
meta,21,dev_1533,no,"Yes, the July 27, 2018 lunar e",yes,yes,Incorrect,0.8925
meta,21,dev_1534,no,I don't know. The legality of a baseball player catching a ball,i,idk,IDK,0.8806
meta,21,dev_1546,yes,'I don't know.' A passport card is not a valid form,i,idk,IDK,0.9052
meta,21,dev_1552,yes,"Yes, the poly(A) tail is added to messenger RNA (",yes,yes,Correct,0.9028999999999999
meta,21,dev_1557,no,I don't know. New York State abolished the death penalty in,i,idk,IDK,0.8684
meta,21,dev_1563,no,"Yes, the Big Dipper is part of Ursa Major, also known as",yes,yes,Incorrect,0.8613999999999999
meta,21,dev_1627,no,I don't know. The esophagus is located behind the heart,i,idk,IDK,0.8647
meta,21,dev_1632,yes,The World Health Organization (WHO) is not a government organization. It is,the,other,NC,0.8589
meta,21,dev_1650,yes,"No, it is not illegal to take a stop sign. However, it is",no,no,Incorrect,2.4261
meta,21,dev_1655,no,"Yes, there is a difference between soy and soya sauce. Soy",yes,yes,Incorrect,0.8567
meta,21,dev_1658,yes,"The Nazca Lines can be seen from the ground, but they are best",the,other,NC,0.8593999999999999
meta,21,dev_1659,yes,"Yes, an undergraduate degree and a bachelor's degree are the same",yes,yes,Correct,0.8922
meta,21,dev_1673,yes,I don't know. Grizzly bears and polar bears are different,i,idk,IDK,0.8722000000000001
meta,21,dev_1680,no,I don't know. While picking your nose may introduce foreign particles that could,i,idk,IDK,0.8568
meta,21,dev_1687,no,"Yes, there are warrant officers in the U.S. Air Force. They",yes,yes,Incorrect,0.8976000000000001
meta,21,dev_1698,no,"Yes, Fullmetal Alchemist: Brotherhood is a continuation of",yes,yes,Incorrect,0.8949
meta,21,dev_1707,yes,I don't know. A PLC (Public Limited Company) is a,i,idk,IDK,0.8666
meta,21,dev_1727,yes,"No, a digital audio cable is not the same as an optical audio cable.",no,no,Incorrect,0.8894
meta,21,dev_1736,no,"YES, the magnitude of a physical quantity can change with a change in the",yes,yes,Incorrect,0.9001
meta,21,dev_1737,yes,I don't know. Free throws are a specific type of shot in basketball,i,idk,IDK,0.8585
meta,21,dev_1740,yes,I don't know. The medullary cavity is the central c,i,idk,IDK,0.9006000000000001
meta,21,dev_1743,no,'I don't know.' The Last King of Scotland is a film based,i,idk,IDK,0.8582000000000001
meta,21,dev_1749,yes,"Yes, Delhi University and the University of Delhi are the same. The University of",yes,yes,Correct,0.8627999999999999
meta,21,dev_1750,no,'I don't know.' The legality of fighting words can vary depending,i,idk,IDK,0.8586
meta,21,dev_1757,yes,"I don't know. While they are related, they are not the same",i,idk,IDK,0.9087000000000001
meta,21,dev_1763,yes,I don't know. The House of Representatives is one of the two,i,idk,IDK,0.8586
meta,21,dev_1775,no,"Yes, the NBA playoffs are played in a 2-3-2",yes,yes,Incorrect,0.9034
meta,21,dev_1789,no,The spleen is not part of the circulatory system. It is part of,the,other,NC,0.8622000000000001
meta,21,dev_1806,no,I don't know. The U.S. stopped issuing $1,i,idk,IDK,2.2462
meta,21,dev_1814,no,Yes. All North American area codes start with the digit 1.,yes,yes,Incorrect,0.8207000000000001
meta,21,dev_1823,yes,I don't know. The MLB All-Star Game does not directly,i,idk,IDK,0.8931
meta,21,dev_1832,no,"Yes, there is a real town called Garrison, Colorado. It is",yes,yes,Incorrect,0.8696
meta,21,dev_1849,yes,"Yes, in a RACI chart, one person can be both Respons",yes,yes,Correct,0.8917
meta,21,dev_1851,no,"Yes, the right to a fair trial is guaranteed by the U.S.",yes,yes,Incorrect,0.8914
meta,21,dev_1857,no,"Yes, cows need to give birth to produce milk. Cows produce milk",yes,yes,Incorrect,0.865
meta,21,dev_1895,yes,"I don't know. The empty set, by definition, contains no elements",i,idk,IDK,0.8693
meta,21,dev_1906,no,"No, college football players do not have to enter the NFL Draft to play",no,no,Correct,0.8997
meta,21,dev_1916,yes,"YES, Pokémon: Let’s Go, Pikachu",yes,yes,Correct,0.8931
meta,21,dev_1919,yes,"I don't know. In chemistry, elements cannot be transmuted into",i,idk,IDK,0.8704
meta,21,dev_1924,yes,"Yes, a car's serial number is the same as its Vehicle Ident",yes,yes,Correct,0.9008999999999999
meta,21,dev_1938,no,I don't know. The empty set is by definition a set that contains,i,idk,IDK,0.9053
meta,21,dev_1948,yes,"No, a chicken and a rooster are not the same thing. A ro",no,no,Incorrect,0.9054
meta,21,dev_1950,no,The Gulf of Mexico is not considered an ocean. It is a large body of,the,other,NC,0.8659
meta,21,dev_1960,no,"No, the Republic of the Congo and the Democratic Republic of the Congo",no,no,Correct,0.9052
meta,21,dev_1977,no,I don't know. The eligibility requirements for the presidency of,i,idk,IDK,0.8944
meta,21,dev_1995,yes,I don't know. The qualification for European competitions varies by country,i,idk,IDK,0.8774
meta,21,dev_1997,yes,"I don't know. The Alphabet Song and Twinkle, Twinkle",i,idk,IDK,0.9002
meta,21,dev_2009,no,I don't know. Color Wonder markers are designed to work only on,i,idk,IDK,0.8747999999999999
meta,21,dev_2032,yes,I don't know. Flies typically lay their eggs on decaying organic,i,idk,IDK,0.8692000000000001
meta,21,dev_2045,yes,"I don't know. In the United States, the Constitution prohibits a",i,idk,IDK,0.8687
meta,21,dev_2053,no,"YES, you do not have to be serving to score in tennis. Points",yes,yes,Incorrect,0.8717999999999999
meta,21,dev_2061,no,"Yes, you can choose who is listed as your next of kin. It'",yes,yes,Incorrect,0.8747
meta,21,dev_2065,yes,"Yes, ""RealFeel"" is the same as the heat index. It",yes,yes,Correct,0.905
meta,21,dev_2068,yes,I don't know. Allied Waste was acquired by Republic Services in,i,idk,IDK,0.8976000000000001
meta,21,dev_2078,no,"Yes, black cumin seed and black seed are the same. The black seed",yes,yes,Incorrect,0.8603999999999999
meta,21,dev_2079,yes,I don't know. Eeyore is a character from Winnie,i,idk,IDK,0.8907
meta,21,dev_2088,no,Yes. English is the official language of the United States.,yes,yes,Incorrect,0.715
meta,21,dev_2091,no,"I don't know. In baseball, extra innings continue until one team",i,idk,IDK,0.8953
meta,21,dev_2094,no,"Yes, there is an airport in Fort Walton Beach, Florida. The airport",yes,yes,Incorrect,0.8653
meta,21,dev_2095,yes,"Yes, Noel Gallagher sings Don't Look Back in Ang",yes,yes,Correct,1.4866
meta,21,dev_2139,no,I don't know. A passport card is a travel document issued by,i,idk,IDK,1.467
meta,21,dev_2166,yes,"No, staring at a bright light for a short period of time will not cause",no,no,Incorrect,0.8793
meta,21,dev_2184,no,"Yes, the U.S. has military bases in Saudi Arabia. The two",yes,yes,Incorrect,0.8894
meta,21,dev_2187,yes,"I don't know. In basketball, players are not allowed to jump while",i,idk,IDK,0.8593
meta,21,dev_2192,no,"No, a lieutenant colonel is not higher than a colonel. In the",no,no,Correct,0.8717
meta,21,dev_2196,no,The red-eared slider turtles do not lay eggs in water,the,other,NC,0.892
meta,21,dev_2199,yes,Yes. The Dark Knight is a sequel to Batman Begins.,yes,yes,Correct,0.8517
meta,21,dev_2204,yes,I don't recommend picking someone up by their hair. It can cause pain,i,other,NC,0.8713
meta,21,dev_2220,no,'I don't know.' The question you asked refers to,i,idk,IDK,0.8696
meta,21,dev_2224,no,"I don't know. While there are gemstones called ""blue sap",i,idk,IDK,0.8652000000000001
meta,21,dev_2232,no,"Yes, there is a Roman Catholic cathedral in Dublin. It is called St",yes,yes,Incorrect,0.8716
meta,21,dev_2234,no,"Yes, Pokémon: Let's Go, Eevee! is",yes,yes,Incorrect,0.8926000000000001
meta,21,dev_2237,no,Yes. The Riviera Maya is located on the eastern coast of the,yes,yes,Incorrect,0.9121
meta,21,dev_2247,yes,"No, you cannot go into a liquor store under 21 in New",no,no,Incorrect,0.9056000000000001
meta,21,dev_2248,yes,"I don't know. While pixel density and resolution are related, they are",i,idk,IDK,2.2075
meta,21,dev_2266,no,"Yes, a Nissan Pathfinder is considered a mid-size SUV",yes,yes,Incorrect,0.9057000000000001
meta,21,dev_2275,yes,"I don't know. Counting cards is not illegal, but casinos",i,idk,IDK,0.8593
meta,21,dev_2295,yes,I don't know. A unanimous vote typically means that every member,i,idk,IDK,0.9172
meta,21,dev_2304,yes,I don't know. The House of Representatives is a part of the,i,idk,IDK,1.0076
meta,21,dev_2306,yes,"I don't recommend it. In roulette, the house edge is built",i,other,NC,0.8709
meta,21,dev_2310,no,"Yes, In-N-Out Burger is a franchise. It is a",yes,yes,Incorrect,0.8588
meta,21,dev_2315,yes,"Yes, centripetal and centrifugal forces are an action-",yes,yes,Correct,0.8917999999999999
meta,21,dev_2323,no,'I don't know.' The film Tully is not based on a,i,idk,IDK,0.8622000000000001
meta,21,dev_2328,no,"Yes, there is such a thing as Corinthian leather. It is a",yes,yes,Incorrect,0.859
meta,21,dev_2350,no,"Yes, Little House on the Prairie is fiction. It is a series",yes,yes,Incorrect,0.8695
meta,21,dev_2382,yes,The right atrium does not receive blood from the lungs. It receives deoxy,the,other,NC,0.8599
meta,21,dev_2387,yes,I don't know. Northern Ireland does not have a national football team that,i,idk,IDK,0.8567
meta,21,dev_2388,no,"Yes, in some legal systems, a defendant can be retried if new",yes,yes,Incorrect,0.8623
meta,21,dev_2396,yes,I don't know. Semolina flour and Cream of Wheat,i,idk,IDK,0.8923
meta,21,dev_2408,yes,"No, employment termination is not the same as being fired. Employment term",no,no,Incorrect,0.8734
meta,21,dev_2413,no,The movie Stalingrad is based on a true story. YES.,the,yes,Incorrect,0.822
meta,21,dev_2428,yes,I don't know. A PICC (Peripherally Inserted,i,idk,IDK,0.8599
meta,21,dev_2433,no,I don't know. The policies regarding beards in the military can vary,i,idk,IDK,0.8566
meta,21,dev_2434,no,"Yes. The national anthem of Spain, ""Himno de R",yes,yes,Incorrect,0.8677999999999999
meta,21,dev_2447,no,"I don't know. In Major League Baseball (MLB), the",i,idk,IDK,0.8904
meta,21,dev_2473,yes,"No, Pokémon Gold, Silver, and Crystal are not the same",no,no,Incorrect,2.2424
meta,21,dev_2479,no,I don't know. Hong Kong has a different internet infrastructure compared to main,i,idk,IDK,0.8599
meta,21,dev_2504,no,Yes. The Strip is a major resort area in the city of Las Vegas,yes,yes,Incorrect,0.8585
meta,21,dev_2532,yes,"No, a twin cannot be born inside the other. This is not possible due",no,no,Incorrect,0.8787
meta,21,dev_2537,no,Social studies and social science are related but not the same. Social science is a,social,other,NC,0.8613999999999999
meta,21,dev_2538,no,'I don't know.' The film War Room is a fictional movie,i,idk,IDK,0.8727999999999999
meta,21,dev_2547,yes,"No, .224 bullets cannot be used in a .22",no,no,Incorrect,0.8934
meta,21,dev_2548,no,I don't know. The queen bee does not die immediately after st,i,idk,IDK,0.8599
meta,21,dev_2555,no,"No, lymphoma is not the same as lymph node cancer",no,no,Correct,0.8913
meta,21,dev_2566,no,"Yes, a Bachelor of Education is an undergraduate degree. It is a first",yes,yes,Incorrect,0.858
meta,21,dev_2572,no,"The Channel Isles are not part of Great Britain, but they are British Crown",the,other,NC,0.8582000000000001
meta,21,dev_2577,no,"Yes, a soccer kick-off must go forward. The ball must be kicked",yes,yes,Incorrect,0.8669
meta,21,dev_2605,yes,"No, .45 Colt and .45 Long Colt are not",no,no,Incorrect,0.8952
meta,21,dev_2614,yes,I don't know. Snow-on-the-Mountain and Bishop,i,idk,IDK,0.8871
meta,21,dev_2622,no,"Yes, 7.62 NATO and .308 Win are",yes,yes,Incorrect,0.9062
meta,21,dev_2634,yes,'I don't know.' The question you asked refers to the rules of,i,idk,IDK,0.8601
meta,21,dev_2643,no,"Yes, elements of the periodic table are capitalized. For example, Hydro",yes,yes,Incorrect,0.857
meta,21,dev_2655,yes,I don't know. Visa Delta and Visa Debit are different,i,idk,IDK,0.8717
meta,21,dev_2656,yes,I don't know. The right of abode and indefinite,i,idk,IDK,0.8873
meta,21,dev_2690,yes,"No, Parcelforce is a division of Royal Mail, but it",no,no,Incorrect,0.8577
meta,21,dev_2719,no,I don't know. Electrons flow in the opposite direction of the conventional,i,idk,IDK,0.859
meta,21,dev_2727,no,The AR-10 is not an assault rifle. It is a semi-,the,other,NC,0.8743
meta,21,dev_2750,yes,"No, cows do not need to get pregnant to give milk. Cows",no,no,Incorrect,0.8719
meta,21,dev_2757,yes,'I don't know.' The Dodo is a fictional character in,i,idk,IDK,0.8747
meta,21,dev_2770,yes,"Yes, a 9 to 5 work schedule is typically considered a 4",yes,yes,Correct,0.8909
meta,21,dev_2791,yes,"No, the gut and the stomach are not the same. The stomach is a",no,no,Incorrect,0.8696
meta,21,dev_2813,yes,The Greatest Showman is not based on a true story. It is a,the,yes,Correct,0.8921
meta,21,dev_2821,yes,I don't know. Nicotine is primarily known as a stimul,i,idk,IDK,0.8909
meta,21,dev_2832,yes,"Yes, shea butter is made from the nuts of the shea tree,",yes,yes,Correct,0.8679
meta,21,dev_2838,no,'I don't know.' The Prince of Tides is a novel written,i,idk,IDK,0.8576
meta,21,dev_2853,no,I don't know. The languages spoken in North and South Korea are similar,i,idk,IDK,0.8642000000000001
meta,21,dev_2870,no,The derivative of a continuous function is always continuous. YES.,the,yes,Incorrect,0.7459
meta,21,dev_2875,yes,I don't know. Aldi and Trader Joe's are separate,i,idk,IDK,0.8751
meta,21,dev_2880,no,"Yes, the County Court Business Centre is a real court. It is a part",yes,yes,Incorrect,0.8602000000000001
meta,21,dev_2890,no,I don't know. Non-permanent members of the United Nations,i,idk,IDK,0.8917
meta,21,dev_2901,yes,"No, VW, Audi, and Porsche are not the same",no,no,Incorrect,0.8894
meta,21,dev_2906,yes,I don't know. A fidelity bond is a type of insurance,i,idk,IDK,0.8606
meta,21,dev_2919,no,"Yes, the",yes,yes,Incorrect,0.8578
meta,21,dev_2931,yes,I don't know. The legal drinking age varies by country and region.,i,idk,IDK,0.8589
meta,21,dev_2933,no,"Yes, commercial aircraft do fly over the North Pole. The polar route is",yes,yes,Incorrect,0.8727
meta,21,dev_2956,yes,"Yes, a .17 HMR is bigger than a .22 L",yes,yes,Correct,0.8911
meta,21,dev_2959,no,I don't know. There is no bridge connecting Morocco and Spain,i,idk,IDK,0.8704
meta,21,dev_2967,yes,I don't know. The sun always rises in the east and sets,i,idk,IDK,0.8606
meta,21,dev_2973,no,"No, there is not a second movie to The Golden Compass. The film",no,no,Correct,0.8582000000000001
meta,21,dev_2991,yes,I don't know. While some gamblers may use strategies to improve,i,idk,IDK,0.8931
meta,21,dev_3000,yes,"No, back ribs are not the same as baby back ribs. Back",no,no,Incorrect,0.859
meta,21,dev_3015,yes,"No, keyless entry and remote start are not the same. Keyless entry",no,no,Incorrect,2.2029
meta,21,dev_3027,no,I don't know. A Schengen visa allows travel to most countries,i,idk,IDK,0.8773
meta,21,dev_3029,no,"Yes. The United Kingdom left the European Union on January 31,",yes,yes,Incorrect,0.8589
meta,21,dev_3035,no,Yes. Halo 2 does have achievements on Xbox 360.,yes,yes,Incorrect,0.9094
meta,21,dev_3040,no,"Yes, a no-insurance ticket is a moving violation.",yes,yes,Incorrect,0.7494
meta,21,dev_3073,no,"Yes, top sirloin steak is the same as sirloin ste",yes,yes,Incorrect,0.9098999999999999
meta,21,dev_3079,yes,I don't know. The cost of goods sold (COGS) typically,i,idk,IDK,0.8673
meta,21,dev_3089,yes,I don't know. Peaches and almonds are not related in,i,idk,IDK,0.8587
meta,21,dev_3105,yes,I don't recommend connecting a neutral wire to ground. The neutral wire is,i,other,NC,0.8591
meta,21,dev_3106,yes,I don't know. High-rise jeans and high-waisted jeans,i,idk,IDK,0.8906000000000001
meta,21,dev_3107,yes,I don't know. Recess appointments to the Supreme Court are rare,i,idk,IDK,0.8899
meta,21,dev_3122,no,I don't know. Reese's Pieces are a type,i,idk,IDK,0.8929
meta,21,dev_3143,no,The Republic of Ireland is not part of the Schengen visa area. It,the,other,NC,0.8927
meta,21,dev_3173,no,"Yes, a private equity fund is considered a financial institution. It is a type",yes,yes,Incorrect,0.8613
meta,21,dev_3183,no,"YES, the winner of the British Open gets to keep the Claret Jug",yes,yes,Incorrect,1.1427
meta,21,dev_3187,yes,"YES, Batman Forever is a sequel to Batman Returns.",yes,yes,Correct,0.8907999999999999
meta,21,dev_3204,no,"Yes, the fundus of the gallbladder is located near the c",yes,yes,Incorrect,0.8909
meta,21,dev_3212,yes,I don't know. A physical address refers to a location on a network,i,idk,IDK,0.8639
meta,21,dev_3221,no,I don't know. While it's possible that urine could change,i,idk,IDK,0.8599
meta,21,dev_3231,yes,I don't know. The standard error and standard deviation are related but,i,idk,IDK,0.8597
meta,21,dev_3232,yes,"No, corn starch is not the same as corn flour. Corn starch",no,no,Incorrect,0.8635
meta,21,dev_3238,yes,"No, the non-striker cannot be run out by the bowler.",no,no,Incorrect,0.8926000000000001
meta,21,dev_3239,yes,"Yes. The Conn Smythe Trophy, awarded to the most valuable",yes,yes,Correct,0.9051
meta,21,dev_3241,yes,I don't know. Romania was not part of the Austro-,i,idk,IDK,0.8882000000000001
meta,21,dev_3242,yes,I don't know. Ruby and sapphire are both types of cor,i,idk,IDK,0.8963
meta,21,dev_0031,yes,"I don't know. Deadpool, also known as Wade Wilson,",i,idk,IDK,0.8625
meta,21,dev_0148,yes,I don't know. Sméagol is a character from J.,i,idk,IDK,0.8881
meta,21,dev_0178,yes,"Yes. ""Eye of the Tiger"" was written specifically for the movie",yes,yes,Correct,0.8907
meta,21,dev_0410,yes,Yes. Revenge of the Mummy is a roller coaster. It,yes,yes,Correct,0.8961
meta,21,dev_0419,yes,"Yes, Eric Clapton played on 'While My Guitar Gently We",yes,yes,Correct,0.8894
meta,21,dev_0448,yes,"Yes, Jefferson Airplane is in the Rock and Roll Hall of Fame. They",yes,yes,Correct,0.8907
meta,21,dev_0224,no,"The Outsiders is a work of fiction, so the answer is 'No",the,no,Correct,0.8975
meta,21,dev_0317,no,I don't know. Perfect pitch is a rare ability to identify and reproduce,i,idk,IDK,0.8592000000000001
meta,21,dev_0368,no,'I don't know'. The novel 'The Color Purple' by,i,idk,IDK,0.8881
meta,21,dev_0507,no,'I don't know.' The book 'Brain on Fire' is,i,idk,IDK,0.9782000000000001
meta,21,dev_0603,no,The Seven Ages of Man is not a sonnet. It is a speech,the,other,NC,0.8635
meta,21,dev_0938,no,"I don't know. The song ""House of the Rising Sun",i,idk,IDK,0.8667999999999999
meta,21,dev_0076,yes,'I don't know.' While it is true that some female ferrets,i,idk,IDK,0.8603999999999999
meta,21,dev_0459,yes,"Yes, it does matter which DNA strand is transcribed. The strand",yes,yes,Correct,0.8607
meta,21,dev_0502,yes,I don't know. Kingsnakes are known for their ability to eat,i,idk,IDK,0.8897999999999999
meta,21,dev_0580,yes,I don't know. Blue jays have distinct differences between male and female,i,idk,IDK,0.8613
meta,21,dev_1089,yes,I don't recommend attempting to remove a snake's venom glands,i,other,NC,0.8697
meta,21,dev_1153,yes,"Yes, melaleuca and tea tree are the same thing. The term",yes,yes,Correct,0.8647
meta,21,dev_1315,yes,I don't know. Hydrogen bonds are generally stronger than ion-,i,idk,IDK,0.8893
meta,21,dev_1482,yes,"I don't know. Muscle fibers are long, multinuc",i,idk,IDK,2.2134
meta,21,dev_1568,yes,I don't know. While vultures and buzzards are both sc,i,idk,IDK,0.858
meta,21,dev_1968,yes,"No, a turtle and a tortoise are not the same. T",no,no,Incorrect,0.8719
meta,21,dev_2223,yes,I don't know. Jellyfish do not have an unlimited lif,i,idk,IDK,0.8665
meta,21,dev_2420,yes,"I don't know. The term ""rain crow"" is not a",i,idk,IDK,0.8647999999999999
meta,21,dev_2882,yes,"I don't know. Redback spiders are native to Australia, but",i,idk,IDK,0.8583
meta,21,dev_2899,yes,"YES, Dalmatians get more spots as they grow. The spots on",yes,yes,Correct,0.857
meta,21,dev_2910,yes,I don't know. Taro root and elephant ears are both tub,i,idk,IDK,0.8606
meta,21,dev_0713,no,A cow does not have to be pregnant to lactate. Cows can,a,other,NC,0.8622000000000001
meta,21,dev_0816,no,I don't know. The spinal cord and vertebral column,i,idk,IDK,1.061
meta,21,dev_0911,no,I don't know. The ring finger does not directly connect to the heart,i,idk,IDK,0.8711
meta,21,dev_0997,no,"No, surgical spirit and rubbing alcohol are not the same thing. S",no,no,Correct,0.87
meta,21,dev_1258,no,I don't know. The umbilical cord is not inside the,i,idk,IDK,0.8891
meta,21,dev_1422,no,Root hairs do not occur along the entire length of a root. They are,root,other,NC,0.888
meta,21,dev_2120,no,"YES, Dalmatians have spots when they are born.",yes,yes,Incorrect,0.7449
meta,21,dev_2353,no,I don't know. Bees and hornets are both insects that,i,idk,IDK,0.8667999999999999
meta,21,dev_2441,no,"Yes, it is possible to have identical twins, both male and female.",yes,yes,Incorrect,0.858
meta,21,dev_2087,no,I don't know. Sperm whales are not currently listed as end,i,idk,IDK,0.8965
meta,21,dev_2215,no,"Yes, the two chromosomes in a pair are identical in terms of their",yes,yes,Incorrect,0.8598
meta,21,dev_2503,no,I don't know. While both catbirds and mockingbirds,i,idk,IDK,0.8634
meta,21,dev_2652,no,"Yes, all baby birds have an egg tooth. The egg tooth is a small",yes,yes,Incorrect,0.862
meta,21,dev_2850,no,"Yes, a bee sting always contains a stinger. The stinger",yes,yes,Incorrect,0.9167000000000001
meta,21,dev_3062,no,"Yes, black and yellow garden spiders are not poisonous to",yes,yes,Incorrect,0.86
meta,21,dev_0400,yes,"Yes, a profit and loss account is the same as an income statement. They",yes,yes,Correct,0.9027000000000001
meta,21,dev_0432,yes,"Yes, the Central Bank of India is a nationalized bank. It was national",yes,yes,Correct,0.8775
meta,21,dev_0446,yes,"YES, you do need a membership for Bi-Mart to receive discounts",yes,yes,Correct,1.4637
meta,21,dev_0455,yes,I don't know. The production of Indian motorcycles has been moved,i,idk,IDK,1.5341
meta,21,dev_0472,yes,I don't know. Toys R Us and Babies R Us were,i,idk,IDK,2.8535999999999997
meta,21,dev_0524,yes,"Yes, there are In-N-Out locations in Nevada. The first In",yes,yes,Correct,1.4176
meta,21,dev_0767,yes,"Yes, the Canadian dollar has been worth more than the American dollar in the past",yes,yes,Correct,1.5194
meta,21,dev_0875,yes,I don't know. Thousand-dollar bills are not in,i,idk,IDK,1.5179
meta,21,dev_0950,yes,Yes. Poland Spring water comes from a spring.,yes,yes,Correct,0.8375
meta,21,dev_1023,yes,"Yes, a mortgage loan originator and a loan officer are similar roles. They",yes,yes,Correct,1.5282
meta,21,dev_1171,yes,"'I don't know'. Guernsey is a British Crown dependency,",i,idk,IDK,0.8874
meta,21,dev_1207,yes,"Yes, Buy Buy Baby is owned by Bed Bath & Beyond.",yes,yes,Correct,1.235
meta,21,dev_1299,yes,"Yes, net earnings and net income are the same. They both refer to the",yes,yes,Correct,1.4168
meta,21,dev_0157,no,I don't know. There are many different companies that manufacture eyeg,i,idk,IDK,1.577
meta,21,dev_0371,no,I don't know. National Car Rental and Enterprise Rent-A,i,idk,IDK,1.4228
meta,21,dev_0621,no,"Yes, it typically costs money to get cash back, as it is considered a",yes,yes,Incorrect,1.37
meta,21,dev_0699,no,"I don't know. Aldi is a German discount supermarket chain,",i,idk,IDK,1.5462
meta,21,dev_0954,no,"I don't know. As of my last update, £2 coins are",i,idk,IDK,1.5018
meta,21,dev_1050,no,I don't know. White Castle is a regional fast-food chain that,i,idk,IDK,1.1244
meta,21,dev_1208,no,"I don't know. Sam's Club, a membership-only retail",i,idk,IDK,0.8887999999999999
meta,21,dev_1257,no,I don't know. Home Bargains and Quality Save are both discount,i,idk,IDK,0.8995
meta,21,dev_1805,no,"I don't know. The $10,000 bill was",i,idk,IDK,1.3907
meta,21,dev_1876,no,I don't know. Montgomery Ward closed all of its physical stores in,i,idk,IDK,1.3629
meta,21,dev_2290,no,I don't know. GDP per capita and per capita income,i,idk,IDK,0.8949
meta,21,dev_2444,no,I don't know. Land tax and property tax are similar but not the,i,idk,IDK,1.524
meta,21,dev_0250,yes,"Yes, they celebrate Father's Day in the Netherlands. It is celebrated on",yes,yes,Correct,1.1329
meta,21,dev_0337,yes,"The King's Birthday is not a public holiday in Victoria, Australia.",the,other,NC,1.4546
meta,21,dev_0386,yes,I don't know. While there are areas in Brussels known for,i,idk,IDK,1.3627
meta,21,dev_0591,yes,"Yes, Copa Airlines is part of the Star Alliance.",yes,yes,Correct,1.1115
meta,21,dev_0746,yes,June 12 is a holiday in the Philippines. It is known as Independ,june,other,NC,1.1222
meta,21,dev_0845,yes,I don't know. Modern car engines are typically pre-broken-,i,idk,IDK,0.8825
meta,21,dev_0855,yes,"Yes, some flight paths do go over the North Pole. This is especially",yes,yes,Correct,0.8914
meta,21,dev_0915,yes,"I don't know. As of my last update, there is no water",i,idk,IDK,1.4768
meta,21,dev_0945,yes,I don't know. Thread seal tape and Teflon tape are both,i,idk,IDK,1.3645
meta,21,dev_0021,no,"No, a P.O. Box comes after the street address in a mail",no,no,Correct,1.4764000000000002
meta,21,dev_0490,no,I don't know. The visa requirements for Georgia can vary depending on the,i,idk,IDK,1.4832
meta,21,dev_0581,no,I don't know. A peck and a bushel are both units,i,idk,IDK,1.4293
meta,21,dev_0631,no,I don't know. The postal service's operating hours on Memorial,i,idk,IDK,1.3682
meta,21,dev_0691,no,'I don't know.' The answer may depend on the specific country and,i,idk,IDK,1.4262000000000001
meta,21,dev_0783,no,The Honda CRF 250 is a 4-stroke motor,the,other,NC,1.4612
meta,21,dev_0787,no,I don't know. The BMW 1 Series comes in both front,i,idk,IDK,1.4592
meta,21,dev_0825,no,I don't know. The Waterloo & City line is a London,i,idk,IDK,0.9002
meta,21,dev_0885,no,'I don't know.' I would recommend checking the official travel advisory,i,idk,IDK,0.8835
meta,21,dev_0089,yes,"Yes, there is a movie with 0% on Rotten Tomatoes.",yes,yes,Correct,0.9331
meta,21,dev_0095,yes,"Yes, Anne with an E is filmed on Prince Edward Island (PEI",yes,yes,Correct,0.9041
meta,21,dev_0211,yes,"Yes, Murphy Brown had a baby on the show. The character gave birth to",yes,yes,Correct,1.4295
meta,21,dev_0238,yes,I don't know. Beau Abbott is a character in the movie,i,idk,IDK,0.8719
meta,21,dev_0252,yes,"Yes, the Lizzie McGuire movie was filmed in Rome.",yes,yes,Correct,1.1687
meta,21,dev_0256,yes,I don't know. The,i,idk,IDK,1.4267999999999998
meta,21,dev_0266,yes,"'I don't know.' The Book of Henry is a movie, and",i,idk,IDK,0.8689
meta,21,dev_0310,yes,I don't know. Most contestants on Survivor do not receive,i,idk,IDK,1.4230999999999998
meta,21,dev_0359,yes,"I don't know. In the television show ""Who Wants to Be",i,idk,IDK,0.9317000000000001
meta,21,dev_0422,yes,I don't know. The question asks about the characters Lucas and Pey,i,idk,IDK,1.3999000000000001
meta,21,dev_0040,no,"No, there is no sequel to the movie The Golden Compass. The",no,no,Correct,2.4805
meta,21,dev_0080,no,I don't know. The question seems to be asking about a specific book,i,idk,IDK,0.8796
meta,21,dev_0100,no,I don't know. The Lost World is a novel by Sir Arthur Con,i,idk,IDK,0.8832000000000001
meta,21,dev_0240,no,"No, The Walking Dead and Fear the Walking Dead are two separate",no,no,Correct,0.902
meta,21,dev_0247,no,'I don't know.' The movie 'Let There Be Light' is,i,idk,IDK,0.9221
meta,21,dev_0260,no,"Yes, they used a real gorilla in Mighty Joe Young. The",yes,yes,Incorrect,1.5729000000000002
meta,21,dev_0277,no,"I don't know. In the TV show ""The Office,"" Michael Scott",i,idk,IDK,2.6849000000000003
meta,21,dev_0290,no,I don't know. The Vampire Diaries is a television series,i,idk,IDK,1.4997
meta,21,dev_0303,no,I don't know. Arizona was written off the show in season 1,i,idk,IDK,1.5008
meta,21,dev_0231,yes,"Yes, Penne alla Vodka typically contains dairy, as it is",yes,yes,Correct,0.9013
meta,21,dev_0401,yes,I don't know. Whole wheat rice and brown rice are different gr,i,idk,IDK,0.906
meta,21,dev_0420,yes,"No, red velvet cake is not chocolate cake with red dye. Red",no,no,Incorrect,1.4173
meta,21,dev_0571,yes,I don't know. Chicken cordon bleu is traditionally made,i,idk,IDK,1.1165
meta,21,dev_0583,yes,"No, pork back ribs are not the same as baby back ribs",no,no,Incorrect,0.8836
meta,21,dev_0765,yes,"Yes, salted duck eggs need to be cooked before consumption. The salt preserv",yes,yes,Correct,0.8681
meta,21,dev_0778,yes,"Yes, a cookie sheet and a sheet pan are essentially the same thing. They",yes,yes,Correct,0.8882000000000001
meta,21,dev_0815,yes,I don't know. Sprite is primarily a lemon-lime flav,i,idk,IDK,0.8681
meta,21,dev_0073,no,I don't know. The taste of cotton candy can vary depending on the,i,idk,IDK,0.8804
meta,21,dev_0491,no,I don't know. While picante sauce and taco sauce may,i,idk,IDK,1.4203
meta,21,dev_0615,no,I don't know. Rice noodles and glass noodles are,i,idk,IDK,1.5931
meta,21,dev_0868,no,I don't know. Fruit Roll-Ups are primarily made from,i,idk,IDK,0.8598
meta,21,dev_0880,no,I don't know. Thousand Island dressing and French dressing are similar,i,idk,IDK,1.4170999999999998
meta,21,dev_0953,no,I don't know. Monster Energy drinks are non-alcoholic,i,idk,IDK,0.8591
meta,21,dev_0985,no,"No, Long Island Iced Teas do not have tea in them. They",no,no,Correct,0.9349
meta,21,dev_0136,yes,"Yes, Battlefield 1 does have a single-player campaign. It offers",yes,yes,Correct,1.4181
meta,21,dev_0367,yes,Yes. Devil May Cry 5 is set after Devil May Cry,yes,yes,Correct,0.8894
meta,21,dev_0618,yes,"YES, Dying Light: The Following Enhanced Edition includes the original",yes,yes,Correct,1.4108
meta,21,dev_0720,yes,"Yes, State of Decay is co-op on Xbox One. You can",yes,yes,Correct,1.5685
meta,21,dev_0770,yes,I don't know. The numbers on a standard roulette wheel do not,i,idk,IDK,2.2724
meta,21,dev_0835,yes,Yes. Pokémon Let's Go is a remake of Poké,yes,yes,Correct,0.9018999999999999
meta,21,dev_0896,yes,"Yes, Naruto Ultimate Ninja Storm has a story mode. It follows",yes,yes,Correct,0.9143
meta,21,dev_0434,no,"I don't know. Some Xbox games are compatible with the Xbox One,",i,idk,IDK,0.8629
meta,21,dev_0489,no,I don't know. The Far Cry series does have some connections and shared,i,idk,IDK,0.8696
meta,21,dev_0852,no,"Yes, you can play Phase 10 with 7 players. The game",yes,yes,Incorrect,0.8615
meta,21,dev_0870,no,"YES, a paladin in most tabletop RPGs, such",yes,yes,Incorrect,0.866
meta,21,dev_1148,no,"I don't know. As of my last update, RollerCoaster",i,idk,IDK,0.8911
meta,21,dev_2595,no,"Yes, A Way Out is a cooperative multiplayer game, but it can",yes,yes,Incorrect,0.8623
meta,21,dev_0281,yes,"I don't know. In Kansas, I-70 is a free",i,idk,IDK,0.8577
meta,21,dev_0528,yes,"Yes, there is a train station in Atlantic City. It is called the Atlantic",yes,yes,Correct,0.8749
meta,21,dev_0547,yes,"Yes, there is a toll on the Battery Tunnel.",yes,yes,Correct,0.7491
meta,21,dev_0623,yes,"I don't know. The George Washington Bridge is a toll bridge, but",i,idk,IDK,0.8739
meta,21,dev_0626,yes,I don't know. Skyline Drive is a scenic road located in,i,idk,IDK,0.8591
meta,21,dev_0686,yes,I don't know. Edinburgh Castle is built on an extinct volcan,i,idk,IDK,0.8697
meta,21,dev_0822,yes,"Yes, there is a waterfall in Marble Falls, TX. The water",yes,yes,Correct,0.8572000000000001
meta,21,dev_1210,yes,I don't have specific knowledge about the towns located under Caesar's,i,other,NC,0.8621
meta,21,dev_0374,no,"I don't know. San Pedro, Laguna is not part of Metro",i,idk,IDK,0.8687
meta,21,dev_0900,no,"No, Fort Walton Beach and Destin are not the same. They are",no,no,Correct,0.8776
meta,21,dev_0913,no,I don't know. Porpoise Spit is not a well-,i,idk,IDK,0.8627
meta,21,dev_1234,no,I don't know. The Gulf Stream is a warm ocean current that flows,i,idk,IDK,0.8906000000000001
meta,21,dev_1360,no,I don't know. Lake Hiawatha is a park in,i,idk,IDK,0.9007999999999999
meta,21,dev_1544,no,I don't know. The I-30 in Dallas has both toll,i,idk,IDK,0.8589
meta,21,dev_1588,no,"I don't know. Lake George is a natural lake, but it has",i,idk,IDK,0.8711
meta,21,dev_0344,yes,I don't know. While some organisms can develop resistance to arsen,i,idk,IDK,0.86
meta,21,dev_0379,yes,I don't know. New England Baptist Hospital is a specialized orthoped,i,idk,IDK,0.8575
meta,21,dev_0474,yes,I don't know. One A Day is a brand of multivit,i,idk,IDK,0.8796
meta,21,dev_0614,yes,I don't know. While a cold water bath can help with muscle recovery,i,idk,IDK,0.8861
meta,21,dev_0655,yes,I don't know. While a hiatal hernia can cause symptoms such,i,idk,IDK,0.8992
meta,21,dev_1195,yes,I don't know. The blue-ringed octopus is one,i,idk,IDK,0.9185
meta,21,dev_1197,yes,I don't know. Ectopic pregnancies cannot develop normally within the,i,idk,IDK,0.866
meta,21,dev_1313,yes,I don't know. Relative risk and risk ratio are related but not,i,idk,IDK,0.8744
meta,21,dev_1564,yes,I don't know. PCP (Phencyclidine) and,i,idk,IDK,0.8665
meta,21,dev_0078,no,"Yes, there is a right and left brachiocephalic ar",yes,yes,Incorrect,2.2534
meta,21,dev_0166,no,"Yes, that is correct. It is five portions of fruit and five portions of",yes,yes,Incorrect,0.8679
meta,21,dev_0851,no,"Yes, attending a first aid course is part of the chain of survival. The",yes,yes,Incorrect,0.8987
meta,21,dev_0861,no,A junctional rhythm does not have a P wave. The P wave is,a,other,NC,0.8762000000000001
meta,21,dev_0872,no,A first-degree burn is less severe than a third-degree burn. A,a,other,NC,0.894
meta,21,dev_1554,no,'I don't know.' The debate about chronic Lyme disease is ongoing,i,idk,IDK,0.8813
meta,21,dev_1719,no,"Yes, extended release and sustained release are essentially the same thing. They both refer",yes,yes,Incorrect,0.8636
meta,21,dev_1991,no,I don't know. The common belief that the ring finger is connected to,i,idk,IDK,0.8879
meta,21,dev_2115,no,"I don't know. Sumo wrestling can be physically demanding, but",i,idk,IDK,0.8672000000000001
meta,21,dev_0105,yes,"Yes, there were drafts during the Revolutionary War. The Continental Army",yes,yes,Correct,0.8647999999999999
meta,21,dev_0125,yes,I don't know. While there were people who were outside the city during,i,idk,IDK,0.8882000000000001
meta,21,dev_0191,yes,I don't know. The Tomb of the Unknown Soldier in,i,idk,IDK,0.8977
meta,21,dev_1292,yes,"Yes, the Queen of England (Queen Elizabeth II) did marry her cousin",yes,yes,Correct,0.8608
meta,21,dev_1338,yes,"I don't know. The Gulf War did not involve rain of oil,",i,idk,IDK,0.8589
meta,21,dev_0388,no,"Yes, integration was generally the rule in the northern states during the period of the",yes,yes,Incorrect,0.8647999999999999
meta,21,dev_0703,no,I don't know. The Peacock Throne was a throne,i,idk,IDK,0.8903
meta,21,dev_0833,no,"Yes, bodies were found from the Edmund Fitzgerald. The ship sank",yes,yes,Incorrect,0.8751
meta,21,dev_0874,no,I don't know. There have been several attempts to escape from Alcat,i,idk,IDK,0.8568
meta,21,dev_1651,no,I don't know. While there were once many tin mines in Cornwall,i,idk,IDK,0.8593
meta,21,dev_0072,yes,I don't know. The regulations regarding the possession of ammunition can,i,idk,IDK,0.8596
meta,21,dev_0258,yes,I don't know. The laws regarding the sale of alcohol on Sundays,i,idk,IDK,0.8655
meta,21,dev_0286,yes,"Yes, an administrative law judge is a real judge. They are judges who pres",yes,yes,Correct,0.8598
meta,21,dev_0348,yes,"I don't know. In the UK, it is illegal to keep certain",i,idk,IDK,0.8641
meta,21,dev_0467,yes,"Yes, a certification of birth and a birth certificate are the same thing. They",yes,yes,Correct,0.8582000000000001
meta,21,dev_0515,yes,I don't know. The ability to put a restraining order on a,i,idk,IDK,0.8659
meta,21,dev_0562,yes,"I don't know. The laws regarding concealed carry vary by state,",i,idk,IDK,0.8589
meta,21,dev_0636,yes,"I don't know. In California, it is generally not legal for civ",i,idk,IDK,0.8587
meta,21,dev_0740,yes,"Yes, there is a time limit for ratification of an amendment. In",yes,yes,Correct,0.8993
meta,21,dev_0838,yes,"Yes, in Quebec, you can turn right on a red light after stopping and",yes,yes,Correct,0.8636
meta,21,dev_0864,yes,"Yes, in the state of Ohio, it is legal to open carry a fire",yes,yes,Correct,0.8786
meta,21,dev_0873,yes,'I don't know.' The rules for driving with a learner',i,idk,IDK,0.9095
meta,21,dev_0901,yes,It depends on the specific laws in the area where you are driving. In general,it,other,NC,0.865
meta,21,dev_0909,yes,I don't know. An X cannot be used as a legally binding signature,i,idk,IDK,0.8777999999999999
meta,21,dev_1134,yes,"Yes, New York State is a common law state. Common law is a system",yes,yes,Correct,0.8703
meta,21,dev_0198,no,"I don't know. In New Hampshire, there is no permit required to",i,idk,IDK,0.8913
meta,21,dev_0215,no,I don't know. The operating hours of liquor stores can vary by,i,idk,IDK,0.8711
meta,21,dev_0223,no,'I don't know'. The legality of recording covers of songs can,i,idk,IDK,0.8627
meta,21,dev_0234,no,I don't know. The age of consent for sexual activity varies by juris,i,idk,IDK,0.9148
meta,21,dev_0272,no,I don't know. The Taconic State Parkway is a park,i,idk,IDK,0.8656
meta,21,dev_0453,no,"I don't know. In some countries, it is legal to marry a",i,idk,IDK,0.8701
meta,21,dev_0499,no,"I don't know. Puerto Rico is a U.S. territory,",i,idk,IDK,0.8791
meta,21,dev_0552,no,I don't know. The rules for having a phone in prison can vary,i,idk,IDK,0.8596
meta,21,dev_0680,no,I don't know. The duration of trade secret protection can vary depending on,i,idk,IDK,0.8685
meta,21,dev_0738,no,"I don't know. Taiwan is not a member of the United Nations,",i,idk,IDK,0.8573999999999999
meta,21,dev_0771,no,"I don't know. Payola, which is the illegal practice of radio",i,idk,IDK,0.8606
meta,21,dev_0888,no,"Yes, Supreme Court justices have been removed from office. However, it is",yes,yes,Incorrect,0.8608
meta,21,dev_1135,no,"'I don't know'. In the UK, a certified copy is a",i,idk,IDK,0.8879
meta,21,dev_1188,no,I don't know. The eligibility to purchase a firearm can,i,idk,IDK,0.9086000000000001
meta,21,dev_0339,yes,"Yes, a U.S. military ID can be used as a travel document",yes,yes,Correct,0.8994
meta,21,dev_0357,yes,I don't know. The requirement to complete the American Community Survey depends on,i,idk,IDK,0.8587
meta,21,dev_0498,yes,"Yes, the Florida Constitution does give a minimum age for legislators. The minimum",yes,yes,Correct,0.8578
meta,21,dev_0620,yes,"Yes, the United Nations has intervened in conflicts involving Pakistan. The UN has",yes,yes,Correct,0.8649
meta,21,dev_0878,yes,"Yes, in the United States, the national government and the federal government are the",yes,yes,Correct,0.8855
meta,21,dev_1864,yes,"Yes, the U.S. Marines are part of the Department of the",yes,yes,Correct,0.8977999999999999
meta,21,dev_2080,yes,"The Coast Guard is part of the Department of Homeland Security, not the Department",the,other,NC,0.8586
meta,21,dev_2395,yes,"I don't know. In Australia, the Governor-General is the Queen",i,idk,IDK,0.9036000000000001
meta,21,dev_2639,yes,I don't know. Canada is not a permanent member of the United Nations,i,idk,IDK,1.0071
meta,21,dev_3155,yes,"I don't have personal service records, but I can tell you that service",i,other,NC,0.8589
meta,21,dev_3209,yes,"No, attending the Naval Academy does not mean you are in the Navy. Att",no,no,Incorrect,0.8571
meta,21,dev_0209,no,"No, Israel is not part of the European Economic Area (EEA). The",no,no,Correct,0.8591
meta,21,dev_0273,no,"Yes, you have to pay tolls in both directions when crossing the George Washington",yes,yes,Incorrect,0.9007000000000001
meta,21,dev_0404,no,"Yes, Puerto Rico is a commonwealth of the United States, not a prote",yes,yes,Incorrect,0.8704
meta,21,dev_0567,no,I don't know. Romania is not currently part of the Visa,i,idk,IDK,0.8893
meta,21,dev_0675,no,I don't know. Saudi Arabia is not a signatory to the Universal,i,idk,IDK,2.205
meta,21,dev_1172,no,I don't know. Turkey has been a candidate for European Union membership since,i,idk,IDK,0.8665
meta,21,dev_1275,no,I don't know. The rules for wearing state awards on active duty can,i,idk,IDK,0.8617
meta,21,dev_1971,no,I don't know. Bosnia and Herzegovina is not a,i,idk,IDK,0.9045
meta,21,dev_2001,no,I don't know. The power to pardon federal crimes lies with the,i,idk,IDK,0.8621
meta,21,dev_3004,no,I don't know. The ability to buy a council house was introduced in,i,idk,IDK,0.8924
meta,21,dev_3256,no,I don't know. The presence of cameras on traffic lights can vary depending,i,idk,IDK,0.8601
meta,21,dev_1132,yes,I don't know. Pink quartz and rose quartz are similar in,i,idk,IDK,0.8603
meta,21,dev_1233,yes,I don't know. An adiabatic process is one in which,i,idk,IDK,0.8602000000000001
meta,21,dev_1511,yes,I don't know. The heat index is a measure of how hot it,i,idk,IDK,0.9163
meta,21,dev_1633,yes,I don't know. Nail acetone and paint acetone,i,idk,IDK,0.9147000000000001
meta,21,dev_2007,yes,"Yes, liquefied petroleum gas (LPG) is primarily prop",yes,yes,Correct,1.3972
meta,21,dev_2214,yes,"I don't know. The term ""dry water"" is somewhat parad",i,idk,IDK,1.368
meta,21,dev_2239,yes,Yes. The speed of sound does vary with frequency at constant temperature. This is,yes,yes,Correct,1.3638
meta,21,dev_2299,yes,I don't know. While it is possible for rain to occur without clouds,i,idk,IDK,1.3731
meta,21,dev_2303,yes,"Yes, all life requires the same essential elements, which are carbon, hydrogen",yes,yes,Correct,1.4129
meta,21,dev_2477,yes,I don't know. The set of natural numbers typically does not include zero,i,idk,IDK,1.415
meta,21,dev_2993,yes,I don't know. While eidetic memory and photographic memory are,i,idk,IDK,1.4189
meta,21,dev_3126,yes,I don't know. Upside-down rainbows are not,i,idk,IDK,1.4643
meta,21,dev_3188,yes,"I don't know. The terms ""turkey vulture"" and",i,idk,IDK,1.3982
meta,21,dev_3193,yes,"Yes, the Georgia Aquarium does have whale sharks. They are one",yes,yes,Correct,1.4137
meta,21,dev_3234,yes,"No, a rhombus is not the same as a diamond. A rh",no,no,Incorrect,1.3896
meta,21,dev_3265,yes,I don't know. The Titius-Bode rule is a mathematical,i,idk,IDK,0.8902
meta,21,dev_0001,no,I don't know. The energy balance of ethanol production is complex,i,idk,IDK,0.8917999999999999
meta,21,dev_0579,no,I don't know. While it is possible to hear a faint sound re,i,idk,IDK,0.8626
meta,21,dev_1003,no,"Yes, least squares is the same as linear regression. Linear reg",yes,yes,Incorrect,0.8601
meta,21,dev_1483,no,I don't know. A meter stick and a yardstick are units of,i,idk,IDK,0.8583999999999999
meta,21,dev_1551,no,"No, Australia is not part of the Ring of Fire. The Ring of Fire",no,no,Correct,0.86
meta,21,dev_1702,no,I don't know. Pterodactyl is a common name for,i,idk,IDK,0.8937999999999999
meta,21,dev_1925,no,"I don't know. Percent difference and percent change are related concepts,",i,idk,IDK,0.8779
meta,21,dev_2025,no,"Yes, the load is one of the two points on a lever. The other",yes,yes,Incorrect,0.8599
meta,21,dev_2312,no,I don't know. Turpentine and white spirit are similar but not,i,idk,IDK,0.8735
meta,21,dev_2471,no,"Yes, there is a mechanical advantage for a fixed pulley. The mechanical advantage",yes,yes,Incorrect,0.8697
meta,21,dev_2521,no,I don't know. The t-distribution does not have a standard,i,idk,IDK,0.8893
meta,21,dev_2782,no,I don't know. The hydronium ion (H3O+,i,idk,IDK,0.8886000000000001
meta,21,dev_2812,no,"I don't know. The salt concentration in the ocean is relatively uniform,",i,idk,IDK,0.8607
meta,21,dev_3014,no,"Yes, the days do get longer and shorter at the Equator. The length",yes,yes,Incorrect,0.8588
meta,21,dev_3034,no,I don't know. Hydraulic lime and hydr,i,idk,IDK,0.8914
meta,21,dev_3159,no,I don't know. While chipmunks and ground squirrel,i,idk,IDK,0.894
meta,21,dev_3190,no,I don't know. Mahi-mahi and ahi tuna,i,idk,IDK,0.8907
meta,21,dev_0682,yes,"Yes, a sermon and a homily are similar in that they are",yes,yes,Correct,0.8764
meta,21,dev_0735,yes,"Yes, secondary school is the same as high school in the United States. In",yes,yes,Correct,0.8904
meta,21,dev_1505,yes,"Yes, the University of St. Thomas is a nonprofit institution.",yes,yes,Correct,0.7827999999999999
meta,21,dev_1668,yes,Yes. Church of England (Anglican) worshippers make the sign of,yes,yes,Correct,0.9024
meta,21,dev_2373,yes,"'I don't know.' The hymn ""Lord of All",i,idk,IDK,0.8903
meta,21,dev_2793,yes,"Yes, Eastern Kentucky University is a Division 1 school. It is a member",yes,yes,Correct,0.8589
meta,21,dev_2929,yes,I don't know. While child psychology and developmental psychology share some similar,i,idk,IDK,0.8599
meta,21,dev_0605,no,I don't know. While BYU is owned by The Church of Jesus,i,idk,IDK,0.889
meta,21,dev_0908,no,I don't know. The American College of Education is accredited by,i,idk,IDK,0.8587
meta,21,dev_1388,no,I don't know. UCL (University College London) is a,i,idk,IDK,0.859
meta,21,dev_1521,no,"I don't know. In Sweden, students are entitled to a basic grant",i,idk,IDK,0.9213
meta,21,dev_2334,no,I don't know. The Book of Jasher is not included in,i,idk,IDK,0.8616
meta,21,dev_2641,no,I don't know. The use of hyphens in double-barrel,i,idk,IDK,0.8873
meta,21,dev_0347,yes,"Yes, the Women's College World Series is a double elimination tournament.",yes,yes,Correct,0.8587
meta,21,dev_0411,yes,I don't know. The Redskins' defensive scheme can change from,i,idk,IDK,0.8935
meta,21,dev_0439,yes,I don't know. The Milwaukee Brewers have not yet,i,idk,IDK,0.8563
meta,21,dev_0452,yes,I don't know. Belgium has reached the World Cup semifinals twice,i,idk,IDK,0.8589
meta,21,dev_0585,yes,"No, in a rugby league scrum, the players do not push in the",no,no,Incorrect,0.873
meta,21,dev_0656,yes,I don't know. Kaká was born in 198,i,idk,IDK,0.8893
meta,21,dev_0661,yes,"Yes, the KSI vs. Logan Paul fight was pay-per-view",yes,yes,Correct,0.9032
meta,21,dev_0701,yes,"Yes, the Kentucky Derby is usually held on the first Saturday in May.",yes,yes,Correct,0.8605
meta,21,dev_0704,yes,"Yes, Wayne Gretzky won four Stanley Cups during his career,",yes,yes,Correct,0.8578
meta,21,dev_0752,yes,I don't know. The concept of a mercy rule is more commonly associated,i,idk,IDK,0.86
meta,21,dev_0848,yes,I don't know. The transfer window refers to a specific period during which,i,idk,IDK,0.8583999999999999
meta,21,dev_0883,yes,"Yes, a team has come back from 3-1 in a best-",yes,yes,Correct,0.8601
meta,21,dev_1143,yes,"Yes, Dan Marino is in the Hall of Fame. He was inducted",yes,yes,Correct,0.8568
meta,21,dev_1305,yes,"I don't know. In the NCAA, a school can be a",i,idk,IDK,0.8573999999999999
meta,21,dev_1497,yes,Alphonse Areola did play in the 2018 World,alphonse,other,NC,0.8901
meta,21,dev_1777,yes,I don't know. The rules for counting away goals in league playoffs,i,idk,IDK,0.8727999999999999
meta,21,dev_2250,yes,I don't know. Poland qualified for the 2018 FIFA,i,idk,IDK,0.8884
meta,21,dev_2370,yes,"I don't know. Ireland has played Australia in rugby union multiple times,",i,idk,IDK,0.8842000000000001
meta,21,dev_0083,no,"Yes, there is a tiebreaker in the final set at Wimbled",yes,yes,Incorrect,0.8897
meta,21,dev_0085,no,I don't know. Deion Sanders is a professional athlete who,i,idk,IDK,0.8563999999999999
meta,21,dev_0170,no,I don't know. The Czech Republic has never won the FIFA World Cup,i,idk,IDK,0.8632000000000001
meta,21,dev_0230,no,I don't know. The rules for running on a dropped third strike can,i,idk,IDK,0.86
meta,21,dev_0412,no,I don't know. The Miami Dolphins do not have a real,i,idk,IDK,0.9022
meta,21,dev_0421,no,I don't know. The Golden Boot is awarded to the player with the,i,idk,IDK,0.859
meta,21,dev_0447,no,"Yes, Panama has qualified for the World Cup. They first qualified for the",yes,yes,Incorrect,2.3855
meta,21,dev_0544,no,"Yes, Trinity Forest Golf Club is a private course. It is not open",yes,yes,Incorrect,0.866
meta,21,dev_0565,no,"Yes, walks are not hits, but they are counted as a base on balls",yes,yes,Incorrect,0.8642000000000001
meta,21,dev_0589,no,"I don't know. In basketball, the rules regarding goaltending can",i,idk,IDK,0.8943
meta,21,dev_0593,no,"No, teams do not keep the FIFA World Cup trophy. The trophy",no,no,Correct,0.8664
meta,21,dev_0859,no,I don't know. The U.S. Open is not played on,i,idk,IDK,0.8879
meta,21,dev_0865,no,I don't know. The San Jose Sharks have not won a Stanley,i,idk,IDK,0.8697
meta,21,dev_1518,no,Yes. All 2018 World Cup matches were played in Russia.,yes,yes,Incorrect,0.8887
meta,21,dev_1768,no,I don't know. England has not won the Women's World Cup,i,idk,IDK,0.8757999999999999
meta,21,dev_1779,no,I don't know. India did not qualify for the 201,i,idk,IDK,0.8929
meta,21,dev_1905,no,"No, a player cannot be offside directly from a goal kick. The off",no,no,Correct,0.8612000000000001
meta,21,dev_2156,no,"Yes, the Yankees won the World Series in 2001",yes,yes,Incorrect,0.8927
meta,21,dev_2158,no,I don't know. The Cincinnati Bengals have not won,i,idk,IDK,0.8963
meta,21,dev_2798,no,I don't know. The Super Bowl loser does not automatically receive a,i,idk,IDK,0.8613999999999999
meta,21,dev_3138,no,"I don't know. The Olympic gold medal is actually made of silver,",i,idk,IDK,0.8583
meta,21,dev_0307,yes,I don't know. The tire size for a 29er is,i,idk,IDK,0.8901
meta,21,dev_0506,yes,"Yes, drywall mud and joint compound are essentially the same thing. They are",yes,yes,Correct,0.8608
meta,21,dev_0641,yes,I don't know. While some parts may be interchangeable between the,i,idk,IDK,0.9018999999999999
meta,21,dev_0844,yes,I don't know. Bell and Telus are two separate telecommunications,i,idk,IDK,0.8582000000000001
meta,21,dev_1032,yes,"Yes, 1-844 is a toll-free number in Canada",yes,yes,Correct,0.8889
meta,21,dev_1574,yes,"Yes, there can be a chip in Apple Lightning cables. The chip",yes,yes,Correct,0.8617999999999999
meta,21,dev_1889,yes,I don't know. While the Mazda Tribute and Ford Escape,i,idk,IDK,2.2342
meta,21,dev_2093,yes,"Yes, you can call the police without a SIM card, but the method",yes,yes,Correct,0.8559
meta,21,dev_2213,yes,I don't know. Toll-free numbers in the U.S,i,idk,IDK,0.9046000000000001
meta,21,dev_2735,yes,"No, pipelining is typically used to improve the throughput of multiple tasks",no,no,Incorrect,0.8662000000000001
meta,21,dev_2836,yes,I don't know. The F-4 Phantom was a vers,i,idk,IDK,0.8767999999999999
meta,21,dev_0788,no,I don't know. MiniDV tapes and 8mm t,i,idk,IDK,0.8919
meta,21,dev_0798,no,I don't know. Area code 669 is not a toll,i,idk,IDK,0.8873
meta,21,dev_1249,no,"YES, C++ strings do not need to be null-terminated as",yes,yes,Incorrect,0.8613
meta,21,dev_1458,no,"Yes, some powered speakers do not require an external amplifier because they have built",yes,yes,Incorrect,0.8586
meta,21,dev_1584,no,I don't know. The GMC Avalanche was discontinued,i,idk,IDK,0.8646
meta,21,dev_1589,no,"No, a SIM-free phone does not lock to a network. It",no,no,Correct,0.8593
meta,21,dev_1657,no,"The first iPhone, which was released in 2007, did not",the,other,NC,0.862
meta,21,dev_1691,no,I don't know. Response time and input lag are related but not exactly,i,idk,IDK,0.8737
meta,21,dev_1943,no,"Yes, it costs money to join PlayStation Network. You will need a Play",yes,yes,Incorrect,0.8746
meta,21,dev_2682,no,I don't know. E-ZPass and EZ TAG are,i,idk,IDK,0.8913
meta,21,dev_2712,no,I don't know. A23 and N batteries are similar in size,i,idk,IDK,0.883
meta,21,dev_0427,no,"I don't know. ""The Barber of Seville"" and """,i,idk,IDK,0.8907999999999999
meta,21,dev_0531,no,'I don't know.' While Smaug is a famous dragon in J,i,idk,IDK,0.8772000000000001
meta,21,dev_1915,no,'I don't know'. The Hunchback of Notre-D,i,idk,IDK,0.896
meta,21,dev_1946,no,"I don't know. In the G.I. Joe universe, Sn",i,idk,IDK,0.8577
meta,21,dev_2024,no,Yes. The foreword comes before the table of contents in a book.,yes,yes,Incorrect,0.824
meta,21,dev_2265,no,I don't know. G major and E minor are different keys in music,i,idk,IDK,0.8587
meta,21,dev_0004,yes,Yes. Harry Potter and the Escape from Gringotts is a,yes,yes,Correct,2.7994
meta,21,dev_0241,yes,"Yes, Mariah Carey wrote ""All I Want for Christmas Is You.""",yes,yes,Correct,1.2324000000000002
meta,21,dev_0326,yes,Yes. The Wizarding World of Harry Potter is located in Islands of,yes,yes,Correct,1.449
meta,21,dev_0525,yes,"Yes, Queen had a number one hit. The song ""Bohemian R",yes,yes,Correct,1.2004000000000001
meta,21,dev_0577,yes,"Yes, Phil Collins and Peter Gabriel were both in Genesis at the same time",yes,yes,Correct,1.439
meta,21,dev_0799,yes,"Yes, contestants on Jeopardy! receive the money they win during",yes,yes,Correct,1.3968
meta,21,dev_0142,no,I don't know. Denatured alcohol and acetone are not,i,idk,IDK,1.3956
meta,21,dev_0494,no,I don't know. Fitness in biology refers to the ability of,i,idk,IDK,1.4405999999999999
meta,21,dev_0527,no,"YES, HeLa cells have a normal number of chromosomes. They",yes,yes,Incorrect,1.1952
meta,21,dev_0566,no,I don't know. Bacteria of the same species can have different,i,idk,IDK,1.3851
meta,21,dev_0648,no,"No, evergreen trees do not lose their leaves in the winter. They retain",no,no,Correct,1.2484000000000002
meta,21,dev_0668,no,I don't know. Red-eared sliders are freshwater t,i,idk,IDK,1.4132
meta,21,dev_0749,no,"Yes, sensory neurons are part of the peripheral nervous system, but",yes,yes,Incorrect,1.1322
meta,21,dev_0790,no,I don't know. Great white sharks do not live at the bottom,i,idk,IDK,1.4178
meta,21,dev_0867,no,I don't know. The relationship between genotype and phenotype is complex,i,idk,IDK,1.3922999999999999
meta,21,dev_0921,no,"No, you cannot get eaten by a whale shark. Whale sh",no,no,Correct,1.368
meta,21,dev_1088,no,I don't know. Rabbits and cats are different species and cannot inter,i,idk,IDK,1.4350999999999998
meta,21,dev_1329,no,"I don't have an earlobe, so I don't have",i,other,NC,0.869
meta,21,dev_1402,no,"Yes, tissue is composed of one type of cell, but there are different types",yes,yes,Incorrect,1.2202
meta,21,dev_1428,no,I don't know. Sweat glands are part of the inte,i,idk,IDK,2.7525999999999997
meta,21,dev_1439,no,I don't know. Groundhogs and moles are different animals.,i,idk,IDK,1.4172
meta,21,dev_0020,yes,"Yes, magnesium citrate contains citric acid.",yes,yes,Correct,1.2069
meta,21,dev_0027,yes,"Yes, penguins have feathers that arise from the epidermis.",yes,yes,Correct,1.4127
meta,21,dev_0047,yes,"Yes, there is such a thing as a turkey vulture. It is",yes,yes,Correct,1.3593
meta,21,dev_0070,yes,"Yes, T. rex and Tyrannosaurus rex are the",yes,yes,Correct,1.4482000000000002
meta,21,dev_0086,yes,"No, a German Shepherd is not the same as an Alsatian",no,no,Incorrect,1.4694
meta,21,dev_0121,yes,"Yes, St. Bernards and Bernese Mountain Dogs are related. They",yes,yes,Correct,0.9017999999999999
meta,21,dev_0131,yes,The latent heat of vaporization does change with temperature. It increases with,the,other,NC,0.8644
meta,21,dev_0147,yes,"Yes, the navel and the belly button are the same thing. They are",yes,yes,Correct,1.3828
meta,21,dev_0159,yes,"Yes, a tree can have more than one trunk. This is known as a",yes,yes,Correct,1.3524
meta,21,dev_0190,yes,"Yes, bees do die after they lose their stinger. The stinger",yes,yes,Correct,1.1416
meta,21,dev_0195,yes,I don't know. Alligators have been observed to hold their prey,i,idk,IDK,1.4072
meta,21,dev_0200,yes,Yes. Competitive inhibitors bind to the active site of an enzyme,yes,yes,Correct,1.351
meta,21,dev_0214,yes,"Yes, animal cells have a cell membrane. The cell membrane, also",yes,yes,Correct,1.4329
meta,21,dev_0242,yes,"Yes, both male and female bighorn sheep have horns. The horn",yes,yes,Correct,1.3925
meta,21,dev_0522,yes,"Yes, a hornet can sting you more than once. Hornets have",yes,yes,Correct,0.8889
meta,21,dev_0033,no,I don't know. Federal income tax and Social Security are two separate systems,i,idk,IDK,1.3539
meta,21,dev_0123,no,"Yes, public limited companies (PLCs) are considered part of the private",yes,yes,Incorrect,1.4214
meta,21,dev_0501,no,I don't know. Comcast and Time Warner Cable were separate companies,i,idk,IDK,1.3694000000000002
meta,21,dev_0526,no,"No, Canadian dollars are not the same as American dollars. Canadian dollars are the",no,no,Correct,1.4302000000000001
meta,21,dev_1076,no,"No, not only commercial banks are subject to runs. Banks of all types",no,no,Correct,1.3493
meta,21,dev_1213,no,"Yes, discretionary income and disposable income are the same. Discret",yes,yes,Incorrect,1.1987999999999999
meta,21,dev_1654,no,I don't know. The unemployment rate is calculated based on people who are,i,idk,IDK,0.8652000000000001
meta,21,dev_1753,no,"No, Universal Music Group is not part of Universal Studios. Universal Music Group is",no,no,Correct,1.3567
meta,21,dev_1825,no,I don't know. A bank sort code is a six-digit,i,idk,IDK,0.8844
meta,21,dev_2911,no,The United States does not have a fixed exchange rate. It operates under a floating,the,other,NC,1.4669
meta,21,dev_2740,no,I don't know. The Better Business Bureau (BBB) is a,i,idk,IDK,1.4205999999999999
meta,21,dev_2517,no,The Bank of England is not a private company. It is the central bank of,the,other,NC,1.4118
meta,21,dev_1139,yes,"Yes, there are state income taxes in New Mexico. The state has a progressive",yes,yes,Correct,1.3931
meta,21,dev_0002,yes,I don't know. House tax and property tax are often used interchange,i,idk,IDK,1.4174
meta,21,dev_0773,yes,"Yes, a company can be public but not listed. A public company is one",yes,yes,Correct,1.1435
meta,21,dev_1186,yes,"Yes, a universal life policy does have cash value. This is one of the",yes,yes,Correct,1.4283
meta,21,dev_1302,yes,"Yes, Dodge and Jeep are both brands owned by the same company,",yes,yes,Correct,1.3938
meta,21,dev_1349,yes,Yes. NPV (Net Present Value) does account for the time value,yes,yes,Correct,0.8625
meta,21,dev_1771,yes,"Yes, a news release and a press release are essentially the same thing. They",yes,yes,Correct,1.4725
meta,21,dev_1804,yes,"Yes, a two-dollar bill does have monetary value. It is",yes,yes,Correct,1.3507
meta,21,dev_1873,yes,"Yes, Stop & Shop and Giant are owned by the same parent company.",yes,yes,Correct,1.4036
meta,21,dev_1963,yes,"Yes, that is correct. There is no sales tax in New Hampshire.",yes,yes,Correct,1.3343
meta,21,dev_2582,yes,"Yes, a profit and loss statement is the same as an income statement. They",yes,yes,Correct,3.4168000000000003
meta,21,dev_2598,yes,"Yes, Hellmann's and Best Foods are the same company. They",yes,yes,Correct,1.405
meta,21,dev_3158,yes,I don't know. While there can be a correlation between economic development and,i,idk,IDK,1.3537000000000001
meta,21,dev_0551,no,"No, an ounce (oz) and a fluid ounce (fl oz",no,no,Correct,1.418
meta,21,dev_1158,no,"No, a crossover is not the same as an SUV.",no,no,Correct,0.8997
meta,21,dev_1364,no,"Yes, a jet engine is an external combustion engine. The fuel is",yes,yes,Incorrect,0.8633
meta,21,dev_1807,no,"No, 8.5×11 (US Letter) is not the",no,no,Correct,0.8933
meta,21,dev_2542,no,I don't know. Father's Day is celebrated on the third Sunday,i,idk,IDK,0.8731
meta,21,dev_2562,no,I don't know. While both ribeye and Delmonico ste,i,idk,IDK,0.9037000000000001
meta,21,dev_3005,no,"No, an English Bull Terrier is not a Pit Bull. They are",no,no,Correct,0.8636
meta,21,dev_3194,no,"No, corn chips and tortilla chips are not the same. While both are",no,no,Correct,2.2028000000000003
meta,21,dev_3195,no,"No, a boarding pass is not the same as a ticket. A board",no,no,Correct,0.8598
meta,21,dev_0013,yes,"I don't recommend washing your hair with shower gel, as it can strip",i,other,NC,0.8632000000000001
meta,21,dev_0043,yes,Yes. Interstate 10 is a coast-to-coast inter,yes,yes,Correct,0.8884
meta,21,dev_0052,yes,"Yes, a hammer can be used as a weapon.",yes,yes,Correct,0.6698
meta,21,dev_0091,yes,"Yes, a tablespoon is generally bigger than a dessert spoon. A tables",yes,yes,Correct,0.8607
meta,21,dev_0116,yes,"Yes, a father-in-law is considered a relative.",yes,yes,Correct,0.7485
meta,21,dev_0288,yes,"Yes, the UK uses a 24-hour clock.",yes,yes,Correct,0.7517999999999999
meta,21,dev_0555,yes,"Yes, ZIP code and postal code are the same. They are both",yes,yes,Correct,0.8729
meta,21,dev_0627,yes,"No, the title ""Sir"" is a title of honor in the British Is",no,no,Incorrect,0.8923
meta,21,dev_0831,yes,"Yes, a U.S. passport card is a valid form of ID",yes,yes,Correct,0.8973
meta,21,dev_0721,no,'I don't know'. Night of the Living Dead is a fictional,i,idk,IDK,0.8689
meta,21,dev_0863,no,I don't know. The Closer and Major Crimes are both television,i,idk,IDK,0.8715
meta,21,dev_1357,no,I don't know. The View and The Talk are two different talk shows,i,idk,IDK,0.8684
meta,21,dev_1951,no,"The Bridge on the River Kwai is based on a novel, not a",the,other,NC,0.8966000000000001
meta,21,dev_2131,no,I don't know. Nacho is a character from Better Call Saul,i,idk,IDK,0.9042
meta,21,dev_2174,no,"No, Fear the Walking Dead is a separate television series that is a",no,no,Correct,0.9036000000000001
meta,21,dev_2252,no,"No, you do not have to be from America to be on America's",no,no,Correct,0.9152
meta,21,dev_2309,no,I don't know. Maleficent is a character from Disney',i,idk,IDK,0.8984
meta,21,dev_2364,no,The Outsiders movie is not based on a true story. It is a,the,yes,Incorrect,0.8759
meta,21,dev_3075,no,"I don't know. Pulp Fiction is a fictional film,",i,idk,IDK,0.8625
meta,21,dev_3205,no,"I don't know. The movie ""Lady Bird"" is about a",i,idk,IDK,0.8782000000000001
meta,21,dev_0015,yes,Yes.,yes,yes,Correct,0.3663
meta,21,dev_0153,yes,"Yes, there is a movie adaptation of The Handmaid's Tale",yes,yes,Correct,0.891
meta,21,dev_0161,yes,'I don't know.' The Night of the Hunter is often considered a,i,idk,IDK,0.8598
meta,21,dev_0306,yes,"Yes, Grey's Anatomy is filmed at a real hospital.",yes,yes,Correct,0.9007000000000001
meta,21,dev_0334,yes,Yes.,yes,yes,Correct,0.369
meta,21,dev_0338,yes,"Yes, Fear the Walking Dead and The Walking Dead are related.",yes,yes,Correct,0.8925
meta,21,dev_0493,yes,"'I don't know.' Love Child is an Australian television drama series,",i,idk,IDK,0.8607
meta,21,dev_0520,yes,Yes. Age of Ultron came after Winter Soldier in the Marvel Cin,yes,yes,Correct,0.858
meta,21,dev_0212,no,I don't know. Maple syrup is not produced directly from the,i,idk,IDK,0.8667
meta,21,dev_0309,no,I don't know. Ground coriander and cumin are different sp,i,idk,IDK,0.8593999999999999
meta,21,dev_0484,no,"Yes, salt water taffy does not have salt water in it. The",yes,yes,Incorrect,0.8683
meta,21,dev_0654,no,I don't know. Beef short ribs and spare ribs are,i,idk,IDK,0.8704
meta,21,dev_0973,no,I don't know. Salt water taffy is a type of candy,i,idk,IDK,0.8591
meta,21,dev_1335,no,I don't know. Cocoa beans and coffee beans are two different,i,idk,IDK,0.892
meta,21,dev_1443,no,"No, a lungo is not the same as an Americano. A lung",no,no,Correct,0.8586
meta,21,dev_0284,yes,"Yes, enameled cast iron can leach iron into food, especially when",yes,yes,Correct,0.8649
meta,21,dev_0330,yes,"Yes, the white cover on brie cheese is edible. It is called",yes,yes,Correct,0.8586
meta,21,dev_0443,yes,"Yes, powdered sugar and confectioners' sugar are the same. They",yes,yes,Correct,0.8935
meta,21,dev_0975,yes,"Yes, wholemeal flour and whole wheat flour are essentially the same thing.",yes,yes,Correct,0.858
meta,21,dev_1741,yes,"Yes, garbanzo beans and chickpeas are the same thing. They",yes,yes,Correct,0.9091
meta,21,dev_1770,yes,"Yes. Pure vanilla extract contains alcohol, typically at a concentration of around",yes,yes,Correct,0.8623
meta,21,dev_1860,no,I don't know. Pinot Noir and Pinot Gris are,i,idk,IDK,2.2396
meta,21,dev_1967,yes,"Yes, a caffe latte is the same as a latte. A",yes,yes,Correct,0.8974
meta,21,dev_0236,no,"YES, straights in poker must be in the same suit to be considered",yes,yes,Incorrect,0.8567
meta,21,dev_0741,no,I don't know. The outcome of solitaire games can vary greatly depending,i,idk,IDK,0.8586
meta,21,dev_1440,no,"No, the Xbox One cannot play Xbox 360 discs. The",no,no,Correct,0.8907
meta,21,dev_2062,no,I don't know. A queen can move in any direction (horizont,i,idk,IDK,0.8609
meta,21,dev_2109,no,"No, Call of Duty: World at War is based on World War II",no,no,Correct,0.8897
meta,21,dev_2137,no,"No, it is not possible to win a game of chess with only a",no,no,Correct,0.8707999999999999
meta,21,dev_0478,yes,"Yes, Call of Duty: Modern Warfare 2 does have a multi",yes,yes,Correct,0.8903
meta,21,dev_0545,yes,"Yes, there is a storyline in Just Cause 3. The game",yes,yes,Correct,0.8702000000000001
meta,21,dev_1125,yes,"Yes, Need for Speed has a story mode. The game typically features a narrative",yes,yes,Correct,0.8593
meta,21,dev_1137,yes,I don't know. Pokémon Crystal is compatible with Poké,i,idk,IDK,0.8924
meta,21,dev_1162,yes,"Yes, you can play DS games on a DS Lite. The DS L",yes,yes,Correct,0.8694
meta,21,dev_1177,yes,"Yes, Company of Heroes 2 has a campaign.",yes,yes,Correct,0.7092999999999999
meta,21,dev_1444,yes,I don't know. Original Xbox games can be played on Xbox One through,i,idk,IDK,0.8583
meta,21,dev_0313,no,I don't know. St. Kitts and Nevis is an,i,idk,IDK,0.9016000000000001
meta,21,dev_0823,no,The Ogallala Aquifer is not the largest in the world. The largest,the,other,NC,0.8996000000000001
meta,21,dev_0839,no,"No, West Virginia and Virginia are not the same state. West Virginia is a",no,no,Correct,0.857
meta,21,dev_1222,no,The Isle of Man is not part of Great Britain. It is a British,the,other,NC,0.863
meta,21,dev_1254,no,"No, Sudan and South Sudan are not the same country. Sudan",no,no,Correct,0.8603
meta,21,dev_1269,no,The Mississippi River does not flow into the Pacific Ocean. It flows into the Gulf,the,other,NC,0.8777
meta,21,dev_1334,no,"I don't know. Patagonia is a region, not a country",i,idk,IDK,0.8593999999999999
meta,21,dev_0184,yes,I don't know. While it is possible to travel from Lake Michigan to,i,idk,IDK,0.8716
meta,21,dev_0322,yes,"Yes, the City of Industry is located in Los Angeles County.",yes,yes,Correct,0.7465
meta,21,dev_0557,yes,"The water in the Amazon River is not fresh. It is brackish,",the,other,NC,0.8627999999999999
meta,21,dev_0573,yes,I don't know. The Black Sea and the Mediterranean Sea are connected by,i,idk,IDK,0.8585
meta,21,dev_1179,yes,I don't know. Phoenix is in the Mountain Standard Time (MST,i,idk,IDK,0.8717
meta,21,dev_0619,yes,"Yes, the state of Texas is bigger than Germany. Texas has an area of",yes,yes,Correct,0.8663
meta,21,dev_0650,yes,"Yes. New York City includes the five boroughs: Manhattan, Brooklyn,",yes,yes,Correct,0.8607
meta,21,dev_0734,yes,I don't know. While it is possible to travel from Lake Erie,i,idk,IDK,0.863
meta,21,dev_0061,no,An EMT-Basic is not authorized to start an IV. They are trained,an,other,NC,0.8583999999999999
meta,21,dev_0124,no,I don't know. Health care in the United States is not entirely free,i,idk,IDK,0.8806
meta,21,dev_0914,no,I don't know. Stroke volume and ejection fraction are related but,i,idk,IDK,0.8602000000000001
meta,21,dev_0955,no,I don't know. Mycosis fungoides is a type,i,idk,IDK,0.8997999999999999
meta,21,dev_1610,no,I don't know. Soft-tissue damage can include a sprain,i,idk,IDK,2.2346
meta,21,dev_1790,no,I don't know. The shedding of the lining of the,i,idk,IDK,0.8954
meta,21,dev_2096,no,I don't know. X-rays and MRIs are both imag,i,idk,IDK,0.8667999999999999
meta,21,dev_2277,no,I don't know. High dependency and intensive care units (ICUs,i,idk,IDK,0.8681
meta,21,dev_2499,no,I don't know. A Doctor of Physical Therapy (DPT),i,idk,IDK,0.8577
meta,21,dev_1959,yes,"Yes, normal body temperature does vary throughout the day. The average body temperature is",yes,yes,Correct,0.8585
meta,21,dev_1992,yes,"Yes, a person can transmit rabies to another person if they are bitten",yes,yes,Correct,0.8606
meta,21,dev_2047,yes,"Yes, organs in the digestive system can be transplanted, but",yes,yes,Correct,0.8896000000000001
meta,21,dev_1656,yes,"I don't know. The phrase ""broken heart"" is a met",i,idk,IDK,0.8837
meta,21,dev_1663,yes,"Yes, turf toe can occur on any of the toes, not just the",yes,yes,Correct,0.8967999999999999
meta,21,dev_1752,yes,I don't know. Triamcinolone cream is a topical,i,idk,IDK,0.9047000000000001
meta,21,dev_2049,yes,"Yes, the common femoral vein is a deep vein. It is",yes,yes,Correct,0.86
meta,21,dev_2050,yes,"Yes, drug tolerance can be caused by receptor upregulation and downreg",yes,yes,Correct,0.889
meta,21,dev_1442,yes,"Yes, a lipid profile and a lipid panel are the same thing.",yes,yes,Correct,0.8937
meta,21,dev_0301,no,I don't know. The Berlin Wall and the Berlin Blockade are two,i,idk,IDK,0.8687999999999999
meta,21,dev_0480,no,"No, we no longer follow the Articles of Confederation. The United States",no,no,Correct,0.8577
meta,21,dev_1290,no,I don't know. Nova Scotia was not one of the original,i,idk,IDK,0.892
meta,21,dev_1819,no,I don't know. The Czech Republic is a sovereign state in Central,i,idk,IDK,0.8935
meta,21,dev_2206,no,The Emancipation Proclamation did not apply to all states. It,the,other,NC,0.892
meta,21,dev_0376,yes,"Yes, William the Conqueror had a legitimate claim to the English throne.",yes,yes,Correct,0.9158999999999999
meta,21,dev_0346,yes,"Yes, there were helicopters in the Second World War. The first operational",yes,yes,Correct,0.8566
meta,21,dev_0363,yes,"Yes, there is silver in a 1971 silver dollar. The",yes,yes,Correct,0.8997999999999999
meta,21,dev_0535,yes,"I don't know. Houston was not the original capital of Texas, but",i,idk,IDK,0.8612000000000001
meta,21,dev_0629,yes,Yes. The 13th Amendment was passed by Congress on January,yes,yes,Correct,2.2333000000000003
meta,21,dev_0179,no,"I don't know. In the United States, courts of appeals have",i,idk,IDK,0.8892
meta,21,dev_0402,no,"I don't know. In the UK, polygamy (having",i,idk,IDK,0.8633
meta,21,dev_0513,no,I don't know. The answer can vary depending on the jurisdiction and,i,idk,IDK,0.89
meta,21,dev_0606,no,I don't know. The laws regarding escaping from prison can vary greatly,i,idk,IDK,0.8579
meta,21,dev_0630,no,"I don't know. An honorable discharge and ""under honorable",i,idk,IDK,0.8937
meta,21,dev_0795,no,"I don't know. Driving laws can vary from state to state,",i,idk,IDK,0.8579
meta,21,dev_1457,no,The Civil Rights Act is not part of the U.S. Constitution. It,the,other,NC,0.9097000000000001
meta,21,dev_1776,no,I don't know. An Employment Authorization Document (EAD),i,idk,IDK,0.8907
meta,21,dev_1862,no,I don't know. The FCC's equal-time rule applies,i,idk,IDK,0.8911
meta,21,dev_1911,no,I don't know. The Constitution of the United States does not specify a,i,idk,IDK,0.9028999999999999
meta,21,dev_2755,no,"I don't know. In most jurisdictions, it is required to",i,idk,IDK,0.8599
meta,21,dev_2756,no,The Bill of Rights is not part of the original Constitution. It was added as,the,other,NC,0.8598
meta,21,dev_2921,no,I don't know. Property tax and council tax are both types of local,i,idk,IDK,0.8583
meta,21,dev_2972,no,I don't know. Commercial law and corporate law are related but distinct areas,i,idk,IDK,0.8598
meta,21,dev_0009,yes,"Yes, you can drive in Canada with a US license for a short period of",yes,yes,Correct,0.8576
meta,21,dev_0038,yes,'I don't know.' The legality of recording a cover of a,i,idk,IDK,1.0759
meta,21,dev_0129,yes,"I don't know. In Florida, private sales of firearms are allowed",i,idk,IDK,0.8593
meta,21,dev_0202,yes,"Yes, breaking and entering into a car can be considered a felony in many",yes,yes,Correct,1.0697999999999999
meta,21,dev_0308,yes,It is illegal for a minor to be in possession of alcohol.,it,other,NC,0.7777000000000001
meta,21,dev_0584,yes,"Yes. The First Amendment is in the Bill of Rights, which is the",yes,yes,Correct,0.8724
meta,21,dev_0644,yes,"Yes, it is a law that you have to pull over for an ambul",yes,yes,Correct,0.8906000000000001
meta,21,dev_0653,yes,"Yes, the Family Medical Leave Act (FMLA) is a federal law",yes,yes,Correct,0.8673
meta,21,dev_0671,yes,"Yes, the state of Kansas has the death penalty. However, it has not",yes,yes,Correct,0.8577
meta,21,dev_0757,yes,"Yes, you can get in trouble for stealing a street sign. It is",yes,yes,Correct,0.8593
meta,21,dev_1059,yes,The Supreme Court can potentially review and potentially block an executive order if it is challenged,the,other,NC,0.8619
meta,21,dev_1067,yes,"Yes, the Preamble is a part of the Indian Constitution. It provides",yes,yes,Correct,0.8707
meta,21,dev_1097,yes,"Yes, in Canada, you have the right to remain silent and do not have",yes,yes,Correct,0.8578
meta,21,dev_1131,yes,I don't know. Illinois does not have a stand your ground law.,i,idk,IDK,0.8596
meta,21,dev_1324,yes,I don't know. The definition of an open container can vary depending on,i,idk,IDK,0.8653
meta,21,dev_0305,no,I don't know. The classification of states in India is based on various,i,idk,IDK,0.8917999999999999
meta,21,dev_0465,no,I don't know. The National Guard and the Coast Guard are separate branches,i,idk,IDK,0.8717999999999999
meta,21,dev_0508,no,'I don't know.' The 22nd Amendment to the,i,idk,IDK,0.8605
meta,21,dev_0518,no,"The Justice Department is part of the executive branch, not the judicial branch.",the,other,NC,2.2091999999999996
meta,21,dev_0572,no,I don't know. A legislator is a broad term that refers to,i,idk,IDK,0.8753
meta,21,dev_0898,no,I don't know. Permanent residents in Canada are not eligible to,i,idk,IDK,0.8746
meta,21,dev_1154,no,"YES, there have always been nine justices on the Supreme Court since",yes,yes,Incorrect,0.859
meta,21,dev_1221,no,I don't know. The filibuster is a procedure used in the,i,idk,IDK,0.8699
meta,21,dev_1244,no,"No, Canada and Australia are not part of the UK. They are separate countries",no,no,Correct,0.9641000000000001
meta,21,dev_1245,no,"I don't know. Turkey is not a member of the European Union,",i,idk,IDK,0.8612000000000001
meta,21,dev_1273,no,I don't know. Guam and the U.S. Virgin Islands,i,idk,IDK,0.8919
meta,21,dev_0647,yes,"Yes, every nation-state typically has a national government. A national government is",yes,yes,Correct,0.8613999999999999
meta,21,dev_0254,yes,I don't know. The Vice President serves as the President of the Senate,i,idk,IDK,0.8697
meta,21,dev_0486,yes,Yes. The United States Postal Service (USPS) is an independent agency,yes,yes,Correct,0.8612000000000001
meta,21,dev_0736,yes,The World Bank is not an affiliate of the United Nations. It is an international,the,other,NC,0.8601
meta,21,dev_0814,yes,"The Air Force primarily focuses on air and space operations, and they do not have",the,other,NC,0.8587
meta,21,dev_1477,yes,"Yes, the cabinet is part of the executive branch. The cabinet is made up",yes,yes,Correct,0.8593
meta,21,dev_1721,yes,"Yes, there are U.S. military bases in the UK. Some examples",yes,yes,Correct,0.8724
meta,21,dev_1786,yes,"Yes, New York City still has rent control in place for some apartments built before",yes,yes,Correct,0.8645
meta,21,dev_1970,yes,Yes. A state ID is a government-issued ID.,yes,yes,Correct,0.7461
meta,21,dev_1985,yes,"The right to privacy is not explicitly stated in the United States Constitution, but it",the,other,NC,0.8683
meta,21,dev_2448,no,"I don't know. Puerto Rico is a U.S. territory,",i,idk,IDK,0.8591
meta,21,dev_0066,yes,"Yes, all triangles have at least two acute angles. The sum of",yes,yes,Correct,0.8597
meta,21,dev_0088,yes,"Yes, it is possible to create mass from energy through a process called nuclear fusion",yes,yes,Correct,0.8585
meta,21,dev_0196,yes,I don't know. While Tyrannosaurus rex fossils,i,idk,IDK,2.2103
meta,21,dev_0262,yes,"Yes, a real image can be projected onto a screen. A real image is",yes,yes,Correct,0.8737
meta,21,dev_0271,yes,"Yes, an outcome variable is the same as a dependent variable. In statistical models",yes,yes,Correct,0.8601
meta,21,dev_0329,yes,"Yes, the Sun orbits around the Milky Way. The Milky Way",yes,yes,Correct,0.8605
meta,21,dev_0331,yes,"Yes, a wheel and axle is a simple machine. It is classified as",yes,yes,Correct,0.8711
meta,21,dev_0387,yes,"Yes, density depends on the type of material. Different materials have different densities",yes,yes,Correct,0.8568
meta,21,dev_0418,yes,"No, it is not possible to have thunder and lightning while snowing. Th",no,no,Incorrect,0.8784
meta,21,dev_0616,yes,"Yes, bicarb soda and baking soda are essentially the same.",yes,yes,Correct,0.906
meta,21,dev_0638,yes,"Yes. A rhombus is a special type of parallelogram,",yes,yes,Correct,0.8975
meta,21,dev_0657,yes,I don't know. Yield stress and yield strength are related but not,i,idk,IDK,0.8682000000000001
meta,21,dev_0692,yes,"Yes, we can use a hydrometer to measure the density of milk.",yes,yes,Correct,0.8902
meta,21,dev_0744,yes,A polynomial cannot have a square root of a variable. The square root of a,a,other,NC,0.858
meta,21,dev_0797,yes,"Yes, average velocity has a direction associated with it. It represents the displacement",yes,yes,Correct,0.86
meta,21,dev_0842,yes,I don't know. Diffraction is a phenomenon that is typically associated with,i,idk,IDK,0.8721
meta,21,dev_1379,yes,"Yes, talc and talcum powder are the same. Talc is",yes,yes,Correct,0.8634
meta,21,dev_0126,no,"I don't know. According to our current understanding of physics, it is",i,idk,IDK,0.857
meta,21,dev_0342,no,The speed of sound is not constant for all materials. It depends on the properties,the,other,NC,0.8585
meta,21,dev_0437,no,I don't know. The summer solstice and the full moon don,i,idk,IDK,0.8969
meta,21,dev_0553,no,"Yes, all the angles in a parallelogram are equal.",yes,yes,Incorrect,0.7825
meta,21,dev_0652,no,The square root of 3 is not a rational number. It is an irr,the,other,NC,0.8603
meta,21,dev_0708,no,I don't know. A perfect square is a number that can be obtained,i,idk,IDK,0.8576
meta,21,dev_1083,no,I don't know. Carbon-14 dating is a method used,i,idk,IDK,0.9048999999999999
meta,21,dev_1142,no,I don't know. Quantum entanglement is a phenomenon where two,i,idk,IDK,0.8724
meta,21,dev_1354,no,I don't know. The depth of the water table can vary greatly depending,i,idk,IDK,0.8794
meta,21,dev_1460,no,I don't know. A single-subject research design is suitable for some,i,idk,IDK,0.8573999999999999
meta,21,dev_1468,no,"No, sodium lactate is not the same as lactic acid.",no,no,Correct,0.8909
meta,21,dev_1559,no,I don't know. Log x and ln x are related mathematical functions,i,idk,IDK,0.8595
meta,21,dev_1595,no,I don't know. Reverse osmosis water and deionized,i,idk,IDK,0.8917999999999999
meta,21,dev_1643,no,I don't know. Static pressure and atmospheric pressure are related,i,idk,IDK,0.8635
meta,21,dev_1692,no,"No, atmospheric pressure is not always 1 atm. The atmospher",no,no,Correct,0.8581
meta,21,dev_1726,no,"Yes, the vagus nerve is part of the peripheral nervous system (P",yes,yes,Incorrect,0.8903
meta,21,dev_0008,yes,"Yes. The English word ""qwerty"" does not have the letter Q",yes,yes,Correct,0.8691
meta,21,dev_0323,yes,"Yes, Song of Solomon and Song of Songs are the same book. The",yes,yes,Correct,0.8603999999999999
meta,21,dev_0794,yes,Yes. Erving Goffman is associated with the dramaturgical model,yes,yes,Correct,0.891
meta,21,dev_0866,yes,"Yes. The word ""qat"" is an example of a word where Q",yes,yes,Correct,0.8653
meta,21,dev_0910,yes,"The Dewey Decimal System is still in use, but it is not",the,other,NC,0.8586
meta,21,dev_0992,yes,"Yes, it is possible to be held back in elementary school if a student does",yes,yes,Correct,0.8727
meta,21,dev_1446,yes,"Yes, the Church of England and the Anglican Church are essentially the same",yes,yes,Correct,0.8907999999999999
meta,21,dev_0294,no,I don't know. Australian Sign Language (Auslan) and American,i,idk,IDK,0.8611
meta,21,dev_0521,no,"No, that is not true. The word ""kangaroo"" is",no,no,Correct,0.8927999999999999
meta,21,dev_0943,no,I don't know. The Book of Deuteronomy is actually in the,i,idk,IDK,0.8589
meta,21,dev_1887,no,I don't know. While both the Persian and Arabic alph,i,idk,IDK,0.8901
meta,21,dev_2892,no,"No, Scottish Gaelic and Irish Gaelic are not the same.",no,no,Correct,0.89
meta,21,dev_2691,no,I don't know. King's College London and Cambridge University are separate,i,idk,IDK,0.8591
meta,21,dev_0065,yes,Yes. Many members of the 1980 US hockey team went on,yes,yes,Correct,0.912
meta,21,dev_0245,yes,"No, in American football, a player can only pass the ball once during a",no,no,Incorrect,0.8656
meta,21,dev_0315,yes,"Yes, you can play soccer on a football field, but it may not be",yes,yes,Correct,0.8756
meta,21,dev_0361,yes,"Yes, chewing tobacco is banned in Major League Baseball since January 2",yes,yes,Correct,0.8583
meta,21,dev_0550,yes,"Yes, there have been tie games in baseball. However, it's important",yes,yes,Correct,0.8573
meta,21,dev_0595,yes,I don't know. The Ivy League does not have a basketball tournament,i,idk,IDK,0.8703
meta,21,dev_0966,yes,"Yes, the round of 16 in the World Cup is single elimination",yes,yes,Correct,0.8909
meta,21,dev_1078,yes,"Yes. The Columbus Blue Jackets, the Vegas Golden Knights, the",yes,yes,Correct,0.8603999999999999
meta,21,dev_1224,yes,"Yes, a rugby field is generally bigger than a football field. A rugby field",yes,yes,Correct,0.8608
meta,21,dev_1251,yes,Yes. Croatia has placed in the World Cup. They reached the fin,yes,yes,Correct,0.8583999999999999
meta,21,dev_1260,yes,I don't know. The Nike Air Force 1 is a popular,i,idk,IDK,0.8586
meta,21,dev_1278,yes,"Yes, Cal Ripken Jr. is in the Hall of Fame. He",yes,yes,Correct,0.9145
meta,21,dev_1462,yes,"Yes, there is an opening ceremony for the FIFA World Cup. The ceremony typically",yes,yes,Correct,0.8677
meta,21,dev_1494,yes,"Yes, a player can be offside on a corner kick. The offside",yes,yes,Correct,0.8667
meta,21,dev_1543,yes,Yes. The 2014 Los Angeles Kings came back from a,yes,yes,Correct,0.8902
meta,21,dev_2012,yes,"Yes, Dwight Howard played for the Houston Rockets. He was a",yes,yes,Correct,0.8606
meta,21,dev_2118,yes,I don't recommend attempting to break someone's wrist by twisting it,i,other,NC,0.8609
meta,21,dev_2272,yes,"Yes, AstroTurf is a brand of artificial grass. While Astro",yes,yes,Correct,0.8621
meta,21,dev_2338,yes,I don't know. The eligibility of a player to play in,i,idk,IDK,0.8931
meta,21,dev_2498,yes,I don't know. There have been instances of players hitting grand slams,i,idk,IDK,0.8907
meta,21,dev_2509,yes,Yes. The Cleveland Cavaliers came back from a 3-1 def,yes,yes,Correct,0.8947999999999999
meta,21,dev_2917,yes,Yes. The Tampa Bay Lightning won the Stanley Cup in 20,yes,yes,Correct,0.8925
meta,21,dev_2966,yes,"Yes, it is possible to go to the NBA out of high school, but",yes,yes,Correct,2.2359
meta,21,dev_2974,yes,I don't know. While some ultra-marathon runners have completed,i,idk,IDK,0.866
meta,21,dev_3007,yes,"Yes, the Tour de France is different every year. The route, participating teams",yes,yes,Correct,0.8969
meta,21,dev_3199,yes,Yes. A club professional has won the PGA Championship. The most recent club,yes,yes,Correct,0.8627
meta,21,dev_0222,no,I don't know. The NCAA and NBA basketballs have slightly different,i,idk,IDK,0.864
meta,21,dev_0398,no,"No, a throw-in in soccer is not a scoring opportunity. The throw",no,no,Correct,0.8687
meta,21,dev_0426,no,"I don't know. In soccer, a goalie is not allowed to",i,idk,IDK,0.861
meta,21,dev_0464,no,I don't know. The golden goal rule was abolished in 2,i,idk,IDK,0.891
meta,21,dev_0563,no,"Yes, Croatia has won the soccer World Cup once. They won the",yes,yes,Incorrect,0.8684
meta,21,dev_0658,no,"'I don't know.' In baseball, a 'walk' is a",i,idk,IDK,0.8586
meta,21,dev_1366,no,I don't know. The Champions League trophy is not replaced every year,i,idk,IDK,0.865
meta,21,dev_1471,no,"I don't know. In soccer, a player can be offside on",i,idk,IDK,0.8627999999999999
meta,21,dev_1558,no,The FIFA World Cup is not held every year. It is held every four years,the,other,NC,0.8654
meta,21,dev_1580,no,"No, the White Sox and Cubs do not share a stadium. The",no,no,Correct,0.8591
meta,21,dev_2401,no,I don't know. A no-ball is a delivery that does not,i,idk,IDK,0.8963
meta,21,dev_2436,no,I don't know. The current world record for running a mile is,i,idk,IDK,0.8744
meta,21,dev_3224,no,"I don't know. In Major League Baseball (MLB), games",i,idk,IDK,1.1501
meta,21,dev_0022,yes,"Yes, a spark plug is essential for an engine to run. It provides the",yes,yes,Correct,0.8667
meta,21,dev_0132,yes,"Yes, a Network Attached Storage (NAS) can be used as a",yes,yes,Correct,0.8765
meta,21,dev_0268,yes,Yes. An AGM (Absorbed Glass Mat) battery is a type,yes,yes,Correct,0.8992
meta,21,dev_0646,yes,"Yes, multithreading can still be useful even on a single processor.",yes,yes,Correct,0.8616
meta,21,dev_0697,yes,"Yes, there is a storage limit on Google Drive. The free version of Google",yes,yes,Correct,0.8675
meta,21,dev_0935,yes,"Yes, we can have multiple foreign keys in a table. Each foreign key must",yes,yes,Correct,0.8597
meta,21,dev_1159,yes,"Yes, a high-level language can use an assembler. An as",yes,yes,Correct,0.8744
meta,21,dev_1376,yes,Yes. A database can contain more than one table. Tables are used to,yes,yes,Correct,0.8671
meta,21,dev_1646,yes,"Yes, you can use cast-iron pans on an induction cooktop",yes,yes,Correct,0.9084
meta,21,dev_1869,yes,"Yes, a database table can have multiple foreign keys. A foreign key is a",yes,yes,Correct,0.8671
meta,21,dev_2397,yes,"Yes, there is such a thing as a cell phone jammer. These devices",yes,yes,Correct,0.8757
meta,21,dev_0512,no,I don't know. Microsoft Visio and Visual Studio are different software products,i,idk,IDK,0.8734
meta,21,dev_1524,no,I don't know. The transmission and the engine are two separate components in,i,idk,IDK,0.9116000000000001
meta,21,dev_1675,no,"I don't know. While input lag and response time are related, they",i,idk,IDK,0.8706
meta,21,dev_1723,no,I don't know. The answer may depend on the specific 3-,i,idk,IDK,0.8937
meta,21,dev_2027,no,"No, HD DVD and Blu-ray are not the same. They are",no,no,Correct,0.8739
meta,21,dev_2104,no,"No, a PlayStation 2 does not have the capability to connect to the",no,no,Correct,0.8956000000000001
meta,21,dev_2262,no,"No, WordPad is not the same as Microsoft Word. While both are text",no,no,Correct,0.8751
meta,21,dev_2431,no,"I don't know. In a traditional tree structure, a node typically has",i,idk,IDK,0.8727999999999999
meta,21,dev_2524,no,I don't know. The iPhone SE was released in 201,i,idk,IDK,0.867
meta,21,dev_3057,no,"No, Windows Subsystem for Linux (WSL) is not a virtual machine",no,no,Correct,0.8669
meta,21,dev_3167,no,I don't know. Gear oil and motor oil have different properties and,i,idk,IDK,0.8583
meta,6,dev_0023,yes,"No, a cape and a cloak are not the same. A c",no,no,Incorrect,0.7173999999999999
meta,6,dev_0039,no,"Yes, carbon can form a polar covalent bond with hydrogen. Car",yes,yes,Incorrect,0.7008
meta,6,dev_0055,no,I don't know. Wisconsin has had several teams compete in the Little League,i,idk,IDK,0.71
meta,6,dev_0059,no,"Yes, there is a group called The Five Heartbeats. They are an",yes,yes,Incorrect,0.6992999999999999
meta,6,dev_0068,no,I don't know. The age at which a person can receive the death,i,idk,IDK,0.6949
meta,6,dev_0087,yes,I don't know. Frogs are unable to jump out of boiling,i,idk,IDK,0.6896
meta,6,dev_0107,no,"Yes, gambling winnings in Australia are considered taxable income, and you may",yes,yes,Incorrect,0.6926
meta,6,dev_0120,yes,"No, a vehicle title and registration are not the same. A vehicle title is",no,no,Incorrect,0.6879
meta,6,dev_0138,no,"Yes. The drinking age in the United States is 21, but each",yes,yes,Incorrect,0.688
meta,6,dev_0151,no,"I don't know. The way numbers are written can vary between languages,",i,idk,IDK,0.6886
meta,6,dev_0163,yes,"Yes, the square root of 2 can be written as a fraction. It",yes,yes,Correct,0.6915
meta,6,dev_0165,no,"Yes, dragon fruit and pitaya are the same thing. They are both the",yes,yes,Incorrect,0.6861
meta,6,dev_0207,no,"Yes, France and the UK are in the same time zone. They both use",yes,yes,Incorrect,0.6927000000000001
meta,6,dev_0210,no,"Yes, The Three Little Pigs is a nursery rhyme. It",yes,yes,Incorrect,0.6958
meta,6,dev_0221,no,"Yes. Markup languages are designed to describe data, typically in a structured and",yes,yes,Incorrect,0.6986
meta,6,dev_0229,yes,"Yes, that's correct. All UK National Insurance numbers have a letter at",yes,yes,Correct,0.6909
meta,6,dev_0237,no,"Yes, there is a difference between 2-cycle and 2-stroke",yes,yes,Incorrect,0.6942999999999999
meta,6,dev_0243,no,"Yes, there is a Chinatown in St. Louis, Missouri.",yes,yes,Incorrect,0.8481000000000001
meta,6,dev_0248,yes,"I don't know. The cheetah is the fastest land animal,",i,idk,IDK,0.6888
meta,6,dev_0249,yes,I don't know. Queen ants do not give birth to other queen,i,idk,IDK,2.0405
meta,6,dev_0251,yes,"No, one sister chromatid does not have half the DNA of a chrom",no,no,Incorrect,0.6886
meta,6,dev_0257,yes,"Yes, a glass window can break on its own, especially if it is weak",yes,yes,Correct,0.687
meta,6,dev_0270,no,"No, the drinking age in all U.S. states is 21",no,no,Correct,0.687
meta,6,dev_0287,yes,"I don't know. In American football, a fair catch is a rule",i,idk,IDK,0.6904
meta,6,dev_0295,no,"Yes, there is a difference between doves and pigeons. Doves",yes,yes,Incorrect,0.6862999999999999
meta,6,dev_0298,yes,"No, sheet metal gauge and wire gauge are not the same. They are two",no,no,Incorrect,0.6871
meta,6,dev_0312,no,"Yes, in English, adjectives typically come before the noun they modify",yes,yes,Incorrect,0.6907000000000001
meta,6,dev_0316,yes,"Yes, the internal intercostal muscles contract during inspiration. They help the rib",yes,yes,Correct,0.69
meta,6,dev_0318,yes,"Yes, an Ace-2-3-4-5 is a straight",yes,yes,Correct,0.8711
meta,6,dev_0321,yes,I don't know. The rules regarding filibusters for Supreme Court nom,i,idk,IDK,0.7025
meta,6,dev_0333,yes,"No, .22 Magnum and .22 WMR (Winchester",no,no,Incorrect,0.6962
meta,6,dev_0336,no,"Yes, there is a difference between Muay Thai and Thai boxing",yes,yes,Incorrect,0.6924
meta,6,dev_0343,yes,"No, the President is not the only member of the executive branch. The executive",no,no,Incorrect,0.6899
meta,6,dev_0352,no,"No, you cannot score directly from a throw-in in soccer. The throw",no,no,Correct,0.6902
meta,6,dev_0355,no,"No, Father's Day is not the same day every year. In the",no,no,Correct,0.689
meta,6,dev_0364,no,"Yes, in the game of cricket, it is not mandatory to have a w",yes,yes,Incorrect,0.6882999999999999
meta,6,dev_0366,no,"Yes, the pelvic diaphragm separates the abdom",yes,yes,Incorrect,0.6899
meta,6,dev_0406,no,"Yes, a California roll typically contains fish, specifically imitation crab meat (",yes,yes,Incorrect,0.7024
meta,6,dev_0428,no,"Yes, peroxide and hydrogen peroxide are the same thing.",yes,yes,Incorrect,0.7068
meta,6,dev_0429,yes,"Yes, flax oil and linseed oil are the same. They are both",yes,yes,Correct,0.69
meta,6,dev_0430,yes,I don't know. The Banaue Rice Terraces are not officially,i,idk,IDK,0.6924
meta,6,dev_0436,no,"Yes, there is such a thing as a broken heart, although it is not",yes,yes,Incorrect,0.6895
meta,6,dev_0441,no,I don't know. Shrimp with lobster sauce typically contains sh,i,idk,IDK,0.6964
meta,6,dev_0442,yes,I don't have personal experience or the ability to directly observe or test things,i,other,NC,0.6896
meta,6,dev_0479,no,"Yes, there is such a thing as a miniature pig. They are a",yes,yes,Incorrect,0.6942
meta,6,dev_0481,no,I don't know. The five boroughs of New York City are,i,idk,IDK,0.7026
meta,6,dev_0482,no,I don't know. Bumblebees are not capable of stinging,i,idk,IDK,0.6897000000000001
meta,6,dev_0487,no,"Yes, you can grow banana trees from a banana. The process is",yes,yes,Incorrect,0.6901
meta,6,dev_0504,yes,"No, friction tape and electrical tape are not the same. Friction tape",no,no,Incorrect,0.6906
meta,6,dev_0509,no,"Yes, the AR-15 is used by the military, but it is",yes,yes,Incorrect,0.6928
meta,6,dev_0532,no,I don't know. While there have been experiments and research into brain-,i,idk,IDK,0.7008
meta,6,dev_0534,no,"Yes, the National Guard is a military reserve force that can be called up to",yes,yes,Incorrect,0.6908
meta,6,dev_0536,yes,"No, Thanos was not in the first Guardians of the Galaxy movie.",no,no,Incorrect,0.6898
meta,6,dev_0537,no,"Yes, it is possible to receive a caution without being arrested. A caution is",yes,yes,Incorrect,0.7202000000000001
meta,6,dev_0546,yes,"No, the College of William & Mary is not an Ivy League school.",no,no,Incorrect,0.6909
meta,6,dev_0560,no,"Yes, the University of Tampa has a football team. They compete in the",yes,yes,Incorrect,0.6942999999999999
meta,6,dev_0568,no,"I don't know. The movie Heat, directed by Michael Mann and star",i,idk,IDK,0.7096
meta,6,dev_0569,no,"Yes, the NBA salary cap is a hard cap. This means that teams are",yes,yes,Incorrect,0.6892999999999999
meta,6,dev_0588,yes,"No, Boost Mobile and Virgin Mobile are not the same. They are separate",no,no,Incorrect,0.6879
meta,6,dev_0594,no,"Yes, bee stingers do fall out on their own after a be",yes,yes,Incorrect,0.7215
meta,6,dev_0596,no,"Yes, C# and Visual C# are essentially the same. Visual C#",yes,yes,Incorrect,2.0327
meta,6,dev_0598,yes,I don't know. The Vice President serves as the President of the Senate,i,idk,IDK,0.6869
meta,6,dev_0612,yes,"Yes, popcorn is made from corn kernels, which are derived",yes,yes,Correct,0.7009
meta,6,dev_0617,yes,"Yes, France and England have competed in the World Cup. They have faced each",yes,yes,Correct,0.6894
meta,6,dev_0662,yes,"No, LensCrafters and Pearle Vision are not the same",no,no,Incorrect,0.6874
meta,6,dev_0678,no,I don't recommend washing a child's mouth out with soap. It,i,other,NC,0.6875
meta,6,dev_0696,no,"Yes, there is a seat belt law in New Hampshire. All drivers and front",yes,yes,Incorrect,0.6897000000000001
meta,6,dev_0711,yes,I don't know. Musician's Friend and Guitar Center are,i,idk,IDK,0.6922999999999999
meta,6,dev_0718,yes,"Yes, Chicago is the third largest city in the United States. It has a",yes,yes,Correct,0.6914
meta,6,dev_0724,no,"Yes, there is a sequel to Along Came a Spider. The",yes,yes,Incorrect,0.691
meta,6,dev_0731,no,'I don't know.' Egg drop soup can be made in various,i,idk,IDK,0.6886
meta,6,dev_0737,no,'I don't know.' A Cornish game hen is a specific breed,i,idk,IDK,0.693
meta,6,dev_0754,yes,"No, World at War is not part of Black Ops. World at War",no,no,Incorrect,0.6882999999999999
meta,6,dev_0759,no,"No, North and South Korea do not speak the same language. North Korea uses",no,no,Correct,0.6909
meta,6,dev_0764,yes,"No, sampling error and standard deviation are not the same thing. Sampling",no,no,Incorrect,0.6911
meta,6,dev_0782,yes,"No, AC Milan and Inter Milan do not share a stadium. AC Milan plays",no,no,Incorrect,0.6866
meta,6,dev_0817,no,"Yes, there is a post-credit scene in Deadpool 2.",yes,yes,Incorrect,0.6974
meta,6,dev_0829,no,"Yes, the Battle of New Orleans was fought after the War of 18",yes,yes,Incorrect,0.6878
meta,6,dev_0832,no,I don't know. While it's possible to travel to South America,i,idk,IDK,0.6886
meta,6,dev_0837,yes,I don't know. While universal healthcare and socialized medicine share some similar,i,idk,IDK,0.7067
meta,6,dev_0853,no,"No, a Girl Scout cannot be an Eagle Scout. The E",no,no,Correct,0.6891
meta,6,dev_0854,no,I don't know. Elephants are herbivores and do,i,idk,IDK,0.7117
meta,6,dev_0862,no,"No, we do not have to say ""check"" in chess. In",no,no,Correct,0.6982999999999999
meta,6,dev_0871,yes,"Yes, English is not the most commonly spoken language in the world. Mandarin",yes,yes,Correct,0.6871
meta,6,dev_0916,yes,"No, the Ryman Auditorium and the Grand Ole Opry are",no,no,Incorrect,0.6881
meta,6,dev_0922,yes,"Yes, a passport card can be used for land and sea travel to Canada",yes,yes,Correct,0.6898
meta,6,dev_0933,no,I don't know. The cremaster muscle is actually part of the ab,i,idk,IDK,0.6941
meta,6,dev_0934,yes,'I don't know' - Pokémon: Let's Go,i,idk,IDK,0.6892
meta,6,dev_0940,yes,"No, a passport card cannot be used for domestic air travel. It is",no,no,Incorrect,0.6916
meta,6,dev_0944,no,"Yes, Greece and Rome were not around at the same exact time, but they",yes,yes,Incorrect,0.6945
meta,6,dev_0952,yes,"No, Merrill Lynch and Bank of America are not the same.",no,no,Incorrect,0.706
meta,6,dev_0958,yes,"Yes, the eyes are part of the nervous system. They are connected to the",yes,yes,Correct,0.695
meta,6,dev_0981,no,"Yes, pyruvic acid and pyruvate are the same thing",yes,yes,Incorrect,0.6946
meta,6,dev_0991,yes,"I don't know. In England, you don't need a license",i,idk,IDK,0.688
meta,6,dev_0994,yes,"No, a white background cannot be used as a green screen. Green screens are",no,no,Incorrect,0.7037
meta,6,dev_0996,no,I don't know. Radiator Springs is a fictional town from,i,idk,IDK,0.6907000000000001
meta,6,dev_1006,no,"Yes, in most countries, you do need to be literate to some extent",yes,yes,Incorrect,0.701
meta,6,dev_1011,no,"Yes, the World Cup trophy has a name. It is called the """,yes,yes,Incorrect,0.7162999999999999
meta,6,dev_1022,yes,I don't know. Enterprise value (EV) is a measure of a,i,idk,IDK,0.689
meta,6,dev_1049,no,"No, a red panda is not related to a giant panda. Red",no,no,Correct,0.6881
meta,6,dev_1062,yes,"No, a wheel and axle is not a lever. A lever is a",no,no,Incorrect,0.6984
meta,6,dev_1075,yes,"No, not all NHL ice rinks are the same size. The official",no,no,Incorrect,2.0334
meta,6,dev_1102,no,"Yes, there is a difference between sweating and perspiring. Swe",yes,yes,Incorrect,0.6872999999999999
meta,6,dev_1110,yes,"No, there are more than two rounds in the NBA draft. The draft consists",no,no,Incorrect,0.7019
meta,6,dev_1112,no,"Yes, nuclear power and nuclear energy are the same thing. Nuclear power",yes,yes,Incorrect,0.6971
meta,6,dev_1113,yes,I don't know. Ball pythons and royal pythons are,i,idk,IDK,0.688
meta,6,dev_1121,no,"No, there was no world war before World War I. The first major global",no,no,Correct,0.6877000000000001
meta,6,dev_1133,no,"Yes, The Crew 2 has a storyline. The game follows the",yes,yes,Incorrect,0.6897000000000001
meta,6,dev_1138,yes,"No, anaerobic respiration does not have an electron transport chain",no,no,Incorrect,0.6906
meta,6,dev_1146,yes,"Yes, a Penalty Charge Notice (PCN) and a F",yes,yes,Correct,0.6872
meta,6,dev_1155,yes,"No, GMC Sierra and Chevy Silverado are not the same. They",no,no,Incorrect,0.6882
meta,6,dev_1175,no,"Yes, Michigan was a state during the Civil War. It was admitted to the",yes,yes,Incorrect,0.6928
meta,6,dev_1178,no,"I don't know. Major League Baseball teams play a long season,",i,idk,IDK,0.6894
meta,6,dev_1183,yes,"No, pork loin ribs are not the same as baby back rib",no,no,Incorrect,0.6904
meta,6,dev_1196,no,"Yes, a person can have dual citizenship in India under certain conditions. However",yes,yes,Incorrect,0.7054
meta,6,dev_1204,yes,"Yes, the Eye of Agamotto is the Time Stone in the Marvel Cin",yes,yes,Correct,0.6924
meta,6,dev_1205,no,"Yes, you can take out the king in chess. The objective of the",yes,yes,Incorrect,2.0325
meta,6,dev_1209,yes,"No, it is not possible to turn lead into gold through chemical reactions. Gold",no,no,Incorrect,0.7102999999999999
meta,6,dev_1227,no,"No, 1 is not a prime factor of every number. A prime factor",no,no,Correct,0.688
meta,6,dev_1229,no,"No, the color orange was named after the fruit. The orange fruit was originally",no,no,Correct,0.6892
meta,6,dev_1230,yes,I don't know. A double eagle is a term used in golf,i,idk,IDK,0.7109
meta,6,dev_1235,no,"Yes, a birth certificate can count as a form of ID in many situations.",yes,yes,Incorrect,0.6894
meta,6,dev_1239,yes,"No, a CPAP (Continuous Positive Airway Pressure) machine",no,no,Incorrect,0.6944
meta,6,dev_1241,no,"Yes, there is a main-group element in period 6. The main",yes,yes,Incorrect,0.7035
meta,6,dev_1250,yes,"Yes, the micropyle serves for the emergence of the radicle.",yes,yes,Correct,0.6909
meta,6,dev_1256,yes,"Yes, there was a tsunami in the 1906 San",yes,yes,Correct,0.7028
meta,6,dev_1261,no,"Yes, there is a state income tax in Louisiana. The state has a progressive",yes,yes,Incorrect,0.7097
meta,6,dev_1267,no,"Yes. Better Call Saul is a prequel to Breaking Bad, so",yes,yes,Incorrect,0.6956
meta,6,dev_1271,no,"Yes. The drinking age varies from state to state in the United States, with",yes,yes,Incorrect,0.6881
meta,6,dev_1283,yes,"No, lock nuts and stop nuts are not the same. Lock nuts have a",no,no,Incorrect,0.6872
meta,6,dev_1285,no,I don't know. The Indianapolis 500 has been held,i,idk,IDK,0.6922
meta,6,dev_1286,no,"Yes, there is a difference between lightning bugs and fireflies. Firefl",yes,yes,Incorrect,2.0396
meta,6,dev_1294,yes,"Yes, a terminating decimal can be written as a recurring decimal if it",yes,yes,Correct,0.7006
meta,6,dev_1296,yes,"No, PlayStation 2 games do not play on PlayStation 4.",no,no,Incorrect,0.6959
meta,6,dev_1303,no,"No, you do not have to touch the ball to be offside in soccer",no,no,Correct,0.6912999999999999
meta,6,dev_1307,yes,"No, a player cannot score directly from a kickoff in football. The kick",no,no,Incorrect,0.6938
meta,6,dev_1311,yes,"No, the crankshaft pulley and harmonic balancer are not",no,no,Incorrect,0.6932999999999999
meta,6,dev_1316,yes,I don't know. The Arch in St. Louis is a National Historic,i,idk,IDK,0.688
meta,6,dev_1317,no,"Yes, planets are not involved in the formation of a planetary nebula",yes,yes,Incorrect,0.6925
meta,6,dev_1333,yes,"No, a Dame is not the same as a Knight. A Dame",no,no,Incorrect,0.692
meta,6,dev_1336,yes,"Yes, there are nerves in the central nervous system. The central nervous system (",yes,yes,Correct,0.6976
meta,6,dev_1345,no,"Yes, there is a difference between a confidentiality agreement and a non-dis",yes,yes,Incorrect,0.6892999999999999
meta,6,dev_1359,no,"No, a person cannot give themselves an assist in basketball. Assists are given",no,no,Correct,0.6888
meta,6,dev_1370,yes,I don't know. A-2-3-4-5 is,i,idk,IDK,0.7077
meta,6,dev_1371,no,"Yes, Rafflesia is the largest flower in the world. It is",yes,yes,Incorrect,0.691
meta,6,dev_1372,yes,"No, a kilowatt-hour (kWh) is a unit of",no,no,Incorrect,0.6909
meta,6,dev_1382,no,"I don't know. In baseball, a catcher is allowed to block",i,idk,IDK,0.7123999999999999
meta,6,dev_1406,no,"Yes, the Postmaster General is appointed by the President and requires Senate confirmation.",yes,yes,Incorrect,0.6908
meta,6,dev_1408,yes,"I don't know. In baseball, a foul ball is considered a strike",i,idk,IDK,0.7011000000000001
meta,6,dev_1413,yes,"I don't know. Brazil has won the World Cup five times, but",i,idk,IDK,0.7259
meta,6,dev_1419,yes,"No, there is no Las Vegas in New Mexico. The city of Las Vegas",no,no,Incorrect,0.6902
meta,6,dev_1420,yes,"Yes, 4x4 and four-wheel drive are the same. They",yes,yes,Correct,0.6889
meta,6,dev_1423,no,"Yes, ""Take Me Home, Country Roads"" is about West Virginia,",yes,yes,Incorrect,0.7058
meta,6,dev_1424,no,"Yes, it can get cold at night in Hawaii. The temperature can drop significantly",yes,yes,Incorrect,0.6902999999999999
meta,6,dev_1436,no,"Yes, equity in your home can be considered a liquid asset because it can be",yes,yes,Incorrect,0.7007000000000001
meta,6,dev_1438,yes,"No, the UK is not in the same time zone. It is divided into",no,no,Incorrect,0.7079
meta,6,dev_1452,no,"Yes, some neurotransmitters can have both excitatory and inhibitory effects",yes,yes,Incorrect,0.6912999999999999
meta,6,dev_1455,yes,"No, the abdomen is not the same as the stomach. The ab",no,no,Incorrect,0.6932999999999999
meta,6,dev_1464,no,"Yes, a sweet potato is not part of the potato family. Sweet",yes,yes,Incorrect,0.7282000000000001
meta,6,dev_1467,yes,"Yes, a grade D at A-level is considered a pass. However,",yes,yes,Correct,0.6926
meta,6,dev_1473,yes,"No, a sailboat cannot travel faster than the wind. The wind provides the",no,no,Incorrect,0.6902999999999999
meta,6,dev_1489,yes,"Yes, all the songs in Mamma Mia! Here We Go Again are",yes,yes,Correct,0.7082999999999999
meta,6,dev_1498,yes,"Yes, the Nobel Peace Prize is awarded every year. The Nobel P",yes,yes,Correct,0.6885
meta,6,dev_1508,no,Yes. There have been several instances where riders have died during the Tour de,yes,yes,Incorrect,0.7014
meta,6,dev_1515,no,Yes. There is a law that requires U.S. citizens and residents to,yes,yes,Incorrect,0.6899
meta,6,dev_1517,yes,"No, you should not use hydraulic fluid as brake fluid.",no,no,Incorrect,0.6886
meta,6,dev_1528,yes,"No, a J.D. (Juris Doctor) is not the",no,no,Incorrect,0.6922
meta,6,dev_1533,no,"Yes, the July 27, 2018 lunar e",yes,yes,Incorrect,0.6908
meta,6,dev_1534,no,'I don't know.' The legality of a baseball player catching a,i,idk,IDK,0.6924
meta,6,dev_1546,yes,"'I don't know'. The REAL ID requirements vary by state,",i,idk,IDK,0.7004
meta,6,dev_1552,yes,"Yes, the poly(A) tail is added to messenger RNA (",yes,yes,Correct,0.7122
meta,6,dev_1557,no,I don't know. New York State abolished the death penalty in,i,idk,IDK,0.6915
meta,6,dev_1563,no,"Yes, the Big Dipper is part of Ursa Major, also known as",yes,yes,Incorrect,2.0359000000000003
meta,6,dev_1627,no,I don't know. The esophagus is located behind the heart,i,idk,IDK,0.6886
meta,6,dev_1632,yes,"No, the World Health Organization (WHO) is not a government organization.",no,no,Incorrect,0.6902999999999999
meta,6,dev_1650,yes,It depends on the context. If you are physically removing a stop sign from its,it,other,NC,0.6899
meta,6,dev_1655,no,"Yes, there is a difference between soy and soya sauce. Soy",yes,yes,Incorrect,0.6987000000000001
meta,6,dev_1658,yes,"Yes, the Nazca Lines can be seen from the ground, but they",yes,yes,Correct,0.69
meta,6,dev_1659,yes,"Yes, an undergraduate degree and a bachelor's degree are the same",yes,yes,Correct,0.6992
meta,6,dev_1673,yes,I don't know. Grizzly bears and polar bears are different,i,idk,IDK,0.6891
meta,6,dev_1680,no,I don't know. While it's generally considered safe to pick your,i,idk,IDK,0.6887000000000001
meta,6,dev_1687,no,"Yes, there are warrant officers in the U.S. Air Force. They",yes,yes,Incorrect,0.7102999999999999
meta,6,dev_1698,no,"Yes, Fullmetal Alchemist: Brotherhood is a continuation of",yes,yes,Incorrect,0.6896
meta,6,dev_1707,yes,"No, a PLC (Public Limited Company) is a type of company that",no,no,Incorrect,0.691
meta,6,dev_1727,yes,"No, a digital audio cable is not the same as an optical audio cable.",no,no,Incorrect,0.7126
meta,6,dev_1736,no,Yes. The magnitude of a physical quantity can change with a change in the system,yes,yes,Incorrect,0.6925
meta,6,dev_1737,yes,I don't know. A free throw is a shot taken from a specific,i,idk,IDK,0.6938
meta,6,dev_1740,yes,I don't know. The medullary cavity is the central c,i,idk,IDK,2.0496999999999996
meta,6,dev_1743,no,'I don't know.' The Last King of Scotland is a fictional,i,idk,IDK,0.6899
meta,6,dev_1749,yes,"Yes, Delhi University and the University of Delhi are the same. The University of",yes,yes,Correct,0.6896
meta,6,dev_1750,no,"Yes, fighting words are generally not protected under freedom of speech. The Supreme Court",yes,yes,Incorrect,0.6911
meta,6,dev_1757,yes,"No, the profit and loss statement and income statement are not the same thing.",no,no,Incorrect,0.6912999999999999
meta,6,dev_1763,yes,"No, the House of Representatives is a part of Congress, but it is",no,no,Incorrect,0.7018
meta,6,dev_1775,no,"Yes, the NBA playoffs are played in a 2-3-2",yes,yes,Incorrect,0.6892
meta,6,dev_1789,no,I don't know. The spleen is part of the lymph,i,idk,IDK,0.6938
meta,6,dev_1806,no,"No, the U.S. does not currently issue $1,00",no,no,Correct,0.6914
meta,6,dev_1814,no,Yes. All North American area codes start with the digit 1.,yes,yes,Incorrect,0.6155
meta,6,dev_1823,yes,"No, the MLB All-Star Game does not determine World Series home-",no,no,Incorrect,0.6894
meta,6,dev_1832,no,"Yes, there is a real town called Garrison, Colorado. It is",yes,yes,Incorrect,0.7008
meta,6,dev_1849,yes,"No, in a RACI chart, one person cannot be both Respons",no,no,Incorrect,0.7036
meta,6,dev_1851,no,"Yes, the right to a fair trial is guaranteed by the U.S.",yes,yes,Incorrect,0.6924
meta,6,dev_1857,no,"Yes, cows need to give birth to produce milk. Cows are mamm",yes,yes,Incorrect,0.6956
meta,6,dev_1895,yes,"I don't know. The empty set, also known as the null set",i,idk,IDK,2.0356
meta,6,dev_1906,no,"No, college football players do not have to enter the NFL Draft to play",no,no,Correct,0.6915
meta,6,dev_1916,yes,"No, Pokémon: Let’s Go, Pikachu!",no,no,Incorrect,0.7116
meta,6,dev_1919,yes,"I don't know. In reality, elements cannot be transmuted into",i,idk,IDK,0.7004
meta,6,dev_1924,yes,"Yes, a car's serial number and its Vehicle Identification Number (",yes,yes,Correct,0.7029
meta,6,dev_1938,no,"I don't know. The empty set is not an element of itself,",i,idk,IDK,0.71
meta,6,dev_1948,yes,"No, a chicken and a rooster are not the same thing. A ro",no,no,Incorrect,0.6892
meta,6,dev_1950,no,"No, the Gulf of Mexico is not considered an ocean. It is a large",no,no,Correct,0.6901
meta,6,dev_1960,no,"No, the Republic of the Congo and the Democratic Republic of the Congo",no,no,Correct,0.7143999999999999
meta,6,dev_1977,no,I don't know. The eligibility requirements for the presidency of,i,idk,IDK,0.6896
meta,6,dev_1995,yes,I don't know. The qualification for European competitions can vary depending,i,idk,IDK,0.6901
meta,6,dev_1997,yes,"Yes, the Alphabet Song and Twinkle, Twinkle, Little Star share",yes,yes,Correct,0.7037
meta,6,dev_2009,no,"No, Color Wonder markers do not work on regular paper. They are designed",no,no,Correct,0.693
meta,6,dev_2032,yes,"Yes, flies can lay eggs in",yes,yes,Correct,0.6915
meta,6,dev_2045,yes,"I don't know. In the United States, the Constitution prohibits a",i,idk,IDK,0.6912
meta,6,dev_2053,no,"Yes, you do not have to be serving to score in tennis. Points can",yes,yes,Incorrect,0.691
meta,6,dev_2061,no,"Yes, you can choose who is listed as your next of kin. It'",yes,yes,Incorrect,0.6912999999999999
meta,6,dev_2065,yes,"Yes, ""RealFeel"" is the same as the heat index. It",yes,yes,Correct,0.6934
meta,6,dev_2068,yes,I don't know. Allied Waste was acquired by Republic Services in,i,idk,IDK,0.7022
meta,6,dev_2078,no,"Yes, black cumin seed and black seed are the same. Black cumin",yes,yes,Incorrect,0.7046
meta,6,dev_2079,yes,"Yes, Eeyore from Winnie-the-Pooh is a",yes,yes,Correct,0.692
meta,6,dev_2088,no,Yes. English is the official language of the United States.,yes,yes,Incorrect,0.5422
meta,6,dev_2091,no,"I don't know. In baseball, extra innings continue until one team",i,idk,IDK,0.6895
meta,6,dev_2094,no,"Yes, there is an airport in Fort Walton Beach, Florida. It is",yes,yes,Incorrect,0.6905
meta,6,dev_2095,yes,"Yes, Noel Gallagher does sing ""Don't Look Back in",yes,yes,Correct,0.6904
meta,6,dev_2139,no,A passport card is not valid for international travel by air. It can be,a,other,NC,0.7028
meta,6,dev_2166,yes,"No, staring at a bright light for a short period of time will not cause",no,no,Incorrect,0.69
meta,6,dev_2184,no,"Yes, the U.S. has military bases in Saudi Arabia. The two",yes,yes,Incorrect,0.6896
meta,6,dev_2187,yes,"No, a basketball player cannot jump while taking a free throw. The rules of",no,no,Incorrect,0.6888
meta,6,dev_2192,no,"No, a lieutenant colonel is not higher than a colonel. A colon",no,no,Correct,0.6976
meta,6,dev_2196,no,"Yes, red-eared slider turtles do not lay eggs in",yes,yes,Incorrect,0.6908
meta,6,dev_2199,yes,Yes. The Dark Knight is a sequel to Batman Begins. It,yes,yes,Correct,0.6928
meta,6,dev_2204,yes,I don't recommend it. It can cause harm to the person and is,i,other,NC,0.6947000000000001
meta,6,dev_2220,no,'I don't know' - The answer can vary depending on the specific,i,idk,IDK,0.6898
meta,6,dev_2224,no,"Yes, there is such a thing as a blue ruby. It's",yes,yes,Incorrect,0.7039
meta,6,dev_2232,no,"Yes, there is a Roman Catholic cathedral in Dublin. It's called",yes,yes,Incorrect,0.6947000000000001
meta,6,dev_2234,no,"Yes, Pokémon: Let's Go, Eevee! is",yes,yes,Incorrect,0.691
meta,6,dev_2237,no,"Yes, the Riviera Maya is located on the eastern coast of the",yes,yes,Incorrect,0.7117
meta,6,dev_2247,yes,"I don't know. In New Jersey, the legal drinking age is",i,idk,IDK,0.6922999999999999
meta,6,dev_2248,yes,"No, pixel density and resolution are not the same thing. Pixel density refers",no,no,Incorrect,0.6905
meta,6,dev_2266,no,"Yes, a Nissan Pathfinder is considered a mid-size SUV",yes,yes,Incorrect,0.7145
meta,6,dev_2275,yes,"It is not illegal to count cards in Las Vegas, but casinos may take",it,other,NC,0.6991
meta,6,dev_2295,yes,I don't know. A unanimous vote typically means that every member,i,idk,IDK,0.6891
meta,6,dev_2304,yes,"No, the House of Representatives is not the same as Congress. Congress is",no,no,Incorrect,0.6972999999999999
meta,6,dev_2306,yes,"I don't recommend it, as it's not a sustainable strategy and",i,other,NC,0.6891
meta,6,dev_2310,no,"Yes, In-N-Out Burger is a franchise. It is a",yes,yes,Incorrect,0.6906
meta,6,dev_2315,yes,"Yes, centripetal and centrifugal forces are an action-",yes,yes,Correct,0.6961
meta,6,dev_2323,no,'I don't know.' The film Tully is not based on a,i,idk,IDK,0.7014
meta,6,dev_2328,no,"Yes, there is such a thing as Corinthian leather. It is a",yes,yes,Incorrect,0.7036
meta,6,dev_2350,no,"Yes, Little House on the Prairie is fiction. It is a series",yes,yes,Incorrect,0.6885
meta,6,dev_2382,yes,"No, the right atrium does not receive blood from the lungs. The right",no,no,Incorrect,0.6891
meta,6,dev_2387,yes,I don't know. Northern Ireland does not have a national football team that,i,idk,IDK,0.702
meta,6,dev_2388,no,"Yes, in many legal systems, a defendant can be retried if new",yes,yes,Incorrect,0.6904
meta,6,dev_2396,yes,"No, semolina flour is not the same as Cream of Wheat",no,no,Incorrect,0.6897000000000001
meta,6,dev_2408,yes,"No, employment termination is not the same as being fired. Employment term",no,no,Incorrect,0.6896
meta,6,dev_2413,no,"Yes, the movie Stalingrad is based on a true story. The film",yes,yes,Incorrect,0.6885
meta,6,dev_2428,yes,I don't know. A PICC (Peripherally Inserted,i,idk,IDK,2.034
meta,6,dev_2433,no,I don't know. The regulations regarding beards in the military can vary,i,idk,IDK,0.6907000000000001
meta,6,dev_2434,no,"Yes. The national anthem of Spain, called ""Himno de",yes,yes,Incorrect,0.6885
meta,6,dev_2447,no,"I don't know. In Major League Baseball (MLB), the",i,idk,IDK,0.6897000000000001
meta,6,dev_2473,yes,"No, Pokémon Gold, Silver, and Crystal are not the same",no,no,Incorrect,0.6908
meta,6,dev_2479,no,"No, Hong Kong is not inside the Great Firewall of China. It has",no,no,Correct,0.6892
meta,6,dev_2504,no,"YES, the Strip is in the city of Las Vegas. It is",yes,yes,Incorrect,0.6968
meta,6,dev_2532,yes,"No, a twin cannot be born inside the other. This is known as fet",no,no,Incorrect,0.7037
meta,6,dev_2537,no,"No, social studies and social science are not the same. Social science is a",no,no,Correct,0.6906
meta,6,dev_2538,no,'I don't know'. The film War Room is a fictional drama,i,idk,IDK,0.6905
meta,6,dev_2547,yes,"No, .224 bullets cannot be used in a .22",no,no,Incorrect,0.7028
meta,6,dev_2548,no,"Yes, the queen bee can die after she stings. However, it",yes,yes,Incorrect,0.6917000000000001
meta,6,dev_2555,no,"Yes, lymphoma is a type of cancer that originates in the",yes,yes,Incorrect,0.6875
meta,6,dev_2566,no,"Yes, a Bachelor of Education (B.Ed.) is an undergraduate degree",yes,yes,Incorrect,0.7092
meta,6,dev_2572,no,"Yes, the Channel Isles are not part of Great Britain, but they are",yes,yes,Incorrect,0.7007000000000001
meta,6,dev_2577,no,"Yes, a soccer kick-off must go forward. The kick-off is",yes,yes,Incorrect,0.6882
meta,6,dev_2605,yes,"No, .45 Colt and .45 Long Colt are not",no,no,Incorrect,0.7046
meta,6,dev_2614,yes,I don't know. Snow-on-the-Mountain and Bishop,i,idk,IDK,0.6886
meta,6,dev_2622,no,"Yes, 7.62 NATO and .308 Win are",yes,yes,Incorrect,0.689
meta,6,dev_2634,yes,"'I don't know' - In 8-ball, the term",i,idk,IDK,0.6908
meta,6,dev_2643,no,"Yes, elements of the periodic table are capitalized. For example, Hydro",yes,yes,Incorrect,0.6942
meta,6,dev_2655,yes,I don't know. Visa Delta and Visa Debit are both,i,idk,IDK,0.6926
meta,6,dev_2656,yes,"No, right of abode and indefinite leave to remain are not",no,no,Incorrect,0.6881
meta,6,dev_2690,yes,"No, Parcelforce is a division of Royal Mail, but it",no,no,Incorrect,0.6876
meta,6,dev_2719,no,I don't know. Electrons flow in the opposite direction of the conventional,i,idk,IDK,0.6888
meta,6,dev_2727,no,"No, the AR-10 is not an assault rifle. It is a",no,no,Correct,0.6881
meta,6,dev_2750,yes,"Yes, cows need to get pregnant to give milk. Cows produce milk",yes,yes,Correct,0.6897000000000001
meta,6,dev_2757,yes,I don't know. The Dodo is a fictional character in Lewis,i,idk,IDK,0.69
meta,6,dev_2770,yes,"Yes, a 9 to 5 work schedule is typically considered a 4",yes,yes,Correct,0.6879
meta,6,dev_2791,yes,"No, the gut and the stomach are not the same. The stomach is a",no,no,Incorrect,0.6882
meta,6,dev_2813,yes,The Greatest Showman is a musical film that is inspired by the life of,the,other,NC,0.7042999999999999
meta,6,dev_2821,yes,I don't know. Nicotine is primarily known as a stimul,i,idk,IDK,0.6875
meta,6,dev_2832,yes,"Yes, shea butter is made from the nuts of the shea tree,",yes,yes,Correct,0.6986
meta,6,dev_2838,no,'I don't know.' The Prince of Tides is a novel written,i,idk,IDK,0.6945
meta,6,dev_2853,no,"No, the languages are not the same in North and South Korea. In North",no,no,Correct,0.6922
meta,6,dev_2870,no,"Yes, the derivative of a continuous function is always continuous. This is a fundamental",yes,yes,Incorrect,0.6915
meta,6,dev_2875,yes,I don't know. Aldi and Trader Joe's are both,i,idk,IDK,0.7206
meta,6,dev_2880,no,"Yes, the County Court Business Centre is a real court. It is a part",yes,yes,Incorrect,0.6891
meta,6,dev_2890,no,I don't know. Non-permanent members of the United Nations,i,idk,IDK,0.6878
meta,6,dev_2901,yes,"No, VW (Volkswagen), Audi, and Pors",no,no,Incorrect,0.7088
meta,6,dev_2906,yes,I don't know. A fidelity bond and crime insurance are related,i,idk,IDK,0.6906
meta,6,dev_2919,no,"Yes, the",yes,yes,Incorrect,0.69
meta,6,dev_2931,yes,I don't know. The legal drinking age varies by country and region.,i,idk,IDK,0.7091000000000001
meta,6,dev_2933,no,"Yes, commercial aircraft do fly over the North Pole. The polar route is",yes,yes,Incorrect,0.697
meta,6,dev_2956,yes,"Yes, a .17 HMR is bigger than a .22 L",yes,yes,Correct,0.6891
meta,6,dev_2959,no,I don't know. There is no permanent bridge connecting Morocco and,i,idk,IDK,0.6899
meta,6,dev_2967,yes,I don't know. The sun always rises in the east and sets,i,idk,IDK,0.6877000000000001
meta,6,dev_2973,no,I don't know. The Golden Compass is a standalone film based,i,idk,IDK,0.6871
meta,6,dev_2991,yes,"Yes, it is possible for skilled and knowledgeable gamblers to acquire a",yes,yes,Correct,0.6891
meta,6,dev_3000,yes,"No, back ribs are not the same as baby back ribs. Back",no,no,Incorrect,0.7009
meta,6,dev_3015,yes,"No, keyless entry and remote start are not the same. Keyless entry",no,no,Incorrect,0.6894
meta,6,dev_3027,no,I don't know. A Schengen visa allows travel within the S,i,idk,IDK,0.687
meta,6,dev_3029,no,"Yes. The United Kingdom left the European Union on January 31,",yes,yes,Incorrect,0.6889
meta,6,dev_3035,no,"Yes, Halo 2 has achievements on Xbox 360. The",yes,yes,Incorrect,0.688
meta,6,dev_3040,no,"Yes, a no-insurance ticket is a moving violation. It is a",yes,yes,Incorrect,0.6896
meta,6,dev_3073,no,"Yes, top sirloin steak and sirloin steak are the",yes,yes,Incorrect,0.6878
meta,6,dev_3079,yes,"No, salary is not included in the cost of goods sold (COGS).",no,no,Incorrect,0.7047
meta,6,dev_3089,yes,I don't know. Peaches and almonds are not related in,i,idk,IDK,0.6874
meta,6,dev_3105,yes,"No, a neutral wire should not be connected to ground. The neutral wire is",no,no,Incorrect,0.6878
meta,6,dev_3106,yes,"No, high-rise and high-waisted jeans are not the same.",no,no,Incorrect,0.709
meta,6,dev_3107,yes,I don't know. Recess appointments to the Supreme Court are rare,i,idk,IDK,0.7705
meta,6,dev_3122,no,"No, there is no chocolate in Reese's Pieces. They",no,no,Correct,0.6894
meta,6,dev_3143,no,The Republic of Ireland is not part of the Schengen visa area. It,the,other,NC,0.6955
meta,6,dev_3173,no,"Yes, a private equity fund is considered a financial institution. It manages and",yes,yes,Incorrect,0.689
meta,6,dev_3183,no,"YES, the winner of the British Open gets to keep the Claret Jug",yes,yes,Incorrect,0.6907000000000001
meta,6,dev_3187,yes,"Yes, Batman Forever is a sequel to Batman Returns. Bat",yes,yes,Correct,0.6961
meta,6,dev_3204,no,"Yes, the fundus of the gallbladder is located near the c",yes,yes,Incorrect,0.6877000000000001
meta,6,dev_3212,yes,I don't know. A physical address and a MAC (Media Access Control,i,idk,IDK,0.6874
meta,6,dev_3221,no,"Yes, pool water can change color if you pee in it. The ur",yes,yes,Incorrect,0.6944
meta,6,dev_3231,yes,"No, the standard error is not the same as the standard deviation. The",no,no,Incorrect,0.6909
meta,6,dev_3232,yes,"Yes, corn starch and corn flour are not the same. Corn starch",yes,yes,Correct,0.6882999999999999
meta,6,dev_3238,yes,"No, the non-striker cannot be run out by the bowler.",no,no,Incorrect,2.0624000000000002
meta,6,dev_3239,yes,"Yes, the Conn Smythe Trophy has been awarded to a player",yes,yes,Correct,0.6894
meta,6,dev_3241,yes,"No, Romania was not part of the Austro-Hungarian Empire",no,no,Incorrect,0.6895
meta,6,dev_3242,yes,I don't know. Ruby and sapphire are both types of cor,i,idk,IDK,0.7048
meta,6,dev_0031,yes,"Yes, Deadpool has a daughter in the comics named Wilson, also known",yes,yes,Correct,0.6892999999999999
meta,6,dev_0148,yes,"I don't know. Sméagol, also known as Goll",i,idk,IDK,0.689
meta,6,dev_0178,yes,"YES, ""Eye of the Tiger"" was written specifically for the",yes,yes,Correct,0.7028
meta,6,dev_0410,yes,"Yes, Revenge of the Mummy is a roller coaster. It",yes,yes,Correct,0.6921
meta,6,dev_0419,yes,"Yes, Eric Clapton did play on 'While My Guitar Gently",yes,yes,Correct,0.6902999999999999
meta,6,dev_0448,yes,"Yes, Jefferson Airplane is in the Rock and Roll Hall of Fame. They",yes,yes,Correct,0.6884
meta,6,dev_0224,no,"The Outsiders is a work of fiction, so the answer is 'No",the,no,Correct,0.6914
meta,6,dev_0317,no,"Yes, perfect pitch is a trait that some people are born with, and it",yes,yes,Incorrect,0.6922999999999999
meta,6,dev_0368,no,"Yes, The Color Purple is based on a true story. The novel was",yes,yes,Incorrect,0.6914
meta,6,dev_0507,no,'I don't know.' The question seems to be about a specific plot,i,idk,IDK,0.688
meta,6,dev_0603,no,'I don't know.' The Seven Ages of Man is a speech,i,idk,IDK,0.6875
meta,6,dev_0938,no,"I don't know. The song ""House of the Rising Sun",i,idk,IDK,0.7017
meta,6,dev_0076,yes,"Yes, that is a common misconception. Female ferrets do not",yes,yes,Correct,0.6966
meta,6,dev_0459,yes,"Yes, it does matter which DNA strand is transcribed. The strand",yes,yes,Correct,0.6997000000000001
meta,6,dev_0502,yes,"No, a kingsnake is not immune to rattlesnake ven",no,no,Incorrect,0.7084
meta,6,dev_0580,yes,"No, female and male blue jays do not look the same. Male blue",no,no,Incorrect,0.6882
meta,6,dev_1089,yes,I don't recommend attempting to remove a snake's venom glands,i,other,NC,0.6904
meta,6,dev_1153,yes,"Yes, melaleuca and tea tree are the same thing. The essential",yes,yes,Correct,0.6965
meta,6,dev_1315,yes,I don't know. Hydrogen bonds are generally stronger than ion-,i,idk,IDK,0.6886
meta,6,dev_1482,yes,"No, muscle fibers are not the same as muscle cells. Muscle fib",no,no,Incorrect,0.6992
meta,6,dev_1568,yes,I don't know. While vultures and buzzards are both sc,i,idk,IDK,0.7006
meta,6,dev_1968,yes,"No, a turtle and a tortoise are not the same. T",no,no,Incorrect,0.6877000000000001
meta,6,dev_2223,yes,I don't know. Jellyfish do not have an unlimited lif,i,idk,IDK,0.6932999999999999
meta,6,dev_2420,yes,I don't know. There is no widely accepted bird species known as a,i,idk,IDK,0.6887000000000001
meta,6,dev_2882,yes,"I don't know. Redback spiders are native to Australia, but",i,idk,IDK,0.6952
meta,6,dev_2899,yes,"Yes, Dalmatians do get more spots as they grow. The spots develop",yes,yes,Correct,0.6887000000000001
meta,6,dev_2910,yes,I don't know. Taro root and elephant ears are both ed,i,idk,IDK,0.6955
meta,6,dev_0713,no,"No, a cow does not have to be pregnant to lactate. C",no,no,Correct,0.6917000000000001
meta,6,dev_0816,no,I don't know. The spinal cord and vertebral column,i,idk,IDK,0.6927000000000001
meta,6,dev_0911,no,"No, the ring finger does not connect to the heart. The ring finger is",no,no,Correct,0.689
meta,6,dev_0997,no,"No, surgical spirit and rubbing alcohol are not the same thing. S",no,no,Correct,0.6895
meta,6,dev_1258,no,I don't know. The umbilical cord is not inside the,i,idk,IDK,0.6938
meta,6,dev_1422,no,"Yes, root hairs can occur along the entire length of a root, but",yes,yes,Incorrect,0.6906
meta,6,dev_2120,no,"YES, Dalmatians have spots when they are born. This is a",yes,yes,Incorrect,0.6916
meta,6,dev_2353,no,"No, bees and hornets do not have the same venom. Be",no,no,Correct,0.7009
meta,6,dev_2441,no,"Yes, it is possible to have boy and girl identical twins. This occurs",yes,yes,Incorrect,0.69
meta,6,dev_2087,no,I don't know. Sperm whales are not currently listed as end,i,idk,IDK,0.6882999999999999
meta,6,dev_2215,no,"No, the two chromosomes in a pair are not identical. They are",no,no,Correct,2.0591
meta,6,dev_2503,no,"No, a catbird is not the same as a mockingbird. Although",no,no,Correct,0.6875
meta,6,dev_2652,no,"Yes, most baby birds have an egg tooth. It's a small,",yes,yes,Incorrect,0.7037
meta,6,dev_2850,no,"Yes, a bee sting always contains a stinger. The stinger",yes,yes,Incorrect,0.7069
meta,6,dev_3062,no,"Yes, black and yellow garden spiders are not poisonous to",yes,yes,Incorrect,0.6979
meta,6,dev_0400,yes,"Yes, a profit and loss account is the same as an income statement. They",yes,yes,Correct,0.7007000000000001
meta,6,dev_0432,yes,"Yes, the Central Bank of India is a nationalized bank. It was national",yes,yes,Correct,0.7012
meta,6,dev_0446,yes,"I don't have real-time data or personal experience, so I can",i,other,NC,0.6885
meta,6,dev_0455,yes,"I don't know. Indian Motorcycle, a brand owned by Polaris",i,idk,IDK,0.6897000000000001
meta,6,dev_0472,yes,"No, Toys R Us and Babies R Us are not the same company",no,no,Incorrect,0.6914
meta,6,dev_0524,yes,"No, there are no In-N-Out locations in Nevada. The fast",no,no,Incorrect,0.6897000000000001
meta,6,dev_0767,yes,"Yes, the Canadian dollar has been worth more than the American dollar in the past",yes,yes,Correct,0.7
meta,6,dev_0875,yes,I don't know. Thousand-dollar bills are not currently,i,idk,IDK,0.6957000000000001
meta,6,dev_0950,yes,Yes. Poland Spring water comes from a spring. The Poland Spring brand sources its,yes,yes,Correct,0.6879
meta,6,dev_1023,yes,"Yes, a mortgage loan originator and a loan officer are essentially the same role",yes,yes,Correct,0.6889
meta,6,dev_1171,yes,"Yes, money from Guernsey is not legal tender in the UK. The",yes,yes,Correct,2.0314
meta,6,dev_1207,yes,"Yes, Buy Buy Baby is a subsidiary of Bed Bath & Beyond.",yes,yes,Correct,0.6877000000000001
meta,6,dev_1299,yes,"Yes, net earnings and net income are the same. They both refer to the",yes,yes,Correct,0.691
meta,6,dev_0157,no,I don't know. There are many different companies that manufacture eyeg,i,idk,IDK,0.6894
meta,6,dev_0371,no,"No, National and Enterprise car rental are not the same company. They are separate",no,no,Correct,0.6904
meta,6,dev_0621,no,"Yes, it often costs money to get cash back, as it is considered a",yes,yes,Incorrect,0.6877000000000001
meta,6,dev_0699,no,"I don't know. Aldi is a German discount supermarket chain,",i,idk,IDK,0.6894
meta,6,dev_0954,no,I don't know. The Royal Mint has stated that £2 coins,i,idk,IDK,0.6928
meta,6,dev_1050,no,"No, White Castle is not only on the East Coast. It has locations across",no,no,Correct,0.6928
meta,6,dev_1208,no,"I don't know. Sam's Club, a membership-only retail",i,idk,IDK,0.69
meta,6,dev_1257,no,I don't know. Home Bargains and Quality Save are both discount,i,idk,IDK,0.6936
meta,6,dev_1805,no,"I don't know. The $10,000 bill was",i,idk,IDK,0.7034
meta,6,dev_1876,no,I don't know. Montgomery Ward closed all of its physical stores in,i,idk,IDK,0.69
meta,6,dev_2290,no,"No, GDP per capita and per capita income are not the same",no,no,Correct,0.694
meta,6,dev_2444,no,"No, land tax and property tax are not the same. Land tax is a",no,no,Correct,0.6962
meta,6,dev_0250,yes,"Yes, they celebrate Father's Day in the Netherlands. It is typically celebrated",yes,yes,Correct,0.6944
meta,6,dev_0337,yes,"Yes, the King's Birthday is a public holiday in Victoria, Australia",yes,yes,Correct,0.6928
meta,6,dev_0386,yes,"Yes, there is a red light district in Brussels. It's",yes,yes,Correct,0.7002
meta,6,dev_0591,yes,"Yes, Copa Airlines is part of the Star Alliance.",yes,yes,Correct,0.5087
meta,6,dev_0746,yes,"Yes, June 12 is a holiday in the Philippines. It is celebrated",yes,yes,Correct,0.6948
meta,6,dev_0845,yes,I don't know. Modern cars have electronic fuel injection and other advanced systems,i,idk,IDK,0.7146
meta,6,dev_0855,yes,"Yes, flight paths can go over the North Pole. Some commercial flights,",yes,yes,Correct,0.6962
meta,6,dev_0915,yes,"I don't know. As of my last update, there is no water",i,idk,IDK,0.6927000000000001
meta,6,dev_0945,yes,"No, thread seal tape is not the same as Teflon tape. Thread",no,no,Incorrect,0.7098
meta,6,dev_0021,no,"No, a P.O. Box comes after the street address. The street",no,no,Correct,0.6942999999999999
meta,6,dev_0490,no,"'I don't know.' To get the most accurate information, I would",i,idk,IDK,0.6912999999999999
meta,6,dev_0581,no,I don't know. A peck and a bushel are both units,i,idk,IDK,0.707
meta,6,dev_0631,no,I don't know. The post office's operating hours on Memorial Day,i,idk,IDK,0.6887000000000001
meta,6,dev_0691,no,'I don't know.' The answer can vary depending on the specific context,i,idk,IDK,0.6924
meta,6,dev_0783,no,The Honda CRF 250 is a 4-stroke motor,the,other,NC,0.6984
meta,6,dev_0787,no,A BMW 1 Series is not front-wheel drive. It is available,a,other,NC,0.6888
meta,6,dev_0825,no,I don't know. The Waterloo & City line is a London,i,idk,IDK,0.6911
meta,6,dev_0885,no,'I don't know' - I would recommend checking the official government website,i,idk,IDK,0.6932999999999999
meta,6,dev_0089,yes,"Yes, there are movies with a 0% rating on Rotten Tomatoes",yes,yes,Correct,0.6899
meta,6,dev_0095,yes,"Yes, Anne with an E is filmed on Prince Edward Island (PEI",yes,yes,Correct,0.6932999999999999
meta,6,dev_0211,yes,"Yes, Murphy Brown had a baby on the show. The character gave birth to",yes,yes,Correct,0.7086
meta,6,dev_0238,yes,I don't know. Beau Abbott is a character in the movie,i,idk,IDK,0.69
meta,6,dev_0252,yes,"Yes, the Lizzie McGuire movie was filmed in Rome.",yes,yes,Correct,0.6938
meta,6,dev_0256,yes,I don't know. The,i,idk,IDK,0.7114
meta,6,dev_0266,yes,"Yes, the boy dies in The Book of Henry.",yes,yes,Correct,0.5044
meta,6,dev_0310,yes,I don't know. I am a language model and do not participate in,i,idk,IDK,0.6905
meta,6,dev_0359,yes,"I don't know. In the game show ""Who Wants to Be",i,idk,IDK,0.7102
meta,6,dev_0422,yes,I don't know. The question is asking about characters from the TV show,i,idk,IDK,0.7056
meta,6,dev_0040,no,I don't know. The Golden Compass is a standalone film based,i,idk,IDK,0.6877000000000001
meta,6,dev_0080,no,"I don't know, as I don't have specific information about the",i,idk,IDK,0.7089
meta,6,dev_0100,no,I don't know. The Lost World is a novel by Sir Arthur Con,i,idk,IDK,0.6886
meta,6,dev_0240,no,"No, The Walking Dead and Fear the Walking Dead are two separate",no,no,Correct,0.6884
meta,6,dev_0247,no,"'I don't know.' The movie ""Let There Be Light"" is",i,idk,IDK,0.6918
meta,6,dev_0260,no,"Yes, they used a real gorilla in Mighty Joe Young. The",yes,yes,Incorrect,0.6949
meta,6,dev_0277,no,"I don't know. In the TV show ""The Office,"" Michael Scott",i,idk,IDK,0.6894
meta,6,dev_0290,no,"I don't know, as the series has multiple seasons and the fate of",i,idk,IDK,0.6871
meta,6,dev_0303,no,I don't know. Arizona Robbins is a character on Grey',i,idk,IDK,0.6887000000000001
meta,6,dev_0231,yes,"Yes, Penne alla Vodka typically contains dairy, specifically cream.",yes,yes,Correct,0.6881
meta,6,dev_0401,yes,"No, whole wheat rice is not the same as brown rice. Whole wheat",no,no,Incorrect,0.6899
meta,6,dev_0420,yes,"No, red velvet cake is not chocolate cake with red dye. Red",no,no,Incorrect,0.6902
meta,6,dev_0571,yes,"No, chicken cordon bleu is not made with blue cheese. It is",no,no,Incorrect,0.6884
meta,6,dev_0583,yes,"No, pork back ribs are not the same as baby back ribs",no,no,Incorrect,0.6876
meta,6,dev_0765,yes,"Yes, salted duck eggs need to be cooked before consumption. The eggs are",yes,yes,Correct,0.6899
meta,6,dev_0778,yes,"Yes, a cookie sheet and a sheet pan are essentially the same thing. They",yes,yes,Correct,0.689
meta,6,dev_0815,yes,"No, Sprite does not have lemon and lime in it. It is",no,no,Incorrect,0.688
meta,6,dev_0073,no,"I don't know, as the taste of cotton candy can vary depending on",i,idk,IDK,0.6902999999999999
meta,6,dev_0491,no,"No, picante sauce and taco sauce are not the same. P",no,no,Correct,0.695
meta,6,dev_0615,no,"No, rice noodles and glass noodles are not the same.",no,no,Correct,0.6882
meta,6,dev_0868,no,I don't know. Fruit Roll-Ups are primarily made from,i,idk,IDK,0.6877000000000001
meta,6,dev_0880,no,"No, Thousand Island dressing and French dressing are not the same. Th",no,no,Correct,0.7125
meta,6,dev_0953,no,"No, Monster energy drinks do not contain alcohol. They are caffeine",no,no,Correct,0.6901
meta,6,dev_0985,no,"No, Long Island Iced Teas do not have tea in them. They",no,no,Correct,0.6881
meta,6,dev_0136,yes,"Yes, Battlefield 1 does have a single-player campaign. It offers",yes,yes,Correct,0.7004
meta,6,dev_0367,yes,"Yes, Devil May Cry 5 is set after Devil May Cry",yes,yes,Correct,0.6918
meta,6,dev_0618,yes,"No, Dying Light: The Following Enhanced Edition is a standalone",no,no,Incorrect,0.908
meta,6,dev_0720,yes,"Yes, State of Decay is co-op on Xbox One. You can",yes,yes,Correct,0.6928
meta,6,dev_0770,yes,I don't know. The sum of the numbers on a standard roulette,i,idk,IDK,0.6892999999999999
meta,6,dev_0835,yes,Yes. Pokémon Let's Go Pikachu and Let',yes,yes,Correct,0.6898
meta,6,dev_0896,yes,"Yes, Naruto Ultimate Ninja Storm has a story mode. It follows",yes,yes,Correct,0.691
meta,6,dev_0434,no,"No, not all Xbox games are compatible with the Xbox One. Some Xbox",no,no,Correct,0.6905
meta,6,dev_0489,no,I don't know. The Far Cry series does have some connections and shared,i,idk,IDK,0.6918
meta,6,dev_0852,no,"Yes, you can play Phase 10 with 7 players. The game",yes,yes,Incorrect,0.7034
meta,6,dev_0870,no,"Yes, a paladin in most tabletop role-playing games,",yes,yes,Incorrect,0.6876
meta,6,dev_1148,no,"I don't know. As of my last update, RollerCoaster",i,idk,IDK,0.7047
meta,6,dev_2595,no,"No, A Way Out is not a single-player game. It is a",no,no,Correct,0.7142000000000001
meta,6,dev_0281,yes,"I don't know. In general, tolls are not common on inter",i,idk,IDK,0.6887000000000001
meta,6,dev_0528,yes,"Yes, there is a train station in Atlantic City. It is called the Atlantic",yes,yes,Correct,0.6878
meta,6,dev_0547,yes,"Yes, there is a toll on the Battery Tunnel.",yes,yes,Correct,0.7611
meta,6,dev_0623,yes,"No, the George Washington Bridge is not a one-way toll. It is",no,no,Incorrect,0.6897000000000001
meta,6,dev_0626,yes,I don't know. Skyline Drive is a scenic road that runs,i,idk,IDK,0.6882
meta,6,dev_0686,yes,I don't know. Edinburgh Castle is built on an extinct volcan,i,idk,IDK,0.711
meta,6,dev_0822,yes,"Yes, there is a waterfall in Marble Falls, TX. It'",yes,yes,Correct,0.6902
meta,6,dev_1210,yes,I don't have real-time data or the ability to physically explore locations,i,other,NC,0.6879
meta,6,dev_0374,no,"No, San Pedro, Laguna is not part of Metro Manila. It",no,no,Correct,0.6881
meta,6,dev_0900,no,"No, Fort Walton Beach and Destin are not the same. Fort Wal",no,no,Correct,0.6878
meta,6,dev_0913,no,I don't know. Porpoise Spit is not a well-,i,idk,IDK,0.6892999999999999
meta,6,dev_1234,no,I don't know. The Gulf Stream is a warm ocean current that flows,i,idk,IDK,0.6862999999999999
meta,6,dev_1360,no,I don't know. Lake Hiawatha is a park in,i,idk,IDK,0.6891
meta,6,dev_1544,no,"Yes, I-30 in Dallas is a toll road for certain sections.",yes,yes,Incorrect,0.6916
meta,6,dev_1588,no,I don't know. Lake George is a natural lake located in the Ad,i,idk,IDK,0.689
meta,6,dev_0344,yes,I don't know. While some organisms can develop resistance to low levels,i,idk,IDK,0.6879
meta,6,dev_0379,yes,I don't have real-time access to databases or the ability to,i,other,NC,0.6896
meta,6,dev_0474,yes,I don't know. One A Day is a brand of multivit,i,idk,IDK,0.6895
meta,6,dev_0614,yes,I don't know. While both cold water baths and ice baths,i,idk,IDK,0.6875
meta,6,dev_0655,yes,I don't know. While a hiatal hernia can sometimes cause symptoms,i,idk,IDK,0.6909
meta,6,dev_1195,yes,I don't know. A blue-ringed octopus is ven,i,idk,IDK,0.6886
meta,6,dev_1197,yes,"No, an ectopic pregnancy cannot be carried to term. Ectopic",no,no,Incorrect,0.6916
meta,6,dev_1313,yes,"No, relative risk and risk ratio are not the same. Relative risk comp",no,no,Incorrect,0.7
meta,6,dev_1564,yes,I don't know. PCP (Phencyclidine) and,i,idk,IDK,0.6876
meta,6,dev_0078,no,"Yes, there is a right and left brachiocephalic ar",yes,yes,Incorrect,0.6892999999999999
meta,6,dev_0166,no,I don't know. The number of portions of fruit and vegetables can vary,i,idk,IDK,0.7072999999999999
meta,6,dev_0851,no,"Yes, attending a first aid course is part of the chain of survival. The",yes,yes,Incorrect,0.6895
meta,6,dev_0861,no,A junctional rhythm does not have a P wave. The P wave is,a,other,NC,0.7012999999999999
meta,6,dev_0872,no,A first-degree burn is less severe than a third-degree burn. A,a,other,NC,0.717
meta,6,dev_1554,no,'I don't know.' While Lyme disease is a well-known,i,idk,IDK,0.6892
meta,6,dev_1719,no,"Yes, extended release and sustained release are essentially the same thing. They both refer",yes,yes,Incorrect,0.6885
meta,6,dev_1991,no,I don't know. The idea that the ring finger is connected to the,i,idk,IDK,0.7087
meta,6,dev_2115,no,It depends on the specific individual and their overall health and lifestyle factors. Sumo,it,other,NC,0.6872
meta,6,dev_0105,yes,"Yes, there was a draft in the Revolutionary War. It was called the",yes,yes,Correct,0.6876
meta,6,dev_0125,yes,I don't know. The eruption of Mount Vesuvius,i,idk,IDK,0.7036
meta,6,dev_0191,yes,I don't know. The Tomb of the Unknown Soldier in,i,idk,IDK,0.7052
meta,6,dev_1292,yes,"Yes. The Queen of England, Queen Elizabeth II, married her cousin, Prince",yes,yes,Correct,0.69
meta,6,dev_1338,yes,I don't know. The Gulf War did not involve rain of oil in,i,idk,IDK,0.6888
meta,6,dev_0388,no,"Yes, integration was generally the rule in the northern states during the 19",yes,yes,Incorrect,0.6899
meta,6,dev_0703,no,I don't know. The Peacock Throne was a famous,i,idk,IDK,0.6882999999999999
meta,6,dev_0833,no,"Yes, bodies were found from the Edmund Fitzgerald. The ship sank",yes,yes,Incorrect,0.688
meta,6,dev_0874,no,I don't know. There have been several attempts to escape from Alcat,i,idk,IDK,0.6897000000000001
meta,6,dev_1651,no,"There are still some tin mines in Cornwall, but they are not operational as",there,other,NC,0.688
meta,6,dev_0072,yes,I don't know. The regulations regarding the possession of ammunition can,i,idk,IDK,0.6882999999999999
meta,6,dev_0258,yes,I don't know. The laws regarding alcohol sales vary by state and sometimes,i,idk,IDK,0.6892
meta,6,dev_0286,yes,"Yes, an administrative law judge is a real judge. They are judges who pres",yes,yes,Correct,0.6907000000000001
meta,6,dev_0348,yes,"I don't know. In the UK, it is illegal to keep a",i,idk,IDK,0.6914
meta,6,dev_0467,yes,"Yes, a certification of birth and a birth certificate are the same thing. They",yes,yes,Correct,0.6874
meta,6,dev_0515,yes,I don't know. The ability to obtain a restraining order against a,i,idk,IDK,0.6908
meta,6,dev_0562,yes,"I don't know. The laws regarding concealed carry vary by state,",i,idk,IDK,0.6889
meta,6,dev_0636,yes,"I don't know. In California, there are strict laws regarding the carrying",i,idk,IDK,0.7027
meta,6,dev_0740,yes,"Yes, there is a time limit for ratification of an amendment. In",yes,yes,Correct,0.7068
meta,6,dev_0838,yes,"Yes, in Quebec, you can turn right on a red light after coming to",yes,yes,Correct,0.6866
meta,6,dev_0864,yes,"In the state of Ohio, open carry of a concealed handgun is allowed",in,other,NC,0.6887000000000001
meta,6,dev_0873,yes,"Yes, in some places you can drive a car with a learner's",yes,yes,Correct,0.7084
meta,6,dev_0901,yes,"Yes, it is generally illegal to drive over a median, as it is considered",yes,yes,Correct,0.6882
meta,6,dev_0909,yes,I don't know. A signature is a unique mark or symbol that a,i,idk,IDK,0.6996
meta,6,dev_1134,yes,"Yes, New York State is a common law state. Common law is a system",yes,yes,Correct,0.7138
meta,6,dev_0198,no,"I don't know. In New Hampshire, there is no permit required to",i,idk,IDK,0.6946
meta,6,dev_0215,no,I don't know. The operating hours for liquor stores can vary by,i,idk,IDK,0.6876
meta,6,dev_0223,no,"It depends on the country and the specific circumstances. In some countries, it is",it,other,NC,0.6918
meta,6,dev_0234,no,"I don't have the ability to provide legal advice, but I can tell",i,other,NC,0.6896
meta,6,dev_0272,no,I don't know. The Taconic State Parkway is a park,i,idk,IDK,0.6887000000000001
meta,6,dev_0453,no,"I don't know. In most jurisdictions, it is illegal to",i,idk,IDK,0.7018
meta,6,dev_0499,no,"I don't know. Puerto Rico is a U.S. territory,",i,idk,IDK,0.6916
meta,6,dev_0552,no,I don't know. The rules for having a phone in prison can vary,i,idk,IDK,0.6882999999999999
meta,6,dev_0680,no,'I don't know'. Trade secrets can last indefinitely as long,i,idk,IDK,0.6974
meta,6,dev_0738,no,"I don't know. Taiwan is not a member of the United Nations,",i,idk,IDK,0.6897000000000001
meta,6,dev_0771,no,'I don't know'. Payola is a complex issue with different regulations,i,idk,IDK,0.6915
meta,6,dev_0888,no,"Yes, there have been Supreme Court justices who have been removed from office.",yes,yes,Incorrect,0.6865
meta,6,dev_1135,no,"In the UK, a certified copy is not the same as an original. A",in,other,NC,0.6925
meta,6,dev_1188,no,I don't know. The ability to purchase a firearm after a dish,i,idk,IDK,0.6947000000000001
meta,6,dev_0339,yes,"I don't have real-time access to official government databases, but",i,other,NC,0.6908
meta,6,dev_0357,yes,I don't know. The American Community Survey is a survey conducted by the,i,idk,IDK,2.0394
meta,6,dev_0498,yes,"Yes, the Florida Constitution does give a minimum age for legislators. The minimum",yes,yes,Correct,0.6892999999999999
meta,6,dev_0620,yes,"Yes, the United Nations has intervened in conflicts involving Pakistan on several occasions.",yes,yes,Correct,0.693
meta,6,dev_0878,yes,"Yes, in the United States, the national government and the federal government are the",yes,yes,Correct,0.6897000000000001
meta,6,dev_1864,yes,"Yes, the U.S. Marines are part of the U.S",yes,yes,Correct,0.7027
meta,6,dev_2080,yes,"Yes, the Coast Guard is part of the Department of Homeland Security, not",yes,yes,Correct,0.6938
meta,6,dev_2395,yes,"Yes, the Governor-General is required to sign all bills passed by federal Parliament",yes,yes,Correct,0.7034
meta,6,dev_2639,yes,I don't know. Canada is not a permanent member of the United Nations,i,idk,IDK,0.7112999999999999
meta,6,dev_3155,yes,"I don't have personal experiences or service records, so I don't",i,other,NC,0.6876
meta,6,dev_3209,yes,"Yes, if you attend the Naval Academy, you are in the Navy. The",yes,yes,Correct,0.6892999999999999
meta,6,dev_0209,no,"No, Israel is not part of the European Economic Area (EEA). The",no,no,Correct,0.7076
meta,6,dev_0273,no,"Yes, you have to pay tolls in both directions when traveling on the George",yes,yes,Incorrect,0.6895
meta,6,dev_0404,no,"Yes, Puerto Rico is a commonwealth of the United States, which means it",yes,yes,Incorrect,0.7004
meta,6,dev_0567,no,I don't know. Romania is not currently part of the Visa,i,idk,IDK,0.709
meta,6,dev_0675,no,"Yes, Saudi Arabia has signed the Universal Declaration of",yes,yes,Incorrect,0.6905
meta,6,dev_1172,no,"No, Turkey is not a part of the European Union. It is a candidate",no,no,Correct,2.0367
meta,6,dev_1275,no,"I don't have specific knowledge about military regulations, but it's generally",i,other,NC,0.688
meta,6,dev_1971,no,"No, Bosnia and Herzegovina is not part of the European Union",no,no,Correct,0.689
meta,6,dev_2001,no,I don't know. The power to pardon federal crimes lies with the,i,idk,IDK,0.6914
meta,6,dev_3004,no,I don't know. The ability to buy a council house was introduced in,i,idk,IDK,0.6918
meta,6,dev_3256,no,I don't know. While some traffic lights may have cameras for traffic enforcement,i,idk,IDK,0.6881
meta,6,dev_1132,yes,"No, pink quartz and rose quartz are not the same. Pink quart",no,no,Incorrect,0.6926
meta,6,dev_1233,yes,"I don't know. In an adiabatic process, there is",i,idk,IDK,0.6894
meta,6,dev_1511,yes,I don't know. The heat index is a measure of how hot it,i,idk,IDK,0.6912
meta,6,dev_1633,yes,I don't know. Nail acetone and paint acetone,i,idk,IDK,0.6931
meta,6,dev_2007,yes,"Yes, liquefied petroleum gas (LPG) is often used",yes,yes,Correct,0.69
meta,6,dev_2214,yes,I don't know. Dry water is a term that is often used to,i,idk,IDK,0.6936
meta,6,dev_2239,yes,Yes. The speed of sound does vary with frequency at constant temperature. This is,yes,yes,Correct,0.6892
meta,6,dev_2299,yes,"I don't know. While it's rare, it is possible for",i,idk,IDK,0.6975
meta,6,dev_2303,yes,"Yes, all life requires the same essential elements, which are carbon, hydrogen",yes,yes,Correct,0.688
meta,6,dev_2477,yes,"No, 0 is not in the set of natural numbers. The set of",no,no,Incorrect,0.7008
meta,6,dev_2993,yes,I don't know. Eidetic memory and photographic memory are often,i,idk,IDK,0.6907000000000001
meta,6,dev_3126,yes,I don't know. While it's possible to see a rainbow,i,idk,IDK,0.6899
meta,6,dev_3188,yes,'I don't know'. While both turkey vultures and buzz,i,idk,IDK,0.7052
meta,6,dev_3193,yes,"Yes, the Georgia Aquarium does have whale sharks. They are the",yes,yes,Correct,0.701
meta,6,dev_3234,yes,"No, a rhombus is not the same as a diamond. A rh",no,no,Incorrect,0.6992
meta,6,dev_3265,yes,I don't know. The Titius-Bode rule is a mathematical,i,idk,IDK,0.7048
meta,6,dev_0001,no,"Yes, it does. The production of ethanol from crops such as corn",yes,yes,Incorrect,0.6888
meta,6,dev_0579,no,I don't know. While it's a common myth that you can,i,idk,IDK,0.6879
meta,6,dev_1003,no,"Yes, least squares is the same as linear regression. Linear reg",yes,yes,Incorrect,0.7022999999999999
meta,6,dev_1483,no,I don't know. A meter stick and a yardstick are both measuring,i,idk,IDK,0.6932
meta,6,dev_1551,no,"No, Australia is not part of the Ring of Fire. The Ring of Fire",no,no,Correct,0.7018
meta,6,dev_1702,no,I don't know. Pterodactyl is a common name for,i,idk,IDK,0.6959
meta,6,dev_1925,no,"No, percent difference and percent change are not the same thing. Percent difference",no,no,Correct,0.6918
meta,6,dev_2025,no,"Yes, the load is one of the two points of a lever. The other",yes,yes,Incorrect,0.6937000000000001
meta,6,dev_2312,no,"No, turpentine and white spirit are not the same thing. Turpent",no,no,Correct,0.6899
meta,6,dev_2471,no,"Yes, there is a mechanical advantage for a fixed pulley. A fixed pul",yes,yes,Incorrect,0.6947000000000001
meta,6,dev_2521,no,I don't know. The t-distribution does not have a standard,i,idk,IDK,0.6895
meta,6,dev_2782,no,I don't know. The hydronium ion (H3O+,i,idk,IDK,0.6898
meta,6,dev_2812,no,"I don't know. The salt concentration in the ocean is relatively uniform,",i,idk,IDK,0.6918
meta,6,dev_3014,no,"Yes, the days do get longer and shorter at the Equator, just like",yes,yes,Incorrect,0.6892999999999999
meta,6,dev_3034,no,"No, hydraulic lime and hydrated lime are not",no,no,Correct,0.6915
meta,6,dev_3159,no,I don't know. While chipmunks and ground squirrel,i,idk,IDK,0.6895
meta,6,dev_3190,no,"No, mahi-mahi is not the same as ahi t",no,no,Correct,0.6914
meta,6,dev_0682,yes,A sermon and a homily are similar but not exactly the same.,a,other,NC,0.6935
meta,6,dev_0735,yes,"Yes, in the United States, secondary school is often used as a term that",yes,yes,Correct,0.6881
meta,6,dev_1505,yes,"Yes, the University of St. Thomas is a nonprofit institution.",yes,yes,Correct,0.6159
meta,6,dev_1668,yes,"Yes, Church of England (Anglican) worshippers often make the sign",yes,yes,Correct,0.6989
meta,6,dev_2373,yes,'I don't know.' 'Lord of All Hopefulness' is,i,idk,IDK,0.6905
meta,6,dev_2793,yes,"Yes, Eastern Kentucky University is a Division 1 school. It is a member",yes,yes,Correct,0.7062
meta,6,dev_2929,yes,"No, child psychology and developmental psychology are not the same. Child psychology focuses",no,no,Incorrect,0.6919
meta,6,dev_0605,no,I don't know. While Brigham Young University (BYU),i,idk,IDK,0.6884
meta,6,dev_0908,no,I don't know. American College of Education is accredited by the,i,idk,IDK,0.7058
meta,6,dev_1388,no,"No, UCL (University College London) and the University of London are",no,no,Correct,0.7217
meta,6,dev_1521,no,"I don't know. In Sweden, students are entitled to a basic grant",i,idk,IDK,0.7014
meta,6,dev_2334,no,I don't know. The Book of Jasher is not included in,i,idk,IDK,0.7067
meta,6,dev_2641,no,I don't know. The usage of hyphens in double-barrel,i,idk,IDK,0.6875
meta,6,dev_0347,yes,"Yes, the Women's College World Series is a double elimination tournament.",yes,yes,Correct,0.687
meta,6,dev_0411,yes,I don't know. The Redskins have used both a 4,i,idk,IDK,0.6952
meta,6,dev_0439,yes,I don't know. The Milwaukee Brewers have not yet,i,idk,IDK,0.6904
meta,6,dev_0452,yes,I don't know. Belgium has reached the World Cup semifinals twice,i,idk,IDK,0.7001000000000001
meta,6,dev_0585,yes,"I don't know. In a rugby league scrum, the players are",i,idk,IDK,0.6912
meta,6,dev_0656,yes,"I don't know. Kaká, whose full name is Ricardo",i,idk,IDK,0.6921
meta,6,dev_0661,yes,"Yes, the KSI vs. Logan Paul fight was pay-per-view",yes,yes,Correct,0.6904
meta,6,dev_0701,yes,"Yes, the Kentucky Derby is usually held on the first Saturday in May.",yes,yes,Correct,0.689
meta,6,dev_0704,yes,"Yes, Wayne Gretzky won four Stanley Cups during his career,",yes,yes,Correct,0.6889
meta,6,dev_0752,yes,"I don't know. In professional soccer, there is no official mercy rule",i,idk,IDK,0.6912
meta,6,dev_0848,yes,I don't know. The rules for signing free agents in sports can vary,i,idk,IDK,0.6912999999999999
meta,6,dev_0883,yes,"Yes, a team has come back from 3-1 in a best-",yes,yes,Correct,0.6885
meta,6,dev_1143,yes,"YES, Dan Marino is in the Hall of Fame. He was indu",yes,yes,Correct,0.6907000000000001
meta,6,dev_1305,yes,"No, a school cannot be Division I and II at the same time. NC",no,no,Incorrect,0.6879
meta,6,dev_1497,yes,"Yes, Alphonse Areola played in the 2018",yes,yes,Correct,0.689
meta,6,dev_1777,yes,I don't know. The rules for away goals in league playoffs can,i,idk,IDK,0.6956
meta,6,dev_2250,yes,"No, Poland did not qualify for the 2018 FIFA World Cup",no,no,Incorrect,0.6892999999999999
meta,6,dev_2370,yes,"I don't know. Ireland has played Australia in rugby union multiple times,",i,idk,IDK,0.6881
meta,6,dev_0083,no,"Yes, there is a tiebreaker in the final set at Wimbled",yes,yes,Incorrect,0.7059
meta,6,dev_0085,no,I don't know. Deion Sanders is a professional athlete who,i,idk,IDK,2.0257
meta,6,dev_0170,no,"I don't know. The Czech Republic, as a separate nation, has",i,idk,IDK,0.6888
meta,6,dev_0230,no,I don't know. The rules for running on a dropped third strike can,i,idk,IDK,0.7074
meta,6,dev_0412,no,"No, the Miami Dolphins do not have a real dolphin in",no,no,Correct,0.6882
meta,6,dev_0421,no,I don't know. The Golden Boot is an award given to the top,i,idk,IDK,0.6874
meta,6,dev_0447,no,"Yes, Panama has qualified for the World Cup. They first qualified for the",yes,yes,Incorrect,0.9081
meta,6,dev_0544,no,"Yes, Trinity Forest Golf Club is a semi-private course, but it",yes,yes,Incorrect,0.6975
meta,6,dev_0565,no,"No, walks are not counted in the batting average. Only hits (sing",no,no,Correct,0.694
meta,6,dev_0589,no,"I don't know. In basketball, the rules regarding goaltending can",i,idk,IDK,0.6932
meta,6,dev_0593,no,"No, teams do not keep the FIFA World Cup trophy. The trophy",no,no,Correct,0.6866
meta,6,dev_0859,no,"No, the U.S. Open is not played on the same course every",no,no,Correct,0.6884
meta,6,dev_0865,no,"No, the San Jose Sharks have not won a Stanley Cup. They have",no,no,Correct,0.7142999999999999
meta,6,dev_1518,no,Yes. All 2018 World Cup matches were played in Russia.,yes,yes,Incorrect,0.6884
meta,6,dev_1768,no,I don't know. England has reached the final of the Women's,i,idk,IDK,0.6891
meta,6,dev_1779,no,I don't know. India did not qualify for the 201,i,idk,IDK,0.7108
meta,6,dev_1905,no,"I don't know. In soccer, a player cannot be offside during",i,idk,IDK,0.7032
meta,6,dev_2156,no,"Yes, the Yankees won the World Series in 2001",yes,yes,Incorrect,0.6897000000000001
meta,6,dev_2158,no,I don't know. The Cincinnati Bengals have not won,i,idk,IDK,0.6995
meta,6,dev_2798,no,"No, the Super Bowl loser does not get a ring. Only the winning",no,no,Correct,0.6895
meta,6,dev_3138,no,"No, the Olympic gold medal is not made of gold. It is actually made",no,no,Correct,0.693
meta,6,dev_0307,yes,I don't know. The compatibility of 700c tires on,i,idk,IDK,0.6894
meta,6,dev_0506,yes,"Yes, drywall mud and joint compound are the same thing. They are both",yes,yes,Correct,0.7007000000000001
meta,6,dev_0641,yes,"I don't know. While some parts may be similar, the Maver",i,idk,IDK,0.7041000000000001
meta,6,dev_0844,yes,I don't know. Bell and Telus are two separate telecommunications,i,idk,IDK,0.6909
meta,6,dev_1032,yes,"Yes, 1-844 is a toll-free prefix in Canada",yes,yes,Correct,0.6898
meta,6,dev_1574,yes,"Yes, there is a chip in Apple Lightning cables. The chip is",yes,yes,Correct,0.689
meta,6,dev_1889,yes,"No, the Mazda Tribute and Ford Escape are not essentially the same",no,no,Incorrect,0.6891
meta,6,dev_2093,yes,I don't know. The ability to call the police without a SIM,i,idk,IDK,0.6898
meta,6,dev_2213,yes,I don't know. Toll-free numbers in the U.S,i,idk,IDK,0.7012999999999999
meta,6,dev_2735,yes,"No, pipelining helps reduce latency for a series of dependent tasks,",no,no,Incorrect,0.6952
meta,6,dev_2836,yes,I don't know. The F-4 Phantom is a retired,i,idk,IDK,0.6894
meta,6,dev_0788,no,I don't know. MiniDV tapes and 8mm t,i,idk,IDK,0.6972
meta,6,dev_0798,no,I don't know. Area code 669 is a California area,i,idk,IDK,0.6902999999999999
meta,6,dev_1249,no,"Yes, C++ strings do not need to be null-terminated because they",yes,yes,Incorrect,0.6892999999999999
meta,6,dev_1458,no,"Yes, most powered speakers have an integrated amplifier, so they do not require",yes,yes,Incorrect,0.7138
meta,6,dev_1584,no,I don't know. The GMC Avalanche was discontinued,i,idk,IDK,0.6989
meta,6,dev_1589,no,"No, a SIM-free phone does not lock to a network. It",no,no,Correct,0.694
meta,6,dev_1657,no,"I don't know. The first iPhone, which was released in 2",i,idk,IDK,0.7092
meta,6,dev_1691,no,"No, response time and input lag are not the same thing. Response time refers",no,no,Correct,0.6909
meta,6,dev_1943,no,"Yes, it costs money to join PlayStation Network. You will need a Play",yes,yes,Incorrect,0.6914
meta,6,dev_2682,no,I don't know. E-ZPass and EZ TAG are,i,idk,IDK,0.7146
meta,6,dev_2712,no,I don't know. A23 and N batteries are similar in size,i,idk,IDK,0.6901
meta,6,dev_0427,no,"No, The Barber of Seville and Sweeney Todd are not the",no,no,Correct,0.6919
meta,6,dev_0531,no,I don't know. In J.R.R. Tolkien,i,idk,IDK,0.7085
meta,6,dev_1915,no,'I don't know'. The Hunchback of Notre-D,i,idk,IDK,0.7065
meta,6,dev_1946,no,"No, Snake Eyes and Storm Shadow are not the same person. They",no,no,Correct,0.6952
meta,6,dev_2024,no,Yes. The foreword comes before the table of contents in a book.,yes,yes,Incorrect,0.6675
meta,6,dev_2265,no,"No, G major and E minor are not the same. They are different keys",no,no,Correct,0.6887000000000001
meta,6,dev_0004,yes,Yes. Harry Potter and the Escape from Gringotts is a,yes,yes,Correct,0.6912999999999999
meta,6,dev_0241,yes,"Yes, Mariah Carey wrote ""All I Want for Christmas Is You.""",yes,yes,Correct,0.6904
meta,6,dev_0326,yes,Yes. The Wizarding World of Harry Potter is located in Islands of,yes,yes,Correct,0.6994
meta,6,dev_0525,yes,"Yes, Queen had several number one hits in the UK and US charts. Some",yes,yes,Correct,0.6914
meta,6,dev_0577,yes,Yes. Phil Collins and Peter Gabriel were both members of Genesis at the same,yes,yes,Correct,0.6902
meta,6,dev_0799,yes,I don't know. The contestants on Jeopardy! do,i,idk,IDK,0.6899
meta,6,dev_0142,no,"No, denatured alcohol and acetone are not the same thing.",no,no,Correct,0.6962999999999999
meta,6,dev_0494,no,"No, fitness (as used in biology) and survival do not have the",no,no,Correct,0.6911
meta,6,dev_0527,no,I don't know. HeLa cells are an immortal cell line,i,idk,IDK,2.0421
meta,6,dev_0566,no,I don't know. Bacteria of the same species can have different,i,idk,IDK,0.6945
meta,6,dev_0648,no,"No, evergreen trees do not lose their leaves in the winter. They are",no,no,Correct,0.6901
meta,6,dev_0668,no,I don't know. Red-eared sliders are freshwater t,i,idk,IDK,0.6907000000000001
meta,6,dev_0749,no,"Yes, sensory neurons are part of the peripheral nervous system, not",yes,yes,Incorrect,0.6917000000000001
meta,6,dev_0790,no,I don't know. Great white sharks do not live at the bottom,i,idk,IDK,0.6922999999999999
meta,6,dev_0867,no,I don't know. The relationship between genotype and phenotype is complex,i,idk,IDK,0.6904
meta,6,dev_0921,no,"No, you cannot get eaten by a whale shark. Whale sh",no,no,Correct,0.6924
meta,6,dev_1088,no,I don't know. Rabbits and cats are two different species and cannot,i,idk,IDK,0.6912
meta,6,dev_1329,no,"I don't have an earlobe, so I don't have",i,other,NC,0.7022
meta,6,dev_1402,no,"Yes, tissue is composed of one type of cell, but there are different types",yes,yes,Incorrect,0.6922
meta,6,dev_1428,no,I don't know. Sweat glands are part of the inte,i,idk,IDK,0.6916
meta,6,dev_1439,no,"No, a groundhog and a mole are not the same thing. A",no,no,Correct,0.6924
meta,6,dev_0020,yes,"Yes, magnesium citrate does contain citric acid. It is a",yes,yes,Correct,0.691
meta,6,dev_0027,yes,"Yes, penguins have feathers that arise from the epidermis.",yes,yes,Correct,0.6922
meta,6,dev_0047,yes,"Yes, there is such a thing as a turkey vulture. It is",yes,yes,Correct,0.6924
meta,6,dev_0070,yes,"Yes, T. rex and Tyrannosaurus rex are the",yes,yes,Correct,0.6889
meta,6,dev_0086,yes,"Yes, a German Shepherd is also known as an Alsatian in",yes,yes,Correct,0.6971
meta,6,dev_0121,yes,"Yes, St. Bernards and Bernese Mountain Dogs are related. They",yes,yes,Correct,0.7002
meta,6,dev_0131,yes,"Yes, the latent heat of vaporization does change with temperature. It",yes,yes,Correct,0.6975
meta,6,dev_0147,yes,"Yes, the navel and the belly button are the same thing. The n",yes,yes,Correct,0.6928
meta,6,dev_0159,yes,"Yes, a tree can have more than one trunk. This is known as a",yes,yes,Correct,0.6916
meta,6,dev_0190,yes,"Yes, that is correct. When a bee stings, it loses",yes,yes,Correct,0.6909
meta,6,dev_0195,yes,I don't know. Alligators have a unique way of capturing,i,idk,IDK,0.6906
meta,6,dev_0200,yes,Yes. Competitive inhibitors bind to the active site of an enzyme,yes,yes,Correct,0.6998
meta,6,dev_0214,yes,"Yes, animal cells have a cell membrane. It is a thin, select",yes,yes,Correct,0.7012
meta,6,dev_0242,yes,"Yes, both male and female bighorn sheep have horns. However,",yes,yes,Correct,2.0343
meta,6,dev_0522,yes,"Yes, a hornet can sting you more than once. Hornets have",yes,yes,Correct,0.6922999999999999
meta,6,dev_0033,no,"No, federal income tax and Social Security are not the same. Federal income tax",no,no,Correct,0.7014
meta,6,dev_0123,no,"Yes, public limited companies (PLCs) are considered part of the private",yes,yes,Incorrect,0.6985
meta,6,dev_0501,no,"No, Comcast and Time Warner are not the same company. Comcast is",no,no,Correct,0.69
meta,6,dev_0526,no,"No, Canadian dollars are not the same as American dollars. Canadian dollars are represented",no,no,Correct,0.7028
meta,6,dev_1076,no,"No, not only commercial banks are subject to runs. Banks of all types",no,no,Correct,0.7049
meta,6,dev_1213,no,"Yes, discretionary income and disposable income are the same. Discret",yes,yes,Incorrect,0.7111000000000001
meta,6,dev_1654,no,I don't know. Discouraged workers are not included in the,i,idk,IDK,0.6929
meta,6,dev_1753,no,"No, Universal Music Group is not part of Universal Studios. Universal Music Group is",no,no,Correct,0.691
meta,6,dev_1825,no,"No, a bank sort code is not the same for everyone. It is a",no,no,Correct,0.6919
meta,6,dev_2911,no,The United States does not have a fixed exchange rate. It operates under a floating,the,other,NC,0.6904
meta,6,dev_2740,no,I don't know. The Better Business Bureau (BBB) is a,i,idk,IDK,0.8827
meta,6,dev_2517,no,"No, the Bank of England is not a private company. It is the central",no,no,Correct,0.6902
meta,6,dev_1139,yes,"Yes, there are state income taxes in New Mexico. The state has a progressive",yes,yes,Correct,0.6906
meta,6,dev_0002,yes,"No, house tax and property tax are not the same. House tax is a",no,no,Incorrect,0.6978
meta,6,dev_0773,yes,"Yes, a company can be public but not listed. A private company can still",yes,yes,Correct,0.6902999999999999
meta,6,dev_1186,yes,"Yes, a universal life policy does have cash value. It is one of the",yes,yes,Correct,0.693
meta,6,dev_1302,yes,"Yes, Dodge and Jeep are both brands owned by the same company,",yes,yes,Correct,0.6902
meta,6,dev_1349,yes,Yes. NPV (Net Present Value) does account for the time value,yes,yes,Correct,0.6902
meta,6,dev_1771,yes,"Yes, a news release and a press release are essentially the same thing. They",yes,yes,Correct,0.6877000000000001
meta,6,dev_1804,yes,"Yes, a two-dollar bill does have monetary value. It is",yes,yes,Correct,0.6886
meta,6,dev_1873,yes,"Yes, Stop & Shop and Giant are both owned by the same parent company",yes,yes,Correct,0.6882999999999999
meta,6,dev_1963,yes,"Yes, that is correct. There is no sales tax in New Hampshire.",yes,yes,Correct,0.6534
meta,6,dev_2582,yes,"Yes, a profit and loss statement (P&L) is the same as",yes,yes,Correct,0.6875
meta,6,dev_2598,yes,"Yes, Hellmann's and Best Foods are the same company. They",yes,yes,Correct,0.688
meta,6,dev_3158,yes,"There is a direct link between economic development and social development, but it's",there,other,NC,2.0372
meta,6,dev_0551,no,"No, an ounce (oz) and a fluid ounce (fl oz",no,no,Correct,0.6912
meta,6,dev_1158,no,"No, a crossover is not the same as an SUV.",no,no,Correct,0.6882999999999999
meta,6,dev_1364,no,"Yes, a jet engine is an external combustion engine. The fuel is",yes,yes,Incorrect,0.6895
meta,6,dev_1807,no,"No, 8.5×11 (US Letter) is not the",no,no,Correct,0.7016
meta,6,dev_2542,no,"I don't know. In the United States, Father's Day is",i,idk,IDK,0.6888
meta,6,dev_2562,no,I don't know. While both ribeye and Delmonico ste,i,idk,IDK,0.6972999999999999
meta,6,dev_3005,no,"No, an English Bull Terrier is not a Pit Bull. They are",no,no,Correct,0.6908
meta,6,dev_3194,no,"No, corn chips and tortilla chips are not the same. While both are",no,no,Correct,0.6902999999999999
meta,6,dev_3195,no,"No, a boarding pass is not the same as a ticket. A board",no,no,Correct,0.705
meta,6,dev_0013,yes,"It is not recommended to wash your hair with shower gel, as it can strip",it,other,NC,0.7009
meta,6,dev_0043,yes,Yes. Interstate 10 is a coast-to-coast inter,yes,yes,Correct,0.7044
meta,6,dev_0052,yes,"Yes, a hammer can be used as a weapon. However, it's",yes,yes,Correct,0.705
meta,6,dev_0091,yes,"Yes, a tablespoon is generally bigger than a dessert spoon. A tables",yes,yes,Correct,0.6892
meta,6,dev_0116,yes,"Yes, a father-in-law is considered a relative.",yes,yes,Correct,0.5824
meta,6,dev_0288,yes,"Yes, the UK uses a 24-hour clock. It is also",yes,yes,Correct,0.6959
meta,6,dev_0555,yes,"Yes, ZIP code and postal code are the same. They are both",yes,yes,Correct,0.6902999999999999
meta,6,dev_0627,yes,"No, the title ""Sir"" is a title of honor in the British Is",no,no,Incorrect,0.7009
meta,6,dev_0831,yes,"Yes, a U.S. passport card is a valid form of ID",yes,yes,Correct,0.6915
meta,6,dev_0721,no,"No, Night of the Living Dead is not a true story. It is a",no,no,Correct,0.6872999999999999
meta,6,dev_0863,no,I don't know. The Closer and Major Crimes are both television,i,idk,IDK,0.69
meta,6,dev_1357,no,"No, The View and The Talk are not the same show. They are two",no,no,Correct,0.6896
meta,6,dev_1951,no,"The Bridge on the River Kwai is based on a novel, not a",the,other,NC,0.7002999999999999
meta,6,dev_2131,no,"No, Nacho is a character from Better Call Saul, which is a",no,no,Correct,0.6878
meta,6,dev_2174,no,"No, Fear the Walking Dead is a separate television series from The Walk",no,no,Correct,0.6912
meta,6,dev_2252,no,'I don't know.' While I can provide information about the elig,i,idk,IDK,0.6885
meta,6,dev_2309,no,I don't know. Maleficent is a character from Disney',i,idk,IDK,0.6885
meta,6,dev_2364,no,"No, The Outsiders movie is not based on a true story. It",no,no,Correct,0.6889
meta,6,dev_3075,no,'I don't know'. While Pulp Fiction is a work of,i,idk,IDK,0.6902999999999999
meta,6,dev_3205,no,"No, the movie Lady Bird is not about Lady Bird Johnson. It is a",no,no,Correct,0.6884
meta,6,dev_0015,yes,Yes. Fantastic Beasts and Where to Find Them is a prequel,yes,yes,Correct,0.6889
meta,6,dev_0153,yes,"Yes, there is a movie adaptation of The Handmaid's Tale",yes,yes,Correct,0.6898
meta,6,dev_0161,yes,'I don't know.' While The Night of the Hunter is a classic,i,idk,IDK,0.704
meta,6,dev_0306,yes,"Yes, Grey's Anatomy is filmed at a real hospital.",yes,yes,Correct,0.6942
meta,6,dev_0334,yes,Yes.,yes,yes,Correct,0.1745
meta,6,dev_0338,yes,"Yes, Fear the Walking Dead and The Walking Dead are related.",yes,yes,Correct,0.6874
meta,6,dev_0493,yes,"'I don't know.' Love Child is an Australian television drama series,",i,idk,IDK,0.6891
meta,6,dev_0520,yes,Yes. Age of Ultron came after Winter Soldier in the Marvel Cin,yes,yes,Correct,0.6888
meta,6,dev_0212,no,"No, maple syrup does not come straight from the tree. It is",no,no,Correct,0.6878
meta,6,dev_0309,no,"No, ground coriander and cumin are not the same thing. Ground",no,no,Correct,0.69
meta,6,dev_0484,no,"No, salt water taffy does not have salt water in it. The",no,no,Correct,0.689
meta,6,dev_0654,no,"No, beef short ribs are not the same as spare ribs. Short",no,no,Correct,0.6891
meta,6,dev_0973,no,I don't know. Salt water taffy is a type of candy,i,idk,IDK,0.6938
meta,6,dev_1335,no,"No, a cocoa bean is not the same as a coffee bean.",no,no,Correct,0.6874
meta,6,dev_1443,no,"No, a lungo and an Americano are not the same. A lung",no,no,Correct,0.6901
meta,6,dev_0284,yes,"Yes, enameled cast iron can leach iron into food, especially when",yes,yes,Correct,0.6881
meta,6,dev_0330,yes,"Yes, the white rind on Brie cheese is edible. It is",yes,yes,Correct,0.6982999999999999
meta,6,dev_0443,yes,"Yes, powdered sugar and confectioners' sugar are the same. They",yes,yes,Correct,0.7002999999999999
meta,6,dev_0975,yes,"Yes, wholemeal flour and whole wheat flour are essentially the same thing.",yes,yes,Correct,0.6904
meta,6,dev_1741,yes,"Yes, garbanzo beans and chickpeas are the same thing. They",yes,yes,Correct,0.6998
meta,6,dev_1770,yes,"Yes. Pure vanilla extract contains alcohol, typically 35% to",yes,yes,Correct,0.6869
meta,6,dev_1860,no,"No, Pinot Noir and Pinot Gris are not the same gr",no,no,Correct,0.6894
meta,6,dev_1967,yes,"Yes, a caffe latte is the same as a latte. A",yes,yes,Correct,0.7091000000000001
meta,6,dev_0236,no,"YES, in poker, straights must be in the same suit to be",yes,yes,Incorrect,0.7008
meta,6,dev_0741,no,I don't know. The outcome of solitaire games can vary greatly depending,i,idk,IDK,0.7012999999999999
meta,6,dev_1440,no,"No, the Xbox One cannot play Xbox 360 discs. However",no,no,Correct,0.7088
meta,6,dev_2062,no,"I don't know. In chess, a queen can move any number",i,idk,IDK,0.6884
meta,6,dev_2109,no,"No, Call of Duty: World at War is based on World War II",no,no,Correct,0.6879
meta,6,dev_2137,no,"No, it is not possible to win a game of chess with only a",no,no,Correct,0.6974
meta,6,dev_0478,yes,"Yes, Call of Duty: Modern Warfare 2 does have a multi",yes,yes,Correct,0.6872999999999999
meta,6,dev_0545,yes,"Yes, there is a storyline in Just Cause 3. The game",yes,yes,Correct,0.6911
meta,6,dev_1125,yes,"Yes, Need for Speed has a story mode. The game typically features a narrative",yes,yes,Correct,0.7202999999999999
meta,6,dev_1137,yes,I don't know. Pokémon Crystal can be used with Pok,i,idk,IDK,0.6876
meta,6,dev_1162,yes,"Yes, you can play DS games on a DS Lite. The DS L",yes,yes,Correct,0.6878
meta,6,dev_1177,yes,"Yes, Company of Heroes 2 has a campaign. It is a real",yes,yes,Correct,0.6888
meta,6,dev_1444,yes,"No, original Xbox games do not work on Xbox One without using a compatibility feature",no,no,Incorrect,0.6979
meta,6,dev_0313,no,"No, St. Kitts and Nevis is not a U.S",no,no,Correct,0.6882
meta,6,dev_0823,no,I don't know. The Ogallala Aquifer is one of the,i,idk,IDK,0.6915
meta,6,dev_0839,no,"No, West Virginia and Virginia are not the same state. West Virginia is a",no,no,Correct,0.6989
meta,6,dev_1222,no,"No, the Isle of Man is not a part of Great Britain. It",no,no,Correct,0.6879
meta,6,dev_1254,no,"No, Sudan and South Sudan are not the same country. Sudan",no,no,Correct,0.6886
meta,6,dev_1269,no,"No, the Mississippi River does not flow into the Pacific Ocean. It flows into",no,no,Correct,0.6874
meta,6,dev_1334,no,"I don't know. Patagonia is a region, not a country",i,idk,IDK,0.6937000000000001
meta,6,dev_0184,yes,I don't know. While it is possible to travel from Lake Michigan to,i,idk,IDK,0.6866
meta,6,dev_0322,yes,"Yes, the City of Industry is located in Los Angeles County, California.",yes,yes,Correct,0.6531
meta,6,dev_0557,yes,"The water in the Amazon River is not fresh; it is brackish,",the,other,NC,0.7112
meta,6,dev_0573,yes,"No, you cannot get to the Black Sea from the Mediterranean without crossing land.",no,no,Incorrect,0.6978
meta,6,dev_1179,yes,"Yes, Phoenix and Denver are in the same time zone, which is Mountain Time",yes,yes,Correct,0.6954
meta,6,dev_0619,yes,"Yes, the state of Texas is bigger than Germany. Texas has an area of",yes,yes,Correct,0.7077
meta,6,dev_0650,yes,"Yes. New York City includes the 5 boroughs: Manhattan, Brooklyn",yes,yes,Correct,0.9208
meta,6,dev_0734,yes,I don't know. While it is possible to travel from Lake Erie,i,idk,IDK,0.6962999999999999
meta,6,dev_0061,no,An EMT-Basic is not authorized to start an IV. They are trained,an,other,NC,0.7072
meta,6,dev_0124,no,"No, health care is not free in the United States. While there are some",no,no,Correct,0.6956
meta,6,dev_0914,no,"No, stroke volume and ejection fraction are not the same. Stroke volume",no,no,Correct,0.6936
meta,6,dev_0955,no,I don't know. Mycosis fungoides is a type,i,idk,IDK,0.7086
meta,6,dev_1610,no,"No, soft-tissue damage is not the same as a sprain.",no,no,Correct,0.6889
meta,6,dev_1790,no,"I don't know. During implantation, the fertilized egg",i,idk,IDK,0.692
meta,6,dev_2096,no,"No, an X-ray and an MRI are not the same. An",no,no,Correct,0.7072
meta,6,dev_2277,no,"No, high dependency is not the same as intensive care. High dependency units",no,no,Correct,0.6892
meta,6,dev_2499,no,"No, a Doctor of Physical Therapy (DPT) is not an MD",no,no,Correct,0.6918
meta,6,dev_1959,yes,"Yes. Normal body temperature can vary throughout the day, with the lowest temperature typically",yes,yes,Correct,0.7152000000000001
meta,6,dev_1992,yes,"Yes, a person can transmit rabies to another person if they are bitten",yes,yes,Correct,0.698
meta,6,dev_2047,yes,"Yes, organs in the digestive system can be transplanted, but",yes,yes,Correct,0.7948999999999999
meta,6,dev_1656,yes,"I don't know. The phrase ""broken heart"" is often used",i,idk,IDK,0.7071000000000001
meta,6,dev_1663,yes,"Yes, turf toe can occur on any of the toes, not just the",yes,yes,Correct,0.6907000000000001
meta,6,dev_1752,yes,"Yes, triamcinolone cream can be used for poison ivy.",yes,yes,Correct,0.6872
meta,6,dev_2049,yes,"Yes, the common femoral vein is a deep vein. It is",yes,yes,Correct,0.7065
meta,6,dev_2050,yes,Yes. Drug tolerance can be caused by receptor upregulation and downreg,yes,yes,Correct,0.699
meta,6,dev_1442,yes,"Yes, a lipid profile and a lipid panel are the same thing.",yes,yes,Correct,0.6902999999999999
meta,6,dev_0301,no,I don't know. The Berlin Wall and the Berlin Blockade are two,i,idk,IDK,0.6872
meta,6,dev_0480,no,"No, we no longer follow the Articles of Confederation. The United States",no,no,Correct,0.687
meta,6,dev_1290,no,I don't know. Nova Scotia was not one of the original,i,idk,IDK,0.6918
meta,6,dev_1819,no,"No, the Czech Republic and Czechoslovakia are not the same country",no,no,Correct,0.6872999999999999
meta,6,dev_2206,no,"I don't know. The Emancipation Proclamation, issued",i,idk,IDK,0.6881
meta,6,dev_0376,yes,"Yes, William the Conqueror had a legitimate claim to the English throne.",yes,yes,Correct,0.6908
meta,6,dev_0346,yes,"Yes, there were helicopters in the Second World War. The first operational",yes,yes,Correct,0.6912
meta,6,dev_0363,yes,I don't know. The 1971 silver dollar is a,i,idk,IDK,0.6879
meta,6,dev_0535,yes,"I don't know. Houston was not the original capital of Texas, but",i,idk,IDK,0.6882
meta,6,dev_0629,yes,"YES, the 13th Amendment was passed after the Civil War",yes,yes,Correct,0.6891
meta,6,dev_0179,no,I don't know. U.S. courts of appeals do not,i,idk,IDK,0.6997000000000001
meta,6,dev_0402,no,"No, in the UK, it is not legal to have more than one spouse",no,no,Correct,0.6891
meta,6,dev_0513,no,I don't know. The question you asked is quite specific and may vary,i,idk,IDK,0.6889
meta,6,dev_0606,no,"It is not legal to escape from prison in Germany. If someone does escape,",it,other,NC,0.6939
meta,6,dev_0630,no,'I don't know.' The phrase 'under honorable conditions' is,i,idk,IDK,0.7065
meta,6,dev_0795,no,"No, driving laws are not the same in all states. Each state has its",no,no,Correct,0.6881
meta,6,dev_1457,no,"No, the Civil Rights Act is not part of the U.S. Constitution",no,no,Correct,0.6914
meta,6,dev_1776,no,"No, an Employment Authorization Document (EAD) is not the same",no,no,Correct,0.7067
meta,6,dev_1862,no,I don't know. The FCC's equal-time rule primarily,i,idk,IDK,0.6881
meta,6,dev_1911,no,I don't know. The U.S. Constitution does not set a,i,idk,IDK,0.6902999999999999
meta,6,dev_2755,no,I don't know. The requirements to become an attorney vary by jurisdiction,i,idk,IDK,0.7076
meta,6,dev_2756,no,"Yes, the Bill of Rights is not part of the original Constitution. It was",yes,yes,Incorrect,0.701
meta,6,dev_2921,no,"No, property tax and council tax are not the same. Property tax is a",no,no,Correct,0.6892
meta,6,dev_2972,no,"No, commercial law and corporate law are not the same. Commercial law deals with",no,no,Correct,0.6882999999999999
meta,6,dev_0009,yes,"Yes, you can drive in Canada with a valid US driver's license for",yes,yes,Correct,0.6866
meta,6,dev_0038,yes,"It depends on the country and the specific circumstances. In some countries, it is",it,other,NC,0.6915
meta,6,dev_0129,yes,"I don't know. In Florida, private sales of firearms are allowed",i,idk,IDK,0.6921
meta,6,dev_0202,yes,"Yes, breaking and entering into a car can be considered a felony in many",yes,yes,Correct,0.7072999999999999
meta,6,dev_0308,yes,"Yes, it is illegal for a minor to be in possession of alcohol. The",yes,yes,Correct,0.7012
meta,6,dev_0584,yes,"YES, the First Amendment is in the Bill of Rights. It is",yes,yes,Correct,0.6912999999999999
meta,6,dev_0644,yes,"Yes, it is a law in many places that you must pull over for an",yes,yes,Correct,0.6896
meta,6,dev_0653,yes,"Yes, the Family Medical Leave Act (FMLA) is a federal law",yes,yes,Correct,0.688
meta,6,dev_0671,yes,"Yes, the state of Kansas has the death penalty. However, it has not",yes,yes,Correct,0.6892
meta,6,dev_0757,yes,"Yes, you can get in trouble for stealing a street sign. It is",yes,yes,Correct,0.6901
meta,6,dev_1059,yes,"Yes, the Supreme Court can potentially stop an executive order through a process called jud",yes,yes,Correct,0.6967000000000001
meta,6,dev_1067,yes,"Yes, the Preamble is a part of the Indian Constitution. It provides",yes,yes,Correct,0.6902999999999999
meta,6,dev_1097,yes,"Yes, in Canada, you have the right to remain silent and not incrim",yes,yes,Correct,0.6882999999999999
meta,6,dev_1131,yes,I don't know. Illinois does not have a stand your ground law in,i,idk,IDK,0.7044
meta,6,dev_1324,yes,'I don't know.' The answer can vary depending on the specific laws,i,idk,IDK,0.6912999999999999
meta,6,dev_0305,no,I don't know. The classification of states in India is based on various,i,idk,IDK,0.6867000000000001
meta,6,dev_0465,no,"No, the National Guard is not part of the Coast Guard. The National Guard",no,no,Correct,0.7074
meta,6,dev_0508,no,"No, a U.S. President can only serve a maximum of two terms",no,no,Correct,0.6908
meta,6,dev_0518,no,"Yes, the Justice Department is part of the executive branch, not the judicial",yes,yes,Incorrect,0.6872
meta,6,dev_0572,no,"A legislator can be a senator, but not all legislators are sen",a,other,NC,0.6972999999999999
meta,6,dev_0898,no,I don't know. Permanent residents in Canada are not eligible to,i,idk,IDK,0.6865
meta,6,dev_1154,no,"Yes, there were not always 9 justices on the Supreme Court. The",yes,yes,Incorrect,0.6886
meta,6,dev_1221,no,"I don't know. In the United States Congress, a filibuster",i,idk,IDK,0.6986
meta,6,dev_1244,no,"No, Canada and Australia are not part of the UK. They are separate countries",no,no,Correct,0.6879
meta,6,dev_1245,no,"I don't know. Turkey is not a member of the European Union,",i,idk,IDK,0.6906
meta,6,dev_1273,no,"No, Guam is not part of the U.S. Virgin Islands.",no,no,Correct,0.6944
meta,6,dev_0647,yes,Yes. Every nation-state typically has a national government that is responsible for governing,yes,yes,Correct,0.7012
meta,6,dev_0254,yes,"I don't know. In the United States, the Vice President serves as",i,idk,IDK,0.6896
meta,6,dev_0486,yes,Yes. The United States Postal Service (USPS) is an independent agency,yes,yes,Correct,0.6887000000000001
meta,6,dev_0736,yes,The World Bank is not an affiliate of the United Nations. It is an international,the,other,NC,0.6878
meta,6,dev_0814,yes,"No, the Air Force does not have ground combat troops as its primary mission is",no,no,Incorrect,0.6886
meta,6,dev_1477,yes,"Yes, the cabinet is part of the executive branch in the United States government.",yes,yes,Correct,0.6874
meta,6,dev_1721,yes,"Yes, there are U.S. military bases in the UK. Some examples",yes,yes,Correct,0.6997000000000001
meta,6,dev_1786,yes,"Yes, New York City still has rent control in place for apartments that were rent",yes,yes,Correct,0.6998
meta,6,dev_1970,yes,"Yes, a state ID is a government-issued ID. It is issued",yes,yes,Correct,0.6866
meta,6,dev_1985,yes,"Yes, a constitutional right to privacy exists in the United States. This right is",yes,yes,Correct,0.6892999999999999
meta,6,dev_2448,no,"I don't know. Puerto Rico is a U.S. territory,",i,idk,IDK,0.6952999999999999
meta,6,dev_0066,yes,"Yes, all triangles have at least two acute angles. The sum of",yes,yes,Correct,0.6879
meta,6,dev_0088,yes,"Yes, it is possible to create mass from energy according to the theory of mass",yes,yes,Correct,0.6872999999999999
meta,6,dev_0196,yes,I don't know. While Tyrannosaurus rex fossils,i,idk,IDK,0.7127
meta,6,dev_0262,yes,"Yes, a real image can be projected onto a screen. A real image is",yes,yes,Correct,0.6938
meta,6,dev_0271,yes,"Yes, an outcome variable is the same as a dependent variable. In statistical models",yes,yes,Correct,0.6872999999999999
meta,6,dev_0329,yes,"Yes, the Sun orbits around the Milky Way. The Milky Way",yes,yes,Correct,0.7049
meta,6,dev_0331,yes,"Yes, a wheel and axle is a simple machine. It belongs to the",yes,yes,Correct,0.6881
meta,6,dev_0387,yes,Yes. Density depends on the type of material. Different materials have different dens,yes,yes,Correct,0.6889
meta,6,dev_0418,yes,"No, it is not possible to have thunder and lightning while snowing. Th",no,no,Incorrect,0.6965
meta,6,dev_0616,yes,"Yes, bicarb soda and baking soda are essentially the same.",yes,yes,Correct,0.6887000000000001
meta,6,dev_0638,yes,Yes. All rhombuses have two pairs of parallel sides. The definition of,yes,yes,Correct,0.687
meta,6,dev_0657,yes,"No, yield stress and yield strength are not the same. Yield stress is",no,no,Incorrect,0.6882999999999999
meta,6,dev_0692,yes,"Yes, we can use a hydrometer to measure the density of milk.",yes,yes,Correct,0.6869
meta,6,dev_0744,yes,"A polynomial cannot have a square root of a variable. So, the answer is",a,other,NC,0.6872999999999999
meta,6,dev_0797,yes,"Yes, average velocity does have a direction associated with it. It represents the displ",yes,yes,Correct,0.6881
meta,6,dev_0842,yes,"Yes, a diffraction effect can be seen in sound waves. Sound waves can",yes,yes,Correct,0.6895
meta,6,dev_1379,yes,"Yes, talc and talcum powder are the same substance. Talc",yes,yes,Correct,0.6891
meta,6,dev_0126,no,"No, according to the laws of physics as we currently understand them, it is",no,no,Correct,0.6871
meta,6,dev_0342,no,"No, the speed of sound is not constant for all materials. The speed of",no,no,Correct,0.6856
meta,6,dev_0437,no,I don't know. The summer solstice and the full moon don,i,idk,IDK,0.6917000000000001
meta,6,dev_0553,no,"Yes, all the angles in a parallelogram are equal. This is",yes,yes,Incorrect,0.6885
meta,6,dev_0652,no,"The square root of 3 is an irrational number. So, the answer",the,other,NC,0.6978
meta,6,dev_0708,no,"No, a negative number cannot be a perfect square. Perfect squares are always",no,no,Correct,0.6994
meta,6,dev_1083,no,I don't know. Carbon-14 dating is a method used,i,idk,IDK,0.6885
meta,6,dev_1142,no,"I don't know. Quantum entanglement is a fascinating phenomenon,",i,idk,IDK,0.6954
meta,6,dev_1354,no,I don't know. The depth of the water table can vary greatly depending,i,idk,IDK,0.714
meta,6,dev_1460,no,I don't know. A single-subject research design is suitable for some,i,idk,IDK,0.6875
meta,6,dev_1468,no,"No, sodium lactate is not the same as lactic acid.",no,no,Correct,0.6898
meta,6,dev_1559,no,"No, log x is not the same as ln x. Logarithm",no,no,Correct,0.703
meta,6,dev_1595,no,I don't know. Reverse osmosis water and deionized,i,idk,IDK,0.6897000000000001
meta,6,dev_1643,no,"No, static pressure is not the same as atmospheric pressure. Static",no,no,Correct,0.6882999999999999
meta,6,dev_1692,no,"No, atmospheric pressure is not always 1 atm. The atmospher",no,no,Correct,0.7015
meta,6,dev_1726,no,"Yes, the vagus nerve is part of the peripheral nervous system (P",yes,yes,Incorrect,0.716
meta,6,dev_0008,yes,"YES, there is an English word with Q not followed by U. The",yes,yes,Correct,0.6887000000000001
meta,6,dev_0323,yes,"Yes, Song of Solomon and Song of Songs are the same book. In",yes,yes,Correct,0.6869
meta,6,dev_0794,yes,"YES, Erving Goffman is associated with the dramaturgical",yes,yes,Correct,0.6901
meta,6,dev_0866,yes,Yes. There are many words where the letter Q is not followed by the letter,yes,yes,Correct,0.688
meta,6,dev_0910,yes,"Yes, the Dewey Decimal System is still in use, although it",yes,yes,Correct,0.6878
meta,6,dev_0992,yes,"Yes, students can be held back in elementary school if they do not meet the",yes,yes,Correct,0.715
meta,6,dev_1446,yes,"Yes, the Church of England and the Anglican Church are essentially the same",yes,yes,Correct,0.6897000000000001
meta,6,dev_0294,no,"No, Australian Sign Language (Auslan) and American Sign Language (AS",no,no,Correct,0.6882
meta,6,dev_0521,no,"No, that is not true. The word ""kangaroo"" does",no,no,Correct,0.6885
meta,6,dev_0943,no,I don't know. The Book of Deuteronomy is actually in the,i,idk,IDK,2.0365
meta,6,dev_1887,no,"No, the Persian and Arabic alphabets are not the same",no,no,Correct,0.6914
meta,6,dev_2892,no,"No, Scottish Gaelic and Irish Gaelic are not the same.",no,no,Correct,0.6881
meta,6,dev_2691,no,"No, King's College London is not part of Cambridge University. King'",no,no,Correct,0.7044
meta,6,dev_0065,yes,"YES, many members of the 1980 US hockey team went",yes,yes,Correct,0.6904
meta,6,dev_0245,yes,"I don't know. In American football, the ball can be passed once",i,idk,IDK,0.6901
meta,6,dev_0315,yes,"Yes, you can play soccer on a football field, but it may not be",yes,yes,Correct,0.7081000000000001
meta,6,dev_0361,yes,"Yes, chewing tobacco is banned in Major League Baseball since 20",yes,yes,Correct,0.6881
meta,6,dev_0550,yes,"Yes, there have been tie games in baseball. In the early days of the",yes,yes,Correct,0.6882999999999999
meta,6,dev_0595,yes,"No, the Ivy League does not have a basketball tournament. The Ivy",no,no,Incorrect,0.6957000000000001
meta,6,dev_0966,yes,"Yes, the round of 16 in the World Cup is single elimination",yes,yes,Correct,0.6896
meta,6,dev_1078,yes,"Yes. There have been 32 NHL teams, and not all of",yes,yes,Correct,0.689
meta,6,dev_1224,yes,"Yes, a rugby field is generally bigger than a football field. A rugby field",yes,yes,Correct,0.6872
meta,6,dev_1251,yes,Yes. Croatia has placed in the World Cup. They reached the fin,yes,yes,Correct,0.6924
meta,6,dev_1260,yes,I don't know. The Nike Air Force 1 is a classic,i,idk,IDK,0.6918
meta,6,dev_1278,yes,"YES, Cal Ripken Jr. is in the Hall of Fame.",yes,yes,Correct,0.7132999999999999
meta,6,dev_1462,yes,Yes. There is an opening ceremony for the FIFA World Cup. The ceremony typically,yes,yes,Correct,0.6921
meta,6,dev_1494,yes,"Yes, a player can be offside on a corner kick. The offside",yes,yes,Correct,0.6876
meta,6,dev_1543,yes,"Yes, an NHL team has come back from 3-0 in a",yes,yes,Correct,0.7087
meta,6,dev_2012,yes,"Yes, Dwight Howard played for the Houston Rockets. He was a",yes,yes,Correct,0.6876
meta,6,dev_2118,yes,"Yes, it is possible to break someone's wrist by twisting it,",yes,yes,Correct,0.6908
meta,6,dev_2272,yes,"Yes, AstroTurf is a brand name for artificial grass. Other brands",yes,yes,Correct,0.7098
meta,6,dev_2338,yes,I don't know. A player can participate in multiple competitions during a,i,idk,IDK,0.6867000000000001
meta,6,dev_2498,yes,I don't know. There have been instances of players hitting grand slams,i,idk,IDK,0.6917000000000001
meta,6,dev_2509,yes,"Yes, the Cleveland Cavaliers came back from 3-1 in the",yes,yes,Correct,0.7031000000000001
meta,6,dev_2917,yes,"YES, the Tampa Bay Lightning has won a Stanley Cup. They",yes,yes,Correct,0.6889
meta,6,dev_2966,yes,"Yes, it is possible to go to the NBA out of high school, but",yes,yes,Correct,0.7012999999999999
meta,6,dev_2974,yes,It is not possible for a,it,other,NC,0.7006
meta,6,dev_3007,yes,"Yes, the Tour de France is different every year. The route, participating teams",yes,yes,Correct,0.6892999999999999
meta,6,dev_3199,yes,"Yes, a club professional has won the PGA Championship. The most recent club",yes,yes,Correct,0.6864
meta,6,dev_0222,no,"No, NCAA and NBA basketballs are not the same size. An NBA",no,no,Correct,0.6886
meta,6,dev_0398,no,"No, a player cannot score directly from a throw-in in soccer. A",no,no,Correct,0.6902
meta,6,dev_0426,no,"No, a soccer goalie cannot pick up a throw-in. Only the",no,no,Correct,0.6875
meta,6,dev_0464,no,"Yes, the golden goal rule was not used in the 2018",yes,yes,Incorrect,0.7002
meta,6,dev_0563,no,"Yes, Croatia won the soccer World Cup in 2018",yes,yes,Incorrect,0.6967000000000001
meta,6,dev_0658,no,"I don't know. In baseball, a ""dead ball"" is a",i,idk,IDK,0.6878
meta,6,dev_1366,no,"No, they do not make a new Champions League trophy every year. The",no,no,Correct,0.6872999999999999
meta,6,dev_1471,no,"I don't know. In association football (soccer), a player is",i,idk,IDK,0.6872999999999999
meta,6,dev_1558,no,"No, the FIFA World Cup is not held every year. It is held every",no,no,Correct,0.6911
meta,6,dev_1580,no,"No, the White Sox and Cubs do not share a stadium. The",no,no,Correct,0.695
meta,6,dev_2401,no,I don't know. A no-ball is a delivery that does not,i,idk,IDK,0.6892999999999999
meta,6,dev_2436,no,"No, it is not possible to run a mile in 2 minutes. The",no,no,Correct,2.0185999999999997
meta,6,dev_3224,no,"No, an MLB game cannot end in a tie. If the game is",no,no,Correct,0.7016
meta,6,dev_0022,yes,"Yes, a spark plug is essential for an engine to run. It provides the",yes,yes,Correct,0.6912
meta,6,dev_0132,yes,"Yes, a Network Attached Storage (NAS) can be used as a",yes,yes,Correct,0.6905
meta,6,dev_0268,yes,Yes. An AGM (Absorbed Glass Mat) battery is a type,yes,yes,Correct,0.6915
meta,6,dev_0646,yes,"Yes, multithreading can still be useful even on a single processor.",yes,yes,Correct,0.6965
meta,6,dev_0697,yes,"Yes, there is a storage limit on Google Drive. The free account comes with",yes,yes,Correct,0.6899
meta,6,dev_0935,yes,"Yes, we can have multiple foreign keys in a table. Each foreign key must",yes,yes,Correct,0.703
meta,6,dev_1159,yes,"Yes, a high-level language can use an assembler. An as",yes,yes,Correct,0.7025
meta,6,dev_1376,yes,Yes. A database can contain more than one table. Tables are used to,yes,yes,Correct,0.8603999999999999
meta,6,dev_1646,yes,"No, cast-iron pans are not compatible with induction cooktops",no,no,Incorrect,0.69
meta,6,dev_1869,yes,"Yes, a database table can have multiple foreign keys. A foreign key is a",yes,yes,Correct,0.6867000000000001
meta,6,dev_2397,yes,"Yes, there is such a thing as a cell phone jammer. It is",yes,yes,Correct,0.688
meta,6,dev_0512,no,"No, Microsoft Visio and Visual Studio are not the same. Microsoft Visio",no,no,Correct,0.6882999999999999
meta,6,dev_1524,no,"No, the transmission and the engine are not the same thing. The engine generates",no,no,Correct,0.6946
meta,6,dev_1675,no,"No, input lag and response time are not the same thing. Input lag refers",no,no,Correct,0.6944
meta,6,dev_1723,no,I don't know. The answer depends on the specific 3-way,i,idk,IDK,0.7021000000000001
meta,6,dev_2027,no,"No, HD DVD and Blu-ray are not the same. They are",no,no,Correct,0.6861
meta,6,dev_2104,no,"No, a PlayStation 2 does not have the capability to connect to the",no,no,Correct,0.7066
meta,6,dev_2262,no,"No, WordPad is not the same as Microsoft Word. WordPad is a",no,no,Correct,0.6874
meta,6,dev_2431,no,"No, a node in a tree cannot have two parents. In a tree data",no,no,Correct,0.6874
meta,6,dev_2524,no,"No, the iPhone SE and iPhone 5 are not the same. The iPhone",no,no,Correct,0.7067
meta,6,dev_3057,no,"No, Windows Subsystem for Linux (WSL) is not a virtual machine",no,no,Correct,0.7
meta,6,dev_3167,no,"No, gear oil and motor oil are not the same. Gear oil is",no,no,Correct,0.6988
