scaffold,L,boolq_id,gold,reply,first_token,pred_label,acc_type,timing_s
meta,16,dev_0023,yes,NO,no,no,Incorrect,0.7152999999999999
meta,16,dev_0039,no,YES,yes,yes,Incorrect,0.7161000000000001
meta,16,dev_0055,no,YES,yes,yes,Incorrect,2.046
meta,16,dev_0059,no,I don't know,i,idk,IDK,0.7147
meta,16,dev_0068,no,NO,no,no,Correct,0.7161000000000001
meta,16,dev_0087,yes,NO,no,no,Incorrect,0.716
meta,16,dev_0107,no,I don't know,i,idk,IDK,0.7156
meta,16,dev_0120,yes,NO,no,no,Incorrect,0.7155
meta,16,dev_0138,no,YES,yes,yes,Incorrect,0.7153999999999999
meta,16,dev_0151,no,I don't know,i,idk,IDK,0.7147
meta,16,dev_0163,yes,I don't know,i,idk,IDK,0.716
meta,16,dev_0165,no,YES,yes,yes,Incorrect,0.7166
meta,16,dev_0207,no,NO,no,no,Correct,0.7171000000000001
meta,16,dev_0210,no,YES,yes,yes,Incorrect,0.7155
meta,16,dev_0221,no,YES,yes,yes,Incorrect,0.7159
meta,16,dev_0229,yes,I don't know,i,idk,IDK,0.7165
meta,16,dev_0237,no,I don't know,i,idk,IDK,0.7179
meta,16,dev_0243,no,I don't know,i,idk,IDK,0.7163999999999999
meta,16,dev_0248,yes,NO,no,no,Incorrect,0.7148
meta,16,dev_0249,yes,YES,yes,yes,Correct,0.7147
meta,16,dev_0251,yes,NO,no,no,Incorrect,0.7167
meta,16,dev_0257,yes,NO,no,no,Incorrect,0.715
meta,16,dev_0270,no,NO,no,no,Correct,0.7167
meta,16,dev_0287,yes,NO,no,no,Incorrect,0.7162999999999999
meta,16,dev_0295,no,I don't know,i,idk,IDK,0.7162999999999999
meta,16,dev_0298,yes,NO,no,no,Incorrect,0.7155
meta,16,dev_0312,no,I don't know,i,idk,IDK,0.7158
meta,16,dev_0316,yes,NO,no,no,Incorrect,0.7156
meta,16,dev_0318,yes,YES,yes,yes,Correct,0.7159
meta,16,dev_0321,yes,I don't know,i,idk,IDK,0.7158
meta,16,dev_0333,yes,NO,no,no,Incorrect,0.7162999999999999
meta,16,dev_0336,no,YES,yes,yes,Incorrect,0.7172000000000001
meta,16,dev_0343,yes,NO,no,no,Incorrect,0.7158
meta,16,dev_0352,no,NO,no,no,Correct,0.7152999999999999
meta,16,dev_0355,no,NO,no,no,Correct,0.7158
meta,16,dev_0364,no,NO,no,no,Correct,0.7166
meta,16,dev_0366,no,YES,yes,yes,Incorrect,0.7152999999999999
meta,16,dev_0406,no,NO,no,no,Correct,0.7157
meta,16,dev_0428,no,YES,yes,yes,Incorrect,0.7155
meta,16,dev_0429,yes,YES,yes,yes,Correct,0.7167
meta,16,dev_0430,yes,NO,no,no,Incorrect,0.7172000000000001
meta,16,dev_0436,no,I don't know,i,idk,IDK,0.7153999999999999
meta,16,dev_0441,no,I don't know,i,idk,IDK,0.7149
meta,16,dev_0442,yes,YES,yes,yes,Correct,0.7167
meta,16,dev_0479,no,YES,yes,yes,Incorrect,0.7163999999999999
meta,16,dev_0481,no,NO,no,no,Correct,0.7159
meta,16,dev_0482,no,NO,no,no,Correct,0.7189
meta,16,dev_0487,no,I don't know,i,idk,IDK,0.7156
meta,16,dev_0504,yes,NO,no,no,Incorrect,0.7148
meta,16,dev_0509,no,YES,yes,yes,Incorrect,2.0595
meta,16,dev_0532,no,I don't know,i,idk,IDK,0.7168
meta,16,dev_0534,no,YES,yes,yes,Incorrect,0.7157
meta,16,dev_0536,yes,NO,no,no,Incorrect,0.7156
meta,16,dev_0537,no,I don't know,i,idk,IDK,0.7153999999999999
meta,16,dev_0546,yes,NO,no,no,Incorrect,0.7166
meta,16,dev_0560,no,YES,yes,yes,Incorrect,0.7161000000000001
meta,16,dev_0568,no,NO,no,no,Correct,0.7157
meta,16,dev_0569,no,NO,no,no,Correct,0.7162999999999999
meta,16,dev_0588,yes,I don't know,i,idk,IDK,0.7172000000000001
meta,16,dev_0594,no,NO,no,no,Correct,0.7159
meta,16,dev_0596,no,NO,no,no,Correct,0.7157
meta,16,dev_0598,yes,NO,no,no,Incorrect,0.716
meta,16,dev_0612,yes,NO,no,no,Incorrect,0.7156
meta,16,dev_0617,yes,NO,no,no,Incorrect,0.7158
meta,16,dev_0662,yes,NO,no,no,Incorrect,0.716
meta,16,dev_0678,no,NO,no,no,Correct,0.7173999999999999
meta,16,dev_0696,no,YES,yes,yes,Incorrect,0.7162000000000001
meta,16,dev_0711,yes,NO,no,no,Incorrect,0.7155
meta,16,dev_0718,yes,NO,no,no,Incorrect,0.7152999999999999
meta,16,dev_0724,no,I don't know,i,idk,IDK,0.7152999999999999
meta,16,dev_0731,no,I don't know,i,idk,IDK,0.7148
meta,16,dev_0737,no,I don't know,i,idk,IDK,0.716
meta,16,dev_0754,yes,NO,no,no,Incorrect,0.7148
meta,16,dev_0759,no,NO,no,no,Correct,0.7158
meta,16,dev_0764,yes,NO,no,no,Incorrect,0.7156
meta,16,dev_0782,yes,NO,no,no,Incorrect,0.7162999999999999
meta,16,dev_0817,no,I don't know,i,idk,IDK,0.7153999999999999
meta,16,dev_0829,no,NO,no,no,Correct,0.7169
meta,16,dev_0832,no,YES,yes,yes,Incorrect,0.7167
meta,16,dev_0837,yes,I don't know,i,idk,IDK,0.7156
meta,16,dev_0853,no,NO,no,no,Correct,0.717
meta,16,dev_0854,no,NO,no,no,Correct,0.7159
meta,16,dev_0862,no,NO,no,no,Correct,0.715
meta,16,dev_0871,yes,I don't know,i,idk,IDK,0.7162999999999999
meta,16,dev_0916,yes,NO,no,no,Incorrect,0.7172000000000001
meta,16,dev_0922,yes,NO,no,no,Incorrect,0.7153999999999999
meta,16,dev_0933,no,YES,yes,yes,Incorrect,2.0481
meta,16,dev_0934,yes,NO,no,no,Incorrect,0.7156
meta,16,dev_0940,yes,NO,no,no,Incorrect,0.7151000000000001
meta,16,dev_0944,no,I don't know,i,idk,IDK,0.7149
meta,16,dev_0952,yes,NO,no,no,Incorrect,0.716
meta,16,dev_0958,yes,NO,no,no,Incorrect,0.7162000000000001
meta,16,dev_0981,no,I don't know,i,idk,IDK,0.7161000000000001
meta,16,dev_0991,yes,I don't know,i,idk,IDK,0.7161000000000001
meta,16,dev_0994,yes,I don't know,i,idk,IDK,0.7161000000000001
meta,16,dev_0996,no,NO,no,no,Correct,0.7166
meta,16,dev_1006,no,I don't know,i,idk,IDK,0.7142999999999999
meta,16,dev_1011,no,I don't know,i,idk,IDK,0.7152000000000001
meta,16,dev_1022,yes,I don't know,i,idk,IDK,0.716
meta,16,dev_1049,no,YES,yes,yes,Incorrect,0.7158
meta,16,dev_1062,yes,NO,no,no,Incorrect,0.7162999999999999
meta,16,dev_1075,yes,NO,no,no,Incorrect,0.7152999999999999
meta,16,dev_1102,no,YES,yes,yes,Incorrect,0.7151000000000001
meta,16,dev_1110,yes,NO,no,no,Incorrect,0.7157
meta,16,dev_1112,no,I don't know,i,idk,IDK,0.7156
meta,16,dev_1113,yes,NO,no,no,Incorrect,0.7156
meta,16,dev_1121,no,NO,no,no,Correct,0.7159
meta,16,dev_1133,no,I don't know,i,idk,IDK,0.7172999999999999
meta,16,dev_1138,yes,NO,no,no,Incorrect,0.7151000000000001
meta,16,dev_1146,yes,I don't know,i,idk,IDK,0.716
meta,16,dev_1155,yes,NO,no,no,Incorrect,0.7162000000000001
meta,16,dev_1175,no,YES,yes,yes,Incorrect,0.7152999999999999
meta,16,dev_1178,no,YES,yes,yes,Incorrect,0.7149
meta,16,dev_1183,yes,NO,no,no,Incorrect,0.7163999999999999
meta,16,dev_1196,no,YES,yes,yes,Incorrect,0.7175
meta,16,dev_1204,yes,I don't know,i,idk,IDK,0.7155
meta,16,dev_1205,no,NO,no,no,Correct,0.7167
meta,16,dev_1209,yes,I don't know,i,idk,IDK,0.7143999999999999
meta,16,dev_1227,no,NO,no,no,Correct,0.716
meta,16,dev_1229,no,NO,no,no,Correct,0.7162999999999999
meta,16,dev_1230,yes,NO,no,no,Incorrect,0.7155
meta,16,dev_1235,no,YES,yes,yes,Incorrect,0.7163999999999999
meta,16,dev_1239,yes,NO,no,no,Incorrect,0.7161000000000001
meta,16,dev_1241,no,YES,yes,yes,Incorrect,0.7155
meta,16,dev_1250,yes,YES,yes,yes,Correct,0.7158
meta,16,dev_1256,yes,NO,no,no,Incorrect,0.7172999999999999
meta,16,dev_1261,no,NO,no,no,Correct,0.715
meta,16,dev_1267,no,NO,no,no,Correct,0.7166
meta,16,dev_1271,no,YES,yes,yes,Incorrect,0.7162999999999999
meta,16,dev_1283,yes,I don't know,i,idk,IDK,0.7155
meta,16,dev_1285,no,YES,yes,yes,Incorrect,0.7157
meta,16,dev_1286,no,I don't know,i,idk,IDK,0.716
meta,16,dev_1294,yes,I don't know,i,idk,IDK,0.7149
meta,16,dev_1296,yes,NO,no,no,Incorrect,2.0601
meta,16,dev_1303,no,NO,no,no,Correct,0.7165
meta,16,dev_1307,yes,NO,no,no,Incorrect,0.715
meta,16,dev_1311,yes,NO,no,no,Incorrect,0.718
meta,16,dev_1316,yes,NO,no,no,Incorrect,0.7159
meta,16,dev_1317,no,NO,no,no,Correct,0.7172000000000001
meta,16,dev_1333,yes,NO,no,no,Incorrect,0.716
meta,16,dev_1336,yes,YES,yes,yes,Correct,0.7152000000000001
meta,16,dev_1345,no,YES,yes,yes,Incorrect,0.7172000000000001
meta,16,dev_1359,no,NO,no,no,Correct,0.7172000000000001
meta,16,dev_1370,yes,I don't know,i,idk,IDK,0.717
meta,16,dev_1371,no,I don't know,i,idk,IDK,0.7172000000000001
meta,16,dev_1372,yes,NO,no,no,Incorrect,0.7162999999999999
meta,16,dev_1382,no,NO,no,no,Correct,0.7151000000000001
meta,16,dev_1406,no,YES,yes,yes,Incorrect,0.7165
meta,16,dev_1408,yes,NO,no,no,Incorrect,0.7173999999999999
meta,16,dev_1413,yes,NO,no,no,Incorrect,0.7162999999999999
meta,16,dev_1419,yes,NO,no,no,Incorrect,0.7166
meta,16,dev_1420,yes,I don't know,i,idk,IDK,0.7162000000000001
meta,16,dev_1423,no,I don't know,i,idk,IDK,0.7153999999999999
meta,16,dev_1424,no,I don't know,i,idk,IDK,0.7156
meta,16,dev_1436,no,NO,no,no,Correct,0.7152999999999999
meta,16,dev_1438,yes,NO,no,no,Incorrect,0.7161000000000001
meta,16,dev_1452,no,I don't know,i,idk,IDK,0.7163999999999999
meta,16,dev_1455,yes,I don't know,i,idk,IDK,0.715
meta,16,dev_1464,no,YES,yes,yes,Incorrect,0.7159
meta,16,dev_1467,yes,I don't know,i,idk,IDK,0.7151000000000001
meta,16,dev_1473,yes,NO,no,no,Incorrect,0.716
meta,16,dev_1489,yes,I don't know,i,idk,IDK,0.7173999999999999
meta,16,dev_1498,yes,NO,no,no,Incorrect,0.7173999999999999
meta,16,dev_1508,no,YES,yes,yes,Incorrect,0.7163999999999999
meta,16,dev_1515,no,YES,yes,yes,Incorrect,0.7157
meta,16,dev_1517,yes,NO,no,no,Incorrect,0.715
meta,16,dev_1528,yes,I don't know,i,idk,IDK,0.7161000000000001
meta,16,dev_1533,no,I don't know,i,idk,IDK,0.7179
meta,16,dev_1534,no,NO,no,no,Correct,0.7169
meta,16,dev_1546,yes,I don't know,i,idk,IDK,0.7156
meta,16,dev_1552,yes,NO,no,no,Incorrect,0.7162999999999999
meta,16,dev_1557,no,YES,yes,yes,Incorrect,0.7162000000000001
meta,16,dev_1563,no,YES,yes,yes,Incorrect,0.7157
meta,16,dev_1627,no,NO,no,no,Correct,0.7168
meta,16,dev_1632,yes,NO,no,no,Incorrect,0.7162999999999999
meta,16,dev_1650,yes,I don't know,i,idk,IDK,0.7156
meta,16,dev_1655,no,I don't know,i,idk,IDK,0.7153999999999999
meta,16,dev_1658,yes,NO,no,no,Incorrect,0.717
meta,16,dev_1659,yes,YES,yes,yes,Correct,0.7159
meta,16,dev_1673,yes,NO,no,no,Incorrect,0.7158
meta,16,dev_1680,no,YES,yes,yes,Incorrect,2.0696999999999997
meta,16,dev_1687,no,YES,yes,yes,Incorrect,0.7167
meta,16,dev_1698,no,NO,no,no,Correct,0.7186
meta,16,dev_1707,yes,NO,no,no,Incorrect,0.7159
meta,16,dev_1727,yes,NO,no,no,Incorrect,0.7161000000000001
meta,16,dev_1736,no,I don't know,i,idk,IDK,0.7166
meta,16,dev_1737,yes,I don't know,i,idk,IDK,0.7157
meta,16,dev_1740,yes,NO,no,no,Incorrect,0.7172000000000001
meta,16,dev_1743,no,I don't know,i,idk,IDK,0.7161000000000001
meta,16,dev_1749,yes,I don't know,i,idk,IDK,0.7155
meta,16,dev_1750,no,NO,no,no,Correct,0.7166
meta,16,dev_1757,yes,NO,no,no,Incorrect,0.7163999999999999
meta,16,dev_1763,yes,YES,yes,yes,Correct,0.7156
meta,16,dev_1775,no,NO,no,no,Correct,0.7166
meta,16,dev_1789,no,NO,no,no,Correct,0.716
meta,16,dev_1806,no,I don't know,i,idk,IDK,0.7162000000000001
meta,16,dev_1814,no,YES,yes,yes,Incorrect,0.7161000000000001
meta,16,dev_1823,yes,NO,no,no,Incorrect,0.7183999999999999
meta,16,dev_1832,no,I don't know,i,idk,IDK,0.7155
meta,16,dev_1849,yes,NO,no,no,Incorrect,0.7166
meta,16,dev_1851,no,YES,yes,yes,Incorrect,0.7162999999999999
meta,16,dev_1857,no,YES,yes,yes,Incorrect,0.7162999999999999
meta,16,dev_1895,yes,NO,no,no,Incorrect,0.7153999999999999
meta,16,dev_1906,no,I don't know,i,idk,IDK,0.7186
meta,16,dev_1916,yes,NO,no,no,Incorrect,0.7362000000000001
meta,16,dev_1919,yes,I don't know,i,idk,IDK,0.7167
meta,16,dev_1924,yes,YES,yes,yes,Correct,0.7167
meta,16,dev_1938,no,NO,no,no,Correct,0.7161000000000001
meta,16,dev_1948,yes,NO,no,no,Incorrect,0.7268
meta,16,dev_1950,no,NO,no,no,Correct,0.717
meta,16,dev_1960,no,NO,no,no,Correct,0.7171000000000001
meta,16,dev_1977,no,NO,no,no,Correct,0.716
meta,16,dev_1995,yes,I don't know,i,idk,IDK,0.7167
meta,16,dev_1997,yes,I don't know,i,idk,IDK,0.7168
meta,16,dev_2009,no,YES,yes,yes,Incorrect,0.7163999999999999
meta,16,dev_2032,yes,NO,no,no,Incorrect,0.715
meta,16,dev_2045,yes,I don't know,i,idk,IDK,0.7163999999999999
meta,16,dev_2053,no,NO,no,no,Correct,2.0601
meta,16,dev_2061,no,I don't know,i,idk,IDK,0.7165
meta,16,dev_2065,yes,NO,no,no,Incorrect,0.7153999999999999
meta,16,dev_2068,yes,NO,no,no,Incorrect,0.7196
meta,16,dev_2078,no,I don't know,i,idk,IDK,0.7162999999999999
meta,16,dev_2079,yes,YES,yes,yes,Correct,0.7166
meta,16,dev_2088,no,YES,yes,yes,Incorrect,0.7168
meta,16,dev_2091,no,I don't know,i,idk,IDK,0.7152000000000001
meta,16,dev_2094,no,YES,yes,yes,Incorrect,0.7153999999999999
meta,16,dev_2095,yes,NO,no,no,Incorrect,0.7158
meta,16,dev_2139,no,NO,no,no,Correct,0.7155
meta,16,dev_2166,yes,I don't know,i,idk,IDK,0.716
meta,16,dev_2184,no,YES,yes,yes,Incorrect,0.7143999999999999
meta,16,dev_2187,yes,I don't know,i,idk,IDK,0.715
meta,16,dev_2192,no,YES,yes,yes,Incorrect,0.7178
meta,16,dev_2196,no,YES,yes,yes,Incorrect,0.7163999999999999
meta,16,dev_2199,yes,NO,no,no,Incorrect,0.7161000000000001
meta,16,dev_2204,yes,NO,no,no,Incorrect,0.7158
meta,16,dev_2220,no,I don't know,i,idk,IDK,0.7178
meta,16,dev_2224,no,I don't know,i,idk,IDK,0.7158
meta,16,dev_2232,no,YES,yes,yes,Incorrect,0.7155
meta,16,dev_2234,no,NO,no,no,Correct,0.7172999999999999
meta,16,dev_2237,no,NO,no,no,Correct,0.7146
meta,16,dev_2247,yes,NO,no,no,Incorrect,0.716
meta,16,dev_2248,yes,NO,no,no,Incorrect,0.7162999999999999
meta,16,dev_2266,no,YES,yes,yes,Incorrect,0.715
meta,16,dev_2275,yes,I don't know,i,idk,IDK,0.7166
meta,16,dev_2295,yes,NO,no,no,Incorrect,0.7172999999999999
meta,16,dev_2304,yes,NO,no,no,Incorrect,0.715
meta,16,dev_2306,yes,I don't know,i,idk,IDK,0.7155
meta,16,dev_2310,no,NO,no,no,Correct,0.7162000000000001
meta,16,dev_2315,yes,NO,no,no,Incorrect,0.7156
meta,16,dev_2323,no,NO,no,no,Correct,0.7161000000000001
meta,16,dev_2328,no,I don't know,i,idk,IDK,0.7173999999999999
meta,16,dev_2350,no,YES,yes,yes,Incorrect,0.7145
meta,16,dev_2382,yes,NO,no,no,Incorrect,0.7165
meta,16,dev_2387,yes,NO,no,no,Incorrect,0.7151000000000001
meta,16,dev_2388,no,I don't know,i,idk,IDK,0.7166
meta,16,dev_2396,yes,NO,no,no,Incorrect,0.7156
meta,16,dev_2408,yes,I don't know,i,idk,IDK,0.7167
meta,16,dev_2413,no,I don't know,i,idk,IDK,0.716
meta,16,dev_2428,yes,NO,no,no,Incorrect,0.7155
meta,16,dev_2433,no,I don't know,i,idk,IDK,0.715
meta,16,dev_2434,no,NO,no,no,Correct,0.7158
meta,16,dev_2447,no,I don't know,i,idk,IDK,0.7152999999999999
meta,16,dev_2473,yes,NO,no,no,Incorrect,0.7158
meta,16,dev_2479,no,NO,no,no,Correct,0.7149
meta,16,dev_2504,no,YES,yes,yes,Incorrect,2.0559000000000003
meta,16,dev_2532,yes,I don't know,i,idk,IDK,0.7152000000000001
meta,16,dev_2537,no,I don't know,i,idk,IDK,0.7163999999999999
meta,16,dev_2538,no,I don't know,i,idk,IDK,0.7152999999999999
meta,16,dev_2547,yes,NO,no,no,Incorrect,0.7149
meta,16,dev_2548,no,I don't know,i,idk,IDK,0.717
meta,16,dev_2555,no,I don't know,i,idk,IDK,0.7169
meta,16,dev_2566,no,YES,yes,yes,Incorrect,0.7149
meta,16,dev_2572,no,NO,no,no,Correct,0.7163999999999999
meta,16,dev_2577,no,NO,no,no,Correct,0.7175
meta,16,dev_2605,yes,NO,no,no,Incorrect,0.716
meta,16,dev_2614,yes,I don't know,i,idk,IDK,0.7163999999999999
meta,16,dev_2622,no,YES,yes,yes,Incorrect,0.7179
meta,16,dev_2634,yes,I don't know,i,idk,IDK,0.7156
meta,16,dev_2643,no,I don't know,i,idk,IDK,0.7161000000000001
meta,16,dev_2655,yes,NO,no,no,Incorrect,0.7153999999999999
meta,16,dev_2656,yes,I don't know,i,idk,IDK,0.7153999999999999
meta,16,dev_2690,yes,NO,no,no,Incorrect,0.7158
meta,16,dev_2719,no,NO,no,no,Correct,0.7157
meta,16,dev_2727,no,I don't know,i,idk,IDK,0.7152999999999999
meta,16,dev_2750,yes,NO,no,no,Incorrect,0.717
meta,16,dev_2757,yes,I don't know,i,idk,IDK,0.7159
meta,16,dev_2770,yes,I don't know,i,idk,IDK,0.7153999999999999
meta,16,dev_2791,yes,I don't know,i,idk,IDK,0.7152999999999999
meta,16,dev_2813,yes,I don't know,i,idk,IDK,0.7181000000000001
meta,16,dev_2821,yes,NO,no,no,Incorrect,0.7162999999999999
meta,16,dev_2832,yes,NO,no,no,Incorrect,0.7167
meta,16,dev_2838,no,I don't know,i,idk,IDK,0.7161000000000001
meta,16,dev_2853,no,I don't know,i,idk,IDK,0.7159
meta,16,dev_2870,no,YES,yes,yes,Incorrect,0.7152999999999999
meta,16,dev_2875,yes,NO,no,no,Incorrect,0.7152999999999999
meta,16,dev_2880,no,YES,yes,yes,Incorrect,0.7153999999999999
meta,16,dev_2890,no,NO,no,no,Correct,0.7167
meta,16,dev_2901,yes,NO,no,no,Incorrect,0.7155
meta,16,dev_2906,yes,NO,no,no,Incorrect,0.7148
meta,16,dev_2919,no,I don't know,i,idk,IDK,0.7153999999999999
meta,16,dev_2931,yes,NO,no,no,Incorrect,0.7159
meta,16,dev_2933,no,I don't know,i,idk,IDK,0.7155
meta,16,dev_2956,yes,NO,no,no,Incorrect,0.7168
meta,16,dev_2959,no,NO,no,no,Correct,0.7161000000000001
meta,16,dev_2967,yes,NO,no,no,Incorrect,0.715
meta,16,dev_2973,no,I don't know,i,idk,IDK,0.7169
meta,16,dev_2991,yes,I don't know,i,idk,IDK,0.7172999999999999
meta,16,dev_3000,yes,NO,no,no,Incorrect,0.7158
meta,16,dev_3015,yes,NO,no,no,Incorrect,0.7161000000000001
meta,16,dev_3027,no,NO,no,no,Correct,0.7162999999999999
meta,16,dev_3029,no,YES,yes,yes,Incorrect,0.7147
meta,16,dev_3035,no,YES,yes,yes,Incorrect,2.0616
meta,16,dev_3040,no,I don't know,i,idk,IDK,0.7155
meta,16,dev_3073,no,I don't know,i,idk,IDK,0.7156
meta,16,dev_3079,yes,I don't know,i,idk,IDK,0.7156
meta,16,dev_3089,yes,NO,no,no,Incorrect,0.7167
meta,16,dev_3105,yes,NO,no,no,Incorrect,0.715
meta,16,dev_3106,yes,I don't know,i,idk,IDK,0.7156
meta,16,dev_3107,yes,YES,yes,yes,Correct,0.7169
meta,16,dev_3122,no,I don't know,i,idk,IDK,0.7157
meta,16,dev_3143,no,NO,no,no,Correct,0.7175
meta,16,dev_3173,no,I don't know,i,idk,IDK,0.7332000000000001
meta,16,dev_3183,no,YES,yes,yes,Incorrect,0.7172000000000001
meta,16,dev_3187,yes,NO,no,no,Incorrect,0.7157
meta,16,dev_3204,no,YES,yes,yes,Incorrect,0.7165
meta,16,dev_3212,yes,NO,no,no,Incorrect,0.7158
meta,16,dev_3221,no,YES,yes,yes,Incorrect,0.7151000000000001
meta,16,dev_3231,yes,NO,no,no,Incorrect,0.7167
meta,16,dev_3232,yes,NO,no,no,Incorrect,0.7145
meta,16,dev_3238,yes,NO,no,no,Incorrect,0.716
meta,16,dev_3239,yes,NO,no,no,Incorrect,0.7167
meta,16,dev_3241,yes,YES,yes,yes,Correct,0.7159
meta,16,dev_3242,yes,NO,no,no,Incorrect,0.716
meta,16,dev_0031,yes,I don't know,i,idk,IDK,0.7171000000000001
meta,16,dev_0148,yes,NO,no,no,Incorrect,0.7171000000000001
meta,16,dev_0178,yes,NO,no,no,Incorrect,0.7161000000000001
meta,16,dev_0410,yes,NO,no,no,Incorrect,0.716
meta,16,dev_0419,yes,YES,yes,yes,Correct,0.7192999999999999
meta,16,dev_0448,yes,NO,no,no,Incorrect,0.7163999999999999
meta,16,dev_0224,no,I don't know,i,idk,IDK,0.7161000000000001
meta,16,dev_0317,no,I don't know,i,idk,IDK,0.7163999999999999
meta,16,dev_0368,no,I don't know,i,idk,IDK,0.7158
meta,16,dev_0507,no,I don't know,i,idk,IDK,0.7161000000000001
meta,16,dev_0603,no,NO,no,no,Correct,0.7167
meta,16,dev_0938,no,NO,no,no,Correct,0.7167
meta,16,dev_0076,yes,I don't know,i,idk,IDK,0.7152000000000001
meta,16,dev_0459,yes,I don't know,i,idk,IDK,0.7159
meta,16,dev_0502,yes,I don't know,i,idk,IDK,0.7168
meta,16,dev_0580,yes,I don't know,i,idk,IDK,0.7199
meta,16,dev_1089,yes,I don't know,i,idk,IDK,0.7156
meta,16,dev_1153,yes,I don't know,i,idk,IDK,0.7161000000000001
meta,16,dev_1315,yes,I don't know,i,idk,IDK,0.716
meta,16,dev_1482,yes,I don't know,i,idk,IDK,0.7162999999999999
meta,16,dev_1568,yes,NO,no,no,Incorrect,0.7159
meta,16,dev_1968,yes,I don't know,i,idk,IDK,0.7151000000000001
meta,16,dev_2223,yes,I don't know,i,idk,IDK,0.7156
meta,16,dev_2420,yes,I don't know,i,idk,IDK,0.7163999999999999
meta,16,dev_2882,yes,YES,yes,yes,Correct,0.7166
meta,16,dev_2899,yes,I don't know,i,idk,IDK,0.7159
meta,16,dev_2910,yes,NO,no,no,Incorrect,0.7156
meta,16,dev_0713,no,NO,no,no,Correct,0.7167
meta,16,dev_0816,no,I don't know,i,idk,IDK,0.7162000000000001
meta,16,dev_0911,no,I don't know,i,idk,IDK,0.7155
meta,16,dev_0997,no,NO,no,no,Correct,0.7172999999999999
meta,16,dev_1258,no,NO,no,no,Correct,0.7167
meta,16,dev_1422,no,I don't know,i,idk,IDK,0.717
meta,16,dev_2120,no,YES,yes,yes,Incorrect,0.7166
meta,16,dev_2353,no,NO,no,no,Correct,0.7183999999999999
meta,16,dev_2441,no,I don't know,i,idk,IDK,0.7159
meta,16,dev_2087,no,NO,no,no,Correct,0.7172000000000001
meta,16,dev_2215,no,NO,no,no,Correct,0.7156
meta,16,dev_2503,no,NO,no,no,Correct,0.716
meta,16,dev_2652,no,YES,yes,yes,Incorrect,0.716
meta,16,dev_2850,no,I don't know,i,idk,IDK,0.7169
meta,16,dev_3062,no,NO,no,no,Correct,0.7166
meta,16,dev_0400,yes,YES,yes,yes,Correct,0.7183999999999999
meta,16,dev_0432,yes,YES,yes,yes,Correct,0.7163999999999999
meta,16,dev_0446,yes,I don't know,i,idk,IDK,0.7156
meta,16,dev_0455,yes,I don't know,i,idk,IDK,0.7162999999999999
meta,16,dev_0472,yes,NO,no,no,Incorrect,0.7162000000000001
meta,16,dev_0524,yes,I don't know,i,idk,IDK,2.0496
meta,16,dev_0767,yes,I don't know,i,idk,IDK,0.7178
meta,16,dev_0875,yes,YES,yes,yes,Correct,0.7162999999999999
meta,16,dev_0950,yes,YES,yes,yes,Correct,0.716
meta,16,dev_1023,yes,NO,no,no,Incorrect,0.7171000000000001
meta,16,dev_1171,yes,NO,no,no,Incorrect,0.7159
meta,16,dev_1207,yes,I don't know,i,idk,IDK,0.7179
meta,16,dev_1299,yes,NO,no,no,Incorrect,0.7161000000000001
meta,16,dev_0157,no,I don't know,i,idk,IDK,0.7162999999999999
meta,16,dev_0371,no,I don't know,i,idk,IDK,0.7181000000000001
meta,16,dev_0621,no,YES,yes,yes,Incorrect,0.716
meta,16,dev_0699,no,NO,no,no,Correct,0.7159
meta,16,dev_0954,no,I don't know,i,idk,IDK,0.7157
meta,16,dev_1050,no,NO,no,no,Correct,0.7162999999999999
meta,16,dev_1208,no,I don't know,i,idk,IDK,0.7162000000000001
meta,16,dev_1257,no,I don't know,i,idk,IDK,0.7166
meta,16,dev_1805,no,I don't know,i,idk,IDK,0.716
meta,16,dev_1876,no,I don't know,i,idk,IDK,0.7159
meta,16,dev_2290,no,YES,yes,yes,Incorrect,0.717
meta,16,dev_2444,no,I don't know,i,idk,IDK,0.7165
meta,16,dev_0250,yes,YES,yes,yes,Correct,0.7169
meta,16,dev_0337,yes,I don't know,i,idk,IDK,0.7173999999999999
meta,16,dev_0386,yes,I don't know,i,idk,IDK,0.7159
meta,16,dev_0591,yes,NO,no,no,Incorrect,0.7166
meta,16,dev_0746,yes,I don't know,i,idk,IDK,0.7169
meta,16,dev_0845,yes,I don't know,i,idk,IDK,0.718
meta,16,dev_0855,yes,YES,yes,yes,Correct,0.7162999999999999
meta,16,dev_0915,yes,I don't know,i,idk,IDK,0.7158
meta,16,dev_0945,yes,I don't know,i,idk,IDK,0.7162999999999999
meta,16,dev_0021,no,NO,no,no,Correct,0.7173999999999999
meta,16,dev_0490,no,I don't know,i,idk,IDK,0.7157
meta,16,dev_0581,no,NO,no,no,Correct,0.7157
meta,16,dev_0631,no,I don't know,i,idk,IDK,0.7177
meta,16,dev_0691,no,NO,no,no,Correct,0.7162000000000001
meta,16,dev_0783,no,NO,no,no,Correct,0.7172999999999999
meta,16,dev_0787,no,YES,yes,yes,Incorrect,0.7179
meta,16,dev_0825,no,I don't know,i,idk,IDK,0.7172999999999999
meta,16,dev_0885,no,I don't know,i,idk,IDK,2.0467
meta,16,dev_0089,yes,I don't know,i,idk,IDK,0.7162000000000001
meta,16,dev_0095,yes,I don't know,i,idk,IDK,0.7167
meta,16,dev_0211,yes,NO,no,no,Incorrect,0.7162000000000001
meta,16,dev_0238,yes,I don't know,i,idk,IDK,0.7161000000000001
meta,16,dev_0252,yes,NO,no,no,Incorrect,0.7163999999999999
meta,16,dev_0256,yes,NO,no,no,Incorrect,0.7167
meta,16,dev_0266,yes,I don't know,i,idk,IDK,0.7165
meta,16,dev_0310,yes,I don't know,i,idk,IDK,0.7159
meta,16,dev_0359,yes,I don't know,i,idk,IDK,0.7168
meta,16,dev_0422,yes,I don't know,i,idk,IDK,0.7168
meta,16,dev_0040,no,I don't know,i,idk,IDK,0.7159
meta,16,dev_0080,no,I don't know,i,idk,IDK,0.7167
meta,16,dev_0100,no,I don't know,i,idk,IDK,0.7165
meta,16,dev_0240,no,NO,no,no,Correct,0.7165
meta,16,dev_0247,no,NO,no,no,Correct,0.7153999999999999
meta,16,dev_0260,no,I don't know,i,idk,IDK,0.7158
meta,16,dev_0277,no,I don't know,i,idk,IDK,0.7171000000000001
meta,16,dev_0290,no,I don't know,i,idk,IDK,0.718
meta,16,dev_0303,no,I don't know,i,idk,IDK,0.7156
meta,16,dev_0231,yes,NO,no,no,Incorrect,0.7168
meta,16,dev_0401,yes,I don't know,i,idk,IDK,0.7163999999999999
meta,16,dev_0420,yes,NO,no,no,Incorrect,0.7161000000000001
meta,16,dev_0571,yes,NO,no,no,Incorrect,0.7162999999999999
meta,16,dev_0583,yes,NO,no,no,Incorrect,0.7166
meta,16,dev_0765,yes,YES,yes,yes,Correct,0.718
meta,16,dev_0778,yes,NO,no,no,Incorrect,0.7166
meta,16,dev_0815,yes,I don't know,i,idk,IDK,0.7162999999999999
meta,16,dev_0073,no,I don't know,i,idk,IDK,0.7162999999999999
meta,16,dev_0491,no,I don't know,i,idk,IDK,0.7162000000000001
meta,16,dev_0615,no,NO,no,no,Correct,0.7171000000000001
meta,16,dev_0868,no,I don't know,i,idk,IDK,0.7151000000000001
meta,16,dev_0880,no,NO,no,no,Correct,0.7152999999999999
meta,16,dev_0953,no,NO,no,no,Correct,0.7161000000000001
meta,16,dev_0985,no,I don't know,i,idk,IDK,0.7161000000000001
meta,16,dev_0136,yes,YES,yes,yes,Correct,0.7162999999999999
meta,16,dev_0367,yes,I don't know,i,idk,IDK,0.7167
meta,16,dev_0618,yes,NO,no,no,Incorrect,2.059
meta,16,dev_0720,yes,I don't know,i,idk,IDK,0.7161000000000001
meta,16,dev_0770,yes,NO,no,no,Incorrect,0.7172999999999999
meta,16,dev_0835,yes,NO,no,no,Incorrect,0.7186
meta,16,dev_0896,yes,NO,no,no,Incorrect,0.7155
meta,16,dev_0434,no,I don't know,i,idk,IDK,0.715
meta,16,dev_0489,no,I don't know,i,idk,IDK,0.7145
meta,16,dev_0852,no,NO,no,no,Correct,0.7168
meta,16,dev_0870,no,I don't know,i,idk,IDK,0.716
meta,16,dev_1148,no,I don't know,i,idk,IDK,0.7156
meta,16,dev_2595,no,NO,no,no,Correct,0.716
meta,16,dev_0281,yes,I don't know,i,idk,IDK,0.7163999999999999
meta,16,dev_0528,yes,I don't know,i,idk,IDK,0.7152999999999999
meta,16,dev_0547,yes,I don't know,i,idk,IDK,0.7171000000000001
meta,16,dev_0623,yes,NO,no,no,Incorrect,0.7176
meta,16,dev_0626,yes,NO,no,no,Incorrect,0.7155
meta,16,dev_0686,yes,NO,no,no,Incorrect,0.7157
meta,16,dev_0822,yes,I don't know,i,idk,IDK,0.7153999999999999
meta,16,dev_1210,yes,I don't know,i,idk,IDK,0.7172999999999999
meta,16,dev_0374,no,NO,no,no,Correct,0.7162000000000001
meta,16,dev_0900,no,NO,no,no,Correct,0.7151000000000001
meta,16,dev_0913,no,I don't know,i,idk,IDK,0.7145
meta,16,dev_1234,no,NO,no,no,Correct,0.7158
meta,16,dev_1360,no,I don't know,i,idk,IDK,0.7171000000000001
meta,16,dev_1544,no,NO,no,no,Correct,0.7152999999999999
meta,16,dev_1588,no,NO,no,no,Correct,0.7153999999999999
meta,16,dev_0344,yes,I don't know,i,idk,IDK,0.7163999999999999
meta,16,dev_0379,yes,I don't know,i,idk,IDK,0.7163999999999999
meta,16,dev_0474,yes,I don't know,i,idk,IDK,0.7152999999999999
meta,16,dev_0614,yes,I don't know,i,idk,IDK,0.7162000000000001
meta,16,dev_0655,yes,I don't know,i,idk,IDK,0.7152000000000001
meta,16,dev_1195,yes,I don't know,i,idk,IDK,0.7155
meta,16,dev_1197,yes,NO,no,no,Incorrect,0.7169
meta,16,dev_1313,yes,I don't know,i,idk,IDK,0.7151000000000001
meta,16,dev_1564,yes,I don't know,i,idk,IDK,0.7152000000000001
meta,16,dev_0078,no,I don't know,i,idk,IDK,0.7158
meta,16,dev_0166,no,I don't know,i,idk,IDK,0.7152000000000001
meta,16,dev_0851,no,YES,yes,yes,Incorrect,2.0515
meta,16,dev_0861,no,YES,yes,yes,Incorrect,0.7149
meta,16,dev_0872,no,I don't know,i,idk,IDK,0.7157
meta,16,dev_1554,no,I don't know,i,idk,IDK,0.715
meta,16,dev_1719,no,I don't know,i,idk,IDK,0.7146
meta,16,dev_1991,no,I don't know,i,idk,IDK,0.7165
meta,16,dev_2115,no,I don't know,i,idk,IDK,0.7156
meta,16,dev_0105,yes,YES,yes,yes,Correct,0.7157
meta,16,dev_0125,yes,I don't know,i,idk,IDK,0.7193999999999999
meta,16,dev_0191,yes,I don't know,i,idk,IDK,0.7156
meta,16,dev_1292,yes,I don't know,i,idk,IDK,0.7152999999999999
meta,16,dev_1338,yes,NO,no,no,Incorrect,0.7165
meta,16,dev_0388,no,I don't know,i,idk,IDK,0.7147
meta,16,dev_0703,no,I don't know,i,idk,IDK,0.7151000000000001
meta,16,dev_0833,no,I don't know,i,idk,IDK,0.7153999999999999
meta,16,dev_0874,no,I don't know,i,idk,IDK,0.7172999999999999
meta,16,dev_1651,no,I don't know,i,idk,IDK,0.7158
meta,16,dev_0072,yes,I don't know,i,idk,IDK,0.7162000000000001
meta,16,dev_0258,yes,I don't know,i,idk,IDK,0.7146
meta,16,dev_0286,yes,YES,yes,yes,Correct,0.7153999999999999
meta,16,dev_0348,yes,NO,no,no,Incorrect,0.7159
meta,16,dev_0467,yes,NO,no,no,Incorrect,0.7152000000000001
meta,16,dev_0515,yes,I don't know,i,idk,IDK,0.7159
meta,16,dev_0562,yes,NO,no,no,Incorrect,0.7161000000000001
meta,16,dev_0636,yes,I don't know,i,idk,IDK,0.7155
meta,16,dev_0740,yes,I don't know,i,idk,IDK,0.7155
meta,16,dev_0838,yes,NO,no,no,Incorrect,0.7162999999999999
meta,16,dev_0864,yes,NO,no,no,Incorrect,0.7149
meta,16,dev_0873,yes,NO,no,no,Incorrect,0.7159
meta,16,dev_0901,yes,I don't know,i,idk,IDK,0.7153999999999999
meta,16,dev_0909,yes,I don't know,i,idk,IDK,0.7162999999999999
meta,16,dev_1134,yes,NO,no,no,Incorrect,0.7151000000000001
meta,16,dev_0198,no,I don't know,i,idk,IDK,0.7171000000000001
meta,16,dev_0215,no,I don't know,i,idk,IDK,0.7147
meta,16,dev_0223,no,I don't know,i,idk,IDK,0.717
meta,16,dev_0234,no,I don't know,i,idk,IDK,0.7158
meta,16,dev_0272,no,NO,no,no,Correct,0.7165
meta,16,dev_0453,no,I don't know,i,idk,IDK,0.7159
meta,16,dev_0499,no,I don't know,i,idk,IDK,0.7155
meta,16,dev_0552,no,I don't know,i,idk,IDK,0.7156
meta,16,dev_0680,no,I don't know,i,idk,IDK,0.7167
meta,16,dev_0738,no,NO,no,no,Correct,0.7153999999999999
meta,16,dev_0771,no,I don't know,i,idk,IDK,0.7152000000000001
meta,16,dev_0888,no,NO,no,no,Correct,0.7179
meta,16,dev_1135,no,I don't know,i,idk,IDK,0.716
meta,16,dev_1188,no,I don't know,i,idk,IDK,0.716
meta,16,dev_0339,yes,I don't know,i,idk,IDK,0.7162999999999999
meta,16,dev_0357,yes,I don't know,i,idk,IDK,0.7165
meta,16,dev_0498,yes,I don't know,i,idk,IDK,0.7162000000000001
meta,16,dev_0620,yes,YES,yes,yes,Correct,0.7162999999999999
meta,16,dev_0878,yes,I don't know,i,idk,IDK,0.7168
meta,16,dev_1864,yes,NO,no,no,Incorrect,0.7173999999999999
meta,16,dev_2080,yes,NO,no,no,Incorrect,0.716
meta,16,dev_2395,yes,I don't know,i,idk,IDK,0.716
meta,16,dev_2639,yes,NO,no,no,Incorrect,0.7148
meta,16,dev_3155,yes,I don't know,i,idk,IDK,0.7159
meta,16,dev_3209,yes,I don't know,i,idk,IDK,0.7151000000000001
meta,16,dev_0209,no,NO,no,no,Correct,0.7168
meta,16,dev_0273,no,I don't know,i,idk,IDK,0.7162999999999999
meta,16,dev_0404,no,NO,no,no,Correct,0.715
meta,16,dev_0567,no,NO,no,no,Correct,0.7152999999999999
meta,16,dev_0675,no,I don't know,i,idk,IDK,0.716
meta,16,dev_1172,no,NO,no,no,Correct,0.7162999999999999
meta,16,dev_1275,no,I don't know,i,idk,IDK,0.7159
meta,16,dev_1971,no,NO,no,no,Correct,2.055
meta,16,dev_2001,no,I don't know,i,idk,IDK,0.7162999999999999
meta,16,dev_3004,no,I don't know,i,idk,IDK,0.7169
meta,16,dev_3256,no,I don't know,i,idk,IDK,0.7155
meta,16,dev_1132,yes,I don't know,i,idk,IDK,0.7168
meta,16,dev_1233,yes,NO,no,no,Incorrect,0.7168
meta,16,dev_1511,yes,I don't know,i,idk,IDK,0.7166
meta,16,dev_1633,yes,NO,no,no,Incorrect,0.7161000000000001
meta,16,dev_2007,yes,YES,yes,yes,Correct,0.7168
meta,16,dev_2214,yes,I don't know,i,idk,IDK,0.7165
meta,16,dev_2239,yes,I don't know,i,idk,IDK,0.7153999999999999
meta,16,dev_2299,yes,NO,no,no,Incorrect,0.7162000000000001
meta,16,dev_2303,yes,YES,yes,yes,Correct,0.7166
meta,16,dev_2477,yes,I don't know,i,idk,IDK,0.7161000000000001
meta,16,dev_2993,yes,I don't know,i,idk,IDK,0.7163999999999999
meta,16,dev_3126,yes,NO,no,no,Incorrect,0.7152999999999999
meta,16,dev_3188,yes,YES,yes,yes,Correct,0.7157
meta,16,dev_3193,yes,I don't know,i,idk,IDK,0.7149
meta,16,dev_3234,yes,I don't know,i,idk,IDK,0.7165
meta,16,dev_3265,yes,I don't know,i,idk,IDK,0.7183999999999999
meta,16,dev_0001,no,I don't know,i,idk,IDK,0.7162999999999999
meta,16,dev_0579,no,I don't know,i,idk,IDK,0.7153999999999999
meta,16,dev_1003,no,I don't know,i,idk,IDK,0.7156
meta,16,dev_1483,no,NO,no,no,Correct,0.7162000000000001
meta,16,dev_1551,no,YES,yes,yes,Incorrect,0.7153999999999999
meta,16,dev_1702,no,I don't know,i,idk,IDK,0.7167
meta,16,dev_1925,no,I don't know,i,idk,IDK,0.7152000000000001
meta,16,dev_2025,no,NO,no,no,Correct,0.7152999999999999
meta,16,dev_2312,no,NO,no,no,Correct,0.7152000000000001
meta,16,dev_2471,no,YES,yes,yes,Incorrect,0.7157
meta,16,dev_2521,no,NO,no,no,Correct,0.7165
meta,16,dev_2782,no,YES,yes,yes,Incorrect,0.7156
meta,16,dev_2812,no,I don't know,i,idk,IDK,2.0585
meta,16,dev_3014,no,I don't know,i,idk,IDK,0.7163999999999999
meta,16,dev_3034,no,NO,no,no,Correct,0.7157
meta,16,dev_3159,no,I don't know,i,idk,IDK,0.7155
meta,16,dev_3190,no,NO,no,no,Correct,0.7161000000000001
meta,16,dev_0682,yes,I don't know,i,idk,IDK,0.7162000000000001
meta,16,dev_0735,yes,I don't know,i,idk,IDK,0.7165
meta,16,dev_1505,yes,I don't know,i,idk,IDK,0.7156
meta,16,dev_1668,yes,I don't know,i,idk,IDK,0.7177
meta,16,dev_2373,yes,I don't know,i,idk,IDK,0.7158
meta,16,dev_2793,yes,NO,no,no,Incorrect,0.7162999999999999
meta,16,dev_2929,yes,I don't know,i,idk,IDK,0.7155
meta,16,dev_0605,no,I don't know,i,idk,IDK,0.7161000000000001
meta,16,dev_0908,no,I don't know,i,idk,IDK,0.7162999999999999
meta,16,dev_1388,no,NO,no,no,Correct,0.7162999999999999
meta,16,dev_1521,no,I don't know,i,idk,IDK,0.7143999999999999
meta,16,dev_2334,no,I don't know,i,idk,IDK,0.716
meta,16,dev_2641,no,I don't know,i,idk,IDK,2.061
meta,16,dev_0347,yes,I don't know,i,idk,IDK,0.716
meta,16,dev_0411,yes,I don't know,i,idk,IDK,0.7152999999999999
meta,16,dev_0439,yes,YES,yes,yes,Correct,0.716
meta,16,dev_0452,yes,NO,no,no,Incorrect,0.7165
meta,16,dev_0585,yes,NO,no,no,Incorrect,0.7158
meta,16,dev_0656,yes,NO,no,no,Incorrect,0.7146
meta,16,dev_0661,yes,YES,yes,yes,Correct,0.7172000000000001
meta,16,dev_0701,yes,YES,yes,yes,Correct,0.7161000000000001
meta,16,dev_0704,yes,YES,yes,yes,Correct,0.7142999999999999
meta,16,dev_0752,yes,NO,no,no,Incorrect,0.7147
meta,16,dev_0848,yes,NO,no,no,Incorrect,0.7155
meta,16,dev_0883,yes,YES,yes,yes,Correct,0.7159
meta,16,dev_1143,yes,YES,yes,yes,Correct,0.7145
meta,16,dev_1305,yes,I don't know,i,idk,IDK,0.7157
meta,16,dev_1497,yes,I don't know,i,idk,IDK,0.7161000000000001
meta,16,dev_1777,yes,I don't know,i,idk,IDK,0.7148
meta,16,dev_2250,yes,NO,no,no,Incorrect,0.7165
meta,16,dev_2370,yes,I don't know,i,idk,IDK,0.715
meta,16,dev_0083,no,YES,yes,yes,Incorrect,0.7167
meta,16,dev_0085,no,NO,no,no,Correct,0.7176
meta,16,dev_0170,no,NO,no,no,Correct,0.7157
meta,16,dev_0230,no,I don't know,i,idk,IDK,0.7161000000000001
meta,16,dev_0412,no,I don't know,i,idk,IDK,0.7176
meta,16,dev_0421,no,NO,no,no,Correct,0.7162000000000001
meta,16,dev_0447,no,NO,no,no,Correct,0.7165
meta,16,dev_0544,no,I don't know,i,idk,IDK,0.7155
meta,16,dev_0565,no,YES,yes,yes,Incorrect,0.7149
meta,16,dev_0589,no,I don't know,i,idk,IDK,0.7178
meta,16,dev_0593,no,I don't know,i,idk,IDK,0.7161000000000001
meta,16,dev_0859,no,I don't know,i,idk,IDK,0.7162000000000001
meta,16,dev_0865,no,NO,no,no,Correct,0.716
meta,16,dev_1518,no,NO,no,no,Correct,2.0715
meta,16,dev_1768,no,NO,no,no,Correct,0.7152999999999999
meta,16,dev_1779,no,NO,no,no,Correct,0.7152999999999999
meta,16,dev_1905,no,NO,no,no,Correct,0.7172000000000001
meta,16,dev_2156,no,NO,no,no,Correct,0.716
meta,16,dev_2158,no,NO,no,no,Correct,0.716
meta,16,dev_2798,no,YES,yes,yes,Incorrect,0.716
meta,16,dev_3138,no,YES,yes,yes,Incorrect,0.7155
meta,16,dev_0307,yes,NO,no,no,Incorrect,0.7176
meta,16,dev_0506,yes,NO,no,no,Incorrect,0.7153999999999999
meta,16,dev_0641,yes,I don't know,i,idk,IDK,0.7166
meta,16,dev_0844,yes,I don't know,i,idk,IDK,0.7156
meta,16,dev_1032,yes,I don't know,i,idk,IDK,0.7167
meta,16,dev_1574,yes,I don't know,i,idk,IDK,0.7162999999999999
meta,16,dev_1889,yes,I don't know,i,idk,IDK,0.7167
meta,16,dev_2093,yes,NO,no,no,Incorrect,0.7163999999999999
meta,16,dev_2213,yes,NO,no,no,Incorrect,0.7173999999999999
meta,16,dev_2735,yes,I don't know,i,idk,IDK,0.7171000000000001
meta,16,dev_2836,yes,NO,no,no,Incorrect,0.7153999999999999
meta,16,dev_0788,no,NO,no,no,Correct,0.7158
meta,16,dev_0798,no,NO,no,no,Correct,0.7173999999999999
meta,16,dev_1249,no,YES,yes,yes,Incorrect,0.7165
meta,16,dev_1458,no,I don't know,i,idk,IDK,0.7169
meta,16,dev_1584,no,I don't know,i,idk,IDK,0.7153999999999999
meta,16,dev_1589,no,NO,no,no,Correct,0.7159
meta,16,dev_1657,no,NO,no,no,Correct,0.7152999999999999
meta,16,dev_1691,no,I don't know,i,idk,IDK,0.7159
meta,16,dev_1943,no,YES,yes,yes,Incorrect,0.7152999999999999
meta,16,dev_2682,no,NO,no,no,Correct,0.7167
meta,16,dev_2712,no,I don't know,i,idk,IDK,0.7153999999999999
meta,16,dev_0427,no,NO,no,no,Correct,0.7159
meta,16,dev_0531,no,I don't know,i,idk,IDK,0.7153999999999999
meta,16,dev_1915,no,NO,no,no,Correct,0.7162000000000001
meta,16,dev_1946,no,NO,no,no,Correct,0.7147
meta,16,dev_2024,no,I don't know,i,idk,IDK,0.7163999999999999
meta,16,dev_2265,no,NO,no,no,Correct,0.7161000000000001
meta,16,dev_0004,yes,NO,no,no,Incorrect,0.7162000000000001
meta,16,dev_0241,yes,I don't know,i,idk,IDK,0.7172999999999999
meta,16,dev_0326,yes,NO,no,no,Incorrect,0.7162999999999999
meta,16,dev_0525,yes,I don't know,i,idk,IDK,0.7165
meta,16,dev_0577,yes,I don't know,i,idk,IDK,0.716
meta,16,dev_0799,yes,I don't know,i,idk,IDK,0.7152999999999999
meta,16,dev_0142,no,NO,no,no,Correct,0.7163999999999999
meta,16,dev_0494,no,I don't know,i,idk,IDK,0.7167
meta,16,dev_0527,no,I don't know,i,idk,IDK,0.7159
meta,16,dev_0566,no,I don't know,i,idk,IDK,0.7163999999999999
meta,16,dev_0648,no,NO,no,no,Correct,0.7153999999999999
meta,16,dev_0668,no,NO,no,no,Correct,0.7165
meta,16,dev_0749,no,NO,no,no,Correct,0.7159
meta,16,dev_0790,no,NO,no,no,Correct,0.7167
meta,16,dev_0867,no,I don't know,i,idk,IDK,0.715
meta,16,dev_0921,no,I don't know,i,idk,IDK,0.7155
meta,16,dev_1088,no,I don't know,i,idk,IDK,0.7166
meta,16,dev_1329,no,NO,no,no,Correct,0.7158
meta,16,dev_1402,no,NO,no,no,Correct,0.7172000000000001
meta,16,dev_1428,no,NO,no,no,Correct,0.7161000000000001
meta,16,dev_1439,no,NO,no,no,Correct,0.7172999999999999
meta,16,dev_0020,yes,YES,yes,yes,Correct,0.7153999999999999
meta,16,dev_0027,yes,I don't know,i,idk,IDK,2.0688
meta,16,dev_0047,yes,YES,yes,yes,Correct,0.7162000000000001
meta,16,dev_0070,yes,YES,yes,yes,Correct,0.7159
meta,16,dev_0086,yes,YES,yes,yes,Correct,0.7166
meta,16,dev_0121,yes,I don't know,i,idk,IDK,0.7158
meta,16,dev_0131,yes,I don't know,i,idk,IDK,0.7152999999999999
meta,16,dev_0147,yes,YES,yes,yes,Correct,0.7158
meta,16,dev_0159,yes,NO,no,no,Incorrect,0.7161000000000001
meta,16,dev_0190,yes,NO,no,no,Incorrect,0.7158
meta,16,dev_0195,yes,I don't know,i,idk,IDK,0.7156
meta,16,dev_0200,yes,YES,yes,yes,Correct,0.7152999999999999
meta,16,dev_0214,yes,YES,yes,yes,Correct,0.716
meta,16,dev_0242,yes,YES,yes,yes,Correct,0.716
meta,16,dev_0522,yes,YES,yes,yes,Correct,0.7162999999999999
meta,16,dev_0033,no,NO,no,no,Correct,0.716
meta,16,dev_0123,no,NO,no,no,Correct,0.7159
meta,16,dev_0501,no,NO,no,no,Correct,0.7169
meta,16,dev_0526,no,NO,no,no,Correct,0.7168
meta,16,dev_1076,no,I don't know,i,idk,IDK,0.717
meta,16,dev_1213,no,I don't know,i,idk,IDK,0.718
meta,16,dev_1654,no,I don't know,i,idk,IDK,0.7157
meta,16,dev_1753,no,NO,no,no,Correct,0.7152999999999999
meta,16,dev_1825,no,NO,no,no,Correct,0.7163999999999999
meta,16,dev_2911,no,NO,no,no,Correct,0.7159
meta,16,dev_2740,no,NO,no,no,Correct,0.7162999999999999
meta,16,dev_2517,no,NO,no,no,Correct,0.7158
meta,16,dev_1139,yes,YES,yes,yes,Correct,0.7156
meta,16,dev_0002,yes,I don't know,i,idk,IDK,0.7163999999999999
meta,16,dev_0773,yes,YES,yes,yes,Correct,0.7163999999999999
meta,16,dev_1186,yes,YES,yes,yes,Correct,0.715
meta,16,dev_1302,yes,YES,yes,yes,Correct,0.7182999999999999
meta,16,dev_1349,yes,YES,yes,yes,Correct,0.7155
meta,16,dev_1771,yes,I don't know,i,idk,IDK,2.0589
meta,16,dev_1804,yes,YES,yes,yes,Correct,0.7161000000000001
meta,16,dev_1873,yes,I don't know,i,idk,IDK,0.7167
meta,16,dev_1963,yes,NO,no,no,Incorrect,0.7166
meta,16,dev_2582,yes,YES,yes,yes,Correct,0.7157
meta,16,dev_2598,yes,NO,no,no,Incorrect,0.7166
meta,16,dev_3158,yes,I don't know,i,idk,IDK,0.715
meta,16,dev_0551,no,YES,yes,yes,Incorrect,0.7163999999999999
meta,16,dev_1158,no,NO,no,no,Correct,0.7156
meta,16,dev_1364,no,NO,no,no,Correct,0.7148
meta,16,dev_1807,no,NO,no,no,Correct,0.7172999999999999
meta,16,dev_2542,no,NO,no,no,Correct,0.7161000000000001
meta,16,dev_2562,no,NO,no,no,Correct,0.7172000000000001
meta,16,dev_3005,no,NO,no,no,Correct,0.7171000000000001
meta,16,dev_3194,no,NO,no,no,Correct,0.7166
meta,16,dev_3195,no,NO,no,no,Correct,0.7163999999999999
meta,16,dev_0013,yes,I don't know,i,idk,IDK,0.7185
meta,16,dev_0043,yes,YES,yes,yes,Correct,0.7177
meta,16,dev_0052,yes,I don't know,i,idk,IDK,0.716
meta,16,dev_0091,yes,NO,no,no,Incorrect,0.7182000000000001
meta,16,dev_0116,yes,YES,yes,yes,Correct,0.7158
meta,16,dev_0288,yes,YES,yes,yes,Correct,0.7158
meta,16,dev_0555,yes,I don't know,i,idk,IDK,0.7155
meta,16,dev_0627,yes,I don't know,i,idk,IDK,0.7161000000000001
meta,16,dev_0831,yes,YES,yes,yes,Correct,0.7156
meta,16,dev_0721,no,NO,no,no,Correct,0.7158
meta,16,dev_0863,no,I don't know,i,idk,IDK,0.7153999999999999
meta,16,dev_1357,no,NO,no,no,Correct,0.7159
meta,16,dev_1951,no,I don't know,i,idk,IDK,0.7162000000000001
meta,16,dev_2131,no,NO,no,no,Correct,0.7153999999999999
meta,16,dev_2174,no,NO,no,no,Correct,0.7159
meta,16,dev_2252,no,I don't know,i,idk,IDK,0.7169
meta,16,dev_2309,no,NO,no,no,Correct,0.7167
meta,16,dev_2364,no,NO,no,no,Correct,0.7163999999999999
meta,16,dev_3075,no,NO,no,no,Correct,0.716
meta,16,dev_3205,no,NO,no,no,Correct,0.7158
meta,16,dev_0015,yes,NO,no,no,Incorrect,0.7159
meta,16,dev_0153,yes,YES,yes,yes,Correct,0.7152999999999999
meta,16,dev_0161,yes,NO,no,no,Incorrect,0.7162999999999999
meta,16,dev_0306,yes,YES,yes,yes,Correct,0.7156
meta,16,dev_0334,yes,NO,no,no,Incorrect,0.7153999999999999
meta,16,dev_0338,yes,YES,yes,yes,Correct,0.7168
meta,16,dev_0493,yes,NO,no,no,Incorrect,0.7157
meta,16,dev_0520,yes,NO,no,no,Incorrect,0.7161000000000001
meta,16,dev_0212,no,NO,no,no,Correct,0.7175
meta,16,dev_0309,no,NO,no,no,Correct,0.7162999999999999
meta,16,dev_0484,no,NO,no,no,Correct,0.7153999999999999
meta,16,dev_0654,no,NO,no,no,Correct,0.7182999999999999
meta,16,dev_0973,no,NO,no,no,Correct,0.717
meta,16,dev_1335,no,NO,no,no,Correct,0.7152999999999999
meta,16,dev_1443,no,NO,no,no,Correct,0.7172000000000001
meta,16,dev_0284,yes,I don't know,i,idk,IDK,0.7165
meta,16,dev_0330,yes,I don't know,i,idk,IDK,0.7149
meta,16,dev_0443,yes,I don't know,i,idk,IDK,0.7158
meta,16,dev_0975,yes,I don't know,i,idk,IDK,0.7151000000000001
meta,16,dev_1741,yes,YES,yes,yes,Correct,0.7162000000000001
meta,16,dev_1770,yes,NO,no,no,Incorrect,0.715
meta,16,dev_1860,no,NO,no,no,Correct,0.7172000000000001
meta,16,dev_1967,yes,I don't know,i,idk,IDK,0.7152000000000001
meta,16,dev_0236,no,NO,no,no,Correct,0.716
meta,16,dev_0741,no,I don't know,i,idk,IDK,0.7158
meta,16,dev_1440,no,NO,no,no,Correct,0.7166
meta,16,dev_2062,no,I don't know,i,idk,IDK,0.7142999999999999
meta,16,dev_2109,no,NO,no,no,Correct,0.7157
meta,16,dev_2137,no,I don't know,i,idk,IDK,0.716
meta,16,dev_0478,yes,YES,yes,yes,Correct,0.7166
meta,16,dev_0545,yes,YES,yes,yes,Correct,0.7162000000000001
meta,16,dev_1125,yes,NO,no,no,Incorrect,0.7146
meta,16,dev_1137,yes,NO,no,no,Incorrect,0.7155
meta,16,dev_1162,yes,YES,yes,yes,Correct,0.7146
meta,16,dev_1177,yes,YES,yes,yes,Correct,0.7152000000000001
meta,16,dev_1444,yes,YES,yes,yes,Correct,0.7152000000000001
meta,16,dev_0313,no,NO,no,no,Correct,0.717
meta,16,dev_0823,no,I don't know,i,idk,IDK,0.7161000000000001
meta,16,dev_0839,no,NO,no,no,Correct,0.7155
meta,16,dev_1222,no,NO,no,no,Correct,0.7158
meta,16,dev_1254,no,NO,no,no,Correct,0.7156
meta,16,dev_1269,no,NO,no,no,Correct,0.7159
meta,16,dev_1334,no,NO,no,no,Correct,0.7159
meta,16,dev_0184,yes,NO,no,no,Incorrect,0.7157
meta,16,dev_0322,yes,NO,no,no,Incorrect,0.7156
meta,16,dev_0557,yes,NO,no,no,Incorrect,0.717
meta,16,dev_0573,yes,NO,no,no,Incorrect,0.7152000000000001
meta,16,dev_1179,yes,NO,no,no,Incorrect,0.716
meta,16,dev_0619,yes,NO,no,no,Incorrect,0.7155
meta,16,dev_0650,yes,YES,yes,yes,Correct,0.717
meta,16,dev_0734,yes,I don't know,i,idk,IDK,0.7161000000000001
meta,16,dev_0061,no,I don't know,i,idk,IDK,0.7149
meta,16,dev_0124,no,NO,no,no,Correct,0.7149
meta,16,dev_0914,no,NO,no,no,Correct,0.7169
meta,16,dev_0955,no,NO,no,no,Correct,0.7169
meta,16,dev_1610,no,NO,no,no,Correct,0.7152999999999999
meta,16,dev_1790,no,NO,no,no,Correct,0.7157
meta,16,dev_2096,no,NO,no,no,Correct,0.7151000000000001
meta,16,dev_2277,no,I don't know,i,idk,IDK,0.7157
meta,16,dev_2499,no,NO,no,no,Correct,0.7161000000000001
meta,16,dev_1959,yes,I don't know,i,idk,IDK,0.716
meta,16,dev_1992,yes,NO,no,no,Incorrect,0.7153999999999999
meta,16,dev_2047,yes,YES,yes,yes,Correct,0.7152000000000001
meta,16,dev_1656,yes,I don't know,i,idk,IDK,0.7155
meta,16,dev_1663,yes,I don't know,i,idk,IDK,0.7192000000000001
meta,16,dev_1752,yes,I don't know,i,idk,IDK,0.7159
meta,16,dev_2049,yes,YES,yes,yes,Correct,0.7156
meta,16,dev_2050,yes,YES,yes,yes,Correct,0.7162000000000001
meta,16,dev_1442,yes,YES,yes,yes,Correct,0.7159
meta,16,dev_0301,no,NO,no,no,Correct,0.7157
meta,16,dev_0480,no,NO,no,no,Correct,0.716
meta,16,dev_1290,no,NO,no,no,Correct,0.7157
meta,16,dev_1819,no,NO,no,no,Correct,0.7167
meta,16,dev_2206,no,NO,no,no,Correct,0.7163999999999999
meta,16,dev_0376,yes,I don't know,i,idk,IDK,0.7158
meta,16,dev_0346,yes,YES,yes,yes,Correct,0.7159
meta,16,dev_0363,yes,YES,yes,yes,Correct,0.72
meta,16,dev_0535,yes,NO,no,no,Incorrect,2.071
meta,16,dev_0629,yes,YES,yes,yes,Correct,0.7152000000000001
meta,16,dev_0179,no,NO,no,no,Correct,0.7182000000000001
meta,16,dev_0402,no,I don't know,i,idk,IDK,0.7162999999999999
meta,16,dev_0513,no,I don't know,i,idk,IDK,0.717
meta,16,dev_0606,no,NO,no,no,Correct,0.7165
meta,16,dev_0630,no,I don't know,i,idk,IDK,0.7159
meta,16,dev_0795,no,NO,no,no,Correct,0.7168
meta,16,dev_1457,no,NO,no,no,Correct,0.7163999999999999
meta,16,dev_1776,no,NO,no,no,Correct,0.7153999999999999
meta,16,dev_1862,no,I don't know,i,idk,IDK,0.7165
meta,16,dev_1911,no,I don't know,i,idk,IDK,0.7172999999999999
meta,16,dev_2755,no,NO,no,no,Correct,0.7165
meta,16,dev_2756,no,NO,no,no,Correct,0.7153999999999999
meta,16,dev_2921,no,NO,no,no,Correct,0.7158
meta,16,dev_2972,no,I don't know,i,idk,IDK,0.7167
meta,16,dev_0009,yes,I don't know,i,idk,IDK,0.7162999999999999
meta,16,dev_0038,yes,I don't know,i,idk,IDK,0.7169
meta,16,dev_0129,yes,I don't know,i,idk,IDK,0.7169
meta,16,dev_0202,yes,YES,yes,yes,Correct,0.7158
meta,16,dev_0308,yes,YES,yes,yes,Correct,0.7155
meta,16,dev_0584,yes,YES,yes,yes,Correct,0.7169
meta,16,dev_0644,yes,YES,yes,yes,Correct,0.7159
meta,16,dev_0653,yes,YES,yes,yes,Correct,0.7153999999999999
meta,16,dev_0671,yes,YES,yes,yes,Correct,0.7161000000000001
meta,16,dev_0757,yes,YES,yes,yes,Correct,0.7165
meta,16,dev_1059,yes,I don't know,i,idk,IDK,0.7152999999999999
meta,16,dev_1067,yes,YES,yes,yes,Correct,0.7161000000000001
meta,16,dev_1097,yes,YES,yes,yes,Correct,0.7333999999999999
meta,16,dev_1131,yes,I don't know,i,idk,IDK,0.7152999999999999
meta,16,dev_1324,yes,I don't know,i,idk,IDK,0.7152999999999999
meta,16,dev_0305,no,I don't know,i,idk,IDK,0.7182000000000001
meta,16,dev_0465,no,NO,no,no,Correct,0.7162999999999999
meta,16,dev_0508,no,NO,no,no,Correct,0.7146
meta,16,dev_0518,no,NO,no,no,Correct,0.7161000000000001
meta,16,dev_0572,no,I don't know,i,idk,IDK,0.716
meta,16,dev_0898,no,NO,no,no,Correct,0.7163999999999999
meta,16,dev_1154,no,NO,no,no,Correct,2.0581
meta,16,dev_1221,no,NO,no,no,Correct,0.7182000000000001
meta,16,dev_1244,no,NO,no,no,Correct,0.7152999999999999
meta,16,dev_1245,no,NO,no,no,Correct,0.716
meta,16,dev_1273,no,NO,no,no,Correct,0.7167
meta,16,dev_0647,yes,YES,yes,yes,Correct,0.7152000000000001
meta,16,dev_0254,yes,YES,yes,yes,Correct,0.7156
meta,16,dev_0486,yes,YES,yes,yes,Correct,0.716
meta,16,dev_0736,yes,NO,no,no,Incorrect,0.7141000000000001
meta,16,dev_0814,yes,NO,no,no,Incorrect,0.7165
meta,16,dev_1477,yes,YES,yes,yes,Correct,0.7147
meta,16,dev_1721,yes,YES,yes,yes,Correct,0.7159
meta,16,dev_1786,yes,I don't know,i,idk,IDK,0.7147
meta,16,dev_1970,yes,YES,yes,yes,Correct,0.7156
meta,16,dev_1985,yes,YES,yes,yes,Correct,0.7178
meta,16,dev_2448,no,NO,no,no,Correct,0.7169
meta,16,dev_0066,yes,NO,no,no,Incorrect,0.716
meta,16,dev_0088,yes,YES,yes,yes,Correct,0.7152000000000001
meta,16,dev_0196,yes,YES,yes,yes,Correct,0.7161000000000001
meta,16,dev_0262,yes,YES,yes,yes,Correct,0.7156
meta,16,dev_0271,yes,YES,yes,yes,Correct,0.7171000000000001
meta,16,dev_0329,yes,NO,no,no,Incorrect,0.7149
meta,16,dev_0331,yes,YES,yes,yes,Correct,0.7155
meta,16,dev_0387,yes,YES,yes,yes,Correct,0.7179
meta,16,dev_0418,yes,I don't know,i,idk,IDK,0.7151000000000001
meta,16,dev_0616,yes,YES,yes,yes,Correct,0.7168
meta,16,dev_0638,yes,YES,yes,yes,Correct,0.7172000000000001
meta,16,dev_0657,yes,NO,no,no,Incorrect,0.7149
meta,16,dev_0692,yes,YES,yes,yes,Correct,0.7178
meta,16,dev_0744,yes,I don't know,i,idk,IDK,0.7152999999999999
meta,16,dev_0797,yes,NO,no,no,Incorrect,0.7148
meta,16,dev_0842,yes,NO,no,no,Incorrect,0.7159
meta,16,dev_1379,yes,I don't know,i,idk,IDK,0.7162999999999999
meta,16,dev_0126,no,I don't know,i,idk,IDK,0.7167
meta,16,dev_0342,no,I don't know,i,idk,IDK,0.7147
meta,16,dev_0437,no,I don't know,i,idk,IDK,0.7156
meta,16,dev_0553,no,NO,no,no,Correct,0.7162000000000001
meta,16,dev_0652,no,I don't know,i,idk,IDK,0.7157
meta,16,dev_0708,no,NO,no,no,Correct,0.7152000000000001
meta,16,dev_1083,no,NO,no,no,Correct,0.7166
meta,16,dev_1142,no,NO,no,no,Correct,0.715
meta,16,dev_1354,no,I don't know,i,idk,IDK,0.7165
meta,16,dev_1460,no,I don't know,i,idk,IDK,0.7147
meta,16,dev_1468,no,NO,no,no,Correct,0.7158
meta,16,dev_1559,no,I don't know,i,idk,IDK,0.7167
meta,16,dev_1595,no,I don't know,i,idk,IDK,0.7152000000000001
meta,16,dev_1643,no,NO,no,no,Correct,0.7152000000000001
meta,16,dev_1692,no,NO,no,no,Correct,2.0701
meta,16,dev_1726,no,NO,no,no,Correct,0.7173999999999999
meta,16,dev_0008,yes,I don't know,i,idk,IDK,0.715
meta,16,dev_0323,yes,YES,yes,yes,Correct,0.7159
meta,16,dev_0794,yes,YES,yes,yes,Correct,0.7167
meta,16,dev_0866,yes,YES,yes,yes,Correct,0.7162999999999999
meta,16,dev_0910,yes,YES,yes,yes,Correct,0.7156
meta,16,dev_0992,yes,I don't know,i,idk,IDK,0.7151000000000001
meta,16,dev_1446,yes,YES,yes,yes,Correct,0.716
meta,16,dev_0294,no,I don't know,i,idk,IDK,0.7163999999999999
meta,16,dev_0521,no,NO,no,no,Correct,0.7158
meta,16,dev_0943,no,NO,no,no,Correct,0.7163999999999999
meta,16,dev_1887,no,NO,no,no,Correct,0.7175
meta,16,dev_2892,no,I don't know,i,idk,IDK,0.7157
meta,16,dev_2691,no,NO,no,no,Correct,0.7158
meta,16,dev_0065,yes,I don't know,i,idk,IDK,0.7166
meta,16,dev_0245,yes,NO,no,no,Incorrect,0.7162999999999999
meta,16,dev_0315,yes,I don't know,i,idk,IDK,0.7162999999999999
meta,16,dev_0361,yes,NO,no,no,Incorrect,0.7152999999999999
meta,16,dev_0550,yes,YES,yes,yes,Correct,0.7157
meta,16,dev_0595,yes,I don't know,i,idk,IDK,0.7178
meta,16,dev_0966,yes,YES,yes,yes,Correct,0.7151000000000001
meta,16,dev_1078,yes,YES,yes,yes,Correct,0.7152000000000001
meta,16,dev_1224,yes,I don't know,i,idk,IDK,0.7159
meta,16,dev_1251,yes,YES,yes,yes,Correct,0.7157
meta,16,dev_1260,yes,I don't know,i,idk,IDK,0.7153999999999999
meta,16,dev_1278,yes,YES,yes,yes,Correct,0.7165
meta,16,dev_1462,yes,YES,yes,yes,Correct,0.7155
meta,16,dev_1494,yes,NO,no,no,Incorrect,0.7157
meta,16,dev_1543,yes,YES,yes,yes,Correct,0.7167
meta,16,dev_2012,yes,NO,no,no,Incorrect,0.7143999999999999
meta,16,dev_2118,yes,YES,yes,yes,Correct,0.7158
meta,16,dev_2272,yes,YES,yes,yes,Correct,0.7157
meta,16,dev_2338,yes,YES,yes,yes,Correct,0.7167
meta,16,dev_2498,yes,NO,no,no,Incorrect,0.7162000000000001
meta,16,dev_2509,yes,I don't know,i,idk,IDK,0.7159
meta,16,dev_2917,yes,YES,yes,yes,Correct,0.7159
meta,16,dev_2966,yes,NO,no,no,Incorrect,0.716
meta,16,dev_2974,yes,I don't know,i,idk,IDK,0.7156
meta,16,dev_3007,yes,YES,yes,yes,Correct,0.7176
meta,16,dev_3199,yes,I don't know,i,idk,IDK,0.7152999999999999
meta,16,dev_0222,no,NO,no,no,Correct,0.7146
meta,16,dev_0398,no,NO,no,no,Correct,0.7149
meta,16,dev_0426,no,NO,no,no,Correct,0.7153999999999999
meta,16,dev_0464,no,NO,no,no,Correct,0.7165
meta,16,dev_0563,no,NO,no,no,Correct,0.7148
meta,16,dev_0658,no,NO,no,no,Correct,0.7162000000000001
meta,16,dev_1366,no,I don't know,i,idk,IDK,2.0619
meta,16,dev_1471,no,NO,no,no,Correct,0.7155
meta,16,dev_1558,no,NO,no,no,Correct,0.7248
meta,16,dev_1580,no,NO,no,no,Correct,0.7156
meta,16,dev_2401,no,NO,no,no,Correct,0.7159
meta,16,dev_2436,no,I don't know,i,idk,IDK,0.7162000000000001
meta,16,dev_3224,no,NO,no,no,Correct,0.7157
meta,16,dev_0022,yes,YES,yes,yes,Correct,0.7175
meta,16,dev_0132,yes,YES,yes,yes,Correct,0.7147
meta,16,dev_0268,yes,YES,yes,yes,Correct,0.716
meta,16,dev_0646,yes,NO,no,no,Incorrect,0.7169
meta,16,dev_0697,yes,I don't know,i,idk,IDK,0.7156
meta,16,dev_0935,yes,YES,yes,yes,Correct,0.7152000000000001
meta,16,dev_1159,yes,YES,yes,yes,Correct,0.7148
meta,16,dev_1376,yes,YES,yes,yes,Correct,0.7159
meta,16,dev_1646,yes,NO,no,no,Incorrect,0.7152999999999999
meta,16,dev_1869,yes,YES,yes,yes,Correct,0.7152999999999999
meta,16,dev_2397,yes,YES,yes,yes,Correct,0.7156
meta,16,dev_0512,no,NO,no,no,Correct,0.7157
meta,16,dev_1524,no,NO,no,no,Correct,0.7155
meta,16,dev_1675,no,I don't know,i,idk,IDK,0.7162999999999999
meta,16,dev_1723,no,NO,no,no,Correct,0.7161000000000001
meta,16,dev_2027,no,NO,no,no,Correct,0.7151000000000001
meta,16,dev_2104,no,NO,no,no,Correct,0.7162000000000001
meta,16,dev_2262,no,NO,no,no,Correct,0.7152999999999999
meta,16,dev_2431,no,NO,no,no,Correct,0.7161000000000001
meta,16,dev_2524,no,NO,no,no,Correct,0.7159
meta,16,dev_3057,no,NO,no,no,Correct,0.7163999999999999
meta,16,dev_3167,no,NO,no,no,Correct,0.7165
meta,11,dev_0023,yes,I don't know,i,idk,IDK,0.6264
meta,11,dev_0039,no,YES,yes,yes,Incorrect,0.6276
meta,11,dev_0055,no,YES,yes,yes,Incorrect,0.6274
meta,11,dev_0059,no,I don't know.,i,idk,IDK,0.6297
meta,11,dev_0068,no,I don't know,i,idk,IDK,0.6333
meta,11,dev_0087,yes,I don't know.,i,idk,IDK,0.6333
meta,11,dev_0107,no,I don't know.,i,idk,IDK,0.6384
meta,11,dev_0120,yes,NO,no,no,Incorrect,0.6407999999999999
meta,11,dev_0138,no,YES,yes,yes,Incorrect,0.6417999999999999
meta,11,dev_0151,no,I don't know,i,idk,IDK,0.6429
meta,11,dev_0163,yes,I don't know,i,idk,IDK,0.6417999999999999
meta,11,dev_0165,no,YES,yes,yes,Incorrect,0.6421
meta,11,dev_0207,no,NO,no,no,Correct,0.6427999999999999
meta,11,dev_0210,no,YES,yes,yes,Incorrect,0.6417
meta,11,dev_0221,no,YES,yes,yes,Incorrect,0.6406000000000001
meta,11,dev_0229,yes,YES,yes,yes,Correct,0.6401
meta,11,dev_0237,no,I don't know,i,idk,IDK,0.6394
meta,11,dev_0243,no,I don't know,i,idk,IDK,0.6373
meta,11,dev_0248,yes,I don't know.,i,idk,IDK,0.6374
meta,11,dev_0249,yes,I don't know.,i,idk,IDK,0.6369
meta,11,dev_0251,yes,I don't know,i,idk,IDK,0.6383
meta,11,dev_0257,yes,I don't know.,i,idk,IDK,0.6375
meta,11,dev_0270,no,I don't know,i,idk,IDK,0.6385
meta,11,dev_0287,yes,I don't know,i,idk,IDK,0.6381
meta,11,dev_0295,no,I don't know.,i,idk,IDK,0.6387
meta,11,dev_0298,yes,I don't know,i,idk,IDK,0.6374
meta,11,dev_0312,no,YES,yes,yes,Incorrect,0.6372000000000001
meta,11,dev_0316,yes,NO,no,no,Incorrect,0.6392
meta,11,dev_0318,yes,I don't know,i,idk,IDK,0.6393
meta,11,dev_0321,yes,YES,yes,yes,Correct,0.6376000000000001
meta,11,dev_0333,yes,I don't know,i,idk,IDK,0.6377999999999999
meta,11,dev_0336,no,YES,yes,yes,Incorrect,0.6377999999999999
meta,11,dev_0343,yes,I don't know,i,idk,IDK,0.6377
meta,11,dev_0352,no,NO,no,no,Correct,0.6376000000000001
meta,11,dev_0355,no,I don't know,i,idk,IDK,0.6375
meta,11,dev_0364,no,YES,yes,yes,Incorrect,0.638
meta,11,dev_0366,no,YES,yes,yes,Incorrect,0.6382000000000001
meta,11,dev_0406,no,I don't know.,i,idk,IDK,0.6379
meta,11,dev_0428,no,YES,yes,yes,Incorrect,0.6384
meta,11,dev_0429,yes,YES,yes,yes,Correct,0.6372000000000001
meta,11,dev_0430,yes,YES,yes,yes,Correct,0.6389
meta,11,dev_0436,no,I don't know.,i,idk,IDK,0.6369
meta,11,dev_0441,no,I don't know.,i,idk,IDK,0.6367
meta,11,dev_0442,yes,YES,yes,yes,Correct,0.6367999999999999
meta,11,dev_0479,no,YES,yes,yes,Incorrect,0.6376000000000001
meta,11,dev_0481,no,I don't know,i,idk,IDK,0.6381
meta,11,dev_0482,no,YES,yes,yes,Incorrect,0.6371
meta,11,dev_0487,no,I don't know,i,idk,IDK,0.6366
meta,11,dev_0504,yes,NO,no,no,Incorrect,1.9822
meta,11,dev_0509,no,YES,yes,yes,Incorrect,0.6385
meta,11,dev_0532,no,I don't know,i,idk,IDK,0.6387
meta,11,dev_0534,no,I don't know.,i,idk,IDK,0.6359
meta,11,dev_0536,yes,NO,no,no,Incorrect,0.6375
meta,11,dev_0537,no,I don't know.,i,idk,IDK,0.6379
meta,11,dev_0546,yes,I don't know,i,idk,IDK,0.639
meta,11,dev_0560,no,YES,yes,yes,Incorrect,0.6375
meta,11,dev_0568,no,NO,no,no,Correct,0.6371
meta,11,dev_0569,no,NO,no,no,Correct,1.9813
meta,11,dev_0588,yes,I don't know,i,idk,IDK,0.6385
meta,11,dev_0594,no,YES,yes,yes,Incorrect,0.6399
meta,11,dev_0596,no,I don't know,i,idk,IDK,0.6382000000000001
meta,11,dev_0598,yes,NO,no,no,Incorrect,0.6381
meta,11,dev_0612,yes,NO,no,no,Incorrect,0.6387
meta,11,dev_0617,yes,YES,yes,yes,Correct,0.6376000000000001
meta,11,dev_0662,yes,I don't know,i,idk,IDK,0.6384
meta,11,dev_0678,no,NO,no,no,Correct,0.6394
meta,11,dev_0696,no,YES,yes,yes,Incorrect,1.9827000000000001
meta,11,dev_0711,yes,I don't know.,i,idk,IDK,0.6373
meta,11,dev_0718,yes,I don't know,i,idk,IDK,0.6377
meta,11,dev_0724,no,I don't know,i,idk,IDK,0.637
meta,11,dev_0731,no,I don't know.,i,idk,IDK,0.6387
meta,11,dev_0737,no,I don't know.,i,idk,IDK,0.637
meta,11,dev_0754,yes,NO,no,no,Incorrect,0.6372000000000001
meta,11,dev_0759,no,I don't know,i,idk,IDK,0.6399
meta,11,dev_0764,yes,NO,no,no,Incorrect,0.6379
meta,11,dev_0782,yes,NO,no,no,Incorrect,1.982
meta,11,dev_0817,no,I don't know.,i,idk,IDK,0.6412
meta,11,dev_0829,no,NO,no,no,Correct,0.6377
meta,11,dev_0832,no,YES,yes,yes,Incorrect,0.6386000000000001
meta,11,dev_0837,yes,I don't know,i,idk,IDK,0.6373
meta,11,dev_0853,no,I don't know.,i,idk,IDK,0.6387999999999999
meta,11,dev_0854,no,NO,no,no,Correct,0.6373
meta,11,dev_0862,no,I don't know,i,idk,IDK,0.638
meta,11,dev_0871,yes,I don't know,i,idk,IDK,0.6376000000000001
meta,11,dev_0916,yes,I don't know,i,idk,IDK,1.9787000000000001
meta,11,dev_0922,yes,NO,no,no,Incorrect,0.6361
meta,11,dev_0933,no,YES,yes,yes,Incorrect,0.6395
meta,11,dev_0934,yes,NO,no,no,Incorrect,0.6401
meta,11,dev_0940,yes,NO,no,no,Incorrect,0.637
meta,11,dev_0944,no,I don't know,i,idk,IDK,0.6401
meta,11,dev_0952,yes,I don't know,i,idk,IDK,0.6386000000000001
meta,11,dev_0958,yes,NO,no,no,Incorrect,0.6371
meta,11,dev_0981,no,I don't know,i,idk,IDK,0.6397
meta,11,dev_0991,yes,I don't know.,i,idk,IDK,0.6383
meta,11,dev_0994,yes,I don't know.,i,idk,IDK,0.6406000000000001
meta,11,dev_0996,no,YES,yes,yes,Incorrect,0.6394
meta,11,dev_1006,no,I don't know.,i,idk,IDK,0.6381
meta,11,dev_1011,no,I don't know,i,idk,IDK,0.638
meta,11,dev_1022,yes,I don't know.,i,idk,IDK,0.64
meta,11,dev_1049,no,YES,yes,yes,Incorrect,0.6393
meta,11,dev_1062,yes,I don't know,i,idk,IDK,0.6373
meta,11,dev_1075,yes,I don't know,i,idk,IDK,0.6367999999999999
meta,11,dev_1102,no,YES,yes,yes,Incorrect,0.6385
meta,11,dev_1110,yes,NO,no,no,Incorrect,0.639
meta,11,dev_1112,no,Nuclear power and nuclear energy are related but not the same. Nuclear power is,nuclear,other,NC,0.6367999999999999
meta,11,dev_1113,yes,I don't know,i,idk,IDK,0.6375
meta,11,dev_1121,no,I don't know,i,idk,IDK,0.6385
meta,11,dev_1133,no,I don't know,i,idk,IDK,0.6371
meta,11,dev_1138,yes,NO,no,no,Incorrect,0.6365
meta,11,dev_1146,yes,YES,yes,yes,Correct,0.6377999999999999
meta,11,dev_1155,yes,NO,no,no,Incorrect,0.6395
meta,11,dev_1175,no,YES,yes,yes,Incorrect,0.6377999999999999
meta,11,dev_1178,no,I don't know.,i,idk,IDK,0.6362000000000001
meta,11,dev_1183,yes,NO,no,no,Incorrect,0.6375
meta,11,dev_1196,no,YES,yes,yes,Incorrect,0.6389
meta,11,dev_1204,yes,I don't know,i,idk,IDK,0.6386000000000001
meta,11,dev_1205,no,I don't know,i,idk,IDK,0.6375
meta,11,dev_1209,yes,I don't know,i,idk,IDK,0.6361
meta,11,dev_1227,no,NO,no,no,Correct,0.6382000000000001
meta,11,dev_1229,no,I don't know,i,idk,IDK,0.6375
meta,11,dev_1230,yes,I don't know,i,idk,IDK,0.6377999999999999
meta,11,dev_1235,no,YES,yes,yes,Incorrect,0.637
meta,11,dev_1239,yes,I don't know.,i,idk,IDK,0.6387999999999999
meta,11,dev_1241,no,YES,yes,yes,Incorrect,0.6376000000000001
meta,11,dev_1250,yes,YES,yes,yes,Correct,0.638
meta,11,dev_1256,yes,NO,no,no,Incorrect,0.6377
meta,11,dev_1261,no,NO,no,no,Correct,0.6401
meta,11,dev_1267,no,YES,yes,yes,Incorrect,0.6373
meta,11,dev_1271,no,YES,yes,yes,Incorrect,0.6373
meta,11,dev_1283,yes,I don't know,i,idk,IDK,0.6366
meta,11,dev_1285,no,YES,yes,yes,Incorrect,0.6377
meta,11,dev_1286,no,I don't know,i,idk,IDK,0.6379
meta,11,dev_1294,yes,I don't know,i,idk,IDK,0.6387
meta,11,dev_1296,yes,NO,no,no,Incorrect,0.6382000000000001
meta,11,dev_1303,no,NO,no,no,Correct,0.639
meta,11,dev_1307,yes,NO,no,no,Incorrect,0.6379
meta,11,dev_1311,yes,NO,no,no,Incorrect,0.6386000000000001
meta,11,dev_1316,yes,I don't know,i,idk,IDK,0.6375
meta,11,dev_1317,no,I don't know.,i,idk,IDK,0.6395
meta,11,dev_1333,yes,NO,no,no,Incorrect,0.6377999999999999
meta,11,dev_1336,yes,YES,yes,yes,Correct,0.637
meta,11,dev_1345,no,YES,yes,yes,Incorrect,0.6391
meta,11,dev_1359,no,I don't know,i,idk,IDK,0.6373
meta,11,dev_1370,yes,I don't know,i,idk,IDK,0.6377999999999999
meta,11,dev_1371,no,I don't know,i,idk,IDK,0.6373
meta,11,dev_1372,yes,NO,no,no,Incorrect,0.6375
meta,11,dev_1382,no,NO,no,no,Correct,0.6391
meta,11,dev_1406,no,YES,yes,yes,Incorrect,0.6374
meta,11,dev_1408,yes,I don't know,i,idk,IDK,0.6371
meta,11,dev_1413,yes,NO,no,no,Incorrect,0.64
meta,11,dev_1419,yes,NO,no,no,Incorrect,0.6385
meta,11,dev_1420,yes,I don't know,i,idk,IDK,0.6379
meta,11,dev_1423,no,I don't know.,i,idk,IDK,0.6379
meta,11,dev_1424,no,I don't know.,i,idk,IDK,0.6389
meta,11,dev_1436,no,I don't know,i,idk,IDK,0.6385
meta,11,dev_1438,yes,NO,no,no,Incorrect,0.6373
meta,11,dev_1452,no,YES,yes,yes,Incorrect,0.64
meta,11,dev_1455,yes,YES,yes,yes,Correct,0.6369
meta,11,dev_1464,no,YES,yes,yes,Incorrect,0.6377999999999999
meta,11,dev_1467,yes,I don't know.,i,idk,IDK,0.6384
meta,11,dev_1473,yes,I don't know.,i,idk,IDK,0.6375
meta,11,dev_1489,yes,I don't know,i,idk,IDK,0.6392
meta,11,dev_1498,yes,NO,no,no,Incorrect,0.6376000000000001
meta,11,dev_1508,no,YES,yes,yes,Incorrect,0.656
meta,11,dev_1515,no,YES,yes,yes,Incorrect,0.6389
meta,11,dev_1517,yes,NO,no,no,Incorrect,0.6381
meta,11,dev_1528,yes,YES,yes,yes,Correct,0.6372000000000001
meta,11,dev_1533,no,I don't know,i,idk,IDK,0.6405
meta,11,dev_1534,no,I don't know.,i,idk,IDK,0.6387999999999999
meta,11,dev_1546,yes,I don't know,i,idk,IDK,0.6387
meta,11,dev_1552,yes,I don't know,i,idk,IDK,0.6385
meta,11,dev_1557,no,YES,yes,yes,Incorrect,0.6364
meta,11,dev_1563,no,YES,yes,yes,Incorrect,0.6394
meta,11,dev_1627,no,NO,no,no,Correct,0.6381
meta,11,dev_1632,yes,NO,no,no,Incorrect,0.6384
meta,11,dev_1650,yes,I don't know.,i,idk,IDK,0.6376000000000001
meta,11,dev_1655,no,YES,yes,yes,Incorrect,0.6377999999999999
meta,11,dev_1658,yes,I don't know,i,idk,IDK,0.6385
meta,11,dev_1659,yes,YES,yes,yes,Correct,0.6374
meta,11,dev_1673,yes,I don't know,i,idk,IDK,0.6392
meta,11,dev_1680,no,YES,yes,yes,Incorrect,0.638
meta,11,dev_1687,no,YES,yes,yes,Incorrect,0.6369
meta,11,dev_1698,no,YES,yes,yes,Incorrect,0.6382000000000001
meta,11,dev_1707,yes,I don't know,i,idk,IDK,0.6369
meta,11,dev_1727,yes,NO,no,no,Incorrect,0.639
meta,11,dev_1736,no,I don't know,i,idk,IDK,0.6381
meta,11,dev_1737,yes,I don't know.,i,idk,IDK,0.6385
meta,11,dev_1740,yes,NO,no,no,Incorrect,0.6394
meta,11,dev_1743,no,I don't know,i,idk,IDK,0.6382000000000001
meta,11,dev_1749,yes,I don't know,i,idk,IDK,0.6381
meta,11,dev_1750,no,NO,no,no,Correct,0.6382000000000001
meta,11,dev_1757,yes,NO,no,no,Incorrect,0.6387999999999999
meta,11,dev_1763,yes,YES,yes,yes,Correct,0.6395
meta,11,dev_1775,no,NO,no,no,Correct,0.6397999999999999
meta,11,dev_1789,no,NO,no,no,Correct,0.6387
meta,11,dev_1806,no,I don't know,i,idk,IDK,0.6411
meta,11,dev_1814,no,YES,yes,yes,Incorrect,0.639
meta,11,dev_1823,yes,I don't know,i,idk,IDK,0.6387
meta,11,dev_1832,no,YES,yes,yes,Incorrect,0.6385
meta,11,dev_1849,yes,I don't know,i,idk,IDK,0.6413
meta,11,dev_1851,no,YES,yes,yes,Incorrect,0.6395
meta,11,dev_1857,no,YES,yes,yes,Incorrect,0.6383
meta,11,dev_1895,yes,I don't know,i,idk,IDK,0.6377
meta,11,dev_1906,no,I don't know,i,idk,IDK,0.6403
meta,11,dev_1916,yes,NO,no,no,Incorrect,0.6412
meta,11,dev_1919,yes,I don't know,i,idk,IDK,0.6384
meta,11,dev_1924,yes,YES,yes,yes,Correct,0.6399
meta,11,dev_1938,no,I don't know,i,idk,IDK,0.641
meta,11,dev_1948,yes,NO,no,no,Incorrect,0.6384
meta,11,dev_1950,no,NO,no,no,Correct,0.6383
meta,11,dev_1960,no,I don't know,i,idk,IDK,0.6402
meta,11,dev_1977,no,I don't know,i,idk,IDK,0.6413
meta,11,dev_1995,yes,I don't know,i,idk,IDK,0.6371
meta,11,dev_1997,yes,I don't know,i,idk,IDK,0.6397
meta,11,dev_2009,no,YES,yes,yes,Incorrect,0.6381
meta,11,dev_2032,yes,I don't know.,i,idk,IDK,0.638
meta,11,dev_2045,yes,I don't know,i,idk,IDK,0.638
meta,11,dev_2053,no,I don't know.,i,idk,IDK,0.6384
meta,11,dev_2061,no,I don't know,i,idk,IDK,0.6387
meta,11,dev_2065,yes,I don't know,i,idk,IDK,0.639
meta,11,dev_2068,yes,I don't know,i,idk,IDK,0.638
meta,11,dev_2078,no,I don't know.,i,idk,IDK,0.6377999999999999
meta,11,dev_2079,yes,YES,yes,yes,Correct,0.6384
meta,11,dev_2088,no,YES,yes,yes,Incorrect,0.6382000000000001
meta,11,dev_2091,no,I don't know.,i,idk,IDK,0.6397999999999999
meta,11,dev_2094,no,YES,yes,yes,Incorrect,0.6392
meta,11,dev_2095,yes,NO,no,no,Incorrect,0.6391
meta,11,dev_2139,no,NO,no,no,Correct,0.6401
meta,11,dev_2166,yes,I don't know,i,idk,IDK,0.6374
meta,11,dev_2184,no,YES,yes,yes,Incorrect,0.6384
meta,11,dev_2187,yes,I don't know.,i,idk,IDK,0.6374
meta,11,dev_2192,no,YES,yes,yes,Incorrect,0.6395
meta,11,dev_2196,no,YES,yes,yes,Incorrect,0.6384
meta,11,dev_2199,yes,YES,yes,yes,Correct,0.6381
meta,11,dev_2204,yes,I don't know.,i,idk,IDK,0.6387999999999999
meta,11,dev_2220,no,I don't know.,i,idk,IDK,0.6377999999999999
meta,11,dev_2224,no,I don't know.,i,idk,IDK,0.6389
meta,11,dev_2232,no,YES,yes,yes,Incorrect,0.6376000000000001
meta,11,dev_2234,no,YES,yes,yes,Incorrect,0.6394
meta,11,dev_2237,no,YES,yes,yes,Incorrect,0.6387999999999999
meta,11,dev_2247,yes,I don't know.,i,idk,IDK,0.6402
meta,11,dev_2248,yes,I don't know,i,idk,IDK,0.6363
meta,11,dev_2266,no,YES,yes,yes,Incorrect,0.637
meta,11,dev_2275,yes,I don't know,i,idk,IDK,0.6391
meta,11,dev_2295,yes,I don't know,i,idk,IDK,0.6377
meta,11,dev_2304,yes,NO,no,no,Incorrect,0.6385
meta,11,dev_2306,yes,I don't know,i,idk,IDK,0.6391
meta,11,dev_2310,no,I don't know.,i,idk,IDK,0.6385
meta,11,dev_2315,yes,I don't know,i,idk,IDK,1.992
meta,11,dev_2323,no,I don't know,i,idk,IDK,0.6393
meta,11,dev_2328,no,I don't know.,i,idk,IDK,0.6407999999999999
meta,11,dev_2350,no,I don't know.,i,idk,IDK,0.6376000000000001
meta,11,dev_2382,yes,NO,no,no,Incorrect,0.639
meta,11,dev_2387,yes,I don't know,i,idk,IDK,0.638
meta,11,dev_2388,no,I don't know,i,idk,IDK,0.6383
meta,11,dev_2396,yes,NO,no,no,Incorrect,0.6377999999999999
meta,11,dev_2408,yes,I don't know.,i,idk,IDK,0.6386000000000001
meta,11,dev_2413,no,I don't know,i,idk,IDK,1.9815999999999998
meta,11,dev_2428,yes,I don't know,i,idk,IDK,0.6371
meta,11,dev_2433,no,I don't know.,i,idk,IDK,0.6382000000000001
meta,11,dev_2434,no,NO,no,no,Correct,0.6384
meta,11,dev_2447,no,I don't know.,i,idk,IDK,0.639
meta,11,dev_2473,yes,I don't know.,i,idk,IDK,0.6375
meta,11,dev_2479,no,NO,no,no,Correct,0.6376000000000001
meta,11,dev_2504,no,YES,yes,yes,Incorrect,0.6537000000000001
meta,11,dev_2532,yes,I don't know.,i,idk,IDK,0.6377999999999999
meta,11,dev_2537,no,I don't know.,i,idk,IDK,1.9805
meta,11,dev_2538,no,I don't know,i,idk,IDK,0.6371
meta,11,dev_2547,yes,I don't know,i,idk,IDK,0.6389
meta,11,dev_2548,no,I don't know.,i,idk,IDK,0.6377999999999999
meta,11,dev_2555,no,I don't know.,i,idk,IDK,0.6377999999999999
meta,11,dev_2566,no,YES,yes,yes,Incorrect,0.6377
meta,11,dev_2572,no,NO,no,no,Correct,0.6371
meta,11,dev_2577,no,I don't know.,i,idk,IDK,0.6384
meta,11,dev_2605,yes,I don't know,i,idk,IDK,0.6391
meta,11,dev_2614,yes,I don't know,i,idk,IDK,0.6396000000000001
meta,11,dev_2622,no,YES,yes,yes,Incorrect,0.6406000000000001
meta,11,dev_2634,yes,I don't know.,i,idk,IDK,0.6384
meta,11,dev_2643,no,I don't know.,i,idk,IDK,0.6367999999999999
meta,11,dev_2655,yes,I don't know,i,idk,IDK,0.6375
meta,11,dev_2656,yes,I don't know,i,idk,IDK,0.6411
meta,11,dev_2690,yes,I don't know.,i,idk,IDK,0.6383
meta,11,dev_2719,no,I don't know,i,idk,IDK,0.6383
meta,11,dev_2727,no,I don't know.,i,idk,IDK,0.6382000000000001
meta,11,dev_2750,yes,I don't know,i,idk,IDK,0.6389
meta,11,dev_2757,yes,I don't know,i,idk,IDK,0.6375
meta,11,dev_2770,yes,I don't know.,i,idk,IDK,0.6386000000000001
meta,11,dev_2791,yes,I don't know.,i,idk,IDK,0.6386000000000001
meta,11,dev_2813,yes,I don't know,i,idk,IDK,0.639
meta,11,dev_2821,yes,NO,no,no,Incorrect,0.6397
meta,11,dev_2832,yes,NO,no,no,Incorrect,0.639
meta,11,dev_2838,no,I don't know,i,idk,IDK,0.6383
meta,11,dev_2853,no,I don't know,i,idk,IDK,0.638
meta,11,dev_2870,no,YES,yes,yes,Incorrect,0.6556000000000001
meta,11,dev_2875,yes,NO,no,no,Incorrect,0.6361
meta,11,dev_2880,no,YES,yes,yes,Incorrect,0.638
meta,11,dev_2890,no,NO,no,no,Correct,0.6387
meta,11,dev_2901,yes,NO,no,no,Incorrect,0.6383
meta,11,dev_2906,yes,I don't know,i,idk,IDK,0.6394
meta,11,dev_2919,no,I don't know,i,idk,IDK,0.6393
meta,11,dev_2931,yes,I don't know.,i,idk,IDK,0.6384
meta,11,dev_2933,no,YES,yes,yes,Incorrect,0.6372000000000001
meta,11,dev_2956,yes,NO,no,no,Incorrect,0.6386000000000001
meta,11,dev_2959,no,YES,yes,yes,Incorrect,0.6376000000000001
meta,11,dev_2967,yes,I don't know.,i,idk,IDK,0.6374
meta,11,dev_2973,no,I don't know,i,idk,IDK,0.6401
meta,11,dev_2991,yes,I don't know,i,idk,IDK,0.6389
meta,11,dev_3000,yes,I don't know.,i,idk,IDK,0.6371
meta,11,dev_3015,yes,I don't know,i,idk,IDK,0.638
meta,11,dev_3027,no,NO,no,no,Correct,0.6366
meta,11,dev_3029,no,YES,yes,yes,Incorrect,0.6374
meta,11,dev_3035,no,YES,yes,yes,Incorrect,0.6382000000000001
meta,11,dev_3040,no,I don't know.,i,idk,IDK,0.6396000000000001
meta,11,dev_3073,no,I don't know.,i,idk,IDK,0.6385
meta,11,dev_3079,yes,I don't know.,i,idk,IDK,0.6372000000000001
meta,11,dev_3089,yes,NO,no,no,Incorrect,0.637
meta,11,dev_3105,yes,I don't know.,i,idk,IDK,0.637
meta,11,dev_3106,yes,I don't know,i,idk,IDK,0.6384
meta,11,dev_3107,yes,YES,yes,yes,Correct,0.6381
meta,11,dev_3122,no,I don't know.,i,idk,IDK,0.6375
meta,11,dev_3143,no,NO,no,no,Correct,0.6392
meta,11,dev_3173,no,I don't know.,i,idk,IDK,0.6371
meta,11,dev_3183,no,YES,yes,yes,Incorrect,0.6393
meta,11,dev_3187,yes,NO,no,no,Incorrect,0.6386000000000001
meta,11,dev_3204,no,YES,yes,yes,Incorrect,0.6409
meta,11,dev_3212,yes,NO,no,no,Incorrect,0.6391
meta,11,dev_3221,no,YES,yes,yes,Incorrect,0.6379
meta,11,dev_3231,yes,NO,no,no,Incorrect,0.6387999999999999
meta,11,dev_3232,yes,I don't know.,i,idk,IDK,0.6405
meta,11,dev_3238,yes,NO,no,no,Incorrect,0.6395
meta,11,dev_3239,yes,I don't know.,i,idk,IDK,0.6393
meta,11,dev_3241,yes,YES,yes,yes,Correct,0.6385
meta,11,dev_3242,yes,I don't know,i,idk,IDK,0.6376000000000001
meta,11,dev_0031,yes,I don't know.,i,idk,IDK,0.6377999999999999
meta,11,dev_0148,yes,I don't know,i,idk,IDK,0.6387999999999999
meta,11,dev_0178,yes,NO,no,no,Incorrect,0.6399
meta,11,dev_0410,yes,NO,no,no,Incorrect,0.6386000000000001
meta,11,dev_0419,yes,YES,yes,yes,Correct,0.6417
meta,11,dev_0448,yes,YES,yes,yes,Correct,0.6389
meta,11,dev_0224,no,I don't know,i,idk,IDK,0.638
meta,11,dev_0317,no,I don't know,i,idk,IDK,0.6374
meta,11,dev_0368,no,I don't know,i,idk,IDK,0.6404
meta,11,dev_0507,no,I don't know.,i,idk,IDK,0.638
meta,11,dev_0603,no,NO,no,no,Correct,0.6381
meta,11,dev_0938,no,I don't know,i,idk,IDK,0.6375
meta,11,dev_0076,yes,I don't know,i,idk,IDK,0.6384
meta,11,dev_0459,yes,I don't know,i,idk,IDK,0.6381
meta,11,dev_0502,yes,I don't know,i,idk,IDK,0.6379
meta,11,dev_0580,yes,I don't know.,i,idk,IDK,0.6365
meta,11,dev_1089,yes,I don't know,i,idk,IDK,0.6397
meta,11,dev_1153,yes,I don't know,i,idk,IDK,0.6363
meta,11,dev_1315,yes,I don't know.,i,idk,IDK,0.6394
meta,11,dev_1482,yes,I don't know,i,idk,IDK,0.6379
meta,11,dev_1568,yes,I don't know.,i,idk,IDK,0.6394
meta,11,dev_1968,yes,I don't know.,i,idk,IDK,0.6374
meta,11,dev_2223,yes,I don't know.,i,idk,IDK,0.6387
meta,11,dev_2420,yes,I don't know,i,idk,IDK,0.6367
meta,11,dev_2882,yes,YES,yes,yes,Correct,0.6367999999999999
meta,11,dev_2899,yes,I don't know.,i,idk,IDK,0.6385
meta,11,dev_2910,yes,NO,no,no,Incorrect,0.6382000000000001
meta,11,dev_0713,no,YES,yes,yes,Incorrect,0.6381
meta,11,dev_0816,no,I don't know,i,idk,IDK,0.6393
meta,11,dev_0911,no,I don't know.,i,idk,IDK,0.6374
meta,11,dev_0997,no,I don't know,i,idk,IDK,0.6383
meta,11,dev_1258,no,YES,yes,yes,Incorrect,0.639
meta,11,dev_1422,no,I don't know,i,idk,IDK,0.6389
meta,11,dev_2120,no,YES,yes,yes,Incorrect,0.6389
meta,11,dev_2353,no,NO,no,no,Correct,0.64
meta,11,dev_2441,no,I don't know.,i,idk,IDK,0.6376000000000001
meta,11,dev_2087,no,I don't know,i,idk,IDK,0.6383
meta,11,dev_2215,no,I don't know.,i,idk,IDK,0.6387999999999999
meta,11,dev_2503,no,I don't know,i,idk,IDK,0.6382000000000001
meta,11,dev_2652,no,YES,yes,yes,Incorrect,0.6377
meta,11,dev_2850,no,I don't know,i,idk,IDK,0.6394
meta,11,dev_3062,no,I don't know,i,idk,IDK,0.6392
meta,11,dev_0400,yes,YES,yes,yes,Correct,0.6387999999999999
meta,11,dev_0432,yes,YES,yes,yes,Correct,0.6366
meta,11,dev_0446,yes,I don't know,i,idk,IDK,0.6387999999999999
meta,11,dev_0455,yes,I don't know,i,idk,IDK,0.6383
meta,11,dev_0472,yes,I don't know,i,idk,IDK,0.6384
meta,11,dev_0524,yes,I don't know.,i,idk,IDK,0.6547000000000001
meta,11,dev_0767,yes,I don't know.,i,idk,IDK,0.6381
meta,11,dev_0875,yes,YES,yes,yes,Correct,0.6377999999999999
meta,11,dev_0950,yes,YES,yes,yes,Correct,0.6389
meta,11,dev_1023,yes,I don't know.,i,idk,IDK,0.6377999999999999
meta,11,dev_1171,yes,I don't know.,i,idk,IDK,0.6387999999999999
meta,11,dev_1207,yes,I don't know,i,idk,IDK,0.6372000000000001
meta,11,dev_1299,yes,I don't know,i,idk,IDK,0.6377999999999999
meta,11,dev_0157,no,I don't know,i,idk,IDK,0.6383
meta,11,dev_0371,no,I don't know,i,idk,IDK,0.6385
meta,11,dev_0621,no,YES,yes,yes,Incorrect,0.6387
meta,11,dev_0699,no,I don't know,i,idk,IDK,0.6369
meta,11,dev_0954,no,I don't know.,i,idk,IDK,0.6369
meta,11,dev_1050,no,I don't know,i,idk,IDK,0.6374
meta,11,dev_1208,no,I don't know,i,idk,IDK,0.638
meta,11,dev_1257,no,I don't know,i,idk,IDK,0.6376000000000001
meta,11,dev_1805,no,I don't know,i,idk,IDK,0.6371
meta,11,dev_1876,no,I don't know,i,idk,IDK,0.6381
meta,11,dev_2290,no,YES,yes,yes,Incorrect,0.6373
meta,11,dev_2444,no,I don't know.,i,idk,IDK,0.6375
meta,11,dev_0250,yes,YES,yes,yes,Correct,0.6385
meta,11,dev_0337,yes,I don't know,i,idk,IDK,0.6387
meta,11,dev_0386,yes,I don't know.,i,idk,IDK,0.6369
meta,11,dev_0591,yes,NO,no,no,Incorrect,0.6369
meta,11,dev_0746,yes,I don't know,i,idk,IDK,0.6377999999999999
meta,11,dev_0845,yes,I don't know.,i,idk,IDK,0.6387999999999999
meta,11,dev_0855,yes,YES,yes,yes,Correct,0.6373
meta,11,dev_0915,yes,I don't know.,i,idk,IDK,0.6362000000000001
meta,11,dev_0945,yes,I don't know.,i,idk,IDK,0.6377999999999999
meta,11,dev_0021,no,I don't know.,i,idk,IDK,0.6387999999999999
meta,11,dev_0490,no,I don't know,i,idk,IDK,0.637
meta,11,dev_0581,no,I don't know,i,idk,IDK,0.6373
meta,11,dev_0631,no,I don't know.,i,idk,IDK,1.9921
meta,11,dev_0691,no,I don't know.,i,idk,IDK,0.6392
meta,11,dev_0783,no,YES,yes,yes,Incorrect,0.6384
meta,11,dev_0787,no,YES,yes,yes,Incorrect,0.6372000000000001
meta,11,dev_0825,no,I don't know.,i,idk,IDK,0.638
meta,11,dev_0885,no,I don't know.,i,idk,IDK,0.6359
meta,11,dev_0089,yes,I don't know.,i,idk,IDK,0.6392
meta,11,dev_0095,yes,I don't know.,i,idk,IDK,0.6376000000000001
meta,11,dev_0211,yes,I don't know.,i,idk,IDK,0.6389
meta,11,dev_0238,yes,I don't know.,i,idk,IDK,1.98
meta,11,dev_0252,yes,I don't know,i,idk,IDK,0.6381
meta,11,dev_0256,yes,I don't know,i,idk,IDK,0.6377999999999999
meta,11,dev_0266,yes,I don't know,i,idk,IDK,0.6372000000000001
meta,11,dev_0310,yes,I don't know,i,idk,IDK,0.6372000000000001
meta,11,dev_0359,yes,I don't know,i,idk,IDK,0.6392
meta,11,dev_0422,yes,I don't know.,i,idk,IDK,0.6377
meta,11,dev_0040,no,I don't know,i,idk,IDK,0.6381
meta,11,dev_0080,no,I don't know,i,idk,IDK,0.6379
meta,11,dev_0100,no,I don't know.,i,idk,IDK,1.9808
meta,11,dev_0240,no,I don't know,i,idk,IDK,0.639
meta,11,dev_0247,no,I don't know,i,idk,IDK,0.6371
meta,11,dev_0260,no,I don't know.,i,idk,IDK,0.6393
meta,11,dev_0277,no,I don't know.,i,idk,IDK,0.6372000000000001
meta,11,dev_0290,no,I don't know,i,idk,IDK,0.6377999999999999
meta,11,dev_0303,no,I don't know,i,idk,IDK,0.6417999999999999
meta,11,dev_0231,yes,NO,no,no,Incorrect,0.6372000000000001
meta,11,dev_0401,yes,I don't know.,i,idk,IDK,0.6375
meta,11,dev_0420,yes,I don't know.,i,idk,IDK,1.993
meta,11,dev_0571,yes,I don't know,i,idk,IDK,0.6375
meta,11,dev_0583,yes,I don't know,i,idk,IDK,0.6381
meta,11,dev_0765,yes,I don't know.,i,idk,IDK,0.6383
meta,11,dev_0778,yes,YES,yes,yes,Correct,0.6374
meta,11,dev_0815,yes,I don't know.,i,idk,IDK,0.6377999999999999
meta,11,dev_0073,no,I don't know,i,idk,IDK,0.6379
meta,11,dev_0491,no,I don't know.,i,idk,IDK,0.6391
meta,11,dev_0615,no,NO,no,no,Correct,0.6373
meta,11,dev_0868,no,I don't know,i,idk,IDK,0.6371
meta,11,dev_0880,no,I don't know,i,idk,IDK,0.6369
meta,11,dev_0953,no,NO,no,no,Correct,0.6387999999999999
meta,11,dev_0985,no,I don't know.,i,idk,IDK,0.6386000000000001
meta,11,dev_0136,yes,YES,yes,yes,Correct,0.6379
meta,11,dev_0367,yes,I don't know.,i,idk,IDK,0.6387
meta,11,dev_0618,yes,I don't know,i,idk,IDK,0.6405
meta,11,dev_0720,yes,I don't know,i,idk,IDK,0.6383
meta,11,dev_0770,yes,I don't know,i,idk,IDK,0.6406000000000001
meta,11,dev_0835,yes,NO,no,no,Incorrect,0.6369
meta,11,dev_0896,yes,I don't know,i,idk,IDK,0.6379
meta,11,dev_0434,no,I don't know,i,idk,IDK,0.6381
meta,11,dev_0489,no,I don't know,i,idk,IDK,0.6357999999999999
meta,11,dev_0852,no,I don't know,i,idk,IDK,0.6371
meta,11,dev_0870,no,I don't know.,i,idk,IDK,0.6393
meta,11,dev_1148,no,I don't know,i,idk,IDK,0.6377
meta,11,dev_2595,no,NO,no,no,Correct,0.6377999999999999
meta,11,dev_0281,yes,I don't know.,i,idk,IDK,0.6372000000000001
meta,11,dev_0528,yes,I don't know.,i,idk,IDK,0.6391
meta,11,dev_0547,yes,I don't know.,i,idk,IDK,0.6379
meta,11,dev_0623,yes,NO,no,no,Incorrect,0.6371
meta,11,dev_0626,yes,YES,yes,yes,Correct,0.6383
meta,11,dev_0686,yes,I don't know,i,idk,IDK,0.6387
meta,11,dev_0822,yes,YES,yes,yes,Correct,0.6385
meta,11,dev_1210,yes,I don't know.,i,idk,IDK,0.6373
meta,11,dev_0374,no,NO,no,no,Correct,0.6376000000000001
meta,11,dev_0900,no,I don't know.,i,idk,IDK,0.6387
meta,11,dev_0913,no,I don't know.,i,idk,IDK,0.6392
meta,11,dev_1234,no,NO,no,no,Correct,0.6374
meta,11,dev_1360,no,YES,yes,yes,Incorrect,0.6379
meta,11,dev_1544,no,I don't know.,i,idk,IDK,0.638
meta,11,dev_1588,no,NO,no,no,Correct,0.6366
meta,11,dev_0344,yes,I don't know,i,idk,IDK,0.6376000000000001
meta,11,dev_0379,yes,I don't know.,i,idk,IDK,0.638
meta,11,dev_0474,yes,I don't know,i,idk,IDK,0.6387999999999999
meta,11,dev_0614,yes,I don't know,i,idk,IDK,0.6379
meta,11,dev_0655,yes,I don't know,i,idk,IDK,0.6382000000000001
meta,11,dev_1195,yes,I don't know,i,idk,IDK,0.6387999999999999
meta,11,dev_1197,yes,I don't know,i,idk,IDK,0.6383
meta,11,dev_1313,yes,I don't know,i,idk,IDK,0.637
meta,11,dev_1564,yes,I don't know,i,idk,IDK,0.6363
meta,11,dev_0078,no,I don't know.,i,idk,IDK,0.6371
meta,11,dev_0166,no,I don't know,i,idk,IDK,0.6391
meta,11,dev_0851,no,YES,yes,yes,Incorrect,0.638
meta,11,dev_0861,no,YES,yes,yes,Incorrect,0.6366
meta,11,dev_0872,no,I don't know.,i,idk,IDK,0.6377999999999999
meta,11,dev_1554,no,I don't know,i,idk,IDK,0.6387
meta,11,dev_1719,no,I don't know,i,idk,IDK,0.6369
meta,11,dev_1991,no,I don't know.,i,idk,IDK,0.638
meta,11,dev_2115,no,I don't know,i,idk,IDK,0.6373
meta,11,dev_0105,yes,YES,yes,yes,Correct,0.6379
meta,11,dev_0125,yes,I don't know,i,idk,IDK,0.638
meta,11,dev_0191,yes,I don't know.,i,idk,IDK,0.6381
meta,11,dev_1292,yes,I don't know.,i,idk,IDK,0.6381
meta,11,dev_1338,yes,I don't know.,i,idk,IDK,0.6384
meta,11,dev_0388,no,I don't know,i,idk,IDK,0.6369
meta,11,dev_0703,no,I don't know,i,idk,IDK,0.6377
meta,11,dev_0833,no,I don't know,i,idk,IDK,0.6392
meta,11,dev_0874,no,I don't know.,i,idk,IDK,0.6379
meta,11,dev_1651,no,I don't know.,i,idk,IDK,0.6384
meta,11,dev_0072,yes,I don't know.,i,idk,IDK,0.6367999999999999
meta,11,dev_0258,yes,I don't know.,i,idk,IDK,0.6371
meta,11,dev_0286,yes,YES,yes,yes,Correct,0.6372000000000001
meta,11,dev_0348,yes,I don't know,i,idk,IDK,0.6374
meta,11,dev_0467,yes,YES,yes,yes,Correct,0.6386000000000001
meta,11,dev_0515,yes,I don't know.,i,idk,IDK,0.6381
meta,11,dev_0562,yes,I don't know,i,idk,IDK,0.6375
meta,11,dev_0636,yes,I don't know.,i,idk,IDK,0.6379
meta,11,dev_0740,yes,I don't know,i,idk,IDK,0.638
meta,11,dev_0838,yes,NO,no,no,Incorrect,0.6385
meta,11,dev_0864,yes,I don't know,i,idk,IDK,0.6369
meta,11,dev_0873,yes,I don't know,i,idk,IDK,0.6376000000000001
meta,11,dev_0901,yes,I don't know.,i,idk,IDK,0.6372000000000001
meta,11,dev_0909,yes,I don't know.,i,idk,IDK,0.638
meta,11,dev_1134,yes,NO,no,no,Incorrect,0.6371
meta,11,dev_0198,no,I don't know.,i,idk,IDK,0.6384
meta,11,dev_0215,no,I don't know.,i,idk,IDK,0.6377
meta,11,dev_0223,no,I don't know.,i,idk,IDK,0.6376000000000001
meta,11,dev_0234,no,I don't know.,i,idk,IDK,0.6403
meta,11,dev_0272,no,NO,no,no,Correct,0.6367
meta,11,dev_0453,no,I don't know.,i,idk,IDK,0.6387
meta,11,dev_0499,no,I don't know,i,idk,IDK,0.6385
meta,11,dev_0552,no,I don't know.,i,idk,IDK,0.6363
meta,11,dev_0680,no,I don't know,i,idk,IDK,0.6376000000000001
meta,11,dev_0738,no,I don't know,i,idk,IDK,0.6379
meta,11,dev_0771,no,I don't know,i,idk,IDK,0.6383
meta,11,dev_0888,no,YES,yes,yes,Incorrect,0.637
meta,11,dev_1135,no,I don't know.,i,idk,IDK,0.6394
meta,11,dev_1188,no,I don't know.,i,idk,IDK,0.6377999999999999
meta,11,dev_0339,yes,I don't know,i,idk,IDK,0.6375
meta,11,dev_0357,yes,I don't know,i,idk,IDK,0.6375
meta,11,dev_0498,yes,I don't know,i,idk,IDK,0.6372000000000001
meta,11,dev_0620,yes,YES,yes,yes,Correct,0.6386000000000001
meta,11,dev_0878,yes,I don't know.,i,idk,IDK,0.6369
meta,11,dev_1864,yes,NO,no,no,Incorrect,0.6367999999999999
meta,11,dev_2080,yes,NO,no,no,Incorrect,0.6372000000000001
meta,11,dev_2395,yes,I don't know.,i,idk,IDK,0.6404
meta,11,dev_2639,yes,NO,no,no,Incorrect,0.6367999999999999
meta,11,dev_3155,yes,I don't know.,i,idk,IDK,0.6376000000000001
meta,11,dev_3209,yes,I don't know.,i,idk,IDK,0.6391
meta,11,dev_0209,no,NO,no,no,Correct,0.6375
meta,11,dev_0273,no,I don't know.,i,idk,IDK,0.6384
meta,11,dev_0404,no,NO,no,no,Correct,0.6387
meta,11,dev_0567,no,NO,no,no,Correct,0.6392
meta,11,dev_0675,no,YES,yes,yes,Incorrect,0.6377
meta,11,dev_1172,no,NO,no,no,Correct,0.6365
meta,11,dev_1275,no,I don't know.,i,idk,IDK,0.6377
meta,11,dev_1971,no,NO,no,no,Correct,0.6375
meta,11,dev_2001,no,I don't know,i,idk,IDK,0.6375
meta,11,dev_3004,no,I don't know.,i,idk,IDK,0.6377999999999999
meta,11,dev_3256,no,I don't know.,i,idk,IDK,0.6377999999999999
meta,11,dev_1132,yes,I don't know,i,idk,IDK,0.6379
meta,11,dev_1233,yes,NO,no,no,Incorrect,0.6375
meta,11,dev_1511,yes,I don't know.,i,idk,IDK,0.6376000000000001
meta,11,dev_1633,yes,NO,no,no,Incorrect,0.6379
meta,11,dev_2007,yes,YES,yes,yes,Correct,0.6377999999999999
meta,11,dev_2214,yes,I don't know,i,idk,IDK,0.6363
meta,11,dev_2239,yes,I don't know,i,idk,IDK,0.6381
meta,11,dev_2299,yes,NO,no,no,Incorrect,0.637
meta,11,dev_2303,yes,YES,yes,yes,Correct,0.6362000000000001
meta,11,dev_2477,yes,I don't know,i,idk,IDK,0.637
meta,11,dev_2993,yes,I don't know,i,idk,IDK,0.6367999999999999
meta,11,dev_3126,yes,I don't know.,i,idk,IDK,0.6372000000000001
meta,11,dev_3188,yes,YES,yes,yes,Correct,0.6392
meta,11,dev_3193,yes,YES,yes,yes,Correct,0.6362000000000001
meta,11,dev_3234,yes,I don't know.,i,idk,IDK,0.6374
meta,11,dev_3265,yes,I don't know,i,idk,IDK,0.6406000000000001
meta,11,dev_0001,no,I don't know.,i,idk,IDK,0.6374
meta,11,dev_0579,no,I don't know.,i,idk,IDK,0.6367999999999999
meta,11,dev_1003,no,I don't know,i,idk,IDK,0.6376000000000001
meta,11,dev_1483,no,I don't know,i,idk,IDK,0.6373
meta,11,dev_1551,no,YES,yes,yes,Incorrect,0.6367999999999999
meta,11,dev_1702,no,I don't know,i,idk,IDK,0.6381
meta,11,dev_1925,no,I don't know,i,idk,IDK,0.6377999999999999
meta,11,dev_2025,no,I don't know.,i,idk,IDK,0.6379
meta,11,dev_2312,no,I don't know,i,idk,IDK,0.6381
meta,11,dev_2471,no,YES,yes,yes,Incorrect,0.6367999999999999
meta,11,dev_2521,no,NO,no,no,Correct,0.6382000000000001
meta,11,dev_2782,no,YES,yes,yes,Incorrect,0.6367999999999999
meta,11,dev_2812,no,I don't know.,i,idk,IDK,0.6376000000000001
meta,11,dev_3014,no,I don't know,i,idk,IDK,0.6372000000000001
meta,11,dev_3034,no,I don't know,i,idk,IDK,0.6377
meta,11,dev_3159,no,I don't know.,i,idk,IDK,0.6387
meta,11,dev_3190,no,NO,no,no,Correct,0.6377999999999999
meta,11,dev_0682,yes,I don't know.,i,idk,IDK,0.6389
meta,11,dev_0735,yes,YES,yes,yes,Correct,0.6386000000000001
meta,11,dev_1505,yes,I don't know.,i,idk,IDK,0.638
meta,11,dev_1668,yes,I don't know.,i,idk,IDK,0.6399
meta,11,dev_2373,yes,I don't know,i,idk,IDK,0.6377999999999999
meta,11,dev_2793,yes,I don't know,i,idk,IDK,0.6405
meta,11,dev_2929,yes,I don't know,i,idk,IDK,0.6384
meta,11,dev_0605,no,I don't know.,i,idk,IDK,0.6383
meta,11,dev_0908,no,I don't know,i,idk,IDK,0.6381
meta,11,dev_1388,no,I don't know,i,idk,IDK,0.6377
meta,11,dev_1521,no,I don't know.,i,idk,IDK,0.6371
meta,11,dev_2334,no,I don't know,i,idk,IDK,0.6393
meta,11,dev_2641,no,I don't know.,i,idk,IDK,0.6395
meta,11,dev_0347,yes,I don't know,i,idk,IDK,0.6557000000000001
meta,11,dev_0411,yes,I don't know,i,idk,IDK,0.6374
meta,11,dev_0439,yes,YES,yes,yes,Correct,0.6393
meta,11,dev_0452,yes,YES,yes,yes,Correct,0.637
meta,11,dev_0585,yes,I don't know.,i,idk,IDK,0.637
meta,11,dev_0656,yes,NO,no,no,Incorrect,0.6385
meta,11,dev_0661,yes,YES,yes,yes,Correct,0.6399
meta,11,dev_0701,yes,YES,yes,yes,Correct,0.637
meta,11,dev_0704,yes,YES,yes,yes,Correct,0.6383
meta,11,dev_0752,yes,YES,yes,yes,Correct,0.6377999999999999
meta,11,dev_0848,yes,I don't know,i,idk,IDK,0.6407
meta,11,dev_0883,yes,YES,yes,yes,Correct,0.6421
meta,11,dev_1143,yes,YES,yes,yes,Correct,0.6382000000000001
meta,11,dev_1305,yes,I don't know.,i,idk,IDK,0.6365
meta,11,dev_1497,yes,I don't know,i,idk,IDK,0.6392
meta,11,dev_1777,yes,I don't know.,i,idk,IDK,0.6377
meta,11,dev_2250,yes,NO,no,no,Incorrect,0.6374
meta,11,dev_2370,yes,I don't know.,i,idk,IDK,0.6376000000000001
meta,11,dev_0083,no,YES,yes,yes,Incorrect,0.64
meta,11,dev_0085,no,YES,yes,yes,Incorrect,0.638
meta,11,dev_0170,no,NO,no,no,Correct,0.6377
meta,11,dev_0230,no,I don't know.,i,idk,IDK,0.6387999999999999
meta,11,dev_0412,no,I don't know.,i,idk,IDK,0.6387
meta,11,dev_0421,no,I don't know,i,idk,IDK,0.6371
meta,11,dev_0447,no,NO,no,no,Correct,0.6367999999999999
meta,11,dev_0544,no,I don't know.,i,idk,IDK,0.6377999999999999
meta,11,dev_0565,no,YES,yes,yes,Incorrect,0.6381
meta,11,dev_0589,no,I don't know.,i,idk,IDK,0.6395
meta,11,dev_0593,no,I don't know,i,idk,IDK,0.638
meta,11,dev_0859,no,I don't know,i,idk,IDK,0.639
meta,11,dev_0865,no,NO,no,no,Correct,0.6381
meta,11,dev_1518,no,NO,no,no,Correct,0.6399
meta,11,dev_1768,no,I don't know,i,idk,IDK,0.6377
meta,11,dev_1779,no,I don't know,i,idk,IDK,0.6374
meta,11,dev_1905,no,NO,no,no,Correct,1.9804000000000002
meta,11,dev_2156,no,I don't know,i,idk,IDK,0.6397999999999999
meta,11,dev_2158,no,NO,no,no,Correct,0.6377
meta,11,dev_2798,no,YES,yes,yes,Incorrect,0.6377999999999999
meta,11,dev_3138,no,YES,yes,yes,Incorrect,0.6384
meta,11,dev_0307,yes,I don't know,i,idk,IDK,0.6377999999999999
meta,11,dev_0506,yes,YES,yes,yes,Correct,0.6367
meta,11,dev_0641,yes,I don't know,i,idk,IDK,0.6389
meta,11,dev_0844,yes,I don't know.,i,idk,IDK,1.9804000000000002
meta,11,dev_1032,yes,I don't know,i,idk,IDK,0.6377999999999999
meta,11,dev_1574,yes,I don't know.,i,idk,IDK,0.6379
meta,11,dev_1889,yes,I don't know,i,idk,IDK,0.6397999999999999
meta,11,dev_2093,yes,I don't know.,i,idk,IDK,0.6367999999999999
meta,11,dev_2213,yes,NO,no,no,Incorrect,0.6375
meta,11,dev_2735,yes,I don't know,i,idk,IDK,0.6381
meta,11,dev_2836,yes,I don't know,i,idk,IDK,0.6387999999999999
meta,11,dev_0788,no,NO,no,no,Correct,0.6365
meta,11,dev_0798,no,I don't know,i,idk,IDK,1.9797
meta,11,dev_1249,no,YES,yes,yes,Incorrect,0.6375
meta,11,dev_1458,no,I don't know.,i,idk,IDK,0.6382000000000001
meta,11,dev_1584,no,I don't know.,i,idk,IDK,0.6376000000000001
meta,11,dev_1589,no,I don't know.,i,idk,IDK,0.6387
meta,11,dev_1657,no,NO,no,no,Correct,0.6374
meta,11,dev_1691,no,I don't know,i,idk,IDK,0.6382000000000001
meta,11,dev_1943,no,YES,yes,yes,Incorrect,0.6367
meta,11,dev_2682,no,YES,yes,yes,Incorrect,0.6374
meta,11,dev_2712,no,I don't know,i,idk,IDK,1.9698
meta,11,dev_0427,no,NO,no,no,Correct,0.6381
meta,11,dev_0531,no,I don't know,i,idk,IDK,0.6369
meta,11,dev_1915,no,I don't know,i,idk,IDK,0.6383
meta,11,dev_1946,no,NO,no,no,Correct,0.6372000000000001
meta,11,dev_2024,no,I don't know.,i,idk,IDK,0.6376000000000001
meta,11,dev_2265,no,NO,no,no,Correct,0.6374
meta,11,dev_0004,yes,I don't know,i,idk,IDK,0.6387
meta,11,dev_0241,yes,I don't know,i,idk,IDK,0.6393
meta,11,dev_0326,yes,I don't know,i,idk,IDK,1.9706
meta,11,dev_0525,yes,I don't know.,i,idk,IDK,0.6383
meta,11,dev_0577,yes,I don't know.,i,idk,IDK,0.6376000000000001
meta,11,dev_0799,yes,I don't know,i,idk,IDK,0.6376000000000001
meta,11,dev_0142,no,NO,no,no,Correct,0.6384
meta,11,dev_0494,no,I don't know,i,idk,IDK,0.6396000000000001
meta,11,dev_0527,no,I don't know,i,idk,IDK,0.6374
meta,11,dev_0566,no,I don't know,i,idk,IDK,0.6385
meta,11,dev_0648,no,NO,no,no,Correct,0.6384
meta,11,dev_0668,no,NO,no,no,Correct,1.9810999999999999
meta,11,dev_0749,no,NO,no,no,Correct,0.6359
meta,11,dev_0790,no,NO,no,no,Correct,0.6383
meta,11,dev_0867,no,I don't know,i,idk,IDK,0.6385
meta,11,dev_0921,no,I don't know.,i,idk,IDK,0.6363
meta,11,dev_1088,no,I don't know,i,idk,IDK,0.6386000000000001
meta,11,dev_1329,no,I don't know.,i,idk,IDK,0.638
meta,11,dev_1402,no,I don't know.,i,idk,IDK,0.6377
meta,11,dev_1428,no,NO,no,no,Correct,0.6372000000000001
meta,11,dev_1439,no,NO,no,no,Correct,0.6384
meta,11,dev_0020,yes,YES,yes,yes,Correct,0.637
meta,11,dev_0027,yes,I don't know,i,idk,IDK,0.6373
meta,11,dev_0047,yes,YES,yes,yes,Correct,0.6383
meta,11,dev_0070,yes,YES,yes,yes,Correct,0.6382000000000001
meta,11,dev_0086,yes,YES,yes,yes,Correct,0.6381
meta,11,dev_0121,yes,I don't know.,i,idk,IDK,0.6375
meta,11,dev_0131,yes,YES,yes,yes,Correct,0.6371
meta,11,dev_0147,yes,YES,yes,yes,Correct,0.6385
meta,11,dev_0159,yes,NO,no,no,Incorrect,0.6376000000000001
meta,11,dev_0190,yes,I don't know.,i,idk,IDK,0.6377
meta,11,dev_0195,yes,I don't know.,i,idk,IDK,0.6379
meta,11,dev_0200,yes,YES,yes,yes,Correct,0.6364
meta,11,dev_0214,yes,YES,yes,yes,Correct,0.6379
meta,11,dev_0242,yes,YES,yes,yes,Correct,0.6389
meta,11,dev_0522,yes,YES,yes,yes,Correct,0.637
meta,11,dev_0033,no,NO,no,no,Correct,0.6371
meta,11,dev_0123,no,I don't know.,i,idk,IDK,0.6371
meta,11,dev_0501,no,NO,no,no,Correct,0.6377
meta,11,dev_0526,no,NO,no,no,Correct,0.6391
meta,11,dev_1076,no,I don't know,i,idk,IDK,0.6373
meta,11,dev_1213,no,I don't know,i,idk,IDK,0.6382000000000001
meta,11,dev_1654,no,I don't know,i,idk,IDK,0.6373
meta,11,dev_1753,no,YES,yes,yes,Incorrect,0.6374
meta,11,dev_1825,no,NO,no,no,Correct,0.6379
meta,11,dev_2911,no,NO,no,no,Correct,0.6377
meta,11,dev_2740,no,NO,no,no,Correct,0.6377
meta,11,dev_2517,no,NO,no,no,Correct,0.6367
meta,11,dev_1139,yes,YES,yes,yes,Correct,0.6365
meta,11,dev_0002,yes,I don't know.,i,idk,IDK,0.6374
meta,11,dev_0773,yes,YES,yes,yes,Correct,0.6379
meta,11,dev_1186,yes,YES,yes,yes,Correct,0.637
meta,11,dev_1302,yes,YES,yes,yes,Correct,0.638
meta,11,dev_1349,yes,YES,yes,yes,Correct,0.6376000000000001
meta,11,dev_1771,yes,I don't know.,i,idk,IDK,0.6385
meta,11,dev_1804,yes,YES,yes,yes,Correct,0.6367999999999999
meta,11,dev_1873,yes,I don't know,i,idk,IDK,0.6381
meta,11,dev_1963,yes,YES,yes,yes,Correct,0.637
meta,11,dev_2582,yes,YES,yes,yes,Correct,0.6377
meta,11,dev_2598,yes,I don't know,i,idk,IDK,0.6373
meta,11,dev_3158,yes,I don't know,i,idk,IDK,0.6389
meta,11,dev_0551,no,YES,yes,yes,Incorrect,0.6367999999999999
meta,11,dev_1158,no,NO,no,no,Correct,0.6396000000000001
meta,11,dev_1364,no,NO,no,no,Correct,0.6372000000000001
meta,11,dev_1807,no,NO,no,no,Correct,0.6397
meta,11,dev_2542,no,NO,no,no,Correct,0.637
meta,11,dev_2562,no,I don't know,i,idk,IDK,0.6397
meta,11,dev_3005,no,I don't know.,i,idk,IDK,0.6376000000000001
meta,11,dev_3194,no,I don't know,i,idk,IDK,0.6373
meta,11,dev_3195,no,I don't know.,i,idk,IDK,0.6389
meta,11,dev_0013,yes,I don't know.,i,idk,IDK,0.6381
meta,11,dev_0043,yes,YES,yes,yes,Correct,0.6392
meta,11,dev_0052,yes,I don't know.,i,idk,IDK,0.6374
meta,11,dev_0091,yes,NO,no,no,Incorrect,0.6371
meta,11,dev_0116,yes,YES,yes,yes,Correct,0.6375
meta,11,dev_0288,yes,YES,yes,yes,Correct,0.6379
meta,11,dev_0555,yes,ZIP code and postal code are not the same. ZIP code is a term used,zip,other,NC,0.6362000000000001
meta,11,dev_0627,yes,I don't know,i,idk,IDK,0.6375
meta,11,dev_0831,yes,YES,yes,yes,Correct,0.6387999999999999
meta,11,dev_0721,no,I don't know,i,idk,IDK,0.6381
meta,11,dev_0863,no,I don't know,i,idk,IDK,0.6381
meta,11,dev_1357,no,NO,no,no,Correct,0.6367999999999999
meta,11,dev_1951,no,I don't know,i,idk,IDK,0.6386000000000001
meta,11,dev_2131,no,I don't know.,i,idk,IDK,0.6391
meta,11,dev_2174,no,I don't know,i,idk,IDK,0.6385
meta,11,dev_2252,no,I don't know.,i,idk,IDK,0.64
meta,11,dev_2309,no,I don't know,i,idk,IDK,0.6397999999999999
meta,11,dev_2364,no,I don't know,i,idk,IDK,0.6385
meta,11,dev_3075,no,I don't know,i,idk,IDK,0.6371
meta,11,dev_3205,no,NO,no,no,Correct,0.6372000000000001
meta,11,dev_0015,yes,NO,no,no,Incorrect,0.6386000000000001
meta,11,dev_0153,yes,YES,yes,yes,Correct,0.6389
meta,11,dev_0161,yes,NO,no,no,Incorrect,0.638
meta,11,dev_0306,yes,I don't know.,i,idk,IDK,0.6379
meta,11,dev_0334,yes,NO,no,no,Incorrect,0.6382000000000001
meta,11,dev_0338,yes,YES,yes,yes,Correct,0.6402
meta,11,dev_0493,yes,I don't know,i,idk,IDK,0.6372000000000001
meta,11,dev_0520,yes,I don't know.,i,idk,IDK,0.6375
meta,11,dev_0212,no,I don't know,i,idk,IDK,0.6371
meta,11,dev_0309,no,NO,no,no,Correct,0.6386000000000001
meta,11,dev_0484,no,NO,no,no,Correct,0.6387
meta,11,dev_0654,no,NO,no,no,Correct,0.6389
meta,11,dev_0973,no,I don't know,i,idk,IDK,0.6371
meta,11,dev_1335,no,NO,no,no,Correct,0.638
meta,11,dev_1443,no,NO,no,no,Correct,0.6372000000000001
meta,11,dev_0284,yes,I don't know.,i,idk,IDK,0.6383
meta,11,dev_0330,yes,I don't know.,i,idk,IDK,0.637
meta,11,dev_0443,yes,I don't know.,i,idk,IDK,0.6395
meta,11,dev_0975,yes,I don't know.,i,idk,IDK,0.6377999999999999
meta,11,dev_1741,yes,YES,yes,yes,Correct,0.6379
meta,11,dev_1770,yes,NO,no,no,Incorrect,0.6359
meta,11,dev_1860,no,NO,no,no,Correct,0.6389
meta,11,dev_1967,yes,I don't know.,i,idk,IDK,0.637
meta,11,dev_0236,no,NO,no,no,Correct,0.6385
meta,11,dev_0741,no,I don't know,i,idk,IDK,0.637
meta,11,dev_1440,no,YES,yes,yes,Incorrect,0.6394
meta,11,dev_2062,no,I don't know.,i,idk,IDK,0.6361
meta,11,dev_2109,no,I don't know,i,idk,IDK,0.6386000000000001
meta,11,dev_2137,no,I don't know,i,idk,IDK,0.6375
meta,11,dev_0478,yes,YES,yes,yes,Correct,0.6391
meta,11,dev_0545,yes,YES,yes,yes,Correct,0.6375
meta,11,dev_1125,yes,I don't know,i,idk,IDK,0.6365
meta,11,dev_1137,yes,I don't know,i,idk,IDK,0.6375
meta,11,dev_1162,yes,YES,yes,yes,Correct,0.6377999999999999
meta,11,dev_1177,yes,YES,yes,yes,Correct,0.6389
meta,11,dev_1444,yes,YES,yes,yes,Correct,0.6364
meta,11,dev_0313,no,NO,no,no,Correct,0.6382000000000001
meta,11,dev_0823,no,I don't know,i,idk,IDK,0.6384
meta,11,dev_0839,no,NO,no,no,Correct,0.6393
meta,11,dev_1222,no,NO,no,no,Correct,0.6553
meta,11,dev_1254,no,NO,no,no,Correct,0.6375
meta,11,dev_1269,no,NO,no,no,Correct,0.6395
meta,11,dev_1334,no,NO,no,no,Correct,0.6367
meta,11,dev_0184,yes,I don't know.,i,idk,IDK,0.6371
meta,11,dev_0322,yes,NO,no,no,Incorrect,0.6374
meta,11,dev_0557,yes,NO,no,no,Incorrect,0.6387
meta,11,dev_0573,yes,I don't know.,i,idk,IDK,0.637
meta,11,dev_1179,yes,NO,no,no,Incorrect,0.6371
meta,11,dev_0619,yes,NO,no,no,Incorrect,0.637
meta,11,dev_0650,yes,YES,yes,yes,Correct,0.6377
meta,11,dev_0734,yes,I don't know.,i,idk,IDK,0.637
meta,11,dev_0061,no,I don't know,i,idk,IDK,0.6374
meta,11,dev_0124,no,NO,no,no,Correct,0.6381
meta,11,dev_0914,no,NO,no,no,Correct,0.6394
meta,11,dev_0955,no,I don't know,i,idk,IDK,0.6379
meta,11,dev_1610,no,I don't know,i,idk,IDK,0.6384
meta,11,dev_1790,no,I don't know,i,idk,IDK,0.6379
meta,11,dev_2096,no,NO,no,no,Correct,0.6401
meta,11,dev_2277,no,I don't know.,i,idk,IDK,0.6373
meta,11,dev_2499,no,NO,no,no,Correct,0.6385
meta,11,dev_1959,yes,I don't know,i,idk,IDK,0.6367999999999999
meta,11,dev_1992,yes,NO,no,no,Incorrect,0.6374
meta,11,dev_2047,yes,YES,yes,yes,Correct,0.637
meta,11,dev_1656,yes,I don't know.,i,idk,IDK,0.6376000000000001
meta,11,dev_1663,yes,I don't know.,i,idk,IDK,0.6387
meta,11,dev_1752,yes,I don't know,i,idk,IDK,0.6385
meta,11,dev_2049,yes,YES,yes,yes,Correct,0.6365
meta,11,dev_2050,yes,YES,yes,yes,Correct,0.639
meta,11,dev_1442,yes,YES,yes,yes,Correct,0.6376000000000001
meta,11,dev_0301,no,NO,no,no,Correct,0.6381
meta,11,dev_0480,no,I don't know,i,idk,IDK,0.6375
meta,11,dev_1290,no,NO,no,no,Correct,0.6386000000000001
meta,11,dev_1819,no,NO,no,no,Correct,0.6395
meta,11,dev_2206,no,NO,no,no,Correct,0.6386000000000001
meta,11,dev_0376,yes,I don't know,i,idk,IDK,0.639
meta,11,dev_0346,yes,YES,yes,yes,Correct,0.6419
meta,11,dev_0363,yes,YES,yes,yes,Correct,0.637
meta,11,dev_0535,yes,NO,no,no,Incorrect,0.6371
meta,11,dev_0629,yes,YES,yes,yes,Correct,0.6385
meta,11,dev_0179,no,NO,no,no,Correct,0.6374
meta,11,dev_0402,no,I don't know,i,idk,IDK,0.6402
meta,11,dev_0513,no,I don't know,i,idk,IDK,0.6397999999999999
meta,11,dev_0606,no,I don't know,i,idk,IDK,0.6379
meta,11,dev_0630,no,I don't know,i,idk,IDK,0.6384
meta,11,dev_0795,no,I don't know,i,idk,IDK,0.6385
meta,11,dev_1457,no,NO,no,no,Correct,0.6379
meta,11,dev_1776,no,NO,no,no,Correct,0.6379
meta,11,dev_1862,no,I don't know,i,idk,IDK,0.6385
meta,11,dev_1911,no,I don't know,i,idk,IDK,0.6387
meta,11,dev_2755,no,I don't know,i,idk,IDK,0.6381
meta,11,dev_2756,no,NO,no,no,Correct,0.6376000000000001
meta,11,dev_2921,no,I don't know.,i,idk,IDK,0.6366
meta,11,dev_2972,no,I don't know,i,idk,IDK,0.6363
meta,11,dev_0009,yes,I don't know,i,idk,IDK,0.6374
meta,11,dev_0038,yes,I don't know.,i,idk,IDK,0.6375
meta,11,dev_0129,yes,I don't know.,i,idk,IDK,0.6377999999999999
meta,11,dev_0202,yes,YES,yes,yes,Correct,0.6372000000000001
meta,11,dev_0308,yes,YES,yes,yes,Correct,0.6391
meta,11,dev_0584,yes,YES,yes,yes,Correct,0.6377999999999999
meta,11,dev_0644,yes,YES,yes,yes,Correct,0.6383
meta,11,dev_0653,yes,YES,yes,yes,Correct,0.6376000000000001
meta,11,dev_0671,yes,YES,yes,yes,Correct,0.6377999999999999
meta,11,dev_0757,yes,YES,yes,yes,Correct,0.6386000000000001
meta,11,dev_1059,yes,I don't know.,i,idk,IDK,0.6397
meta,11,dev_1067,yes,YES,yes,yes,Correct,0.6382000000000001
meta,11,dev_1097,yes,YES,yes,yes,Correct,0.6381
meta,11,dev_1131,yes,YES,yes,yes,Correct,0.6385
meta,11,dev_1324,yes,I don't know.,i,idk,IDK,0.6366
meta,11,dev_0305,no,I don't know,i,idk,IDK,0.6376000000000001
meta,11,dev_0465,no,NO,no,no,Correct,0.6369
meta,11,dev_0508,no,I don't know,i,idk,IDK,0.6387999999999999
meta,11,dev_0518,no,YES,yes,yes,Incorrect,0.6384
meta,11,dev_0572,no,I don't know.,i,idk,IDK,0.638
meta,11,dev_0898,no,I don't know,i,idk,IDK,0.6376000000000001
meta,11,dev_1154,no,NO,no,no,Correct,0.6381
meta,11,dev_1221,no,I don't know,i,idk,IDK,0.6371
meta,11,dev_1244,no,NO,no,no,Correct,0.6367
meta,11,dev_1245,no,NO,no,no,Correct,0.6376000000000001
meta,11,dev_1273,no,NO,no,no,Correct,0.638
meta,11,dev_0647,yes,YES,yes,yes,Correct,0.6377999999999999
meta,11,dev_0254,yes,YES,yes,yes,Correct,0.6379
meta,11,dev_0486,yes,YES,yes,yes,Correct,0.6373
meta,11,dev_0736,yes,NO,no,no,Incorrect,0.6387999999999999
meta,11,dev_0814,yes,NO,no,no,Incorrect,0.6379
meta,11,dev_1477,yes,YES,yes,yes,Correct,0.6377
meta,11,dev_1721,yes,YES,yes,yes,Correct,0.6364
meta,11,dev_1786,yes,I don't know,i,idk,IDK,0.6381
meta,11,dev_1970,yes,YES,yes,yes,Correct,0.6374
meta,11,dev_1985,yes,YES,yes,yes,Correct,0.6383
meta,11,dev_2448,no,I don't know,i,idk,IDK,0.6377
meta,11,dev_0066,yes,NO,no,no,Incorrect,0.6403
meta,11,dev_0088,yes,YES,yes,yes,Correct,0.6374
meta,11,dev_0196,yes,YES,yes,yes,Correct,0.6375
meta,11,dev_0262,yes,YES,yes,yes,Correct,0.6382000000000001
meta,11,dev_0271,yes,YES,yes,yes,Correct,0.6377
meta,11,dev_0329,yes,NO,no,no,Incorrect,0.6367
meta,11,dev_0331,yes,YES,yes,yes,Correct,0.6369
meta,11,dev_0387,yes,YES,yes,yes,Correct,0.6367999999999999
meta,11,dev_0418,yes,I don't know.,i,idk,IDK,0.6401
meta,11,dev_0616,yes,YES,yes,yes,Correct,0.6375
meta,11,dev_0638,yes,YES,yes,yes,Correct,0.6377
meta,11,dev_0657,yes,I don't know.,i,idk,IDK,0.6376000000000001
meta,11,dev_0692,yes,YES,yes,yes,Correct,0.6406000000000001
meta,11,dev_0744,yes,I don't know,i,idk,IDK,0.6364
meta,11,dev_0797,yes,I don't know,i,idk,IDK,0.6392
meta,11,dev_0842,yes,NO,no,no,Incorrect,0.6361
meta,11,dev_1379,yes,"Talc and talcum powder are related, but not exactly the same. Tal",talc,other,NC,0.6395
meta,11,dev_0126,no,I don't know,i,idk,IDK,0.6385
meta,11,dev_0342,no,I don't know,i,idk,IDK,0.6386000000000001
meta,11,dev_0437,no,I don't know,i,idk,IDK,0.6404
meta,11,dev_0553,no,I don't know,i,idk,IDK,0.6382000000000001
meta,11,dev_0652,no,I don't know,i,idk,IDK,0.6386000000000001
meta,11,dev_0708,no,I don't know.,i,idk,IDK,0.6375
meta,11,dev_1083,no,I don't know,i,idk,IDK,0.64
meta,11,dev_1142,no,I don't know,i,idk,IDK,0.6396000000000001
meta,11,dev_1354,no,I don't know,i,idk,IDK,0.6381
meta,11,dev_1460,no,I don't know,i,idk,IDK,0.6394
meta,11,dev_1468,no,I don't know,i,idk,IDK,0.6387999999999999
meta,11,dev_1559,no,I don't know,i,idk,IDK,0.6387999999999999
meta,11,dev_1595,no,I don't know.,i,idk,IDK,0.6397
meta,11,dev_1643,no,NO,no,no,Correct,0.6371
meta,11,dev_1692,no,NO,no,no,Correct,0.6367
meta,11,dev_1726,no,NO,no,no,Correct,0.6395
meta,11,dev_0008,yes,I don't know,i,idk,IDK,0.6376000000000001
meta,11,dev_0323,yes,YES,yes,yes,Correct,0.6379
meta,11,dev_0794,yes,YES,yes,yes,Correct,0.6391
meta,11,dev_0866,yes,I don't know.,i,idk,IDK,0.6404
meta,11,dev_0910,yes,YES,yes,yes,Correct,0.6375
meta,11,dev_0992,yes,I don't know.,i,idk,IDK,0.6374
meta,11,dev_1446,yes,YES,yes,yes,Correct,0.6384
meta,11,dev_0294,no,I don't know,i,idk,IDK,0.6392
meta,11,dev_0521,no,I don't know,i,idk,IDK,0.6376000000000001
meta,11,dev_0943,no,NO,no,no,Correct,0.6391
meta,11,dev_1887,no,I don't know,i,idk,IDK,0.6374
meta,11,dev_2892,no,I don't know,i,idk,IDK,0.6379
meta,11,dev_2691,no,NO,no,no,Correct,0.6376000000000001
meta,11,dev_0065,yes,I don't know.,i,idk,IDK,0.6385
meta,11,dev_0245,yes,YES,yes,yes,Correct,0.6382000000000001
meta,11,dev_0315,yes,I don't know.,i,idk,IDK,0.6374
meta,11,dev_0361,yes,I don't know,i,idk,IDK,0.6387999999999999
meta,11,dev_0550,yes,YES,yes,yes,Correct,0.6363
meta,11,dev_0595,yes,I don't know,i,idk,IDK,0.6387999999999999
meta,11,dev_0966,yes,YES,yes,yes,Correct,0.6373
meta,11,dev_1078,yes,YES,yes,yes,Correct,0.6383
meta,11,dev_1224,yes,I don't know.,i,idk,IDK,0.6367999999999999
meta,11,dev_1251,yes,YES,yes,yes,Correct,0.6385
meta,11,dev_1260,yes,I don't know.,i,idk,IDK,0.6385
meta,11,dev_1278,yes,YES,yes,yes,Correct,0.6379
meta,11,dev_1462,yes,YES,yes,yes,Correct,0.6376000000000001
meta,11,dev_1494,yes,NO,no,no,Incorrect,0.6386000000000001
meta,11,dev_1543,yes,YES,yes,yes,Correct,0.6395
meta,11,dev_2012,yes,YES,yes,yes,Correct,0.6379
meta,11,dev_2118,yes,I don't know.,i,idk,IDK,0.6379
meta,11,dev_2272,yes,YES,yes,yes,Correct,0.6377
meta,11,dev_2338,yes,YES,yes,yes,Correct,0.6387999999999999
meta,11,dev_2498,yes,I don't know.,i,idk,IDK,0.6385
meta,11,dev_2509,yes,I don't know.,i,idk,IDK,0.6387999999999999
meta,11,dev_2917,yes,YES,yes,yes,Correct,0.6371
meta,11,dev_2966,yes,I don't know,i,idk,IDK,0.6389
meta,11,dev_2974,yes,I don't know,i,idk,IDK,0.638
meta,11,dev_3007,yes,YES,yes,yes,Correct,0.6376000000000001
meta,11,dev_3199,yes,I don't know.,i,idk,IDK,0.6369
meta,11,dev_0222,no,NO,no,no,Correct,0.6396000000000001
meta,11,dev_0398,no,YES,yes,yes,Incorrect,0.638
meta,11,dev_0426,no,NO,no,no,Correct,0.6385
meta,11,dev_0464,no,NO,no,no,Correct,0.6393
meta,11,dev_0563,no,NO,no,no,Correct,0.6364
meta,11,dev_0658,no,I don't know.,i,idk,IDK,0.6374
meta,11,dev_1366,no,I don't know,i,idk,IDK,0.6375
meta,11,dev_1471,no,NO,no,no,Correct,0.6384
meta,11,dev_1558,no,NO,no,no,Correct,0.6373
meta,11,dev_1580,no,NO,no,no,Correct,0.6377
meta,11,dev_2401,no,NO,no,no,Correct,0.6374
meta,11,dev_2436,no,I don't know,i,idk,IDK,0.6384
meta,11,dev_3224,no,NO,no,no,Correct,0.6371
meta,11,dev_0022,yes,YES,yes,yes,Correct,0.638
meta,11,dev_0132,yes,YES,yes,yes,Correct,0.6384
meta,11,dev_0268,yes,YES,yes,yes,Correct,0.6377
meta,11,dev_0646,yes,I don't know,i,idk,IDK,0.6372000000000001
meta,11,dev_0697,yes,I don't know,i,idk,IDK,0.636
meta,11,dev_0935,yes,YES,yes,yes,Correct,0.6375
meta,11,dev_1159,yes,YES,yes,yes,Correct,0.6383
meta,11,dev_1376,yes,YES,yes,yes,Correct,0.6373
meta,11,dev_1646,yes,NO,no,no,Incorrect,0.6383
meta,11,dev_1869,yes,YES,yes,yes,Correct,0.6386000000000001
meta,11,dev_2397,yes,YES,yes,yes,Correct,0.6389
meta,11,dev_0512,no,I don't know,i,idk,IDK,0.6383
meta,11,dev_1524,no,I don't know,i,idk,IDK,0.6371
meta,11,dev_1675,no,I don't know,i,idk,IDK,0.6367
meta,11,dev_1723,no,I don't know,i,idk,IDK,0.6373
meta,11,dev_2027,no,NO,no,no,Correct,0.6369
meta,11,dev_2104,no,I don't know,i,idk,IDK,0.6387
meta,11,dev_2262,no,NO,no,no,Correct,0.6359
meta,11,dev_2431,no,I don't know,i,idk,IDK,0.6376000000000001
meta,11,dev_2524,no,I don't know,i,idk,IDK,0.639
meta,11,dev_3057,no,I don't know,i,idk,IDK,0.6365
meta,11,dev_3167,no,I don't know,i,idk,IDK,0.6374
meta,21,dev_0023,yes,NO,no,no,Incorrect,0.8086
meta,21,dev_0039,no,YES,yes,yes,Incorrect,0.8086
meta,21,dev_0055,no,YES,yes,yes,Incorrect,0.8079
meta,21,dev_0059,no,I don't know,i,idk,IDK,0.8082
meta,21,dev_0068,no,NO,no,no,Correct,0.8088
meta,21,dev_0087,yes,NO,no,no,Incorrect,0.8072
meta,21,dev_0107,no,I don't know,i,idk,IDK,0.8108
meta,21,dev_0120,yes,NO,no,no,Incorrect,0.8076
meta,21,dev_0138,no,YES,yes,yes,Incorrect,0.8088
meta,21,dev_0151,no,NO,no,no,Correct,0.8094
meta,21,dev_0163,yes,I don't know,i,idk,IDK,0.8081
meta,21,dev_0165,no,YES,yes,yes,Incorrect,0.8088
meta,21,dev_0207,no,NO,no,no,Correct,0.8072
meta,21,dev_0210,no,YES,yes,yes,Incorrect,2.1515
meta,21,dev_0221,no,YES,yes,yes,Incorrect,0.8092
meta,21,dev_0229,yes,YES,yes,yes,Correct,0.8098
meta,21,dev_0237,no,YES,yes,yes,Incorrect,0.8101
meta,21,dev_0243,no,NO,no,no,Correct,0.8082
meta,21,dev_0248,yes,NO,no,no,Incorrect,0.8088
meta,21,dev_0249,yes,YES,yes,yes,Correct,0.8112
meta,21,dev_0251,yes,NO,no,no,Incorrect,0.8096
meta,21,dev_0257,yes,NO,no,no,Incorrect,0.8087000000000001
meta,21,dev_0270,no,NO,no,no,Correct,0.8091
meta,21,dev_0287,yes,NO,no,no,Incorrect,0.8087000000000001
meta,21,dev_0295,no,I don't know,i,idk,IDK,0.8072999999999999
meta,21,dev_0298,yes,NO,no,no,Incorrect,0.8099
meta,21,dev_0312,no,NO,no,no,Correct,0.809
meta,21,dev_0316,yes,NO,no,no,Incorrect,0.809
meta,21,dev_0318,yes,YES,yes,yes,Correct,0.8092
meta,21,dev_0321,yes,YES,yes,yes,Correct,0.8082999999999999
meta,21,dev_0333,yes,NO,no,no,Incorrect,0.8092999999999999
meta,21,dev_0336,no,YES,yes,yes,Incorrect,0.8108
meta,21,dev_0343,yes,NO,no,no,Incorrect,0.8085
meta,21,dev_0352,no,NO,no,no,Correct,0.8106
meta,21,dev_0355,no,NO,no,no,Correct,0.8101
meta,21,dev_0364,no,NO,no,no,Correct,0.8076
meta,21,dev_0366,no,YES,yes,yes,Incorrect,0.8082
meta,21,dev_0406,no,NO,no,no,Correct,0.8082
meta,21,dev_0428,no,YES,yes,yes,Incorrect,0.8075
meta,21,dev_0429,yes,YES,yes,yes,Correct,0.8112
meta,21,dev_0430,yes,NO,no,no,Incorrect,0.81
meta,21,dev_0436,no,I don't know,i,idk,IDK,0.8092
meta,21,dev_0441,no,NO,no,no,Correct,0.809
meta,21,dev_0442,yes,YES,yes,yes,Correct,0.8112999999999999
meta,21,dev_0479,no,YES,yes,yes,Incorrect,0.8098
meta,21,dev_0481,no,NO,no,no,Correct,0.8099
meta,21,dev_0482,no,NO,no,no,Correct,0.8094
meta,21,dev_0487,no,NO,no,no,Correct,0.8082999999999999
meta,21,dev_0504,yes,NO,no,no,Incorrect,0.8097000000000001
meta,21,dev_0509,no,YES,yes,yes,Incorrect,0.8082999999999999
meta,21,dev_0532,no,I don't know,i,idk,IDK,0.8075
meta,21,dev_0534,no,YES,yes,yes,Incorrect,0.8084
meta,21,dev_0536,yes,NO,no,no,Incorrect,0.8077000000000001
meta,21,dev_0537,no,NO,no,no,Correct,0.8084
meta,21,dev_0546,yes,NO,no,no,Incorrect,0.8111
meta,21,dev_0560,no,YES,yes,yes,Incorrect,2.1543
meta,21,dev_0568,no,NO,no,no,Correct,0.8082999999999999
meta,21,dev_0569,no,NO,no,no,Correct,0.8076
meta,21,dev_0588,yes,NO,no,no,Incorrect,0.809
meta,21,dev_0594,no,NO,no,no,Correct,0.8124
meta,21,dev_0596,no,YES,yes,yes,Incorrect,0.8104
meta,21,dev_0598,yes,NO,no,no,Incorrect,0.8077000000000001
meta,21,dev_0612,yes,NO,no,no,Incorrect,0.8077000000000001
meta,21,dev_0617,yes,NO,no,no,Incorrect,0.8077000000000001
meta,21,dev_0662,yes,NO,no,no,Incorrect,0.8088
meta,21,dev_0678,no,NO,no,no,Correct,0.8082999999999999
meta,21,dev_0696,no,YES,yes,yes,Incorrect,0.8085
meta,21,dev_0711,yes,NO,no,no,Incorrect,0.8078
meta,21,dev_0718,yes,NO,no,no,Incorrect,0.8086
meta,21,dev_0724,no,YES,yes,yes,Incorrect,0.8081
meta,21,dev_0731,no,I don't know,i,idk,IDK,0.8078
meta,21,dev_0737,no,NO,no,no,Correct,0.8116
meta,21,dev_0754,yes,NO,no,no,Incorrect,0.8095
meta,21,dev_0759,no,NO,no,no,Correct,0.8094
meta,21,dev_0764,yes,NO,no,no,Incorrect,0.8095
meta,21,dev_0782,yes,NO,no,no,Incorrect,0.8077000000000001
meta,21,dev_0817,no,YES,yes,yes,Incorrect,0.8082
meta,21,dev_0829,no,NO,no,no,Correct,0.8109
meta,21,dev_0832,no,YES,yes,yes,Incorrect,0.8076
meta,21,dev_0837,yes,I don't know,i,idk,IDK,0.8087000000000001
meta,21,dev_0853,no,NO,no,no,Correct,0.8092999999999999
meta,21,dev_0854,no,NO,no,no,Correct,0.8077000000000001
meta,21,dev_0862,no,YES,yes,yes,Incorrect,0.8077000000000001
meta,21,dev_0871,yes,NO,no,no,Incorrect,0.8072
meta,21,dev_0916,yes,NO,no,no,Incorrect,0.8095
meta,21,dev_0922,yes,NO,no,no,Incorrect,0.8092999999999999
meta,21,dev_0933,no,YES,yes,yes,Incorrect,0.8082999999999999
meta,21,dev_0934,yes,NO,no,no,Incorrect,0.8101
meta,21,dev_0940,yes,NO,no,no,Incorrect,0.8082999999999999
meta,21,dev_0944,no,YES,yes,yes,Incorrect,0.8074
meta,21,dev_0952,yes,NO,no,no,Incorrect,0.8095
meta,21,dev_0958,yes,NO,no,no,Incorrect,0.8071
meta,21,dev_0981,no,NO,no,no,Correct,0.8095
meta,21,dev_0991,yes,NO,no,no,Incorrect,0.8085
meta,21,dev_0994,yes,NO,no,no,Incorrect,0.8084
meta,21,dev_0996,no,NO,no,no,Correct,0.8095
meta,21,dev_1006,no,I don't know,i,idk,IDK,0.8088
meta,21,dev_1011,no,I don't know,i,idk,IDK,2.1641
meta,21,dev_1022,yes,NO,no,no,Incorrect,0.8126
meta,21,dev_1049,no,YES,yes,yes,Incorrect,0.8089
meta,21,dev_1062,yes,NO,no,no,Incorrect,0.8078
meta,21,dev_1075,yes,NO,no,no,Incorrect,0.8101
meta,21,dev_1102,no,YES,yes,yes,Incorrect,0.8094
meta,21,dev_1110,yes,NO,no,no,Incorrect,0.8128
meta,21,dev_1112,no,NO,no,no,Correct,0.8091
meta,21,dev_1113,yes,NO,no,no,Incorrect,0.8082999999999999
meta,21,dev_1121,no,NO,no,no,Correct,0.8076
meta,21,dev_1133,no,YES,yes,yes,Incorrect,0.8079
meta,21,dev_1138,yes,NO,no,no,Incorrect,0.8085
meta,21,dev_1146,yes,NO,no,no,Incorrect,0.8095
meta,21,dev_1155,yes,NO,no,no,Incorrect,0.8082999999999999
meta,21,dev_1175,no,YES,yes,yes,Incorrect,0.8085
meta,21,dev_1178,no,YES,yes,yes,Incorrect,0.809
meta,21,dev_1183,yes,NO,no,no,Incorrect,0.8075
meta,21,dev_1196,no,YES,yes,yes,Incorrect,0.8092999999999999
meta,21,dev_1204,yes,NO,no,no,Incorrect,0.8075
meta,21,dev_1205,no,NO,no,no,Correct,0.8077000000000001
meta,21,dev_1209,yes,NO,no,no,Incorrect,0.8071
meta,21,dev_1227,no,NO,no,no,Correct,0.8086
meta,21,dev_1229,no,NO,no,no,Correct,0.8078
meta,21,dev_1230,yes,NO,no,no,Incorrect,0.8087000000000001
meta,21,dev_1235,no,YES,yes,yes,Incorrect,0.81
meta,21,dev_1239,yes,NO,no,no,Incorrect,0.8081
meta,21,dev_1241,no,YES,yes,yes,Incorrect,0.8084
meta,21,dev_1250,yes,YES,yes,yes,Correct,0.8092999999999999
meta,21,dev_1256,yes,NO,no,no,Incorrect,0.8099
meta,21,dev_1261,no,NO,no,no,Correct,0.81
meta,21,dev_1267,no,NO,no,no,Correct,0.8075
meta,21,dev_1271,no,YES,yes,yes,Incorrect,0.8091
meta,21,dev_1283,yes,NO,no,no,Incorrect,0.8086
meta,21,dev_1285,no,YES,yes,yes,Incorrect,0.8072
meta,21,dev_1286,no,YES,yes,yes,Incorrect,0.8086
meta,21,dev_1294,yes,NO,no,no,Incorrect,0.8089
meta,21,dev_1296,yes,NO,no,no,Incorrect,0.8092999999999999
meta,21,dev_1303,no,NO,no,no,Correct,0.8096
meta,21,dev_1307,yes,NO,no,no,Incorrect,0.8111
meta,21,dev_1311,yes,NO,no,no,Incorrect,0.8082999999999999
meta,21,dev_1316,yes,NO,no,no,Incorrect,0.8094
meta,21,dev_1317,no,NO,no,no,Correct,2.1533
meta,21,dev_1333,yes,NO,no,no,Incorrect,0.8082
meta,21,dev_1336,yes,YES,yes,yes,Correct,0.8082
meta,21,dev_1345,no,YES,yes,yes,Incorrect,0.8096
meta,21,dev_1359,no,NO,no,no,Correct,0.808
meta,21,dev_1370,yes,NO,no,no,Incorrect,0.8087000000000001
meta,21,dev_1371,no,I don't know,i,idk,IDK,0.8076
meta,21,dev_1372,yes,NO,no,no,Incorrect,0.8092999999999999
meta,21,dev_1382,no,NO,no,no,Correct,0.8078
meta,21,dev_1406,no,YES,yes,yes,Incorrect,0.808
meta,21,dev_1408,yes,NO,no,no,Incorrect,0.8097000000000001
meta,21,dev_1413,yes,NO,no,no,Incorrect,0.8084
meta,21,dev_1419,yes,NO,no,no,Incorrect,0.8079
meta,21,dev_1420,yes,NO,no,no,Incorrect,0.8092999999999999
meta,21,dev_1423,no,NO,no,no,Correct,0.8107000000000001
meta,21,dev_1424,no,NO,no,no,Correct,0.8102
meta,21,dev_1436,no,NO,no,no,Correct,0.809
meta,21,dev_1438,yes,NO,no,no,Incorrect,0.8107000000000001
meta,21,dev_1452,no,YES,yes,yes,Incorrect,0.8079
meta,21,dev_1455,yes,YES,yes,yes,Correct,0.809
meta,21,dev_1464,no,YES,yes,yes,Incorrect,0.8091
meta,21,dev_1467,yes,I don't know,i,idk,IDK,0.8105
meta,21,dev_1473,yes,NO,no,no,Incorrect,0.808
meta,21,dev_1489,yes,YES,yes,yes,Correct,0.8112999999999999
meta,21,dev_1498,yes,NO,no,no,Incorrect,0.8081
meta,21,dev_1508,no,YES,yes,yes,Incorrect,0.8101
meta,21,dev_1515,no,YES,yes,yes,Incorrect,0.8109
meta,21,dev_1517,yes,NO,no,no,Incorrect,0.8256
meta,21,dev_1528,yes,YES,yes,yes,Correct,0.8084
meta,21,dev_1533,no,YES,yes,yes,Incorrect,0.8112
meta,21,dev_1534,no,NO,no,no,Correct,0.8138
meta,21,dev_1546,yes,NO,no,no,Incorrect,0.8086
meta,21,dev_1552,yes,I don't know,i,idk,IDK,0.8099
meta,21,dev_1557,no,YES,yes,yes,Incorrect,0.8082
meta,21,dev_1563,no,YES,yes,yes,Incorrect,0.8098
meta,21,dev_1627,no,NO,no,no,Correct,0.8072999999999999
meta,21,dev_1632,yes,NO,no,no,Incorrect,0.8081
meta,21,dev_1650,yes,NO,no,no,Incorrect,0.8072999999999999
meta,21,dev_1655,no,YES,yes,yes,Incorrect,0.8082999999999999
meta,21,dev_1658,yes,NO,no,no,Incorrect,0.8072
meta,21,dev_1659,yes,YES,yes,yes,Correct,0.8085
meta,21,dev_1673,yes,NO,no,no,Incorrect,0.8077000000000001
meta,21,dev_1680,no,YES,yes,yes,Incorrect,2.1528
meta,21,dev_1687,no,YES,yes,yes,Incorrect,0.812
meta,21,dev_1698,no,NO,no,no,Correct,0.8112
meta,21,dev_1707,yes,NO,no,no,Incorrect,0.812
meta,21,dev_1727,yes,NO,no,no,Incorrect,0.8109
meta,21,dev_1736,no,NO,no,no,Correct,0.8097000000000001
meta,21,dev_1737,yes,NO,no,no,Incorrect,0.8084
meta,21,dev_1740,yes,NO,no,no,Incorrect,0.8088
meta,21,dev_1743,no,I don't know,i,idk,IDK,0.8075
meta,21,dev_1749,yes,I don't know,i,idk,IDK,0.8097000000000001
meta,21,dev_1750,no,NO,no,no,Correct,0.8076
meta,21,dev_1757,yes,NO,no,no,Incorrect,0.8108
meta,21,dev_1763,yes,YES,yes,yes,Correct,0.8109
meta,21,dev_1775,no,NO,no,no,Correct,0.808
meta,21,dev_1789,no,NO,no,no,Correct,0.8077000000000001
meta,21,dev_1806,no,YES,yes,yes,Incorrect,0.8122
meta,21,dev_1814,no,YES,yes,yes,Incorrect,0.8092999999999999
meta,21,dev_1823,yes,NO,no,no,Incorrect,0.8092
meta,21,dev_1832,no,YES,yes,yes,Incorrect,0.8092
meta,21,dev_1849,yes,NO,no,no,Incorrect,0.8094
meta,21,dev_1851,no,YES,yes,yes,Incorrect,0.8091
meta,21,dev_1857,no,YES,yes,yes,Incorrect,2.1631
meta,21,dev_1895,yes,NO,no,no,Incorrect,0.8084
meta,21,dev_1906,no,NO,no,no,Correct,0.8119
meta,21,dev_1916,yes,NO,no,no,Incorrect,0.8109
meta,21,dev_1919,yes,I don't know,i,idk,IDK,0.8092
meta,21,dev_1924,yes,YES,yes,yes,Correct,0.8126
meta,21,dev_1938,no,YES,yes,yes,Incorrect,0.8111
meta,21,dev_1948,yes,NO,no,no,Incorrect,0.8112
meta,21,dev_1950,no,NO,no,no,Correct,0.8097000000000001
meta,21,dev_1960,no,NO,no,no,Correct,0.8107000000000001
meta,21,dev_1977,no,NO,no,no,Correct,0.8091
meta,21,dev_1995,yes,NO,no,no,Incorrect,0.8074
meta,21,dev_1997,yes,NO,no,no,Incorrect,0.8098
meta,21,dev_2009,no,YES,yes,yes,Incorrect,0.808
meta,21,dev_2032,yes,NO,no,no,Incorrect,0.8077000000000001
meta,21,dev_2045,yes,I don't know,i,idk,IDK,0.8104
meta,21,dev_2053,no,NO,no,no,Correct,0.8077000000000001
meta,21,dev_2061,no,I don't know,i,idk,IDK,0.8088
meta,21,dev_2065,yes,NO,no,no,Incorrect,0.81
meta,21,dev_2068,yes,NO,no,no,Incorrect,0.8076
meta,21,dev_2078,no,NO,no,no,Correct,0.8078
meta,21,dev_2079,yes,YES,yes,yes,Correct,0.8101
meta,21,dev_2088,no,YES,yes,yes,Incorrect,0.8092999999999999
meta,21,dev_2091,no,I don't know,i,idk,IDK,0.8098
meta,21,dev_2094,no,YES,yes,yes,Incorrect,0.8087000000000001
meta,21,dev_2095,yes,NO,no,no,Incorrect,0.808
meta,21,dev_2139,no,NO,no,no,Correct,0.8072999999999999
meta,21,dev_2166,yes,NO,no,no,Incorrect,0.8086
meta,21,dev_2184,no,NO,no,no,Correct,0.8101
meta,21,dev_2187,yes,NO,no,no,Incorrect,0.8114
meta,21,dev_2192,no,YES,yes,yes,Incorrect,0.8092999999999999
meta,21,dev_2196,no,YES,yes,yes,Incorrect,0.8072
meta,21,dev_2199,yes,YES,yes,yes,Correct,0.8098
meta,21,dev_2204,yes,NO,no,no,Incorrect,0.81
meta,21,dev_2220,no,I don't know,i,idk,IDK,0.8087000000000001
meta,21,dev_2224,no,NO,no,no,Correct,0.8092999999999999
meta,21,dev_2232,no,YES,yes,yes,Incorrect,0.8101
meta,21,dev_2234,no,NO,no,no,Correct,0.8092
meta,21,dev_2237,no,NO,no,no,Correct,0.8085
meta,21,dev_2247,yes,NO,no,no,Incorrect,0.8116
meta,21,dev_2248,yes,NO,no,no,Incorrect,0.8085
meta,21,dev_2266,no,YES,yes,yes,Incorrect,0.8087000000000001
meta,21,dev_2275,yes,I don't know,i,idk,IDK,2.1415
meta,21,dev_2295,yes,NO,no,no,Incorrect,0.8096
meta,21,dev_2304,yes,NO,no,no,Incorrect,0.8077000000000001
meta,21,dev_2306,yes,NO,no,no,Incorrect,0.8082
meta,21,dev_2310,no,NO,no,no,Correct,0.8082999999999999
meta,21,dev_2315,yes,NO,no,no,Incorrect,0.8098
meta,21,dev_2323,no,NO,no,no,Correct,0.809
meta,21,dev_2328,no,YES,yes,yes,Incorrect,0.8085
meta,21,dev_2350,no,YES,yes,yes,Incorrect,0.8074
meta,21,dev_2382,yes,NO,no,no,Incorrect,0.8086
meta,21,dev_2387,yes,NO,no,no,Incorrect,0.8091
meta,21,dev_2388,no,I don't know,i,idk,IDK,0.8075
meta,21,dev_2396,yes,NO,no,no,Incorrect,0.8078
meta,21,dev_2408,yes,YES,yes,yes,Correct,0.8082999999999999
meta,21,dev_2413,no,YES,yes,yes,Incorrect,0.8122999999999999
meta,21,dev_2428,yes,NO,no,no,Incorrect,0.8094
meta,21,dev_2433,no,I don't know,i,idk,IDK,0.8082999999999999
meta,21,dev_2434,no,NO,no,no,Correct,0.8074
meta,21,dev_2447,no,YES,yes,yes,Incorrect,0.8088
meta,21,dev_2473,yes,NO,no,no,Incorrect,0.8074
meta,21,dev_2479,no,NO,no,no,Correct,0.8084
meta,21,dev_2504,no,YES,yes,yes,Incorrect,0.81
meta,21,dev_2532,yes,NO,no,no,Incorrect,0.8087000000000001
meta,21,dev_2537,no,YES,yes,yes,Incorrect,0.8079
meta,21,dev_2538,no,I don't know,i,idk,IDK,0.8095
meta,21,dev_2547,yes,NO,no,no,Incorrect,0.8092
meta,21,dev_2548,no,NO,no,no,Correct,0.8086
meta,21,dev_2555,no,I don't know,i,idk,IDK,0.8079
meta,21,dev_2566,no,YES,yes,yes,Incorrect,0.8097000000000001
meta,21,dev_2572,no,NO,no,no,Correct,0.8082999999999999
meta,21,dev_2577,no,NO,no,no,Correct,0.8087000000000001
meta,21,dev_2605,yes,NO,no,no,Incorrect,0.8112
meta,21,dev_2614,yes,I don't know,i,idk,IDK,0.8095
meta,21,dev_2622,no,YES,yes,yes,Incorrect,0.8108
meta,21,dev_2634,yes,NO,no,no,Incorrect,0.8095
meta,21,dev_2643,no,NO,no,no,Correct,0.8092
meta,21,dev_2655,yes,NO,no,no,Incorrect,0.8084
meta,21,dev_2656,yes,I don't know,i,idk,IDK,0.8082999999999999
meta,21,dev_2690,yes,NO,no,no,Incorrect,0.8077000000000001
meta,21,dev_2719,no,NO,no,no,Correct,0.8109
meta,21,dev_2727,no,NO,no,no,Correct,0.8108
meta,21,dev_2750,yes,NO,no,no,Incorrect,2.1526
meta,21,dev_2757,yes,I don't know,i,idk,IDK,0.8088
meta,21,dev_2770,yes,NO,no,no,Incorrect,0.8084
meta,21,dev_2791,yes,NO,no,no,Incorrect,0.8087000000000001
meta,21,dev_2813,yes,NO,no,no,Incorrect,0.809
meta,21,dev_2821,yes,NO,no,no,Incorrect,0.8084
meta,21,dev_2832,yes,NO,no,no,Incorrect,0.8075
meta,21,dev_2838,no,NO,no,no,Correct,0.8132
meta,21,dev_2853,no,NO,no,no,Correct,0.8124
meta,21,dev_2870,no,YES,yes,yes,Incorrect,0.8098
meta,21,dev_2875,yes,NO,no,no,Incorrect,0.8081
meta,21,dev_2880,no,YES,yes,yes,Incorrect,0.8104
meta,21,dev_2890,no,NO,no,no,Correct,0.81
meta,21,dev_2901,yes,NO,no,no,Incorrect,0.8097000000000001
meta,21,dev_2906,yes,NO,no,no,Incorrect,0.8111
meta,21,dev_2919,no,NO,no,no,Correct,0.8068
meta,21,dev_2931,yes,NO,no,no,Incorrect,0.8085
meta,21,dev_2933,no,YES,yes,yes,Incorrect,0.8077000000000001
meta,21,dev_2956,yes,NO,no,no,Incorrect,0.8082999999999999
meta,21,dev_2959,no,YES,yes,yes,Incorrect,0.807
meta,21,dev_2967,yes,NO,no,no,Incorrect,0.8081
meta,21,dev_2973,no,YES,yes,yes,Incorrect,0.8082999999999999
meta,21,dev_2991,yes,NO,no,no,Incorrect,0.8112
meta,21,dev_3000,yes,NO,no,no,Incorrect,0.8095
meta,21,dev_3015,yes,NO,no,no,Incorrect,0.8079
meta,21,dev_3027,no,NO,no,no,Correct,0.8078
meta,21,dev_3029,no,YES,yes,yes,Incorrect,0.8075
meta,21,dev_3035,no,YES,yes,yes,Incorrect,0.8088
meta,21,dev_3040,no,I don't know,i,idk,IDK,0.8081
meta,21,dev_3073,no,NO,no,no,Correct,0.8104
meta,21,dev_3079,yes,NO,no,no,Incorrect,0.8092999999999999
meta,21,dev_3089,yes,NO,no,no,Incorrect,0.8085
meta,21,dev_3105,yes,NO,no,no,Incorrect,0.8082
meta,21,dev_3106,yes,NO,no,no,Incorrect,0.8089
meta,21,dev_3107,yes,YES,yes,yes,Correct,0.81
meta,21,dev_3122,no,NO,no,no,Correct,0.8082999999999999
meta,21,dev_3143,no,NO,no,no,Correct,0.8107000000000001
meta,21,dev_3173,no,NO,no,no,Correct,0.8127000000000001
meta,21,dev_3183,no,YES,yes,yes,Incorrect,0.8104
meta,21,dev_3187,yes,NO,no,no,Incorrect,0.809
meta,21,dev_3204,no,YES,yes,yes,Incorrect,0.8106
meta,21,dev_3212,yes,NO,no,no,Incorrect,2.1575
meta,21,dev_3221,no,YES,yes,yes,Incorrect,2.1527
meta,21,dev_3231,yes,NO,no,no,Incorrect,0.8078
meta,21,dev_3232,yes,NO,no,no,Incorrect,0.8076
meta,21,dev_3238,yes,NO,no,no,Incorrect,0.8104
meta,21,dev_3239,yes,NO,no,no,Incorrect,0.8147000000000001
meta,21,dev_3241,yes,YES,yes,yes,Correct,0.8092999999999999
meta,21,dev_3242,yes,NO,no,no,Incorrect,0.8092999999999999
meta,21,dev_0031,yes,I don't know,i,idk,IDK,0.8082
meta,21,dev_0148,yes,NO,no,no,Incorrect,0.8104
meta,21,dev_0178,yes,NO,no,no,Incorrect,0.8082999999999999
meta,21,dev_0410,yes,NO,no,no,Incorrect,0.8086
meta,21,dev_0419,yes,YES,yes,yes,Correct,0.8112
meta,21,dev_0448,yes,NO,no,no,Incorrect,0.8106
meta,21,dev_0224,no,NO,no,no,Correct,0.8098
meta,21,dev_0317,no,I don't know,i,idk,IDK,0.8077000000000001
meta,21,dev_0368,no,I don't know,i,idk,IDK,0.8085
meta,21,dev_0507,no,I don't know,i,idk,IDK,0.8072999999999999
meta,21,dev_0603,no,NO,no,no,Correct,0.8092
meta,21,dev_0938,no,NO,no,no,Correct,0.8076
meta,21,dev_0076,yes,I don't know,i,idk,IDK,0.8102
meta,21,dev_0459,yes,NO,no,no,Incorrect,0.81
meta,21,dev_0502,yes,I don't know,i,idk,IDK,0.8112999999999999
meta,21,dev_0580,yes,I don't know,i,idk,IDK,0.8086
meta,21,dev_1089,yes,I don't know,i,idk,IDK,0.8101
meta,21,dev_1153,yes,NO,no,no,Incorrect,0.8084
meta,21,dev_1315,yes,I don't know,i,idk,IDK,0.8078
meta,21,dev_1482,yes,NO,no,no,Incorrect,0.8096
meta,21,dev_1568,yes,NO,no,no,Incorrect,0.8077000000000001
meta,21,dev_1968,yes,NO,no,no,Incorrect,0.8092999999999999
meta,21,dev_2223,yes,I don't know,i,idk,IDK,0.8084
meta,21,dev_2420,yes,I don't know,i,idk,IDK,0.8077000000000001
meta,21,dev_2882,yes,YES,yes,yes,Correct,0.8095
meta,21,dev_2899,yes,I don't know,i,idk,IDK,0.8099
meta,21,dev_2910,yes,NO,no,no,Incorrect,0.8087000000000001
meta,21,dev_0713,no,NO,no,no,Correct,0.8076
meta,21,dev_0816,no,NO,no,no,Correct,0.8092999999999999
meta,21,dev_0911,no,NO,no,no,Correct,0.8094
meta,21,dev_0997,no,NO,no,no,Correct,0.8079
meta,21,dev_1258,no,YES,yes,yes,Incorrect,0.8094
meta,21,dev_1422,no,NO,no,no,Correct,0.8102
meta,21,dev_2120,no,YES,yes,yes,Incorrect,0.8101
meta,21,dev_2353,no,NO,no,no,Correct,0.8097000000000001
meta,21,dev_2441,no,YES,yes,yes,Incorrect,2.141
meta,21,dev_2087,no,NO,no,no,Correct,0.8092
meta,21,dev_2215,no,NO,no,no,Correct,0.8108
meta,21,dev_2503,no,NO,no,no,Correct,0.8094
meta,21,dev_2652,no,YES,yes,yes,Incorrect,0.8082999999999999
meta,21,dev_2850,no,NO,no,no,Correct,0.8087000000000001
meta,21,dev_3062,no,NO,no,no,Correct,0.809
meta,21,dev_0400,yes,YES,yes,yes,Correct,0.8086
meta,21,dev_0432,yes,YES,yes,yes,Correct,0.8092
meta,21,dev_0446,yes,I don't know,i,idk,IDK,0.8088
meta,21,dev_0455,yes,I don't know,i,idk,IDK,0.808
meta,21,dev_0472,yes,NO,no,no,Incorrect,0.8091
meta,21,dev_0524,yes,YES,yes,yes,Correct,0.8082999999999999
meta,21,dev_0767,yes,YES,yes,yes,Correct,0.8092
meta,21,dev_0875,yes,YES,yes,yes,Correct,0.8082999999999999
meta,21,dev_0950,yes,YES,yes,yes,Correct,0.8082999999999999
meta,21,dev_1023,yes,NO,no,no,Incorrect,0.81
meta,21,dev_1171,yes,NO,no,no,Incorrect,0.8125
meta,21,dev_1207,yes,NO,no,no,Incorrect,0.8101
meta,21,dev_1299,yes,NO,no,no,Incorrect,0.8088
meta,21,dev_0157,no,I don't know,i,idk,IDK,0.81
meta,21,dev_0371,no,I don't know,i,idk,IDK,0.8091
meta,21,dev_0621,no,YES,yes,yes,Incorrect,0.8079
meta,21,dev_0699,no,NO,no,no,Correct,0.8091
meta,21,dev_0954,no,I don't know,i,idk,IDK,0.8082999999999999
meta,21,dev_1050,no,NO,no,no,Correct,0.8091
meta,21,dev_1208,no,I don't know,i,idk,IDK,0.8088
meta,21,dev_1257,no,I don't know,i,idk,IDK,0.8102
meta,21,dev_1805,no,I don't know,i,idk,IDK,0.8104
meta,21,dev_1876,no,I don't know,i,idk,IDK,0.8097000000000001
meta,21,dev_2290,no,YES,yes,yes,Incorrect,0.8099
meta,21,dev_2444,no,NO,no,no,Correct,0.8092999999999999
meta,21,dev_0250,yes,YES,yes,yes,Correct,0.8106
meta,21,dev_0337,yes,I don't know,i,idk,IDK,0.8089
meta,21,dev_0386,yes,NO,no,no,Incorrect,0.8079
meta,21,dev_0591,yes,NO,no,no,Incorrect,0.8091
meta,21,dev_0746,yes,I don't know,i,idk,IDK,0.8101
meta,21,dev_0845,yes,I don't know,i,idk,IDK,0.8102999999999999
meta,21,dev_0855,yes,YES,yes,yes,Correct,0.8084
meta,21,dev_0915,yes,I don't know,i,idk,IDK,0.8098
meta,21,dev_0945,yes,NO,no,no,Incorrect,0.8082999999999999
meta,21,dev_0021,no,NO,no,no,Correct,0.81
meta,21,dev_0490,no,NO,no,no,Correct,0.8076
meta,21,dev_0581,no,NO,no,no,Correct,2.1514
meta,21,dev_0631,no,I don't know,i,idk,IDK,0.8085
meta,21,dev_0691,no,NO,no,no,Correct,0.809
meta,21,dev_0783,no,NO,no,no,Correct,0.8105
meta,21,dev_0787,no,YES,yes,yes,Incorrect,0.8087000000000001
meta,21,dev_0825,no,I don't know,i,idk,IDK,0.808
meta,21,dev_0885,no,NO,no,no,Correct,0.8071
meta,21,dev_0089,yes,I don't know,i,idk,IDK,0.8102
meta,21,dev_0095,yes,I don't know,i,idk,IDK,0.8091
meta,21,dev_0211,yes,NO,no,no,Incorrect,0.81
meta,21,dev_0238,yes,I don't know,i,idk,IDK,0.8104
meta,21,dev_0252,yes,NO,no,no,Incorrect,0.81
meta,21,dev_0256,yes,NO,no,no,Incorrect,0.8102
meta,21,dev_0266,yes,I don't know,i,idk,IDK,0.8089
meta,21,dev_0310,yes,NO,no,no,Incorrect,0.8088
meta,21,dev_0359,yes,I don't know,i,idk,IDK,0.8109
meta,21,dev_0422,yes,I don't know,i,idk,IDK,0.8091
meta,21,dev_0040,no,NO,no,no,Correct,0.8102
meta,21,dev_0080,no,I don't know,i,idk,IDK,0.8084
meta,21,dev_0100,no,I don't know,i,idk,IDK,0.8089
meta,21,dev_0240,no,NO,no,no,Correct,0.8086
meta,21,dev_0247,no,NO,no,no,Correct,0.8101
meta,21,dev_0260,no,I don't know,i,idk,IDK,0.8084
meta,21,dev_0277,no,I don't know,i,idk,IDK,2.1505
meta,21,dev_0290,no,I don't know,i,idk,IDK,0.8074
meta,21,dev_0303,no,I don't know,i,idk,IDK,0.8092999999999999
meta,21,dev_0231,yes,NO,no,no,Incorrect,0.8074
meta,21,dev_0401,yes,YES,yes,yes,Correct,0.81
meta,21,dev_0420,yes,NO,no,no,Incorrect,0.8097000000000001
meta,21,dev_0571,yes,NO,no,no,Incorrect,0.81
meta,21,dev_0583,yes,NO,no,no,Incorrect,0.8088
meta,21,dev_0765,yes,YES,yes,yes,Correct,0.8076
meta,21,dev_0778,yes,NO,no,no,Incorrect,0.8085
meta,21,dev_0815,yes,I don't know,i,idk,IDK,0.8071
meta,21,dev_0073,no,I don't know,i,idk,IDK,0.8086
meta,21,dev_0491,no,NO,no,no,Correct,0.8098
meta,21,dev_0615,no,NO,no,no,Correct,0.8101
meta,21,dev_0868,no,I don't know,i,idk,IDK,0.8089
meta,21,dev_0880,no,NO,no,no,Correct,0.8084
meta,21,dev_0953,no,NO,no,no,Correct,0.8092
meta,21,dev_0985,no,YES,yes,yes,Incorrect,0.8089
meta,21,dev_0136,yes,NO,no,no,Incorrect,0.8085
meta,21,dev_0367,yes,NO,no,no,Incorrect,0.8092
meta,21,dev_0618,yes,NO,no,no,Incorrect,0.8097000000000001
meta,21,dev_0720,yes,NO,no,no,Incorrect,0.8089
meta,21,dev_0770,yes,NO,no,no,Incorrect,0.8092
meta,21,dev_0835,yes,NO,no,no,Incorrect,0.8101
meta,21,dev_0896,yes,NO,no,no,Incorrect,0.8089
meta,21,dev_0434,no,NO,no,no,Correct,0.8099
meta,21,dev_0489,no,YES,yes,yes,Incorrect,0.8082999999999999
meta,21,dev_0852,no,NO,no,no,Correct,0.8097000000000001
meta,21,dev_0870,no,I don't know,i,idk,IDK,0.8079
meta,21,dev_1148,no,I don't know,i,idk,IDK,0.8089
meta,21,dev_2595,no,NO,no,no,Correct,0.8089
meta,21,dev_0281,yes,NO,no,no,Incorrect,0.8092999999999999
meta,21,dev_0528,yes,NO,no,no,Incorrect,0.8082
meta,21,dev_0547,yes,NO,no,no,Incorrect,0.8092
meta,21,dev_0623,yes,NO,no,no,Incorrect,0.8081
meta,21,dev_0626,yes,NO,no,no,Incorrect,0.8088
meta,21,dev_0686,yes,NO,no,no,Incorrect,0.8081
meta,21,dev_0822,yes,YES,yes,yes,Correct,0.8107000000000001
meta,21,dev_1210,yes,I don't know,i,idk,IDK,0.8098
meta,21,dev_0374,no,NO,no,no,Correct,0.8098
meta,21,dev_0900,no,NO,no,no,Correct,0.8104
meta,21,dev_0913,no,I don't know,i,idk,IDK,0.8096
meta,21,dev_1234,no,NO,no,no,Correct,2.1423
meta,21,dev_1360,no,NO,no,no,Correct,0.8092
meta,21,dev_1544,no,NO,no,no,Correct,0.8096
meta,21,dev_1588,no,NO,no,no,Correct,0.809
meta,21,dev_0344,yes,I don't know,i,idk,IDK,0.8092999999999999
meta,21,dev_0379,yes,I don't know,i,idk,IDK,0.8091
meta,21,dev_0474,yes,I don't know,i,idk,IDK,0.8251000000000001
meta,21,dev_0614,yes,I don't know,i,idk,IDK,0.8088
meta,21,dev_0655,yes,I don't know,i,idk,IDK,0.8091
meta,21,dev_1195,yes,I don't know,i,idk,IDK,0.8086
meta,21,dev_1197,yes,NO,no,no,Incorrect,0.8087000000000001
meta,21,dev_1313,yes,NO,no,no,Incorrect,0.8101
meta,21,dev_1564,yes,I don't know,i,idk,IDK,0.8086
meta,21,dev_0078,no,NO,no,no,Correct,0.8087000000000001
meta,21,dev_0166,no,I don't know,i,idk,IDK,0.8074
meta,21,dev_0851,no,YES,yes,yes,Incorrect,0.8089
meta,21,dev_0861,no,YES,yes,yes,Incorrect,0.8102
meta,21,dev_0872,no,I don't know,i,idk,IDK,0.809
meta,21,dev_1554,no,I don't know,i,idk,IDK,0.8089
meta,21,dev_1719,no,I don't know,i,idk,IDK,0.8121
meta,21,dev_1991,no,I don't know,i,idk,IDK,0.8118
meta,21,dev_2115,no,I don't know,i,idk,IDK,0.8098
meta,21,dev_0105,yes,YES,yes,yes,Correct,0.8092
meta,21,dev_0125,yes,NO,no,no,Incorrect,0.81
meta,21,dev_0191,yes,NO,no,no,Incorrect,0.8092
meta,21,dev_1292,yes,NO,no,no,Incorrect,0.8096
meta,21,dev_1338,yes,NO,no,no,Incorrect,0.807
meta,21,dev_0388,no,NO,no,no,Correct,0.8095
meta,21,dev_0703,no,I don't know,i,idk,IDK,0.8088
meta,21,dev_0833,no,I don't know,i,idk,IDK,0.8082999999999999
meta,21,dev_0874,no,NO,no,no,Correct,0.8092999999999999
meta,21,dev_1651,no,I don't know,i,idk,IDK,0.8124
meta,21,dev_0072,yes,I don't know,i,idk,IDK,0.8111
meta,21,dev_0258,yes,I don't know,i,idk,IDK,0.809
meta,21,dev_0286,yes,YES,yes,yes,Correct,0.8076
meta,21,dev_0348,yes,NO,no,no,Incorrect,0.8092999999999999
meta,21,dev_0467,yes,NO,no,no,Incorrect,0.8125
meta,21,dev_0515,yes,I don't know,i,idk,IDK,0.8085
meta,21,dev_0562,yes,NO,no,no,Incorrect,0.8076
meta,21,dev_0636,yes,NO,no,no,Incorrect,0.8082999999999999
meta,21,dev_0740,yes,I don't know,i,idk,IDK,0.8124
meta,21,dev_0838,yes,NO,no,no,Incorrect,0.8087000000000001
meta,21,dev_0864,yes,NO,no,no,Incorrect,2.1534
meta,21,dev_0873,yes,NO,no,no,Incorrect,0.8112
meta,21,dev_0901,yes,I don't know,i,idk,IDK,0.8104
meta,21,dev_0909,yes,I don't know,i,idk,IDK,0.8098
meta,21,dev_1134,yes,NO,no,no,Incorrect,0.8088
meta,21,dev_0198,no,I don't know,i,idk,IDK,0.8099
meta,21,dev_0215,no,I don't know,i,idk,IDK,0.8092999999999999
meta,21,dev_0223,no,I don't know,i,idk,IDK,0.8116
meta,21,dev_0234,no,I don't know,i,idk,IDK,0.8112
meta,21,dev_0272,no,NO,no,no,Correct,0.8111
meta,21,dev_0453,no,NO,no,no,Correct,0.8122999999999999
meta,21,dev_0499,no,NO,no,no,Correct,0.8099
meta,21,dev_0552,no,I don't know,i,idk,IDK,0.8137000000000001
meta,21,dev_0680,no,I don't know,i,idk,IDK,0.8096
meta,21,dev_0738,no,NO,no,no,Correct,0.8086
meta,21,dev_0771,no,I don't know,i,idk,IDK,0.8089
meta,21,dev_0888,no,YES,yes,yes,Incorrect,0.8108
meta,21,dev_1135,no,NO,no,no,Correct,0.8088
meta,21,dev_1188,no,I don't know,i,idk,IDK,0.8097000000000001
meta,21,dev_0339,yes,I don't know,i,idk,IDK,0.8119
meta,21,dev_0357,yes,I don't know,i,idk,IDK,0.8081
meta,21,dev_0498,yes,I don't know,i,idk,IDK,0.811
meta,21,dev_0620,yes,YES,yes,yes,Correct,0.8112
meta,21,dev_0878,yes,I don't know,i,idk,IDK,0.8128
meta,21,dev_1864,yes,NO,no,no,Incorrect,0.808
meta,21,dev_2080,yes,NO,no,no,Incorrect,0.8092999999999999
meta,21,dev_2395,yes,YES,yes,yes,Correct,0.8134
meta,21,dev_2639,yes,NO,no,no,Incorrect,0.8112999999999999
meta,21,dev_3155,yes,I don't know,i,idk,IDK,0.8072
meta,21,dev_3209,yes,NO,no,no,Incorrect,0.8101
meta,21,dev_0209,no,NO,no,no,Correct,0.8109
meta,21,dev_0273,no,I don't know,i,idk,IDK,0.8102
meta,21,dev_0404,no,NO,no,no,Correct,0.809
meta,21,dev_0567,no,NO,no,no,Correct,0.8131
meta,21,dev_0675,no,YES,yes,yes,Incorrect,0.809
meta,21,dev_1172,no,NO,no,no,Correct,0.8112999999999999
meta,21,dev_1275,no,I don't know,i,idk,IDK,0.8094
meta,21,dev_1971,no,NO,no,no,Correct,0.8122
meta,21,dev_2001,no,I don't know,i,idk,IDK,0.8101
meta,21,dev_3004,no,I don't know,i,idk,IDK,0.8075
meta,21,dev_3256,no,I don't know,i,idk,IDK,0.8125
meta,21,dev_1132,yes,NO,no,no,Incorrect,2.1423
meta,21,dev_1233,yes,NO,no,no,Incorrect,0.8088
meta,21,dev_1511,yes,I don't know,i,idk,IDK,0.8096
meta,21,dev_1633,yes,NO,no,no,Incorrect,0.8076
meta,21,dev_2007,yes,YES,yes,yes,Correct,0.8085
meta,21,dev_2214,yes,NO,no,no,Incorrect,0.8079
meta,21,dev_2239,yes,NO,no,no,Incorrect,0.8121
meta,21,dev_2299,yes,NO,no,no,Incorrect,0.8089
meta,21,dev_2303,yes,YES,yes,yes,Correct,0.8122999999999999
meta,21,dev_2477,yes,NO,no,no,Incorrect,0.8089
meta,21,dev_2993,yes,I don't know,i,idk,IDK,0.81
meta,21,dev_3126,yes,NO,no,no,Incorrect,0.8094
meta,21,dev_3188,yes,YES,yes,yes,Correct,0.8114
meta,21,dev_3193,yes,YES,yes,yes,Correct,0.8089
meta,21,dev_3234,yes,YES,yes,yes,Correct,0.8081
meta,21,dev_3265,yes,I don't know,i,idk,IDK,0.8116
meta,21,dev_0001,no,I don't know,i,idk,IDK,0.8114
meta,21,dev_0579,no,I don't know,i,idk,IDK,0.8095
meta,21,dev_1003,no,NO,no,no,Correct,0.8089
meta,21,dev_1483,no,NO,no,no,Correct,0.8099
meta,21,dev_1551,no,YES,yes,yes,Incorrect,0.8089
meta,21,dev_1702,no,YES,yes,yes,Incorrect,0.8118
meta,21,dev_1925,no,NO,no,no,Correct,0.8081
meta,21,dev_2025,no,NO,no,no,Correct,0.8082999999999999
meta,21,dev_2312,no,NO,no,no,Correct,0.81
meta,21,dev_2471,no,YES,yes,yes,Incorrect,0.8106
meta,21,dev_2521,no,NO,no,no,Correct,0.8095
meta,21,dev_2782,no,NO,no,no,Correct,0.8099
meta,21,dev_2812,no,I don't know,i,idk,IDK,0.8099
meta,21,dev_3014,no,NO,no,no,Correct,0.8095
meta,21,dev_3034,no,NO,no,no,Correct,0.8101
meta,21,dev_3159,no,NO,no,no,Correct,0.8132
meta,21,dev_3190,no,NO,no,no,Correct,0.8094
meta,21,dev_0682,yes,NO,no,no,Incorrect,0.809
meta,21,dev_0735,yes,YES,yes,yes,Correct,0.8108
meta,21,dev_1505,yes,I don't know,i,idk,IDK,0.8115
meta,21,dev_1668,yes,I don't know,i,idk,IDK,0.8107000000000001
meta,21,dev_2373,yes,I don't know,i,idk,IDK,0.8085
meta,21,dev_2793,yes,NO,no,no,Incorrect,0.8077000000000001
meta,21,dev_2929,yes,I don't know,i,idk,IDK,0.8091
meta,21,dev_0605,no,NO,no,no,Correct,0.8141
meta,21,dev_0908,no,I don't know,i,idk,IDK,0.8102
meta,21,dev_1388,no,NO,no,no,Correct,2.1418000000000004
meta,21,dev_1521,no,I don't know,i,idk,IDK,0.8082
meta,21,dev_2334,no,NO,no,no,Correct,0.8084
meta,21,dev_2641,no,I don't know,i,idk,IDK,0.8086
meta,21,dev_0347,yes,I don't know,i,idk,IDK,0.8115
meta,21,dev_0411,yes,I don't know,i,idk,IDK,0.8097000000000001
meta,21,dev_0439,yes,YES,yes,yes,Correct,0.8082999999999999
meta,21,dev_0452,yes,YES,yes,yes,Correct,0.8094
meta,21,dev_0585,yes,NO,no,no,Incorrect,0.8084
meta,21,dev_0656,yes,NO,no,no,Incorrect,0.8077000000000001
meta,21,dev_0661,yes,YES,yes,yes,Correct,0.8098
meta,21,dev_0701,yes,YES,yes,yes,Correct,0.8267
meta,21,dev_0704,yes,YES,yes,yes,Correct,0.81
meta,21,dev_0752,yes,YES,yes,yes,Correct,0.8104
meta,21,dev_0848,yes,NO,no,no,Incorrect,0.8106
meta,21,dev_0883,yes,YES,yes,yes,Correct,0.8085
meta,21,dev_1143,yes,YES,yes,yes,Correct,0.8082999999999999
meta,21,dev_1305,yes,I don't know,i,idk,IDK,0.808
meta,21,dev_1497,yes,NO,no,no,Incorrect,0.8098
meta,21,dev_1777,yes,I don't know,i,idk,IDK,0.8081
meta,21,dev_2250,yes,NO,no,no,Incorrect,0.8102999999999999
meta,21,dev_2370,yes,I don't know,i,idk,IDK,0.8087000000000001
meta,21,dev_0083,no,YES,yes,yes,Incorrect,0.8112999999999999
meta,21,dev_0085,no,YES,yes,yes,Incorrect,0.8088
meta,21,dev_0170,no,NO,no,no,Correct,0.808
meta,21,dev_0230,no,I don't know,i,idk,IDK,0.8091
meta,21,dev_0412,no,I don't know,i,idk,IDK,0.8111
meta,21,dev_0421,no,NO,no,no,Correct,0.8084
meta,21,dev_0447,no,NO,no,no,Correct,0.8087000000000001
meta,21,dev_0544,no,I don't know,i,idk,IDK,0.8082
meta,21,dev_0565,no,YES,yes,yes,Incorrect,0.8091
meta,21,dev_0589,no,I don't know,i,idk,IDK,0.8108
meta,21,dev_0593,no,NO,no,no,Correct,0.8087000000000001
meta,21,dev_0859,no,NO,no,no,Correct,0.809
meta,21,dev_0865,no,NO,no,no,Correct,0.8086
meta,21,dev_1518,no,NO,no,no,Correct,0.809
meta,21,dev_1768,no,NO,no,no,Correct,0.8086
meta,21,dev_1779,no,NO,no,no,Correct,0.8107000000000001
meta,21,dev_1905,no,NO,no,no,Correct,0.809
meta,21,dev_2156,no,YES,yes,yes,Incorrect,0.8101
meta,21,dev_2158,no,NO,no,no,Correct,0.811
meta,21,dev_2798,no,YES,yes,yes,Incorrect,0.8086
meta,21,dev_3138,no,YES,yes,yes,Incorrect,2.1407
meta,21,dev_0307,yes,NO,no,no,Incorrect,0.8122999999999999
meta,21,dev_0506,yes,NO,no,no,Incorrect,0.8107000000000001
meta,21,dev_0641,yes,NO,no,no,Incorrect,0.8097000000000001
meta,21,dev_0844,yes,I don't know,i,idk,IDK,0.81
meta,21,dev_1032,yes,NO,no,no,Incorrect,0.8082999999999999
meta,21,dev_1574,yes,I don't know,i,idk,IDK,0.8099
meta,21,dev_1889,yes,NO,no,no,Incorrect,0.8091
meta,21,dev_2093,yes,NO,no,no,Incorrect,0.8099
meta,21,dev_2213,yes,NO,no,no,Incorrect,0.8101
meta,21,dev_2735,yes,NO,no,no,Incorrect,0.8099
meta,21,dev_2836,yes,NO,no,no,Incorrect,0.8115
meta,21,dev_0788,no,NO,no,no,Correct,0.8079
meta,21,dev_0798,no,NO,no,no,Correct,0.8084
meta,21,dev_1249,no,YES,yes,yes,Incorrect,0.8074
meta,21,dev_1458,no,I don't know,i,idk,IDK,0.8092999999999999
meta,21,dev_1584,no,I don't know,i,idk,IDK,0.8099
meta,21,dev_1589,no,NO,no,no,Correct,0.8105
meta,21,dev_1657,no,NO,no,no,Correct,0.8085
meta,21,dev_1691,no,NO,no,no,Correct,0.8089
meta,21,dev_1943,no,YES,yes,yes,Incorrect,0.8124
meta,21,dev_2682,no,NO,no,no,Correct,0.808
meta,21,dev_2712,no,NO,no,no,Correct,0.8105
meta,21,dev_0427,no,NO,no,no,Correct,0.8092
meta,21,dev_0531,no,NO,no,no,Correct,0.8091
meta,21,dev_1915,no,NO,no,no,Correct,0.8116
meta,21,dev_1946,no,NO,no,no,Correct,0.8094
meta,21,dev_2024,no,I don't know,i,idk,IDK,0.8088
meta,21,dev_2265,no,NO,no,no,Correct,0.8077000000000001
meta,21,dev_0004,yes,NO,no,no,Incorrect,0.8119
meta,21,dev_0241,yes,I don't know,i,idk,IDK,0.8124
meta,21,dev_0326,yes,NO,no,no,Incorrect,0.8095
meta,21,dev_0525,yes,YES,yes,yes,Correct,0.8085
meta,21,dev_0577,yes,NO,no,no,Incorrect,0.8117000000000001
meta,21,dev_0799,yes,I don't know,i,idk,IDK,0.8121
meta,21,dev_0142,no,NO,no,no,Correct,0.8094
meta,21,dev_0494,no,I don't know,i,idk,IDK,0.8098
meta,21,dev_0527,no,YES,yes,yes,Incorrect,0.812
meta,21,dev_0566,no,NO,no,no,Correct,0.8114
meta,21,dev_0648,no,NO,no,no,Correct,0.8096
meta,21,dev_0668,no,NO,no,no,Correct,0.8089
meta,21,dev_0749,no,NO,no,no,Correct,2.1571
meta,21,dev_0790,no,NO,no,no,Correct,0.8111
meta,21,dev_0867,no,YES,yes,yes,Incorrect,0.8086
meta,21,dev_0921,no,NO,no,no,Correct,0.8112
meta,21,dev_1088,no,NO,no,no,Correct,0.813
meta,21,dev_1329,no,NO,no,no,Correct,0.8091
meta,21,dev_1402,no,NO,no,no,Correct,0.8097000000000001
meta,21,dev_1428,no,NO,no,no,Correct,0.8092999999999999
meta,21,dev_1439,no,NO,no,no,Correct,0.8096
meta,21,dev_0020,yes,YES,yes,yes,Correct,0.8082
meta,21,dev_0027,yes,NO,no,no,Incorrect,0.8072999999999999
meta,21,dev_0047,yes,YES,yes,yes,Correct,0.8109
meta,21,dev_0070,yes,YES,yes,yes,Correct,0.8088
meta,21,dev_0086,yes,YES,yes,yes,Correct,0.8085
meta,21,dev_0121,yes,YES,yes,yes,Correct,0.8092999999999999
meta,21,dev_0131,yes,YES,yes,yes,Correct,0.809
meta,21,dev_0147,yes,YES,yes,yes,Correct,0.8102
meta,21,dev_0159,yes,NO,no,no,Incorrect,0.809
meta,21,dev_0190,yes,NO,no,no,Incorrect,0.8085
meta,21,dev_0195,yes,YES,yes,yes,Correct,0.8092999999999999
meta,21,dev_0200,yes,YES,yes,yes,Correct,0.8089
meta,21,dev_0214,yes,YES,yes,yes,Correct,2.1496999999999997
meta,21,dev_0242,yes,YES,yes,yes,Correct,0.8099
meta,21,dev_0522,yes,YES,yes,yes,Correct,0.8084
meta,21,dev_0033,no,NO,no,no,Correct,0.8088
meta,21,dev_0123,no,NO,no,no,Correct,0.8075
meta,21,dev_0501,no,NO,no,no,Correct,0.8082
meta,21,dev_0526,no,NO,no,no,Correct,0.8097000000000001
meta,21,dev_1076,no,NO,no,no,Correct,0.8092999999999999
meta,21,dev_1213,no,NO,no,no,Correct,0.8136
meta,21,dev_1654,no,NO,no,no,Correct,0.8095
meta,21,dev_1753,no,NO,no,no,Correct,0.8125
meta,21,dev_1825,no,NO,no,no,Correct,0.8097000000000001
meta,21,dev_2911,no,NO,no,no,Correct,0.8099
meta,21,dev_2740,no,NO,no,no,Correct,0.8102999999999999
meta,21,dev_2517,no,NO,no,no,Correct,0.8084
meta,21,dev_1139,yes,YES,yes,yes,Correct,0.8094
meta,21,dev_0002,yes,YES,yes,yes,Correct,0.8078
meta,21,dev_0773,yes,YES,yes,yes,Correct,0.8119
meta,21,dev_1186,yes,YES,yes,yes,Correct,0.8111
meta,21,dev_1302,yes,YES,yes,yes,Correct,0.8102
meta,21,dev_1349,yes,YES,yes,yes,Correct,0.8074
meta,21,dev_1771,yes,NO,no,no,Incorrect,0.8122999999999999
meta,21,dev_1804,yes,YES,yes,yes,Correct,0.8099
meta,21,dev_1873,yes,I don't know,i,idk,IDK,0.8111
meta,21,dev_1963,yes,YES,yes,yes,Correct,0.8095
meta,21,dev_2582,yes,YES,yes,yes,Correct,0.8126
meta,21,dev_2598,yes,NO,no,no,Incorrect,0.8098
meta,21,dev_3158,yes,I don't know,i,idk,IDK,0.8157000000000001
meta,21,dev_0551,no,YES,yes,yes,Incorrect,0.8112
meta,21,dev_1158,no,NO,no,no,Correct,0.8085
meta,21,dev_1364,no,NO,no,no,Correct,0.8122
meta,21,dev_1807,no,NO,no,no,Correct,0.8118
meta,21,dev_2542,no,NO,no,no,Correct,0.8095
meta,21,dev_2562,no,NO,no,no,Correct,0.812
meta,21,dev_3005,no,NO,no,no,Correct,0.8117000000000001
meta,21,dev_3194,no,NO,no,no,Correct,0.809
meta,21,dev_3195,no,NO,no,no,Correct,0.8081
meta,21,dev_0013,yes,I don't know,i,idk,IDK,0.8101
meta,21,dev_0043,yes,YES,yes,yes,Correct,0.8076
meta,21,dev_0052,yes,YES,yes,yes,Correct,0.8079
meta,21,dev_0091,yes,NO,no,no,Incorrect,0.807
meta,21,dev_0116,yes,YES,yes,yes,Correct,0.8111
meta,21,dev_0288,yes,YES,yes,yes,Correct,2.1444
meta,21,dev_0555,yes,NO,no,no,Incorrect,0.8092999999999999
meta,21,dev_0627,yes,NO,no,no,Incorrect,0.8084
meta,21,dev_0831,yes,YES,yes,yes,Correct,0.8112
meta,21,dev_0721,no,NO,no,no,Correct,0.8132
meta,21,dev_0863,no,NO,no,no,Correct,0.8102999999999999
meta,21,dev_1357,no,NO,no,no,Correct,0.8082999999999999
meta,21,dev_1951,no,NO,no,no,Correct,0.8127000000000001
meta,21,dev_2131,no,NO,no,no,Correct,0.8097000000000001
meta,21,dev_2174,no,NO,no,no,Correct,0.812
meta,21,dev_2252,no,I don't know,i,idk,IDK,0.8092999999999999
meta,21,dev_2309,no,NO,no,no,Correct,0.8082999999999999
meta,21,dev_2364,no,NO,no,no,Correct,0.8081
meta,21,dev_3075,no,NO,no,no,Correct,0.8078
meta,21,dev_3205,no,NO,no,no,Correct,0.8098
meta,21,dev_0015,yes,NO,no,no,Incorrect,0.8112999999999999
meta,21,dev_0153,yes,YES,yes,yes,Correct,0.8101
meta,21,dev_0161,yes,NO,no,no,Incorrect,0.8121
meta,21,dev_0306,yes,YES,yes,yes,Correct,0.8092
meta,21,dev_0334,yes,NO,no,no,Incorrect,0.8115
meta,21,dev_0338,yes,YES,yes,yes,Correct,0.8128
meta,21,dev_0493,yes,NO,no,no,Incorrect,0.8096
meta,21,dev_0520,yes,NO,no,no,Incorrect,0.8105
meta,21,dev_0212,no,NO,no,no,Correct,0.8105
meta,21,dev_0309,no,NO,no,no,Correct,0.8111
meta,21,dev_0484,no,NO,no,no,Correct,0.8136
meta,21,dev_0654,no,NO,no,no,Correct,0.8102
meta,21,dev_0973,no,NO,no,no,Correct,0.8084
meta,21,dev_1335,no,NO,no,no,Correct,0.8094
meta,21,dev_1443,no,NO,no,no,Correct,0.8129
meta,21,dev_0284,yes,NO,no,no,Incorrect,0.8125
meta,21,dev_0330,yes,YES,yes,yes,Correct,0.8115
meta,21,dev_0443,yes,YES,yes,yes,Correct,0.8092999999999999
meta,21,dev_0975,yes,YES,yes,yes,Correct,0.8079
meta,21,dev_1741,yes,YES,yes,yes,Correct,0.8088
meta,21,dev_1770,yes,NO,no,no,Incorrect,0.8105
meta,21,dev_1860,no,NO,no,no,Correct,0.8092999999999999
meta,21,dev_1967,yes,NO,no,no,Incorrect,0.809
meta,21,dev_0236,no,NO,no,no,Correct,0.8112999999999999
meta,21,dev_0741,no,I don't know,i,idk,IDK,0.8082999999999999
meta,21,dev_1440,no,NO,no,no,Correct,0.8095
meta,21,dev_2062,no,NO,no,no,Correct,0.8076
meta,21,dev_2109,no,NO,no,no,Correct,2.1519
meta,21,dev_2137,no,I don't know,i,idk,IDK,0.8079
meta,21,dev_0478,yes,YES,yes,yes,Correct,0.8092
meta,21,dev_0545,yes,YES,yes,yes,Correct,0.8126
meta,21,dev_1125,yes,NO,no,no,Incorrect,0.8132999999999999
meta,21,dev_1137,yes,NO,no,no,Incorrect,0.8114
meta,21,dev_1162,yes,YES,yes,yes,Correct,0.812
meta,21,dev_1177,yes,YES,yes,yes,Correct,0.8124
meta,21,dev_1444,yes,YES,yes,yes,Correct,0.8082999999999999
meta,21,dev_0313,no,NO,no,no,Correct,0.8101
meta,21,dev_0823,no,NO,no,no,Correct,0.8119
meta,21,dev_0839,no,NO,no,no,Correct,0.807
meta,21,dev_1222,no,NO,no,no,Correct,0.8098
meta,21,dev_1254,no,NO,no,no,Correct,0.8092
meta,21,dev_1269,no,NO,no,no,Correct,0.8131
meta,21,dev_1334,no,NO,no,no,Correct,0.809
meta,21,dev_0184,yes,NO,no,no,Incorrect,0.8085
meta,21,dev_0322,yes,NO,no,no,Incorrect,0.8112999999999999
meta,21,dev_0557,yes,NO,no,no,Incorrect,0.808
meta,21,dev_0573,yes,YES,yes,yes,Correct,0.8079
meta,21,dev_1179,yes,NO,no,no,Incorrect,0.8121
meta,21,dev_0619,yes,NO,no,no,Incorrect,0.81
meta,21,dev_0650,yes,YES,yes,yes,Correct,0.8092
meta,21,dev_0734,yes,YES,yes,yes,Correct,0.8084
meta,21,dev_0061,no,NO,no,no,Correct,2.1544
meta,21,dev_0124,no,NO,no,no,Correct,0.8084
meta,21,dev_0914,no,NO,no,no,Correct,0.8108
meta,21,dev_0955,no,NO,no,no,Correct,0.8118
meta,21,dev_1610,no,NO,no,no,Correct,0.8099
meta,21,dev_1790,no,NO,no,no,Correct,0.8112
meta,21,dev_2096,no,NO,no,no,Correct,0.8106
meta,21,dev_2277,no,I don't know,i,idk,IDK,0.8114
meta,21,dev_2499,no,NO,no,no,Correct,0.8112
meta,21,dev_1959,yes,YES,yes,yes,Correct,0.8095
meta,21,dev_1992,yes,NO,no,no,Incorrect,0.809
meta,21,dev_2047,yes,YES,yes,yes,Correct,0.8098
meta,21,dev_1656,yes,I don't know,i,idk,IDK,0.8112
meta,21,dev_1663,yes,NO,no,no,Incorrect,0.8125
meta,21,dev_1752,yes,I don't know,i,idk,IDK,0.8085
meta,21,dev_2049,yes,YES,yes,yes,Correct,0.8129
meta,21,dev_2050,yes,YES,yes,yes,Correct,0.8104
meta,21,dev_1442,yes,YES,yes,yes,Correct,0.8088
meta,21,dev_0301,no,NO,no,no,Correct,0.8117000000000001
meta,21,dev_0480,no,NO,no,no,Correct,0.8101
meta,21,dev_1290,no,NO,no,no,Correct,0.8097000000000001
meta,21,dev_1819,no,NO,no,no,Correct,0.8124
meta,21,dev_2206,no,NO,no,no,Correct,2.1641999999999997
meta,21,dev_0376,yes,YES,yes,yes,Correct,0.811
meta,21,dev_0346,yes,YES,yes,yes,Correct,0.8124
meta,21,dev_0363,yes,YES,yes,yes,Correct,0.8078
meta,21,dev_0535,yes,NO,no,no,Incorrect,0.8078
meta,21,dev_0629,yes,YES,yes,yes,Correct,0.8097000000000001
meta,21,dev_0179,no,NO,no,no,Correct,0.8105
meta,21,dev_0402,no,NO,no,no,Correct,0.8102999999999999
meta,21,dev_0513,no,I don't know,i,idk,IDK,0.8105
meta,21,dev_0606,no,NO,no,no,Correct,0.8127000000000001
meta,21,dev_0630,no,I don't know,i,idk,IDK,0.8112
meta,21,dev_0795,no,NO,no,no,Correct,0.81
meta,21,dev_1457,no,NO,no,no,Correct,0.813
meta,21,dev_1776,no,NO,no,no,Correct,0.8141
meta,21,dev_1862,no,NO,no,no,Correct,0.8112
meta,21,dev_1911,no,NO,no,no,Correct,0.812
meta,21,dev_2755,no,NO,no,no,Correct,0.8088
meta,21,dev_2756,no,NO,no,no,Correct,0.8117000000000001
meta,21,dev_2921,no,NO,no,no,Correct,0.8122
meta,21,dev_2972,no,NO,no,no,Correct,0.8106
meta,21,dev_0009,yes,NO,no,no,Incorrect,0.8121
meta,21,dev_0038,yes,I don't know,i,idk,IDK,0.8108
meta,21,dev_0129,yes,I don't know,i,idk,IDK,2.1517
meta,21,dev_0202,yes,YES,yes,yes,Correct,0.8105
meta,21,dev_0308,yes,YES,yes,yes,Correct,0.8094
meta,21,dev_0584,yes,YES,yes,yes,Correct,0.8107000000000001
meta,21,dev_0644,yes,YES,yes,yes,Correct,0.8102999999999999
meta,21,dev_0653,yes,YES,yes,yes,Correct,0.8095
meta,21,dev_0671,yes,YES,yes,yes,Correct,0.8121
meta,21,dev_0757,yes,YES,yes,yes,Correct,0.8132999999999999
meta,21,dev_1059,yes,YES,yes,yes,Correct,0.8122
meta,21,dev_1067,yes,YES,yes,yes,Correct,0.8082999999999999
meta,21,dev_1097,yes,YES,yes,yes,Correct,0.8082999999999999
meta,21,dev_1131,yes,YES,yes,yes,Correct,0.8082
meta,21,dev_1324,yes,NO,no,no,Incorrect,0.8102
meta,21,dev_0305,no,I don't know,i,idk,IDK,0.8091
meta,21,dev_0465,no,NO,no,no,Correct,0.8109
meta,21,dev_0508,no,NO,no,no,Correct,0.8102999999999999
meta,21,dev_0518,no,YES,yes,yes,Incorrect,0.8082
meta,21,dev_0572,no,NO,no,no,Correct,0.8082
meta,21,dev_0898,no,NO,no,no,Correct,0.8102
meta,21,dev_1154,no,NO,no,no,Correct,0.8098
meta,21,dev_1221,no,NO,no,no,Correct,0.8094
meta,21,dev_1244,no,NO,no,no,Correct,0.8118
meta,21,dev_1245,no,NO,no,no,Correct,2.1608
meta,21,dev_1273,no,NO,no,no,Correct,0.8109
meta,21,dev_0647,yes,YES,yes,yes,Correct,0.8102999999999999
meta,21,dev_0254,yes,YES,yes,yes,Correct,0.8119
meta,21,dev_0486,yes,YES,yes,yes,Correct,0.81
meta,21,dev_0736,yes,NO,no,no,Incorrect,0.8092999999999999
meta,21,dev_0814,yes,NO,no,no,Incorrect,0.8096
meta,21,dev_1477,yes,YES,yes,yes,Correct,0.8092
meta,21,dev_1721,yes,YES,yes,yes,Correct,0.8107000000000001
meta,21,dev_1786,yes,I don't know,i,idk,IDK,0.8102999999999999
meta,21,dev_1970,yes,YES,yes,yes,Correct,0.8091
meta,21,dev_1985,yes,YES,yes,yes,Correct,0.8121
meta,21,dev_2448,no,NO,no,no,Correct,0.8109
meta,21,dev_0066,yes,NO,no,no,Incorrect,0.8105
meta,21,dev_0088,yes,YES,yes,yes,Correct,0.8089
meta,21,dev_0196,yes,YES,yes,yes,Correct,0.8111
meta,21,dev_0262,yes,YES,yes,yes,Correct,0.81
meta,21,dev_0271,yes,YES,yes,yes,Correct,0.8104
meta,21,dev_0329,yes,NO,no,no,Incorrect,0.8111
meta,21,dev_0331,yes,YES,yes,yes,Correct,0.8119
meta,21,dev_0387,yes,YES,yes,yes,Correct,0.8126
meta,21,dev_0418,yes,NO,no,no,Incorrect,0.8092
meta,21,dev_0616,yes,YES,yes,yes,Correct,2.1561
meta,21,dev_0638,yes,YES,yes,yes,Correct,0.8102
meta,21,dev_0657,yes,NO,no,no,Incorrect,0.8092999999999999
meta,21,dev_0692,yes,YES,yes,yes,Correct,0.8115
meta,21,dev_0744,yes,I don't know,i,idk,IDK,0.8101
meta,21,dev_0797,yes,NO,no,no,Incorrect,0.8124
meta,21,dev_0842,yes,NO,no,no,Incorrect,0.8098
meta,21,dev_1379,yes,YES,yes,yes,Correct,0.8116
meta,21,dev_0126,no,I don't know,i,idk,IDK,0.811
meta,21,dev_0342,no,NO,no,no,Correct,0.8092999999999999
meta,21,dev_0437,no,NO,no,no,Correct,0.811
meta,21,dev_0553,no,NO,no,no,Correct,0.8097000000000001
meta,21,dev_0652,no,I don't know,i,idk,IDK,0.809
meta,21,dev_0708,no,NO,no,no,Correct,0.8111
meta,21,dev_1083,no,NO,no,no,Correct,0.8112999999999999
meta,21,dev_1142,no,NO,no,no,Correct,0.8102
meta,21,dev_1354,no,I don't know,i,idk,IDK,0.8108
meta,21,dev_1460,no,I don't know,i,idk,IDK,0.8119
meta,21,dev_1468,no,NO,no,no,Correct,0.8095
meta,21,dev_1559,no,I don't know,i,idk,IDK,0.8099
meta,21,dev_1595,no,NO,no,no,Correct,0.8122999999999999
meta,21,dev_1643,no,NO,no,no,Correct,0.8088
meta,21,dev_1692,no,NO,no,no,Correct,2.1509
meta,21,dev_1726,no,NO,no,no,Correct,0.8092
meta,21,dev_0008,yes,YES,yes,yes,Correct,0.8128
meta,21,dev_0323,yes,YES,yes,yes,Correct,0.81
meta,21,dev_0794,yes,YES,yes,yes,Correct,0.8132
meta,21,dev_0866,yes,YES,yes,yes,Correct,0.8114
meta,21,dev_0910,yes,YES,yes,yes,Correct,0.8088
meta,21,dev_0992,yes,I don't know,i,idk,IDK,0.8118
meta,21,dev_1446,yes,YES,yes,yes,Correct,0.8088
meta,21,dev_0294,no,NO,no,no,Correct,0.8075
meta,21,dev_0521,no,I don't know,i,idk,IDK,0.8124
meta,21,dev_0943,no,NO,no,no,Correct,0.8097000000000001
meta,21,dev_1887,no,NO,no,no,Correct,0.8102
meta,21,dev_2892,no,NO,no,no,Correct,0.8089
meta,21,dev_2691,no,NO,no,no,Correct,0.808
meta,21,dev_0065,yes,YES,yes,yes,Correct,0.8105
meta,21,dev_0245,yes,YES,yes,yes,Correct,0.8132
meta,21,dev_0315,yes,I don't know,i,idk,IDK,0.81
meta,21,dev_0361,yes,NO,no,no,Incorrect,0.8104
meta,21,dev_0550,yes,YES,yes,yes,Correct,0.8082999999999999
meta,21,dev_0595,yes,NO,no,no,Incorrect,0.8105
meta,21,dev_0966,yes,YES,yes,yes,Correct,0.8119
meta,21,dev_1078,yes,YES,yes,yes,Correct,0.809
meta,21,dev_1224,yes,I don't know,i,idk,IDK,0.8091
meta,21,dev_1251,yes,YES,yes,yes,Correct,2.1554
meta,21,dev_1260,yes,I don't know,i,idk,IDK,0.8089
meta,21,dev_1278,yes,YES,yes,yes,Correct,0.8081
meta,21,dev_1462,yes,YES,yes,yes,Correct,0.8094
meta,21,dev_1494,yes,NO,no,no,Incorrect,0.8096
meta,21,dev_1543,yes,YES,yes,yes,Correct,0.8134
meta,21,dev_2012,yes,NO,no,no,Incorrect,0.8092999999999999
meta,21,dev_2118,yes,NO,no,no,Incorrect,0.8112
meta,21,dev_2272,yes,YES,yes,yes,Correct,0.8095
meta,21,dev_2338,yes,YES,yes,yes,Correct,0.8097000000000001
meta,21,dev_2498,yes,NO,no,no,Incorrect,0.8112999999999999
meta,21,dev_2509,yes,YES,yes,yes,Correct,0.8156
meta,21,dev_2917,yes,YES,yes,yes,Correct,0.8121
meta,21,dev_2966,yes,NO,no,no,Incorrect,0.8099
meta,21,dev_2974,yes,I don't know,i,idk,IDK,0.8109
meta,21,dev_3007,yes,YES,yes,yes,Correct,0.8088
meta,21,dev_3199,yes,YES,yes,yes,Correct,0.8081
meta,21,dev_0222,no,NO,no,no,Correct,0.8078
meta,21,dev_0398,no,NO,no,no,Correct,0.8099
meta,21,dev_0426,no,NO,no,no,Correct,0.8081
meta,21,dev_0464,no,NO,no,no,Correct,0.8088
meta,21,dev_0563,no,NO,no,no,Correct,0.8104
meta,21,dev_0658,no,NO,no,no,Correct,0.8094
meta,21,dev_1366,no,I don't know,i,idk,IDK,0.8096
meta,21,dev_1471,no,NO,no,no,Correct,0.8096
meta,21,dev_1558,no,NO,no,no,Correct,0.8086
meta,21,dev_1580,no,NO,no,no,Correct,0.8086
meta,21,dev_2401,no,NO,no,no,Correct,0.8114
meta,21,dev_2436,no,I don't know,i,idk,IDK,0.8116
meta,21,dev_3224,no,NO,no,no,Correct,0.8072999999999999
meta,21,dev_0022,yes,YES,yes,yes,Correct,0.8097000000000001
meta,21,dev_0132,yes,YES,yes,yes,Correct,0.8087000000000001
meta,21,dev_0268,yes,YES,yes,yes,Correct,0.8085
meta,21,dev_0646,yes,NO,no,no,Incorrect,0.8104
meta,21,dev_0697,yes,I don't know,i,idk,IDK,0.8086
meta,21,dev_0935,yes,YES,yes,yes,Correct,0.821
meta,21,dev_1159,yes,YES,yes,yes,Correct,0.8078
meta,21,dev_1376,yes,YES,yes,yes,Correct,2.1532
meta,21,dev_1646,yes,NO,no,no,Incorrect,0.8102
meta,21,dev_1869,yes,YES,yes,yes,Correct,0.8088
meta,21,dev_2397,yes,YES,yes,yes,Correct,0.808
meta,21,dev_0512,no,NO,no,no,Correct,0.8094
meta,21,dev_1524,no,NO,no,no,Correct,0.809
meta,21,dev_1675,no,NO,no,no,Correct,0.8102
meta,21,dev_1723,no,NO,no,no,Correct,0.8105
meta,21,dev_2027,no,NO,no,no,Correct,0.8084
meta,21,dev_2104,no,NO,no,no,Correct,0.8102999999999999
meta,21,dev_2262,no,NO,no,no,Correct,0.8085
meta,21,dev_2431,no,NO,no,no,Correct,0.8082999999999999
meta,21,dev_2524,no,NO,no,no,Correct,0.8091
meta,21,dev_3057,no,NO,no,no,Correct,0.8092999999999999
meta,21,dev_3167,no,NO,no,no,Correct,0.8138
meta,6,dev_0023,yes,NO,no,no,Incorrect,0.3927
meta,6,dev_0039,no,YES,yes,yes,Incorrect,0.39239999999999997
meta,6,dev_0055,no,YES,yes,yes,Incorrect,0.3922
meta,6,dev_0059,no,I don't know.,i,idk,IDK,0.3937
meta,6,dev_0068,no,NO,no,no,Correct,0.3935
meta,6,dev_0087,yes,I don't know.,i,idk,IDK,0.3935
meta,6,dev_0107,no,I don't know,i,idk,IDK,0.3939
meta,6,dev_0120,yes,NO,no,no,Incorrect,0.3937
meta,6,dev_0138,no,YES,yes,yes,Incorrect,0.3972
meta,6,dev_0151,no,I don't know,i,idk,IDK,0.3966
meta,6,dev_0163,yes,I don't know,i,idk,IDK,0.3972
meta,6,dev_0165,no,YES,yes,yes,Incorrect,0.398
meta,6,dev_0207,no,NO,no,no,Correct,0.3963
meta,6,dev_0210,no,YES,yes,yes,Incorrect,0.3984
meta,6,dev_0221,no,NO,no,no,Correct,0.1273
meta,6,dev_0229,yes,YES,yes,yes,Correct,0.3979
meta,6,dev_0237,no,YES,yes,yes,Incorrect,0.3975
meta,6,dev_0243,no,YES,yes,yes,Incorrect,0.3988
meta,6,dev_0248,yes,I don't know,i,idk,IDK,0.3995
meta,6,dev_0249,yes,YES,yes,yes,Correct,0.4007
meta,6,dev_0251,yes,YES,yes,yes,Correct,0.4008
meta,6,dev_0257,yes,I don't know,i,idk,IDK,0.4018
meta,6,dev_0270,no,I don't know,i,idk,IDK,0.398
meta,6,dev_0287,yes,NO,no,no,Incorrect,0.4143
meta,6,dev_0295,no,YES,yes,yes,Incorrect,0.3982
meta,6,dev_0298,yes,NO,no,no,Incorrect,0.3997
meta,6,dev_0312,no,YES,yes,yes,Incorrect,0.3988
meta,6,dev_0316,yes,NO,no,no,Incorrect,0.3998
meta,6,dev_0318,yes,YES,yes,yes,Correct,0.3993
meta,6,dev_0321,yes,YES,yes,yes,Correct,0.3988
meta,6,dev_0333,yes,NO,no,no,Incorrect,0.3986
meta,6,dev_0336,no,YES,yes,yes,Incorrect,0.3999
meta,6,dev_0343,yes,NO,no,no,Incorrect,0.3979
meta,6,dev_0352,no,NO,no,no,Correct,0.3988
meta,6,dev_0355,no,YES,yes,yes,Incorrect,0.3996
meta,6,dev_0364,no,YES,yes,yes,Incorrect,0.3985
meta,6,dev_0366,no,YES,yes,yes,Incorrect,0.3989
meta,6,dev_0406,no,YES,yes,yes,Incorrect,0.4145
meta,6,dev_0428,no,YES,yes,yes,Incorrect,0.406
meta,6,dev_0429,yes,YES,yes,yes,Correct,0.3987
meta,6,dev_0430,yes,I don't know,i,idk,IDK,0.4001
meta,6,dev_0436,no,I don't know.,i,idk,IDK,0.3993
meta,6,dev_0441,no,I don't know.,i,idk,IDK,0.3996
meta,6,dev_0442,yes,YES,yes,yes,Correct,0.3991
meta,6,dev_0479,no,YES,yes,yes,Incorrect,0.3992
meta,6,dev_0481,no,I don't know,i,idk,IDK,0.3985
meta,6,dev_0482,no,YES,yes,yes,Incorrect,0.3997
meta,6,dev_0487,no,I don't know,i,idk,IDK,0.4
meta,6,dev_0504,yes,NO,no,no,Incorrect,0.4011
meta,6,dev_0509,no,YES,yes,yes,Incorrect,0.3986
meta,6,dev_0532,no,I don't know,i,idk,IDK,0.4154
meta,6,dev_0534,no,YES,yes,yes,Incorrect,0.4112
meta,6,dev_0536,yes,NO,no,no,Incorrect,0.3999
meta,6,dev_0537,no,YES,yes,yes,Incorrect,0.3994
meta,6,dev_0546,yes,NO,no,no,Incorrect,0.3989
meta,6,dev_0560,no,YES,yes,yes,Incorrect,0.4043
meta,6,dev_0568,no,NO,no,no,Correct,0.4042
meta,6,dev_0569,no,NO,no,no,Correct,0.3989
meta,6,dev_0588,yes,I don't know,i,idk,IDK,0.4145
meta,6,dev_0594,no,YES,yes,yes,Incorrect,0.4047
meta,6,dev_0596,no,YES,yes,yes,Incorrect,0.3998
meta,6,dev_0598,yes,NO,no,no,Incorrect,0.4017
meta,6,dev_0612,yes,NO,no,no,Incorrect,0.1286
meta,6,dev_0617,yes,NO,no,no,Incorrect,0.4
meta,6,dev_0662,yes,NO,no,no,Incorrect,0.3991
meta,6,dev_0678,no,NO,no,no,Correct,0.4011
meta,6,dev_0696,no,YES,yes,yes,Incorrect,0.4008
meta,6,dev_0711,yes,NO,no,no,Incorrect,0.402
meta,6,dev_0718,yes,NO,no,no,Incorrect,0.4032
meta,6,dev_0724,no,I don't know,i,idk,IDK,0.4017
meta,6,dev_0731,no,I don't know.,i,idk,IDK,0.3994
meta,6,dev_0737,no,I don't know.,i,idk,IDK,0.3993
meta,6,dev_0754,yes,NO,no,no,Incorrect,0.3992
meta,6,dev_0759,no,NO,no,no,Correct,0.4008
meta,6,dev_0764,yes,NO,no,no,Incorrect,0.3981
meta,6,dev_0782,yes,NO,no,no,Incorrect,0.3992
meta,6,dev_0817,no,YES,yes,yes,Incorrect,0.398
meta,6,dev_0829,no,NO,no,no,Correct,0.3989
meta,6,dev_0832,no,YES,yes,yes,Incorrect,0.399
meta,6,dev_0837,yes,I don't know,i,idk,IDK,0.399
meta,6,dev_0853,no,I don't know,i,idk,IDK,0.3987
meta,6,dev_0854,no,NO,no,no,Correct,0.4014
meta,6,dev_0862,no,YES,yes,yes,Incorrect,0.4007
meta,6,dev_0871,yes,YES,yes,yes,Correct,0.3985
meta,6,dev_0916,yes,NO,no,no,Incorrect,0.3999
meta,6,dev_0922,yes,NO,no,no,Incorrect,0.3989
meta,6,dev_0933,no,YES,yes,yes,Incorrect,0.399
meta,6,dev_0934,yes,NO,no,no,Incorrect,0.3995
meta,6,dev_0940,yes,NO,no,no,Incorrect,0.3986
meta,6,dev_0944,no,YES,yes,yes,Incorrect,0.4002
meta,6,dev_0952,yes,NO,no,no,Incorrect,0.4169
meta,6,dev_0958,yes,NO,no,no,Incorrect,0.3994
meta,6,dev_0981,no,I don't know,i,idk,IDK,0.3998
meta,6,dev_0991,yes,NO,no,no,Incorrect,0.3996
meta,6,dev_0994,yes,NO,no,no,Incorrect,0.4067
meta,6,dev_0996,no,NO,no,no,Correct,0.1275
meta,6,dev_1006,no,I don't know,i,idk,IDK,0.4001
meta,6,dev_1011,no,I don't know,i,idk,IDK,0.3992
meta,6,dev_1022,yes,YES,yes,yes,Correct,0.4001
meta,6,dev_1049,no,YES,yes,yes,Incorrect,0.411
meta,6,dev_1062,yes,NO,no,no,Incorrect,0.4005
meta,6,dev_1075,yes,NO,no,no,Incorrect,0.4004
meta,6,dev_1102,no,YES,yes,yes,Incorrect,0.3994
meta,6,dev_1110,yes,NO,no,no,Incorrect,0.3997
meta,6,dev_1112,no,YES,yes,yes,Incorrect,0.3993
meta,6,dev_1113,yes,I don't know,i,idk,IDK,0.3994
meta,6,dev_1121,no,YES,yes,yes,Incorrect,0.3995
meta,6,dev_1133,no,I don't know,i,idk,IDK,0.4003
meta,6,dev_1138,yes,NO,no,no,Incorrect,0.4008
meta,6,dev_1146,yes,YES,yes,yes,Correct,0.4002
meta,6,dev_1155,yes,YES,yes,yes,Correct,0.4019
meta,6,dev_1175,no,YES,yes,yes,Incorrect,0.4022
meta,6,dev_1178,no,YES,yes,yes,Incorrect,0.4013
meta,6,dev_1183,yes,NO,no,no,Incorrect,0.4014
meta,6,dev_1196,no,YES,yes,yes,Incorrect,0.3994
meta,6,dev_1204,yes,I don't know,i,idk,IDK,0.3991
meta,6,dev_1205,no,YES,yes,yes,Incorrect,0.3998
meta,6,dev_1209,yes,I don't know,i,idk,IDK,0.4
meta,6,dev_1227,no,NO,no,no,Correct,0.412
meta,6,dev_1229,no,NO,no,no,Correct,0.3958
meta,6,dev_1230,yes,I don't know,i,idk,IDK,0.3958
meta,6,dev_1235,no,YES,yes,yes,Incorrect,0.3994
meta,6,dev_1239,yes,I don't know,i,idk,IDK,0.4052
meta,6,dev_1241,no,YES,yes,yes,Incorrect,0.4141
meta,6,dev_1250,yes,YES,yes,yes,Correct,0.3992
meta,6,dev_1256,yes,NO,no,no,Incorrect,0.4001
meta,6,dev_1261,no,NO,no,no,Correct,0.3995
meta,6,dev_1267,no,YES,yes,yes,Incorrect,0.4013
meta,6,dev_1271,no,YES,yes,yes,Incorrect,0.3985
meta,6,dev_1283,yes,I don't know,i,idk,IDK,0.4021
meta,6,dev_1285,no,YES,yes,yes,Incorrect,0.3999
meta,6,dev_1286,no,YES,yes,yes,Incorrect,0.3995
meta,6,dev_1294,yes,I don't know,i,idk,IDK,0.3981
meta,6,dev_1296,yes,NO,no,no,Incorrect,0.3993
meta,6,dev_1303,no,NO,no,no,Correct,0.3979
meta,6,dev_1307,yes,NO,no,no,Incorrect,0.4011
meta,6,dev_1311,yes,NO,no,no,Incorrect,0.3996
meta,6,dev_1316,yes,NO,no,no,Incorrect,0.3956
meta,6,dev_1317,no,NO,no,no,Correct,0.3958
meta,6,dev_1333,yes,NO,no,no,Incorrect,0.3998
meta,6,dev_1336,yes,YES,yes,yes,Correct,0.4018
meta,6,dev_1345,no,YES,yes,yes,Incorrect,0.3993
meta,6,dev_1359,no,NO,no,no,Correct,0.3988
meta,6,dev_1370,yes,I don't know,i,idk,IDK,0.4006
meta,6,dev_1371,no,I don't know,i,idk,IDK,0.4005
meta,6,dev_1372,yes,NO,no,no,Incorrect,0.3999
meta,6,dev_1382,no,NO,no,no,Correct,0.4015
meta,6,dev_1406,no,YES,yes,yes,Incorrect,0.4
meta,6,dev_1408,yes,NO,no,no,Incorrect,0.4024
meta,6,dev_1413,yes,NO,no,no,Incorrect,0.3999
meta,6,dev_1419,yes,NO,no,no,Incorrect,0.3998
meta,6,dev_1420,yes,I don't know,i,idk,IDK,0.401
meta,6,dev_1423,no,YES,yes,yes,Incorrect,0.399
meta,6,dev_1424,no,I don't know.,i,idk,IDK,0.4004
meta,6,dev_1436,no,NO,no,no,Correct,0.4013
meta,6,dev_1438,yes,NO,no,no,Incorrect,0.4157
meta,6,dev_1452,no,YES,yes,yes,Incorrect,0.4007
meta,6,dev_1455,yes,YES,yes,yes,Correct,0.4007
meta,6,dev_1464,no,YES,yes,yes,Incorrect,0.4005
meta,6,dev_1467,yes,I don't know. The grading system for A-level exams can vary by country and,i,idk,IDK,0.401
meta,6,dev_1473,yes,NO,no,no,Incorrect,0.4
meta,6,dev_1489,yes,YES,yes,yes,Correct,0.3992
meta,6,dev_1498,yes,NO,no,no,Incorrect,0.399
meta,6,dev_1508,no,YES,yes,yes,Incorrect,0.4058
meta,6,dev_1515,no,YES,yes,yes,Incorrect,0.4023
meta,6,dev_1517,yes,NO,no,no,Incorrect,0.4012
meta,6,dev_1528,yes,YES,yes,yes,Correct,0.3995
meta,6,dev_1533,no,YES,yes,yes,Incorrect,0.409
meta,6,dev_1534,no,NO,no,no,Correct,0.3988
meta,6,dev_1546,yes,I don't know,i,idk,IDK,0.4042
meta,6,dev_1552,yes,NO,no,no,Incorrect,0.3999
meta,6,dev_1557,no,YES,yes,yes,Incorrect,0.4012
meta,6,dev_1563,no,YES,yes,yes,Incorrect,0.4006
meta,6,dev_1627,no,NO,no,no,Correct,0.401
meta,6,dev_1632,yes,NO,no,no,Incorrect,0.402
meta,6,dev_1650,yes,YES,yes,yes,Correct,0.408
meta,6,dev_1655,no,YES,yes,yes,Incorrect,0.3989
meta,6,dev_1658,yes,I don't know,i,idk,IDK,0.4004
meta,6,dev_1659,yes,YES,yes,yes,Correct,0.4171
meta,6,dev_1673,yes,I don't know,i,idk,IDK,0.4012
meta,6,dev_1680,no,YES,yes,yes,Incorrect,0.3999
meta,6,dev_1687,no,YES,yes,yes,Incorrect,0.4015
meta,6,dev_1698,no,YES,yes,yes,Incorrect,0.3995
meta,6,dev_1707,yes,NO,no,no,Incorrect,0.4
meta,6,dev_1727,yes,NO,no,no,Incorrect,0.3999
meta,6,dev_1736,no,YES,yes,yes,Incorrect,0.4001
meta,6,dev_1737,yes,YES,yes,yes,Correct,0.3994
meta,6,dev_1740,yes,NO,no,no,Incorrect,0.4
meta,6,dev_1743,no,I don't know,i,idk,IDK,0.4003
meta,6,dev_1749,yes,I don't know,i,idk,IDK,0.4002
meta,6,dev_1750,no,NO,no,no,Correct,0.4007
meta,6,dev_1757,yes,NO,no,no,Incorrect,0.4056
meta,6,dev_1763,yes,YES,yes,yes,Correct,0.4026
meta,6,dev_1775,no,NO,no,no,Correct,0.4018
meta,6,dev_1789,no,NO,no,no,Correct,0.4008
meta,6,dev_1806,no,I don't know,i,idk,IDK,0.4014
meta,6,dev_1814,no,YES,yes,yes,Incorrect,0.4124
meta,6,dev_1823,yes,NO,no,no,Incorrect,0.4
meta,6,dev_1832,no,YES,yes,yes,Incorrect,0.3996
meta,6,dev_1849,yes,NO,no,no,Incorrect,0.4018
meta,6,dev_1851,no,YES,yes,yes,Incorrect,0.3991
meta,6,dev_1857,no,YES,yes,yes,Incorrect,0.4012
meta,6,dev_1895,yes,I don't know,i,idk,IDK,0.4002
meta,6,dev_1906,no,I don't know,i,idk,IDK,0.3999
meta,6,dev_1916,yes,NO,no,no,Incorrect,0.401
meta,6,dev_1919,yes,NO,no,no,Incorrect,0.4018
meta,6,dev_1924,yes,YES,yes,yes,Correct,0.4007
meta,6,dev_1938,no,YES,yes,yes,Incorrect,0.402
meta,6,dev_1948,yes,NO,no,no,Incorrect,0.3995
meta,6,dev_1950,no,NO,no,no,Correct,0.4013
meta,6,dev_1960,no,NO,no,no,Correct,0.4004
meta,6,dev_1977,no,NO,no,no,Correct,0.4002
meta,6,dev_1995,yes,I don't know,i,idk,IDK,0.4011
meta,6,dev_1997,yes,I don't know,i,idk,IDK,0.403
meta,6,dev_2009,no,YES,yes,yes,Incorrect,0.4025
meta,6,dev_2032,yes,YES,yes,yes,Correct,0.4024
meta,6,dev_2045,yes,I don't know,i,idk,IDK,0.3996
meta,6,dev_2053,no,NO,no,no,Correct,0.4155
meta,6,dev_2061,no,I don't know,i,idk,IDK,0.3994
meta,6,dev_2065,yes,NO,no,no,Incorrect,0.4008
meta,6,dev_2068,yes,NO,no,no,Incorrect,0.4013
meta,6,dev_2078,no,YES,yes,yes,Incorrect,0.4009
meta,6,dev_2079,yes,YES,yes,yes,Correct,0.4023
meta,6,dev_2088,no,YES,yes,yes,Incorrect,0.4
meta,6,dev_2091,no,YES,yes,yes,Incorrect,0.4029
meta,6,dev_2094,no,YES,yes,yes,Incorrect,0.3996
meta,6,dev_2095,yes,NO,no,no,Incorrect,0.1291
meta,6,dev_2139,no,NO,no,no,Correct,0.3999
meta,6,dev_2166,yes,YES,yes,yes,Correct,0.4052
meta,6,dev_2184,no,YES,yes,yes,Incorrect,0.4001
meta,6,dev_2187,yes,I don't know.,i,idk,IDK,0.401
meta,6,dev_2192,no,YES,yes,yes,Incorrect,0.3999
meta,6,dev_2196,no,YES,yes,yes,Incorrect,0.3989
meta,6,dev_2199,yes,YES,yes,yes,Correct,0.4008
meta,6,dev_2204,yes,NO,no,no,Incorrect,0.4004
meta,6,dev_2220,no,I don't know.,i,idk,IDK,0.4
meta,6,dev_2224,no,I don't know,i,idk,IDK,0.4
meta,6,dev_2232,no,YES,yes,yes,Incorrect,0.3993
meta,6,dev_2234,no,YES,yes,yes,Incorrect,0.3985
meta,6,dev_2237,no,NO,no,no,Correct,0.4
meta,6,dev_2247,yes,I don't know,i,idk,IDK,0.3992
meta,6,dev_2248,yes,NO,no,no,Incorrect,0.3994
meta,6,dev_2266,no,YES,yes,yes,Incorrect,0.401
meta,6,dev_2275,yes,I don't know,i,idk,IDK,0.4
meta,6,dev_2295,yes,NO,no,no,Incorrect,0.4084
meta,6,dev_2304,yes,NO,no,no,Incorrect,0.4006
meta,6,dev_2306,yes,NO,no,no,Incorrect,0.4015
meta,6,dev_2310,no,NO,no,no,Correct,0.4002
meta,6,dev_2315,yes,NO,no,no,Incorrect,0.3997
meta,6,dev_2323,no,NO,no,no,Correct,0.4009
meta,6,dev_2328,no,I don't know.,i,idk,IDK,0.4003
meta,6,dev_2350,no,YES,yes,yes,Incorrect,0.4016
meta,6,dev_2382,yes,NO,no,no,Incorrect,0.401
meta,6,dev_2387,yes,NO,no,no,Incorrect,0.4186
meta,6,dev_2388,no,I don't know,i,idk,IDK,0.4013
meta,6,dev_2396,yes,NO,no,no,Incorrect,0.4135
meta,6,dev_2408,yes,YES,yes,yes,Correct,0.4027
meta,6,dev_2413,no,I don't know,i,idk,IDK,0.4199
meta,6,dev_2428,yes,NO,no,no,Incorrect,0.4022
meta,6,dev_2433,no,I don't know.,i,idk,IDK,0.4016
meta,6,dev_2434,no,NO,no,no,Correct,0.4012
meta,6,dev_2447,no,YES,yes,yes,Incorrect,0.1276
meta,6,dev_2473,yes,YES,yes,yes,Correct,0.3992
meta,6,dev_2479,no,YES,yes,yes,Incorrect,0.4002
meta,6,dev_2504,no,YES,yes,yes,Incorrect,0.3999
meta,6,dev_2532,yes,I don't know.,i,idk,IDK,0.4001
meta,6,dev_2537,no,YES,yes,yes,Incorrect,0.3997
meta,6,dev_2538,no,I don't know,i,idk,IDK,0.4001
meta,6,dev_2547,yes,I don't know,i,idk,IDK,0.3987
meta,6,dev_2548,no,YES,yes,yes,Incorrect,0.4009
meta,6,dev_2555,no,I don't know,i,idk,IDK,0.4016
meta,6,dev_2566,no,YES,yes,yes,Incorrect,0.401
meta,6,dev_2572,no,NO,no,no,Correct,0.4005
meta,6,dev_2577,no,YES,yes,yes,Incorrect,0.4011
meta,6,dev_2605,yes,YES,yes,yes,Correct,0.4
meta,6,dev_2614,yes,I don't know,i,idk,IDK,0.4169
meta,6,dev_2622,no,YES,yes,yes,Incorrect,0.4007
meta,6,dev_2634,yes,I don't know.,i,idk,IDK,0.1711
meta,6,dev_2643,no,NO,no,no,Correct,0.4035
meta,6,dev_2655,yes,NO,no,no,Incorrect,0.4214
meta,6,dev_2656,yes,I don't know,i,idk,IDK,0.4189
meta,6,dev_2690,yes,NO,no,no,Incorrect,0.4015
meta,6,dev_2719,no,NO,no,no,Correct,0.418
meta,6,dev_2727,no,YES,yes,yes,Incorrect,0.4015
meta,6,dev_2750,yes,YES,yes,yes,Correct,0.4012
meta,6,dev_2757,yes,I don't know,i,idk,IDK,0.4018
meta,6,dev_2770,yes,I don't know,i,idk,IDK,0.3994
meta,6,dev_2791,yes,I don't know,i,idk,IDK,0.4008
meta,6,dev_2813,yes,I don't know,i,idk,IDK,0.4001
meta,6,dev_2821,yes,NO,no,no,Incorrect,0.12969999999999998
meta,6,dev_2832,yes,NO,no,no,Incorrect,0.4014
meta,6,dev_2838,no,I don't know,i,idk,IDK,0.3993
meta,6,dev_2853,no,I don't know,i,idk,IDK,0.4018
meta,6,dev_2870,no,YES,yes,yes,Incorrect,0.4007
meta,6,dev_2875,yes,NO,no,no,Incorrect,0.4028
meta,6,dev_2880,no,YES,yes,yes,Incorrect,0.4007
meta,6,dev_2890,no,NO,no,no,Correct,0.4013
meta,6,dev_2901,yes,NO,no,no,Incorrect,0.4009
meta,6,dev_2906,yes,NO,no,no,Incorrect,0.4026
meta,6,dev_2919,no,NO,no,no,Correct,0.4022
meta,6,dev_2931,yes,NO,no,no,Incorrect,0.4041
meta,6,dev_2933,no,YES,yes,yes,Incorrect,0.4025
meta,6,dev_2956,yes,YES,yes,yes,Correct,0.4
meta,6,dev_2959,no,NO,no,no,Correct,0.4007
meta,6,dev_2967,yes,YES,yes,yes,Correct,0.4003
meta,6,dev_2973,no,YES,yes,yes,Incorrect,0.4023
meta,6,dev_2991,yes,NO,no,no,Incorrect,0.4002
meta,6,dev_3000,yes,YES,yes,yes,Correct,0.4026
meta,6,dev_3015,yes,NO,no,no,Incorrect,0.3997
meta,6,dev_3027,no,NO,no,no,Correct,0.4019
meta,6,dev_3029,no,YES,yes,yes,Incorrect,0.4078
meta,6,dev_3035,no,YES,yes,yes,Incorrect,0.4012
meta,6,dev_3040,no,I don't know.,i,idk,IDK,0.4031
meta,6,dev_3073,no,YES,yes,yes,Incorrect,0.4
meta,6,dev_3079,yes,I don't know,i,idk,IDK,0.4014
meta,6,dev_3089,yes,NO,no,no,Incorrect,0.4088
meta,6,dev_3105,yes,NO,no,no,Incorrect,0.4007
meta,6,dev_3106,yes,I don't know,i,idk,IDK,0.4019
meta,6,dev_3107,yes,YES,yes,yes,Correct,0.4138
meta,6,dev_3122,no,YES,yes,yes,Incorrect,0.4014
meta,6,dev_3143,no,NO,no,no,Correct,0.3994
meta,6,dev_3173,no,NO,no,no,Correct,0.3963
meta,6,dev_3183,no,YES,yes,yes,Incorrect,0.3968
meta,6,dev_3187,yes,NO,no,no,Incorrect,0.3967
meta,6,dev_3204,no,YES,yes,yes,Incorrect,0.3968
meta,6,dev_3212,yes,NO,no,no,Incorrect,0.3962
meta,6,dev_3221,no,YES,yes,yes,Incorrect,0.3965
meta,6,dev_3231,yes,NO,no,no,Incorrect,0.3999
meta,6,dev_3232,yes,NO,no,no,Incorrect,0.3967
meta,6,dev_3238,yes,YES,yes,yes,Correct,0.3964
meta,6,dev_3239,yes,NO,no,no,Incorrect,0.3968
meta,6,dev_3241,yes,YES,yes,yes,Correct,0.3965
meta,6,dev_3242,yes,I don't know,i,idk,IDK,0.3966
meta,6,dev_0031,yes,I don't know,i,idk,IDK,0.4019
meta,6,dev_0148,yes,I don't know,i,idk,IDK,0.3998
meta,6,dev_0178,yes,YES,yes,yes,Correct,0.4011
meta,6,dev_0410,yes,NO,no,no,Incorrect,0.4011
meta,6,dev_0419,yes,YES,yes,yes,Correct,0.4016
meta,6,dev_0448,yes,YES,yes,yes,Correct,0.4003
meta,6,dev_0224,no,I don't know,i,idk,IDK,0.3998
meta,6,dev_0317,no,I don't know,i,idk,IDK,0.4007
meta,6,dev_0368,no,I don't know,i,idk,IDK,0.4032
meta,6,dev_0507,no,I don't know.,i,idk,IDK,0.4019
meta,6,dev_0603,no,NO,no,no,Correct,0.4025
meta,6,dev_0938,no,I don't know,i,idk,IDK,0.4024
meta,6,dev_0076,yes,I don't know,i,idk,IDK,0.4038
meta,6,dev_0459,yes,I don't know,i,idk,IDK,0.4025
meta,6,dev_0502,yes,I don't know,i,idk,IDK,0.4012
meta,6,dev_0580,yes,I don't know,i,idk,IDK,0.4189
meta,6,dev_1089,yes,I don't know,i,idk,IDK,0.4026
meta,6,dev_1153,yes,I don't know,i,idk,IDK,0.4024
meta,6,dev_1315,yes,I don't know,i,idk,IDK,0.4012
meta,6,dev_1482,yes,YES,yes,yes,Correct,0.4031
meta,6,dev_1568,yes,YES,yes,yes,Correct,0.4015
meta,6,dev_1968,yes,I don't know,i,idk,IDK,0.4007
meta,6,dev_2223,yes,I don't know,i,idk,IDK,0.4
meta,6,dev_2420,yes,I don't know,i,idk,IDK,0.4021
meta,6,dev_2882,yes,YES,yes,yes,Correct,0.4003
meta,6,dev_2899,yes,I don't know,i,idk,IDK,0.3993
meta,6,dev_2910,yes,NO,no,no,Incorrect,0.4001
meta,6,dev_0713,no,YES,yes,yes,Incorrect,0.4005
meta,6,dev_0816,no,I don't know,i,idk,IDK,0.4095
meta,6,dev_0911,no,I don't know.,i,idk,IDK,0.3963
meta,6,dev_0997,no,NO,no,no,Correct,0.3966
meta,6,dev_1258,no,YES,yes,yes,Incorrect,0.3956
meta,6,dev_1422,no,I don't know,i,idk,IDK,0.3955
meta,6,dev_2120,no,YES,yes,yes,Incorrect,0.3995
meta,6,dev_2353,no,NO,no,no,Correct,0.4032
meta,6,dev_2441,no,YES,yes,yes,Incorrect,0.4078
meta,6,dev_2087,no,I don't know,i,idk,IDK,0.4218
meta,6,dev_2215,no,"No, the two chromosomes in a pair are not identical. They are homologous",no,no,Correct,0.3999
meta,6,dev_2503,no,NO,no,no,Correct,0.4003
meta,6,dev_2652,no,YES,yes,yes,Incorrect,0.4007
meta,6,dev_2850,no,I don't know,i,idk,IDK,0.3998
meta,6,dev_3062,no,I don't know,i,idk,IDK,0.3989
meta,6,dev_0400,yes,YES,yes,yes,Correct,0.4159
meta,6,dev_0432,yes,YES,yes,yes,Correct,0.4076
meta,6,dev_0446,yes,I don't know,i,idk,IDK,0.4077
meta,6,dev_0455,yes,I don't know,i,idk,IDK,0.4058
meta,6,dev_0472,yes,NO,no,no,Incorrect,0.3991
meta,6,dev_0524,yes,I don't know.,i,idk,IDK,0.4066
meta,6,dev_0767,yes,YES,yes,yes,Correct,0.4111
meta,6,dev_0875,yes,YES,yes,yes,Correct,0.3997
meta,6,dev_0950,yes,YES,yes,yes,Correct,0.4
meta,6,dev_1023,yes,NO,no,no,Incorrect,0.4021
meta,6,dev_1171,yes,NO,no,no,Incorrect,0.4
meta,6,dev_1207,yes,I don't know,i,idk,IDK,0.4006
meta,6,dev_1299,yes,YES,yes,yes,Correct,0.4006
meta,6,dev_0157,no,I don't know,i,idk,IDK,0.4012
meta,6,dev_0371,no,I don't know,i,idk,IDK,0.4009
meta,6,dev_0621,no,YES,yes,yes,Incorrect,0.4013
meta,6,dev_0699,no,I don't know,i,idk,IDK,0.4018
meta,6,dev_0954,no,I don't know.,i,idk,IDK,0.4013
meta,6,dev_1050,no,NO,no,no,Correct,0.4016
meta,6,dev_1208,no,I don't know,i,idk,IDK,0.4029
meta,6,dev_1257,no,I don't know,i,idk,IDK,0.4023
meta,6,dev_1805,no,I don't know,i,idk,IDK,0.402
meta,6,dev_1876,no,I don't know,i,idk,IDK,0.4001
meta,6,dev_2290,no,YES,yes,yes,Incorrect,0.3997
meta,6,dev_2444,no,YES,yes,yes,Incorrect,0.4016
meta,6,dev_0250,yes,YES,yes,yes,Correct,0.4021
meta,6,dev_0337,yes,I don't know,i,idk,IDK,0.3995
meta,6,dev_0386,yes,I don't know.,i,idk,IDK,0.4025
meta,6,dev_0591,yes,NO,no,no,Incorrect,0.4024
meta,6,dev_0746,yes,I don't know,i,idk,IDK,0.4024
meta,6,dev_0845,yes,I don't know.,i,idk,IDK,0.4028
meta,6,dev_0855,yes,YES,yes,yes,Correct,0.4007
meta,6,dev_0915,yes,I don't know,i,idk,IDK,0.4008
meta,6,dev_0945,yes,YES,yes,yes,Correct,0.4005
meta,6,dev_0021,no,I don't know.,i,idk,IDK,0.4017
meta,6,dev_0490,no,I don't know,i,idk,IDK,0.4004
meta,6,dev_0581,no,NO,no,no,Correct,0.4009
meta,6,dev_0631,no,I don't know,i,idk,IDK,0.4005
meta,6,dev_0691,no,NO,no,no,Correct,0.4029
meta,6,dev_0783,no,YES,yes,yes,Incorrect,0.4002
meta,6,dev_0787,no,YES,yes,yes,Incorrect,0.4007
meta,6,dev_0825,no,I don't know.,i,idk,IDK,0.4008
meta,6,dev_0885,no,I don't know,i,idk,IDK,0.401
meta,6,dev_0089,yes,I don't know.,i,idk,IDK,0.3991
meta,6,dev_0095,yes,I don't know.,i,idk,IDK,0.4006
meta,6,dev_0211,yes,I don't know,i,idk,IDK,0.4006
meta,6,dev_0238,yes,I don't know.,i,idk,IDK,0.3998
meta,6,dev_0252,yes,I don't know,i,idk,IDK,0.405
meta,6,dev_0256,yes,I don't know,i,idk,IDK,0.4004
meta,6,dev_0266,yes,I don't know,i,idk,IDK,0.4044
meta,6,dev_0310,yes,I don't know,i,idk,IDK,0.4004
meta,6,dev_0359,yes,I don't know,i,idk,IDK,0.4013
meta,6,dev_0422,yes,I don't know.,i,idk,IDK,0.1696
meta,6,dev_0040,no,I don't know,i,idk,IDK,0.4012
meta,6,dev_0080,no,I don't know,i,idk,IDK,0.4003
meta,6,dev_0100,no,I don't know,i,idk,IDK,0.4044
meta,6,dev_0240,no,I don't know,i,idk,IDK,0.4113
meta,6,dev_0247,no,I don't know,i,idk,IDK,0.4146
meta,6,dev_0260,no,I don't know,i,idk,IDK,0.3992
meta,6,dev_0277,no,I don't know.,i,idk,IDK,0.3998
meta,6,dev_0290,no,I don't know,i,idk,IDK,0.4008
meta,6,dev_0303,no,I don't know,i,idk,IDK,0.4038
meta,6,dev_0231,yes,NO,no,no,Incorrect,0.4076
meta,6,dev_0401,yes,YES,yes,yes,Correct,0.4015
meta,6,dev_0420,yes,NO,no,no,Incorrect,0.4004
meta,6,dev_0571,yes,NO,no,no,Incorrect,0.4199
meta,6,dev_0583,yes,YES,yes,yes,Correct,0.4039
meta,6,dev_0765,yes,YES,yes,yes,Correct,0.4013
meta,6,dev_0778,yes,YES,yes,yes,Correct,0.4014
meta,6,dev_0815,yes,I don't know.,i,idk,IDK,0.4012
meta,6,dev_0073,no,I don't know,i,idk,IDK,0.4025
meta,6,dev_0491,no,I don't know.,i,idk,IDK,0.4021
meta,6,dev_0615,no,NO,no,no,Correct,0.404
meta,6,dev_0868,no,I don't know,i,idk,IDK,0.4026
meta,6,dev_0880,no,NO,no,no,Correct,0.4005
meta,6,dev_0953,no,NO,no,no,Correct,0.3999
meta,6,dev_0985,no,YES,yes,yes,Incorrect,0.4005
meta,6,dev_0136,yes,YES,yes,yes,Correct,0.4006
meta,6,dev_0367,yes,I don't know,i,idk,IDK,0.4005
meta,6,dev_0618,yes,NO,no,no,Incorrect,0.4008
meta,6,dev_0720,yes,I don't know,i,idk,IDK,0.4001
meta,6,dev_0770,yes,NO,no,no,Incorrect,0.4214
meta,6,dev_0835,yes,NO,no,no,Incorrect,0.401
meta,6,dev_0896,yes,I don't know,i,idk,IDK,0.401
meta,6,dev_0434,no,I don't know,i,idk,IDK,0.4041
meta,6,dev_0489,no,YES,yes,yes,Incorrect,0.4004
meta,6,dev_0852,no,I don't know,i,idk,IDK,0.4018
meta,6,dev_0870,no,I don't know.,i,idk,IDK,0.3996
meta,6,dev_1148,no,I don't know,i,idk,IDK,0.4004
meta,6,dev_2595,no,NO,no,no,Correct,0.4033
meta,6,dev_0281,yes,I don't know,i,idk,IDK,0.4011
meta,6,dev_0528,yes,I don't know.,i,idk,IDK,0.4011
meta,6,dev_0547,yes,I don't know.,i,idk,IDK,0.4015
meta,6,dev_0623,yes,NO,no,no,Incorrect,0.4
meta,6,dev_0626,yes,NO,no,no,Incorrect,0.3966
meta,6,dev_0686,yes,NO,no,no,Incorrect,0.3993
meta,6,dev_0822,yes,YES,yes,yes,Correct,0.3964
meta,6,dev_1210,yes,I don't know.,i,idk,IDK,0.3962
meta,6,dev_0374,no,NO,no,no,Correct,0.3962
meta,6,dev_0900,no,YES,yes,yes,Incorrect,0.3964
meta,6,dev_0913,no,I don't know,i,idk,IDK,0.3958
meta,6,dev_1234,no,I don't know,i,idk,IDK,0.3961
meta,6,dev_1360,no,I don't know.,i,idk,IDK,0.1686
meta,6,dev_1544,no,NO,no,no,Correct,0.3964
meta,6,dev_1588,no,NO,no,no,Correct,0.3964
meta,6,dev_0344,yes,I don't know,i,idk,IDK,0.3975
meta,6,dev_0379,yes,I don't know.,i,idk,IDK,0.3978
meta,6,dev_0474,yes,I don't know,i,idk,IDK,0.4064
meta,6,dev_0614,yes,I don't know,i,idk,IDK,0.4037
meta,6,dev_0655,yes,I don't know,i,idk,IDK,0.3999
meta,6,dev_1195,yes,I don't know,i,idk,IDK,0.3998
meta,6,dev_1197,yes,NO,no,no,Incorrect,0.4009
meta,6,dev_1313,yes,YES,yes,yes,Correct,0.4005
meta,6,dev_1564,yes,YES,yes,yes,Correct,0.4002
meta,6,dev_0078,no,I don't know,i,idk,IDK,0.3991
meta,6,dev_0166,no,I don't know,i,idk,IDK,0.3991
meta,6,dev_0851,no,YES,yes,yes,Incorrect,0.4001
meta,6,dev_0861,no,YES,yes,yes,Incorrect,0.3998
meta,6,dev_0872,no,I don't know,i,idk,IDK,0.4003
meta,6,dev_1554,no,I don't know,i,idk,IDK,0.3998
meta,6,dev_1719,no,I don't know,i,idk,IDK,0.4005
meta,6,dev_1991,no,I don't know,i,idk,IDK,0.4006
meta,6,dev_2115,no,I don't know,i,idk,IDK,0.4014
meta,6,dev_0105,yes,YES,yes,yes,Correct,0.4003
meta,6,dev_0125,yes,I don't know,i,idk,IDK,0.401
meta,6,dev_0191,yes,I don't know,i,idk,IDK,0.4005
meta,6,dev_1292,yes,I don't know.,i,idk,IDK,0.4008
meta,6,dev_1338,yes,NO,no,no,Incorrect,0.402
meta,6,dev_0388,no,YES,yes,yes,Incorrect,0.4012
meta,6,dev_0703,no,I don't know,i,idk,IDK,0.4005
meta,6,dev_0833,no,I don't know,i,idk,IDK,0.4
meta,6,dev_0874,no,I don't know,i,idk,IDK,0.3994
meta,6,dev_1651,no,I don't know,i,idk,IDK,0.4008
meta,6,dev_0072,yes,I don't know,i,idk,IDK,0.3999
meta,6,dev_0258,yes,I don't know.,i,idk,IDK,0.4006
meta,6,dev_0286,yes,YES,yes,yes,Correct,0.4011
meta,6,dev_0348,yes,I don't know,i,idk,IDK,0.4002
meta,6,dev_0467,yes,YES,yes,yes,Correct,0.3999
meta,6,dev_0515,yes,I don't know. The ability to put a restraining order on a landlord depends,i,idk,IDK,0.4082
meta,6,dev_0562,yes,I don't know,i,idk,IDK,0.4008
meta,6,dev_0636,yes,NO,no,no,Incorrect,0.4014
meta,6,dev_0740,yes,I don't know,i,idk,IDK,0.4044
meta,6,dev_0838,yes,NO,no,no,Incorrect,0.3999
meta,6,dev_0864,yes,I don't know,i,idk,IDK,0.3997
meta,6,dev_0873,yes,I don't know,i,idk,IDK,0.3997
meta,6,dev_0901,yes,I don't know.,i,idk,IDK,0.3997
meta,6,dev_0909,yes,I don't know.,i,idk,IDK,0.4007
meta,6,dev_1134,yes,NO,no,no,Incorrect,0.4006
meta,6,dev_0198,no,I don't know.,i,idk,IDK,0.3999
meta,6,dev_0215,no,I don't know,i,idk,IDK,0.4026
meta,6,dev_0223,no,I don't know.,i,idk,IDK,0.4008
meta,6,dev_0234,no,"I don't know. The legality of sexual activity between minors varies by jurisdiction, and",i,idk,IDK,0.4027
meta,6,dev_0272,no,NO,no,no,Correct,0.4008
meta,6,dev_0453,no,I don't know.,i,idk,IDK,0.4021
meta,6,dev_0499,no,I don't know,i,idk,IDK,0.3994
meta,6,dev_0552,no,I don't know,i,idk,IDK,0.4011
meta,6,dev_0680,no,I don't know,i,idk,IDK,0.4137
meta,6,dev_0738,no,NO,no,no,Correct,0.4013
meta,6,dev_0771,no,I don't know,i,idk,IDK,0.3994
meta,6,dev_0888,no,YES,yes,yes,Incorrect,0.4006
meta,6,dev_1135,no,NO,no,no,Correct,0.4014
meta,6,dev_1188,no,I don't know.,i,idk,IDK,0.4159
meta,6,dev_0339,yes,I don't know,i,idk,IDK,0.4006
meta,6,dev_0357,yes,I don't know,i,idk,IDK,0.4025
meta,6,dev_0498,yes,I don't know,i,idk,IDK,0.4009
meta,6,dev_0620,yes,YES,yes,yes,Correct,0.4024
meta,6,dev_0878,yes,I don't know.,i,idk,IDK,0.401
meta,6,dev_1864,yes,NO,no,no,Incorrect,0.4013
meta,6,dev_2080,yes,NO,no,no,Incorrect,0.3998
meta,6,dev_2395,yes,YES,yes,yes,Correct,0.4004
meta,6,dev_2639,yes,NO,no,no,Incorrect,0.3996
meta,6,dev_3155,yes,I don't know.,i,idk,IDK,0.4006
meta,6,dev_3209,yes,I don't know.,i,idk,IDK,0.1695
meta,6,dev_0209,no,NO,no,no,Correct,0.4002
meta,6,dev_0273,no,I don't know.,i,idk,IDK,0.3999
meta,6,dev_0404,no,NO,no,no,Correct,0.4012
meta,6,dev_0567,no,NO,no,no,Correct,0.3998
meta,6,dev_0675,no,YES,yes,yes,Incorrect,0.3993
meta,6,dev_1172,no,NO,no,no,Correct,0.3993
meta,6,dev_1275,no,I don't know.,i,idk,IDK,0.4004
meta,6,dev_1971,no,NO,no,no,Correct,0.3984
meta,6,dev_2001,no,NO,no,no,Correct,0.4022
meta,6,dev_3004,no,YES,yes,yes,Incorrect,0.3997
meta,6,dev_3256,no,I don't know.,i,idk,IDK,0.4017
meta,6,dev_1132,yes,YES,yes,yes,Correct,0.4
meta,6,dev_1233,yes,NO,no,no,Incorrect,0.3998
meta,6,dev_1511,yes,I don't know,i,idk,IDK,0.3988
meta,6,dev_1633,yes,NO,no,no,Incorrect,0.3997
meta,6,dev_2007,yes,YES,yes,yes,Correct,0.3992
meta,6,dev_2214,yes,I don't know,i,idk,IDK,0.4007
meta,6,dev_2239,yes,I don't know,i,idk,IDK,0.3995
meta,6,dev_2299,yes,YES,yes,yes,Correct,0.4001
meta,6,dev_2303,yes,YES,yes,yes,Correct,0.4
meta,6,dev_2477,yes,I don't know,i,idk,IDK,0.4006
meta,6,dev_2993,yes,I don't know,i,idk,IDK,0.401
meta,6,dev_3126,yes,YES,yes,yes,Correct,0.3999
meta,6,dev_3188,yes,YES,yes,yes,Correct,0.4074
meta,6,dev_3193,yes,I don't know,i,idk,IDK,0.4012
meta,6,dev_3234,yes,YES,yes,yes,Correct,0.4149
meta,6,dev_3265,yes,I don't know,i,idk,IDK,0.4005
meta,6,dev_0001,no,I don't know,i,idk,IDK,0.4019
meta,6,dev_0579,no,I don't know.,i,idk,IDK,0.4004
meta,6,dev_1003,no,YES,yes,yes,Incorrect,0.414
meta,6,dev_1483,no,NO,no,no,Correct,0.3997
meta,6,dev_1551,no,YES,yes,yes,Incorrect,0.4011
meta,6,dev_1702,no,YES,yes,yes,Incorrect,0.3996
meta,6,dev_1925,no,I don't know,i,idk,IDK,0.4005
meta,6,dev_2025,no,NO,no,no,Correct,0.4019
meta,6,dev_2312,no,NO,no,no,Correct,0.4018
meta,6,dev_2471,no,YES,yes,yes,Incorrect,0.4125
meta,6,dev_2521,no,NO,no,no,Correct,0.4022
meta,6,dev_2782,no,YES,yes,yes,Incorrect,0.4034
meta,6,dev_2812,no,I don't know.,i,idk,IDK,0.3992
meta,6,dev_3014,no,I don't know,i,idk,IDK,0.4006
meta,6,dev_3034,no,NO,no,no,Correct,0.4005
meta,6,dev_3159,no,I don't know,i,idk,IDK,0.4011
meta,6,dev_3190,no,NO,no,no,Correct,0.4002
meta,6,dev_0682,yes,YES,yes,yes,Correct,0.4013
meta,6,dev_0735,yes,YES,yes,yes,Correct,0.4002
meta,6,dev_1505,yes,I don't know,i,idk,IDK,0.4003
meta,6,dev_1668,yes,I don't know.,i,idk,IDK,0.4004
meta,6,dev_2373,yes,I don't know,i,idk,IDK,0.3998
meta,6,dev_2793,yes,NO,no,no,Incorrect,0.4002
meta,6,dev_2929,yes,I don't know,i,idk,IDK,0.4199
meta,6,dev_0605,no,NO,no,no,Correct,0.4127
meta,6,dev_0908,no,I don't know,i,idk,IDK,0.4006
meta,6,dev_1388,no,NO,no,no,Correct,0.4026
meta,6,dev_1521,no,I don't know,i,idk,IDK,0.4
meta,6,dev_2334,no,I don't know,i,idk,IDK,0.4032
meta,6,dev_2641,no,I don't know,i,idk,IDK,0.3997
meta,6,dev_0347,yes,I don't know,i,idk,IDK,0.4007
meta,6,dev_0411,yes,I don't know.,i,idk,IDK,0.3993
meta,6,dev_0439,yes,YES,yes,yes,Correct,0.4003
meta,6,dev_0452,yes,NO,no,no,Incorrect,0.401
meta,6,dev_0585,yes,I don't know.,i,idk,IDK,0.4016
meta,6,dev_0656,yes,NO,no,no,Incorrect,0.3997
meta,6,dev_0661,yes,YES,yes,yes,Correct,0.4012
meta,6,dev_0701,yes,YES,yes,yes,Correct,0.4049
meta,6,dev_0704,yes,YES,yes,yes,Correct,0.4011
meta,6,dev_0752,yes,NO,no,no,Incorrect,0.4004
meta,6,dev_0848,yes,NO,no,no,Incorrect,0.413
meta,6,dev_0883,yes,YES,yes,yes,Correct,0.3992
meta,6,dev_1143,yes,YES,yes,yes,Correct,0.4175
meta,6,dev_1305,yes,I don't know,i,idk,IDK,0.4041
meta,6,dev_1497,yes,I don't know,i,idk,IDK,0.3998
meta,6,dev_1777,yes,I don't know,i,idk,IDK,0.4006
meta,6,dev_2250,yes,NO,no,no,Incorrect,0.4005
meta,6,dev_2370,yes,I don't know.,i,idk,IDK,0.3961
meta,6,dev_0083,no,YES,yes,yes,Incorrect,0.3962
meta,6,dev_0085,no,NO,no,no,Correct,0.396
meta,6,dev_0170,no,NO,no,no,Correct,0.3958
meta,6,dev_0230,no,I don't know,i,idk,IDK,0.3955
meta,6,dev_0412,no,I don't know,i,idk,IDK,0.3956
meta,6,dev_0421,no,NO,no,no,Correct,0.3956
meta,6,dev_0447,no,NO,no,no,Correct,0.3976
meta,6,dev_0544,no,I don't know.,i,idk,IDK,0.3964
meta,6,dev_0565,no,YES,yes,yes,Incorrect,0.3962
meta,6,dev_0589,no,I don't know.,i,idk,IDK,0.396
meta,6,dev_0593,no,YES,yes,yes,Incorrect,0.3964
meta,6,dev_0859,no,NO,no,no,Correct,0.3957
meta,6,dev_0865,no,NO,no,no,Correct,0.3963
meta,6,dev_1518,no,NO,no,no,Correct,0.4004
meta,6,dev_1768,no,I don't know,i,idk,IDK,0.4011
meta,6,dev_1779,no,NO,no,no,Correct,0.3998
meta,6,dev_1905,no,NO,no,no,Correct,0.4002
meta,6,dev_2156,no,YES,yes,yes,Incorrect,0.4006
meta,6,dev_2158,no,NO,no,no,Correct,0.4013
meta,6,dev_2798,no,YES,yes,yes,Incorrect,0.4018
meta,6,dev_3138,no,YES,yes,yes,Incorrect,0.4014
meta,6,dev_0307,yes,I don't know,i,idk,IDK,0.4004
meta,6,dev_0506,yes,YES,yes,yes,Correct,0.4006
meta,6,dev_0641,yes,I don't know,i,idk,IDK,0.4001
meta,6,dev_0844,yes,I don't know.,i,idk,IDK,0.4057
meta,6,dev_1032,yes,I don't know,i,idk,IDK,0.4009
meta,6,dev_1574,yes,I don't know.,i,idk,IDK,0.4007
meta,6,dev_1889,yes,I don't know,i,idk,IDK,0.3994
meta,6,dev_2093,yes,YES,yes,yes,Correct,0.4012
meta,6,dev_2213,yes,NO,no,no,Incorrect,0.4172
meta,6,dev_2735,yes,NO,no,no,Incorrect,0.4013
meta,6,dev_2836,yes,I don't know,i,idk,IDK,0.401
meta,6,dev_0788,no,NO,no,no,Correct,0.4005
meta,6,dev_0798,no,NO,no,no,Correct,0.4004
meta,6,dev_1249,no,YES,yes,yes,Incorrect,0.4018
meta,6,dev_1458,no,I don't know.,i,idk,IDK,0.4013
meta,6,dev_1584,no,I don't know.,i,idk,IDK,0.4011
meta,6,dev_1589,no,NO,no,no,Correct,0.401
meta,6,dev_1657,no,NO,no,no,Correct,0.4006
meta,6,dev_1691,no,I don't know,i,idk,IDK,0.3998
meta,6,dev_1943,no,YES,yes,yes,Incorrect,0.4013
meta,6,dev_2682,no,YES,yes,yes,Incorrect,0.4013
meta,6,dev_2712,no,I don't know,i,idk,IDK,0.401
meta,6,dev_0427,no,NO,no,no,Correct,0.4003
meta,6,dev_0531,no,I don't know,i,idk,IDK,0.4117
meta,6,dev_1915,no,I don't know,i,idk,IDK,0.402
meta,6,dev_1946,no,NO,no,no,Correct,0.4022
meta,6,dev_2024,no,YES,yes,yes,Incorrect,0.4014
meta,6,dev_2265,no,NO,no,no,Correct,0.4008
meta,6,dev_0004,yes,I don't know,i,idk,IDK,0.402
meta,6,dev_0241,yes,I don't know,i,idk,IDK,0.4004
meta,6,dev_0326,yes,NO,no,no,Incorrect,0.4016
meta,6,dev_0525,yes,I don't know.,i,idk,IDK,0.4005
meta,6,dev_0577,yes,I don't know,i,idk,IDK,0.414
meta,6,dev_0799,yes,I don't know,i,idk,IDK,0.3986
meta,6,dev_0142,no,NO,no,no,Correct,0.4015
meta,6,dev_0494,no,I don't know,i,idk,IDK,0.3992
meta,6,dev_0527,no,YES,yes,yes,Incorrect,0.4161
meta,6,dev_0566,no,I don't know,i,idk,IDK,0.3987
meta,6,dev_0648,no,NO,no,no,Correct,0.4015
meta,6,dev_0668,no,NO,no,no,Correct,0.4003
meta,6,dev_0749,no,NO,no,no,Correct,0.4009
meta,6,dev_0790,no,NO,no,no,Correct,0.3989
meta,6,dev_0867,no,I don't know,i,idk,IDK,0.4019
meta,6,dev_0921,no,YES,yes,yes,Incorrect,0.4034
meta,6,dev_1088,no,I don't know,i,idk,IDK,0.4077
meta,6,dev_1329,no,YES,yes,yes,Incorrect,0.402
meta,6,dev_1402,no,NO,no,no,Correct,0.4132
meta,6,dev_1428,no,NO,no,no,Correct,0.4
meta,6,dev_1439,no,NO,no,no,Correct,0.4
meta,6,dev_0020,yes,YES,yes,yes,Correct,0.4001
meta,6,dev_0027,yes,YES,yes,yes,Correct,0.3998
meta,6,dev_0047,yes,YES,yes,yes,Correct,0.3996
meta,6,dev_0070,yes,YES,yes,yes,Correct,0.4008
meta,6,dev_0086,yes,YES,yes,yes,Correct,0.3997
meta,6,dev_0121,yes,YES,yes,yes,Correct,0.4001
meta,6,dev_0131,yes,YES,yes,yes,Correct,0.4019
meta,6,dev_0147,yes,YES,yes,yes,Correct,0.4012
meta,6,dev_0159,yes,NO,no,no,Incorrect,0.402
meta,6,dev_0190,yes,YES,yes,yes,Correct,0.4005
meta,6,dev_0195,yes,YES,yes,yes,Correct,0.4016
meta,6,dev_0200,yes,YES,yes,yes,Correct,0.3999
meta,6,dev_0214,yes,YES,yes,yes,Correct,0.4195
meta,6,dev_0242,yes,YES,yes,yes,Correct,0.3998
meta,6,dev_0522,yes,YES,yes,yes,Correct,0.4
meta,6,dev_0033,no,NO,no,no,Correct,0.4003
meta,6,dev_0123,no,NO,no,no,Correct,0.403
meta,6,dev_0501,no,NO,no,no,Correct,0.4013
meta,6,dev_0526,no,NO,no,no,Correct,0.4019
meta,6,dev_1076,no,I don't know,i,idk,IDK,0.4013
meta,6,dev_1213,no,NO,no,no,Correct,0.4019
meta,6,dev_1654,no,I don't know,i,idk,IDK,0.4012
meta,6,dev_1753,no,YES,yes,yes,Incorrect,0.4018
meta,6,dev_1825,no,NO,no,no,Correct,0.4012
meta,6,dev_2911,no,NO,no,no,Correct,0.4015
meta,6,dev_2740,no,NO,no,no,Correct,0.4027
meta,6,dev_2517,no,NO,no,no,Correct,0.402
meta,6,dev_1139,yes,YES,yes,yes,Correct,0.4033
meta,6,dev_0002,yes,YES,yes,yes,Correct,0.4026
meta,6,dev_0773,yes,YES,yes,yes,Correct,0.4022
meta,6,dev_1186,yes,YES,yes,yes,Correct,0.4023
meta,6,dev_1302,yes,YES,yes,yes,Correct,0.4031
meta,6,dev_1349,yes,YES,yes,yes,Correct,0.4018
meta,6,dev_1771,yes,YES,yes,yes,Correct,0.4022
meta,6,dev_1804,yes,YES,yes,yes,Correct,0.4011
meta,6,dev_1873,yes,I don't know,i,idk,IDK,0.4011
meta,6,dev_1963,yes,YES,yes,yes,Correct,0.4014
meta,6,dev_2582,yes,YES,yes,yes,Correct,0.4005
meta,6,dev_2598,yes,NO,no,no,Incorrect,0.4147
meta,6,dev_3158,yes,I don't know,i,idk,IDK,0.4198
meta,6,dev_0551,no,YES,yes,yes,Incorrect,0.4219
meta,6,dev_1158,no,NO,no,no,Correct,0.4017
meta,6,dev_1364,no,NO,no,no,Correct,0.4013
meta,6,dev_1807,no,NO,no,no,Correct,0.4014
meta,6,dev_2542,no,NO,no,no,Correct,0.4014
meta,6,dev_2562,no,NO,no,no,Correct,0.4107
meta,6,dev_3005,no,NO,no,no,Correct,0.401
meta,6,dev_3194,no,NO,no,no,Correct,0.403
meta,6,dev_3195,no,YES,yes,yes,Incorrect,0.4021
meta,6,dev_0013,yes,I don't know.,i,idk,IDK,0.4088
meta,6,dev_0043,yes,YES,yes,yes,Correct,0.4006
meta,6,dev_0052,yes,YES,yes,yes,Correct,0.4019
meta,6,dev_0091,yes,YES,yes,yes,Correct,0.4027
meta,6,dev_0116,yes,YES,yes,yes,Correct,0.403
meta,6,dev_0288,yes,YES,yes,yes,Correct,0.4021
meta,6,dev_0555,yes,YES,yes,yes,Correct,0.403
meta,6,dev_0627,yes,I don't know,i,idk,IDK,0.4014
meta,6,dev_0831,yes,YES,yes,yes,Correct,0.4022
meta,6,dev_0721,no,I don't know,i,idk,IDK,0.4087
meta,6,dev_0863,no,NO,no,no,Correct,0.4022
meta,6,dev_1357,no,NO,no,no,Correct,0.402
meta,6,dev_1951,no,I don't know,i,idk,IDK,0.4117
meta,6,dev_2131,no,NO,no,no,Correct,0.4014
meta,6,dev_2174,no,NO,no,no,Correct,0.4075
meta,6,dev_2252,no,I don't know,i,idk,IDK,0.4011
meta,6,dev_2309,no,I don't know,i,idk,IDK,0.4015
meta,6,dev_2364,no,I don't know,i,idk,IDK,0.4012
meta,6,dev_3075,no,NO,no,no,Correct,0.4014
meta,6,dev_3205,no,NO,no,no,Correct,0.4025
meta,6,dev_0015,yes,NO,no,no,Incorrect,0.4016
meta,6,dev_0153,yes,YES,yes,yes,Correct,0.4016
meta,6,dev_0161,yes,NO,no,no,Incorrect,0.4027
meta,6,dev_0306,yes,YES,yes,yes,Correct,0.4019
meta,6,dev_0334,yes,NO,no,no,Incorrect,0.4225
meta,6,dev_0338,yes,YES,yes,yes,Correct,0.4008
meta,6,dev_0493,yes,I don't know,i,idk,IDK,0.4012
meta,6,dev_0520,yes,YES,yes,yes,Correct,0.4015
meta,6,dev_0212,no,YES,yes,yes,Incorrect,0.4093
meta,6,dev_0309,no,NO,no,no,Correct,0.4019
meta,6,dev_0484,no,NO,no,no,Correct,0.4073
meta,6,dev_0654,no,NO,no,no,Correct,0.4013
meta,6,dev_0973,no,NO,no,no,Correct,0.4096
meta,6,dev_1335,no,NO,no,no,Correct,0.4024
meta,6,dev_1443,no,NO,no,no,Correct,0.4026
meta,6,dev_0284,yes,YES,yes,yes,Correct,0.4073
meta,6,dev_0330,yes,YES,yes,yes,Correct,0.4023
meta,6,dev_0443,yes,YES,yes,yes,Correct,0.4089
meta,6,dev_0975,yes,YES,yes,yes,Correct,0.4114
meta,6,dev_1741,yes,YES,yes,yes,Correct,0.4005
meta,6,dev_1770,yes,NO,no,no,Incorrect,0.4006
meta,6,dev_1860,no,NO,no,no,Correct,0.4007
meta,6,dev_1967,yes,YES,yes,yes,Correct,0.4019
meta,6,dev_0236,no,NO,no,no,Correct,0.4015
meta,6,dev_0741,no,I don't know,i,idk,IDK,0.4012
meta,6,dev_1440,no,NO,no,no,Correct,0.4026
meta,6,dev_2062,no,NO,no,no,Correct,0.4048
meta,6,dev_2109,no,I don't know,i,idk,IDK,0.4019
meta,6,dev_2137,no,I don't know,i,idk,IDK,0.4012
meta,6,dev_0478,yes,YES,yes,yes,Correct,0.4008
meta,6,dev_0545,yes,YES,yes,yes,Correct,0.4017
meta,6,dev_1125,yes,NO,no,no,Incorrect,0.4014
meta,6,dev_1137,yes,I don't know,i,idk,IDK,0.4021
meta,6,dev_1162,yes,YES,yes,yes,Correct,0.4017
meta,6,dev_1177,yes,YES,yes,yes,Correct,0.4022
meta,6,dev_1444,yes,YES,yes,yes,Correct,0.4025
meta,6,dev_0313,no,NO,no,no,Correct,0.4005
meta,6,dev_0823,no,I don't know,i,idk,IDK,0.4019
meta,6,dev_0839,no,NO,no,no,Correct,0.4007
meta,6,dev_1222,no,NO,no,no,Correct,0.4016
meta,6,dev_1254,no,NO,no,no,Correct,0.4024
meta,6,dev_1269,no,NO,no,no,Correct,0.4028
meta,6,dev_1334,no,NO,no,no,Correct,0.4024
meta,6,dev_0184,yes,I don't know,i,idk,IDK,0.4033
meta,6,dev_0322,yes,NO,no,no,Incorrect,0.4036
meta,6,dev_0557,yes,NO,no,no,Incorrect,0.4097
meta,6,dev_0573,yes,YES,yes,yes,Correct,0.4029
meta,6,dev_1179,yes,NO,no,no,Incorrect,0.4029
meta,6,dev_0619,yes,NO,no,no,Incorrect,0.4034
meta,6,dev_0650,yes,YES,yes,yes,Correct,0.4016
meta,6,dev_0734,yes,YES,yes,yes,Correct,0.4039
meta,6,dev_0061,no,I don't know,i,idk,IDK,0.4067
meta,6,dev_0124,no,NO,no,no,Correct,0.4037
meta,6,dev_0914,no,NO,no,no,Correct,0.4039
meta,6,dev_0955,no,NO,no,no,Correct,0.4021
meta,6,dev_1610,no,I don't know,i,idk,IDK,0.4012
meta,6,dev_1790,no,NO,no,no,Correct,0.4046
meta,6,dev_2096,no,NO,no,no,Correct,0.402
meta,6,dev_2277,no,I don't know,i,idk,IDK,0.4014
meta,6,dev_2499,no,NO,no,no,Correct,0.4016
meta,6,dev_1959,yes,YES,yes,yes,Correct,0.4032
meta,6,dev_1992,yes,NO,no,no,Incorrect,0.4016
meta,6,dev_2047,yes,YES,yes,yes,Correct,0.4045
meta,6,dev_1656,yes,I don't know.,i,idk,IDK,0.4029
meta,6,dev_1663,yes,YES,yes,yes,Correct,0.4006
meta,6,dev_1752,yes,I don't know,i,idk,IDK,0.4154
meta,6,dev_2049,yes,YES,yes,yes,Correct,0.4021
meta,6,dev_2050,yes,YES,yes,yes,Correct,0.4015
meta,6,dev_1442,yes,YES,yes,yes,Correct,0.402
meta,6,dev_0301,no,NO,no,no,Correct,0.4017
meta,6,dev_0480,no,NO,no,no,Correct,0.403
meta,6,dev_1290,no,NO,no,no,Correct,0.4013
meta,6,dev_1819,no,NO,no,no,Correct,0.4018
meta,6,dev_2206,no,NO,no,no,Correct,0.4011
meta,6,dev_0376,yes,YES,yes,yes,Correct,0.4014
meta,6,dev_0346,yes,YES,yes,yes,Correct,0.4018
meta,6,dev_0363,yes,YES,yes,yes,Correct,0.4013
meta,6,dev_0535,yes,NO,no,no,Incorrect,0.402
meta,6,dev_0629,yes,YES,yes,yes,Correct,0.4009
meta,6,dev_0179,no,NO,no,no,Correct,0.4001
meta,6,dev_0402,no,I don't know,i,idk,IDK,0.402
meta,6,dev_0513,no,I don't know,i,idk,IDK,0.4009
meta,6,dev_0606,no,NO,no,no,Correct,0.4018
meta,6,dev_0630,no,I don't know,i,idk,IDK,0.4107
meta,6,dev_0795,no,I don't know,i,idk,IDK,0.4021
meta,6,dev_1457,no,NO,no,no,Correct,0.3999
meta,6,dev_1776,no,NO,no,no,Correct,0.4026
meta,6,dev_1862,no,I don't know,i,idk,IDK,0.4009
meta,6,dev_1911,no,I don't know,i,idk,IDK,0.4019
meta,6,dev_2755,no,NO,no,no,Correct,0.4029
meta,6,dev_2756,no,NO,no,no,Correct,0.4013
meta,6,dev_2921,no,NO,no,no,Correct,0.4031
meta,6,dev_2972,no,I don't know,i,idk,IDK,0.4008
meta,6,dev_0009,yes,YES,yes,yes,Correct,0.4018
meta,6,dev_0038,yes,I don't know,i,idk,IDK,0.4011
meta,6,dev_0129,yes,I don't know.,i,idk,IDK,0.4028
meta,6,dev_0202,yes,YES,yes,yes,Correct,0.408
meta,6,dev_0308,yes,YES,yes,yes,Correct,0.4061
meta,6,dev_0584,yes,YES,yes,yes,Correct,0.4059
meta,6,dev_0644,yes,YES,yes,yes,Correct,0.4005
meta,6,dev_0653,yes,YES,yes,yes,Correct,0.4029
meta,6,dev_0671,yes,YES,yes,yes,Correct,0.4132
meta,6,dev_0757,yes,YES,yes,yes,Correct,0.4005
meta,6,dev_1059,yes,YES,yes,yes,Correct,0.4027
meta,6,dev_1067,yes,YES,yes,yes,Correct,0.4015
meta,6,dev_1097,yes,YES,yes,yes,Correct,0.418
meta,6,dev_1131,yes,YES,yes,yes,Correct,0.402
meta,6,dev_1324,yes,I don't know.,i,idk,IDK,0.403
meta,6,dev_0305,no,I don't know,i,idk,IDK,0.4012
meta,6,dev_0465,no,NO,no,no,Correct,0.4031
meta,6,dev_0508,no,NO,no,no,Correct,0.4013
meta,6,dev_0518,no,NO,no,no,Correct,0.4033
meta,6,dev_0572,no,I don't know.,i,idk,IDK,0.4028
meta,6,dev_0898,no,NO,no,no,Correct,0.4024
meta,6,dev_1154,no,NO,no,no,Correct,0.4011
meta,6,dev_1221,no,I don't know,i,idk,IDK,0.4169
meta,6,dev_1244,no,NO,no,no,Correct,0.409
meta,6,dev_1245,no,NO,no,no,Correct,0.4022
meta,6,dev_1273,no,NO,no,no,Correct,0.4097
meta,6,dev_0647,yes,YES,yes,yes,Correct,0.4037
meta,6,dev_0254,yes,YES,yes,yes,Correct,0.4014
meta,6,dev_0486,yes,YES,yes,yes,Correct,0.41960000000000003
meta,6,dev_0736,yes,NO,no,no,Incorrect,0.4018
meta,6,dev_0814,yes,NO,no,no,Incorrect,0.403
meta,6,dev_1477,yes,YES,yes,yes,Correct,0.402
meta,6,dev_1721,yes,YES,yes,yes,Correct,0.4004
meta,6,dev_1786,yes,I don't know,i,idk,IDK,0.4027
meta,6,dev_1970,yes,YES,yes,yes,Correct,0.4031
meta,6,dev_1985,yes,YES,yes,yes,Correct,0.4061
meta,6,dev_2448,no,NO,no,no,Correct,0.42260000000000003
meta,6,dev_0066,yes,NO,no,no,Incorrect,0.4039
meta,6,dev_0088,yes,YES,yes,yes,Correct,0.4177
meta,6,dev_0196,yes,YES,yes,yes,Correct,0.4033
meta,6,dev_0262,yes,YES,yes,yes,Correct,0.402
meta,6,dev_0271,yes,YES,yes,yes,Correct,0.4021
meta,6,dev_0329,yes,NO,no,no,Incorrect,0.4019
meta,6,dev_0331,yes,YES,yes,yes,Correct,0.4024
meta,6,dev_0387,yes,YES,yes,yes,Correct,0.4027
meta,6,dev_0418,yes,I don't know.,i,idk,IDK,0.4016
meta,6,dev_0616,yes,YES,yes,yes,Correct,0.4017
meta,6,dev_0638,yes,YES,yes,yes,Correct,0.4006
meta,6,dev_0657,yes,YES,yes,yes,Correct,0.402
meta,6,dev_0692,yes,YES,yes,yes,Correct,0.4014
meta,6,dev_0744,yes,I don't know,i,idk,IDK,0.4147
meta,6,dev_0797,yes,NO,no,no,Incorrect,0.4013
meta,6,dev_0842,yes,NO,no,no,Incorrect,0.4159
meta,6,dev_1379,yes,YES,yes,yes,Correct,0.4017
meta,6,dev_0126,no,I don't know,i,idk,IDK,0.4021
meta,6,dev_0342,no,I don't know,i,idk,IDK,0.4017
meta,6,dev_0437,no,I don't know,i,idk,IDK,0.4003
meta,6,dev_0553,no,I don't know,i,idk,IDK,0.4005
meta,6,dev_0652,no,I don't know,i,idk,IDK,0.401
meta,6,dev_0708,no,NO,no,no,Correct,0.4029
meta,6,dev_1083,no,I don't know,i,idk,IDK,0.4002
meta,6,dev_1142,no,NO,no,no,Correct,0.4034
meta,6,dev_1354,no,'I don't know',i,idk,IDK,0.4004
meta,6,dev_1460,no,'I don't know',i,idk,IDK,0.4009
meta,6,dev_1468,no,NO,no,no,Correct,0.4015
meta,6,dev_1559,no,I don't know,i,idk,IDK,0.4015
meta,6,dev_1595,no,I don't know,i,idk,IDK,0.4014
meta,6,dev_1643,no,NO,no,no,Correct,0.4023
meta,6,dev_1692,no,NO,no,no,Correct,0.4023
meta,6,dev_1726,no,NO,no,no,Correct,0.412
meta,6,dev_0008,yes,YES,yes,yes,Correct,0.4013
meta,6,dev_0323,yes,YES,yes,yes,Correct,0.42119999999999996
meta,6,dev_0794,yes,YES,yes,yes,Correct,0.4159
meta,6,dev_0866,yes,YES,yes,yes,Correct,0.41969999999999996
meta,6,dev_0910,yes,YES,yes,yes,Correct,0.4011
meta,6,dev_0992,yes,I don't know.,i,idk,IDK,0.4026
meta,6,dev_1446,yes,YES,yes,yes,Correct,0.4003
meta,6,dev_0294,no,I don't know,i,idk,IDK,0.4015
meta,6,dev_0521,no,I don't know,i,idk,IDK,0.4002
meta,6,dev_0943,no,NO,no,no,Correct,0.4003
meta,6,dev_1887,no,NO,no,no,Correct,0.403
meta,6,dev_2892,no,I don't know,i,idk,IDK,0.4029
meta,6,dev_2691,no,NO,no,no,Correct,0.4137
meta,6,dev_0065,yes,YES,yes,yes,Correct,0.4015
meta,6,dev_0245,yes,YES,yes,yes,Correct,0.4032
meta,6,dev_0315,yes,YES,yes,yes,Correct,0.4011
meta,6,dev_0361,yes,I don't know,i,idk,IDK,0.4026
meta,6,dev_0550,yes,YES,yes,yes,Correct,0.4014
meta,6,dev_0595,yes,I don't know,i,idk,IDK,0.4022
meta,6,dev_0966,yes,YES,yes,yes,Correct,0.4083
meta,6,dev_1078,yes,YES,yes,yes,Correct,0.4014
meta,6,dev_1224,yes,I don't know.,i,idk,IDK,0.4026
meta,6,dev_1251,yes,YES,yes,yes,Correct,0.4014
meta,6,dev_1260,yes,I don't know.,i,idk,IDK,0.4208
meta,6,dev_1278,yes,YES,yes,yes,Correct,0.4033
meta,6,dev_1462,yes,YES,yes,yes,Correct,0.4077
meta,6,dev_1494,yes,NO,no,no,Incorrect,0.4019
meta,6,dev_1543,yes,YES,yes,yes,Correct,0.4021
meta,6,dev_2012,yes,YES,yes,yes,Correct,0.402
meta,6,dev_2118,yes,YES,yes,yes,Correct,0.4155
meta,6,dev_2272,yes,YES,yes,yes,Correct,0.4027
meta,6,dev_2338,yes,YES,yes,yes,Correct,0.4006
meta,6,dev_2498,yes,YES,yes,yes,Correct,0.4001
meta,6,dev_2509,yes,I don't know.,i,idk,IDK,0.4006
meta,6,dev_2917,yes,YES,yes,yes,Correct,0.4011
meta,6,dev_2966,yes,YES,yes,yes,Correct,0.4011
meta,6,dev_2974,yes,YES,yes,yes,Correct,0.406
meta,6,dev_3007,yes,YES,yes,yes,Correct,0.4021
meta,6,dev_3199,yes,YES,yes,yes,Correct,0.418
meta,6,dev_0222,no,NO,no,no,Correct,0.42119999999999996
meta,6,dev_0398,no,NO,no,no,Correct,0.4026
meta,6,dev_0426,no,NO,no,no,Correct,0.4186
meta,6,dev_0464,no,NO,no,no,Correct,0.4018
meta,6,dev_0563,no,NO,no,no,Correct,0.4015
meta,6,dev_0658,no,I don't know.,i,idk,IDK,0.4017
meta,6,dev_1366,no,I don't know,i,idk,IDK,0.401
meta,6,dev_1471,no,NO,no,no,Correct,0.4017
meta,6,dev_1558,no,NO,no,no,Correct,0.4022
meta,6,dev_1580,no,NO,no,no,Correct,0.4027
meta,6,dev_2401,no,YES,yes,yes,Incorrect,0.4023
meta,6,dev_2436,no,I don't know,i,idk,IDK,0.4018
meta,6,dev_3224,no,NO,no,no,Correct,0.4019
meta,6,dev_0022,yes,YES,yes,yes,Correct,0.4028
meta,6,dev_0132,yes,YES,yes,yes,Correct,0.4033
meta,6,dev_0268,yes,YES,yes,yes,Correct,0.4022
meta,6,dev_0646,yes,I don't know,i,idk,IDK,0.421
meta,6,dev_0697,yes,YES,yes,yes,Correct,0.4022
meta,6,dev_0935,yes,YES,yes,yes,Correct,0.4019
meta,6,dev_1159,yes,YES,yes,yes,Correct,0.4012
meta,6,dev_1376,yes,YES,yes,yes,Correct,0.4018
meta,6,dev_1646,yes,NO,no,no,Incorrect,0.4016
meta,6,dev_1869,yes,YES,yes,yes,Correct,0.42060000000000003
meta,6,dev_2397,yes,YES,yes,yes,Correct,0.4007
meta,6,dev_0512,no,NO,no,no,Correct,0.4039
meta,6,dev_1524,no,NO,no,no,Correct,0.4015
meta,6,dev_1675,no,I don't know,i,idk,IDK,0.4033
meta,6,dev_1723,no,NO,no,no,Correct,0.4083
meta,6,dev_2027,no,NO,no,no,Correct,0.4014
meta,6,dev_2104,no,I don't know,i,idk,IDK,0.4005
meta,6,dev_2262,no,NO,no,no,Correct,0.4033
meta,6,dev_2431,no,I don't know,i,idk,IDK,0.417
meta,6,dev_2524,no,YES,yes,yes,Incorrect,0.4013
meta,6,dev_3057,no,NO,no,no,Correct,0.3962
meta,6,dev_3167,no,NO,no,no,Correct,0.396
