scaffold,L,boolq_id,gold,reply,first_token,pred_label,acc_type,timing_s
semantic,6,dev_0023,yes,NO.,no,no,Incorrect,0.5219
semantic,6,dev_0039,no,"YES. Carbon and hydrogen can form a polar covalent bond, where the",yes,yes,Incorrect,0.5277000000000001
semantic,6,dev_0055,no,Yes. Wisconsin has had teams participate in the Little League World Series. In fact,yes,yes,Incorrect,0.5288999999999999
semantic,6,dev_0059,no,YES.  The Five Heartbeats is a real doo-wop group,yes,yes,Incorrect,0.529
semantic,6,dev_0068,no,NO,no,no,Correct,0.5197999999999999
semantic,6,dev_0087,yes,"NO. According to the myth, a frog placed in boiling water will jump out",no,no,Incorrect,0.5193
semantic,6,dev_0107,no,"YES. In Australia, gambling winnings are considered taxable income and must be reported on",yes,yes,Incorrect,0.5225
semantic,6,dev_0120,yes,,,other,NC,0.5018
semantic,6,dev_0138,no,NO,no,no,Correct,0.529
semantic,6,dev_0151,no,"NO. Numbers can look different in various languages, and even the same language can",no,no,Correct,0.5237
semantic,6,dev_0163,yes,,,other,NC,0.5122000000000001
semantic,6,dev_0165,no,NO,no,no,Correct,0.527
semantic,6,dev_0207,no,NO,no,no,Correct,0.5215
semantic,6,dev_0210,no,"NO. The Three Little Pigs is a fable, a type of short",no,no,Correct,0.5388999999999999
semantic,6,dev_0221,no,YES,yes,yes,Incorrect,0.5203
semantic,6,dev_0229,yes,YES,yes,yes,Correct,0.5257999999999999
semantic,6,dev_0237,no,"YES. While the terms are often used interchangeably, ""2-cycle"" is",yes,yes,Incorrect,0.5237
semantic,6,dev_0243,no,YES,yes,yes,Incorrect,0.5318999999999999
semantic,6,dev_0248,yes,"NO. Cheetahs are the fastest land animal on Earth, with the",no,no,Incorrect,0.5265
semantic,6,dev_0249,yes,"NO. In most ant species, queens are the only fertile females, and they",no,no,Incorrect,0.5217999999999999
semantic,6,dev_0251,yes,"NO. Both sister chromatids have the full amount of DNA, they are identical",no,no,Incorrect,0.5195
semantic,6,dev_0257,yes,YES,yes,yes,Correct,0.5253
semantic,6,dev_0270,no,NO.,no,no,Correct,0.5287999999999999
semantic,6,dev_0287,yes,"YES. In American football, a player can call a fair catch on a kickoff",yes,yes,Correct,0.5234
semantic,6,dev_0295,no,"YES. While both terms are often used interchangeably, doves tend to be",yes,yes,Incorrect,0.5217
semantic,6,dev_0298,yes,,,other,NC,0.5036
semantic,6,dev_0312,no,,,other,NC,0.5069
semantic,6,dev_0316,yes,"NO. The internal intercostal muscles contract during expiration, which helps to decrease",no,no,Incorrect,0.5213
semantic,6,dev_0318,yes,YES. An Ace-2-3-4-5 is indeed a straight,yes,yes,Correct,0.5384
semantic,6,dev_0321,yes,Yes. A filibuster can be used to delay or block a Supreme Court nominee,yes,yes,Correct,0.5233
semantic,6,dev_0333,yes,,,other,NC,0.5201
semantic,6,dev_0336,no,,,other,NC,0.5041
semantic,6,dev_0343,yes,"NO. The President is not the only member of the executive branch, as the",no,no,Incorrect,0.5222
semantic,6,dev_0352,no,"YES. In soccer, it is possible to score a goal directly from a throw",yes,yes,Incorrect,0.5267999999999999
semantic,6,dev_0355,no,YES,yes,yes,Incorrect,0.5194
semantic,6,dev_0364,no,"YES. In cricket, a team must have a designated wicket-keeper in",yes,yes,Incorrect,0.5287000000000001
semantic,6,dev_0366,no,"YES. The diaphragm separates the abdominal cavity from the thoracic cavity,",yes,yes,Incorrect,0.5305
semantic,6,dev_0406,no,YES,yes,yes,Incorrect,0.5176000000000001
semantic,6,dev_0428,no,"NO.  While both are peroxide compounds, they have distinct structures and properties",no,no,Correct,0.5317999999999999
semantic,6,dev_0429,yes,"NO. While they both come from the flax plant, flax oil is",no,no,Incorrect,0.5207
semantic,6,dev_0430,yes,NO. The Banaue Rice Terraces are actually a UNESCO World Heritage Site,no,no,Incorrect,0.5247
semantic,6,dev_0436,no,,,other,NC,0.5175
semantic,6,dev_0441,no,,,other,NC,0.5023
semantic,6,dev_0442,yes,"YES. Lead dust can be absorbed through the eyes, particularly if it enters the",yes,yes,Correct,0.5262
semantic,6,dev_0479,no,YES. There are several breeds of miniature pigs that are recognized by pig registries,yes,yes,Incorrect,0.541
semantic,6,dev_0481,no,I don't know. (Note: There have been various proposals and discussions about,i,idk,IDK,0.5231
semantic,6,dev_0482,no,,,other,NC,0.5164
semantic,6,dev_0487,no,"NO. Banana trees are sterile, meaning they cannot produce viable seeds, and therefore",no,no,Correct,0.5237999999999999
semantic,6,dev_0504,yes,NO.,no,no,Incorrect,0.5253
semantic,6,dev_0509,no,YES. The AR-15 is a popular semi-automatic rifle used by the US,yes,yes,Incorrect,0.52
semantic,6,dev_0532,no,YES. Brain-computer interfaces (BCIs) allow people to control devices with,yes,yes,Incorrect,0.5237
semantic,6,dev_0534,no,YES. The National Guard is a reserve component of the US military that is typically,yes,yes,Incorrect,0.5244
semantic,6,dev_0536,yes,NO,no,no,Incorrect,0.5262
semantic,6,dev_0537,no,"YES. In the UK, you can receive a caution without being arrested, often",yes,yes,Incorrect,0.5305
semantic,6,dev_0546,yes,NO.,no,no,Incorrect,0.5205
semantic,6,dev_0560,no,NO. The University of Tampa does not have a football team. The university compet,no,no,Correct,0.5246000000000001
semantic,6,dev_0568,no,,,other,NC,0.5
semantic,6,dev_0569,no,,,other,NC,0.5026
semantic,6,dev_0588,yes,NO.  Boost Mobile and Virgin Mobile are both prepaid wireless carriers that operate on,no,no,Incorrect,0.5222
semantic,6,dev_0594,no,,,other,NC,0.5067
semantic,6,dev_0596,no,,,other,NC,0.5181
semantic,6,dev_0598,yes,,,other,NC,0.5133
semantic,6,dev_0612,yes,,,other,NC,1.8488
semantic,6,dev_0617,yes,,,other,NC,0.5109
semantic,6,dev_0662,yes,NO,no,no,Incorrect,0.5197999999999999
semantic,6,dev_0678,no,"NO. This practice is no longer recommended by pediatricians and child safety experts,",no,no,Correct,0.5257999999999999
semantic,6,dev_0696,no,,,other,NC,0.5121
semantic,6,dev_0711,yes,NO. Musician's Friend and Guitar Center are two separate companies in the musical,no,no,Incorrect,0.5326000000000001
semantic,6,dev_0718,yes,"YES.  According to the United States Census Bureau, as of 2020",yes,yes,Correct,0.5287000000000001
semantic,6,dev_0724,no,Yes.,yes,yes,Incorrect,0.5213
semantic,6,dev_0731,no,YES,yes,yes,Incorrect,0.5317000000000001
semantic,6,dev_0737,no,"NO. A Cornish game hen is a young chicken, typically harvested at",no,no,Correct,0.5206000000000001
semantic,6,dev_0754,yes,Yes. World at War is considered a precursor to the Black Ops series and is,yes,yes,Correct,0.5231
semantic,6,dev_0759,no,"YES. North and South Koreans speak the same language, known as Korean",yes,yes,Incorrect,0.5219
semantic,6,dev_0764,yes,,,other,NC,0.503
semantic,6,dev_0782,yes,NO. AC Milan and Inter Milan have their own separate stadiums: the San S,no,no,Incorrect,0.5304
semantic,6,dev_0817,no,,,other,NC,0.5017
semantic,6,dev_0829,no,"NO. The Battle of New Orleans took place on January 8, 181",no,no,Correct,0.533
semantic,6,dev_0832,no,"YES.  With some careful planning, it is possible to drive from North America",yes,yes,Incorrect,0.5306000000000001
semantic,6,dev_0837,yes,NO,no,no,Incorrect,0.5231
semantic,6,dev_0853,no,NO. Eagle Scout is the highest rank in the Boy Scouts of America (BS,no,no,Correct,0.5232
semantic,6,dev_0854,no,NO,no,no,Correct,0.5242
semantic,6,dev_0862,no,"NO. In chess, saying ""check"" is optional and not necessary. It",no,no,Correct,0.5264
semantic,6,dev_0871,yes,NO,no,no,Incorrect,0.5209
semantic,6,dev_0916,yes,NO  Would,no,no,Incorrect,0.5287999999999999
semantic,6,dev_0922,yes,NO. A passport card is valid for land and sea travel to and from Canada,no,no,Incorrect,0.5307000000000001
semantic,6,dev_0933,no,YES.,yes,yes,Incorrect,0.5273
semantic,6,dev_0934,yes,,,other,NC,0.5039
semantic,6,dev_0940,yes,NO. A passport card is a travel document that can be used for land and,no,no,Incorrect,0.5202
semantic,6,dev_0944,no,"YES. Greece and Rome coexisted, with ancient Greece flourishing from around",yes,yes,Incorrect,0.5256000000000001
semantic,6,dev_0952,yes,"NO. Merrill Lynch was acquired by Bank of America in 2008, but",no,no,Incorrect,0.5245
semantic,6,dev_0958,yes,,,other,NC,0.501
semantic,6,dev_0981,no,YES. Pyruvic acid and pyruvate are the same thing.,yes,yes,Incorrect,0.53
semantic,6,dev_0991,yes,"YES. In England, you need a TV license to watch or record live television",yes,yes,Correct,0.5245
semantic,6,dev_0994,yes,NO. White is typically not used as a green screen because it's difficult to,no,no,Incorrect,0.5316000000000001
semantic,6,dev_0996,no,YES. Radiator Springs is a fictional town on Route 66 in the movie,yes,yes,Incorrect,0.5225
semantic,6,dev_1006,no,NO. While literacy tests were a type of voting restriction that was historically used to,no,no,Correct,0.5288999999999999
semantic,6,dev_1011,no,"YES  (The World Cup trophy is officially called the FIFA World Cup Trophy,",yes,yes,Incorrect,0.5288999999999999
semantic,6,dev_1022,yes,NO.,no,no,Incorrect,0.5209
semantic,6,dev_1049,no,,,other,NC,0.504
semantic,6,dev_1062,yes,"NO. A wheel and axle is a different type of simple machine, it is",no,no,Incorrect,0.5246000000000001
semantic,6,dev_1075,yes,NO,no,no,Incorrect,0.5444
semantic,6,dev_1102,no,"YES (Sweating and perspiring are often used interchangeably, but technically",yes,yes,Incorrect,0.523
semantic,6,dev_1110,yes,"NO. There are actually two rounds in the NBA draft, but they are often",no,no,Incorrect,0.5234
semantic,6,dev_1112,no,NO. Nuclear power is a specific type of energy production that uses nuclear reactions to,no,no,Correct,0.5257000000000001
semantic,6,dev_1113,yes,"NO.  The name ""ball python"" is a colloquialism,",no,no,Incorrect,0.5229
semantic,6,dev_1121,no,"YES (The Seven Years' War is considered a global conflict, and some historians",yes,yes,Incorrect,0.5327000000000001
semantic,6,dev_1133,no,YES,yes,yes,Incorrect,0.5272
semantic,6,dev_1138,yes,"NO. Anaerobic respiration does not have an electron transport chain, as",no,no,Incorrect,0.5507000000000001
semantic,6,dev_1146,yes,"NO. While both are forms of fines, a Penalty Charge Notice (PCN",no,no,Incorrect,0.521
semantic,6,dev_1155,yes,"YES. The GMC Sierra and Chevrolet Silverado are essentially the same vehicle, with",yes,yes,Correct,0.5203
semantic,6,dev_1175,no,YES,yes,yes,Incorrect,0.5286000000000001
semantic,6,dev_1178,no,NO,no,no,Correct,0.5308999999999999
semantic,6,dev_1183,yes,,,other,NC,0.5052
semantic,6,dev_1196,no,NO,no,no,Correct,0.5202
semantic,6,dev_1204,yes,YES. The Eye of Agamotto is a powerful artifact that serves as a,yes,yes,Correct,0.5247
semantic,6,dev_1205,no,"YES. In chess, the ultimate goal is to checkmate the opponent's king",yes,yes,Incorrect,0.5234
semantic,6,dev_1209,yes,"YES (in theory, through nuclear transmutation, but it's not",yes,yes,Correct,0.5239
semantic,6,dev_1227,no,"NO. In number theory, 1 is not considered a prime number, and",no,no,Correct,0.5252
semantic,6,dev_1229,no,"Yes. The fruit ""orange"" was originally called the ""naranga"" in",yes,yes,Incorrect,0.5202
semantic,6,dev_1230,yes,NO,no,no,Incorrect,0.5287999999999999
semantic,6,dev_1235,no,YES. A birth certificate is a document that confirms an individual's identity and citizenship,yes,yes,Incorrect,0.5227
semantic,6,dev_1239,yes,"NO. While both devices are used to assist breathing, a CPAP provides a",no,no,Incorrect,0.5354
semantic,6,dev_1241,no,,,other,NC,0.5092
semantic,6,dev_1250,yes,YES. The micropyle is a small opening in the seed coat that allows,yes,yes,Correct,0.5246000000000001
semantic,6,dev_1256,yes,,,other,NC,0.5055
semantic,6,dev_1261,no,YES,yes,yes,Incorrect,0.5234
semantic,6,dev_1267,no,"NO. Better Call Saul is a prequel to Breaking Bad, meaning it takes",no,no,Correct,0.5357999999999999
semantic,6,dev_1271,no,YES.,yes,yes,Incorrect,0.5236000000000001
semantic,6,dev_1283,yes,NO,no,no,Incorrect,0.5223
semantic,6,dev_1285,no,YES. Janet Guthrie was the first woman to compete in the Indianapolis 500,yes,yes,Incorrect,0.5237999999999999
semantic,6,dev_1286,no,"Yes. While the terms ""lightning bugs"" and ""fireflies"" are",yes,yes,Incorrect,0.5312
semantic,6,dev_1294,yes,NO,no,no,Incorrect,0.5224
semantic,6,dev_1296,yes,"YES (Note: This is possible through the use of emulation or backwards compatibility,",yes,yes,Correct,0.5214
semantic,6,dev_1303,no,"NO. In soccer, you can be offside even if you haven't touched",no,no,Correct,0.5342
semantic,6,dev_1307,yes,"NO. In soccer, a goal cannot be scored directly from a kickoff. The",no,no,Incorrect,0.5324
semantic,6,dev_1311,yes,"NO.  While both devices are used to reduce engine vibrations, the crankshaft",no,no,Incorrect,0.5327000000000001
semantic,6,dev_1316,yes,YES,yes,yes,Correct,0.5221
semantic,6,dev_1317,no,NO.,no,no,Correct,0.5294
semantic,6,dev_1333,yes,"NO. A Dame is a female equivalent of a Knight, and is typically conferred",no,no,Incorrect,0.5242
semantic,6,dev_1336,yes,YES. The central nervous system (CNS) consists of the brain and spinal,yes,yes,Correct,0.5247999999999999
semantic,6,dev_1345,no,"YES. While often used interchangeably, a confidentiality agreement is a broader term that",yes,yes,Incorrect,0.5227
semantic,6,dev_1359,no,"NO. In basketball, a player cannot give themselves an assist. An assist is",no,no,Correct,0.5251
semantic,6,dev_1370,yes,"YES. A-2-3-4-5 is a straight, specifically",yes,yes,Correct,0.5248999999999999
semantic,6,dev_1371,no,YES,yes,yes,Incorrect,0.5308999999999999
semantic,6,dev_1372,yes,"NO 
A kilowatt-hour (kWh) is actually a unit of",no,no,Incorrect,0.5306000000000001
semantic,6,dev_1382,no,"No.  According to Rule 7.13, a catcher is not allowed",no,no,Correct,0.5239
semantic,6,dev_1406,no,YES. The Postmaster General is appointed by the President and confirmed by the Senate,yes,yes,Incorrect,0.5418999999999999
semantic,6,dev_1408,yes,"NO. According to baseball rules, a runner cannot advance on a caught foul ball",no,no,Incorrect,0.5261
semantic,6,dev_1413,yes,"YES. Brazil won the 1958 World Cup in Sweden, which is in",yes,yes,Correct,0.5317999999999999
semantic,6,dev_1419,yes,YES,yes,yes,Correct,0.5245
semantic,6,dev_1420,yes,YES.,yes,yes,Correct,0.5327999999999999
semantic,6,dev_1423,no,NO,no,no,Correct,0.5211
semantic,6,dev_1424,no,"YES.  Hawaii's temperature ranges from warm to cool, with temperatures often dropping",yes,yes,Incorrect,0.5215
semantic,6,dev_1436,no,"NO. Equity in your home is a non-liquid asset, meaning it can",no,no,Correct,0.5252
semantic,6,dev_1438,yes,"NO. While the UK is close to the 0° longitude line, which",no,no,Incorrect,0.5219
semantic,6,dev_1452,no,I don't know.,i,idk,IDK,0.5278999999999999
semantic,6,dev_1455,yes,NO,no,no,Incorrect,0.5211
semantic,6,dev_1464,no,NO,no,no,Correct,0.525
semantic,6,dev_1467,yes,"NO. In the UK, a grade 7 is considered a pass, and",no,no,Incorrect,0.5245
semantic,6,dev_1473,yes,"NO. According to the principles of sailing physics, a sailboat cannot travel faster",no,no,Incorrect,0.5214
semantic,6,dev_1489,yes,YES,yes,yes,Correct,0.5316000000000001
semantic,6,dev_1498,yes,YES. The Nobel Peace Prize is awarded annually by the Norwegian Nobel Committee to individuals,yes,yes,Correct,0.5229
semantic,6,dev_1508,no,"YES.  Several riders have died during the Tour de France throughout its history,",yes,yes,Incorrect,0.5232
semantic,6,dev_1515,no,"YES. The 16th Amendment to the United States Constitution, ratified in",yes,yes,Incorrect,0.5308999999999999
semantic,6,dev_1517,yes,NO,no,no,Incorrect,0.5312
semantic,6,dev_1528,yes,YES.  A J.D. (Juris Doctor) is a professional doctor,yes,yes,Correct,0.5257000000000001
semantic,6,dev_1533,no,YES,yes,yes,Incorrect,0.5281
semantic,6,dev_1534,no,NO,no,no,Correct,0.5303
semantic,6,dev_1546,yes,Yes.,yes,yes,Correct,0.5248999999999999
semantic,6,dev_1552,yes,,,other,NC,0.5019
semantic,6,dev_1557,no,NO.,no,no,Correct,0.5237
semantic,6,dev_1563,no,NO. The Big Dipper is an asterism within the constellation Ursa Major,no,no,Correct,0.5252
semantic,6,dev_1627,no,"NO. The esophagus is located behind the heart, specifically in the posterior",no,no,Correct,0.5323
semantic,6,dev_1632,yes,NO,no,no,Incorrect,0.5265
semantic,6,dev_1650,yes,YES,yes,yes,Correct,0.5187999999999999
semantic,6,dev_1655,no,"YES (In British English, it is commonly referred to as ""soya sauce",yes,yes,Incorrect,0.5285
semantic,6,dev_1658,yes,"NO. The Nazca Lines are only visible from the air, as they are",no,no,Incorrect,0.532
semantic,6,dev_1659,yes,"YES. In most countries, an undergraduate degree and a bachelor's degree are considered",yes,yes,Correct,0.5244
semantic,6,dev_1673,yes,"YES.  In the wild, grizzly bears and polar bears have been known",yes,yes,Correct,0.5278999999999999
semantic,6,dev_1680,no,YES. Picking your nose can push bacteria and other debris further into the nasal,yes,yes,Incorrect,0.5233
semantic,6,dev_1687,no,"NO. In the U.S. Air Force, there are only enlisted and officer",no,no,Correct,0.5248999999999999
semantic,6,dev_1698,no,YES. Fullmetal Alchemist: Brotherhood is a re-adaptation of the,yes,yes,Incorrect,0.5274
semantic,6,dev_1707,yes,"NO. A PLC is a type of limited company, but not all limited companies",no,no,Incorrect,0.5308999999999999
semantic,6,dev_1727,yes,Yes. A digital audio cable and an optical audio cable are often used interchangeably,yes,yes,Correct,0.5227
semantic,6,dev_1736,no,YES The magnitude of a physical quantity does change with a change in the,yes,yes,Incorrect,0.538
semantic,6,dev_1737,yes,NO.  Jump shots are not allowed on free throws. Players are only allowed,no,no,Incorrect,0.5277999999999999
semantic,6,dev_1740,yes,"YES. The medullary cavity, which is the hollow interior of a long",yes,yes,Correct,0.528
semantic,6,dev_1743,no,I don't know. The film is based on a novel of the same name,i,idk,IDK,0.5318999999999999
semantic,6,dev_1749,yes,YES Delhi University and the University of Delhi are the same. The University,yes,yes,Correct,0.5354
semantic,6,dev_1750,no,NO,no,no,Correct,0.5334
semantic,6,dev_1757,yes,,,other,NC,0.5015
semantic,6,dev_1763,yes,NO. Congress is the collective body that includes both the House of Representatives,no,no,Incorrect,0.5322
semantic,6,dev_1775,no,NO,no,no,Correct,0.5363
semantic,6,dev_1789,no,"YES. The spleen is indeed part of the circulatory system,",yes,yes,Incorrect,0.5217
semantic,6,dev_1806,no,"NO. The U.S. stopped issuing $1,000 bills in 196",no,no,Correct,0.5391
semantic,6,dev_1814,no,"NO. In the North American Numbering Plan, area codes are three-digit numbers",no,no,Correct,0.5267000000000001
semantic,6,dev_1823,yes,"NO. Prior to 2017, the MLB All-Star Game did determine home",no,no,Incorrect,0.5403
semantic,6,dev_1832,no,YES,yes,yes,Incorrect,0.5219
semantic,6,dev_1849,yes,,,other,NC,0.514
semantic,6,dev_1851,no,YES. The right to a fair trial is guaranteed by the Sixth Amendment to the,yes,yes,Incorrect,0.532
semantic,6,dev_1857,no,YES. Cows need to give birth to produce milk as lactation is triggered,yes,yes,Incorrect,0.5201
semantic,6,dev_1895,yes,,,other,NC,0.5025
semantic,6,dev_1906,no,"YES. In the United States, the National Football League (NFL) is the",yes,yes,Incorrect,0.531
semantic,6,dev_1916,yes,NO  Would you like to know more,no,no,Incorrect,0.5297000000000001
semantic,6,dev_1919,yes,YES. Nuclear transmutation is a real process where one element can be converted into,yes,yes,Correct,0.5205
semantic,6,dev_1924,yes,NO,no,no,Incorrect,0.5268999999999999
semantic,6,dev_1938,no,,,other,NC,0.507
semantic,6,dev_1948,yes,,,other,NC,0.5016
semantic,6,dev_1950,no,,,other,NC,0.5014
semantic,6,dev_1960,no,NO.,no,no,Correct,0.5317999999999999
semantic,6,dev_1977,no,"NO.  According to the Constitution, a president must be a natural-born citizen",no,no,Correct,0.5253
semantic,6,dev_1995,yes,NO. Winning the FA Cup typically qualifies a team for a spot in the UEFA,no,no,Incorrect,0.5251
semantic,6,dev_1997,yes,"YES. The Alphabet Song and Twinkle, Twinkle, Little Star both use",yes,yes,Correct,0.5311
semantic,6,dev_2009,no,NO,no,no,Correct,0.5304
semantic,6,dev_2032,yes,"YES. Some species of flies, such as botflies, can lay eggs in",yes,yes,Correct,0.5256000000000001
semantic,6,dev_2045,yes,"NO. According to Article II, Section 1 of the United States Constitution,",no,no,Incorrect,0.529
semantic,6,dev_2053,no,NO,no,no,Correct,0.5315
semantic,6,dev_2061,no,"NO. The next of kin is typically determined by law, and you cannot choose",no,no,Correct,0.528
semantic,6,dev_2065,yes,NO,no,no,Incorrect,0.5239
semantic,6,dev_2068,yes,YES (Allied Waste was acquired by Republic Services in 2008),yes,yes,Correct,0.5216000000000001
semantic,6,dev_2078,no,"NO. While the terms are sometimes used interchangeably, black cumin seed typically",no,no,Correct,0.5281
semantic,6,dev_2079,yes,YES. Eeyore is a donkey in the Winnie-the-Po,yes,yes,Correct,0.5311
semantic,6,dev_2088,no,NO.  While English is widely spoken and often considered the de facto national language,no,no,Correct,0.5331
semantic,6,dev_2091,no,Yes. If the home team is ahead by two runs at the end of an,yes,yes,Incorrect,0.5307999999999999
semantic,6,dev_2094,no,YES,yes,yes,Incorrect,0.5197
semantic,6,dev_2095,yes,YES,yes,yes,Correct,0.5251
semantic,6,dev_2139,no,NO. A passport card is only valid for land and sea travel to and from,no,no,Correct,0.5232
semantic,6,dev_2166,yes,"NO. Staring at a bright light can cause flash blindness, but it is",no,no,Incorrect,0.5248999999999999
semantic,6,dev_2184,no,NO.  The US withdrew its military presence from Saudi Arabia in 2003,no,no,Correct,0.5334
semantic,6,dev_2187,yes,"NO. In basketball, players are not allowed to jump while taking a free throw",no,no,Incorrect,0.5262
semantic,6,dev_2192,no,NO. A lieutenant colonel is typically a rank below a colonel.,no,no,Correct,0.5277999999999999
semantic,6,dev_2196,no,"YES. Red-eared slider turtles are oviparous, which means they lay",yes,yes,Incorrect,0.529
semantic,6,dev_2199,yes,"YES. The Dark Knight is a sequel to Batman Begins, and the third film",yes,yes,Correct,0.5205
semantic,6,dev_2204,yes,"NO. 
Picking someone up by their hair is not a recommended or safe",no,no,Incorrect,0.5342
semantic,6,dev_2220,no,"YES (on an infield fly, the ball is considered dead, and",yes,yes,Incorrect,0.5221
semantic,6,dev_2224,no,"NO. In gemology, rubies are typically associated with a red",no,no,Correct,0.5254
semantic,6,dev_2232,no,YES. St. Mary's Pro-Cathedral in Dublin is the Roman Catholic,yes,yes,Incorrect,0.53
semantic,6,dev_2234,no,,,other,NC,0.5254
semantic,6,dev_2237,no,NO. The Riviera Maya is on the Caribbean Sea.  Would you like,no,no,Correct,0.5241
semantic,6,dev_2247,yes,"NO. In New Jersey, you must be at least 21 years old to",no,no,Incorrect,0.5221
semantic,6,dev_2248,yes,"NO. While related, pixel density and resolution are not the same thing. Pixel",no,no,Incorrect,0.5231
semantic,6,dev_2266,no,,,other,NC,0.5052
semantic,6,dev_2275,yes,"NO. 
Counting cards is a strategy that involves tracking the number of high",no,no,Incorrect,0.5242
semantic,6,dev_2295,yes,No.  A unanimous vote requires every eligible member to vote in favor of the,no,no,Incorrect,0.5237
semantic,6,dev_2304,yes,"No.  The House of Representatives is one of the two chambers of Congress,",no,no,Incorrect,0.5232
semantic,6,dev_2306,yes,,,other,NC,0.5127
semantic,6,dev_2310,no,NO. In-N-Out Burger is a privately held company that is owned by the,no,no,Correct,0.5223
semantic,6,dev_2315,yes,I don't know,i,idk,IDK,0.5338999999999999
semantic,6,dev_2323,no,"I don't know. However, I can suggest that Tully (2018",i,idk,IDK,0.5237999999999999
semantic,6,dev_2328,no,YES. Corinthian leather is a type of leather that was famously associated with Chrysler,yes,yes,Incorrect,0.5237
semantic,6,dev_2350,no,"NO (Laura Ingalls Wilder's books are based on her real life,",no,no,Correct,0.531
semantic,6,dev_2382,yes,NO,no,no,Incorrect,0.5207999999999999
semantic,6,dev_2387,yes,"YES. Northern Ireland has a national football team that competes in international tournaments,",yes,yes,Correct,0.5346000000000001
semantic,6,dev_2388,no,NO,no,no,Correct,0.5216000000000001
semantic,6,dev_2396,yes,"NO. Semolina flour is a coarse, yellowish flour made from durum wheat",no,no,Incorrect,0.521
semantic,6,dev_2408,yes,YES.  Employment termination and being fired are often used interchangeably to refer to,yes,yes,Correct,0.5221
semantic,6,dev_2413,no,"Yes. The 1993 Russian film ""Stalingrad"" is a dram",yes,yes,Incorrect,0.5231
semantic,6,dev_2428,yes,YES,yes,yes,Correct,0.5262
semantic,6,dev_2433,no,NO.,no,no,Correct,0.5244
semantic,6,dev_2434,no,No.  Would you like,no,no,Correct,0.5292
semantic,6,dev_2447,no,NO,no,no,Correct,0.5308999999999999
semantic,6,dev_2473,yes,"NO. Pokémon Gold, Silver, and Crystal are separate games in the Pokémon series",no,no,Incorrect,0.521
semantic,6,dev_2479,no,NO. Hong Kong has a relatively high level of internet freedom and is not subject,no,no,Correct,0.5248999999999999
semantic,6,dev_2504,no,YES. The Las Vegas Strip is a major resort area located within the city of,yes,yes,Incorrect,0.5231
semantic,6,dev_2532,yes,NO,no,no,Incorrect,0.5325
semantic,6,dev_2537,no,"NO. While related, social studies and social science are distinct fields. Social science",no,no,Correct,0.5207
semantic,6,dev_2538,no,"NO. The film War Room is a work of fiction, but it is inspired",no,no,Correct,0.5206000000000001
semantic,6,dev_2547,yes,,,other,NC,0.5181
semantic,6,dev_2548,no,NO,no,no,Correct,0.522
semantic,6,dev_2555,no,NO. Lymphoma is a type of blood cancer that affects the immune system,no,no,Correct,0.5282
semantic,6,dev_2566,no,YES. A Bachelor of Education (B.Ed.) is a common undergraduate degree that,yes,yes,Incorrect,0.5217999999999999
semantic,6,dev_2572,no,NO  The Channel Islands are a separate entity from Great Britain and are not part,no,no,Correct,0.5267000000000001
semantic,6,dev_2577,no,"NO. In soccer, the kick-off can go in any direction, not just",no,no,Correct,0.5213
semantic,6,dev_2605,yes,,,other,NC,0.521
semantic,6,dev_2614,yes,NO. Snow-on-the-Mountain (Euphorbia marginata) and,no,no,Incorrect,0.5331
semantic,6,dev_2622,no,,,other,NC,0.5235
semantic,6,dev_2634,yes,NO.,no,no,Incorrect,0.5306000000000001
semantic,6,dev_2643,no,YES.  IUPAC conventions dictate that elements of the periodic table should be,yes,yes,Incorrect,0.5195
semantic,6,dev_2655,yes,NO,no,no,Incorrect,0.5242
semantic,6,dev_2656,yes,,,other,NC,0.5049
semantic,6,dev_2690,yes,NO,no,no,Incorrect,0.5199
semantic,6,dev_2719,no,"NO. In most cases, electrons flow in the opposite direction of the electric current",no,no,Correct,0.5248999999999999
semantic,6,dev_2727,no,NO,no,no,Correct,0.5227999999999999
semantic,6,dev_2750,yes,"YES. Dairy cows need to be pregnant to produce milk, as the hormone prol",yes,yes,Correct,0.5234
semantic,6,dev_2757,yes,"YES. The Dodo is a character in Lewis Carroll's ""Alice's Adventures",yes,yes,Correct,0.5217
semantic,6,dev_2770,yes,YES.  A 40-hour workweek is typically defined as 8 hours,yes,yes,Correct,0.5237999999999999
semantic,6,dev_2791,yes,"NO. The gut and stomach are two distinct parts of the digestive system, with",no,no,Incorrect,0.524
semantic,6,dev_2813,yes,YES (Note: While the movie is based on the life of P.T.,yes,yes,Correct,0.5312
semantic,6,dev_2821,yes,NO  Nicotine is actually an agonist at nicotinic acetylch,no,no,Incorrect,0.5307000000000001
semantic,6,dev_2832,yes,,,other,NC,0.501
semantic,6,dev_2838,no,I don't know. While the novel is semi-autobiographical and draws from,i,idk,IDK,0.5344
semantic,6,dev_2853,no,"NO. While both North and South Korea share a common language, there are differences",no,no,Correct,0.525
semantic,6,dev_2870,no,"NO. The derivative of a continuous function is not always continuous, but it is",no,no,Correct,0.5233
semantic,6,dev_2875,yes,"NO. Aldi and Trader Joe's are separate companies, although they do share",no,no,Incorrect,0.5277000000000001
semantic,6,dev_2880,no,"NO. I couldn't find any information on a ""County Court Business Centre""",no,no,Correct,0.5234
semantic,6,dev_2890,no,NO,no,no,Correct,0.5204
semantic,6,dev_2901,yes,NO,no,no,Incorrect,0.5234
semantic,6,dev_2906,yes,NO,no,no,Incorrect,0.5256000000000001
semantic,6,dev_2919,no,NO. The,no,no,Correct,0.5265
semantic,6,dev_2931,yes,NO.,no,no,Incorrect,0.5212
semantic,6,dev_2933,no,"YES. Commercial aircraft, such as those operated by airlines like Delta and Air Canada",yes,yes,Incorrect,0.5223
semantic,6,dev_2956,yes,,,other,NC,0.5226000000000001
semantic,6,dev_2959,no,YES,yes,yes,Incorrect,0.5223
semantic,6,dev_2967,yes,,,other,NC,0.5026
semantic,6,dev_2973,no,"NO. There was a first movie, but no official sequel was made. However",no,no,Correct,0.5214
semantic,6,dev_2991,yes,YES. Card counting and other strategies can potentially give gamblers a statistical advantage over,yes,yes,Correct,0.5371
semantic,6,dev_3000,yes,NO.,no,no,Incorrect,1.8637000000000001
semantic,6,dev_3015,yes,,,other,NC,0.5006
semantic,6,dev_3027,no,NO (Ireland is not part of the Schengen Area),no,no,Correct,0.5305
semantic,6,dev_3029,no,"YES. The United Kingdom officially left the European Union on January 31,",yes,yes,Incorrect,0.5237
semantic,6,dev_3035,no,I don't know. Halo 2 was originally released on Xbox in 200,i,idk,IDK,0.528
semantic,6,dev_3040,no,YES,yes,yes,Incorrect,0.5187
semantic,6,dev_3073,no,"NO. 
Top sirloin steak is a cut of beef that comes from",no,no,Correct,0.5204
semantic,6,dev_3079,yes,"NO. 

Salary is typically considered an operating expense, not a direct cost of",no,no,Incorrect,0.525
semantic,6,dev_3089,yes,NO,no,no,Incorrect,0.5191
semantic,6,dev_3105,yes,"NO. In a typical electrical circuit, the neutral wire is connected to the grounding",no,no,Incorrect,0.5215
semantic,6,dev_3106,yes,"NO, high-rise and high-waisted jeans are not the same. High",no,no,Incorrect,0.5243
semantic,6,dev_3107,yes,YES.,yes,yes,Correct,0.5255
semantic,6,dev_3122,no,YES. Reese's Pieces are a peanut butter candy that is covered in a chocolate,yes,yes,Incorrect,0.5315
semantic,6,dev_3143,no,NO. The Republic of Ireland is not part of the Schengen visa area,no,no,Correct,0.529
semantic,6,dev_3173,no,NO.,no,no,Correct,0.526
semantic,6,dev_3183,no,"NO. The winner of the British Open is awarded the Claret Jug, but",no,no,Correct,0.525
semantic,6,dev_3187,yes,NO,no,no,Incorrect,0.5294
semantic,6,dev_3204,no,YES. The fundus is the rounded portion of the gallbladder that is,yes,yes,Incorrect,0.5272
semantic,6,dev_3212,yes,NO. While a physical address is related to the physical location of a device on,no,no,Incorrect,0.5221
semantic,6,dev_3221,no,I don't know,i,idk,IDK,0.5241
semantic,6,dev_3231,yes,,,other,NC,0.5
semantic,6,dev_3232,yes,NO,no,no,Incorrect,0.5243
semantic,6,dev_3238,yes,"NO. According to cricket rules, the non-striker cannot be run out",no,no,Incorrect,0.525
semantic,6,dev_3239,yes,NO. The Conn Smythe Trophy is awarded to the most valuable player in the,no,no,Incorrect,0.5282
semantic,6,dev_3241,yes,"NO. Romania was an independent kingdom that bordered Austria-Hungary, but it",no,no,Incorrect,0.5293
semantic,6,dev_3242,yes,"YES. In the Steven Universe universe, when Ruby and Sapphire combine their powers,",yes,yes,Correct,0.5212
semantic,6,dev_0031,yes,YES,yes,yes,Correct,0.5272
semantic,6,dev_0148,yes,"YES.  Sméagol dies at the end of the book ""The",yes,yes,Correct,0.5286000000000001
semantic,6,dev_0178,yes,"YES. ""Eye of the Tiger"" was written by Jim Peterik and Frankie",yes,yes,Correct,0.5217999999999999
semantic,6,dev_0410,yes,YES,yes,yes,Correct,0.5239
semantic,6,dev_0419,yes,YES,yes,yes,Correct,0.5422
semantic,6,dev_0448,yes,Yes,yes,yes,Correct,0.5241
semantic,6,dev_0224,no,"No.  The Outsiders is a work of fiction, written by S.E",no,no,Correct,0.523
semantic,6,dev_0317,no,NO.  While some research suggests that genetic factors may play a role in the,no,no,Correct,0.5347000000000001
semantic,6,dev_0368,no,NO.,no,no,Correct,0.5212
semantic,6,dev_0507,no,,,other,NC,1.8380999999999998
semantic,6,dev_0603,no,"YES The Seven Ages of Man is a sonnet, specifically Sonnet",yes,yes,Incorrect,0.532
semantic,6,dev_0938,no,NO,no,no,Correct,0.5326000000000001
semantic,6,dev_0076,yes,YES. Female ferrets are known to die if they don't mate and become,yes,yes,Correct,0.5227
semantic,6,dev_0459,yes,Yes. The direction of transcription is typically from the 5' end to the,yes,yes,Correct,0.5221
semantic,6,dev_0502,yes,NO,no,no,Incorrect,0.5287999999999999
semantic,6,dev_0580,yes,,,other,NC,0.505
semantic,6,dev_1089,yes,,,other,NC,0.5021
semantic,6,dev_1153,yes,"NO.  While both are commonly referred to as 'tea tree', Melale",no,no,Incorrect,0.523
semantic,6,dev_1315,yes,NO,no,no,Incorrect,0.5285
semantic,6,dev_1482,yes,,,other,NC,0.5083
semantic,6,dev_1568,yes,NO. While both vultures and buzzards are birds of prey that feed,no,no,Incorrect,0.5302
semantic,6,dev_1968,yes,NO,no,no,Incorrect,0.525
semantic,6,dev_2223,yes,YES,yes,yes,Correct,0.534
semantic,6,dev_2420,yes,"YES. The ""Rain Crow"" is a colloquial name for the Yellow",yes,yes,Correct,0.5217
semantic,6,dev_2882,yes,I don't know. I couldn't find any information that suggests redback spiders,i,idk,IDK,0.5402
semantic,6,dev_2899,yes,"Yes.  Dalmatians are known for their distinctive spotted coat, and",yes,yes,Correct,0.5217999999999999
semantic,6,dev_2910,yes,NO,no,no,Incorrect,0.5224
semantic,6,dev_0713,no,"YES, a cow typically needs to be pregnant to lactate, as the hormone",yes,yes,Incorrect,0.5237999999999999
semantic,6,dev_0816,no,,,other,NC,0.4987
semantic,6,dev_0911,no,"NO.  The ring finger is connected to the radial artery, which runs along",no,no,Correct,0.5241
semantic,6,dev_0997,no,"NO. While both are often referred to as ""rubbing alcohol"", surgical spirit",no,no,Correct,0.5235
semantic,6,dev_1258,no,"YES. The umbilical cord is indeed inside the amniotic sac,",yes,yes,Incorrect,0.5197999999999999
semantic,6,dev_1422,no,"NO. Root hairs typically occur along the zone of maturation, which is the",no,no,Correct,0.5317000000000001
semantic,6,dev_2120,no,"NO. Dalmatian puppies are born without spots, and their distinctive coat",no,no,Correct,0.5217999999999999
semantic,6,dev_2353,no,,,other,NC,0.504
semantic,6,dev_2441,no,,,other,NC,0.5141
semantic,6,dev_2087,no,"YES (However, it's worth noting that sperm whales are listed as Vulnerable",yes,yes,Incorrect,0.53
semantic,6,dev_2215,no,"NO. The two chromosomes in a pair are usually different, but they contain the",no,no,Correct,0.5219
semantic,6,dev_2503,no,NO,no,no,Correct,0.5234
semantic,6,dev_2652,no,NO. Not all baby birds have an egg tooth. While many species of birds,no,no,Correct,0.5303
semantic,6,dev_2850,no,NO. A bee's stinger is barbed and gets stuck in the skin,no,no,Correct,0.5337000000000001
semantic,6,dev_3062,no,,,other,NC,0.5357999999999999
semantic,6,dev_0400,yes,,,other,NC,0.5051
semantic,6,dev_0432,yes,"NO. The Central Bank of India is a public sector bank, but it is",no,no,Incorrect,0.5283
semantic,6,dev_0446,yes,,,other,NC,1.8495
semantic,6,dev_0455,yes,"Yes. Polaris Industries, the parent company of Indian Motorcycle, assembles and",yes,yes,Correct,0.5284
semantic,6,dev_0472,yes,YES. Toys R Us and Babies R Us are both owned by the same parent,yes,yes,Correct,0.5264
semantic,6,dev_0524,yes,"YES.  In-N-Out Burger has several locations in Nevada, including in Las",yes,yes,Correct,0.5196000000000001
semantic,6,dev_0767,yes,YES,yes,yes,Correct,0.5297000000000001
semantic,6,dev_0875,yes,NO,no,no,Incorrect,0.5244
semantic,6,dev_0950,yes,YES. Poland Spring water is a brand of bottled water that is sourced from natural,yes,yes,Correct,0.5205
semantic,6,dev_1023,yes,YES. A mortgage loan originator and a loan officer are often used interchangeably,yes,yes,Correct,0.5306000000000001
semantic,6,dev_1171,yes,"YES (Note: Guernsey is a British Crown dependency and its currency,",yes,yes,Correct,0.5233
semantic,6,dev_1207,yes,,,other,NC,0.5109
semantic,6,dev_1299,yes,Yes. Net earnings and net income are often used interchangeably to refer to the,yes,yes,Correct,0.524
semantic,6,dev_0157,no,"NO. Many eyeglasses are manufactured by various companies, and Luxottica",no,no,Correct,0.5325
semantic,6,dev_0371,no,NO,no,no,Correct,0.5231
semantic,6,dev_0621,no,,,other,NC,0.5046
semantic,6,dev_0699,no,,,other,NC,0.5048
semantic,6,dev_0954,no,I don't know,i,idk,IDK,0.5301
semantic,6,dev_1050,no,NO  White Castle is actually a national fast-food chain with locations across the United,no,no,Correct,0.5385
semantic,6,dev_1208,no,NO.,no,no,Correct,0.5237
semantic,6,dev_1257,no,NO.  Home Bargains and Quality Save are two different discount retailers in the,no,no,Correct,0.5294
semantic,6,dev_1805,no,"No.  The $10,000 bill was last printed in 1945",no,no,Correct,0.529
semantic,6,dev_1876,no,NO. Montgomery Ward is a retail company that has largely shifted its focus to e,no,no,Correct,0.5303
semantic,6,dev_2290,no,NO,no,no,Correct,0.5242
semantic,6,dev_2444,no,,,other,NC,0.5004
semantic,6,dev_0250,yes,"NO. In the Netherlands, Father's Day is not traditionally celebrated on the same",no,no,Incorrect,0.5229
semantic,6,dev_0337,yes,"NO  Would you like to know more about public holidays in Victoria, Australia?",no,no,Incorrect,0.5316000000000001
semantic,6,dev_0386,yes,YES. The red light district in Brussels is located in the Saint-Josse,yes,yes,Correct,0.5295
semantic,6,dev_0591,yes,NO. Copa Airlines is a member of the SkyTeam alliance.  (Please,no,no,Incorrect,0.5333
semantic,6,dev_0746,yes,"Yes. June 12 is a holiday in the Philippines, known as Independence Day",yes,yes,Correct,0.5197
semantic,6,dev_0845,yes,YES. New car engines typically require a break-in period to seat the piston rings,yes,yes,Correct,0.5318999999999999
semantic,6,dev_0855,yes,YES,yes,yes,Correct,0.5211
semantic,6,dev_0915,yes,NO,no,no,Incorrect,0.5201
semantic,6,dev_0945,yes,"YES. Thread seal tape and Teflon tape are essentially the same thing,",yes,yes,Correct,0.53
semantic,6,dev_0021,no,"NO.  Typically, a street address comes before a P.O. Box.",no,no,Correct,0.6467
semantic,6,dev_0490,no,"YES. American citizens need a visa for Georgia. However, they can obtain a",yes,yes,Incorrect,0.5314
semantic,6,dev_0581,no,NO,no,no,Correct,0.5226000000000001
semantic,6,dev_0631,no,"YES. The post office typically operates on a modified schedule on Memorial Day, which",yes,yes,Incorrect,0.5237
semantic,6,dev_0691,no,"NO. If it says ""Freepost"", you don't need to buy",no,no,Correct,0.5245
semantic,6,dev_0783,no,NO (The Honda CRF 250 is actually a 4-stroke engine,no,no,Correct,0.5225
semantic,6,dev_0787,no,,,other,NC,0.5177999999999999
semantic,6,dev_0825,no,NO,no,no,Correct,0.5257000000000001
semantic,6,dev_0885,no,NO,no,no,Correct,0.5334
semantic,6,dev_0089,yes,"YES. There are several movies with 0% on Rotten Tomatoes,",yes,yes,Correct,0.5315
semantic,6,dev_0095,yes,NO,no,no,Incorrect,0.5296000000000001
semantic,6,dev_0211,yes,"Yes. Murphy Brown, the main character, adopted a baby at the end of",yes,yes,Correct,0.5261
semantic,6,dev_0238,yes,Yes.,yes,yes,Correct,0.5248999999999999
semantic,6,dev_0252,yes,,,other,NC,0.5038
semantic,6,dev_0256,yes,NO. The,no,no,Incorrect,0.5217999999999999
semantic,6,dev_0266,yes,NO.,no,no,Incorrect,0.5253
semantic,6,dev_0310,yes,"YES, contestants on Survivor do receive a stipend to cover their living expenses,",yes,yes,Correct,1.8758
semantic,6,dev_0359,yes,YES.,yes,yes,Correct,0.5199
semantic,6,dev_0422,yes,YES.,yes,yes,Correct,0.5323
semantic,6,dev_0040,no,YES. There were plans to create a series of films based on the His Dark,yes,yes,Incorrect,0.5253
semantic,6,dev_0080,no,I don't know. I couldn't find any information about a sequel to the,i,idk,IDK,0.5353
semantic,6,dev_0100,no,I don't know. (I don't have enough information to confirm whether the,i,idk,IDK,0.5278999999999999
semantic,6,dev_0240,no,NO,no,no,Correct,0.5281
semantic,6,dev_0247,no,NO,no,no,Correct,0.5337000000000001
semantic,6,dev_0260,no,,,other,NC,0.5034
semantic,6,dev_0277,no,"YES. Michael and Carol dated, but not Pam. Pam and Jim were the",yes,yes,Incorrect,0.5247
semantic,6,dev_0290,no,,,other,NC,0.501
semantic,6,dev_0303,no,,,other,NC,0.5164
semantic,6,dev_0231,yes,YES,yes,yes,Correct,0.5276000000000001
semantic,6,dev_0401,yes,NO,no,no,Incorrect,0.5227999999999999
semantic,6,dev_0420,yes,"NO 

Red velvet cake is a type of cake that gets its distinctive red color",no,no,Incorrect,0.5252
semantic,6,dev_0571,yes,NO,no,no,Incorrect,0.5308999999999999
semantic,6,dev_0583,yes,NO.,no,no,Incorrect,0.5301
semantic,6,dev_0765,yes,NO. Salted duck eggs are a type of preserved egg that has been cured,no,no,Incorrect,0.5273
semantic,6,dev_0778,yes,NO,no,no,Incorrect,0.5247999999999999
semantic,6,dev_0815,yes,NO.,no,no,Incorrect,0.5261
semantic,6,dev_0073,no,NO.,no,no,Correct,0.52
semantic,6,dev_0491,no,,,other,NC,0.5035
semantic,6,dev_0615,no,"NO. While both are thin, translucent noodles, they are made from different ingredients",no,no,Correct,0.5233
semantic,6,dev_0868,no,NO.  Fruit Roll-Ups are a type of fruit-flavored snack food,no,no,Correct,0.5182
semantic,6,dev_0880,no,NO.,no,no,Correct,0.5207
semantic,6,dev_0953,no,NO,no,no,Correct,0.5217
semantic,6,dev_0985,no,,,other,NC,0.505
semantic,6,dev_0136,yes,YES,yes,yes,Correct,0.5196000000000001
semantic,6,dev_0367,yes,YES.  Devil May Cry 5 is a direct sequel to the first game,yes,yes,Correct,0.5212
semantic,6,dev_0618,yes,NO,no,no,Incorrect,0.5207999999999999
semantic,6,dev_0720,yes,,,other,NC,0.5028
semantic,6,dev_0770,yes,"I don't know. However, I can provide some information about the roulette wheel",i,idk,IDK,0.5262
semantic,6,dev_0835,yes,NO,no,no,Incorrect,0.5213
semantic,6,dev_0896,yes,YES,yes,yes,Correct,0.5254
semantic,6,dev_0434,no,"NO (although some are compatible through backwards compatibility, not all Xbox games are playable",no,no,Correct,0.5233
semantic,6,dev_0489,no,,,other,NC,1.8488
semantic,6,dev_0852,no,I don't know.,i,idk,IDK,0.523
semantic,6,dev_0870,no,"YES. In many fantasy RPGs, paladins are typically associated with Law",yes,yes,Incorrect,0.5251
semantic,6,dev_1148,no,I don't know. I couldn't find information confirming whether RollerCoaster Ty,i,idk,IDK,0.5382
semantic,6,dev_2595,no,NO,no,no,Correct,0.5194
semantic,6,dev_0281,yes,NO,no,no,Incorrect,0.52
semantic,6,dev_0528,yes,,,other,NC,0.5186000000000001
semantic,6,dev_0547,yes,"YES. The Battery Tunnel, also known as the Battery Park Underpass",yes,yes,Correct,0.5293
semantic,6,dev_0623,yes,"NO. The George Washington Bridge is a two-way toll bridge, meaning that drivers",no,no,Incorrect,0.5253
semantic,6,dev_0626,yes,NO.  Skyline Drive is a scenic road within Shenandoah National Park,no,no,Incorrect,0.5212
semantic,6,dev_0686,yes,"NO, Edinburgh Castle is not built on top of a volcano. It is situated",no,no,Incorrect,0.5262
semantic,6,dev_0822,yes,NO,no,no,Incorrect,0.5207999999999999
semantic,6,dev_1210,yes,,,other,NC,0.5005
semantic,6,dev_0374,no,NO,no,no,Correct,0.5239
semantic,6,dev_0900,no,NO. While both Fort Walton Beach and Destin are located in Okaloosa,no,no,Correct,0.5265
semantic,6,dev_0913,no,I don't know. While the film Muriel's Wedding is set in,i,idk,IDK,0.5295
semantic,6,dev_1234,no,NO,no,no,Correct,0.5222
semantic,6,dev_1360,no,YES,yes,yes,Incorrect,0.523
semantic,6,dev_1544,no,"I don't know. I'm a large language model, I don't have",i,idk,IDK,0.5248999999999999
semantic,6,dev_1588,no,I don't know. I'd need more context or information to determine if Lake,i,idk,IDK,0.5202
semantic,6,dev_0344,yes,NO,no,no,Incorrect,0.5251
semantic,6,dev_0379,yes,Yes.,yes,yes,Correct,0.5237999999999999
semantic,6,dev_0474,yes,I don't know,i,idk,IDK,0.5209
semantic,6,dev_0614,yes,I don't know. The question seems to be a mix of two different topics,i,idk,IDK,0.5227999999999999
semantic,6,dev_0655,yes,NO. A hiatal hernia is a condition where part of the stomach bul,no,no,Incorrect,0.519
semantic,6,dev_1195,yes,NO,no,no,Incorrect,0.5335
semantic,6,dev_1197,yes,NO  An ectopic pregnancy cannot be carried to term because the fertilized egg,no,no,Incorrect,0.5217
semantic,6,dev_1313,yes,"NO

Relative risk and risk ratio are related but distinct concepts in epidemiology",no,no,Incorrect,0.5245
semantic,6,dev_1564,yes,YES,yes,yes,Correct,0.5176000000000001
semantic,6,dev_0078,no,Yes.,yes,yes,Incorrect,0.5257999999999999
semantic,6,dev_0166,no,NO. The recommendation is at least five portions of a variety of fruit and vegetables,no,no,Correct,0.5253
semantic,6,dev_0851,no,YES. Attending a first aid course is an important part of the chain of,yes,yes,Incorrect,0.5337000000000001
semantic,6,dev_0861,no,No.,no,no,Correct,0.5408999999999999
semantic,6,dev_0872,no,,,other,NC,0.5031
semantic,6,dev_1554,no,"Yes. While some experts dispute its existence, chronic Lyme disease is a term used",yes,yes,Incorrect,0.5195
semantic,6,dev_1719,no,,,other,NC,0.5042
semantic,6,dev_1991,no,,,other,NC,0.5035
semantic,6,dev_2115,no,NO,no,no,Correct,0.5345
semantic,6,dev_0105,yes,"YES (Although it was not a formal draft, the Continental Congress did",yes,yes,Correct,0.5215
semantic,6,dev_0125,yes,NO.,no,no,Incorrect,0.5213
semantic,6,dev_0191,yes,"NO. The Unknown Soldier is a symbolic representation of unidentified soldiers, and the tomb",no,no,Incorrect,0.5322
semantic,6,dev_1292,yes,YES,yes,yes,Correct,0.5202
semantic,6,dev_1338,yes,"YES. During the Gulf War, it rained oil in Kuwait and parts of",yes,yes,Correct,0.5244
semantic,6,dev_0388,no,"YES. In the northern states, integration was generally the rule, and",yes,yes,Incorrect,0.5242
semantic,6,dev_0703,no,NO,no,no,Correct,0.5423
semantic,6,dev_0833,no,YES.,yes,yes,Incorrect,0.5207
semantic,6,dev_0874,no,YES (allegedly) - although it is still a matter of debate and,yes,yes,Incorrect,0.5272
semantic,6,dev_1651,no,"YES. There are still tin mines operating in Cornwall, although they are much smaller",yes,yes,Incorrect,0.5244
semantic,6,dev_0072,yes,"NO. In Canada, a PAL is not required to possess ammunition, but it",no,no,Incorrect,0.5233
semantic,6,dev_0258,yes,"YES. In Wisconsin, Sunday sales of alcohol are permitted. In fact, Wisconsin",yes,yes,Correct,0.5304
semantic,6,dev_0286,yes,"YES. An administrative law judge (ALJ) is a real judge, but",yes,yes,Correct,0.5219
semantic,6,dev_0348,yes,NO.  Skunks are not typically considered suitable pets in the UK due to,no,no,Incorrect,0.5216000000000001
semantic,6,dev_0467,yes,,,other,NC,0.5068
semantic,6,dev_0515,yes,NO. A restraining order is typically used to protect individuals from physical harm or harassment,no,no,Incorrect,0.5215
semantic,6,dev_0562,yes,,,other,NC,0.5078
semantic,6,dev_0636,yes,,,other,NC,0.5054
semantic,6,dev_0740,yes,"NO. According to Article V, there is no time limit for ratification of",no,no,Incorrect,0.5247999999999999
semantic,6,dev_0838,yes,"Yes.  In Quebec, drivers are allowed to turn right on a red light",yes,yes,Correct,0.5377000000000001
semantic,6,dev_0864,yes,,,other,NC,0.4998
semantic,6,dev_0873,yes,,,other,NC,0.506
semantic,6,dev_0901,yes,,,other,NC,0.5064
semantic,6,dev_0909,yes,I don't know. The use of an X as a signature can be acceptable,i,idk,IDK,0.5206000000000001
semantic,6,dev_1134,yes,YES,yes,yes,Correct,0.5205
semantic,6,dev_0198,no,"NO. New Hampshire is a constitutional carry state, which means that residents and non",no,no,Correct,0.5256000000000001
semantic,6,dev_0215,no,NO,no,no,Correct,0.5234
semantic,6,dev_0223,no,,,other,NC,0.5005
semantic,6,dev_0234,no,,,other,NC,0.5026
semantic,6,dev_0272,no,I don't know. I would need more information to answer this question accurately.,i,idk,IDK,0.5243
semantic,6,dev_0453,no,,,other,NC,0.501
semantic,6,dev_0499,no,"NO. Puerto Rico is a US territory, and residents of Puerto Rico do not",no,no,Correct,0.5248999999999999
semantic,6,dev_0552,no,"NO.  In most correctional facilities, cell phones and other electronic devices are",no,no,Correct,0.5225
semantic,6,dev_0680,no,Yes.,yes,yes,Incorrect,0.5342
semantic,6,dev_0738,no,"YES (Taiwan is a member of the Paris Convention, but it is not",yes,yes,Incorrect,0.5307000000000001
semantic,6,dev_0771,no,"NO (In both Canada and the United States, payola is illegal) I",no,no,Correct,0.5227
semantic,6,dev_0888,no,"NO. To date, no Supreme Court justices have ever been removed from office.",no,no,Correct,0.5352
semantic,6,dev_1135,no,NO,no,no,Correct,0.5281
semantic,6,dev_1188,no,"NO.  Under federal law, a person who has been dishonorably discharged",no,no,Correct,0.5247
semantic,6,dev_0339,yes,"NO.  If you're an American, you'll need a valid passport,",no,no,Incorrect,0.535
semantic,6,dev_0357,yes,NO,no,no,Incorrect,0.5245
semantic,6,dev_0498,yes,"Yes. According to the Florida Constitution, a person must be at least 21",yes,yes,Correct,0.5227
semantic,6,dev_0620,yes,"YES. The UN has intervened in several conflicts involving Pakistan, including the 197",yes,yes,Correct,0.522
semantic,6,dev_0878,yes,"NO. While the terms ""national government"" and ""federal government"" are",no,no,Incorrect,0.5234
semantic,6,dev_1864,yes,NO,no,no,Incorrect,0.529
semantic,6,dev_2080,yes,NO. The Coast Guard is actually part of the Department of Homeland Security. It,no,no,Incorrect,0.5398999999999999
semantic,6,dev_2395,yes,"NO. The Governor-General typically gives royal assent to bills, but it's",no,no,Incorrect,0.5311
semantic,6,dev_2639,yes,YES,yes,yes,Correct,0.5227
semantic,6,dev_3155,yes,"YES. Overseas service bars are awarded for service in designated combat zones, and",yes,yes,Correct,0.5232
semantic,6,dev_3209,yes,NO,no,no,Incorrect,0.5285
semantic,6,dev_0209,no,NO,no,no,Correct,0.5243
semantic,6,dev_0273,no,Yes. The George Washington Bridge has a toll booth on both sides of the bridge,yes,yes,Incorrect,0.5246000000000001
semantic,6,dev_0404,no,NO. Puerto Rico is a territory of the United States with a commonwealth status,no,no,Correct,0.5391
semantic,6,dev_0567,no,I don't know.  You can check the official government website for the most,i,idk,IDK,0.5193
semantic,6,dev_0675,no,NO. Saudi Arabia has not ratified the Universal Declaration of,no,no,Correct,1.8642999999999998
semantic,6,dev_1172,no,"NO. Turkey is a candidate country for EU membership, but it has not yet",no,no,Correct,0.5258999999999999
semantic,6,dev_1275,no,NO.,no,no,Correct,0.5268999999999999
semantic,6,dev_1971,no,"NO. Bosnia and Herzegovina is a candidate country for EU membership, but",no,no,Correct,0.5303
semantic,6,dev_2001,no,NO. The presidential pardon power only applies to federal crimes. State crimes are governed,no,no,Correct,0.5205
semantic,6,dev_3004,no,"NO. Prior to 1979, council houses were not available for purchase.",no,no,Correct,0.5227
semantic,6,dev_3256,no,,,other,NC,0.5045
semantic,6,dev_1132,yes,NO.  While pink quartz and rose quartz are both types of quartz with pink,no,no,Incorrect,0.521
semantic,6,dev_1233,yes,"NO. In an adiabatic process, there is no heat transfer between",no,no,Incorrect,0.5307000000000001
semantic,6,dev_1511,yes,"NO. The heat index and ""RealFeel"" are similar metrics that estimate how",no,no,Incorrect,0.5229
semantic,6,dev_1633,yes,NO,no,no,Incorrect,0.5212
semantic,6,dev_2007,yes,YES. Liquefied petroleum gas (LPG) and propane are often,yes,yes,Correct,0.5222
semantic,6,dev_2214,yes,,,other,NC,0.5018
semantic,6,dev_2239,yes,YES. The speed of sound in an ideal gas is given by the equation c,yes,yes,Correct,0.533
semantic,6,dev_2299,yes,,,other,NC,0.5002
semantic,6,dev_2303,yes,"NO. While CHNOPS elements are essential for most known forms of life,",no,no,Incorrect,0.5217999999999999
semantic,6,dev_2477,yes,,,other,NC,0.5041
semantic,6,dev_2993,yes,"NO. While both terms are often used interchangeably, they have distinct meanings in",no,no,Incorrect,0.5236000000000001
semantic,6,dev_3126,yes,"YES. An upside-down rainbow is a rare atmospheric phenomenon known as a ""cl",yes,yes,Correct,0.5256000000000001
semantic,6,dev_3188,yes,NO,no,no,Incorrect,0.5196000000000001
semantic,6,dev_3193,yes,"YES. The Georgia Aquarium in Atlanta, Georgia, has a large exhibit featuring whale",yes,yes,Correct,0.5255
semantic,6,dev_3234,yes,"YES. In some contexts, a rhombus is referred to as a diamond",yes,yes,Correct,0.5271
semantic,6,dev_3265,yes,NO,no,no,Incorrect,0.5211
semantic,6,dev_0001,no,YES. Ethanol production typically requires more energy to produce than the energy content of,yes,yes,Incorrect,0.5227999999999999
semantic,6,dev_0579,no,,,other,NC,0.503
semantic,6,dev_1003,no,NO,no,no,Correct,0.5313
semantic,6,dev_1483,no,,,other,NC,0.5018
semantic,6,dev_1551,no,YES,yes,yes,Incorrect,0.5219
semantic,6,dev_1702,no,NO. Pterodactyl and Pteranodon are both types of,no,no,Correct,0.5333
semantic,6,dev_1925,no,,,other,NC,0.5015
semantic,6,dev_2025,no,"NO. The load is typically placed on one end of the lever, while the",no,no,Correct,0.5237999999999999
semantic,6,dev_2312,no,,,other,NC,0.502
semantic,6,dev_2471,no,YES,yes,yes,Incorrect,0.5271
semantic,6,dev_2521,no,NO. The t-distribution is a probability distribution that is used in hypothesis testing,no,no,Correct,0.5245
semantic,6,dev_2782,no,"Yes. In acid-base chemistry, the terms ""hydronium ion""",yes,yes,Incorrect,0.5337999999999999
semantic,6,dev_2812,no,,,other,NC,1.849
semantic,6,dev_3014,no,NO. The days are approximately 12 hours long at the Equator throughout the,no,no,Correct,0.5307999999999999
semantic,6,dev_3034,no,NO. Hydraulic lime and hydrated lime are related but distinct terms: hydraulic lime is,no,no,Correct,0.5342
semantic,6,dev_3159,no,NO,no,no,Correct,0.5207999999999999
semantic,6,dev_3190,no,NO,no,no,Correct,0.526
semantic,6,dev_0682,yes,NO.  A sermon and a homily are related but distinct forms of religious,no,no,Incorrect,0.527
semantic,6,dev_0735,yes,"YES. In the United States, secondary school and high school are often used interchange",yes,yes,Correct,0.5244
semantic,6,dev_1505,yes,"YES. The University of St. Thomas is a private, nonprofit institution.",yes,yes,Correct,0.5237
semantic,6,dev_1668,yes,YES,yes,yes,Correct,0.5317000000000001
semantic,6,dev_2373,yes,I don't know,i,idk,IDK,0.5332
semantic,6,dev_2793,yes,YES. Eastern Kentucky University is a Division I school.  It competes in,yes,yes,Correct,0.5227999999999999
semantic,6,dev_2929,yes,NO. While both fields are related to,no,no,Incorrect,0.523
semantic,6,dev_0605,no,NO. While Brigham Young University (BYU) is a private university owned by,no,no,Correct,0.5252
semantic,6,dev_0908,no,,,other,NC,0.5011
semantic,6,dev_1388,no,NO.,no,no,Correct,0.5291
semantic,6,dev_1521,no,"NO. In Sweden, students do not receive direct financial compensation for attending school.",no,no,Correct,0.5287000000000001
semantic,6,dev_2334,no,"NO. The Book of Jasher is not included in the canonical Bible, but",no,no,Correct,0.5271
semantic,6,dev_2641,no,"NO  (In many naming conventions, a double-barrel surname is not required",no,no,Correct,0.5246000000000001
semantic,6,dev_0347,yes,YES. The Women's College World Series (WCWS) is a double-,yes,yes,Correct,0.5257000000000001
semantic,6,dev_0411,yes,I don't know. The Washington Redskins' defensive scheme has varied over the years,i,idk,IDK,0.532
semantic,6,dev_0439,yes,YES,yes,yes,Correct,0.5235
semantic,6,dev_0452,yes,NO,no,no,Incorrect,0.5202
semantic,6,dev_0585,yes,,,other,NC,0.5012
semantic,6,dev_0656,yes,YES,yes,yes,Correct,0.5298999999999999
semantic,6,dev_0661,yes,,,other,NC,0.5114
semantic,6,dev_0701,yes,"NO. The Kentucky Derby is typically held on the first Saturday in May, but",no,no,Incorrect,0.523
semantic,6,dev_0704,yes,YES,yes,yes,Correct,0.5216000000000001
semantic,6,dev_0752,yes,,,other,NC,0.5039
semantic,6,dev_0848,yes,"NO. In most professional sports leagues, free agents can only be signed",no,no,Incorrect,0.5206000000000001
semantic,6,dev_0883,yes,"YES. In the NBA, several teams have come back from a 3-",yes,yes,Correct,0.525
semantic,6,dev_1143,yes,Yes. Dan Marino is a member of the Pro Football Hall of Fame.,yes,yes,Correct,0.5194
semantic,6,dev_1305,yes,"NO. A school can be classified as either Division I, Division II, or",no,no,Incorrect,0.5353
semantic,6,dev_1497,yes,YES,yes,yes,Correct,0.5388
semantic,6,dev_1777,yes,"NO. In league playoffs, away goals are typically not used to break",no,no,Incorrect,0.5197999999999999
semantic,6,dev_2250,yes,YES. Poland qualified for the 2018 FIFA World Cup.,yes,yes,Correct,0.5232
semantic,6,dev_2370,yes,YES,yes,yes,Correct,1.8639000000000001
semantic,6,dev_0083,no,"YES. At Wimbledon, a tiebreaker is used in the final set, just",yes,yes,Incorrect,0.5315
semantic,6,dev_0085,no,YES. Deion Sanders won a World Series with the New York Yankees,yes,yes,Incorrect,0.5277999999999999
semantic,6,dev_0170,no,NO,no,no,Correct,0.5216000000000001
semantic,6,dev_0230,no,YES,yes,yes,Incorrect,0.5245
semantic,6,dev_0412,no,NO. The Miami Dolphins do have a mascot named T.D. (short for,no,no,Correct,0.5192
semantic,6,dev_0421,no,I don't know.  The answer may vary depending on the specific tournament or,i,idk,IDK,0.5244
semantic,6,dev_0447,no,YES. Panama qualified for the 2018 FIFA World Cup in Russia.,yes,yes,Incorrect,0.5239
semantic,6,dev_0544,no,NO,no,no,Correct,0.5316000000000001
semantic,6,dev_0565,no,"No.  Walks are not included in the calculation of batting average, only",no,no,Correct,0.5219
semantic,6,dev_0589,no,NO. Goaltending is when a defensive player interferes with the ball while,no,no,Correct,0.5295
semantic,6,dev_0593,no,,,other,NC,0.5045
semantic,6,dev_0859,no,NO. The U.S. Open is played on a different course each year.,no,no,Correct,0.5287000000000001
semantic,6,dev_0865,no,NO.,no,no,Correct,0.523
semantic,6,dev_1518,no,"NO. While Russia was the host country, not all matches were played in the",no,no,Correct,0.5226000000000001
semantic,6,dev_1768,no,YES (England won the 2019 FIFA Women's World Cup),yes,yes,Incorrect,0.5363
semantic,6,dev_1779,no,NO.,no,no,Correct,0.5209
semantic,6,dev_1905,no,"NO. According to IFAB Laws, a player cannot be offside directly from",no,no,Correct,0.5237
semantic,6,dev_2156,no,"NO. The Arizona Diamondbacks won the World Series in 2001, defeating",no,no,Correct,0.5327000000000001
semantic,6,dev_2158,no,NO  The Cincinnati Bengals have not yet won a Super Bowl in their franchise history,no,no,Correct,0.5328999999999999
semantic,6,dev_2798,no,"YES

While the Super Bowl loser does not receive a Vince Lombardi Trophy",yes,yes,Incorrect,0.5278999999999999
semantic,6,dev_3138,no,,,other,NC,0.5011
semantic,6,dev_0307,yes,"NO. 700c tires are designed for a 622mm rim diameter,",no,no,Incorrect,0.5205
semantic,6,dev_0506,yes,"NO 

Drywall mud and joint compound are related but not exactly the",no,no,Incorrect,0.5266000000000001
semantic,6,dev_0641,yes,I don't know. The interchangeability of parts between different firearm models can depend,i,idk,IDK,0.5192
semantic,6,dev_0844,yes,I don't know. The specific details of their infrastructure arrangements are not publicly disclosed,i,idk,IDK,0.5292
semantic,6,dev_1032,yes,"YES, 1-844 is a toll-free number in Canada. In the",yes,yes,Correct,0.526
semantic,6,dev_1574,yes,"YES  There is a small authentication chip in Apple Lightning cables, known as the",yes,yes,Correct,0.5307000000000001
semantic,6,dev_1889,yes,"YES. The Mazda Tribute and Ford Escape are essentially the same vehicle, with the",yes,yes,Correct,0.5313
semantic,6,dev_2093,yes,"YES. In many countries, including the US, you can call the police (",yes,yes,Correct,0.5214
semantic,6,dev_2213,yes,NO,no,no,Incorrect,0.5264
semantic,6,dev_2735,yes,YES,yes,yes,Correct,0.5227
semantic,6,dev_2836,yes,NO. The F-4 Phantom II was officially retired from military service in the,no,no,Incorrect,0.5278999999999999
semantic,6,dev_0788,no,I don't know,i,idk,IDK,0.5226000000000001
semantic,6,dev_0798,no,NO. Area code 669 is not a toll-free number. It is a,no,no,Correct,0.5374
semantic,6,dev_1249,no,"NO. C++ strings do not need to be null-terminated, as they",no,no,Correct,1.8684
semantic,6,dev_1458,no,"NO. Powered speakers typically have a built-in amplifier, so they don't require",no,no,Correct,0.5287999999999999
semantic,6,dev_1584,no,YES,yes,yes,Incorrect,0.5201
semantic,6,dev_1589,no,I don't know. A SIM-free phone typically refers to a device that is,i,idk,IDK,0.525
semantic,6,dev_1657,no,NO,no,no,Correct,0.5286000000000001
semantic,6,dev_1691,no,NO.,no,no,Correct,0.5243
semantic,6,dev_1943,no,YES,yes,yes,Incorrect,0.5209
semantic,6,dev_2682,no,,,other,NC,0.5095
semantic,6,dev_2712,no,NO,no,no,Correct,0.5213
semantic,6,dev_0427,no,NO,no,no,Correct,0.5203
semantic,6,dev_0531,no,NO. Smaug is not the only dragon in Middle-earth. There are,no,no,Correct,0.5326000000000001
semantic,6,dev_1915,no,YES (The novel is set in 15th-century Paris and is,yes,yes,Incorrect,0.5325
semantic,6,dev_1946,no,,,other,NC,0.5305
semantic,6,dev_2024,no,YES,yes,yes,Incorrect,0.5217
semantic,6,dev_2265,no,,,other,NC,0.5033
semantic,6,dev_0004,yes,YES,yes,yes,Correct,0.5306000000000001
semantic,6,dev_0241,yes,"YES. Mariah Carey co-wrote the song ""All I Want for Christmas",yes,yes,Correct,0.5272
semantic,6,dev_0326,yes,YES.,yes,yes,Correct,0.5243
semantic,6,dev_0525,yes,"YES. Queen had several number one hits, including ""Bohemian Rhaps",yes,yes,Correct,0.5227
semantic,6,dev_0577,yes,NO.,no,no,Incorrect,0.53
semantic,6,dev_0799,yes,NO.  Contestants on Jeopardy! do not receive the money they,no,no,Incorrect,0.5344
semantic,6,dev_0142,no,NO,no,no,Correct,0.5203
semantic,6,dev_0494,no,"NO. In biology, ""fitness"" refers to the ability of an individual to",no,no,Correct,0.5268999999999999
semantic,6,dev_0527,no,NO. HeLa cells are a well-known example of a cell line that is,no,no,Correct,0.5277999999999999
semantic,6,dev_0566,no,"NO. Bacteria of a single species can exhibit variation in shape, known as",no,no,Correct,0.5257999999999999
semantic,6,dev_0648,no,NO,no,no,Correct,0.5225
semantic,6,dev_0668,no,"NO 

Red-eared sliders are a type of freshwater turtle that can't survive",no,no,Correct,0.5257000000000001
semantic,6,dev_0749,no,NO,no,no,Correct,0.5288999999999999
semantic,6,dev_0790,no,NO,no,no,Correct,0.5233
semantic,6,dev_0867,no,"NO. 
Genotype and phenotype are not always directly correlated, and the same",no,no,Correct,0.5243
semantic,6,dev_0921,no,"YES  (Note: While whale sharks are the largest fish in the world,",yes,yes,Incorrect,0.5267999999999999
semantic,6,dev_1088,no,NO,no,no,Correct,0.533
semantic,6,dev_1329,no,NO. The earlobe is primarily made up of cartilage and fibrous tissue,no,no,Correct,0.5283
semantic,6,dev_1402,no,"NO. Tissue is typically composed of multiple cell types, each with distinct structures",no,no,Correct,0.5231
semantic,6,dev_1428,no,"NO. Sweat glands are part of the exocrine system, specifically the eccrine",no,no,Correct,0.5256000000000001
semantic,6,dev_1439,no,"NO. A groundhog and a mole are both rodents, but they belong to",no,no,Correct,0.5209
semantic,6,dev_0020,yes,,,other,NC,0.5019
semantic,6,dev_0027,yes,YES,yes,yes,Correct,0.5224
semantic,6,dev_0047,yes,YES.,yes,yes,Correct,0.5217
semantic,6,dev_0070,yes,YES. T. rex and Tyrannosaurus rex are the same. The,yes,yes,Correct,0.5213
semantic,6,dev_0086,yes,NO.,no,no,Incorrect,0.5195
semantic,6,dev_0121,yes,"YES. St. Bernards and Bernese Mountain Dogs are related breeds, both",yes,yes,Correct,0.5255
semantic,6,dev_0131,yes,NO,no,no,Incorrect,0.5288999999999999
semantic,6,dev_0147,yes,YES. The navel and belly button are actually two names for the same anatom,yes,yes,Correct,0.5221
semantic,6,dev_0159,yes,,,other,NC,0.5065
semantic,6,dev_0190,yes,"YES. Honey bees, specifically, die after stinging because their bar",yes,yes,Correct,0.5236000000000001
semantic,6,dev_0195,yes,YES. Alligators have been known to drown their prey and then eat it later,yes,yes,Correct,0.5346000000000001
semantic,6,dev_0200,yes,Yes. Competitive inhibitors bind to the active site of the enzyme. This competition with,yes,yes,Correct,0.5204
semantic,6,dev_0214,yes,YES,yes,yes,Correct,0.5333
semantic,6,dev_0242,yes,"YES, both male and female bighorn sheep have horns. In fact,",yes,yes,Correct,0.5324
semantic,6,dev_0522,yes,,,other,NC,0.5058
semantic,6,dev_0033,no,NO. Federal income tax and Social Security are two separate taxes with different purposes and,no,no,Correct,0.5244
semantic,6,dev_0123,no,"YES. Public limited companies are typically part of the private sector, as they are",yes,yes,Incorrect,0.5267000000000001
semantic,6,dev_0501,no,NO. Comcast and Time Warner are two separate companies in the media industry. Comcast,no,no,Correct,0.5251
semantic,6,dev_0526,no,"NO. Canadian dollars and American dollars are two separate currencies, with different exchange rates",no,no,Correct,0.5207999999999999
semantic,6,dev_1076,no,NO,no,no,Correct,0.5212
semantic,6,dev_1213,no,"NO. While both terms refer to the amount of money available for personal spending,",no,no,Correct,0.5244
semantic,6,dev_1654,no,"YES, discouraged workers are counted in the unemployment rate. Discouraged workers are",yes,yes,Incorrect,0.5217
semantic,6,dev_1753,no,"NO. Universal Music Group is a subsidiary of Vivendi, while Universal Studios is",no,no,Correct,0.5247999999999999
semantic,6,dev_1825,no,,,other,NC,0.501
semantic,6,dev_2911,no,NO. The United States has a floating exchange rate system.,no,no,Correct,0.5261
semantic,6,dev_2740,no,NO. The Better Business Bureau (BBB) is a non-profit organization that,no,no,Correct,0.524
semantic,6,dev_2517,no,NO. The Bank of England is the central bank of the United Kingdom and is,no,no,Correct,0.5205
semantic,6,dev_1139,yes,YES. New Mexico has a state income tax.,yes,yes,Correct,0.526
semantic,6,dev_0002,yes,"NO. 

House tax and property tax are related but distinct concepts. Property tax",no,no,Incorrect,0.5227999999999999
semantic,6,dev_0773,yes,,,other,NC,0.5137999999999999
semantic,6,dev_1186,yes,"YES. A universal life policy typically has a cash value component, which can grow",yes,yes,Correct,0.5247999999999999
semantic,6,dev_1302,yes,YES,yes,yes,Correct,0.5241
semantic,6,dev_1349,yes,YES,yes,yes,Correct,0.5239
semantic,6,dev_1771,yes,,,other,NC,0.5004
semantic,6,dev_1804,yes,"YES. The two-dollar bill is a legitimate denomination of U.S. currency,",yes,yes,Correct,1.8668
semantic,6,dev_1873,yes,YES. Stop & Shop and Giant Food Stores are both owned by Ahold Del,yes,yes,Correct,0.5313
semantic,6,dev_1963,yes,NO,no,no,Incorrect,0.5221
semantic,6,dev_2582,yes,,,other,NC,0.5007
semantic,6,dev_2598,yes,,,other,NC,0.5012
semantic,6,dev_3158,yes,,,other,NC,0.5121
semantic,6,dev_0551,no,,,other,NC,0.5015
semantic,6,dev_1158,no,"NO. While both crossovers and SUVs are types of vehicles, a",no,no,Correct,0.5278999999999999
semantic,6,dev_1364,no,"NO. A jet engine is actually an internal combustion engine, where fuel is ignited",no,no,Correct,0.5225
semantic,6,dev_1807,no,NO,no,no,Correct,0.5231
semantic,6,dev_2542,no,NO.,no,no,Correct,0.526
semantic,6,dev_2562,no,NO. A ribeye steak and a Delmonico steak are two distinct types,no,no,Correct,0.5304
semantic,6,dev_3005,no,"NO. English Bull Terrier is a distinct breed, whereas Pit Bull is a",no,no,Correct,0.5332
semantic,6,dev_3194,no,"NO  They are related, but distinct snack foods.  Corn chips are a",no,no,Correct,0.5253
semantic,6,dev_3195,no,NO. A boarding pass is a document that confirms your seat assignment and check-in,no,no,Correct,0.5179
semantic,6,dev_0013,yes,,,other,NC,0.5041
semantic,6,dev_0043,yes,YES,yes,yes,Correct,0.5242
semantic,6,dev_0052,yes,YES. A hammer is a common construction tool that can be used as a blunt,yes,yes,Correct,0.5333
semantic,6,dev_0091,yes,"YES, a tablespoon is generally larger than a dessert spoon. While a dessert spoon",yes,yes,Correct,0.5213
semantic,6,dev_0116,yes,"YES.  A father-in-law is considered a relative, specifically the father of",yes,yes,Correct,0.5211
semantic,6,dev_0288,yes,YES,yes,yes,Correct,0.5235
semantic,6,dev_0555,yes,NO,no,no,Incorrect,0.5205
semantic,6,dev_0627,yes,"NO. In the British honors system, the title of ""Sir"" is typically",no,no,Incorrect,0.5317999999999999
semantic,6,dev_0831,yes,Yes. A U.S. passport card is a valid form of identification accepted by,yes,yes,Correct,0.5213
semantic,6,dev_0721,no,"NO 

Would you",no,no,Correct,0.5362
semantic,6,dev_0863,no,NO,no,no,Correct,0.52
semantic,6,dev_1357,no,NO.  They are two different daytime talk shows.  I know this.,no,no,Correct,0.5214
semantic,6,dev_1951,no,"NO. The film The Bridge on the River Kwai is a fictional story,",no,no,Correct,0.5245
semantic,6,dev_2131,no,NO. Nacho Varga is a character from the TV series Better Call Saul,no,no,Correct,0.5312
semantic,6,dev_2174,no,"NO. While Fear the Walking Dead is a spin-off of The Walking Dead,",no,no,Correct,0.533
semantic,6,dev_2252,no,NO. America's Got Talent has open casting calls for contestants from all,no,no,Correct,0.5278999999999999
semantic,6,dev_2309,no,NO,no,no,Correct,0.5303
semantic,6,dev_2364,no,NO,no,no,Correct,0.5313
semantic,6,dev_3075,no,"NO. Pulp Fiction is a work of fiction, and its narrative is a",no,no,Correct,0.5207999999999999
semantic,6,dev_3205,no,NO. The movie Lady Bird (2017) is actually a coming-of-age,no,no,Correct,0.5247
semantic,6,dev_0015,yes,YES,yes,yes,Correct,1.8662999999999998
semantic,6,dev_0153,yes,"YES. There is a movie of The Handmaid's Tale, released in",yes,yes,Correct,0.5393
semantic,6,dev_0161,yes,"YES. The Night of the Hunter is indeed a film noir, a classic example",yes,yes,Correct,0.522
semantic,6,dev_0306,yes,,,other,NC,0.5001
semantic,6,dev_0334,yes,,,other,NC,0.5055
semantic,6,dev_0338,yes,,,other,NC,0.5024
semantic,6,dev_0493,yes,YES. Love Child is based on the true story of the St. Heliers,yes,yes,Correct,0.5221
semantic,6,dev_0520,yes,,,other,NC,0.5011
semantic,6,dev_0212,no,,,other,NC,0.5017
semantic,6,dev_0309,no,,,other,NC,0.5038
semantic,6,dev_0484,no,NO. Salt water taffy is a type of chewy candy that gets,no,no,Correct,0.5223
semantic,6,dev_0654,no,NO. Beef short ribs and spare ribs are different cuts of meat. Beef short,no,no,Correct,0.5216000000000001
semantic,6,dev_0973,no,NO,no,no,Correct,0.5305
semantic,6,dev_1335,no,NO.,no,no,Correct,0.521
semantic,6,dev_1443,no,NO,no,no,Correct,0.5237
semantic,6,dev_0284,yes,"NO. Enameled cast iron is coated with a layer of enamel, which",no,no,Incorrect,0.5226000000000001
semantic,6,dev_0330,yes,YES. The white cover on brie cheese is a type of edible rind,yes,yes,Correct,0.5341
semantic,6,dev_0443,yes,YES. Powdered sugar and confectioners' sugar are interchangeable terms that refer,yes,yes,Correct,0.5193
semantic,6,dev_0975,yes,NO. Wholemeal flour and whole wheat flour are related but not exactly the same,no,no,Incorrect,0.5278999999999999
semantic,6,dev_1741,yes,"YES  Garbanzo beans and chickpeas are the same thing, with",yes,yes,Correct,0.5365
semantic,6,dev_1770,yes,"YES  Pure vanilla extract typically contains a significant amount of alcohol, usually in the",yes,yes,Correct,0.527
semantic,6,dev_1860,no,NO,no,no,Correct,0.532
semantic,6,dev_1967,yes,NO.,no,no,Incorrect,0.5205
semantic,6,dev_0236,no,,,other,NC,0.5046
semantic,6,dev_0741,no,NO.,no,no,Correct,0.5227999999999999
semantic,6,dev_1440,no,"YES. The Xbox One is backward compatible with Xbox 360 games, including those",yes,yes,Incorrect,0.5203
semantic,6,dev_2062,no,NO. A queen and a knight are two different pieces with distinct movements. A,no,no,Correct,0.5239
semantic,6,dev_2109,no,NO. Call of Duty: World at War is actually based on World War II,no,no,Correct,0.5352
semantic,6,dev_2137,no,"YES. In chess, it is theoretically possible to win with only a king,",yes,yes,Incorrect,0.5297000000000001
semantic,6,dev_0478,yes,YES,yes,yes,Correct,0.5207
semantic,6,dev_0545,yes,YES. Just Cause 3 is an action-adventure game that features an open,yes,yes,Correct,0.5232
semantic,6,dev_1125,yes,YES,yes,yes,Correct,0.5243
semantic,6,dev_1137,yes,I don't know,i,idk,IDK,0.5192
semantic,6,dev_1162,yes,YES,yes,yes,Correct,0.525
semantic,6,dev_1177,yes,,,other,NC,0.5009
semantic,6,dev_1444,yes,"YES. The Xbox One has built-in backward compatibility with original Xbox games, allowing",yes,yes,Correct,0.5324
semantic,6,dev_0313,no,"NO. St. Kitts and Nevis is an independent country, a federal",no,no,Correct,0.5214
semantic,6,dev_0823,no,I don't know,i,idk,IDK,0.5324
semantic,6,dev_0839,no,NO. West Virginia was part of Virginia but became a separate state during the American,no,no,Correct,0.5318999999999999
semantic,6,dev_1222,no,"NO. The Isle of Man is a Crown dependency, a self-governing",no,no,Correct,0.5227999999999999
semantic,6,dev_1254,no,,,other,NC,0.5022
semantic,6,dev_1269,no,NO,no,no,Correct,0.5217999999999999
semantic,6,dev_1334,no,NO,no,no,Correct,0.5229
semantic,6,dev_0184,yes,YES. The Saint Lawrence Seaway connects Lake Michigan (via Lake Erie and the,yes,yes,Correct,0.5268999999999999
semantic,6,dev_0322,yes,YES,yes,yes,Correct,0.5203
semantic,6,dev_0557,yes,"YES. The Amazon River is a freshwater river, which means it has a low",yes,yes,Correct,0.5295
semantic,6,dev_0573,yes,YES,yes,yes,Correct,0.5245
semantic,6,dev_1179,yes,NO,no,no,Incorrect,0.5179
semantic,6,dev_0619,yes,"YES. The state of Texas has a land area of approximately 695,622",yes,yes,Correct,0.5232
semantic,6,dev_0650,yes,"YES. New York City is composed of five boroughs: Manhattan, Brooklyn,",yes,yes,Correct,0.5235
semantic,6,dev_0734,yes,"YES. The Welland Canal, which connects Lake Erie to Lake Ontario, allows",yes,yes,Correct,0.5256000000000001
semantic,6,dev_0061,no,YES. EMT-Basics are typically trained to perform basic life support,yes,yes,Incorrect,0.5297999999999999
semantic,6,dev_0124,no,NO.,no,no,Correct,0.5211
semantic,6,dev_0914,no,,,other,NC,0.5025
semantic,6,dev_0955,no,NO,no,no,Correct,0.5247
semantic,6,dev_1610,no,NO,no,no,Correct,0.5266000000000001
semantic,6,dev_1790,no,"NO. The lining of the uterus, or endometrium, does",no,no,Correct,0.5268999999999999
semantic,6,dev_2096,no,NO,no,no,Correct,0.5314
semantic,6,dev_2277,no,,,other,NC,0.5126000000000001
semantic,6,dev_2499,no,NO.,no,no,Correct,0.5216000000000001
semantic,6,dev_1959,yes,YES,yes,yes,Correct,0.5248999999999999
semantic,6,dev_1992,yes,YES,yes,yes,Correct,0.5304
semantic,6,dev_2047,yes,YES,yes,yes,Correct,0.5256000000000001
semantic,6,dev_1656,yes,"YES. Emotional stress, including the pain of a broken heart, can lead to",yes,yes,Correct,0.5204
semantic,6,dev_1663,yes,,,other,NC,0.5151
semantic,6,dev_1752,yes,YES. Triamcinolone cream is a topical corticosteroid that,yes,yes,Correct,0.5303
semantic,6,dev_2049,yes,"YES. The common femoral vein is a deep vein, located in the fem",yes,yes,Correct,0.5288999999999999
semantic,6,dev_2050,yes,,,other,NC,0.5181
semantic,6,dev_1442,yes,YES,yes,yes,Correct,0.5195
semantic,6,dev_0301,no,NO,no,no,Correct,0.5321
semantic,6,dev_0480,no,NO. The Articles of Confederation were replaced by the United States Constitution in,no,no,Correct,0.5337000000000001
semantic,6,dev_1290,no,"NO. Nova Scotia was a British colony, but it was not one of the",no,no,Correct,0.5285
semantic,6,dev_1819,no,NO. The Czech Republic and Czechoslovakia are not the same country.,no,no,Correct,0.5312
semantic,6,dev_2206,no,"NO. The Emancipation Proclamation, issued by President Abraham Lincoln on January",no,no,Correct,0.5301
semantic,6,dev_0376,yes,NO. William the Conqueror's claim to the English throne was based on,no,no,Incorrect,0.5326000000000001
semantic,6,dev_0346,yes,YES.,yes,yes,Correct,0.5217
semantic,6,dev_0363,yes,"YES. The 1971 Eisenhower dollar, in particular, is made of",yes,yes,Correct,0.5233
semantic,6,dev_0535,yes,,,other,NC,0.5142
semantic,6,dev_0629,yes,YES,yes,yes,Correct,0.5331
semantic,6,dev_0179,no,NO,no,no,Correct,0.5317999999999999
semantic,6,dev_0402,no,"NO. In the UK, monogamy is the only legally recognized form of",no,no,Correct,0.5253
semantic,6,dev_0513,no,,,other,NC,0.51
semantic,6,dev_0606,no,"NO. In Germany, escape from prison is a serious offense and is punishable under",no,no,Correct,0.521
semantic,6,dev_0630,no,"NO. While ""under honorable conditions"" is often associated with an honorable discharge,",no,no,Correct,0.5282
semantic,6,dev_0795,no,No.,no,no,Correct,0.524
semantic,6,dev_1457,no,"NO. The Civil Rights Act of 1964 is a federal law, not",no,no,Correct,0.5286000000000001
semantic,6,dev_1776,no,NO,no,no,Correct,0.5292
semantic,6,dev_1862,no,NO,no,no,Correct,0.5222
semantic,6,dev_1911,no,"NO. U.S. Supreme Court justices serve for life, unless they resign,",no,no,Correct,0.5257999999999999
semantic,6,dev_2755,no,"NO. In the US, passing the bar exam is typically a requirement for becoming",no,no,Correct,0.5235
semantic,6,dev_2756,no,YES The Bill of Rights is a collection of the first 10 amendments,yes,yes,Incorrect,0.5268999999999999
semantic,6,dev_2921,no,"NO. While both are taxes related to property, they are different types of taxes",no,no,Correct,0.5248999999999999
semantic,6,dev_2972,no,NO,no,no,Correct,0.5242
semantic,6,dev_0009,yes,"YES (Note: While a US license is typically valid in Canada, there may",yes,yes,Correct,0.5232
semantic,6,dev_0038,yes,"YES. Recording a cover of a song is generally legal, as long as you",yes,yes,Correct,0.5217
semantic,6,dev_0129,yes,"NO. In Florida, private sales of firearms are regulated and require a background check",no,no,Incorrect,0.5215
semantic,6,dev_0202,yes,I don't know. The severity of breaking and entering into a car can depend,i,idk,IDK,0.5261
semantic,6,dev_0308,yes,"YES. In most jurisdictions, it is illegal for a minor to be in possession",yes,yes,Correct,0.5199
semantic,6,dev_0584,yes,YES.,yes,yes,Correct,0.5252
semantic,6,dev_0644,yes,"YES. In most jurisdictions, it is mandatory to yield to an ambulance and pull",yes,yes,Correct,0.5245
semantic,6,dev_0653,yes,YES. The Family Medical Leave Act (FMLA) is a federal law that,yes,yes,Correct,0.5401
semantic,6,dev_0671,yes,Yes.,yes,yes,Correct,0.5217999999999999
semantic,6,dev_0757,yes,Yes.,yes,yes,Correct,0.5207
semantic,6,dev_1059,yes,"NO. The Supreme Court can review and potentially invalidate an executive order, but it",no,no,Incorrect,0.5252
semantic,6,dev_1067,yes,"YES. The Preamble is the introductory section of the Indian Constitution, and it",yes,yes,Correct,0.5219
semantic,6,dev_1097,yes,"YES. In Canada, individuals have the right to remain silent under Section",yes,yes,Correct,1.8819000000000001
semantic,6,dev_1131,yes,"I don't know. However, Illinois has a similar law called the ""Fire",i,idk,IDK,0.529
semantic,6,dev_1324,yes,"NO. In many jurisdictions, a sealed or closed container, such as",no,no,Incorrect,0.5265
semantic,6,dev_0305,no,NO,no,no,Correct,0.5242
semantic,6,dev_0465,no,NO. The National Guard is part of the Army.,no,no,Correct,0.5258999999999999
semantic,6,dev_0508,no,"NO. The 22nd Amendment to the United States Constitution, ratified in",no,no,Correct,0.5255
semantic,6,dev_0518,no,"NO. The Department of Justice is an executive agency, specifically a department within the",no,no,Correct,0.5317999999999999
semantic,6,dev_0572,no,,,other,NC,0.5023
semantic,6,dev_0898,no,"NO. In Canada, only Canadian citizens are eligible to vote in federal elections.",no,no,Correct,0.5265
semantic,6,dev_1154,no,"NO. The number of justices on the Supreme Court has varied over time, with",no,no,Correct,0.5207
semantic,6,dev_1221,no,NO.,no,no,Correct,0.5258999999999999
semantic,6,dev_1244,no,"NO. Canada and Australia are Commonwealth realms, but they are independent countries that are",no,no,Correct,0.5204
semantic,6,dev_1245,no,NO.,no,no,Correct,0.5337000000000001
semantic,6,dev_1273,no,"NO. Guam is a separate U.S. territory in the Pacific Ocean, whereas",no,no,Correct,0.5277000000000001
semantic,6,dev_0647,yes,,,other,NC,0.5052
semantic,6,dev_0254,yes,YES. The Vice President of the United States serves as the President of the Senate,yes,yes,Correct,0.5361
semantic,6,dev_0486,yes,"YES. The US Postal Service is an independent agency of the federal government, established",yes,yes,Correct,0.5203
semantic,6,dev_0736,yes,,,other,NC,0.5041
semantic,6,dev_0814,yes,,,other,NC,0.5078
semantic,6,dev_1477,yes,"YES. The cabinet is typically part of the executive branch, serving as a key",yes,yes,Correct,0.5243
semantic,6,dev_1721,yes,YES,yes,yes,Correct,0.524
semantic,6,dev_1786,yes,,,other,NC,0.5053
semantic,6,dev_1970,yes,YES,yes,yes,Correct,0.5307000000000001
semantic,6,dev_1985,yes,"YES. The Supreme Court has recognized a constitutional right to privacy through various decisions,",yes,yes,Correct,0.5303
semantic,6,dev_2448,no,"YES (in some elections, but not in others, due to the complexities of",yes,yes,Incorrect,0.5408
semantic,6,dev_0066,yes,NO. A triangle can have one right angle (90 degrees) and two acute,no,no,Incorrect,0.5247999999999999
semantic,6,dev_0088,yes,"YES. According to Einstein's equation, it is possible to create mass from energy",yes,yes,Correct,0.5247999999999999
semantic,6,dev_0196,yes,"YES Many T. rex skulls have been found, including the famous Sue",yes,yes,Correct,0.5253
semantic,6,dev_0262,yes,"YES. In optics, a real image can be projected onto a screen, which",yes,yes,Correct,0.6043999999999999
semantic,6,dev_0271,yes,YES. An outcome variable and a dependent variable are often used interchangeably to refer,yes,yes,Correct,0.5323
semantic,6,dev_0329,yes,"YES. The Sun, along with the rest of the stars in the Milky Way",yes,yes,Correct,0.5213
semantic,6,dev_0331,yes,,,other,NC,0.5023
semantic,6,dev_0387,yes,,,other,NC,0.5048
semantic,6,dev_0418,yes,,,other,NC,0.5028
semantic,6,dev_0616,yes,,,other,NC,0.5058
semantic,6,dev_0638,yes,"YES. In geometry, a rhombus is a quadrilateral with all sides",yes,yes,Correct,0.5275
semantic,6,dev_0657,yes,,,other,NC,0.5062
semantic,6,dev_0692,yes,,,other,NC,0.5036
semantic,6,dev_0744,yes,"NO. A polynomial cannot have a square root of a variable, as a polynomial",no,no,Incorrect,0.5206000000000001
semantic,6,dev_0797,yes,,,other,NC,0.5042
semantic,6,dev_0842,yes,YES. Diffraction is a phenomenon that occurs when sound waves encounter an obstacle or,yes,yes,Correct,0.5234
semantic,6,dev_1379,yes,,,other,NC,0.5137999999999999
semantic,6,dev_0126,no,,,other,NC,0.5014
semantic,6,dev_0342,no,,,other,NC,0.5023
semantic,6,dev_0437,no,NO.,no,no,Correct,0.535
semantic,6,dev_0553,no,"NO. While opposite angles in a parallelogram are equal, adjacent angles are",no,no,Correct,0.5186000000000001
semantic,6,dev_0652,no,"NO. The square root of 3 is an irrational number, which means it",no,no,Correct,0.526
semantic,6,dev_0708,no,NO,no,no,Correct,0.5196000000000001
semantic,6,dev_1083,no,NO,no,no,Correct,0.5253
semantic,6,dev_1142,no,"YES (although, it's worth noting that the information itself isn't actually being",yes,yes,Incorrect,0.5209
semantic,6,dev_1354,no,NO,no,no,Correct,0.5197999999999999
semantic,6,dev_1460,no,,,other,NC,0.5053
semantic,6,dev_1468,no,NO,no,no,Correct,0.5235
semantic,6,dev_1559,no,NO.,no,no,Correct,0.5213
semantic,6,dev_1595,no,"NO. While both involve removing impurities from water, reverse osmosis removes",no,no,Correct,0.5337999999999999
semantic,6,dev_1643,no,"YES. Static pressure is the pressure exerted by a fluid at rest, and",yes,yes,Incorrect,0.5227999999999999
semantic,6,dev_1692,no,,,other,NC,0.5056
semantic,6,dev_1726,no,NO,no,no,Correct,0.5254
semantic,6,dev_0008,yes,YES.,yes,yes,Correct,0.5197
semantic,6,dev_0323,yes,YES The Song of Solomon and the Song of Songs are actually the same,yes,yes,Correct,0.5247999999999999
semantic,6,dev_0794,yes,,,other,NC,0.5141
semantic,6,dev_0866,yes,"YES.  There are several words where Q is not followed by U, such",yes,yes,Correct,0.525
semantic,6,dev_0910,yes,YES,yes,yes,Correct,0.5203
semantic,6,dev_0992,yes,YES.,yes,yes,Correct,0.5298999999999999
semantic,6,dev_1446,yes,YES,yes,yes,Correct,0.5288999999999999
semantic,6,dev_0294,no,NO.,no,no,Correct,0.5174
semantic,6,dev_0521,no,"YES. The word ""kangaroo"" is often said to come from the",yes,yes,Incorrect,0.5491
semantic,6,dev_0943,no,"NO. The Book of Deuteronomy is actually part of the Old Testament,",no,no,Correct,0.5312
semantic,6,dev_1887,no,,,other,NC,0.5068
semantic,6,dev_2892,no,"NO. While they are both Goidelic languages and share similarities, they are",no,no,Correct,0.5284
semantic,6,dev_2691,no,NO.,no,no,Correct,0.5255
semantic,6,dev_0065,yes,YES,yes,yes,Correct,0.5324
semantic,6,dev_0245,yes,"YES. In American football, a quarterback can pass the ball multiple times in a",yes,yes,Correct,0.5209
semantic,6,dev_0315,yes,YES,yes,yes,Correct,0.5245
semantic,6,dev_0361,yes,,,other,NC,0.5036
semantic,6,dev_0550,yes,,,other,NC,0.5171
semantic,6,dev_0595,yes,"YES. The Ivy League has a basketball tournament, known as the Ivy League Men",yes,yes,Correct,0.5233
semantic,6,dev_0966,yes,YES. The round of 16 in the World Cup is a single-elim,yes,yes,Correct,0.5232
semantic,6,dev_1078,yes,YES. There are currently 12 NHL teams that have not won the Stanley Cup,yes,yes,Correct,0.5244
semantic,6,dev_1224,yes,NO. A football field is typically 120 yards long and 53 1,no,no,Incorrect,0.5294
semantic,6,dev_1251,yes,YES,yes,yes,Correct,0.5277000000000001
semantic,6,dev_1260,yes,"NO, Nike Air Force 1s are not designed for basketball and do not",no,no,Incorrect,0.5226000000000001
semantic,6,dev_1278,yes,YES,yes,yes,Correct,0.5256000000000001
semantic,6,dev_1462,yes,"YES  There is an opening ceremony for the FIFA World Cup, which takes place",yes,yes,Correct,0.5226000000000001
semantic,6,dev_1494,yes,"YES, you can be offside on a corner kick. A player can be",yes,yes,Correct,0.5233
semantic,6,dev_1543,yes,"YES. In the 2014 Stanley Cup Finals, the Los Angeles Kings came",yes,yes,Correct,0.5317000000000001
semantic,6,dev_2012,yes,YES,yes,yes,Correct,0.5245
semantic,6,dev_2118,yes,NO.  Wristlocks are designed to apply pressure to the joint in a,no,no,Incorrect,0.5257999999999999
semantic,6,dev_2272,yes,,,other,NC,0.5039
semantic,6,dev_2338,yes,NO,no,no,Incorrect,0.5219
semantic,6,dev_2498,yes,YES. There have been instances in baseball history where two grand slams have been,yes,yes,Correct,0.538
semantic,6,dev_2509,yes,YES. The Cleveland Cavaliers came back from 3-1 in the 201,yes,yes,Correct,0.5212
semantic,6,dev_2917,yes,YES. The Tampa Bay Lightning have won the Stanley Cup twice: in 200,yes,yes,Correct,0.5239
semantic,6,dev_2966,yes,"NO. In the NBA, players must be at least 19 years old and",no,no,Incorrect,0.5217
semantic,6,dev_2974,yes,YES,yes,yes,Correct,0.5332
semantic,6,dev_3007,yes,"YES. The Tour de France has a different route every year, with",yes,yes,Correct,0.5257000000000001
semantic,6,dev_3199,yes,YES.,yes,yes,Correct,0.5207
semantic,6,dev_0222,no,NO,no,no,Correct,0.522
semantic,6,dev_0398,no,"Yes. While throw-ins are often used to restart play and maintain possession, they",yes,yes,Incorrect,0.5227999999999999
semantic,6,dev_0426,no,NO. A soccer goalie cannot pick up a throw-in. According to the rules,no,no,Correct,0.531
semantic,6,dev_0464,no,NO. The golden goal was a rule that was used in the World Cup from,no,no,Correct,0.5274
semantic,6,dev_0563,no,"YES. Croatia won the FIFA World Cup in 2018, defeating France in",yes,yes,Incorrect,0.5264
semantic,6,dev_0658,no,NO. A walk in baseball is a live ball situation where the batter reaches base,no,no,Correct,0.525
semantic,6,dev_1366,no,NO. The UEFA Champions League trophy is made in a limited number and is not,no,no,Correct,0.5236000000000001
semantic,6,dev_1471,no,"NO. A player cannot be offside on a throw-in, as the ball",no,no,Correct,0.524
semantic,6,dev_1558,no,NO.,no,no,Correct,0.5307000000000001
semantic,6,dev_1580,no,"NO. The Chicago White Sox play at Guaranteed Rate Field, while the Chicago Cubs",no,no,Correct,0.5403
semantic,6,dev_2401,no,NO. A batsman cannot be run out on a no-ball. A no,no,no,Correct,0.5241
semantic,6,dev_2436,no,,,other,NC,0.5016
semantic,6,dev_3224,no,NO,no,no,Correct,0.5252
semantic,6,dev_0022,yes,,,other,NC,0.5014
semantic,6,dev_0132,yes,YES. A Network Attached Storage (NAS) device can be used as a file,yes,yes,Correct,0.5257999999999999
semantic,6,dev_0268,yes,,,other,NC,0.5025
semantic,6,dev_0646,yes,"YES. Multithreading can still provide benefits, such as improved responsiveness, even",yes,yes,Correct,0.5236000000000001
semantic,6,dev_0697,yes,Yes.,yes,yes,Correct,0.5235
semantic,6,dev_0935,yes,YES,yes,yes,Correct,0.5185
semantic,6,dev_1159,yes,YES. A high-level language can use an assembler as part of its compilation process,yes,yes,Correct,0.5252
semantic,6,dev_1376,yes,,,other,NC,0.5048
semantic,6,dev_1646,yes,YES,yes,yes,Correct,1.8613
semantic,6,dev_1869,yes,,,other,NC,0.5004
semantic,6,dev_2397,yes,YES,yes,yes,Correct,0.5282
semantic,6,dev_0512,no,"NO. Microsoft Visio is a diagramming and vector graphics tool, while Visual",no,no,Correct,0.532
semantic,6,dev_1524,no,NO.,no,no,Correct,0.5201
semantic,6,dev_1675,no,"NO. While related, input lag and response time are not exactly the same thing",no,no,Correct,0.5241
semantic,6,dev_1723,no,NO. A 3-way lamp requires a special type of bulb designed for,no,no,Correct,0.5237
semantic,6,dev_2027,no,NO.  HD DVD was a competing high-definition video format that was ultimately discontinued,no,no,Correct,0.5209
semantic,6,dev_2104,no,Yes.,yes,yes,Incorrect,0.5227
semantic,6,dev_2262,no,"NO. WordPad is a basic text editor that comes with Windows, while Microsoft",no,no,Correct,0.5207
semantic,6,dev_2431,no,"NO 

In a tree data structure, each node has at most one parent,",no,no,Correct,0.526
semantic,6,dev_2524,no,NO,no,no,Correct,0.5207
semantic,6,dev_3057,no,NO. Windows Subsystem for Linux (WSL) is a compatibility layer that,no,no,Correct,0.5311
semantic,6,dev_3167,no,NO,no,no,Correct,0.5231
semantic,11,dev_0023,yes,"NO. While both are types of garments that hang from the shoulders, a cape",no,no,Incorrect,0.5707000000000001
semantic,11,dev_0039,no,"YES. Carbon and hydrogen can form a polar covalent bond, with carbon",yes,yes,Incorrect,0.5734
semantic,11,dev_0055,no,"YES.  Wisconsin teams have competed in the Little League World Series several times,",yes,yes,Incorrect,0.5688
semantic,11,dev_0059,no,"YES. There is a group called The Five Heartbeats, which is a",yes,yes,Incorrect,0.5698
semantic,11,dev_0068,no,,,other,NC,0.5524
semantic,11,dev_0087,yes,NO,no,no,Incorrect,0.5722999999999999
semantic,11,dev_0107,no,YES,yes,yes,Incorrect,0.5684
semantic,11,dev_0120,yes,,,other,NC,0.54
semantic,11,dev_0138,no,,,other,NC,0.5531
semantic,11,dev_0151,no,NO. Numbers can have different forms and shapes in different languages and cultures.,no,no,Correct,0.5704
semantic,11,dev_0163,yes,,,other,NC,0.5332
semantic,11,dev_0165,no,NO,no,no,Correct,0.5646
semantic,11,dev_0207,no,NO,no,no,Correct,0.5789
semantic,11,dev_0210,no,NO,no,no,Correct,0.5678
semantic,11,dev_0221,no,YES,yes,yes,Incorrect,0.5684
semantic,11,dev_0229,yes,,,other,NC,0.5514
semantic,11,dev_0237,no,"YES. The terms ""2-cycle"" and ""2-stroke"" are often",yes,yes,Incorrect,0.57
semantic,11,dev_0243,no,YES,yes,yes,Incorrect,0.5678
semantic,11,dev_0248,yes,"NO. While cheetahs are the fastest land animal, peregr",no,no,Incorrect,0.5742999999999999
semantic,11,dev_0249,yes,"NO. Queen ants lay eggs, but do not give birth to new queens.",no,no,Incorrect,0.5697000000000001
semantic,11,dev_0251,yes,,,other,NC,0.5494
semantic,11,dev_0257,yes,"YES 

Glass windows can break on their own due to various factors, such as",yes,yes,Correct,0.568
semantic,11,dev_0270,no,NO  Is there anything else I can help you with?,no,no,Correct,0.5719
semantic,11,dev_0287,yes,YES. A fair catch is a special type of catch on a kickoff where the,yes,yes,Correct,0.5712
semantic,11,dev_0295,no,Yes. While both doves and pigeons belong to the same family (C,yes,yes,Incorrect,0.5686
semantic,11,dev_0298,yes,,,other,NC,0.5343
semantic,11,dev_0312,no,,,other,NC,0.5292
semantic,11,dev_0316,yes,NO,no,no,Incorrect,0.5715
semantic,11,dev_0318,yes,,,other,NC,0.5626
semantic,11,dev_0321,yes,NO,no,no,Incorrect,0.5686
semantic,11,dev_0333,yes,,,other,NC,0.5686
semantic,11,dev_0336,no,,,other,NC,0.5294
semantic,11,dev_0343,yes,"NO. The President is the head of the executive branch, but there are many",no,no,Incorrect,0.5692999999999999
semantic,11,dev_0352,no,YES,yes,yes,Incorrect,0.5702999999999999
semantic,11,dev_0355,no,YES,yes,yes,Incorrect,0.5701
semantic,11,dev_0364,no,"YES (In most forms of cricket, a wicket-keeper is",yes,yes,Incorrect,0.5682
semantic,11,dev_0366,no,YES,yes,yes,Incorrect,0.5714
semantic,11,dev_0406,no,YES,yes,yes,Incorrect,0.5714
semantic,11,dev_0428,no,No,no,no,Correct,0.5684
semantic,11,dev_0429,yes,NO,no,no,Incorrect,0.5664
semantic,11,dev_0430,yes,YES,yes,yes,Correct,0.5695
semantic,11,dev_0436,no,,,other,NC,0.5364
semantic,11,dev_0441,no,,,other,NC,0.5335
semantic,11,dev_0442,yes,"YES. Lead dust can be absorbed through the eyes, specifically through the",yes,yes,Correct,0.5715
semantic,11,dev_0479,no,,,other,NC,0.5519
semantic,11,dev_0481,no,,,other,NC,0.5575
semantic,11,dev_0482,no,,,other,NC,0.5361
semantic,11,dev_0487,no,,,other,NC,0.553
semantic,11,dev_0504,yes,"NO. While both are types of adhesive tapes, friction tape is typically used for",no,no,Incorrect,0.5662999999999999
semantic,11,dev_0509,no,Yes,yes,yes,Incorrect,0.5674
semantic,11,dev_0532,no,YES,yes,yes,Incorrect,0.5709
semantic,11,dev_0534,no,YES. The National Guard is a reserve component of the US military that typically operates,yes,yes,Incorrect,0.5711
semantic,11,dev_0536,yes,NO,no,no,Incorrect,0.5739
semantic,11,dev_0537,no,"NO. In the UK, a caution is typically given by the police after an",no,no,Correct,0.5689
semantic,11,dev_0546,yes,NO,no,no,Incorrect,0.5752
semantic,11,dev_0560,no,NO,no,no,Correct,0.5739
semantic,11,dev_0568,no,,,other,NC,0.535
semantic,11,dev_0569,no,,,other,NC,0.5284
semantic,11,dev_0588,yes,NO,no,no,Incorrect,0.569
semantic,11,dev_0594,no,,,other,NC,0.5351
semantic,11,dev_0596,no,,,other,NC,0.533
semantic,11,dev_0598,yes,,,other,NC,0.5343
semantic,11,dev_0612,yes,,,other,NC,0.5296000000000001
semantic,11,dev_0617,yes,,,other,NC,0.5337999999999999
semantic,11,dev_0662,yes,NO,no,no,Incorrect,0.5764
semantic,11,dev_0678,no,NO. Washing a child's mouth out with soap can be more harmful than helpful,no,no,Correct,0.5721
semantic,11,dev_0696,no,,,other,NC,0.5295
semantic,11,dev_0711,yes,NO,no,no,Incorrect,0.5678
semantic,11,dev_0718,yes,YES  Would you like me to,yes,yes,Correct,1.9125
semantic,11,dev_0724,no,YES,yes,yes,Incorrect,0.5722
semantic,11,dev_0731,no,YES,yes,yes,Incorrect,0.5737000000000001
semantic,11,dev_0737,no,NO,no,no,Correct,0.5682
semantic,11,dev_0754,yes,,,other,NC,0.5571
semantic,11,dev_0759,no,,,other,NC,0.5552
semantic,11,dev_0764,yes,,,other,NC,0.5327000000000001
semantic,11,dev_0782,yes,YES,yes,yes,Correct,0.5702999999999999
semantic,11,dev_0817,no,,,other,NC,0.5311
semantic,11,dev_0829,no,NO,no,no,Correct,0.5711
semantic,11,dev_0832,no,"YES, but with a significant detour, as the Darien Gap makes",yes,yes,Incorrect,0.5715
semantic,11,dev_0837,yes,,,other,NC,0.5528
semantic,11,dev_0853,no,No,no,no,Correct,0.5666
semantic,11,dev_0854,no,NO. Elephants are large herbivores and are preyed upon by other,no,no,Correct,0.5736
semantic,11,dev_0862,no,NO,no,no,Correct,0.5727000000000001
semantic,11,dev_0871,yes,"NO 

According to Ethnologue, a reliable source for language statistics, Mandarin",no,no,Incorrect,0.571
semantic,11,dev_0916,yes,NO,no,no,Incorrect,0.5721
semantic,11,dev_0922,yes,NO  A passport card is only valid for land and sea travel to and from,no,no,Incorrect,0.5709
semantic,11,dev_0933,no,NO,no,no,Correct,0.5699
semantic,11,dev_0934,yes,,,other,NC,0.5424
semantic,11,dev_0940,yes,YES. A passport card is a valid form of identification for domestic air travel in,yes,yes,Correct,0.5694
semantic,11,dev_0944,no,NO,no,no,Correct,0.5672999999999999
semantic,11,dev_0952,yes,,,other,NC,0.5525
semantic,11,dev_0958,yes,,,other,NC,0.5336000000000001
semantic,11,dev_0981,no,"YES, pyruvic acid and pyruvate are the same thing.",yes,yes,Incorrect,0.571
semantic,11,dev_0991,yes,Yes,yes,yes,Correct,0.5672
semantic,11,dev_0994,yes,NO.,no,no,Incorrect,0.5695
semantic,11,dev_0996,no,NO. Radiator Springs is a fictional town created for the Disney-Pixar,no,no,Correct,0.5732999999999999
semantic,11,dev_1006,no,"NO. In many countries, including the United States, voting is not a literacy",no,no,Correct,0.5844
semantic,11,dev_1011,no,YES,yes,yes,Incorrect,0.5712999999999999
semantic,11,dev_1022,yes,NO,no,no,Incorrect,0.5665
semantic,11,dev_1049,no,,,other,NC,0.5302
semantic,11,dev_1062,yes,,,other,NC,0.555
semantic,11,dev_1075,yes,"NO. While NHL rinks are required to meet certain minimum dimensions, they can",no,no,Incorrect,0.5838
semantic,11,dev_1102,no,,,other,NC,0.5538
semantic,11,dev_1110,yes,NO.,no,no,Incorrect,0.5705
semantic,11,dev_1112,no,"NO. Nuclear power refers specifically to the generation of electricity through nuclear reactions, whereas",no,no,Correct,0.5689
semantic,11,dev_1113,yes,NO.,no,no,Incorrect,0.5756
semantic,11,dev_1121,no,"YES, there was a global conflict before World War I, known as the",yes,yes,Incorrect,0.5727000000000001
semantic,11,dev_1133,no,YES,yes,yes,Incorrect,0.5705
semantic,11,dev_1138,yes,"NO. Anaerobic respiration, which includes fermentation, does not",no,no,Incorrect,1.9041
semantic,11,dev_1146,yes,NO,no,no,Incorrect,0.5686
semantic,11,dev_1155,yes,NO,no,no,Incorrect,0.5706
semantic,11,dev_1175,no,,,other,NC,0.555
semantic,11,dev_1178,no,,,other,NC,0.5536
semantic,11,dev_1183,yes,,,other,NC,0.5306000000000001
semantic,11,dev_1196,no,"YES. According to the Indian government, a person can hold dual citizenship, but",yes,yes,Incorrect,0.5738
semantic,11,dev_1204,yes,NO. The Eye of Agamotto is a powerful magical artifact in the Marvel,no,no,Incorrect,0.5791000000000001
semantic,11,dev_1205,no,YES,yes,yes,Incorrect,0.5708
semantic,11,dev_1209,yes,NO,no,no,Incorrect,0.5677000000000001
semantic,11,dev_1227,no,"NO. 1 is neither prime nor composite, and it is not considered a",no,no,Correct,0.5695
semantic,11,dev_1229,no,"YES. The fruit ""orange"" was actually named after the color, which was",yes,yes,Incorrect,0.5679
semantic,11,dev_1230,yes,"YES. A double eagle and an albatross are the same thing, referring",yes,yes,Correct,0.5695
semantic,11,dev_1235,no,"YES, a birth certificate is a form of ID, although it is typically not",yes,yes,Incorrect,0.5672999999999999
semantic,11,dev_1239,yes,,,other,NC,0.5519
semantic,11,dev_1241,no,,,other,NC,0.5337999999999999
semantic,11,dev_1250,yes,YES. The micropyle is a small opening in the seed coat that allows,yes,yes,Correct,0.5796
semantic,11,dev_1256,yes,,,other,NC,0.5337999999999999
semantic,11,dev_1261,no,,,other,NC,0.5557000000000001
semantic,11,dev_1267,no,,,other,NC,0.5551
semantic,11,dev_1271,no,"Yes. The drinking age in the United States varies from state to state, with",yes,yes,Incorrect,0.5698
semantic,11,dev_1283,yes,NO,no,no,Incorrect,1.9118
semantic,11,dev_1285,no,YES.,yes,yes,Incorrect,0.5659
semantic,11,dev_1286,no,"YES. Lightning bugs and fireflies are often used interchangeably, but technically,",yes,yes,Incorrect,0.5744
semantic,11,dev_1294,yes,,,other,NC,0.5509
semantic,11,dev_1296,yes,NO,no,no,Incorrect,0.5725
semantic,11,dev_1303,no,"NO. To be offside in soccer, a player must be closer to the",no,no,Correct,0.5815
semantic,11,dev_1307,yes,NO,no,no,Incorrect,0.5676
semantic,11,dev_1311,yes,"NO. While both are used to reduce vibrations in the engine, they serve slightly",no,no,Incorrect,0.5726
semantic,11,dev_1316,yes,"NO.  The Gateway Arch is part of the Gateway Arch National Park, but",no,no,Incorrect,0.5682
semantic,11,dev_1317,no,NO. Planetary nebulas are actually the remains of a star,no,no,Correct,0.573
semantic,11,dev_1333,yes,NO,no,no,Incorrect,0.5724
semantic,11,dev_1336,yes,,,other,NC,0.5552
semantic,11,dev_1345,no,YES,yes,yes,Incorrect,0.5675
semantic,11,dev_1359,no,"NO. In basketball, a player cannot give themselves an assist. An assist is",no,no,Correct,0.5701
semantic,11,dev_1370,yes,,,other,NC,0.5551
semantic,11,dev_1371,no,YES. Rafflesia arnoldii is considered the largest individual flower in,yes,yes,Incorrect,0.5689
semantic,11,dev_1372,yes,NO,no,no,Incorrect,0.5695
semantic,11,dev_1382,no,NO,no,no,Correct,0.573
semantic,11,dev_1406,no,NO. The Postmaster General is appointed by the USPS Board of Governors.,no,no,Correct,0.5717000000000001
semantic,11,dev_1408,yes,,,other,NC,0.5559
semantic,11,dev_1413,yes,YES,yes,yes,Correct,0.5746
semantic,11,dev_1419,yes,YES,yes,yes,Correct,0.5697000000000001
semantic,11,dev_1420,yes,NO 4x4 typically refers to a system that allows the driver,no,no,Incorrect,0.5708
semantic,11,dev_1423,no,NO,no,no,Correct,0.5717000000000001
semantic,11,dev_1424,no,,,other,NC,0.5551
semantic,11,dev_1436,no,"NO 

Equity in your home is not considered a liquid asset, as it",no,no,Correct,0.5695
semantic,11,dev_1438,yes,"NO. The UK is divided into several time zones, including GMT and BST in",no,no,Incorrect,0.5756
semantic,11,dev_1452,no,I don't know,i,idk,IDK,0.5672999999999999
semantic,11,dev_1455,yes,,,other,NC,0.5565
semantic,11,dev_1464,no,"NO. Sweet potatoes are actually part of the Convolvulaceae family,",no,no,Correct,0.5724
semantic,11,dev_1467,yes,"NO. In the UK, a grade D is not a pass grade, it",no,no,Incorrect,0.5695
semantic,11,dev_1473,yes,"NO. According to the laws of physics, a sailboat cannot travel",no,no,Incorrect,1.9185999999999999
semantic,11,dev_1489,yes,NO. While the soundtrack for Mamma Mia! Here We Go Again features many,no,no,Incorrect,0.569
semantic,11,dev_1498,yes,YES. The Nobel Peace Prize is awarded annually to recognize outstanding contributions to promoting peace,yes,yes,Correct,0.5697000000000001
semantic,11,dev_1508,no,"YES. Several riders have died during the Tour de France, including Tom Simpson,",yes,yes,Incorrect,0.5707000000000001
semantic,11,dev_1515,no,YES,yes,yes,Incorrect,0.5716
semantic,11,dev_1517,yes,"NO. Hydraulic fluid and brake fluid are two different types of fluids, and using",no,no,Incorrect,0.569
semantic,11,dev_1528,yes,NO. While a J.D. (Juris Doctor) is a postgraduate,no,no,Incorrect,0.5691
semantic,11,dev_1533,no,NO,no,no,Correct,0.5674
semantic,11,dev_1534,no,"NO. In baseball, a player is not allowed to catch a ball in the",no,no,Correct,0.5689
semantic,11,dev_1546,yes,Yes.,yes,yes,Correct,0.572
semantic,11,dev_1552,yes,,,other,NC,0.5321
semantic,11,dev_1557,no,,,other,NC,0.5644
semantic,11,dev_1563,no,YES,yes,yes,Incorrect,0.5774
semantic,11,dev_1627,no,,,other,NC,0.5585
semantic,11,dev_1632,yes,NO,no,no,Incorrect,0.5688
semantic,11,dev_1650,yes,,,other,NC,0.5545
semantic,11,dev_1655,no,YES,yes,yes,Incorrect,0.5702
semantic,11,dev_1658,yes,NO,no,no,Incorrect,0.572
semantic,11,dev_1659,yes,YES. An undergraduate degree and a bachelor's degree are often used interchangeably to,yes,yes,Correct,0.5685
semantic,11,dev_1673,yes,YES,yes,yes,Correct,0.5722
semantic,11,dev_1680,no,YES. Picking your nose can damage the nasal mucosa and c,yes,yes,Incorrect,0.5712999999999999
semantic,11,dev_1687,no,NO,no,no,Correct,0.571
semantic,11,dev_1698,no,,,other,NC,0.5669
semantic,11,dev_1707,yes,NO. A Public Limited Company (PLC) is a type of limited company,no,no,Incorrect,0.5671
semantic,11,dev_1727,yes,NO,no,no,Incorrect,0.5557000000000001
semantic,11,dev_1736,no,YES. The magnitude of a physical quantity can change with a change in,yes,yes,Incorrect,0.573
semantic,11,dev_1737,yes,"NO. In basketball, a player can only shoot free throws from the free-",no,no,Incorrect,0.5735
semantic,11,dev_1740,yes,YES,yes,yes,Correct,0.5707000000000001
semantic,11,dev_1743,no,NO,no,no,Correct,0.5672
semantic,11,dev_1749,yes,"YES Delhi University and the University of Delhi are the same, as the",yes,yes,Correct,0.5688
semantic,11,dev_1750,no,No.,no,no,Correct,0.5702999999999999
semantic,11,dev_1757,yes,,,other,NC,0.5346000000000001
semantic,11,dev_1763,yes,"NO. The House of Representatives is one of the two chambers of Congress, the",no,no,Incorrect,0.5688
semantic,11,dev_1775,no,NO. The NBA playoffs are played in a 2-2-1-,no,no,Correct,0.5873999999999999
semantic,11,dev_1789,no,,,other,NC,0.5529
semantic,11,dev_1806,no,"NO. The U.S. stopped issuing $1,000 bills in 194",no,no,Correct,0.5751000000000001
semantic,11,dev_1814,no,NO,no,no,Correct,0.5802999999999999
semantic,11,dev_1823,yes,YES. The MLB All-Star Game has traditionally determined home-field advantage in the World,yes,yes,Correct,0.5717000000000001
semantic,11,dev_1832,no,YES,yes,yes,Incorrect,0.571
semantic,11,dev_1849,yes,,,other,NC,0.533
semantic,11,dev_1851,no,,,other,NC,0.5579
semantic,11,dev_1857,no,"YES. Cows need to give birth to produce milk, as the",yes,yes,Incorrect,0.5727000000000001
semantic,11,dev_1895,yes,,,other,NC,0.5376000000000001
semantic,11,dev_1906,no,NO.  College football players do not have to enter the NFL Draft to play,no,no,Correct,0.569
semantic,11,dev_1916,yes,NO,no,no,Incorrect,0.5735
semantic,11,dev_1919,yes,YES. Nuclear transmutation is the process by which a nucleus of one element is,yes,yes,Correct,0.5707000000000001
semantic,11,dev_1924,yes,No.,no,no,Incorrect,0.5716
semantic,11,dev_1938,no,,,other,NC,0.5292
semantic,11,dev_1948,yes,,,other,NC,0.5356000000000001
semantic,11,dev_1950,no,,,other,NC,0.5336000000000001
semantic,11,dev_1960,no,"NO. They are two separate and independent countries, often confused with each other due",no,no,Correct,0.5735
semantic,11,dev_1977,no,"NO.  According to the Constitution, a person must be a natural-born citizen",no,no,Correct,0.5722
semantic,11,dev_1995,yes,YES,yes,yes,Correct,0.5697000000000001
semantic,11,dev_1997,yes,Yes.,yes,yes,Correct,0.573
semantic,11,dev_2009,no,,,other,NC,0.5567000000000001
semantic,11,dev_2032,yes,"YES. Flies, including those that cause myiasis such as botflies",yes,yes,Correct,0.5702999999999999
semantic,11,dev_2045,yes,"NO.  Article II, Section 1 of the U.S. Constitution states",no,no,Incorrect,0.5684
semantic,11,dev_2053,no,"NO. In tennis, you can score regardless of whether you are serving or receiving",no,no,Correct,0.5728
semantic,11,dev_2061,no,"Yes. You can choose who is listed as your next of kin, either by",yes,yes,Incorrect,0.5867
semantic,11,dev_2065,yes,NO,no,no,Incorrect,0.5707000000000001
semantic,11,dev_2068,yes,YES. Allied Waste was acquired by Republic Services in 2008 and is now,yes,yes,Correct,0.5697000000000001
semantic,11,dev_2078,no,"NO. While black cumin seed and black seed are often used interchangeably,",no,no,Correct,0.5692
semantic,11,dev_2079,yes,YES,yes,yes,Correct,0.5724
semantic,11,dev_2088,no,,,other,NC,0.559
semantic,11,dev_2091,no,No,no,no,Correct,0.5694
semantic,11,dev_2094,no,Yes.,yes,yes,Incorrect,0.5672
semantic,11,dev_2095,yes,YES,yes,yes,Correct,0.5727000000000001
semantic,11,dev_2139,no,NO. A passport card is only valid for land and sea travel to and from,no,no,Correct,0.5697000000000001
semantic,11,dev_2166,yes,,,other,NC,0.5566
semantic,11,dev_2184,no,YES,yes,yes,Incorrect,0.5786
semantic,11,dev_2187,yes,,,other,NC,0.5566
semantic,11,dev_2192,no,NO. A lieutenant colonel is typically a rank below a colonel in the,no,no,Correct,1.9155
semantic,11,dev_2196,no,YES. Red-eared slider turtles are a species of turtle that lays eggs in,yes,yes,Incorrect,0.5666
semantic,11,dev_2199,yes,YES,yes,yes,Correct,0.5724
semantic,11,dev_2204,yes,NO,no,no,Incorrect,0.5687000000000001
semantic,11,dev_2220,no,"YES, the ball is dead on an infield fly.",yes,yes,Incorrect,0.5709
semantic,11,dev_2224,no,,,other,NC,0.5512999999999999
semantic,11,dev_2232,no,YES,yes,yes,Incorrect,0.573
semantic,11,dev_2234,no,,,other,NC,0.5332
semantic,11,dev_2237,no,NO,no,no,Correct,0.5801000000000001
semantic,11,dev_2247,yes,,,other,NC,0.5521
semantic,11,dev_2248,yes,,,other,NC,0.5519
semantic,11,dev_2266,no,,,other,NC,0.5346000000000001
semantic,11,dev_2275,yes,I don't know.  The legality of card counting in Las Vegas is a,i,idk,IDK,0.5691
semantic,11,dev_2295,yes,YES.,yes,yes,Correct,0.5698
semantic,11,dev_2304,yes,NO,no,no,Incorrect,0.5685
semantic,11,dev_2306,yes,,,other,NC,0.5365
semantic,11,dev_2310,no,YES. In-N-Out Burger is a privately-held company that uses a franchise model,yes,yes,Incorrect,0.5718
semantic,11,dev_2315,yes,,,other,NC,0.5579
semantic,11,dev_2323,no,YES. The film Tully is based on a novel of the same name by,yes,yes,Incorrect,0.5725
semantic,11,dev_2328,no,"YES. Corinthian leather is a type of leather upholstery used in some vehicles,",yes,yes,Incorrect,0.5688
semantic,11,dev_2350,no,"NO (although it is based on the author's real-life experiences, it is",no,no,Correct,1.9114
semantic,11,dev_2382,yes,NO,no,no,Incorrect,0.5818
semantic,11,dev_2387,yes,Yes.,yes,yes,Correct,0.5707000000000001
semantic,11,dev_2388,no,"NO, in most cases, a defendant cannot be retried for the same crime",no,no,Correct,0.5669
semantic,11,dev_2396,yes,NO,no,no,Incorrect,0.5717000000000001
semantic,11,dev_2408,yes,YES,yes,yes,Correct,0.5697000000000001
semantic,11,dev_2413,no,YES (The movie Stalingrad is a 1993 Russian war,yes,yes,Incorrect,0.5737000000000001
semantic,11,dev_2428,yes,YES,yes,yes,Correct,0.5668
semantic,11,dev_2433,no,NO.,no,no,Correct,0.5706
semantic,11,dev_2434,no,YES,yes,yes,Incorrect,0.5645
semantic,11,dev_2447,no,YES,yes,yes,Incorrect,0.5701
semantic,11,dev_2473,yes,NO,no,no,Incorrect,0.5659
semantic,11,dev_2479,no,"YES

Hong Kong, a Special Administrative Region of China, was subject to",yes,yes,Incorrect,0.5674
semantic,11,dev_2504,no,YES,yes,yes,Incorrect,0.57
semantic,11,dev_2532,yes,NO. A fetus in fetu is a rare congenital anomaly where a fetus,no,no,Incorrect,0.5685
semantic,11,dev_2537,no,"NO. Social studies is an interdisciplinary field that incorporates history, geography,",no,no,Correct,0.5752
semantic,11,dev_2538,no,"NO. The film War Room is a work of fiction, although it is inspired",no,no,Correct,0.5672
semantic,11,dev_2547,yes,,,other,NC,0.538
semantic,11,dev_2548,no,NO. The queen bee is the only female bee in the colony that can sting,no,no,Correct,0.5667000000000001
semantic,11,dev_2555,no,NO,no,no,Correct,0.5805
semantic,11,dev_2566,no,YES. A Bachelor of Education (B.Ed.) is an undergraduate degree that is,yes,yes,Incorrect,0.5695
semantic,11,dev_2572,no,NO,no,no,Correct,0.5702999999999999
semantic,11,dev_2577,no,,,other,NC,0.5502
semantic,11,dev_2605,yes,,,other,NC,0.5532999999999999
semantic,11,dev_2614,yes,"NO 

Would you like to know why?",no,no,Incorrect,0.5728
semantic,11,dev_2622,no,,,other,NC,0.551
semantic,11,dev_2634,yes,"NO. In 8-ball, the cue ball is placed anywhere behind the head",no,no,Incorrect,0.5756
semantic,11,dev_2643,no,,,other,NC,0.5549
semantic,11,dev_2655,yes,NO,no,no,Incorrect,0.5734
semantic,11,dev_2656,yes,,,other,NC,0.5333
semantic,11,dev_2690,yes,NO,no,no,Incorrect,0.5682999999999999
semantic,11,dev_2719,no,NO. Electrons flow in the opposite direction of conventional current. While,no,no,Correct,0.5686
semantic,11,dev_2727,no,,,other,NC,0.5522
semantic,11,dev_2750,yes,"YES. Cows need to be pregnant to produce milk, as the",yes,yes,Correct,0.5754
semantic,11,dev_2757,yes,YES,yes,yes,Correct,0.5675
semantic,11,dev_2770,yes,NO,no,no,Incorrect,0.5686
semantic,11,dev_2791,yes,"NO. The gut refers to the entire alimentary canal, while the stomach is",no,no,Incorrect,0.5711
semantic,11,dev_2813,yes,,,other,NC,0.5596
semantic,11,dev_2821,yes,NO,no,no,Incorrect,0.574
semantic,11,dev_2832,yes,,,other,NC,0.5351
semantic,11,dev_2838,no,NO. The Prince of Tides is a work of fiction by Pat Conroy,no,no,Correct,0.5712999999999999
semantic,11,dev_2853,no,"YES. The standard language spoken in both North and South Korea is the same,",yes,yes,Incorrect,0.5684
semantic,11,dev_2870,no,"YES. The derivative of a continuous function is always continuous, except possibly at points",yes,yes,Incorrect,0.5709
semantic,11,dev_2875,yes,NO,no,no,Incorrect,0.5699
semantic,11,dev_2880,no,YES,yes,yes,Incorrect,0.5686
semantic,11,dev_2890,no,NO.,no,no,Correct,0.5672
semantic,11,dev_2901,yes,NO,no,no,Incorrect,0.5711
semantic,11,dev_2906,yes,NO,no,no,Incorrect,0.5728
semantic,11,dev_2919,no,NO. The,no,no,Correct,0.5726
semantic,11,dev_2931,yes,"NO. In most jurisdictions, the minimum legal drinking age is 21. However",no,no,Incorrect,0.569
semantic,11,dev_2933,no,"YES. Many commercial flights, particularly those traveling between Europe and Asia or between North",yes,yes,Incorrect,0.5771000000000001
semantic,11,dev_2956,yes,,,other,NC,0.555
semantic,11,dev_2959,no,NO,no,no,Correct,0.5702
semantic,11,dev_2967,yes,,,other,NC,0.5306000000000001
semantic,11,dev_2973,no,"YES. The Golden Compass was followed by two sequels, The Subtle Knife",yes,yes,Incorrect,0.5679
semantic,11,dev_2991,yes,YES,yes,yes,Correct,0.567
semantic,11,dev_3000,yes,,,other,NC,0.5547000000000001
semantic,11,dev_3015,yes,,,other,NC,0.5343
semantic,11,dev_3027,no,NO. Ireland is part of the Common Travel Area (CTA) with the,no,no,Correct,0.5672
semantic,11,dev_3029,no,YES,yes,yes,Incorrect,0.5692
semantic,11,dev_3035,no,YES,yes,yes,Incorrect,1.9085
semantic,11,dev_3040,no,YES,yes,yes,Incorrect,0.5722999999999999
semantic,11,dev_3073,no,NO. Top sirloin steak and sirloin steak are not the same,no,no,Correct,0.5679
semantic,11,dev_3079,yes,"NO. Salary is typically included in Operating Expenses, not in Cost of Goods Sold",no,no,Incorrect,0.5687000000000001
semantic,11,dev_3089,yes,NO,no,no,Incorrect,0.5701
semantic,11,dev_3105,yes,No,no,no,Incorrect,0.5671
semantic,11,dev_3106,yes,YES,yes,yes,Correct,0.5702
semantic,11,dev_3107,yes,YES,yes,yes,Correct,0.5676
semantic,11,dev_3122,no,NO  Reese's Pieces are peanut butter candies covered in a crunchy sugar,no,no,Correct,0.5735
semantic,11,dev_3143,no,"NO. The Republic of Ireland is not part of the Schengen Area,",no,no,Correct,0.5672
semantic,11,dev_3173,no,NO. A private equity fund is a type of investment fund that pools money from,no,no,Correct,0.5726
semantic,11,dev_3183,no,,,other,NC,0.5502999999999999
semantic,11,dev_3187,yes,NO,no,no,Incorrect,0.5727000000000001
semantic,11,dev_3204,no,YES. The fundus of the gallbladder is indeed located near the cyst,yes,yes,Incorrect,0.5672
semantic,11,dev_3212,yes,YES,yes,yes,Correct,0.567
semantic,11,dev_3221,no,NO,no,no,Correct,0.5758
semantic,11,dev_3231,yes,,,other,NC,0.5286000000000001
semantic,11,dev_3232,yes,NO,no,no,Incorrect,0.5791000000000001
semantic,11,dev_3238,yes,"NO. The non-striker cannot be run out by the bowler,",no,no,Incorrect,0.572
semantic,11,dev_3239,yes,YES. The Conn Smythe Trophy has been awarded to a player on the losing,yes,yes,Correct,0.573
semantic,11,dev_3241,yes,"YES. Romania was a part of the Austro-Hungarian Empire, but",yes,yes,Correct,1.9078
semantic,11,dev_3242,yes,YES,yes,yes,Correct,0.5717000000000001
semantic,11,dev_0031,yes,NO,no,no,Incorrect,0.5682
semantic,11,dev_0148,yes,NO,no,no,Incorrect,0.5698
semantic,11,dev_0178,yes,YES,yes,yes,Correct,0.5726
semantic,11,dev_0410,yes,YES,yes,yes,Correct,0.5675
semantic,11,dev_0419,yes,"YES. Eric Clapton played guitar on the Beatles' song ""While My",yes,yes,Correct,0.5704
semantic,11,dev_0448,yes,YES,yes,yes,Correct,0.5667000000000001
semantic,11,dev_0224,no,NO,no,no,Correct,0.575
semantic,11,dev_0317,no,"NO.  While some people are born with perfect pitch, research suggests that it",no,no,Correct,0.5782
semantic,11,dev_0368,no,NO,no,no,Correct,0.5705
semantic,11,dev_0507,no,,,other,NC,0.5303
semantic,11,dev_0603,no,,,other,NC,0.5518
semantic,11,dev_0938,no,NO,no,no,Correct,0.5706
semantic,11,dev_0076,yes,"NO. Female ferrets do not die if they don't mate, but they",no,no,Incorrect,0.5714
semantic,11,dev_0459,yes,"YES
In gene transcription, it matters which DNA strand is transcribed because the",yes,yes,Correct,0.5689
semantic,11,dev_0502,yes,,,other,NC,0.5522
semantic,11,dev_0580,yes,,,other,NC,0.5341
semantic,11,dev_1089,yes,,,other,NC,0.5337000000000001
semantic,11,dev_1153,yes,NO,no,no,Incorrect,0.572
semantic,11,dev_1315,yes,"I don't know
 Ion–dipole interactions and hydrogen bonds are both",i,idk,IDK,0.5745
semantic,11,dev_1482,yes,,,other,NC,0.5366000000000001
semantic,11,dev_1568,yes,NO.,no,no,Incorrect,0.5728
semantic,11,dev_1968,yes,NO,no,no,Incorrect,0.5671
semantic,11,dev_2223,yes,"YES
(Turritopsis dohrnii, also known as the """,yes,yes,Correct,0.5697000000000001
semantic,11,dev_2420,yes,YES,yes,yes,Correct,0.5672999999999999
semantic,11,dev_2882,yes,,,other,NC,0.5569
semantic,11,dev_2899,yes,YES,yes,yes,Correct,0.5702
semantic,11,dev_2910,yes,NO,no,no,Incorrect,0.5722
semantic,11,dev_0713,no,"YES Cows can lactate even if they are not pregnant, as",yes,yes,Incorrect,0.566
semantic,11,dev_0816,no,,,other,NC,0.5341
semantic,11,dev_0911,no,"NO  The ring finger is connected to the hand, and the heart is connected",no,no,Correct,0.5702999999999999
semantic,11,dev_0997,no,"NO. While both are types of liquids used for disinfection, they have different",no,no,Correct,0.5762
semantic,11,dev_1258,no,NO,no,no,Correct,0.5694
semantic,11,dev_1422,no,"NO. Root hairs are primarily found in the root hair zone, which is a",no,no,Correct,0.5678
semantic,11,dev_2120,no,NO,no,no,Correct,0.5666
semantic,11,dev_2353,no,,,other,NC,0.5337999999999999
semantic,11,dev_2441,no,,,other,NC,0.5332
semantic,11,dev_2087,no,YES. Sperm whales are listed as Vulnerable on the IUCN Red,yes,yes,Incorrect,0.5662
semantic,11,dev_2215,no,"NO. In a pair of chromosomes, each chromosome has a unique combination of genes",no,no,Correct,0.5716
semantic,11,dev_2503,no,NO,no,no,Correct,1.9192
semantic,11,dev_2652,no,"YES. All baby birds, also known as chicks, have an egg",yes,yes,Incorrect,0.5762
semantic,11,dev_2850,no,YES,yes,yes,Incorrect,0.5709
semantic,11,dev_3062,no,,,other,NC,0.5318999999999999
semantic,11,dev_0400,yes,,,other,NC,0.5316000000000001
semantic,11,dev_0432,yes,YES. The Reserve Bank of India (RBI) is the central,yes,yes,Correct,0.5744
semantic,11,dev_0446,yes,,,other,NC,0.533
semantic,11,dev_0455,yes,YES,yes,yes,Correct,0.5661
semantic,11,dev_0472,yes,,,other,NC,0.5527000000000001
semantic,11,dev_0524,yes,,,other,NC,0.5569
semantic,11,dev_0767,yes,YES,yes,yes,Correct,0.5794
semantic,11,dev_0875,yes,NO,no,no,Incorrect,0.5665
semantic,11,dev_0950,yes,"YES. Poland Spring water is sourced from natural springs in Maine, USA.",yes,yes,Correct,0.567
semantic,11,dev_1023,yes,NO,no,no,Incorrect,0.5711
semantic,11,dev_1171,yes,"YES. Money from Guernsey is legal tender in the UK, as Gu",yes,yes,Correct,0.5712
semantic,11,dev_1207,yes,,,other,NC,0.5317000000000001
semantic,11,dev_1299,yes,YES Net earnings and net income are often used interchangeably and refer to,yes,yes,Correct,0.571
semantic,11,dev_0157,no,NO.,no,no,Correct,0.5707000000000001
semantic,11,dev_0371,no,NO,no,no,Correct,0.5687000000000001
semantic,11,dev_0621,no,,,other,NC,0.541
semantic,11,dev_0699,no,,,other,NC,0.529
semantic,11,dev_0954,no,I don't know. I'd need more information to provide an accurate answer.,i,idk,IDK,0.5679
semantic,11,dev_1050,no,NO.,no,no,Correct,0.5676
semantic,11,dev_1208,no,,,other,NC,0.5559
semantic,11,dev_1257,no,NO,no,no,Correct,0.5684
semantic,11,dev_1805,no,NO,no,no,Correct,0.5669
semantic,11,dev_1876,no,NO. Montgomery Ward filed for bankruptcy in 2000 and closed all of its,no,no,Correct,0.5768
semantic,11,dev_2290,no,"NO. While both terms refer to the average income of a country's citizens,",no,no,Correct,0.5699
semantic,11,dev_2444,no,,,other,NC,0.536
semantic,11,dev_0250,yes,"YES. In the Netherlands, Father's Day is celebrated on the third Sunday of",yes,yes,Correct,0.5675
semantic,11,dev_0337,yes,NO.,no,no,Incorrect,0.5697000000000001
semantic,11,dev_0386,yes,,,other,NC,0.554
semantic,11,dev_0591,yes,NO  Would you like to know more about Copa Airlines or the Star Alliance?,no,no,Incorrect,0.5722
semantic,11,dev_0746,yes,"Yes.  June 12 is a national holiday in the Philippines, known as",yes,yes,Correct,0.5712999999999999
semantic,11,dev_0845,yes,YES,yes,yes,Correct,0.5675
semantic,11,dev_0855,yes,YES,yes,yes,Correct,0.5686
semantic,11,dev_0915,yes,NO,no,no,Incorrect,0.5687000000000001
semantic,11,dev_0945,yes,NO,no,no,Incorrect,0.5719
semantic,11,dev_0021,no,,,other,NC,0.5532
semantic,11,dev_0490,no,"YES. American citizens need a visa to enter Georgia, which is a country in",yes,yes,Incorrect,0.5774
semantic,11,dev_0581,no,NO,no,no,Correct,0.567
semantic,11,dev_0631,no,,,other,NC,0.5549
semantic,11,dev_0691,no,"NO. If it says ""Freepost"", the postage is already paid for",no,no,Correct,0.5806
semantic,11,dev_0783,no,NO,no,no,Correct,0.5712
semantic,11,dev_0787,no,,,other,NC,0.533
semantic,11,dev_0825,no,NO.,no,no,Correct,0.5572999999999999
semantic,11,dev_0885,no,NO. UK citizens do not need a visa to enter Albania for tourism or business,no,no,Correct,0.5759
semantic,11,dev_0089,yes,YES,yes,yes,Correct,0.5804
semantic,11,dev_0095,yes,YES,yes,yes,Correct,0.5728
semantic,11,dev_0211,yes,YES,yes,yes,Correct,0.5687000000000001
semantic,11,dev_0238,yes,"YES. Beau Abbott dies in the film ""A Quiet Place"".",yes,yes,Correct,0.5782
semantic,11,dev_0252,yes,,,other,NC,0.5335
semantic,11,dev_0256,yes,NO,no,no,Incorrect,0.571
semantic,11,dev_0266,yes,Yes.,yes,yes,Correct,0.5691
semantic,11,dev_0310,yes,Yes.,yes,yes,Correct,0.568
semantic,11,dev_0359,yes,"YES. In the game show ""Who Wants to Be a Millionaire"", contestants",yes,yes,Correct,0.5738
semantic,11,dev_0422,yes,YES,yes,yes,Correct,0.5727000000000001
semantic,11,dev_0040,no,YES,yes,yes,Incorrect,0.5729
semantic,11,dev_0080,no,"YES. The sequel to ""Love Finds a Home"" is ""Love's Long",yes,yes,Incorrect,0.5732999999999999
semantic,11,dev_0100,no,I don't know,i,idk,IDK,0.5722999999999999
semantic,11,dev_0240,no,NO,no,no,Correct,0.5707000000000001
semantic,11,dev_0247,no,"NO. Let There Be Light is a work of fiction, although it may be",no,no,Correct,0.5761000000000001
semantic,11,dev_0260,no,,,other,NC,0.5307999999999999
semantic,11,dev_0277,no,Yes.,yes,yes,Incorrect,0.5811000000000001
semantic,11,dev_0290,no,,,other,NC,0.5376000000000001
semantic,11,dev_0303,no,,,other,NC,0.5365
semantic,11,dev_0231,yes,YES. Penne alla vodka typically contains heavy cream or a similar dairy product to,yes,yes,Correct,0.5711
semantic,11,dev_0401,yes,"NO. While both are considered whole grains, they are different types of grains:",no,no,Incorrect,0.5692
semantic,11,dev_0420,yes,NO,no,no,Incorrect,0.5712
semantic,11,dev_0571,yes,NO. Chicken cordon bleu is typically made with ham and Swiss cheese.,no,no,Incorrect,0.5672999999999999
semantic,11,dev_0583,yes,NO.  Baby back ribs are a cut of pork that comes from the loin,no,no,Incorrect,0.5722
semantic,11,dev_0765,yes,YES. Salted duck eggs are typically boiled or steamed to remove excess salt,yes,yes,Correct,0.5677000000000001
semantic,11,dev_0778,yes,"NO. While both are flat, rectangular pans used for baking, a cookie sheet",no,no,Incorrect,0.569
semantic,11,dev_0815,yes,YES,yes,yes,Correct,0.5704
semantic,11,dev_0073,no,NO,no,no,Correct,0.5754
semantic,11,dev_0491,no,,,other,NC,0.5415
semantic,11,dev_0615,no,NO,no,no,Correct,0.5657000000000001
semantic,11,dev_0868,no,NO  Would you like more information on the ingredients in Fruit Roll-Ups?,no,no,Correct,0.5692999999999999
semantic,11,dev_0880,no,,,other,NC,0.5505
semantic,11,dev_0953,no,NO,no,no,Correct,0.5707000000000001
semantic,11,dev_0985,no,,,other,NC,0.5287000000000001
semantic,11,dev_0136,yes,,,other,NC,0.5572999999999999
semantic,11,dev_0367,yes,"YES, Devil May Cry 5 is a direct sequel to Devil May Cry",yes,yes,Correct,0.5685
semantic,11,dev_0618,yes,NO. Dying Light: The Following Enhanced Edition is a standalone version of the,no,no,Incorrect,0.5742
semantic,11,dev_0720,yes,,,other,NC,0.5418
semantic,11,dev_0770,yes,NO,no,no,Incorrect,0.5712999999999999
semantic,11,dev_0835,yes,NO,no,no,Incorrect,0.5654
semantic,11,dev_0896,yes,YES,yes,yes,Correct,0.5682999999999999
semantic,11,dev_0434,no,"NO. While the Xbox One is backwards compatible with many Xbox games, not all",no,no,Correct,0.5704
semantic,11,dev_0489,no,,,other,NC,0.5301
semantic,11,dev_0852,no,I don't know,i,idk,IDK,0.5714
semantic,11,dev_0870,no,YES,yes,yes,Incorrect,0.5648
semantic,11,dev_1148,no,NO,no,no,Correct,0.5725
semantic,11,dev_2595,no,NO,no,no,Correct,0.5746
semantic,11,dev_0281,yes,YES,yes,yes,Correct,0.5718
semantic,11,dev_0528,yes,,,other,NC,0.5323
semantic,11,dev_0547,yes,I don't know. I'd recommend checking with the MTA Bridges and T,i,idk,IDK,0.5695
semantic,11,dev_0623,yes,,,other,NC,0.5541
semantic,11,dev_0626,yes,"NO. While both are scenic drives through the Blue Ridge Mountains, they are separate",no,no,Incorrect,0.5682
semantic,11,dev_0686,yes,I don't know,i,idk,IDK,0.5707000000000001
semantic,11,dev_0822,yes,YES,yes,yes,Correct,0.5529
semantic,11,dev_1210,yes,,,other,NC,0.543
semantic,11,dev_0374,no,NO,no,no,Correct,0.5764
semantic,11,dev_0900,no,"NO. 
Fort Walton Beach and Destin are neighboring cities located on the Emerald",no,no,Correct,0.5741
semantic,11,dev_0913,no,NO  There is no real place called Porpoise Spit in Australia. It,no,no,Correct,0.569
semantic,11,dev_1234,no,NO,no,no,Correct,0.5702
semantic,11,dev_1360,no,YES,yes,yes,Incorrect,0.5724
semantic,11,dev_1544,no,NO. I-30 in Dallas is a non-toll highway.,no,no,Correct,0.5759
semantic,11,dev_1588,no,NO,no,no,Correct,0.5685
semantic,11,dev_0344,yes,NO. Arsenic is a toxic substance that can cause harm to the body,no,no,Incorrect,0.5722
semantic,11,dev_0379,yes,YES,yes,yes,Correct,0.5702
semantic,11,dev_0474,yes,I don't know. I can tell you that the FDA does not approve dietary,i,idk,IDK,0.5722999999999999
semantic,11,dev_0614,yes,,,other,NC,0.5645
semantic,11,dev_0655,yes,NO,no,no,Incorrect,0.5676
semantic,11,dev_1195,yes,,,other,NC,0.5572999999999999
semantic,11,dev_1197,yes,,,other,NC,0.5535
semantic,11,dev_1313,yes,NO. While both measures are used to compare the risk of a disease or outcome,no,no,Incorrect,0.5677000000000001
semantic,11,dev_1564,yes,YES  Would you like to,yes,yes,Correct,0.5682
semantic,11,dev_0078,no,YES. There is a right brachiocephalic artery and a left common,yes,yes,Incorrect,0.5697000000000001
semantic,11,dev_0166,no,NO,no,no,Correct,0.5751000000000001
semantic,11,dev_0851,no,YES,yes,yes,Incorrect,0.5692999999999999
semantic,11,dev_0861,no,,,other,NC,0.5585
semantic,11,dev_0872,no,,,other,NC,0.5307000000000001
semantic,11,dev_1554,no,YES. Chronic Lyme disease is a term used to describe a condition where individuals experience,yes,yes,Incorrect,0.5736
semantic,11,dev_1719,no,,,other,NC,0.538
semantic,11,dev_1991,no,,,other,NC,0.5341
semantic,11,dev_2115,no,NO,no,no,Correct,0.5684
semantic,11,dev_0105,yes,,,other,NC,0.5498999999999999
semantic,11,dev_0125,yes,NO,no,no,Incorrect,0.5722
semantic,11,dev_0191,yes,,,other,NC,0.5528
semantic,11,dev_1292,yes,YES,yes,yes,Correct,0.6785
semantic,11,dev_1338,yes,,,other,NC,0.5562999999999999
semantic,11,dev_0388,no,"YES. 
In the northern states, integration was often the norm, and many",yes,yes,Incorrect,0.5718
semantic,11,dev_0703,no,NO,no,no,Correct,0.5782
semantic,11,dev_0833,no,YES.,yes,yes,Incorrect,0.5724
semantic,11,dev_0874,no,"I don't know.  Despite numerous investigations and claims of escape, the official",i,idk,IDK,0.6916
semantic,11,dev_1651,no,,,other,NC,0.5571
semantic,11,dev_0072,yes,"YES. In Canada, a Possession and Acquisition Licence (PAL) is required",yes,yes,Correct,0.5712
semantic,11,dev_0258,yes,,,other,NC,0.5532999999999999
semantic,11,dev_0286,yes,YES,yes,yes,Correct,0.569
semantic,11,dev_0348,yes,NO.,no,no,Incorrect,0.5707000000000001
semantic,11,dev_0467,yes,,,other,NC,0.5315
semantic,11,dev_0515,yes,"NO. A restraining order is typically used to protect individuals from harassment, stalking,",no,no,Incorrect,0.5687000000000001
semantic,11,dev_0562,yes,,,other,NC,0.5345
semantic,11,dev_0636,yes,,,other,NC,0.532
semantic,11,dev_0740,yes,YES,yes,yes,Correct,0.5762999999999999
semantic,11,dev_0838,yes,"Yes.  In Quebec, drivers are generally allowed to turn right on a red",yes,yes,Correct,0.5648
semantic,11,dev_0864,yes,,,other,NC,0.5358999999999999
semantic,11,dev_0873,yes,,,other,NC,0.5314
semantic,11,dev_0901,yes,,,other,NC,0.54
semantic,11,dev_0909,yes,NO,no,no,Incorrect,0.5677000000000001
semantic,11,dev_1134,yes,,,other,NC,0.5522999999999999
semantic,11,dev_0198,no,"YES.  In New Hampshire, you do not need a permit to carry a",yes,yes,Incorrect,0.5714
semantic,11,dev_0215,no,I don't know,i,idk,IDK,0.5712
semantic,11,dev_0223,no,,,other,NC,0.5338999999999999
semantic,11,dev_0234,no,,,other,NC,0.5331
semantic,11,dev_0272,no,NO,no,no,Correct,0.5649
semantic,11,dev_0453,no,,,other,NC,1.8777000000000001
semantic,11,dev_0499,no,"I don't know. The answer depends on various factors, including the specific voting",i,idk,IDK,0.5698
semantic,11,dev_0552,no,,,other,NC,0.5568
semantic,11,dev_0680,no,,,other,NC,0.5529
semantic,11,dev_0738,no,"I don't know. Taiwan is not a member of the United Nations, but",i,idk,IDK,0.571
semantic,11,dev_0771,no,"NO. Payola is illegal in both Canada and the United States, as it",no,no,Correct,0.5716
semantic,11,dev_0888,no,"YES. One Supreme Court Justice, Alfred Moore, resigned in 180",yes,yes,Incorrect,0.5777
semantic,11,dev_1135,no,"NO. In the UK, a certified copy is considered a faithful reproduction of the",no,no,Correct,0.5681
semantic,11,dev_1188,no,"NO. In the United States, individuals who have been dishonorably discharged from",no,no,Correct,0.5725
semantic,11,dev_0339,yes,NO,no,no,Incorrect,0.5787
semantic,11,dev_0357,yes,,,other,NC,0.5615
semantic,11,dev_0498,yes,YES.  The Florida Constitution sets a minimum age of 21 for legislators.,yes,yes,Correct,0.5686
semantic,11,dev_0620,yes,YES,yes,yes,Correct,0.5664
semantic,11,dev_0878,yes,"NO. While the terms ""national"" and ""federal"" are often used",no,no,Incorrect,0.5698
semantic,11,dev_1864,yes,,,other,NC,0.5587000000000001
semantic,11,dev_2080,yes,NO,no,no,Incorrect,0.5736
semantic,11,dev_2395,yes,NO. The Governor-General typically gives royal assent to bills passed by the federal,no,no,Incorrect,0.5695
semantic,11,dev_2639,yes,,,other,NC,0.5554
semantic,11,dev_3155,yes,YES  Overseas service bars are awarded for service in Korea during the Korean War,yes,yes,Correct,0.5684
semantic,11,dev_3209,yes,,,other,NC,0.5579
semantic,11,dev_0209,no,"NO 

Israel is not part of the European Economic Area (EEA), which",no,no,Correct,1.9124
semantic,11,dev_0273,no,YES,yes,yes,Incorrect,0.5732999999999999
semantic,11,dev_0404,no,NO,no,no,Correct,0.568
semantic,11,dev_0567,no,NO. Romania is not part of the Visa Waiver Program. Romanian citizens require,no,no,Correct,0.5678
semantic,11,dev_0675,no,YES,yes,yes,Incorrect,0.5704
semantic,11,dev_1172,no,NO,no,no,Correct,0.5649
semantic,11,dev_1275,no,"NO.  State awards are typically worn while in a state active duty status,",no,no,Correct,0.574
semantic,11,dev_1971,no,,,other,NC,0.5519
semantic,11,dev_2001,no,"NO. The presidential pardon power only applies to federal crimes, not state crimes.",no,no,Correct,0.5786
semantic,11,dev_3004,no,"YES. Prior to 1979, council house tenants in the UK had the",yes,yes,Incorrect,0.5774
semantic,11,dev_3256,no,,,other,NC,0.5341
semantic,11,dev_1132,yes,,,other,NC,0.5526
semantic,11,dev_1233,yes,NO.,no,no,Incorrect,0.5678
semantic,11,dev_1511,yes,"NO. While both are measures of apparent temperature, they are calculated using different formulas",no,no,Incorrect,0.5714
semantic,11,dev_1633,yes,NO,no,no,Incorrect,0.5712
semantic,11,dev_2007,yes,"NO. While LPG is a mixture that often includes propane, it is not",no,no,Incorrect,0.569
semantic,11,dev_2214,yes,,,other,NC,0.5317999999999999
semantic,11,dev_2239,yes,YES. The speed of sound in a medium is typically a function of,yes,yes,Correct,0.5728
semantic,11,dev_2299,yes,,,other,NC,0.5433
semantic,11,dev_2303,yes,I don't know,i,idk,IDK,0.5707000000000001
semantic,11,dev_2477,yes,,,other,NC,0.5312
semantic,11,dev_2993,yes,,,other,NC,0.5541
semantic,11,dev_3126,yes,"YES, there is such a thing as an upside-down rainbow, which is also",yes,yes,Correct,0.5694
semantic,11,dev_3188,yes,NO,no,no,Incorrect,0.5682999999999999
semantic,11,dev_3193,yes,,,other,NC,0.5528
semantic,11,dev_3234,yes,"YES. In some contexts, a rhombus is referred to as a diamond",yes,yes,Correct,0.5677000000000001
semantic,11,dev_3265,yes,I don't know,i,idk,IDK,0.5679
semantic,11,dev_0001,no,I don't know,i,idk,IDK,0.5751000000000001
semantic,11,dev_0579,no,,,other,NC,0.5342
semantic,11,dev_1003,no,YES Least squares is a method used to estimate the parameters of a linear,yes,yes,Incorrect,0.5678
semantic,11,dev_1483,no,,,other,NC,0.5408
semantic,11,dev_1551,no,NO,no,no,Correct,0.5704
semantic,11,dev_1702,no,NO,no,no,Correct,0.576
semantic,11,dev_1925,no,,,other,NC,0.5368999999999999
semantic,11,dev_2025,no,NO,no,no,Correct,0.5675
semantic,11,dev_2312,no,,,other,NC,0.5357999999999999
semantic,11,dev_2471,no,NO,no,no,Correct,0.5774
semantic,11,dev_2521,no,,,other,NC,0.5577000000000001
semantic,11,dev_2782,no,"Yes. In aqueous solutions, the hydronium ion (H3",yes,yes,Incorrect,0.5714
semantic,11,dev_2812,no,,,other,NC,0.5357000000000001
semantic,11,dev_3014,no,,,other,NC,0.5565
semantic,11,dev_3034,no,,,other,NC,0.5522999999999999
semantic,11,dev_3159,no,"NO  While chipmunks are a type of ground squirrel, they",no,no,Correct,0.5697000000000001
semantic,11,dev_3190,no,NO,no,no,Correct,0.5695
semantic,11,dev_0682,yes,"YES (in many Christian traditions, a sermon and a homily are used interchange",yes,yes,Correct,0.5682
semantic,11,dev_0735,yes,"YES. In the United States, secondary school and high school are often",yes,yes,Correct,0.572
semantic,11,dev_1505,yes,YES,yes,yes,Correct,0.5728
semantic,11,dev_1668,yes,YES,yes,yes,Correct,0.5677000000000001
semantic,11,dev_2373,yes,NO.  'Lord of All Hopefulness' is a hymn often sung,no,no,Incorrect,0.5722
semantic,11,dev_2793,yes,YES,yes,yes,Correct,0.57
semantic,11,dev_2929,yes,NO,no,no,Incorrect,0.574
semantic,11,dev_0605,no,,,other,NC,0.5511
semantic,11,dev_0908,no,,,other,NC,0.5322
semantic,11,dev_1388,no,,,other,NC,0.5552999999999999
semantic,11,dev_1521,no,NO,no,no,Correct,0.573
semantic,11,dev_2334,no,NO The Book of Jasher is an apocryphal text,no,no,Correct,0.5704
semantic,11,dev_2641,no,"I don't know. 
The convention for double-barrel surnames can",i,idk,IDK,1.9209
semantic,11,dev_0347,yes,YES,yes,yes,Correct,0.5692999999999999
semantic,11,dev_0411,yes,I don't know. (Note: The Redskins have used various defensive schemes over,i,idk,IDK,0.5668
semantic,11,dev_0439,yes,YES,yes,yes,Correct,0.5718
semantic,11,dev_0452,yes,NO  Would you like,no,no,Incorrect,0.5672
semantic,11,dev_0585,yes,,,other,NC,0.5414
semantic,11,dev_0656,yes,YES.,yes,yes,Correct,0.5734
semantic,11,dev_0661,yes,,,other,NC,0.5326000000000001
semantic,11,dev_0701,yes,"NO 

The Kentucky Derby is held on the first Saturday in May, but it",no,no,Incorrect,0.5775
semantic,11,dev_0704,yes,YES,yes,yes,Correct,0.5704
semantic,11,dev_0752,yes,,,other,NC,0.5315
semantic,11,dev_0848,yes,"NO. In most leagues, free agents can only be signed during the transfer window",no,no,Incorrect,0.5694
semantic,11,dev_0883,yes,YES,yes,yes,Correct,0.5782
semantic,11,dev_1143,yes,YES. Dan Marino was inducted into the Pro Football Hall of Fame in,yes,yes,Correct,0.5668
semantic,11,dev_1305,yes,,,other,NC,0.5552999999999999
semantic,11,dev_1497,yes,YES. Alphonse Areola played for France in the 2018 World,yes,yes,Correct,0.5646
semantic,11,dev_1777,yes,NO,no,no,Incorrect,0.5719
semantic,11,dev_2250,yes,YES,yes,yes,Correct,0.5766
semantic,11,dev_2370,yes,"YES. Ireland has beaten the Wallabies in Australia on several occasions, including a",yes,yes,Correct,0.5672999999999999
semantic,11,dev_0083,no,"YES, there is a tiebreaker in the final set at Wimbledon, specifically a",yes,yes,Incorrect,0.5667000000000001
semantic,11,dev_0085,no,"NO.  Deion Sanders played for several teams in the MLB, but he",no,no,Correct,0.5657000000000001
semantic,11,dev_0170,no,"I don't know. The Czech Republic has not won the FIFA World Cup,",i,idk,IDK,0.573
semantic,11,dev_0230,no,YES,yes,yes,Incorrect,0.5809
semantic,11,dev_0412,no,,,other,NC,0.5654
semantic,11,dev_0421,no,NO.  Penalty shoot-out goals do not count towards the Golden Boot.,no,no,Correct,0.5689
semantic,11,dev_0447,no,YES. Panama qualified for the 2018 FIFA World Cup in Russia.,yes,yes,Incorrect,0.5755
semantic,11,dev_0544,no,"YES  Trinity Forest Golf Club is a public golf course located in Dallas, Texas",yes,yes,Incorrect,0.5724
semantic,11,dev_0565,no,NO,no,no,Correct,0.5765
semantic,11,dev_0589,no,,,other,NC,0.5511
semantic,11,dev_0593,no,,,other,NC,0.5291
semantic,11,dev_0859,no,"NO. The U.S. Open is a major golf tournament, and it is",no,no,Correct,0.575
semantic,11,dev_0865,no,NO,no,no,Correct,0.5709
semantic,11,dev_1518,no,YES. All 2018 FIFA World Cup matches were played in Russia.,yes,yes,Incorrect,0.5741
semantic,11,dev_1768,no,"YES. The England women's national team, also known as the Lionesses,",yes,yes,Incorrect,0.5682
semantic,11,dev_1779,no,NO,no,no,Correct,0.5698
semantic,11,dev_1905,no,"NO. According to the offside rule, a player cannot be offside directly",no,no,Correct,0.5689
semantic,11,dev_2156,no,"NO. The Arizona Diamondbacks won the World Series in 2001, defeating",no,no,Correct,0.5729
semantic,11,dev_2158,no,"NO. The Cincinnati Bengals have appeared in two Super Bowls, Super Bowl XVI",no,no,Correct,0.5677000000000001
semantic,11,dev_2798,no,NO,no,no,Correct,0.576
semantic,11,dev_3138,no,,,other,NC,0.5304
semantic,11,dev_0307,yes,NO,no,no,Incorrect,0.5712
semantic,11,dev_0506,yes,"YES. Drywall mud and joint compound are essentially the same thing, referring to",yes,yes,Correct,0.578
semantic,11,dev_0641,yes,,,other,NC,0.5488
semantic,11,dev_0844,yes,"I don't know. I'm a large language model, I don't have",i,idk,IDK,0.5704
semantic,11,dev_1032,yes,I don't know,i,idk,IDK,0.569
semantic,11,dev_1574,yes,YES,yes,yes,Correct,0.5737000000000001
semantic,11,dev_1889,yes,"YES, as the Mazda Tribute is a rebadged and slightly modified version of",yes,yes,Correct,0.5669
semantic,11,dev_2093,yes,,,other,NC,0.5554
semantic,11,dev_2213,yes,NO,no,no,Incorrect,0.5655
semantic,11,dev_2735,yes,YES. Pipelining can help reduce the latency of a single task by breaking,yes,yes,Correct,0.5737000000000001
semantic,11,dev_2836,yes,NO,no,no,Incorrect,0.5724
semantic,11,dev_0788,no,NO,no,no,Correct,0.5668
semantic,11,dev_0798,no,NO. Area code 669 is a geographic area code in the North American Number,no,no,Correct,0.568
semantic,11,dev_1249,no,,,other,NC,0.5578
semantic,11,dev_1458,no,NO,no,no,Correct,0.5738
semantic,11,dev_1584,no,YES,yes,yes,Incorrect,0.5757000000000001
semantic,11,dev_1589,no,NO.  A SIM-free phone is unlocked and can be used with any carrier,no,no,Correct,0.5719
semantic,11,dev_1657,no,"NO. The first iPhone, released in 2007, did not have a",no,no,Correct,1.9219000000000002
semantic,11,dev_1691,no,NO,no,no,Correct,0.5798
semantic,11,dev_1943,no,,,other,NC,0.5537000000000001
semantic,11,dev_2682,no,,,other,NC,0.5333
semantic,11,dev_2712,no,,,other,NC,0.5512999999999999
semantic,11,dev_0427,no,NO,no,no,Correct,0.5677000000000001
semantic,11,dev_0531,no,"NO. There are other dragons in Middle-earth, including Glaurung, Anc",no,no,Correct,0.573
semantic,11,dev_1915,no,NO. The Hunchback of Notre-Dame is a work of fiction by,no,no,Correct,0.5716
semantic,11,dev_1946,no,NO.  Snake Eyes and Storm Shadow are two distinct characters in the G.I,no,no,Correct,0.5712
semantic,11,dev_2024,no,NO,no,no,Correct,0.5665
semantic,11,dev_2265,no,,,other,NC,1.8977
semantic,11,dev_0004,yes,"YES 

It is a motion-based thrill ride located in the Wizarding World of",yes,yes,Correct,0.5701
semantic,11,dev_0241,yes,YES,yes,yes,Correct,0.5702
semantic,11,dev_0326,yes,YES,yes,yes,Correct,0.5666
semantic,11,dev_0525,yes,YES,yes,yes,Correct,0.5672999999999999
semantic,11,dev_0577,yes,NO,no,no,Incorrect,0.5691
semantic,11,dev_0799,yes,YES,yes,yes,Correct,0.569
semantic,11,dev_0142,no,NO Denatured alcohol and acetone are not the same thing.,no,no,Correct,0.5734
semantic,11,dev_0494,no,NO,no,no,Correct,0.5725
semantic,11,dev_0527,no,NO. HeLa cells are a well-known example of a cell line that is,no,no,Correct,0.57
semantic,11,dev_0566,no,"NO. Bacteria of the same species can exhibit variation in shape, size,",no,no,Correct,0.5727000000000001
semantic,11,dev_0648,no,,,other,NC,0.5572999999999999
semantic,11,dev_0668,no,,,other,NC,0.5547000000000001
semantic,11,dev_0749,no,,,other,NC,0.5598
semantic,11,dev_0790,no,NO,no,no,Correct,0.5692
semantic,11,dev_0867,no,NO. The same genotype can result in different phenotypes due to various factors such,no,no,Correct,0.5711
semantic,11,dev_0921,no,,,other,NC,0.5549
semantic,11,dev_1088,no,,,other,NC,0.5525
semantic,11,dev_1329,no,NO,no,no,Correct,0.5714
semantic,11,dev_1402,no,NO,no,no,Correct,0.5672
semantic,11,dev_1428,no,,,other,NC,0.565
semantic,11,dev_1439,no,NO,no,no,Correct,0.5834
semantic,11,dev_0020,yes,,,other,NC,0.5326000000000001
semantic,11,dev_0027,yes,"YES, penguins have feathers arising from the epidermis, just like all",yes,yes,Correct,0.5678
semantic,11,dev_0047,yes,YES. Turkey vultures are a real species of bird that exist in the,yes,yes,Correct,0.5769
semantic,11,dev_0070,yes,NO,no,no,Incorrect,0.5698
semantic,11,dev_0086,yes,"YES. They are the same breed, with ""Alsatian"" being an",yes,yes,Correct,0.5692
semantic,11,dev_0121,yes,YES. St. Bernards and Bernese Mountain Dogs are both originating from Switzerland,yes,yes,Correct,0.5686
semantic,11,dev_0131,yes,I don't know,i,idk,IDK,0.5746
semantic,11,dev_0147,yes,YES. The navel and belly button are terms that refer to the same anatom,yes,yes,Correct,0.5685
semantic,11,dev_0159,yes,,,other,NC,0.5314
semantic,11,dev_0190,yes,"NO.  Bees do not die if they lose their stinger, but",no,no,Incorrect,0.5737000000000001
semantic,11,dev_0195,yes,"YES. Alligators often drown their prey and then eat it later, as they",yes,yes,Correct,0.5661
semantic,11,dev_0200,yes,"Yes. Competitive inhibitors bind to the active site, where the substrate normally binds,",yes,yes,Correct,0.5772999999999999
semantic,11,dev_0214,yes,"YES. Animal cells are eukaryotic cells that have a cell membrane,",yes,yes,Correct,0.5686
semantic,11,dev_0242,yes,"YES. Both male and female bighorn sheep have horns, although the size",yes,yes,Correct,0.575
semantic,11,dev_0522,yes,,,other,NC,0.532
semantic,11,dev_0033,no,NO,no,no,Correct,0.5778
semantic,11,dev_0123,no,,,other,NC,0.5522
semantic,11,dev_0501,no,"NO. Comcast and Time Warner are two separate companies, although Comcast did acquire Time",no,no,Correct,0.5711
semantic,11,dev_0526,no,"NO 

Canadian dollars and American dollars are two separate currencies, with their own exchange",no,no,Correct,0.5774
semantic,11,dev_1076,no,,,other,NC,0.5552999999999999
semantic,11,dev_1213,no,NO,no,no,Correct,0.5661
semantic,11,dev_1654,no,NO. Discouraged workers are not counted in the unemployment rate because they are,no,no,Correct,0.5696
semantic,11,dev_1753,no,NO,no,no,Correct,0.5747000000000001
semantic,11,dev_1825,no,,,other,NC,0.5315
semantic,11,dev_2911,no,NO,no,no,Correct,0.5757000000000001
semantic,11,dev_2740,no,,,other,NC,0.5512999999999999
semantic,11,dev_2517,no,,,other,NC,0.5542
semantic,11,dev_1139,yes,YES,yes,yes,Correct,0.5702999999999999
semantic,11,dev_0002,yes,,,other,NC,0.5564
semantic,11,dev_0773,yes,,,other,NC,0.5355
semantic,11,dev_1186,yes,"YES. Universal life insurance policies typically have a cash value component, which grows over",yes,yes,Correct,0.5672
semantic,11,dev_1302,yes,YES,yes,yes,Correct,0.5796
semantic,11,dev_1349,yes,YES,yes,yes,Correct,0.574
semantic,11,dev_1771,yes,,,other,NC,0.532
semantic,11,dev_1804,yes,YES,yes,yes,Correct,0.569
semantic,11,dev_1873,yes,YES,yes,yes,Correct,0.5762999999999999
semantic,11,dev_1963,yes,YES. New Hampshire is one of the few states that does not have a state,yes,yes,Correct,0.5728
semantic,11,dev_2582,yes,,,other,NC,0.5411
semantic,11,dev_2598,yes,,,other,NC,0.5293
semantic,11,dev_3158,yes,,,other,NC,0.5291
semantic,11,dev_0551,no,,,other,NC,0.5342
semantic,11,dev_1158,no,NO,no,no,Correct,0.5827
semantic,11,dev_1364,no,"YES. A jet engine is a type of external combustion engine, where fuel is",yes,yes,Incorrect,0.5765
semantic,11,dev_1807,no,NO,no,no,Correct,0.5686
semantic,11,dev_2542,no,NO  Father's Day is celebrated on the third Sunday of June in the United,no,no,Correct,0.5817
semantic,11,dev_2562,no,NO,no,no,Correct,0.5982000000000001
semantic,11,dev_3005,no,NO,no,no,Correct,0.5727000000000001
semantic,11,dev_3194,no,NO,no,no,Correct,0.5737000000000001
semantic,11,dev_3195,no,NO,no,no,Correct,0.5679
semantic,11,dev_0013,yes,,,other,NC,0.5357000000000001
semantic,11,dev_0043,yes,YES,yes,yes,Correct,0.5734
semantic,11,dev_0052,yes,YES. A hammer is a common example of a blunt instrument that can be used,yes,yes,Correct,0.5772999999999999
semantic,11,dev_0091,yes,NO,no,no,Incorrect,0.6642
semantic,11,dev_0116,yes,,,other,NC,0.5536
semantic,11,dev_0288,yes,"YES. The UK uses a 24-hour clock for most purposes, although the",yes,yes,Correct,0.5684
semantic,11,dev_0555,yes,,,other,NC,0.5556
semantic,11,dev_0627,yes,"YES. While the title ""Sir"" is commonly associated with the British honors system",yes,yes,Correct,0.5702999999999999
semantic,11,dev_0831,yes,YES.  A U.S. passport card is a valid form of ID.,yes,yes,Correct,0.5801000000000001
semantic,11,dev_0721,no,NO,no,no,Correct,0.5676
semantic,11,dev_0863,no,NO,no,no,Correct,0.5676
semantic,11,dev_1357,no,NO.  They are two distinct daytime talk shows with different focuses and styles.,no,no,Correct,0.5708
semantic,11,dev_1951,no,"NO  The film The Bridge on the River Kwai is a fictional story,",no,no,Correct,0.5741
semantic,11,dev_2131,no,YES. Nacho Varga is a character in Breaking Bad and Better Call Saul,yes,yes,Incorrect,0.5691
semantic,11,dev_2174,no,NO,no,no,Correct,0.5677000000000001
semantic,11,dev_2252,no,No.  Would,no,no,Correct,0.5685
semantic,11,dev_2309,no,"NO. While both are villainous characters in classic fairy tales, Maleficent",no,no,Correct,0.5731
semantic,11,dev_2364,no,NO,no,no,Correct,0.5746
semantic,11,dev_3075,no,NO,no,no,Correct,0.5697000000000001
semantic,11,dev_3205,no,"NO. The movie Lady Bird is actually about a high school senior named Christine """,no,no,Correct,0.5721
semantic,11,dev_0015,yes,YES,yes,yes,Correct,0.5707000000000001
semantic,11,dev_0153,yes,"YES. There have been several movie adaptations of The Handmaid's Tale, including",yes,yes,Correct,0.5714
semantic,11,dev_0161,yes,YES,yes,yes,Correct,0.5684
semantic,11,dev_0306,yes,,,other,NC,0.5301
semantic,11,dev_0334,yes,,,other,NC,0.5353
semantic,11,dev_0338,yes,,,other,NC,0.537
semantic,11,dev_0493,yes,NO,no,no,Incorrect,0.5739
semantic,11,dev_0520,yes,,,other,NC,0.529
semantic,11,dev_0212,no,,,other,NC,0.5385
semantic,11,dev_0309,no,,,other,NC,0.5334
semantic,11,dev_0484,no,,,other,NC,0.5589
semantic,11,dev_0654,no,"NO. Beef short ribs and spare ribs are different cuts of meat, although they",no,no,Correct,0.5722999999999999
semantic,11,dev_0973,no,NO. Salt water taffy is a type of candy that originated,no,no,Correct,0.5751000000000001
semantic,11,dev_1335,no,NO.  Cocoa beans and coffee beans are derived from different plants (Theob,no,no,Correct,0.5721
semantic,11,dev_1443,no,NO. A lungo is a type of espresso drink that is made with a,no,no,Correct,0.5725
semantic,11,dev_0284,yes,NO. Enamel-coated cast iron is a type of cookware that has,no,no,Incorrect,0.5737000000000001
semantic,11,dev_0330,yes,YES,yes,yes,Correct,0.5681
semantic,11,dev_0443,yes,YES. Powdered sugar and confectioners' sugar are essentially the same thing,yes,yes,Correct,0.572
semantic,11,dev_0975,yes,NO.,no,no,Incorrect,0.5686
semantic,11,dev_1741,yes,YES.  Garbanzo beans and chickpeas are essentially the same thing,yes,yes,Correct,0.5732
semantic,11,dev_1770,yes,YES (typically around 35% or less),yes,yes,Correct,0.5732999999999999
semantic,11,dev_1860,no,NO,no,no,Correct,0.5691
semantic,11,dev_1967,yes,,,other,NC,0.5545
semantic,11,dev_0236,no,,,other,NC,0.5317999999999999
semantic,11,dev_0741,no,NO,no,no,Correct,0.5724
semantic,11,dev_1440,no,"YES. The Xbox One is backwards compatible with many Xbox 360 games, and",yes,yes,Incorrect,1.9105
semantic,11,dev_2062,no,NO,no,no,Correct,0.5722999999999999
semantic,11,dev_2109,no,NO,no,no,Correct,0.5682
semantic,11,dev_2137,no,,,other,NC,0.5572999999999999
semantic,11,dev_0478,yes,YES,yes,yes,Correct,0.5681
semantic,11,dev_0545,yes,,,other,NC,0.5551
semantic,11,dev_1125,yes,,,other,NC,0.5529
semantic,11,dev_1137,yes,"YES, NO, I don't know. (Answer: YES) Pokémon Crystal",yes,yes,Correct,0.5691
semantic,11,dev_1162,yes,YES,yes,yes,Correct,0.5577000000000001
semantic,11,dev_1177,yes,,,other,NC,0.5381
semantic,11,dev_1444,yes,Yes.  Microsoft has included original Xbox backwards compatibility on Xbox One.  Many,yes,yes,Correct,0.5682999999999999
semantic,11,dev_0313,no,NO. St. Kitts and Nevis is an independent country and a Commonwealth,no,no,Correct,0.5697000000000001
semantic,11,dev_0823,no,NO,no,no,Correct,0.5729
semantic,11,dev_0839,no,NO.,no,no,Correct,0.5712999999999999
semantic,11,dev_1222,no,NO. The Isle of Man is a self-governing British Crown dependency in,no,no,Correct,0.5724
semantic,11,dev_1254,no,,,other,NC,0.5286000000000001
semantic,11,dev_1269,no,NO. The Mississippi River flows into the Gulf of Mexico.,no,no,Correct,0.5689
semantic,11,dev_1334,no,NO,no,no,Correct,0.5708
semantic,11,dev_0184,yes,"YES. The Great Lakes, including Lake Michigan, are connected to the Atlantic Ocean",yes,yes,Correct,0.585
semantic,11,dev_0322,yes,Yes.,yes,yes,Correct,0.568
semantic,11,dev_0557,yes,,,other,NC,0.5538
semantic,11,dev_0573,yes,YES,yes,yes,Correct,0.5697000000000001
semantic,11,dev_1179,yes,"YES. Phoenix, Arizona is in the Mountain Time Zone, and Denver, Colorado",yes,yes,Correct,0.5718
semantic,11,dev_0619,yes,,,other,NC,0.5618
semantic,11,dev_0650,yes,,,other,NC,0.5517000000000001
semantic,11,dev_0734,yes,YES,yes,yes,Correct,0.5736
semantic,11,dev_0061,no,NO. Starting an IV is typically considered a skill for EMT-Intermediate or,no,no,Correct,0.569
semantic,11,dev_0124,no,NO,no,no,Correct,0.5726
semantic,11,dev_0914,no,,,other,NC,0.5303
semantic,11,dev_0955,no,NO,no,no,Correct,0.5634
semantic,11,dev_1610,no,,,other,NC,0.5542
semantic,11,dev_1790,no,"NO. During implantation, the blastocyst attaches to the endometrium",no,no,Correct,0.5717000000000001
semantic,11,dev_2096,no,NO,no,no,Correct,0.5806
semantic,11,dev_2277,no,,,other,NC,0.5337999999999999
semantic,11,dev_2499,no,,,other,NC,0.5604
semantic,11,dev_1959,yes,NO,no,no,Incorrect,0.5682
semantic,11,dev_1992,yes,"YES. While it's extremely rare, rabies can be transmitted from",yes,yes,Correct,0.5728
semantic,11,dev_2047,yes,YES,yes,yes,Correct,0.567
semantic,11,dev_1656,yes,"YES. Emotional pain, such as a broken heart, can manifest as physical pain",yes,yes,Correct,0.5688
semantic,11,dev_1663,yes,,,other,NC,0.5321
semantic,11,dev_1752,yes,YES. Triamcinolone cream is a topical corticosteroid that,yes,yes,Correct,0.5776
semantic,11,dev_2049,yes,YES. The common femoral vein is a deep vein. It is located in,yes,yes,Correct,0.5739
semantic,11,dev_2050,yes,,,other,NC,0.5297000000000001
semantic,11,dev_1442,yes,"YES. A lipid profile and a lipid panel are essentially the same thing, referring",yes,yes,Correct,0.5712
semantic,11,dev_0301,no,NO,no,no,Correct,0.5712
semantic,11,dev_0480,no,NO We no longer follow the Articles of Confederation. The Articles of,no,no,Correct,0.5752999999999999
semantic,11,dev_1290,no,"NO. Nova Scotia was a British colony in North America, but it was not",no,no,Correct,0.586
semantic,11,dev_1819,no,NO (although they share a common history and were a single country from,no,no,Correct,0.573
semantic,11,dev_2206,no,NO,no,no,Correct,0.5696
semantic,11,dev_0376,yes,YES. William the Conqueror claimed the English throne through his great-aunt,yes,yes,Correct,0.5821000000000001
semantic,11,dev_0346,yes,YES,yes,yes,Correct,0.5725
semantic,11,dev_0363,yes,NO,no,no,Incorrect,0.5788
semantic,11,dev_0535,yes,,,other,NC,0.5403
semantic,11,dev_0629,yes,YES,yes,yes,Correct,0.5679
semantic,11,dev_0179,no,"NO. U.S. courts of appeals have appellate jurisdiction, not original jurisdiction.",no,no,Correct,0.5676
semantic,11,dev_0402,no,"NO. Polygamy is not legally recognized in the UK, and individuals are",no,no,Correct,0.5721
semantic,11,dev_0513,no,,,other,NC,0.5357000000000001
semantic,11,dev_0606,no,"NO. In Germany, escaping from prison is a serious crime and is punishable by",no,no,Correct,0.5688
semantic,11,dev_0630,no,,,other,NC,0.5551
semantic,11,dev_0795,no,"NO. Driving laws and regulations can vary significantly from state to state,",no,no,Correct,0.5704
semantic,11,dev_1457,no,,,other,NC,0.5928
semantic,11,dev_1776,no,NO. An Employment Authorization Document (EAD) is a document that allows certain,no,no,Correct,1.902
semantic,11,dev_1862,no,NO The FCC's equal-time rule primarily applies to broadcast media such as,no,no,Correct,0.5725
semantic,11,dev_1911,no,NO,no,no,Correct,0.5698
semantic,11,dev_2755,no,"NO. In most jurisdictions, passing the bar exam is a requirement to become a",no,no,Correct,0.5706
semantic,11,dev_2756,no,YES,yes,yes,Incorrect,0.5732999999999999
semantic,11,dev_2921,no,"NO. While both property tax and council tax are types of taxes on property,",no,no,Correct,0.5649
semantic,11,dev_2972,no,NO,no,no,Correct,0.5738
semantic,11,dev_0009,yes,,,other,NC,0.5518
semantic,11,dev_0038,yes,,,other,NC,0.5565
semantic,11,dev_0129,yes,"NO. In Florida, private sales of firearms are not prohibited, but they are",no,no,Incorrect,0.5707000000000001
semantic,11,dev_0202,yes,I don't know. The classification of breaking and entering into a car as a,i,idk,IDK,0.5702
semantic,11,dev_0308,yes,,,other,NC,0.5519
semantic,11,dev_0584,yes,YES,yes,yes,Correct,0.5735
semantic,11,dev_0644,yes,YES,yes,yes,Correct,0.5712999999999999
semantic,11,dev_0653,yes,YES,yes,yes,Correct,0.5705
semantic,11,dev_0671,yes,,,other,NC,0.556
semantic,11,dev_0757,yes,"YES. Stealing a street sign is considered theft of public property, which is",yes,yes,Correct,0.569
semantic,11,dev_1059,yes,"YES, the Supreme Court can review and potentially stop an executive order if it is",yes,yes,Correct,0.5768
semantic,11,dev_1067,yes,"YES The Preamble is a part of the Indian Constitution, specifically Article",yes,yes,Correct,0.5717000000000001
semantic,11,dev_1097,yes,,,other,NC,0.5567000000000001
semantic,11,dev_1131,yes,NO,no,no,Incorrect,0.5716
semantic,11,dev_1324,yes,,,other,NC,0.5541
semantic,11,dev_0305,no,NO,no,no,Correct,0.5751000000000001
semantic,11,dev_0465,no,NO,no,no,Correct,0.5782999999999999
semantic,11,dev_0508,no,NO,no,no,Correct,0.5696
semantic,11,dev_0518,no,,,other,NC,0.5522
semantic,11,dev_0572,no,,,other,NC,0.5324
semantic,11,dev_0898,no,NO.,no,no,Correct,0.5694
semantic,11,dev_1154,no,"NO. The number of justices on the Supreme Court has changed over time, with",no,no,Correct,0.5726
semantic,11,dev_1221,no,"NO. A filibuster can only take place in the Senate, as it relies",no,no,Correct,0.5668
semantic,11,dev_1244,no,"NO

Both Canada and Australia are Commonwealth realms, but they are not part of",no,no,Correct,0.5706
semantic,11,dev_1245,no,NO.,no,no,Correct,0.5714
semantic,11,dev_1273,no,"NO. Guam is a separate US territory in the Pacific Ocean, and is not",no,no,Correct,0.5707000000000001
semantic,11,dev_0647,yes,,,other,NC,0.5307000000000001
semantic,11,dev_0254,yes,YES,yes,yes,Correct,0.5696
semantic,11,dev_0486,yes,,,other,NC,0.5538
semantic,11,dev_0736,yes,,,other,NC,0.5327999999999999
semantic,11,dev_0814,yes,,,other,NC,0.5428999999999999
semantic,11,dev_1477,yes,,,other,NC,0.5551
semantic,11,dev_1721,yes,YES,yes,yes,Correct,0.5706
semantic,11,dev_1786,yes,,,other,NC,0.5363
semantic,11,dev_1970,yes,YES,yes,yes,Correct,1.9215
semantic,11,dev_1985,yes,YES,yes,yes,Correct,0.5715
semantic,11,dev_2448,no,NO. Puerto Rico is a U.S. territory and does not have voting representation,no,no,Correct,0.5684
semantic,11,dev_0066,yes,"YES. By definition, a triangle has three angles, and the sum of all",yes,yes,Correct,0.5666
semantic,11,dev_0088,yes,"YES. According to Einstein's equation (E=mc^2), it is",yes,yes,Correct,0.5727000000000001
semantic,11,dev_0196,yes,YES,yes,yes,Correct,0.5741
semantic,11,dev_0262,yes,"YES. A real image can indeed be projected onto a screen, which is a",yes,yes,Correct,0.566
semantic,11,dev_0271,yes,NO,no,no,Incorrect,0.5698
semantic,11,dev_0329,yes,"YES. The Sun, along with the rest of the solar system, orbits around",yes,yes,Correct,0.5692
semantic,11,dev_0331,yes,,,other,NC,0.5337999999999999
semantic,11,dev_0387,yes,,,other,NC,0.529
semantic,11,dev_0418,yes,,,other,NC,0.5286000000000001
semantic,11,dev_0616,yes,,,other,NC,0.5301
semantic,11,dev_0638,yes,YES,yes,yes,Correct,0.5712
semantic,11,dev_0657,yes,,,other,NC,0.5336000000000001
semantic,11,dev_0692,yes,,,other,NC,0.5297000000000001
semantic,11,dev_0744,yes,"NO. A polynomial cannot have a square root of a variable, as polynomials",no,no,Incorrect,0.5707000000000001
semantic,11,dev_0797,yes,,,other,NC,0.5316000000000001
semantic,11,dev_0842,yes,"YES. Diffraction is a wave phenomenon that can occur with sound waves, causing",yes,yes,Correct,0.5748
semantic,11,dev_1379,yes,,,other,NC,0.5298999999999999
semantic,11,dev_0126,no,,,other,NC,2.5086
semantic,11,dev_0342,no,,,other,NC,0.5347999999999999
semantic,11,dev_0437,no,,,other,NC,0.5517000000000001
semantic,11,dev_0553,no,NO,no,no,Correct,0.5661
semantic,11,dev_0652,no,"NO. The square root of 3 is an irrational number, not a rational",no,no,Correct,0.57
semantic,11,dev_0708,no,,,other,NC,0.5559
semantic,11,dev_1083,no,,,other,NC,0.5571
semantic,11,dev_1142,no,NO,no,no,Correct,0.581
semantic,11,dev_1354,no,NO. The depth of the water table can vary depending on factors such as precipitation,no,no,Correct,0.5702
semantic,11,dev_1460,no,,,other,NC,0.5343
semantic,11,dev_1468,no,NO,no,no,Correct,0.5669
semantic,11,dev_1559,no,NO.,no,no,Correct,0.5781000000000001
semantic,11,dev_1595,no,,,other,NC,0.5557000000000001
semantic,11,dev_1643,no,NO,no,no,Correct,0.5662999999999999
semantic,11,dev_1692,no,,,other,NC,0.5418
semantic,11,dev_1726,no,NO,no,no,Correct,0.5714
semantic,11,dev_0008,yes,YES.,yes,yes,Correct,0.5692999999999999
semantic,11,dev_0323,yes,"YES. In the Hebrew Bible, the book is known as ""Sh",yes,yes,Correct,0.5719
semantic,11,dev_0794,yes,,,other,NC,0.5307999999999999
semantic,11,dev_0866,yes,"YES. In the word ""Iraq"", the letter Q is not followed by U",yes,yes,Correct,0.57
semantic,11,dev_0910,yes,YES,yes,yes,Correct,1.9208
semantic,11,dev_0992,yes,,,other,NC,0.5512999999999999
semantic,11,dev_1446,yes,"NO (Although they are closely related, they are not exactly the same",no,no,Incorrect,0.5715
semantic,11,dev_0294,no,NO  Would you like to know more about the differences between Auslan and AS,no,no,Correct,0.5738
semantic,11,dev_0521,no,NO,no,no,Correct,0.5725
semantic,11,dev_0943,no,NO,no,no,Correct,0.571
semantic,11,dev_1887,no,,,other,NC,0.5311
semantic,11,dev_2892,no,NO,no,no,Correct,0.5766
semantic,11,dev_2691,no,"NO. King's College London is a separate and independent university, while Cambridge University",no,no,Correct,0.5695
semantic,11,dev_0065,yes,YES. Many players from the 1980 US Olympic hockey team went on to,yes,yes,Correct,0.5724
semantic,11,dev_0245,yes,"YES. In American football, a player can pass the ball multiple times as long",yes,yes,Correct,0.5675
semantic,11,dev_0315,yes,,,other,NC,0.5512999999999999
semantic,11,dev_0361,yes,,,other,NC,0.5337999999999999
semantic,11,dev_0550,yes,,,other,NC,0.5344
semantic,11,dev_0595,yes,"YES. The Ivy League has a basketball tournament, known as the Ivy League Men",yes,yes,Correct,0.5716
semantic,11,dev_0966,yes,YES,yes,yes,Correct,0.5677000000000001
semantic,11,dev_1078,yes,YES. There are currently two teams in the NHL that have not won the Stanley,yes,yes,Correct,0.5705
semantic,11,dev_1224,yes,NO. A rugby field is typically smaller than an American football field. While the,no,no,Incorrect,0.5706
semantic,11,dev_1251,yes,YES,yes,yes,Correct,0.5714
semantic,11,dev_1260,yes,NO. Nike Air Force 1s are a popular and iconic sneaker style,no,no,Incorrect,0.5651
semantic,11,dev_1278,yes,YES. Cal Ripken Jr. was inducted into the National Baseball Hall of,yes,yes,Correct,1.9108
semantic,11,dev_1462,yes,YES,yes,yes,Correct,0.5687000000000001
semantic,11,dev_1494,yes,,,other,NC,0.5559
semantic,11,dev_1543,yes,,,other,NC,0.5659
semantic,11,dev_2012,yes,NO,no,no,Incorrect,0.5714
semantic,11,dev_2118,yes,"YES, it is possible to break someone's wrist by twisting it, but it",yes,yes,Correct,0.5714
semantic,11,dev_2272,yes,,,other,NC,0.5306000000000001
semantic,11,dev_2338,yes,NO,no,no,Incorrect,0.5781000000000001
semantic,11,dev_2498,yes,YES,yes,yes,Correct,0.5679
semantic,11,dev_2509,yes,"YES, the Cleveland Cavaliers came back from a 3-1 deficit to defeat",yes,yes,Correct,0.568
semantic,11,dev_2917,yes,YES,yes,yes,Correct,0.5662999999999999
semantic,11,dev_2966,yes,"NO. In the NBA, players must be at least one year removed from high",no,no,Incorrect,0.5736
semantic,11,dev_2974,yes,"YES.  With proper training, nutrition, and hydration, it is possible for",yes,yes,Correct,0.5722999999999999
semantic,11,dev_3007,yes,"YES. The Tour de France features a different route every year, with the exact",yes,yes,Correct,0.5654
semantic,11,dev_3199,yes,,,other,NC,0.5554
semantic,11,dev_0222,no,"YES. NCAA and NBA basketballs are the same size, with a circumference of",yes,yes,Incorrect,0.5665
semantic,11,dev_0398,no,YES,yes,yes,Incorrect,0.5738
semantic,11,dev_0426,no,"NO. In association football, goalkeepers are not allowed to touch the ball with",no,no,Correct,0.5692
semantic,11,dev_0464,no,NO,no,no,Correct,0.5692
semantic,11,dev_0563,no,NO.,no,no,Correct,0.5699
semantic,11,dev_0658,no,"YES. A walk in baseball is a dead ball situation, as the",yes,yes,Incorrect,0.5668
semantic,11,dev_1366,no,,,other,NC,0.5532999999999999
semantic,11,dev_1471,no,,,other,NC,0.5509
semantic,11,dev_1558,no,NO. The FIFA World Cup is held every four years.,no,no,Correct,0.5714
semantic,11,dev_1580,no,NO,no,no,Correct,0.5648
semantic,11,dev_2401,no,NO,no,no,Correct,0.5738
semantic,11,dev_2436,no,,,other,NC,0.5375
semantic,11,dev_3224,no,,,other,NC,0.5542
semantic,11,dev_0022,yes,,,other,NC,0.5296000000000001
semantic,11,dev_0132,yes,YES,yes,yes,Correct,0.5675
semantic,11,dev_0268,yes,,,other,NC,0.5357000000000001
semantic,11,dev_0646,yes,"YES
Multithreading can still be useful on a single processor, as it",yes,yes,Correct,0.5668
semantic,11,dev_0697,yes,"NO, Google Drive does not have a storage limit for its free version, but",no,no,Incorrect,0.5699
semantic,11,dev_0935,yes,,,other,NC,0.5529
semantic,11,dev_1159,yes,"YES. A high-level language can use an assembler to generate machine code, effectively",yes,yes,Correct,0.5717000000000001
semantic,11,dev_1376,yes,,,other,NC,0.5402
semantic,11,dev_1646,yes,,,other,NC,0.5567000000000001
semantic,11,dev_1869,yes,,,other,NC,0.5304
semantic,11,dev_2397,yes,YES,yes,yes,Correct,0.5744
semantic,11,dev_0512,no,NO,no,no,Correct,0.568
semantic,11,dev_1524,no,NO,no,no,Correct,0.5707000000000001
semantic,11,dev_1675,no,NO,no,no,Correct,0.5685
semantic,11,dev_1723,no,NO,no,no,Correct,0.5677000000000001
semantic,11,dev_2027,no,NO. HD DVD is a different optical disc format that was developed by Toshiba and,no,no,Correct,0.5705
semantic,11,dev_2104,no,YES.,yes,yes,Incorrect,0.576
semantic,11,dev_2262,no,NO,no,no,Correct,0.5751000000000001
semantic,11,dev_2431,no,"NO 

In a tree, each node can have at most one parent (the",no,no,Correct,0.5681
semantic,11,dev_2524,no,NO.,no,no,Correct,0.572
semantic,11,dev_3057,no,NO. Windows Subsystem for Linux (WSL) is a compatibility layer that,no,no,Correct,0.5687000000000001
semantic,11,dev_3167,no,NO,no,no,Correct,0.5747000000000001
semantic,21,dev_0023,yes,"NO. While both are types of garments that cover the shoulders and upper body,",no,no,Incorrect,0.6815
semantic,21,dev_0039,no,YES,yes,yes,Incorrect,0.6942
semantic,21,dev_0055,no,,,other,NC,0.632
semantic,21,dev_0059,no,,,other,NC,0.6257999999999999
semantic,21,dev_0068,no,,,other,NC,0.6147
semantic,21,dev_0087,yes,NO,no,no,Incorrect,0.681
semantic,21,dev_0107,no,,,other,NC,0.6758
semantic,21,dev_0120,yes,,,other,NC,0.5872
semantic,21,dev_0138,no,,,other,NC,0.6207
semantic,21,dev_0151,no,,,other,NC,0.6527000000000001
semantic,21,dev_0163,yes,,,other,NC,0.5911000000000001
semantic,21,dev_0165,no,,,other,NC,0.6432
semantic,21,dev_0207,no,"No. France is in the Central European Time (CET) zone, while",no,no,Correct,0.6802
semantic,21,dev_0210,no,NO,no,no,Correct,0.6962999999999999
semantic,21,dev_0221,no,,,other,NC,0.6406000000000001
semantic,21,dev_0229,yes,,,other,NC,0.6151
semantic,21,dev_0237,no,YES,yes,yes,Incorrect,0.6839
semantic,21,dev_0243,no,"NO. There is not a Chinatown in St. Louis, Missouri. However",no,no,Correct,0.6811
semantic,21,dev_0248,yes,"YES, the peregrine falcon is faster than the cheetah",yes,yes,Correct,0.6932999999999999
semantic,21,dev_0249,yes,,,other,NC,0.6494
semantic,21,dev_0251,yes,,,other,NC,0.6163
semantic,21,dev_0257,yes,,,other,NC,0.6269
semantic,21,dev_0270,no,,,other,NC,0.632
semantic,21,dev_0287,yes,,,other,NC,0.6451
semantic,21,dev_0295,no,,,other,NC,0.6772999999999999
semantic,21,dev_0298,yes,,,other,NC,0.5887
semantic,21,dev_0312,no,,,other,NC,0.5893999999999999
semantic,21,dev_0316,yes,NO,no,no,Incorrect,0.7056
semantic,21,dev_0318,yes,,,other,NC,0.6209
semantic,21,dev_0321,yes,NO. While a filibuster can delay or block a vote on a Supreme Court,no,no,Incorrect,0.6818
semantic,21,dev_0333,yes,,,other,NC,0.6487999999999999
semantic,21,dev_0336,no,,,other,NC,0.5871000000000001
semantic,21,dev_0343,yes,,,other,NC,0.6484
semantic,21,dev_0352,no,"YES. In soccer, it is possible to score a goal directly from a throw",yes,yes,Incorrect,0.6972999999999999
semantic,21,dev_0355,no,YES. Father's Day is celebrated on the third Sunday of June every year.,yes,yes,Incorrect,0.6959
semantic,21,dev_0364,no,YES,yes,yes,Incorrect,0.6939
semantic,21,dev_0366,no,"YES, the diaphragm separates the abdominal cavity and thoracic cavity, but",yes,yes,Incorrect,0.694
semantic,21,dev_0406,no,YES,yes,yes,Incorrect,0.6576000000000001
semantic,21,dev_0428,no,NO,no,no,Correct,0.6844
semantic,21,dev_0429,yes,"NO 

Flax oil and linseed oil are related but not exactly",no,no,Incorrect,0.6939
semantic,21,dev_0430,yes,NO,no,no,Incorrect,0.6975
semantic,21,dev_0436,no,,,other,NC,0.6184
semantic,21,dev_0441,no,,,other,NC,0.5939
semantic,21,dev_0442,yes,"YES. Lead dust can be absorbed through the eyes, specifically through the conjunct",yes,yes,Correct,0.6845
semantic,21,dev_0479,no,,,other,NC,0.6172000000000001
semantic,21,dev_0481,no,,,other,NC,0.6217
semantic,21,dev_0482,no,,,other,NC,0.5922000000000001
semantic,21,dev_0487,no,,,other,NC,0.6195
semantic,21,dev_0504,yes,NO,no,no,Incorrect,0.6877000000000001
semantic,21,dev_0509,no,,,other,NC,0.6307
semantic,21,dev_0532,no,"YES, it is possible to connect your brain to a computer using techniques like brain",yes,yes,Incorrect,0.6956
semantic,21,dev_0534,no,,,other,NC,0.693
semantic,21,dev_0536,yes,NO,no,no,Incorrect,0.6971
semantic,21,dev_0537,no,"YES. In the UK, an individual can receive a caution without being arrested,",yes,yes,Incorrect,0.685
semantic,21,dev_0546,yes,NO. The College of William & Mary is a public research university located in Williams,no,no,Incorrect,0.6964
semantic,21,dev_0560,no,YES,yes,yes,Incorrect,0.7047
semantic,21,dev_0568,no,,,other,NC,0.5849
semantic,21,dev_0569,no,,,other,NC,0.5892000000000001
semantic,21,dev_0588,yes,,,other,NC,0.629
semantic,21,dev_0594,no,,,other,NC,0.5939
semantic,21,dev_0596,no,,,other,NC,0.5878
semantic,21,dev_0598,yes,,,other,NC,0.5955
semantic,21,dev_0612,yes,,,other,NC,0.5883999999999999
semantic,21,dev_0617,yes,,,other,NC,0.5903999999999999
semantic,21,dev_0662,yes,"NO. LensCrafters and Pearle Vision are both optical retail chains, but",no,no,Incorrect,0.7042
semantic,21,dev_0678,no,NO. Washing a child's mouth out with soap is not a safe or recommended,no,no,Correct,0.6964
semantic,21,dev_0696,no,,,other,NC,0.5912000000000001
semantic,21,dev_0711,yes,"NO
 Musician's Friend and Guitar Center are two separate retail chains in the",no,no,Incorrect,0.6947000000000001
semantic,21,dev_0718,yes,YES,yes,yes,Correct,0.6949
semantic,21,dev_0724,no,YES,yes,yes,Incorrect,0.6966
semantic,21,dev_0731,no,"YES. Egg drop soup typically contains raw eggs, which are cracked into the hot",yes,yes,Incorrect,0.6839
semantic,21,dev_0737,no,,,other,NC,0.6246
semantic,21,dev_0754,yes,,,other,NC,0.6171
semantic,21,dev_0759,no,,,other,NC,0.6172000000000001
semantic,21,dev_0764,yes,,,other,NC,0.5772999999999999
semantic,21,dev_0782,yes,,,other,NC,0.6357999999999999
semantic,21,dev_0817,no,,,other,NC,0.59
semantic,21,dev_0829,no,YES,yes,yes,Incorrect,0.6846
semantic,21,dev_0832,no,YES,yes,yes,Incorrect,0.6987000000000001
semantic,21,dev_0837,yes,,,other,NC,0.6207999999999999
semantic,21,dev_0853,no,NO,no,no,Correct,0.7022999999999999
semantic,21,dev_0854,no,"No, elephants are not typically at the top of the food chain. They are",no,no,Correct,0.7062
semantic,21,dev_0862,no,"NO. In chess, players are not required to say ""check"" when their",no,no,Correct,0.6982
semantic,21,dev_0871,yes,,,other,NC,0.6303
semantic,21,dev_0916,yes,NO,no,no,Incorrect,0.6824
semantic,21,dev_0922,yes,NO,no,no,Incorrect,0.6809
semantic,21,dev_0933,no,,,other,NC,0.6303
semantic,21,dev_0934,yes,,,other,NC,0.5862999999999999
semantic,21,dev_0940,yes,NO. A passport card is only accepted for land and sea travel between the U,no,no,Incorrect,0.6801
semantic,21,dev_0944,no,YES,yes,yes,Incorrect,0.694
semantic,21,dev_0952,yes,,,other,NC,0.6172000000000001
semantic,21,dev_0958,yes,,,other,NC,0.5857
semantic,21,dev_0981,no,YES. Pyruvic acid and pyruvate are the same thing;,yes,yes,Incorrect,0.6995
semantic,21,dev_0991,yes,YES,yes,yes,Correct,0.6447999999999999
semantic,21,dev_0994,yes,NO.,no,no,Incorrect,0.6931
semantic,21,dev_0996,no,YES,yes,yes,Incorrect,0.6982
semantic,21,dev_1006,no,NO,no,no,Correct,0.6826
semantic,21,dev_1011,no,YES,yes,yes,Incorrect,0.6812
semantic,21,dev_1022,yes,NO,no,no,Incorrect,0.6822
semantic,21,dev_1049,no,,,other,NC,0.5995
semantic,21,dev_1062,yes,,,other,NC,1.9513
semantic,21,dev_1075,yes,NO,no,no,Incorrect,0.6974
semantic,21,dev_1102,no,,,other,NC,0.6197
semantic,21,dev_1110,yes,"NO. There are actually two rounds in the NBA draft, plus several additional rounds",no,no,Incorrect,0.695
semantic,21,dev_1112,no,NO,no,no,Correct,0.6979
semantic,21,dev_1113,yes,"YES (They are the same species, Python regius)",yes,yes,Correct,0.8115
semantic,21,dev_1121,no,"NO. There were several global conflicts and wars before World War I, including the",no,no,Correct,0.6962
semantic,21,dev_1133,no,,,other,NC,0.6799
semantic,21,dev_1138,yes,NO,no,no,Incorrect,0.6989
semantic,21,dev_1146,yes,NO. A Penalty Charge Notice (PCN) and a Fixed Penalty Notice (,no,no,Incorrect,0.6889
semantic,21,dev_1155,yes,,,other,NC,0.6239
semantic,21,dev_1175,no,,,other,NC,0.6263
semantic,21,dev_1178,no,,,other,NC,0.6164
semantic,21,dev_1183,yes,,,other,NC,0.5877
semantic,21,dev_1196,no,"YES. In India, a person can hold dual citizenship, meaning they can be",yes,yes,Incorrect,0.6902999999999999
semantic,21,dev_1204,yes,NO. The Eye of Agamotto is actually a magical artifact that allows Doctor,no,no,Incorrect,0.6922999999999999
semantic,21,dev_1205,no,,,other,NC,0.6274
semantic,21,dev_1209,yes,,,other,NC,0.6821
semantic,21,dev_1227,no,,,other,NC,0.6456000000000001
semantic,21,dev_1229,no,"NO. The fruit ""orange"" is named after the Sanskrit word ""nar",no,no,Correct,0.6872999999999999
semantic,21,dev_1230,yes,"YES. A double eagle and an albatross are the same thing, referring",yes,yes,Correct,0.6994
semantic,21,dev_1235,no,YES,yes,yes,Incorrect,0.6444
semantic,21,dev_1239,yes,,,other,NC,0.6197999999999999
semantic,21,dev_1241,no,,,other,NC,0.599
semantic,21,dev_1250,yes,,,other,NC,0.6265
semantic,21,dev_1256,yes,,,other,NC,0.5918
semantic,21,dev_1261,no,,,other,NC,0.6152000000000001
semantic,21,dev_1267,no,,,other,NC,0.6153
semantic,21,dev_1271,no,,,other,NC,0.6556000000000001
semantic,21,dev_1283,yes,,,other,NC,0.6436000000000001
semantic,21,dev_1285,no,YES (Janet Guthrie was the first woman to compete in the Indianapolis,yes,yes,Incorrect,0.6807000000000001
semantic,21,dev_1286,no,,,other,NC,0.6302000000000001
semantic,21,dev_1294,yes,,,other,NC,0.6151
semantic,21,dev_1296,yes,NO. While some PlayStation 2 games have been re-released on the PlayStation,no,no,Incorrect,0.6808
semantic,21,dev_1303,no,,,other,NC,0.6332000000000001
semantic,21,dev_1307,yes,"NO. In football, a kickoff is a way to restart play after a goal",no,no,Incorrect,0.6822
semantic,21,dev_1311,yes,"NO. The crankshaft pulley and harmonic balancer are two distinct components,",no,no,Incorrect,0.6956
semantic,21,dev_1316,yes,NO,no,no,Incorrect,0.6971
semantic,21,dev_1317,no,,,other,NC,0.6305
semantic,21,dev_1333,yes,NO,no,no,Incorrect,0.693
semantic,21,dev_1336,yes,,,other,NC,0.6204
semantic,21,dev_1345,no,,,other,NC,0.6311
semantic,21,dev_1359,no,,,other,NC,0.629
semantic,21,dev_1370,yes,,,other,NC,0.6193
semantic,21,dev_1371,no,YES,yes,yes,Incorrect,0.6881
semantic,21,dev_1372,yes,NO,no,no,Incorrect,0.6992
semantic,21,dev_1382,no,"NO. According to MLB Rule 7.13, a catcher is not allowed",no,no,Correct,0.6991
semantic,21,dev_1406,no,,,other,NC,0.6297999999999999
semantic,21,dev_1408,yes,,,other,NC,0.6187999999999999
semantic,21,dev_1413,yes,"YES. Brazil won the World Cup in 1966, which was held in",yes,yes,Correct,0.6975
semantic,21,dev_1419,yes,YES. There is a city called Las Vegas in New Mexico. It is the,yes,yes,Correct,0.7049
semantic,21,dev_1420,yes,NO,no,no,Incorrect,0.6998
semantic,21,dev_1423,no,,,other,NC,0.6401
semantic,21,dev_1424,no,,,other,NC,0.6189
semantic,21,dev_1436,no,NO,no,no,Correct,0.6814
semantic,21,dev_1438,yes,YES,yes,yes,Correct,0.6852999999999999
semantic,21,dev_1452,no,,,other,NC,0.6836
semantic,21,dev_1455,yes,,,other,NC,0.621
semantic,21,dev_1464,no,NO,no,no,Correct,0.6937000000000001
semantic,21,dev_1467,yes,NO,no,no,Incorrect,0.6828
semantic,21,dev_1473,yes,"NO

A sailboat cannot travel faster than the wind, as the wind is",no,no,Incorrect,0.7017
semantic,21,dev_1489,yes,,,other,NC,0.6397999999999999
semantic,21,dev_1498,yes,YES.,yes,yes,Correct,0.6946
semantic,21,dev_1508,no,"YES.  Unfortunately, several cyclists have died during the Tour de France, including",yes,yes,Incorrect,0.6975
semantic,21,dev_1515,no,YES. According to the Internal Revenue Code (IRC) and the U.S.,yes,yes,Incorrect,0.6904
semantic,21,dev_1517,yes,NO. Hydraulic fluid and brake fluid are two different types of fluids with different specifications,no,no,Incorrect,0.6982
semantic,21,dev_1528,yes,NO,no,no,Incorrect,0.7035
semantic,21,dev_1533,no,"YES  The July 27, 2018 lunar eclipse was a partial lunar",yes,yes,Incorrect,0.7048
semantic,21,dev_1534,no,NO,no,no,Correct,0.6807000000000001
semantic,21,dev_1546,yes,NO,no,no,Incorrect,0.6812
semantic,21,dev_1552,yes,,,other,NC,2.5572
semantic,21,dev_1557,no,,,other,NC,0.6203
semantic,21,dev_1563,no,NO,no,no,Correct,0.6975
semantic,21,dev_1627,no,,,other,NC,0.6193
semantic,21,dev_1632,yes,,,other,NC,0.65
semantic,21,dev_1650,yes,,,other,NC,0.6207999999999999
semantic,21,dev_1655,no,,,other,NC,0.629
semantic,21,dev_1658,yes,NO. The Nazca Lines are geoglyphs that can only be fully,no,no,Incorrect,0.6969
semantic,21,dev_1659,yes,YES. An undergraduate degree and a bachelor's degree are often used interchangeably to,yes,yes,Correct,0.6922999999999999
semantic,21,dev_1673,yes,"Yes.  Grolar bears, also known as polar bears and grizzly",yes,yes,Correct,0.681
semantic,21,dev_1680,no,,,other,NC,0.6336
semantic,21,dev_1687,no,NO. The U.S. Air Force does not have a warrant officer rank.,no,no,Correct,0.6961
semantic,21,dev_1698,no,,,other,NC,0.615
semantic,21,dev_1707,yes,"NO. While both PLCs and limited companies have limited liability, a PLC is",no,no,Incorrect,0.6959
semantic,21,dev_1727,yes,NO. A digital audio cable is typically a coaxial cable (RCA),no,no,Incorrect,0.6977000000000001
semantic,21,dev_1736,no,YES. The magnitude of a physical quantity can change with a change in the system,yes,yes,Incorrect,0.6945
semantic,21,dev_1737,yes,,,other,NC,0.6273
semantic,21,dev_1740,yes,YES,yes,yes,Correct,0.6947000000000001
semantic,21,dev_1743,no,NO  The Last King of Scotland is a fictionalized account of Idi A,no,no,Correct,0.6976
semantic,21,dev_1749,yes,"YES, Delhi University and the University of Delhi are the same. The University of",yes,yes,Correct,0.6834
semantic,21,dev_1750,no,NO. According to the Supreme Court's decision in Chaplinsky v. New,no,no,Correct,0.701
semantic,21,dev_1757,yes,,,other,NC,0.5929
semantic,21,dev_1763,yes,,,other,NC,0.6781
semantic,21,dev_1775,no,,,other,NC,0.6784
semantic,21,dev_1789,no,,,other,NC,0.6184
semantic,21,dev_1806,no,"NO. The U.S. government stopped printing $1,000 bills in",no,no,Correct,0.6958
semantic,21,dev_1814,no,"NO.  In the North American Numbering Plan, area codes cannot start with",no,no,Correct,0.6945
semantic,21,dev_1823,yes,YES. The MLB All-Star Game used to determine home-field advantage in the World,yes,yes,Correct,0.6918
semantic,21,dev_1832,no,YES,yes,yes,Incorrect,0.7012999999999999
semantic,21,dev_1849,yes,,,other,NC,0.5945
semantic,21,dev_1851,no,,,other,NC,0.6232000000000001
semantic,21,dev_1857,no,Yes. Cows need to give birth to produce milk. The process of cal,yes,yes,Incorrect,0.6869
semantic,21,dev_1895,yes,,,other,NC,0.5922999999999999
semantic,21,dev_1906,no,,,other,NC,0.6835
semantic,21,dev_1916,yes,,,other,NC,0.6273
semantic,21,dev_1919,yes,YES. Nuclear transmutation is the process of changing one element into another through nuclear,yes,yes,Correct,0.6816
semantic,21,dev_1924,yes,NO. A car's serial number and Vehicle Identification Number (VIN) are not,no,no,Incorrect,2.0602
semantic,21,dev_1938,no,,,other,NC,0.5871000000000001
semantic,21,dev_1948,yes,,,other,NC,0.5882000000000001
semantic,21,dev_1950,no,,,other,NC,0.5859
semantic,21,dev_1960,no,NO,no,no,Correct,0.6919
semantic,21,dev_1977,no,,,other,NC,0.6829
semantic,21,dev_1995,yes,YES,yes,yes,Correct,0.6911
semantic,21,dev_1997,yes,,,other,NC,0.6778
semantic,21,dev_2009,no,,,other,NC,0.6163
semantic,21,dev_2032,yes,,,other,NC,0.6442
semantic,21,dev_2045,yes,,,other,NC,0.6381
semantic,21,dev_2053,no,NO,no,no,Correct,0.6958
semantic,21,dev_2061,no,"NO. In most jurisdictions, next of kin is determined by law and cannot be",no,no,Correct,0.698
semantic,21,dev_2065,yes,NO,no,no,Incorrect,0.6832
semantic,21,dev_2068,yes,YES. Allied Waste and Republic Services merged in 2008 to form Republic Services,yes,yes,Correct,0.6967000000000001
semantic,21,dev_2078,no,NO,no,no,Correct,0.6994
semantic,21,dev_2079,yes,YES,yes,yes,Correct,0.6996
semantic,21,dev_2088,no,,,other,NC,0.6263
semantic,21,dev_2091,no,NO,no,no,Correct,0.6846
semantic,21,dev_2094,no,YES. Destin–Fort Walton Beach Airport is a public airport located in Ok,yes,yes,Incorrect,0.6841
semantic,21,dev_2095,yes,,,other,NC,0.6808
semantic,21,dev_2139,no,NO,no,no,Correct,0.6975
semantic,21,dev_2166,yes,,,other,NC,0.6239
semantic,21,dev_2184,no,"YES 

The U.S. has had a long-standing military presence in Saudi Arabia",yes,yes,Incorrect,0.6836
semantic,21,dev_2187,yes,,,other,NC,0.6173
semantic,21,dev_2192,no,NO,no,no,Correct,0.6844
semantic,21,dev_2196,no,NO,no,no,Correct,0.6957000000000001
semantic,21,dev_2199,yes,YES,yes,yes,Correct,0.6955
semantic,21,dev_2204,yes,,,other,NC,0.6316
semantic,21,dev_2220,no,YES,yes,yes,Incorrect,0.6955
semantic,21,dev_2224,no,,,other,NC,0.616
semantic,21,dev_2232,no,"YES. The Pro-Cathedral of the Most Holy Trinity, also known as",yes,yes,Incorrect,2.0505
semantic,21,dev_2234,no,,,other,NC,0.5881000000000001
semantic,21,dev_2237,no,NO,no,no,Correct,0.6948
semantic,21,dev_2247,yes,,,other,NC,0.6179
semantic,21,dev_2248,yes,,,other,NC,0.6161
semantic,21,dev_2266,no,,,other,NC,0.5905
semantic,21,dev_2275,yes,NO,no,no,Incorrect,0.6861
semantic,21,dev_2295,yes,NO,no,no,Incorrect,0.6968
semantic,21,dev_2304,yes,NO. The House of Representatives is one of the two chambers that make up the,no,no,Incorrect,0.6967000000000001
semantic,21,dev_2306,yes,,,other,NC,0.5911000000000001
semantic,21,dev_2310,no,,,other,NC,0.6487
semantic,21,dev_2315,yes,,,other,NC,0.6307
semantic,21,dev_2323,no,"YES, the film Tully is based on a book of the same name by",yes,yes,Incorrect,0.6992999999999999
semantic,21,dev_2328,no,"YES. Corinthian leather is a type of leather upholstery used in some vehicles,",yes,yes,Incorrect,0.7815
semantic,21,dev_2350,no,,,other,NC,0.7747999999999999
semantic,21,dev_2382,yes,,,other,NC,0.6371
semantic,21,dev_2387,yes,"YES  Northern Ireland has a national football team that participates in international football competitions,",yes,yes,Correct,0.6959
semantic,21,dev_2388,no,"NO, generally, once a defendant has been acquitted or convicted, they cannot be",no,no,Correct,0.6954
semantic,21,dev_2396,yes,"NO.  Semolina flour is a coarse, yellowish flour made from durum",no,no,Incorrect,0.6976
semantic,21,dev_2408,yes,NO,no,no,Incorrect,0.6968
semantic,21,dev_2413,no,NO. While the movie Stalingrad is set during the Battle of Staling,no,no,Correct,0.692
semantic,21,dev_2428,yes,NO,no,no,Incorrect,0.6818
semantic,21,dev_2433,no,,,other,NC,0.6307999999999999
semantic,21,dev_2434,no,No,no,no,Correct,0.6777000000000001
semantic,21,dev_2447,no,NO,no,no,Correct,0.6982
semantic,21,dev_2473,yes,,,other,NC,0.6495
semantic,21,dev_2479,no,YES,yes,yes,Incorrect,0.6991
semantic,21,dev_2504,no,,,other,NC,0.6464
semantic,21,dev_2532,yes,YES,yes,yes,Correct,0.6811
semantic,21,dev_2537,no,"NO

Social studies and social science are related but distinct fields. Social studies",no,no,Correct,0.6861
semantic,21,dev_2538,no,"NO.  The film War Room, directed by Alex and Stephen Kendrick",no,no,Correct,0.6951
semantic,21,dev_2547,yes,,,other,NC,1.9228
semantic,21,dev_2548,no,,,other,NC,0.6322000000000001
semantic,21,dev_2555,no,NO,no,no,Correct,0.692
semantic,21,dev_2566,no,YES,yes,yes,Incorrect,0.6862999999999999
semantic,21,dev_2572,no,NO.,no,no,Correct,0.6832999999999999
semantic,21,dev_2577,no,,,other,NC,0.6161
semantic,21,dev_2605,yes,,,other,NC,0.6169
semantic,21,dev_2614,yes,NO,no,no,Incorrect,0.6857000000000001
semantic,21,dev_2622,no,,,other,NC,0.6284
semantic,21,dev_2634,yes,,,other,NC,0.6802
semantic,21,dev_2643,no,,,other,NC,0.6322000000000001
semantic,21,dev_2655,yes,NO,no,no,Incorrect,0.6467999999999999
semantic,21,dev_2656,yes,,,other,NC,0.5893999999999999
semantic,21,dev_2690,yes,NO,no,no,Incorrect,0.6827000000000001
semantic,21,dev_2719,no,NO,no,no,Correct,0.6769
semantic,21,dev_2727,no,,,other,NC,0.6217
semantic,21,dev_2750,yes,,,other,NC,0.6339
semantic,21,dev_2757,yes,,,other,NC,0.6755
semantic,21,dev_2770,yes,NO. A 40-hour workweek is typically considered to be 8 hours,no,no,Incorrect,2.0225
semantic,21,dev_2791,yes,NO,no,no,Incorrect,0.6882
semantic,21,dev_2813,yes,,,other,NC,0.6142000000000001
semantic,21,dev_2821,yes,NO,no,no,Incorrect,0.6981
semantic,21,dev_2832,yes,,,other,NC,0.588
semantic,21,dev_2838,no,"YES (The novel is semi-autobiographical, drawing from Pat Conroy's",yes,yes,Incorrect,0.6928
semantic,21,dev_2853,no,"YES, with some variations, as both North and South Korea speak the Korean",yes,yes,Incorrect,0.6981
semantic,21,dev_2870,no,NO,no,no,Correct,0.6825
semantic,21,dev_2875,yes,,,other,NC,0.6772999999999999
semantic,21,dev_2880,no,YES,yes,yes,Incorrect,0.6848
semantic,21,dev_2890,no,,,other,NC,0.6391
semantic,21,dev_2901,yes,"No. While VW, Audi, and Porsche are all owned by the Volkswagen Group",no,no,Incorrect,0.6979
semantic,21,dev_2906,yes,NO. While both fidelity bonds and crime insurance provide protection against financial losses due to,no,no,Incorrect,0.6978
semantic,21,dev_2919,no,NO. The,no,no,Correct,0.6988
semantic,21,dev_2931,yes,"NO. In the United States, the minimum legal drinking age is 21.",no,no,Incorrect,0.7075
semantic,21,dev_2933,no,NO.,no,no,Correct,0.6836
semantic,21,dev_2956,yes,,,other,NC,0.6207
semantic,21,dev_2959,no,YES,yes,yes,Incorrect,0.6838
semantic,21,dev_2967,yes,,,other,NC,0.5754
semantic,21,dev_2973,no,,,other,NC,0.6305
semantic,21,dev_2991,yes,"YES. With the right strategy, knowledge, and bankroll, it is possible",yes,yes,Correct,0.6922
semantic,21,dev_3000,yes,,,other,NC,0.6153
semantic,21,dev_3015,yes,,,other,NC,0.6175
semantic,21,dev_3027,no,"NO
You need to apply for a separate visa or use a visa waiver program",no,no,Correct,0.6425
semantic,21,dev_3029,no,YES,yes,yes,Incorrect,0.6844
semantic,21,dev_3035,no,,,other,NC,0.6297
semantic,21,dev_3040,no,"YES.  A no-insurance ticket is typically considered a moving violation, as",yes,yes,Incorrect,0.6792
semantic,21,dev_3073,no,NO,no,no,Correct,0.6938
semantic,21,dev_3079,yes,"NO. Salary is typically included in operating expenses, not in cost of goods sold",no,no,Incorrect,0.6852999999999999
semantic,21,dev_3089,yes,,,other,NC,0.6775
semantic,21,dev_3105,yes,NO,no,no,Incorrect,0.6812999999999999
semantic,21,dev_3106,yes,NO,no,no,Incorrect,0.6845
semantic,21,dev_3107,yes,"YES. There have been several recess appointments to the Supreme Court throughout US history,",yes,yes,Correct,0.6952999999999999
semantic,21,dev_3122,no,YES,yes,yes,Incorrect,0.6985
semantic,21,dev_3143,no,NO,no,no,Correct,0.6964
semantic,21,dev_3173,no,NO,no,no,Correct,0.6932999999999999
semantic,21,dev_3183,no,,,other,NC,0.619
semantic,21,dev_3187,yes,YES. Batman Forever is a sequel to Batman Returns.  It was released in,yes,yes,Correct,0.7055
semantic,21,dev_3204,no,,,other,NC,0.6483
semantic,21,dev_3212,yes,NO. A physical address is a generic term that refers to any unique identifier assigned,no,no,Incorrect,0.6534
semantic,21,dev_3221,no,,,other,NC,0.6327
semantic,21,dev_3231,yes,,,other,NC,0.5695
semantic,21,dev_3232,yes,,,other,NC,0.6419
semantic,21,dev_3238,yes,NO,no,no,Incorrect,0.6966
semantic,21,dev_3239,yes,YES. There have been instances where the Conn Smythe Trophy was awarded to a,yes,yes,Correct,0.6986
semantic,21,dev_3241,yes,NO,no,no,Incorrect,0.6984
semantic,21,dev_3242,yes,"YES. In the Steven Universe series, a Ruby and a Sapphire fusion results in",yes,yes,Correct,0.6958
semantic,21,dev_0031,yes,,,other,NC,0.6303
semantic,21,dev_0148,yes,YES,yes,yes,Correct,0.6795
semantic,21,dev_0178,yes,,,other,NC,0.646
semantic,21,dev_0410,yes,YES,yes,yes,Correct,0.6992999999999999
semantic,21,dev_0419,yes,NO,no,no,Incorrect,0.6832
semantic,21,dev_0448,yes,YES,yes,yes,Correct,0.6984
semantic,21,dev_0224,no,NO,no,no,Correct,0.6957000000000001
semantic,21,dev_0317,no,"NO  While some people are born with perfect pitch, it is not a requirement",no,no,Correct,0.699
semantic,21,dev_0368,no,NO,no,no,Correct,0.695
semantic,21,dev_0507,no,,,other,NC,0.5903999999999999
semantic,21,dev_0603,no,NO. The Seven Ages of Man is a monologue from Shakespeare's play As,no,no,Correct,0.6976
semantic,21,dev_0938,no,"NO. The song ""House of the Rising Sun"" is a traditional folk ball",no,no,Correct,0.6798
semantic,21,dev_0076,yes,"I don't know. Ferrets are not typically known for their mating habits,",i,idk,IDK,0.6766
semantic,21,dev_0459,yes,,,other,NC,0.6467999999999999
semantic,21,dev_0502,yes,,,other,NC,0.6166
semantic,21,dev_0580,yes,,,other,NC,0.593
semantic,21,dev_1089,yes,,,other,NC,0.5712
semantic,21,dev_1153,yes,NO,no,no,Incorrect,0.697
semantic,21,dev_1315,yes,,,other,NC,0.6321
semantic,21,dev_1482,yes,,,other,NC,0.5858
semantic,21,dev_1568,yes,,,other,NC,0.6393
semantic,21,dev_1968,yes,,,other,NC,0.6387
semantic,21,dev_2223,yes,YES,yes,yes,Correct,0.6928
semantic,21,dev_2420,yes,,,other,NC,0.6235
semantic,21,dev_2882,yes,,,other,NC,0.6155
semantic,21,dev_2899,yes,"NO. Dalmatians are born with their characteristic spots, and the number",no,no,Incorrect,0.6439
semantic,21,dev_2910,yes,"NO. While both taro and elephant ears are types of Colocasia,",no,no,Incorrect,0.6956
semantic,21,dev_0713,no,YES. Cows typically need to be pregnant and give birth to a,yes,yes,Incorrect,0.6971
semantic,21,dev_0816,no,,,other,NC,0.5859
semantic,21,dev_0911,no,,,other,NC,0.6496000000000001
semantic,21,dev_0997,no,NO,no,no,Correct,0.6942
semantic,21,dev_1258,no,YES. The umbilical cord is a cord that connects the fetus,yes,yes,Incorrect,0.6825
semantic,21,dev_1422,no,"NO. Root hairs typically occur in specific regions of the root, such",no,no,Correct,0.6942
semantic,21,dev_2120,no,,,other,NC,0.6495
semantic,21,dev_2353,no,,,other,NC,0.5886
semantic,21,dev_2441,no,,,other,NC,0.6
semantic,21,dev_2087,no,,,other,NC,0.6485
semantic,21,dev_2215,no,,,other,NC,0.6257
semantic,21,dev_2503,no,NO. While both are members of the Mimidae family and are known for their,no,no,Correct,2.0407
semantic,21,dev_2652,no,,,other,NC,0.6896
semantic,21,dev_2850,no,"NO. In the case of honey bees, the stinger is left",no,no,Correct,0.6996
semantic,21,dev_3062,no,,,other,NC,0.5935
semantic,21,dev_0400,yes,,,other,NC,0.5906
semantic,21,dev_0432,yes,NO,no,no,Incorrect,0.6975
semantic,21,dev_0446,yes,,,other,NC,0.5982000000000001
semantic,21,dev_0455,yes,,,other,NC,0.644
semantic,21,dev_0472,yes,,,other,NC,0.6174
semantic,21,dev_0524,yes,,,other,NC,0.6162000000000001
semantic,21,dev_0767,yes,YES,yes,yes,Correct,0.6977000000000001
semantic,21,dev_0875,yes,"YES, there are high-denomination bills, including the $1,000,",yes,yes,Correct,0.6842999999999999
semantic,21,dev_0950,yes,"YES. Poland Spring water is sourced from natural springs in Maine, USA.",yes,yes,Correct,0.6866
semantic,21,dev_1023,yes,"NO. While both roles involve originating loans, a mortgage loan originator is specifically",no,no,Incorrect,0.695
semantic,21,dev_1171,yes,,,other,NC,0.6794
semantic,21,dev_1207,yes,,,other,NC,0.5882000000000001
semantic,21,dev_1299,yes,"YES Net earnings and net income are essentially the same, referring to the",yes,yes,Correct,0.6841
semantic,21,dev_0157,no,,,other,NC,0.6517999999999999
semantic,21,dev_0371,no,,,other,NC,0.682
semantic,21,dev_0621,no,,,other,NC,0.587
semantic,21,dev_0699,no,,,other,NC,0.5953999999999999
semantic,21,dev_0954,no,NO,no,no,Correct,0.6951
semantic,21,dev_1050,no,,,other,NC,0.6304
semantic,21,dev_1208,no,,,other,NC,0.6163
semantic,21,dev_1257,no,I don't know.  Home Bargains and Quality Save are both discount stores,i,idk,IDK,0.6812999999999999
semantic,21,dev_1805,no,"NO. The U.S. government stopped issuing $10,000 bills in",no,no,Correct,0.6965
semantic,21,dev_1876,no,I don't know,i,idk,IDK,0.6826
semantic,21,dev_2290,no,NO,no,no,Correct,0.6752
semantic,21,dev_2444,no,,,other,NC,0.5859
semantic,21,dev_0250,yes,"YES. In the Netherlands, Father's Day is celebrated on the third Sunday of",yes,yes,Correct,0.6911
semantic,21,dev_0337,yes,,,other,NC,0.6444
semantic,21,dev_0386,yes,,,other,NC,0.617
semantic,21,dev_0591,yes,NO,no,no,Incorrect,0.6987000000000001
semantic,21,dev_0746,yes,"YES. June 12 is celebrated as Philippine Independence Day in the Philippines, marking",yes,yes,Correct,0.6972999999999999
semantic,21,dev_0845,yes,YES,yes,yes,Correct,0.6824
semantic,21,dev_0855,yes,YES  Would you like to,yes,yes,Correct,0.6859
semantic,21,dev_0915,yes,,,other,NC,0.6469
semantic,21,dev_0945,yes,YES,yes,yes,Correct,0.6851
semantic,21,dev_0021,no,,,other,NC,0.6187999999999999
semantic,21,dev_0490,no,"I don't know. The visa requirements for U.S. citizens can change,",i,idk,IDK,0.6891
semantic,21,dev_0581,no,NO,no,no,Correct,0.6792
semantic,21,dev_0631,no,,,other,NC,0.6193
semantic,21,dev_0691,no,NO,no,no,Correct,0.6858
semantic,21,dev_0783,no,,,other,NC,0.6394
semantic,21,dev_0787,no,,,other,NC,0.5877
semantic,21,dev_0825,no,,,other,NC,0.6446000000000001
semantic,21,dev_0885,no,NO. UK citizens do not need a visa to enter Albania for tourism or business,no,no,Correct,0.6817000000000001
semantic,21,dev_0089,yes,YES,yes,yes,Correct,0.6969
semantic,21,dev_0095,yes,"YES. The TV series ""Anne with an E"" is primarily filmed on location",yes,yes,Correct,0.6836
semantic,21,dev_0211,yes,,,other,NC,0.628
semantic,21,dev_0238,yes,I don't know. I couldn't find any information about a character named Beau,i,idk,IDK,0.6942
semantic,21,dev_0252,yes,,,other,NC,0.5862999999999999
semantic,21,dev_0256,yes,,,other,NC,0.6305
semantic,21,dev_0266,yes,"NO 
The Book of Henry is a 2017 American drama film directed by",no,no,Incorrect,0.6878
semantic,21,dev_0310,yes,NO. Contestants on Survivor typically receive a stipend to cover their living expenses,no,no,Incorrect,0.6852
semantic,21,dev_0359,yes,"YES.  In the game show ""Who Wants to Be a Millionaire,""",yes,yes,Correct,0.7358
semantic,21,dev_0422,yes,,,other,NC,0.6357999999999999
semantic,21,dev_0040,no,YES,yes,yes,Incorrect,0.6952
semantic,21,dev_0080,no,,,other,NC,0.68
semantic,21,dev_0100,no,"NO. The girl, Kelly Curtis, is a minor character in The Lost World",no,no,Correct,0.7069
semantic,21,dev_0240,no,,,other,NC,0.6812
semantic,21,dev_0247,no,I don't know,i,idk,IDK,0.6847000000000001
semantic,21,dev_0260,no,,,other,NC,0.5908
semantic,21,dev_0277,no,YES. Michael Scott (played by Steve Carell) and Pam Beesly,yes,yes,Incorrect,0.6841
semantic,21,dev_0290,no,,,other,NC,0.5925
semantic,21,dev_0303,no,,,other,NC,0.5867
semantic,21,dev_0231,yes,"YES. Penne alla vodka typically contains heavy cream or half-and-half, which",yes,yes,Correct,2.0236
semantic,21,dev_0401,yes,,,other,NC,0.7226
semantic,21,dev_0420,yes,"NO.  While red velvet cake does contain some cocoa powder, which gives it",no,no,Incorrect,0.6835
semantic,21,dev_0571,yes,NO,no,no,Incorrect,0.6812
semantic,21,dev_0583,yes,NO,no,no,Incorrect,0.6809
semantic,21,dev_0765,yes,YES,yes,yes,Correct,0.696
semantic,21,dev_0778,yes,"NO

While a cookie sheet and a sheet pan are similar, they are not",no,no,Incorrect,0.6928
semantic,21,dev_0815,yes,,,other,NC,1.9858
semantic,21,dev_0073,no,NO,no,no,Correct,0.683
semantic,21,dev_0491,no,,,other,NC,0.5841000000000001
semantic,21,dev_0615,no,,,other,NC,0.6281
semantic,21,dev_0868,no,NO,no,no,Correct,0.6896
semantic,21,dev_0880,no,,,other,NC,0.6196
semantic,21,dev_0953,no,NO,no,no,Correct,0.685
semantic,21,dev_0985,no,,,other,NC,0.5741
semantic,21,dev_0136,yes,,,other,NC,0.6294
semantic,21,dev_0367,yes,,,other,NC,0.6832
semantic,21,dev_0618,yes,NO,no,no,Incorrect,0.7027
semantic,21,dev_0720,yes,,,other,NC,1.9301
semantic,21,dev_0770,yes,"NO. The numbers on a standard European roulette wheel add up to 666,",no,no,Incorrect,0.6852999999999999
semantic,21,dev_0835,yes,YES,yes,yes,Correct,0.6819
semantic,21,dev_0896,yes,YES,yes,yes,Correct,0.6788
semantic,21,dev_0434,no,NO. While the Xbox One is backward compatible with many Xbox and Xbox 360,no,no,Correct,0.6855
semantic,21,dev_0489,no,,,other,NC,0.5886
semantic,21,dev_0852,no,NO,no,no,Correct,0.6797000000000001
semantic,21,dev_0870,no,"NO. While paladins are often associated with Lawful Good alignment, they",no,no,Correct,0.6974
semantic,21,dev_1148,no,,,other,NC,0.6457999999999999
semantic,21,dev_2595,no,NO,no,no,Correct,0.6966
semantic,21,dev_0281,yes,"YES 

There are tolls on parts of I-70 in Kansas, specifically",yes,yes,Correct,0.6982
semantic,21,dev_0528,yes,,,other,NC,0.5913999999999999
semantic,21,dev_0547,yes,NO,no,no,Incorrect,0.6825
semantic,21,dev_0623,yes,,,other,NC,0.6246
semantic,21,dev_0626,yes,NO  Skyline Drive is a scenic road that runs through Shenandoah National,no,no,Incorrect,0.6977000000000001
semantic,21,dev_0686,yes,I don't know. I would need to look up the information to confirm.,i,idk,IDK,0.6837000000000001
semantic,21,dev_0822,yes,"YES, there is a waterfall in Marble Falls, TX. The Falls on the",yes,yes,Correct,0.6866
semantic,21,dev_1210,yes,,,other,NC,0.5888
semantic,21,dev_0374,no,NO,no,no,Correct,0.6911
semantic,21,dev_0900,no,,,other,NC,0.6364
semantic,21,dev_0913,no,"NO, there is no Porpoise Spit in Australia. Porpoise Spit",no,no,Correct,0.6981
semantic,21,dev_1234,no,NO,no,no,Correct,0.655
semantic,21,dev_1360,no,NO,no,no,Correct,0.6856
semantic,21,dev_1544,no,NO,no,no,Correct,0.6789
semantic,21,dev_1588,no,NO,no,no,Correct,0.694
semantic,21,dev_0344,yes,NO,no,no,Incorrect,2.0245
semantic,21,dev_0379,yes,,,other,NC,0.635
semantic,21,dev_0474,yes,NO,no,no,Incorrect,0.699
semantic,21,dev_0614,yes,,,other,NC,0.6167
semantic,21,dev_0655,yes,NO,no,no,Incorrect,0.7365
semantic,21,dev_1195,yes,,,other,NC,0.6177999999999999
semantic,21,dev_1197,yes,,,other,NC,0.618
semantic,21,dev_1313,yes,NO.,no,no,Incorrect,0.6889
semantic,21,dev_1564,yes,,,other,NC,0.6271
semantic,21,dev_0078,no,,,other,NC,0.6802
semantic,21,dev_0166,no,,,other,NC,0.6291
semantic,21,dev_0851,no,YES. Attending a first aid course is a key part of the chain of,yes,yes,Incorrect,0.6929
semantic,21,dev_0861,no,,,other,NC,1.9470999999999998
semantic,21,dev_0872,no,,,other,NC,0.5889
semantic,21,dev_1554,no,,,other,NC,0.6476000000000001
semantic,21,dev_1719,no,,,other,NC,0.5912000000000001
semantic,21,dev_1991,no,,,other,NC,0.5913999999999999
semantic,21,dev_2115,no,,,other,NC,0.6305
semantic,21,dev_0105,yes,,,other,NC,0.6155
semantic,21,dev_0125,yes,"YES. According to historical accounts, including the writings of Pliny the Younger",yes,yes,Correct,0.6959
semantic,21,dev_0191,yes,,,other,NC,0.6184
semantic,21,dev_1292,yes,,,other,NC,0.6283
semantic,21,dev_1338,yes,,,other,NC,0.617
semantic,21,dev_0388,no,"YES. In the northern states, integration was more common and widespread,",yes,yes,Incorrect,2.0554
semantic,21,dev_0703,no,NO. The Peacock Throne was looted by Nader Shah in 173,no,no,Correct,0.6957000000000001
semantic,21,dev_0833,no,,,other,NC,0.6785
semantic,21,dev_0874,no,NO,no,no,Correct,0.6972
semantic,21,dev_1651,no,,,other,NC,0.6169
semantic,21,dev_0072,yes,"NO.  In Canada, you do not need a Possession and Acquisition Licence",no,no,Incorrect,0.6467
semantic,21,dev_0258,yes,,,other,NC,0.621
semantic,21,dev_0286,yes,YES. An administrative law judge (ALJ) is a real judge who pres,yes,yes,Correct,0.6849
semantic,21,dev_0348,yes,NO  Would you like,no,no,Incorrect,0.6506000000000001
semantic,21,dev_0467,yes,,,other,NC,0.5898
semantic,21,dev_0515,yes,NO. A restraining order is typically used to protect an individual from harm or harassment,no,no,Incorrect,0.6877000000000001
semantic,21,dev_0562,yes,,,other,NC,0.5998
semantic,21,dev_0636,yes,,,other,NC,0.5901000000000001
semantic,21,dev_0740,yes,,,other,NC,0.6457
semantic,21,dev_0838,yes,NO,no,no,Incorrect,0.6855
semantic,21,dev_0864,yes,,,other,NC,0.5837
semantic,21,dev_0873,yes,,,other,NC,0.5867
semantic,21,dev_0901,yes,,,other,NC,0.5866
semantic,21,dev_0909,yes,,,other,NC,0.6472
semantic,21,dev_1134,yes,,,other,NC,0.6196
semantic,21,dev_0198,no,NO,no,no,Correct,0.6471
semantic,21,dev_0215,no,,,other,NC,0.6291
semantic,21,dev_0223,no,,,other,NC,0.5905
semantic,21,dev_0234,no,,,other,NC,0.5912999999999999
semantic,21,dev_0272,no,,,other,NC,0.6307
semantic,21,dev_0453,no,,,other,NC,0.5857
semantic,21,dev_0499,no,"NO.  Puerto Rico is a territory of the United States, and its residents",no,no,Correct,0.6841
semantic,21,dev_0552,no,,,other,NC,0.6175
semantic,21,dev_0680,no,,,other,NC,0.6203
semantic,21,dev_0738,no,"I don't know. However, Taiwan is a member of the World Trade Organization",i,idk,IDK,0.6831
semantic,21,dev_0771,no,,,other,NC,0.658
semantic,21,dev_0888,no,,,other,NC,0.7355
semantic,21,dev_1135,no,"I don't know
I'm not aware of the specific laws and regulations in",i,idk,IDK,0.6837000000000001
semantic,21,dev_1188,no,NO,no,no,Correct,0.6862999999999999
semantic,21,dev_0339,yes,"NO. While a military ID is a valid government-issued ID, it is",no,no,Incorrect,0.6828
semantic,21,dev_0357,yes,,,other,NC,0.6175
semantic,21,dev_0498,yes,,,other,NC,0.6313
semantic,21,dev_0620,yes,,,other,NC,0.6533
semantic,21,dev_0878,yes,,,other,NC,0.7347
semantic,21,dev_1864,yes,,,other,NC,0.6303
semantic,21,dev_2080,yes,,,other,NC,0.6439
semantic,21,dev_2395,yes,"NO

The Governor-General has the power to withhold royal assent, but this",no,no,Incorrect,0.7027
semantic,21,dev_2639,yes,,,other,NC,0.627
semantic,21,dev_3155,yes,NO.,no,no,Incorrect,0.646
semantic,21,dev_3209,yes,,,other,NC,0.6182000000000001
semantic,21,dev_0209,no,NO.,no,no,Correct,0.685
semantic,21,dev_0273,no,No.  The George Washington Bridge has a toll only for those traveling southbound,no,no,Correct,0.6827000000000001
semantic,21,dev_0404,no,,,other,NC,0.6287
semantic,21,dev_0567,no,,,other,NC,0.628
semantic,21,dev_0675,no,"YES 

Note: Saudi Arabia has signed the Universal Declaration of",yes,yes,Incorrect,0.6962
semantic,21,dev_1172,no,,,other,NC,0.6792999999999999
semantic,21,dev_1275,no,,,other,NC,0.6275
semantic,21,dev_1971,no,,,other,NC,0.6155
semantic,21,dev_2001,no,,,other,NC,0.6477
semantic,21,dev_3004,no,"NO. Prior to 1979, council tenants did not have the right to",no,no,Correct,0.6972
semantic,21,dev_3256,no,,,other,NC,0.5867
semantic,21,dev_1132,yes,,,other,NC,0.6193
semantic,21,dev_1233,yes,"NO. In an adiabatic process, there is no heat",no,no,Incorrect,0.6895
semantic,21,dev_1511,yes,,,other,NC,0.6772
semantic,21,dev_1633,yes,"NO  Nail acetone and paint acetone are both types of acetone,",no,no,Incorrect,0.6956
semantic,21,dev_2007,yes,NO,no,no,Incorrect,0.6844
semantic,21,dev_2214,yes,,,other,NC,0.5893999999999999
semantic,21,dev_2239,yes,YES,yes,yes,Correct,0.7015
semantic,21,dev_2299,yes,,,other,NC,0.5952000000000001
semantic,21,dev_2303,yes,NO. While all life on Earth requires the same essential elements (CHNOPS,no,no,Incorrect,0.6975
semantic,21,dev_2477,yes,,,other,NC,0.5902999999999999
semantic,21,dev_2993,yes,,,other,NC,0.616
semantic,21,dev_3126,yes,,,other,NC,0.6263
semantic,21,dev_3188,yes,,,other,NC,0.6487999999999999
semantic,21,dev_3193,yes,,,other,NC,0.6147999999999999
semantic,21,dev_3234,yes,,,other,NC,0.6775
semantic,21,dev_3265,yes,NO,no,no,Incorrect,0.6986
semantic,21,dev_0001,no,"YES, research suggests that the production of ethanol from corn and other grains often requires",yes,yes,Incorrect,0.6836
semantic,21,dev_0579,no,,,other,NC,0.5893999999999999
semantic,21,dev_1003,no,,,other,NC,0.6272000000000001
semantic,21,dev_1483,no,,,other,NC,0.5865
semantic,21,dev_1551,no,,,other,NC,0.6821
semantic,21,dev_1702,no,NO,no,no,Correct,0.6946
semantic,21,dev_1925,no,,,other,NC,0.5955
semantic,21,dev_2025,no,,,other,NC,0.6326
semantic,21,dev_2312,no,,,other,NC,1.9487
semantic,21,dev_2471,no,"NO. A fixed pulley changes the direction of the force, but it does",no,no,Correct,0.6862
semantic,21,dev_2521,no,,,other,NC,0.6182000000000001
semantic,21,dev_2782,no,NO. The hydronium ion (H3O+) and the hydrogen,no,no,Correct,0.6861
semantic,21,dev_2812,no,,,other,NC,0.59
semantic,21,dev_3014,no,,,other,NC,0.6175
semantic,21,dev_3034,no,,,other,NC,0.6189
semantic,21,dev_3159,no,NO,no,no,Correct,0.7064
semantic,21,dev_3190,no,,,other,NC,0.6287
semantic,21,dev_0682,yes,"No. While both are forms of Christian preaching, a sermon is a more general",no,no,Incorrect,0.6936
semantic,21,dev_0735,yes,YES,yes,yes,Correct,0.6981
semantic,21,dev_1505,yes,"YES. The University of St. Thomas is a private, nonprofit institution located in",yes,yes,Correct,0.68
semantic,21,dev_1668,yes,YES.,yes,yes,Correct,0.6439
semantic,21,dev_2373,yes,"NO. ""Lord of All Hopefulness"" is actually a traditional Christian hymn",no,no,Incorrect,0.6979
semantic,21,dev_2793,yes,YES,yes,yes,Correct,0.6975
semantic,21,dev_2929,yes,"NO

Child psychology and developmental psychology are related but distinct fields. Child psychology",no,no,Incorrect,0.6838
semantic,21,dev_0605,no,,,other,NC,0.6203
semantic,21,dev_0908,no,,,other,NC,0.5889
semantic,21,dev_1388,no,,,other,NC,0.6271
semantic,21,dev_1521,no,,,other,NC,0.6855
semantic,21,dev_2334,no,"NO The Book of Jasher is not part of the canonical Bible,",no,no,Correct,0.6967000000000001
semantic,21,dev_2641,no,NO. A double-barrel surname doesn't necessarily have to be hyphenated,no,no,Correct,0.6787000000000001
semantic,21,dev_0347,yes,YES. The Women's College World Series (WCWS) is a double-,yes,yes,Correct,0.6857000000000001
semantic,21,dev_0411,yes,NO,no,no,Incorrect,0.6952999999999999
semantic,21,dev_0439,yes,NO,no,no,Incorrect,0.6443
semantic,21,dev_0452,yes,,,other,NC,0.632
semantic,21,dev_0585,yes,,,other,NC,0.5862999999999999
semantic,21,dev_0656,yes,,,other,NC,0.6282000000000001
semantic,21,dev_0661,yes,,,other,NC,0.5868
semantic,21,dev_0701,yes,NO,no,no,Incorrect,0.6785
semantic,21,dev_0704,yes,YES,yes,yes,Correct,0.6832999999999999
semantic,21,dev_0752,yes,,,other,NC,0.5877
semantic,21,dev_0848,yes,"NO. In most sports leagues, transfers, including signing free agents,",no,no,Incorrect,0.6848
semantic,21,dev_0883,yes,,,other,NC,0.6524
semantic,21,dev_1143,yes,YES,yes,yes,Correct,0.7011000000000001
semantic,21,dev_1305,yes,,,other,NC,0.6199
semantic,21,dev_1497,yes,,,other,NC,0.6845
semantic,21,dev_1777,yes,"YES, away goals count in league playoffs, specifically in the MLS playoffs, as",yes,yes,Correct,0.6969
semantic,21,dev_2250,yes,NO,no,no,Incorrect,0.6942
semantic,21,dev_2370,yes,YES,yes,yes,Correct,0.6836
semantic,21,dev_0083,no,NO,no,no,Correct,0.6956
semantic,21,dev_0085,no,YES,yes,yes,Incorrect,0.6948
semantic,21,dev_0170,no,NO,no,no,Correct,0.6842999999999999
semantic,21,dev_0230,no,NO,no,no,Correct,0.6938
semantic,21,dev_0412,no,,,other,NC,0.621
semantic,21,dev_0421,no,,,other,NC,0.648
semantic,21,dev_0447,no,YES,yes,yes,Incorrect,0.6982999999999999
semantic,21,dev_0544,no,,,other,NC,0.6442
semantic,21,dev_0565,no,NO,no,no,Correct,0.6788
semantic,21,dev_0589,no,,,other,NC,0.6193
semantic,21,dev_0593,no,,,other,NC,0.57
semantic,21,dev_0859,no,NO,no,no,Correct,0.6977000000000001
semantic,21,dev_0865,no,NO,no,no,Correct,0.7022999999999999
semantic,21,dev_1518,no,YES. All 2018 FIFA World Cup matches were played in Russia.,yes,yes,Incorrect,0.696
semantic,21,dev_1768,no,NO,no,no,Correct,0.6872
semantic,21,dev_1779,no,NO. India did not qualify for the 2018 FIFA World Cup. They,no,no,Correct,0.705
semantic,21,dev_1905,no,"NO. According to IFAB Laws, a player cannot be offside directly from",no,no,Correct,0.6959
semantic,21,dev_2156,no,"NO. The Arizona Diamondbacks won the World Series in 2001, defeating",no,no,Correct,0.6801
semantic,21,dev_2158,no,NO.  The Cincinnati Bengals have not won a Super Bowl in their franchise history,no,no,Correct,0.6946
semantic,21,dev_2798,no,NO,no,no,Correct,0.6838
semantic,21,dev_3138,no,,,other,NC,0.5907
semantic,21,dev_0307,yes,"NO. 700c tires are typically used on 27.5"" or",no,no,Incorrect,0.699
semantic,21,dev_0506,yes,"YES. Drywall mud and joint compound are essentially the same thing, used for",yes,yes,Correct,0.6844
semantic,21,dev_0641,yes,,,other,NC,0.6197999999999999
semantic,21,dev_0844,yes,I don't know. I'm not aware of the specific tower sharing arrangements between,i,idk,IDK,0.6859
semantic,21,dev_1032,yes,NO,no,no,Incorrect,0.7026
semantic,21,dev_1574,yes,YES,yes,yes,Correct,0.7041000000000001
semantic,21,dev_1889,yes,YES,yes,yes,Correct,0.6918
semantic,21,dev_2093,yes,,,other,NC,0.616
semantic,21,dev_2213,yes,,,other,NC,0.6243
semantic,21,dev_2735,yes,YES. Pipelining can help reduce latency by breaking down a complex task into,yes,yes,Correct,0.6861
semantic,21,dev_2836,yes,NO,no,no,Incorrect,0.6931
semantic,21,dev_0788,no,NO,no,no,Correct,2.0375
semantic,21,dev_0798,no,NO. Area code 669 is a standard area code used in the United States,no,no,Correct,0.6932
semantic,21,dev_1249,no,,,other,NC,0.6182000000000001
semantic,21,dev_1458,no,,,other,NC,0.6425
semantic,21,dev_1584,no,"YES. The GMC version of the Avalanche was called the GMC Envoy XL,",yes,yes,Incorrect,0.6944
semantic,21,dev_1589,no,NO,no,no,Correct,0.6829
semantic,21,dev_1657,no,NO,no,no,Correct,0.6955
semantic,21,dev_1691,no,,,other,NC,0.6466000000000001
semantic,21,dev_1943,no,,,other,NC,0.6189
semantic,21,dev_2682,no,,,other,NC,0.5882999999999999
semantic,21,dev_2712,no,,,other,NC,0.6191
semantic,21,dev_0427,no,NO,no,no,Correct,0.6856
semantic,21,dev_0531,no,NO,no,no,Correct,0.7078
semantic,21,dev_1915,no,"YES
The Hunchback of Notre-Dame, written by Victor Hugo",yes,yes,Incorrect,0.6985
semantic,21,dev_1946,no,NO  •   What is the relationship between Snake Eyes and Storm Shadow in the,no,no,Correct,0.7069
semantic,21,dev_2024,no,NO,no,no,Correct,0.6835
semantic,21,dev_2265,no,,,other,NC,0.5933999999999999
semantic,21,dev_0004,yes,YES,yes,yes,Correct,0.6869
semantic,21,dev_0241,yes,NO,no,no,Incorrect,0.6826
semantic,21,dev_0326,yes,YES. The Wizarding World of Harry Potter is located in both Islands of Adventure,yes,yes,Correct,0.6976
semantic,21,dev_0525,yes,"YES. Queen had many number-one hits, including ""Bohemian Rhaps",yes,yes,Correct,0.7064
semantic,21,dev_0577,yes,NO,no,no,Incorrect,0.6951
semantic,21,dev_0799,yes,NO,no,no,Incorrect,0.6809
semantic,21,dev_0142,no,"NO. While both are solvents, denatured alcohol is a type of",no,no,Correct,0.6962
semantic,21,dev_0494,no,,,other,NC,0.6618999999999999
semantic,21,dev_0527,no,NO. HeLa cells are a well-known example of an aneuploid,no,no,Correct,0.6932999999999999
semantic,21,dev_0566,no,NO,no,no,Correct,0.681
semantic,21,dev_0648,no,,,other,NC,0.6184
semantic,21,dev_0668,no,,,other,NC,0.6143
semantic,21,dev_0749,no,,,other,NC,0.6162000000000001
semantic,21,dev_0790,no,,,other,NC,0.6357
semantic,21,dev_0867,no,"NO

Different factors, such as environmental influences, gene-environment interactions, and",no,no,Correct,0.6995
semantic,21,dev_0921,no,,,other,NC,0.6173
semantic,21,dev_1088,no,,,other,NC,0.6157999999999999
semantic,21,dev_1329,no,NO,no,no,Correct,0.6825
semantic,21,dev_1402,no,NO. Tissue is typically composed of multiple cell types that work together to perform,no,no,Correct,0.6952999999999999
semantic,21,dev_1428,no,,,other,NC,0.6213
semantic,21,dev_1439,no,NO,no,no,Correct,0.6951
semantic,21,dev_0020,yes,,,other,NC,0.6642
semantic,21,dev_0027,yes,YES,yes,yes,Correct,0.6844
semantic,21,dev_0047,yes,,,other,NC,0.6267
semantic,21,dev_0070,yes,"YES. T. rex and Tyrannosaurus rex are the same, as",yes,yes,Correct,0.6978
semantic,21,dev_0086,yes,NO,no,no,Incorrect,0.6928
semantic,21,dev_0121,yes,YES,yes,yes,Correct,0.6925
semantic,21,dev_0131,yes,YES,yes,yes,Correct,0.683
semantic,21,dev_0147,yes,,,other,NC,0.654
semantic,21,dev_0159,yes,,,other,NC,0.5856
semantic,21,dev_0190,yes,,,other,NC,0.6382000000000001
semantic,21,dev_0195,yes,,,other,NC,0.6146
semantic,21,dev_0200,yes,,,other,NC,0.6247
semantic,21,dev_0214,yes,,,other,NC,0.6812
semantic,21,dev_0242,yes,,,other,NC,0.627
semantic,21,dev_0522,yes,,,other,NC,0.5881000000000001
semantic,21,dev_0033,no,NO,no,no,Correct,0.6986
semantic,21,dev_0123,no,,,other,NC,0.6165
semantic,21,dev_0501,no,NO,no,no,Correct,0.6944
semantic,21,dev_0526,no,NO,no,no,Correct,0.6852
semantic,21,dev_1076,no,,,other,NC,0.6189
semantic,21,dev_1213,no,,,other,NC,0.6492
semantic,21,dev_1654,no,"NO. Discouraged workers, who have stopped looking for work because they believe",no,no,Correct,0.7024
semantic,21,dev_1753,no,,,other,NC,0.6483
semantic,21,dev_1825,no,,,other,NC,0.5876
semantic,21,dev_2911,no,NO,no,no,Correct,0.6847000000000001
semantic,21,dev_2740,no,,,other,NC,0.6153
semantic,21,dev_2517,no,,,other,NC,0.6192000000000001
semantic,21,dev_1139,yes,Yes,yes,yes,Correct,0.6786
semantic,21,dev_0002,yes,,,other,NC,0.615
semantic,21,dev_0773,yes,,,other,NC,0.5925
semantic,21,dev_1186,yes,YES,yes,yes,Correct,0.6928
semantic,21,dev_1302,yes,YES,yes,yes,Correct,0.6941
semantic,21,dev_1349,yes,YES,yes,yes,Correct,0.6885
semantic,21,dev_1771,yes,,,other,NC,0.5873999999999999
semantic,21,dev_1804,yes,,,other,NC,0.6279
semantic,21,dev_1873,yes,YES. Stop & Shop and Giant are both owned by Ahold Delhaize,yes,yes,Correct,0.7032999999999999
semantic,21,dev_1963,yes,,,other,NC,0.6325
semantic,21,dev_2582,yes,,,other,NC,0.6002000000000001
semantic,21,dev_2598,yes,,,other,NC,0.5893999999999999
semantic,21,dev_3158,yes,,,other,NC,0.5921000000000001
semantic,21,dev_0551,no,,,other,NC,0.586
semantic,21,dev_1158,no,NO. A crossover and an SUV are related but distinct vehicle types. Crosso,no,no,Correct,0.6949
semantic,21,dev_1364,no,"NO. A jet engine is typically an internal combustion engine, where the fuel is",no,no,Correct,0.6866
semantic,21,dev_1807,no,NO,no,no,Correct,0.6806
semantic,21,dev_2542,no,NO. Father's Day is celebrated on the third Sunday in June in the United,no,no,Correct,0.6826
semantic,21,dev_2562,no,,,other,NC,0.6353
semantic,21,dev_3005,no,"NO. While both breeds are terriers, the English Bull Terrier and the",no,no,Correct,0.6952
semantic,21,dev_3194,no,"NO. While both are types of fried or baked corn snacks, they have some",no,no,Correct,0.6816
semantic,21,dev_3195,no,NO. A boarding pass is a document that allows a passenger to board a flight,no,no,Correct,0.6835
semantic,21,dev_0013,yes,,,other,NC,0.5861000000000001
semantic,21,dev_0043,yes,YES,yes,yes,Correct,2.0373
semantic,21,dev_0052,yes,,,other,NC,0.6297
semantic,21,dev_0091,yes,"YES, a tablespoon is typically larger than a dessert spoon. While a dessert spoon",yes,yes,Correct,0.6845
semantic,21,dev_0116,yes,,,other,NC,0.6177999999999999
semantic,21,dev_0288,yes,,,other,NC,0.6479
semantic,21,dev_0555,yes,,,other,NC,0.6187
semantic,21,dev_0627,yes,"NO. In the British honors system, the title of ""Sir"" is typically",no,no,Incorrect,0.6997000000000001
semantic,21,dev_0831,yes,YES. A U.S. passport card is a valid form of ID and can,yes,yes,Correct,0.6974
semantic,21,dev_0721,no,NO. Night of the Living Dead is a horror film directed by George A.,no,no,Correct,0.6964
semantic,21,dev_0863,no,,,other,NC,0.653
semantic,21,dev_1357,no,NO,no,no,Correct,0.6856
semantic,21,dev_1951,no,NO,no,no,Correct,0.6952999999999999
semantic,21,dev_2131,no,YES. Nacho Varga is a character in both Better Call Saul and Breaking,yes,yes,Incorrect,0.6967000000000001
semantic,21,dev_2174,no,,,other,NC,0.6284
semantic,21,dev_2252,no,NO,no,no,Correct,0.6872999999999999
semantic,21,dev_2309,no,NO,no,no,Correct,0.6812
semantic,21,dev_2364,no,NO,no,no,Correct,0.6946
semantic,21,dev_3075,no,NO. Pulp Fiction is a work of fiction written and directed by Quentin Tar,no,no,Correct,0.6972
semantic,21,dev_3205,no,NO. The movie Lady Bird is actually a coming-of-age drama film directed by,no,no,Correct,0.696
semantic,21,dev_0015,yes,,,other,NC,0.6443
semantic,21,dev_0153,yes,YES,yes,yes,Correct,0.696
semantic,21,dev_0161,yes,YES. The Night of the Hunter (1955) is a classic example of,yes,yes,Correct,0.7028
semantic,21,dev_0306,yes,,,other,NC,0.585
semantic,21,dev_0334,yes,,,other,NC,0.5892000000000001
semantic,21,dev_0338,yes,,,other,NC,0.5872
semantic,21,dev_0493,yes,NO. Love Child is an Australian television drama series that is set in the,no,no,Incorrect,0.6982999999999999
semantic,21,dev_0520,yes,,,other,NC,0.5882000000000001
semantic,21,dev_0212,no,,,other,NC,0.5725
semantic,21,dev_0309,no,,,other,NC,0.5872
semantic,21,dev_0484,no,,,other,NC,0.6147999999999999
semantic,21,dev_0654,no,"NO. Beef short ribs and spare ribs are two different cuts of meat, with",no,no,Correct,0.6972999999999999
semantic,21,dev_0973,no,,,other,NC,0.6253
semantic,21,dev_1335,no,NO,no,no,Correct,0.6779
semantic,21,dev_1443,no,NO,no,no,Correct,0.6986
semantic,21,dev_0284,yes,NO. Enameled cast iron is a type of cookware that is coated,no,no,Incorrect,0.6839
semantic,21,dev_0330,yes,,,other,NC,0.6277999999999999
semantic,21,dev_0443,yes,,,other,NC,0.6792
semantic,21,dev_0975,yes,,,other,NC,0.6527999999999999
semantic,21,dev_1741,yes,"YES. Garbanzo beans and chickpeas are the same thing, with",yes,yes,Correct,0.6947000000000001
semantic,21,dev_1770,yes,YES,yes,yes,Correct,0.6949
semantic,21,dev_1860,no,"NO. Pinot Noir and Pinot Gris are two distinct grape varieties,",no,no,Correct,0.7004
semantic,21,dev_1967,yes,,,other,NC,0.617
semantic,21,dev_0236,no,,,other,NC,0.5862999999999999
semantic,21,dev_0741,no,,,other,NC,0.6541
semantic,21,dev_1440,no,,,other,NC,0.6767000000000001
semantic,21,dev_2062,no,"NO. A queen moves in any direction (horizontally, vertically, or diagon",no,no,Correct,0.6822
semantic,21,dev_2109,no,NO. Call of Duty: World at War is actually based on World War II,no,no,Correct,0.6874
semantic,21,dev_2137,no,,,other,NC,0.6185
semantic,21,dev_0478,yes,YES.  Call of Duty: Modern Warfare 2 is a first-person shooter,yes,yes,Correct,0.6962
semantic,21,dev_0545,yes,,,other,NC,0.6219
semantic,21,dev_1125,yes,,,other,NC,0.6167999999999999
semantic,21,dev_1137,yes,NO  Would you like to know why?  I can try to provide more,no,no,Incorrect,0.697
semantic,21,dev_1162,yes,YES  Is there something else I can help you with?,yes,yes,Correct,0.6997000000000001
semantic,21,dev_1177,yes,,,other,NC,0.5878
semantic,21,dev_1444,yes,,,other,NC,0.6277999999999999
semantic,21,dev_0313,no,NO,no,no,Correct,0.6988
semantic,21,dev_0823,no,"NO 

The Ogallala Aquifer is a large aquifer system, but",no,no,Correct,0.6901
semantic,21,dev_0839,no,,,other,NC,0.6816
semantic,21,dev_1222,no,,,other,NC,0.6324
semantic,21,dev_1254,no,,,other,NC,0.5697000000000001
semantic,21,dev_1269,no,NO,no,no,Correct,0.6797000000000001
semantic,21,dev_1334,no,NO,no,no,Correct,0.6977000000000001
semantic,21,dev_0184,yes,YES,yes,yes,Correct,0.6811
semantic,21,dev_0322,yes,"YES. The City of Industry is a city located in Los Angeles County, California",yes,yes,Correct,0.6826
semantic,21,dev_0557,yes,,,other,NC,0.6192000000000001
semantic,21,dev_0573,yes,Yes,yes,yes,Correct,0.6804
semantic,21,dev_1179,yes,"NO. Phoenix is in the Mountain Standard Time (MST) zone, which",no,no,Incorrect,0.6977000000000001
semantic,21,dev_0619,yes,,,other,NC,0.6194
semantic,21,dev_0650,yes,,,other,NC,0.6213
semantic,21,dev_0734,yes,"YES. The Welland Canal, a ship canal in Ontario, Canada, connects",yes,yes,Correct,0.6847000000000001
semantic,21,dev_0061,no,,,other,NC,0.681
semantic,21,dev_0124,no,I don't know.,i,idk,IDK,0.6861
semantic,21,dev_0914,no,,,other,NC,0.5962000000000001
semantic,21,dev_0955,no,,,other,NC,0.6508999999999999
semantic,21,dev_1610,no,,,other,NC,0.6223
semantic,21,dev_1790,no,"NO. During implantation, the lining of the uterus (endomet",no,no,Correct,0.6966
semantic,21,dev_2096,no,,,other,NC,0.6309
semantic,21,dev_2277,no,,,other,NC,0.5896
semantic,21,dev_2499,no,,,other,NC,0.6191
semantic,21,dev_1959,yes,,,other,NC,0.6277
semantic,21,dev_1992,yes,,,other,NC,0.6267999999999999
semantic,21,dev_2047,yes,,,other,NC,0.6796
semantic,21,dev_1656,yes,,,other,NC,0.6802
semantic,21,dev_1663,yes,,,other,NC,0.5882000000000001
semantic,21,dev_1752,yes,,,other,NC,0.6422
semantic,21,dev_2049,yes,YES,yes,yes,Correct,0.6792
semantic,21,dev_2050,yes,,,other,NC,0.5917
semantic,21,dev_1442,yes,,,other,NC,0.6501
semantic,21,dev_0301,no,NO,no,no,Correct,0.7082
semantic,21,dev_0480,no,,,other,NC,1.9737
semantic,21,dev_1290,no,NO,no,no,Correct,0.7019
semantic,21,dev_1819,no,NO,no,no,Correct,0.6985
semantic,21,dev_2206,no,,,other,NC,0.6819
semantic,21,dev_0376,yes,YES (with some caveats) - William the Conqueror's claim to,yes,yes,Correct,0.7002
semantic,21,dev_0346,yes,YES,yes,yes,Correct,0.7002
semantic,21,dev_0363,yes,"NO. The 1971 silver dollar is actually a copper-clad coin,",no,no,Incorrect,0.7042
semantic,21,dev_0535,yes,,,other,NC,0.5905
semantic,21,dev_0629,yes,YES. The 13th Amendment to the United States Constitution was ratified on December,yes,yes,Correct,0.6964
semantic,21,dev_0179,no,"NO. U.S. courts of appeals do not have original jurisdiction, they only",no,no,Correct,0.6816
semantic,21,dev_0402,no,"NO. In the UK, polygamy is not recognized or allowed under law",no,no,Correct,0.6855
semantic,21,dev_0513,no,,,other,NC,0.5858
semantic,21,dev_0606,no,"I don't know. Laws regarding escape from prison can vary by jurisdiction, and",i,idk,IDK,0.6935
semantic,21,dev_0630,no,,,other,NC,0.619
semantic,21,dev_0795,no,,,other,NC,0.6257999999999999
semantic,21,dev_1457,no,,,other,NC,0.6157
semantic,21,dev_1776,no,NO. An Employment Authorization Document (EAD) is a document that allows a,no,no,Correct,0.6998
semantic,21,dev_1862,no,I don't know. The FCC's equal-time rule typically applies to broadcast media,i,idk,IDK,0.6834
semantic,21,dev_1911,no,,,other,NC,0.6395
semantic,21,dev_2755,no,NO,no,no,Correct,0.6821
semantic,21,dev_2756,no,NO,no,no,Correct,0.6968
semantic,21,dev_2921,no,,,other,NC,0.6313
semantic,21,dev_2972,no,"NO
Commercial law is a broader term that encompasses business law, including contract law",no,no,Correct,0.6837000000000001
semantic,21,dev_0009,yes,,,other,NC,0.6217
semantic,21,dev_0038,yes,,,other,NC,0.6199
semantic,21,dev_0129,yes,,,other,NC,0.681
semantic,21,dev_0202,yes,I don't know. The classification of breaking and entering into a car as a,i,idk,IDK,0.6865
semantic,21,dev_0308,yes,,,other,NC,0.616
semantic,21,dev_0584,yes,YES,yes,yes,Correct,0.7096
semantic,21,dev_0644,yes,"Yes. In many jurisdictions, drivers are required by law to pull over and yield",yes,yes,Correct,0.68
semantic,21,dev_0653,yes,YES,yes,yes,Correct,0.6959
semantic,21,dev_0671,yes,,,other,NC,0.6189
semantic,21,dev_0757,yes,,,other,NC,0.6787000000000001
semantic,21,dev_1059,yes,"YES

The Supreme Court has the power to review and potentially overturn executive orders",yes,yes,Correct,0.682
semantic,21,dev_1067,yes,YES,yes,yes,Correct,0.6966
semantic,21,dev_1097,yes,,,other,NC,0.6247999999999999
semantic,21,dev_1131,yes,NO,no,no,Incorrect,0.6801
semantic,21,dev_1324,yes,,,other,NC,0.6226
semantic,21,dev_0305,no,,,other,NC,0.69
semantic,21,dev_0465,no,NO. The National Guard is a reserve component of the U.S. military that,no,no,Correct,0.6938
semantic,21,dev_0508,no,NO,no,no,Correct,0.6852
semantic,21,dev_0518,no,,,other,NC,0.6212000000000001
semantic,21,dev_0572,no,,,other,NC,0.5942999999999999
semantic,21,dev_0898,no,,,other,NC,0.7572000000000001
semantic,21,dev_1154,no,NO. There have been times when the Supreme Court had a different number of justices,no,no,Correct,0.698
semantic,21,dev_1221,no,"NO. Filibusters are typically associated with the Senate, where they",no,no,Correct,0.699
semantic,21,dev_1244,no,,,other,NC,0.6301
semantic,21,dev_1245,no,NO,no,no,Correct,0.7007000000000001
semantic,21,dev_1273,no,NO,no,no,Correct,0.6852
semantic,21,dev_0647,yes,,,other,NC,0.5951000000000001
semantic,21,dev_0254,yes,YES,yes,yes,Correct,0.7008
semantic,21,dev_0486,yes,,,other,NC,0.6186
semantic,21,dev_0736,yes,,,other,NC,0.5913999999999999
semantic,21,dev_0814,yes,,,other,NC,0.5859
semantic,21,dev_1477,yes,,,other,NC,0.6154
semantic,21,dev_1721,yes,YES,yes,yes,Correct,0.6956
semantic,21,dev_1786,yes,,,other,NC,0.5891000000000001
semantic,21,dev_1970,yes,,,other,NC,0.6816
semantic,21,dev_1985,yes,,,other,NC,0.6848
semantic,21,dev_2448,no,,,other,NC,0.6851
semantic,21,dev_0066,yes,"YES. By definition, a triangle has three angles, and at least two of",yes,yes,Correct,0.6942999999999999
semantic,21,dev_0088,yes,,,other,NC,0.6792
semantic,21,dev_0196,yes,,,other,NC,0.633
semantic,21,dev_0262,yes,YES,yes,yes,Correct,0.6938
semantic,21,dev_0271,yes,,,other,NC,0.6462
semantic,21,dev_0329,yes,,,other,NC,0.6332000000000001
semantic,21,dev_0331,yes,,,other,NC,0.5882000000000001
semantic,21,dev_0387,yes,,,other,NC,0.5759
semantic,21,dev_0418,yes,,,other,NC,0.5862999999999999
semantic,21,dev_0616,yes,,,other,NC,0.5983999999999999
semantic,21,dev_0638,yes,,,other,NC,0.6747000000000001
semantic,21,dev_0657,yes,,,other,NC,0.5886
semantic,21,dev_0692,yes,,,other,NC,0.5846
semantic,21,dev_0744,yes,,,other,NC,0.626
semantic,21,dev_0797,yes,,,other,NC,0.5848
semantic,21,dev_0842,yes,YES,yes,yes,Correct,0.6812999999999999
semantic,21,dev_1379,yes,,,other,NC,0.5895
semantic,21,dev_0126,no,,,other,NC,0.5903999999999999
semantic,21,dev_0342,no,,,other,NC,0.5905
semantic,21,dev_0437,no,,,other,NC,0.6136
semantic,21,dev_0553,no,,,other,NC,0.6436000000000001
semantic,21,dev_0652,no,,,other,NC,0.6877000000000001
semantic,21,dev_0708,no,,,other,NC,0.6145
semantic,21,dev_1083,no,,,other,NC,0.6167
semantic,21,dev_1142,no,"NO (according to the no-communication theorem, entanglement cannot",no,no,Correct,0.6948
semantic,21,dev_1354,no,,,other,NC,0.6256
semantic,21,dev_1460,no,,,other,NC,0.5903999999999999
semantic,21,dev_1468,no,"NO. Sodium lactate is the sodium salt of lactic acid, whereas l",no,no,Correct,0.6942999999999999
semantic,21,dev_1559,no,NO,no,no,Correct,0.6801
semantic,21,dev_1595,no,,,other,NC,0.6189
semantic,21,dev_1643,no,"NO 

Static pressure is the pressure of the fluid (air or gas) at",no,no,Correct,0.698
semantic,21,dev_1692,no,,,other,NC,0.589
semantic,21,dev_1726,no,NO,no,no,Correct,0.7076
semantic,21,dev_0008,yes,"YES. The word ""Iraq"" is an example of an English word with the",yes,yes,Correct,0.6871
semantic,21,dev_0323,yes,,,other,NC,0.6812999999999999
semantic,21,dev_0794,yes,,,other,NC,0.6029
semantic,21,dev_0866,yes,,,other,NC,0.6449
semantic,21,dev_0910,yes,YES,yes,yes,Correct,0.6929
semantic,21,dev_0992,yes,,,other,NC,0.6164
semantic,21,dev_1446,yes,,,other,NC,0.6263
semantic,21,dev_0294,no,"NO. While both are sign languages, they have distinct grammatical structures, vocab",no,no,Correct,0.6841
semantic,21,dev_0521,no,NO,no,no,Correct,0.6918
semantic,21,dev_0943,no,NO,no,no,Correct,0.7048
semantic,21,dev_1887,no,,,other,NC,0.5916
semantic,21,dev_2892,no,,,other,NC,0.6277999999999999
semantic,21,dev_2691,no,"NO. King's College London is a separate and independent university, although it is",no,no,Correct,0.6942999999999999
semantic,21,dev_0065,yes,YES. Many players from the 1980 US Olympic hockey team went on to,yes,yes,Correct,0.7018
semantic,21,dev_0245,yes,"YES (You can pass the ball multiple times in a single play,",yes,yes,Correct,0.6832999999999999
semantic,21,dev_0315,yes,,,other,NC,0.6159
semantic,21,dev_0361,yes,,,other,NC,0.5899
semantic,21,dev_0550,yes,,,other,NC,0.5985
semantic,21,dev_0595,yes,"YES, the Ivy League has a basketball tournament, known as the Ivy League Men",yes,yes,Correct,0.6854
semantic,21,dev_0966,yes,YES,yes,yes,Correct,0.6891
semantic,21,dev_1078,yes,YES,yes,yes,Correct,0.6812
semantic,21,dev_1224,yes,,,other,NC,0.6791
semantic,21,dev_1251,yes,YES,yes,yes,Correct,0.7054
semantic,21,dev_1260,yes,,,other,NC,2.0216
semantic,21,dev_1278,yes,YES,yes,yes,Correct,0.6946
semantic,21,dev_1462,yes,YES,yes,yes,Correct,0.6815
semantic,21,dev_1494,yes,,,other,NC,0.6149
semantic,21,dev_1543,yes,,,other,NC,0.6167
semantic,21,dev_2012,yes,YES,yes,yes,Correct,0.6839
semantic,21,dev_2118,yes,"YES. Wrist twisting can cause a fracture or sprain in the wrist,",yes,yes,Correct,0.6815
semantic,21,dev_2272,yes,,,other,NC,0.5868
semantic,21,dev_2338,yes,,,other,NC,0.6281
semantic,21,dev_2498,yes,"YES, there have been instances of two grand slams in one inning, although",yes,yes,Correct,0.6936
semantic,21,dev_2509,yes,,,other,NC,0.6292000000000001
semantic,21,dev_2917,yes,"YES. The Tampa Bay Lightning have won the Stanley Cup twice, in 200",yes,yes,Correct,0.6838
semantic,21,dev_2966,yes,"NO. In the NBA, players must be at least 19 years old and",no,no,Incorrect,0.6944
semantic,21,dev_2974,yes,NO,no,no,Incorrect,0.692
semantic,21,dev_3007,yes,,,other,NC,0.6274
semantic,21,dev_3199,yes,,,other,NC,0.6191
semantic,21,dev_0222,no,NO,no,no,Correct,0.6812
semantic,21,dev_0398,no,YES,yes,yes,Incorrect,0.6964
semantic,21,dev_0426,no,"NO. A soccer goalie is not allowed to touch a throw-in, as it",no,no,Correct,0.7004
semantic,21,dev_0464,no,"NO  The golden goal was abolished in 2004, and the 201",no,no,Correct,0.6965
semantic,21,dev_0563,no,NO,no,no,Correct,0.696
semantic,21,dev_0658,no,"NO. A walk in baseball is a live ball situation, as the batter is",no,no,Correct,0.7085
semantic,21,dev_1366,no,,,other,NC,0.6293
semantic,21,dev_1471,no,,,other,NC,0.6211
semantic,21,dev_1558,no,NO,no,no,Correct,0.6832999999999999
semantic,21,dev_1580,no,"NO. The Chicago Cubs play at Wrigley Field, and the Chicago White",no,no,Correct,0.6965
semantic,21,dev_2401,no,"NO. A batsman cannot be run out on a no-ball, as the",no,no,Correct,0.7056
semantic,21,dev_2436,no,,,other,NC,0.5906
semantic,21,dev_3224,no,,,other,NC,0.6174
semantic,21,dev_0022,yes,,,other,NC,0.5885
semantic,21,dev_0132,yes,,,other,NC,0.625
semantic,21,dev_0268,yes,,,other,NC,0.5896
semantic,21,dev_0646,yes,"YES. Multithreading can still be useful on a single processor, as it",yes,yes,Correct,0.6848
semantic,21,dev_0697,yes,YES,yes,yes,Correct,0.6831
semantic,21,dev_0935,yes,,,other,NC,0.6199
semantic,21,dev_1159,yes,,,other,NC,0.6316
semantic,21,dev_1376,yes,,,other,NC,0.5684
semantic,21,dev_1646,yes,,,other,NC,0.6163
semantic,21,dev_1869,yes,,,other,NC,0.5901000000000001
semantic,21,dev_2397,yes,,,other,NC,0.6464
semantic,21,dev_0512,no,,,other,NC,0.6365
semantic,21,dev_1524,no,NO,no,no,Correct,0.6942
semantic,21,dev_1675,no,,,other,NC,0.6777000000000001
semantic,21,dev_1723,no,NO,no,no,Correct,0.6819
semantic,21,dev_2027,no,NO,no,no,Correct,0.6941
semantic,21,dev_2104,no,YES  You can get on the internet with a PlayStation 2 using the PS,yes,yes,Incorrect,0.699
semantic,21,dev_2262,no,NO,no,no,Correct,0.6797000000000001
semantic,21,dev_2431,no,NO,no,no,Correct,0.7035
semantic,21,dev_2524,no,NO,no,no,Correct,0.678
semantic,21,dev_3057,no,NO,no,no,Correct,0.6792999999999999
semantic,21,dev_3167,no,,,other,NC,0.6796
semantic,16,dev_0023,yes,NO,no,no,Incorrect,0.6247
semantic,16,dev_0039,no,"Yes. Carbon has a slightly positive charge and hydrogen has a slightly negative charge,",yes,yes,Incorrect,0.6171
semantic,16,dev_0055,no,,,other,NC,0.6152000000000001
semantic,16,dev_0059,no,,,other,NC,0.6125
semantic,16,dev_0068,no,,,other,NC,0.5832
semantic,16,dev_0087,yes,"NO.  The myth of the ""boiling frog"" suggests that a frog",no,no,Incorrect,0.6232000000000001
semantic,16,dev_0107,no,"NO. In Australia, gambling winnings are generally tax-free. However, there are",no,no,Correct,0.6199
semantic,16,dev_0120,yes,,,other,NC,0.5526
semantic,16,dev_0138,no,,,other,NC,0.5859
semantic,16,dev_0151,no,NO,no,no,Correct,0.6261
semantic,16,dev_0163,yes,,,other,NC,0.5579
semantic,16,dev_0165,no,YES,yes,yes,Incorrect,0.6277999999999999
semantic,16,dev_0207,no,NO,no,no,Correct,0.6187999999999999
semantic,16,dev_0210,no,NO,no,no,Correct,0.625
semantic,16,dev_0221,no,YES,yes,yes,Incorrect,0.6295
semantic,16,dev_0229,yes,,,other,NC,0.5722
semantic,16,dev_0237,no,"YES. 2-cycle and 2-stroke are often used interchangeably,",yes,yes,Incorrect,0.637
semantic,16,dev_0243,no,YES,yes,yes,Incorrect,0.6267999999999999
semantic,16,dev_0248,yes,YES,yes,yes,Correct,1.9674
semantic,16,dev_0249,yes,NO,no,no,Incorrect,0.6273
semantic,16,dev_0251,yes,,,other,NC,0.5722
semantic,16,dev_0257,yes,,,other,NC,0.6189
semantic,16,dev_0270,no,,,other,NC,0.6185
semantic,16,dev_0287,yes,"NO. Fair catches are only allowed on punts, not kickoffs.",no,no,Incorrect,0.6292000000000001
semantic,16,dev_0295,no,Yes.,yes,yes,Incorrect,0.6262000000000001
semantic,16,dev_0298,yes,,,other,NC,0.5601
semantic,16,dev_0312,no,,,other,NC,0.5582
semantic,16,dev_0316,yes,"NO The internal intercostal muscles contract during expiration, not inspiration.",no,no,Incorrect,0.6277
semantic,16,dev_0318,yes,,,other,NC,0.5869
semantic,16,dev_0321,yes,No,no,no,Incorrect,0.6225
semantic,16,dev_0333,yes,,,other,NC,0.6264
semantic,16,dev_0336,no,,,other,NC,0.5568
semantic,16,dev_0343,yes,NO,no,no,Incorrect,0.6204
semantic,16,dev_0352,no,NO,no,no,Correct,0.6255
semantic,16,dev_0355,no,Yes.,yes,yes,Incorrect,0.6237
semantic,16,dev_0364,no,YES,yes,yes,Incorrect,0.6279
semantic,16,dev_0366,no,"YES
The peritoneum is a membrane that lines the abdominal cavity and covers",yes,yes,Incorrect,0.6287
semantic,16,dev_0406,no,"YES, a California roll typically contains fish, usually crab or imitation crab, along",yes,yes,Incorrect,0.6296
semantic,16,dev_0428,no,NO. Peroxide is a broader term that refers to any compound that contains,no,no,Correct,0.6181
semantic,16,dev_0429,yes,NO,no,no,Incorrect,0.6257
semantic,16,dev_0430,yes,YES  The Banaue Rice Terraces are one of the,yes,yes,Correct,0.631
semantic,16,dev_0436,no,,,other,NC,0.5679
semantic,16,dev_0441,no,,,other,NC,0.5676
semantic,16,dev_0442,yes,YES,yes,yes,Correct,0.628
semantic,16,dev_0479,no,,,other,NC,0.5868
semantic,16,dev_0481,no,,,other,NC,0.5802999999999999
semantic,16,dev_0482,no,,,other,NC,0.5679
semantic,16,dev_0487,no,,,other,NC,0.57
semantic,16,dev_0504,yes,NO,no,no,Incorrect,0.6283
semantic,16,dev_0509,no,,,other,NC,0.6156
semantic,16,dev_0532,no,YES,yes,yes,Incorrect,0.6263
semantic,16,dev_0534,no,YES,yes,yes,Incorrect,0.6299
semantic,16,dev_0536,yes,YES. Thanos was a minor character in the first Guardians of the Galaxy (,yes,yes,Correct,0.6252000000000001
semantic,16,dev_0537,no,YES,yes,yes,Incorrect,0.6296
semantic,16,dev_0546,yes,NO. The College of William & Mary is a public research university located in Williams,no,no,Incorrect,0.6251
semantic,16,dev_0560,no,"YES, the University of Tampa has a football team. The Spartans compete in",yes,yes,Incorrect,0.626
semantic,16,dev_0568,no,,,other,NC,0.5557000000000001
semantic,16,dev_0569,no,,,other,NC,0.5535
semantic,16,dev_0588,yes,,,other,NC,0.6282000000000001
semantic,16,dev_0594,no,,,other,NC,0.5575
semantic,16,dev_0596,no,,,other,NC,0.5544
semantic,16,dev_0598,yes,,,other,NC,0.5718
semantic,16,dev_0612,yes,,,other,NC,0.557
semantic,16,dev_0617,yes,,,other,NC,0.5569
semantic,16,dev_0662,yes,"NO. While both LensCrafters and Pearle Vision are optical retail chains,",no,no,Incorrect,0.6263
semantic,16,dev_0678,no,NO. The American Academy of Pediatrics and other reputable health organizations advise against washing a,no,no,Correct,0.625
semantic,16,dev_0696,no,,,other,NC,0.5541
semantic,16,dev_0711,yes,NO,no,no,Incorrect,0.634
semantic,16,dev_0718,yes,YES.  Would you like more information,yes,yes,Correct,0.6265
semantic,16,dev_0724,no,YES,yes,yes,Incorrect,0.6261
semantic,16,dev_0731,no,YES,yes,yes,Incorrect,0.593
semantic,16,dev_0737,no,,,other,NC,0.5889
semantic,16,dev_0754,yes,,,other,NC,0.5885
semantic,16,dev_0759,no,,,other,NC,0.5725
semantic,16,dev_0764,yes,,,other,NC,0.556
semantic,16,dev_0782,yes,,,other,NC,0.6233
semantic,16,dev_0817,no,,,other,NC,0.5618
semantic,16,dev_0829,no,YES,yes,yes,Incorrect,0.6237
semantic,16,dev_0832,no,YES,yes,yes,Incorrect,0.6363
semantic,16,dev_0837,yes,,,other,NC,0.5886
semantic,16,dev_0853,no,NO,no,no,Correct,0.6313
semantic,16,dev_0854,no,NO.,no,no,Correct,0.6266
semantic,16,dev_0862,no,NO,no,no,Correct,0.6249
semantic,16,dev_0871,yes,,,other,NC,0.6187
semantic,16,dev_0916,yes,NO,no,no,Incorrect,0.6167999999999999
semantic,16,dev_0922,yes,NO,no,no,Incorrect,0.6297
semantic,16,dev_0933,no,,,other,NC,0.6191
semantic,16,dev_0934,yes,,,other,NC,0.5572
semantic,16,dev_0940,yes,NO. A passport card is only accepted for land and sea travel to and from,no,no,Incorrect,0.629
semantic,16,dev_0944,no,"YES, Ancient Greece and Rome coexisted, with the Golden Age of Athens",yes,yes,Incorrect,0.6307
semantic,16,dev_0952,yes,,,other,NC,0.5692999999999999
semantic,16,dev_0958,yes,,,other,NC,0.5531
semantic,16,dev_0981,no,YES Pyruvic acid and pyruvate are the same thing,yes,yes,Incorrect,0.631
semantic,16,dev_0991,yes,"YES. In England, you need a television licence to watch live TV, including",yes,yes,Correct,0.6267999999999999
semantic,16,dev_0994,yes,NO,no,no,Incorrect,0.627
semantic,16,dev_0996,no,"YES. Radiator Springs is a fictional town on Route 66, but it",yes,yes,Incorrect,0.6241
semantic,16,dev_1006,no,"NO (at least, not in the US, where literacy tests were banned by",no,no,Correct,0.6246
semantic,16,dev_1011,no,"YES  The World Cup trophy is officially known as the FIFA World Cup Trophy,",yes,yes,Incorrect,0.6284
semantic,16,dev_1022,yes,"NO 

Enterprise value (EV) is a metric that represents the total",no,no,Incorrect,0.6277999999999999
semantic,16,dev_1049,no,,,other,NC,0.5569
semantic,16,dev_1062,yes,,,other,NC,0.5724
semantic,16,dev_1075,yes,"NO. While NHL ice rinks are standardized to meet specific dimensions, there can",no,no,Incorrect,0.6252000000000001
semantic,16,dev_1102,no,,,other,NC,0.5728
semantic,16,dev_1110,yes,NO,no,no,Incorrect,0.6216
semantic,16,dev_1112,no,No.,no,no,Correct,0.628
semantic,16,dev_1113,yes,YES,yes,yes,Correct,0.6226
semantic,16,dev_1121,no,"YES There was a global conflict before World War I, often referred to",yes,yes,Incorrect,0.6244
semantic,16,dev_1133,no,NO  Would you like to know more about The Crew 2's features?,no,no,Correct,0.6297
semantic,16,dev_1138,yes,NO,no,no,Incorrect,1.9722
semantic,16,dev_1146,yes,NO,no,no,Incorrect,0.6267
semantic,16,dev_1155,yes,,,other,NC,0.6167
semantic,16,dev_1175,no,,,other,NC,0.5882999999999999
semantic,16,dev_1178,no,,,other,NC,0.5883999999999999
semantic,16,dev_1183,yes,,,other,NC,0.5589
semantic,16,dev_1196,no,"YES. In India, a person can hold dual citizenship, which means they can",yes,yes,Incorrect,0.626
semantic,16,dev_1204,yes,NO. The Eye of Agamotto is a magical artifact that Doctor,no,no,Incorrect,0.6275
semantic,16,dev_1205,no,,,other,NC,0.6143
semantic,16,dev_1209,yes,"NO. According to the laws of physics, it is not possible to turn lead",no,no,Incorrect,0.6269
semantic,16,dev_1227,no,NO,no,no,Correct,0.6289
semantic,16,dev_1229,no,YES,yes,yes,Incorrect,0.628
semantic,16,dev_1230,yes,NO,no,no,Incorrect,0.6251
semantic,16,dev_1235,no,YES,yes,yes,Incorrect,0.6235
semantic,16,dev_1239,yes,,,other,NC,0.5878
semantic,16,dev_1241,no,,,other,NC,0.5662999999999999
semantic,16,dev_1250,yes,,,other,NC,0.6203
semantic,16,dev_1256,yes,,,other,NC,0.5589
semantic,16,dev_1261,no,,,other,NC,0.5701
semantic,16,dev_1267,no,,,other,NC,0.5886
semantic,16,dev_1271,no,"YES. The drinking age varies from state to state in the United States, with",yes,yes,Incorrect,0.6341
semantic,16,dev_1283,yes,NO,no,no,Incorrect,0.6297999999999999
semantic,16,dev_1285,no,YES,yes,yes,Incorrect,0.6287
semantic,16,dev_1286,no,,,other,NC,0.6197
semantic,16,dev_1294,yes,,,other,NC,0.5701
semantic,16,dev_1296,yes,NO.  PlayStation 2 games are not natively compatible with the PlayStation,no,no,Incorrect,0.6375
semantic,16,dev_1303,no,,,other,NC,0.6209
semantic,16,dev_1307,yes,NO.  You cannot score directly from a kickoff in football. A kickoff is,no,no,Incorrect,0.6239
semantic,16,dev_1311,yes,NO,no,no,Incorrect,1.9690999999999999
semantic,16,dev_1316,yes,"NO. The Gateway Arch is a national monument, but it is not a national",no,no,Incorrect,0.6254
semantic,16,dev_1317,no,,,other,NC,0.622
semantic,16,dev_1333,yes,NO,no,no,Incorrect,0.6209
semantic,16,dev_1336,yes,,,other,NC,0.5878
semantic,16,dev_1345,no,,,other,NC,0.6174
semantic,16,dev_1359,no,,,other,NC,0.6187
semantic,16,dev_1370,yes,,,other,NC,0.6011
semantic,16,dev_1371,no,YES. Rafflesia arnoldii is considered to be the largest single,yes,yes,Incorrect,0.6307
semantic,16,dev_1372,yes,NO,no,no,Incorrect,0.6237999999999999
semantic,16,dev_1382,no,NO,no,no,Correct,0.628
semantic,16,dev_1406,no,,,other,NC,0.618
semantic,16,dev_1408,yes,,,other,NC,0.5962999999999999
semantic,16,dev_1413,yes,YES,yes,yes,Correct,0.6284
semantic,16,dev_1419,yes,YES,yes,yes,Correct,0.6246
semantic,16,dev_1420,yes,NO,no,no,Incorrect,0.6284
semantic,16,dev_1423,no,NO,no,no,Correct,0.621
semantic,16,dev_1424,no,,,other,NC,0.5898
semantic,16,dev_1436,no,"NO. Equity in your home is typically considered an illiquid asset, as it",no,no,Correct,0.6332000000000001
semantic,16,dev_1438,yes,NO,no,no,Incorrect,0.6191
semantic,16,dev_1452,no,NO. A neurotransmitter is typically classified as either excitatory (increasing the,no,no,Correct,0.6272000000000001
semantic,16,dev_1455,yes,,,other,NC,0.5906
semantic,16,dev_1464,no,NO,no,no,Correct,1.9681
semantic,16,dev_1467,yes,NO,no,no,Incorrect,0.6286
semantic,16,dev_1473,yes,"NO. A sailboat can never travel faster than the wind, as the wind",no,no,Incorrect,0.6263
semantic,16,dev_1489,yes,,,other,NC,0.6297999999999999
semantic,16,dev_1498,yes,YES,yes,yes,Correct,0.6284
semantic,16,dev_1508,no,YES,yes,yes,Incorrect,0.626
semantic,16,dev_1515,no,YES,yes,yes,Incorrect,0.6359
semantic,16,dev_1517,yes,NO,no,no,Incorrect,0.6265
semantic,16,dev_1528,yes,NO. A J.D. (Juris Doctor) is a professional doctorate,no,no,Incorrect,0.6299
semantic,16,dev_1533,no,YES,yes,yes,Incorrect,0.6243
semantic,16,dev_1534,no,NO,no,no,Correct,0.6269
semantic,16,dev_1546,yes,NO,no,no,Incorrect,0.63
semantic,16,dev_1552,yes,,,other,NC,0.5546
semantic,16,dev_1557,no,,,other,NC,0.5732
semantic,16,dev_1563,no,"NO, the Big Dipper is part of the Ursa Major constellation, but",no,no,Correct,0.6277
semantic,16,dev_1627,no,,,other,NC,0.5877
semantic,16,dev_1632,yes,NO,no,no,Incorrect,0.6343
semantic,16,dev_1650,yes,,,other,NC,0.5717000000000001
semantic,16,dev_1655,no,,,other,NC,0.62
semantic,16,dev_1658,yes,"NO 

The Nazca Lines are only visible from the air, as",no,no,Incorrect,0.627
semantic,16,dev_1659,yes,"Yes. An undergraduate degree and a bachelor's degree are often used interchangeably,",yes,yes,Correct,0.6225
semantic,16,dev_1673,yes,"YES  Grizzly bears and polar bears are capable of interbreeding, and",yes,yes,Correct,0.6276
semantic,16,dev_1680,no,NO,no,no,Correct,1.9589
semantic,16,dev_1687,no,NO. The U.S. Air Force does not have a warrant officer rank.,no,no,Correct,0.6277
semantic,16,dev_1698,no,,,other,NC,0.5878
semantic,16,dev_1707,yes,NO,no,no,Incorrect,0.6235
semantic,16,dev_1727,yes,NO,no,no,Incorrect,0.6279
semantic,16,dev_1736,no,"YES, the magnitude of a physical quantity does not change with a change in the",yes,yes,Incorrect,0.6287
semantic,16,dev_1737,yes,,,other,NC,0.6157999999999999
semantic,16,dev_1740,yes,"YES, there is often spongy bone in the medullary cavity,",yes,yes,Correct,0.6276
semantic,16,dev_1743,no,NO,no,no,Correct,0.6235
semantic,16,dev_1749,yes,"YES. Delhi University and the University of Delhi are the same institution, with """,yes,yes,Correct,0.6379
semantic,16,dev_1750,no,NO. According to the Supreme Court's ruling in Chaplinsky v. New,no,no,Correct,0.6337999999999999
semantic,16,dev_1757,yes,,,other,NC,0.5552
semantic,16,dev_1763,yes,NO. The House of Representatives is one of the two chambers that make up Congress,no,no,Incorrect,0.6254
semantic,16,dev_1775,no,NO,no,no,Correct,0.6273
semantic,16,dev_1789,no,,,other,NC,0.5948
semantic,16,dev_1806,no,"NO. The U.S. stopped printing $1,000 bills in 194",no,no,Correct,0.6327
semantic,16,dev_1814,no,YES.  There are several North American area codes that start with the digit,yes,yes,Incorrect,0.6254
semantic,16,dev_1823,yes,YES,yes,yes,Correct,0.6244
semantic,16,dev_1832,no,YES,yes,yes,Incorrect,0.6269
semantic,16,dev_1849,yes,,,other,NC,0.5592999999999999
semantic,16,dev_1851,no,,,other,NC,0.5748
semantic,16,dev_1857,no,YES,yes,yes,Incorrect,0.6244
semantic,16,dev_1895,yes,,,other,NC,0.5645
semantic,16,dev_1906,no,"NO. College football players have the option to enter the NFL draft, but they",no,no,Correct,0.6337999999999999
semantic,16,dev_1916,yes,,,other,NC,0.6269
semantic,16,dev_1919,yes,YES,yes,yes,Correct,1.9833
semantic,16,dev_1924,yes,NO. A car's serial number and VIN are related but not the same.,no,no,Incorrect,0.6264
semantic,16,dev_1938,no,,,other,NC,0.5605
semantic,16,dev_1948,yes,,,other,NC,0.5529
semantic,16,dev_1950,no,,,other,NC,0.5519
semantic,16,dev_1960,no,"NO. They are two separate and independent countries, often confused with each other due",no,no,Correct,0.6372000000000001
semantic,16,dev_1977,no,"NO. According to Article II, Section 1 of the United States Constitution,",no,no,Correct,0.7265
semantic,16,dev_1995,yes,YES,yes,yes,Correct,0.6241
semantic,16,dev_1997,yes,"Yes.  The Alphabet Song and Twinkle, Twinkle, Little Star share",yes,yes,Correct,0.629
semantic,16,dev_2009,no,,,other,NC,0.5906
semantic,16,dev_2032,yes,,,other,NC,0.7353
semantic,16,dev_2045,yes,,,other,NC,0.6185
semantic,16,dev_2053,no,NO,no,no,Correct,0.6245
semantic,16,dev_2061,no,Yes. You can choose who is listed as your next of kin. This is,yes,yes,Incorrect,0.6282000000000001
semantic,16,dev_2065,yes,NO,no,no,Incorrect,0.626
semantic,16,dev_2068,yes,YES. Allied Waste and Republic Services merged in 2010 to form Republic Services,yes,yes,Correct,0.6255
semantic,16,dev_2078,no,NO. Black cumin seed (also known as Nigella sativa),no,no,Correct,0.6275
semantic,16,dev_2079,yes,YES,yes,yes,Correct,0.6242000000000001
semantic,16,dev_2088,no,,,other,NC,0.5998
semantic,16,dev_2091,no,"YES. In extra innings, a team can win by two runs, and the",yes,yes,Incorrect,0.6204
semantic,16,dev_2094,no,YES. Destin–Fort Walton Beach Airport (VPS) is a public,yes,yes,Incorrect,0.6301
semantic,16,dev_2095,yes,"NO. Liam Gallagher sings ""Don't Look Back in Anger"" on Oasis",no,no,Incorrect,0.629
semantic,16,dev_2139,no,NO.,no,no,Correct,0.6177
semantic,16,dev_2166,yes,,,other,NC,0.5732999999999999
semantic,16,dev_2184,no,YES. The U.S. has had a long-standing military presence in Saudi Arabia,yes,yes,Incorrect,0.6294
semantic,16,dev_2187,yes,,,other,NC,0.5886
semantic,16,dev_2192,no,NO. A lieutenant colonel is actually a lower rank than a colonel.,no,no,Correct,0.6287999999999999
semantic,16,dev_2196,no,YES,yes,yes,Incorrect,0.6191
semantic,16,dev_2199,yes,"YES
The Dark Knight is a direct sequel to Batman Begins, continuing the story",yes,yes,Correct,0.6289
semantic,16,dev_2204,yes,,,other,NC,0.6182000000000001
semantic,16,dev_2220,no,YES,yes,yes,Incorrect,0.6295
semantic,16,dev_2224,no,,,other,NC,0.5901000000000001
semantic,16,dev_2232,no,YES,yes,yes,Incorrect,0.6316
semantic,16,dev_2234,no,,,other,NC,1.9011
semantic,16,dev_2237,no,"NO. The Riviera Maya is a coastal region located on the Caribbean Sea,",no,no,Correct,0.6314
semantic,16,dev_2247,yes,,,other,NC,0.5712999999999999
semantic,16,dev_2248,yes,,,other,NC,0.576
semantic,16,dev_2266,no,,,other,NC,0.5602999999999999
semantic,16,dev_2275,yes,"NO. Counting cards is generally considered a form of advantage play, and is",no,no,Incorrect,0.6282000000000001
semantic,16,dev_2295,yes,"NO. A unanimous vote requires that all members present vote in favor, with no",no,no,Incorrect,0.6257999999999999
semantic,16,dev_2304,yes,"NO. The House of Representatives is one of the two chambers of Congress, but",no,no,Incorrect,0.6266
semantic,16,dev_2306,yes,,,other,NC,0.5576
semantic,16,dev_2310,no,NO. In-N-Out Burger is a privately-held company that is owned by the,no,no,Correct,0.6392
semantic,16,dev_2315,yes,,,other,NC,0.5918
semantic,16,dev_2323,no,YES,yes,yes,Incorrect,0.626
semantic,16,dev_2328,no,YES. Corinthian leather is a type of leather upholstery material that is often used,yes,yes,Incorrect,0.6247999999999999
semantic,16,dev_2350,no,"NO. While the series is written in a narrative style, it is based on",no,no,Correct,0.6283
semantic,16,dev_2382,yes,,,other,NC,0.6201
semantic,16,dev_2387,yes,YES,yes,yes,Correct,0.6252000000000001
semantic,16,dev_2388,no,"YES (with some exceptions, such as double jeopardy) - In general",yes,yes,Incorrect,0.6256
semantic,16,dev_2396,yes,NO. Semolina flour and Cream of Wheat are related but distinct products. Sem,no,no,Incorrect,0.6314
semantic,16,dev_2408,yes,"YES (Note: While often used interchangeably, ""being fired""",yes,yes,Correct,0.6434
semantic,16,dev_2413,no,Yes. The movie Stalingrad is based on the real-life Battle of St,yes,yes,Incorrect,0.6279
semantic,16,dev_2428,yes,YES. A Peripherally Inserted Central Catheter (PICC) line,yes,yes,Correct,0.627
semantic,16,dev_2433,no,,,other,NC,0.6134
semantic,16,dev_2434,no,NO,no,no,Correct,0.6267
semantic,16,dev_2447,no,"NO. In the MLB playoffs, home-field advantage typically goes to the team with",no,no,Correct,0.6297
semantic,16,dev_2473,yes,"NO. Pokémon Gold, Silver, and Crystal are distinct games in the Pokémon series",no,no,Incorrect,0.616
semantic,16,dev_2479,no,NO,no,no,Correct,0.6237999999999999
semantic,16,dev_2504,no,Yes.,yes,yes,Incorrect,0.622
semantic,16,dev_2532,yes,NO,no,no,Incorrect,0.6187999999999999
semantic,16,dev_2537,no,NO. While both are related to the study of,no,no,Correct,0.6287999999999999
semantic,16,dev_2538,no,NO. War Room is a 2015 American Christian drama film that tells a,no,no,Correct,0.6246
semantic,16,dev_2547,yes,,,other,NC,0.5639
semantic,16,dev_2548,no,,,other,NC,0.6179
semantic,16,dev_2555,no,NO,no,no,Correct,0.6322000000000001
semantic,16,dev_2566,no,YES. A Bachelor of Education (BEd) is an undergraduate degree that is,yes,yes,Incorrect,0.6315
semantic,16,dev_2572,no,NO,no,no,Correct,0.6247
semantic,16,dev_2577,no,,,other,NC,0.5715
semantic,16,dev_2605,yes,,,other,NC,0.5692999999999999
semantic,16,dev_2614,yes,NO,no,no,Incorrect,0.6391
semantic,16,dev_2622,no,,,other,NC,0.5913999999999999
semantic,16,dev_2634,yes,YES,yes,yes,Correct,0.6203
semantic,16,dev_2643,no,,,other,NC,0.5851000000000001
semantic,16,dev_2655,yes,NO  Visa Delta and Visa Debit are related but distinct products.  Visa,no,no,Incorrect,0.6236
semantic,16,dev_2656,yes,,,other,NC,0.5596
semantic,16,dev_2690,yes,NO,no,no,Incorrect,0.6284
semantic,16,dev_2719,no,"NO 

Electrons actually flow in the opposite direction of conventional current,",no,no,Correct,0.6257999999999999
semantic,16,dev_2727,no,,,other,NC,0.5684
semantic,16,dev_2750,yes,,,other,NC,0.6159
semantic,16,dev_2757,yes,YES,yes,yes,Correct,0.6289
semantic,16,dev_2770,yes,YES. A 40-hour workweek is typically defined as 8 hours per,yes,yes,Correct,0.6279
semantic,16,dev_2791,yes,NO,no,no,Incorrect,0.6259
semantic,16,dev_2813,yes,,,other,NC,0.5917
semantic,16,dev_2821,yes,NO,no,no,Incorrect,0.6259
semantic,16,dev_2832,yes,,,other,NC,0.5574
semantic,16,dev_2838,no,NO,no,no,Correct,0.6295
semantic,16,dev_2853,no,NO,no,no,Correct,0.6282000000000001
semantic,16,dev_2870,no,"NO 

The derivative of a continuous function is not always continuous, as",no,no,Correct,0.6257
semantic,16,dev_2875,yes,NO,no,no,Incorrect,0.631
semantic,16,dev_2880,no,YES,yes,yes,Incorrect,0.6339
semantic,16,dev_2890,no,,,other,NC,0.6255
semantic,16,dev_2901,yes,"NO. VW, Audi, and Porsche are separate brands owned by the Volkswagen Group",no,no,Incorrect,0.6313
semantic,16,dev_2906,yes,NO,no,no,Incorrect,0.638
semantic,16,dev_2919,no,NO. The,no,no,Correct,0.6272000000000001
semantic,16,dev_2931,yes,NO,no,no,Incorrect,0.6232000000000001
semantic,16,dev_2933,no,YES,yes,yes,Incorrect,0.6285
semantic,16,dev_2956,yes,,,other,NC,0.5872999999999999
semantic,16,dev_2959,no,YES,yes,yes,Incorrect,0.6186
semantic,16,dev_2967,yes,,,other,NC,0.5536
semantic,16,dev_2973,no,,,other,NC,0.6167
semantic,16,dev_2991,yes,NO,no,no,Incorrect,0.6187999999999999
semantic,16,dev_3000,yes,,,other,NC,0.5728
semantic,16,dev_3015,yes,,,other,NC,0.5554
semantic,16,dev_3027,no,NO,no,no,Correct,0.6281
semantic,16,dev_3029,no,"YES. The United Kingdom left the European Union on January 31, 202",yes,yes,Incorrect,0.6259
semantic,16,dev_3035,no,,,other,NC,0.6155
semantic,16,dev_3040,no,NO,no,no,Correct,0.6275
semantic,16,dev_3073,no,NO,no,no,Correct,0.6224
semantic,16,dev_3079,yes,NO,no,no,Incorrect,0.6264
semantic,16,dev_3089,yes,NO,no,no,Incorrect,0.6306
semantic,16,dev_3105,yes,"NO. In a typical electrical system, the neutral wire is not connected to ground",no,no,Incorrect,0.6192000000000001
semantic,16,dev_3106,yes,"NO  High-rise jeans typically sit higher on the body, often above the natural",no,no,Incorrect,0.6357999999999999
semantic,16,dev_3107,yes,YES.  There have been several recess appointments to the Supreme Court throughout US history,yes,yes,Correct,0.6359
semantic,16,dev_3122,no,YES  Reese's Pieces are a type of candy that is known for its peanut,yes,yes,Incorrect,0.628
semantic,16,dev_3143,no,"NO. The Republic of Ireland is not part of the Schengen Area,",no,no,Correct,0.6242000000000001
semantic,16,dev_3173,no,NO. A private equity fund is a type of investment fund that invests in,no,no,Correct,0.6387999999999999
semantic,16,dev_3183,no,,,other,NC,0.5731
semantic,16,dev_3187,yes,NO,no,no,Incorrect,0.6187999999999999
semantic,16,dev_3204,no,YES,yes,yes,Incorrect,0.6347999999999999
semantic,16,dev_3212,yes,NO. A physical address is a general term that refers to a unique identifier assigned,no,no,Incorrect,0.6252000000000001
semantic,16,dev_3221,no,,,other,NC,0.6164
semantic,16,dev_3231,yes,,,other,NC,0.556
semantic,16,dev_3232,yes,"NO. While both are derived from corn, corn starch is a refined, pow",no,no,Incorrect,0.6252000000000001
semantic,16,dev_3238,yes,NO,no,no,Incorrect,0.6249
semantic,16,dev_3239,yes,YES. The Conn Smythe Trophy has been awarded to players on the losing team,yes,yes,Correct,0.6274
semantic,16,dev_3241,yes,YES,yes,yes,Correct,0.6252000000000001
semantic,16,dev_3242,yes,YES,yes,yes,Correct,0.6302000000000001
semantic,16,dev_0031,yes,,,other,NC,0.6174
semantic,16,dev_0148,yes,NO,no,no,Incorrect,0.6251
semantic,16,dev_0178,yes,YES,yes,yes,Correct,0.6224
semantic,16,dev_0410,yes,YES,yes,yes,Correct,0.6354
semantic,16,dev_0419,yes,NO,no,no,Incorrect,0.6317
semantic,16,dev_0448,yes,YES,yes,yes,Correct,0.6257999999999999
semantic,16,dev_0224,no,"NO. The Outsiders is a work of fiction, although it's",no,no,Correct,0.6321
semantic,16,dev_0317,no,NO  Would you like to,no,no,Correct,1.9658
semantic,16,dev_0368,no,"NO.  The Color Purple is a work of fiction by Alice Walker, although",no,no,Correct,0.6276
semantic,16,dev_0507,no,,,other,NC,0.6367
semantic,16,dev_0603,no,NO,no,no,Correct,0.6337999999999999
semantic,16,dev_0938,no,NO,no,no,Correct,0.623
semantic,16,dev_0076,yes,YES Female ferrets can die if they don't mate due to a,yes,yes,Correct,0.627
semantic,16,dev_0459,yes,"YES 

The direction of transcription (5' to 3') and the strand",yes,yes,Correct,0.6277
semantic,16,dev_0502,yes,,,other,NC,0.5739
semantic,16,dev_0580,yes,,,other,NC,0.5628
semantic,16,dev_1089,yes,,,other,NC,0.5529
semantic,16,dev_1153,yes,NO,no,no,Incorrect,0.6239
semantic,16,dev_1315,yes,,,other,NC,0.6271
semantic,16,dev_1482,yes,,,other,NC,0.5629
semantic,16,dev_1568,yes,,,other,NC,0.6194
semantic,16,dev_1968,yes,,,other,NC,0.616
semantic,16,dev_2223,yes,"YES (specifically, the Turritopsis dohrnii, also known",yes,yes,Correct,0.631
semantic,16,dev_2420,yes,,,other,NC,0.6255
semantic,16,dev_2882,yes,,,other,NC,0.5893999999999999
semantic,16,dev_2899,yes,"YES. Dalmatians are known to develop more spots as they mature,",yes,yes,Correct,0.6279
semantic,16,dev_2910,yes,NO,no,no,Incorrect,0.6232000000000001
semantic,16,dev_0713,no,YES,yes,yes,Incorrect,0.6256
semantic,16,dev_0816,no,,,other,NC,0.5555
semantic,16,dev_0911,no,,,other,NC,0.6224
semantic,16,dev_0997,no,NO,no,no,Correct,0.6252000000000001
semantic,16,dev_1258,no,YES,yes,yes,Incorrect,0.6291
semantic,16,dev_1422,no,NO,no,no,Correct,0.6293
semantic,16,dev_2120,no,"YES, Dalmatian puppies are born with a coat of solid color,",yes,yes,Incorrect,0.6273
semantic,16,dev_2353,no,,,other,NC,0.5545
semantic,16,dev_2441,no,,,other,NC,0.5566
semantic,16,dev_2087,no,"YES Sperm whales are listed as ""Vulnerable"" on the I",yes,yes,Incorrect,0.6285
semantic,16,dev_2215,no,,,other,NC,0.6162000000000001
semantic,16,dev_2503,no,NO. Catbirds and mockingbirds are different types of birds that belong to different,no,no,Correct,0.6365
semantic,16,dev_2652,no,"YES. All baby birds, also known as hatchlings, have an egg tooth",yes,yes,Incorrect,0.6255
semantic,16,dev_2850,no,"YES (There is always a stinger in a bee sting, but",yes,yes,Incorrect,0.6267999999999999
semantic,16,dev_3062,no,,,other,NC,0.5664
semantic,16,dev_0400,yes,,,other,NC,0.5605
semantic,16,dev_0432,yes,"I don't know. However, I can tell you that the Reserve Bank of",i,idk,IDK,0.6277
semantic,16,dev_0446,yes,,,other,NC,0.5552
semantic,16,dev_0455,yes,YES,yes,yes,Correct,0.6165
semantic,16,dev_0472,yes,,,other,NC,0.5939
semantic,16,dev_0524,yes,,,other,NC,0.5728
semantic,16,dev_0767,yes,YES. The Canadian dollar has historically fluctuated in value relative to the US dollar,yes,yes,Correct,0.6264
semantic,16,dev_0875,yes,NO,no,no,Incorrect,0.6267999999999999
semantic,16,dev_0950,yes,YES,yes,yes,Correct,0.6236
semantic,16,dev_1023,yes,YES,yes,yes,Correct,0.6266
semantic,16,dev_1171,yes,"YES, Guernsey's currency, the Guernsey pound, is peg",yes,yes,Correct,0.6272000000000001
semantic,16,dev_1207,yes,,,other,NC,0.5634
semantic,16,dev_1299,yes,YES. Net earnings and net income are interchangeable terms that refer to the profit earned,yes,yes,Correct,0.6271
semantic,16,dev_0157,no,NO.,no,no,Correct,0.6253
semantic,16,dev_0371,no,NO. National Car Rental and Enterprise Rent-A-Car are two separate car rental,no,no,Correct,0.6313
semantic,16,dev_0621,no,,,other,NC,0.5554
semantic,16,dev_0699,no,,,other,NC,0.5599
semantic,16,dev_0954,no,NO,no,no,Correct,0.6289
semantic,16,dev_1050,no,,,other,NC,1.9572
semantic,16,dev_1208,no,,,other,NC,0.5707000000000001
semantic,16,dev_1257,no,NO. Home Bargains and Quality Save are two separate discount stores in the UK,no,no,Correct,0.6267999999999999
semantic,16,dev_1805,no,"NO. The $10,000 bill was last printed in 1945 and",no,no,Correct,0.6276
semantic,16,dev_1876,no,NO,no,no,Correct,0.6245
semantic,16,dev_2290,no,NO,no,no,Correct,0.6215
semantic,16,dev_2444,no,,,other,NC,0.5502
semantic,16,dev_0250,yes,"YES. In the Netherlands, Father's Day is celebrated on the third Sunday of",yes,yes,Correct,0.628
semantic,16,dev_0337,yes,No  The King's Birthday is a public holiday in some states and territories in,no,no,Incorrect,0.6274
semantic,16,dev_0386,yes,,,other,NC,0.5899
semantic,16,dev_0591,yes,NO,no,no,Incorrect,0.6267
semantic,16,dev_0746,yes,"YES.  June 12 is a national holiday in the Philippines, commemorating",yes,yes,Correct,1.9562
semantic,16,dev_0845,yes,YES,yes,yes,Correct,0.624
semantic,16,dev_0855,yes,"Yes. Some flight paths, particularly those between Europe and Asia or North America and",yes,yes,Correct,0.6285
semantic,16,dev_0915,yes,NO,no,no,Incorrect,0.626
semantic,16,dev_0945,yes,NO,no,no,Incorrect,0.6237999999999999
semantic,16,dev_0021,no,,,other,NC,0.5665
semantic,16,dev_0490,no,NO,no,no,Correct,0.6212000000000001
semantic,16,dev_0581,no,"NO, a peck and a bushel are not the same unit of measurement",no,no,Correct,0.6307999999999999
semantic,16,dev_0631,no,,,other,NC,0.5883999999999999
semantic,16,dev_0691,no,NO,no,no,Correct,0.6186
semantic,16,dev_0783,no,,,other,NC,0.6173
semantic,16,dev_0787,no,,,other,NC,0.5631
semantic,16,dev_0825,no,I don't know. I'd need more information or context to provide an accurate,i,idk,IDK,0.6393
semantic,16,dev_0885,no,NO. UK citizens do not need a visa to enter Albania for tourism or business,no,no,Correct,0.6249
semantic,16,dev_0089,yes,YES,yes,yes,Correct,0.62
semantic,16,dev_0095,yes,YES,yes,yes,Correct,0.6254
semantic,16,dev_0211,yes,,,other,NC,0.621
semantic,16,dev_0238,yes,NO,no,no,Incorrect,0.6365
semantic,16,dev_0252,yes,,,other,NC,0.5564
semantic,16,dev_0256,yes,,,other,NC,0.5949
semantic,16,dev_0266,yes,I don't know. The Book of Henry is a 2017 American drama,i,idk,IDK,0.6166
semantic,16,dev_0310,yes,"YES, contestants on Survivor do receive a stipend, but it's reportedly a",yes,yes,Correct,0.6232000000000001
semantic,16,dev_0359,yes,YES,yes,yes,Correct,0.6286
semantic,16,dev_0422,yes,,,other,NC,0.6177999999999999
semantic,16,dev_0040,no,YES,yes,yes,Incorrect,0.624
semantic,16,dev_0080,no,Yes.,yes,yes,Incorrect,1.9686
semantic,16,dev_0100,no,I don't know. I don't have information about a specific character dying in,i,idk,IDK,0.6253
semantic,16,dev_0240,no,NO.,no,no,Correct,0.6335
semantic,16,dev_0247,no,NO,no,no,Correct,0.6287
semantic,16,dev_0260,no,,,other,NC,0.5522
semantic,16,dev_0277,no,YES,yes,yes,Incorrect,0.6291
semantic,16,dev_0290,no,,,other,NC,0.5574
semantic,16,dev_0303,no,,,other,NC,0.5577000000000001
semantic,16,dev_0231,yes,YES,yes,yes,Correct,0.6356
semantic,16,dev_0401,yes,NO,no,no,Incorrect,0.6284
semantic,16,dev_0420,yes,YES. Red velvet cake is a type of chocolate cake that gets its distinctive red,yes,yes,Correct,0.6193
semantic,16,dev_0571,yes,NO,no,no,Incorrect,0.6257
semantic,16,dev_0583,yes,NO,no,no,Incorrect,0.6267999999999999
semantic,16,dev_0765,yes,YES,yes,yes,Correct,0.6297
semantic,16,dev_0778,yes,"NO. While both are flat, rectangular pans used for baking, a cookie sheet",no,no,Incorrect,0.617
semantic,16,dev_0815,yes,NO,no,no,Incorrect,0.6167
semantic,16,dev_0073,no,I don't know. Cotton candy flavor can vary depending on the type of sugar,i,idk,IDK,0.6209
semantic,16,dev_0491,no,,,other,NC,0.5559
semantic,16,dev_0615,no,,,other,NC,0.6239
semantic,16,dev_0868,no,"NO. While Fruit Roll-Ups may contain fruit puree, they are often",no,no,Correct,0.6163
semantic,16,dev_0880,no,,,other,NC,0.5682999999999999
semantic,16,dev_0953,no,"NO. Monster energy drinks are a type of energy drink that typically contain caffeine,",no,no,Correct,0.6207
semantic,16,dev_0985,no,,,other,NC,0.5546
semantic,16,dev_0136,yes,,,other,NC,0.5897
semantic,16,dev_0367,yes,"YES

Devil May Cry 5 is set after the events of Devil",yes,yes,Correct,0.6255
semantic,16,dev_0618,yes,YES,yes,yes,Correct,0.6253
semantic,16,dev_0720,yes,,,other,NC,0.5552999999999999
semantic,16,dev_0770,yes,I don't know,i,idk,IDK,0.6266
semantic,16,dev_0835,yes,NO. Pokémon Let's Go is an enhanced re-imagining of the Pokémon,no,no,Incorrect,1.9881
semantic,16,dev_0896,yes,YES,yes,yes,Correct,0.6264
semantic,16,dev_0434,no,NO,no,no,Correct,0.6251
semantic,16,dev_0489,no,,,other,NC,0.5572
semantic,16,dev_0852,no,NO,no,no,Correct,0.6313
semantic,16,dev_0870,no,"NO. While paladins are typically associated with Lawful Good alignment, they",no,no,Correct,0.6282000000000001
semantic,16,dev_1148,no,NO,no,no,Correct,0.6262000000000001
semantic,16,dev_2595,no,NO,no,no,Correct,0.6243
semantic,16,dev_0281,yes,NO,no,no,Incorrect,0.6334
semantic,16,dev_0528,yes,,,other,NC,0.5578
semantic,16,dev_0547,yes,NO,no,no,Incorrect,0.6277
semantic,16,dev_0623,yes,,,other,NC,0.5749
semantic,16,dev_0626,yes,NO,no,no,Incorrect,0.6239
semantic,16,dev_0686,yes,NO,no,no,Incorrect,0.635
semantic,16,dev_0822,yes,YES. Marble Falls is a city in Texas that is actually named after a nearby,yes,yes,Correct,0.6297
semantic,16,dev_1210,yes,,,other,NC,0.5532
semantic,16,dev_0374,no,NO,no,no,Correct,0.6266
semantic,16,dev_0900,no,,,other,NC,0.6169
semantic,16,dev_0913,no,NO  would you like me to explain why?  Porpoise Spit is,no,no,Correct,0.6347999999999999
semantic,16,dev_1234,no,NO,no,no,Correct,0.6224
semantic,16,dev_1360,no,NO,no,no,Correct,0.6275
semantic,16,dev_1544,no,NO,no,no,Correct,0.6257999999999999
semantic,16,dev_1588,no,No,no,no,Correct,0.6264
semantic,16,dev_0344,yes,"NO. Arsenic is a toxin that can cause long-term health problems,",no,no,Incorrect,0.6274
semantic,16,dev_0379,yes,,,other,NC,0.6202000000000001
semantic,16,dev_0474,yes,I don't know. The FDA approval process for dietary supplements is different from that,i,idk,IDK,0.6239
semantic,16,dev_0614,yes,,,other,NC,0.59
semantic,16,dev_0655,yes,"YES. A hiatal hernia can cause an irregular heartbeat, as it can",yes,yes,Correct,0.6275
semantic,16,dev_1195,yes,,,other,NC,0.5891000000000001
semantic,16,dev_1197,yes,,,other,NC,0.5859
semantic,16,dev_1313,yes,"NO 
Relative risk and risk ratio are often used interchangeably, but",no,no,Incorrect,0.6245
semantic,16,dev_1564,yes,,,other,NC,0.62
semantic,16,dev_0078,no,Yes. There is a right brachiocephalic artery and a left common,yes,yes,Incorrect,0.6295
semantic,16,dev_0166,no,,,other,NC,0.5902999999999999
semantic,16,dev_0851,no,YES,yes,yes,Incorrect,0.6213
semantic,16,dev_0861,no,,,other,NC,0.5845
semantic,16,dev_0872,no,,,other,NC,0.5536
semantic,16,dev_1554,no,I don't know. The existence and diagnosis of chronic Lyme disease is a topic,i,idk,IDK,0.6332000000000001
semantic,16,dev_1719,no,,,other,NC,0.556
semantic,16,dev_1991,no,,,other,NC,0.5558
semantic,16,dev_2115,no,,,other,NC,0.6157
semantic,16,dev_0105,yes,,,other,NC,0.5702
semantic,16,dev_0125,yes,"YES, there were survivors of the Pompeii eruption. While many people per",yes,yes,Correct,0.6309
semantic,16,dev_0191,yes,,,other,NC,0.5951000000000001
semantic,16,dev_1292,yes,,,other,NC,0.6174
semantic,16,dev_1338,yes,,,other,NC,0.5975
semantic,16,dev_0388,no,NO,no,no,Correct,0.6277999999999999
semantic,16,dev_0703,no,NO. The Peacock Throne was looted by Nader Shah in 173,no,no,Correct,0.6357
semantic,16,dev_0833,no,YES.,yes,yes,Incorrect,0.6309
semantic,16,dev_0874,no,I don't know. The official position of the FBI is that the Anglin,i,idk,IDK,0.6264
semantic,16,dev_1651,no,,,other,NC,0.5725
semantic,16,dev_0072,yes,NO,no,no,Incorrect,0.6184
semantic,16,dev_0258,yes,,,other,NC,0.5754
semantic,16,dev_0286,yes,YES. An administrative law judge (ALJ) is a neutral decision-maker who,yes,yes,Correct,0.63
semantic,16,dev_0348,yes,"NO.  In the UK, skunks are considered exotic animals and are not",no,no,Incorrect,0.6234
semantic,16,dev_0467,yes,,,other,NC,0.5524
semantic,16,dev_0515,yes,I don't know. The answer to this question depends on the specific circumstances and,i,idk,IDK,0.6225
semantic,16,dev_0562,yes,,,other,NC,0.5672
semantic,16,dev_0636,yes,,,other,NC,0.5582
semantic,16,dev_0740,yes,YES,yes,yes,Correct,0.628
semantic,16,dev_0838,yes,NO,no,no,Incorrect,0.6161
semantic,16,dev_0864,yes,,,other,NC,0.552
semantic,16,dev_0873,yes,,,other,NC,0.5521
semantic,16,dev_0901,yes,,,other,NC,0.5537000000000001
semantic,16,dev_0909,yes,NO,no,no,Incorrect,0.6302000000000001
semantic,16,dev_1134,yes,,,other,NC,0.5891000000000001
semantic,16,dev_0198,no,NO,no,no,Correct,0.6336
semantic,16,dev_0215,no,I don't know. I would need more information about the specific laws and regulations,i,idk,IDK,0.6229
semantic,16,dev_0223,no,,,other,NC,0.5571
semantic,16,dev_0234,no,,,other,NC,0.561
semantic,16,dev_0272,no,,,other,NC,0.6207
semantic,16,dev_0453,no,,,other,NC,0.555
semantic,16,dev_0499,no,"NO 

Puerto Rico is a US territory, and its residents are US citizens",no,no,Correct,0.6253
semantic,16,dev_0552,no,,,other,NC,0.5848
semantic,16,dev_0680,no,,,other,NC,0.5859
semantic,16,dev_0738,no,YES,yes,yes,Incorrect,0.6312000000000001
semantic,16,dev_0771,no,"NO. Payola is illegal in both Canada and the United States, as it",no,no,Correct,0.6212000000000001
semantic,16,dev_0888,no,,,other,NC,0.6165
semantic,16,dev_1135,no,I don't know. The answer may depend on the specific context and jurisdiction within,i,idk,IDK,0.6227999999999999
semantic,16,dev_1188,no,"YES (under certain circumstances) - In the United States, individuals who",yes,yes,Incorrect,0.6261
semantic,16,dev_0339,yes,NO,no,no,Incorrect,0.6291
semantic,16,dev_0357,yes,,,other,NC,0.5732
semantic,16,dev_0498,yes,,,other,NC,0.6177999999999999
semantic,16,dev_0620,yes,"YES

The United Nations has been involved in several conflicts and peacekeeping missions in",yes,yes,Correct,0.6242000000000001
semantic,16,dev_0878,yes,,,other,NC,0.617
semantic,16,dev_1864,yes,,,other,NC,0.5932000000000001
semantic,16,dev_2080,yes,,,other,NC,0.6189
semantic,16,dev_2395,yes,NO,no,no,Incorrect,0.6249
semantic,16,dev_2639,yes,,,other,NC,0.5697000000000001
semantic,16,dev_3155,yes,YES,yes,yes,Correct,0.6337999999999999
semantic,16,dev_3209,yes,,,other,NC,0.5921000000000001
semantic,16,dev_0209,no,NO,no,no,Correct,0.628
semantic,16,dev_0273,no,NO,no,no,Correct,1.9565
semantic,16,dev_0404,no,,,other,NC,0.6175
semantic,16,dev_0567,no,,,other,NC,0.6166
semantic,16,dev_0675,no,YES. Saudi Arabia signed the Universal Declaration of,yes,yes,Incorrect,0.6273
semantic,16,dev_1172,no,NO,no,no,Correct,0.6274
semantic,16,dev_1275,no,,,other,NC,0.6157
semantic,16,dev_1971,no,,,other,NC,0.5746
semantic,16,dev_2001,no,"NO. The President's pardon power only extends to federal crimes, not state crimes",no,no,Correct,0.6305
semantic,16,dev_3004,no,YES,yes,yes,Incorrect,0.6303
semantic,16,dev_3256,no,,,other,NC,0.5562999999999999
semantic,16,dev_1132,yes,,,other,NC,0.5851000000000001
semantic,16,dev_1233,yes,"NO. In an adiabatic process, there is no heat transfer between",no,no,Incorrect,0.6194
semantic,16,dev_1511,yes,NO,no,no,Incorrect,0.628
semantic,16,dev_1633,yes,NO  Would you like me to,no,no,Incorrect,0.6269
semantic,16,dev_2007,yes,NO,no,no,Incorrect,0.633
semantic,16,dev_2214,yes,,,other,NC,0.5542
semantic,16,dev_2239,yes,"NO

The speed of sound is generally independent of frequency at constant temperature, although",no,no,Incorrect,0.6279
semantic,16,dev_2299,yes,,,other,NC,0.557
semantic,16,dev_2303,yes,"NO. While all life shares some common essential elements, such as carbon, hydrogen",no,no,Incorrect,0.6275
semantic,16,dev_2477,yes,,,other,NC,0.5592999999999999
semantic,16,dev_2993,yes,,,other,NC,0.5896
semantic,16,dev_3126,yes,,,other,NC,0.6163
semantic,16,dev_3188,yes,NO,no,no,Incorrect,0.6355
semantic,16,dev_3193,yes,,,other,NC,0.591
semantic,16,dev_3234,yes,NO,no,no,Incorrect,0.6183
semantic,16,dev_3265,yes,I don't know. The Titius–Bode rule is a historical rule,i,idk,IDK,0.6286
semantic,16,dev_0001,no,"YES, it generally takes more energy to produce ethanol than the amount of energy it",yes,yes,Incorrect,0.6165
semantic,16,dev_0579,no,,,other,NC,0.5539
semantic,16,dev_1003,no,,,other,NC,0.6189
semantic,16,dev_1483,no,,,other,NC,0.5588
semantic,16,dev_1551,no,NO,no,no,Correct,0.6267999999999999
semantic,16,dev_1702,no,NO,no,no,Correct,0.6312000000000001
semantic,16,dev_1925,no,,,other,NC,0.5542999999999999
semantic,16,dev_2025,no,,,other,NC,0.6253
semantic,16,dev_2312,no,,,other,NC,0.5571
semantic,16,dev_2471,no,"NO. A fixed pulley changes the direction of the force, but does not",no,no,Correct,0.6271
semantic,16,dev_2521,no,,,other,NC,0.5918
semantic,16,dev_2782,no,NO. The hydronium ion (H3O+) and the hydrogen,no,no,Correct,0.6287
semantic,16,dev_2812,no,,,other,NC,0.5548
semantic,16,dev_3014,no,,,other,NC,0.5738
semantic,16,dev_3034,no,,,other,NC,0.5718
semantic,16,dev_3159,no,NO,no,no,Correct,0.6272000000000001
semantic,16,dev_3190,no,,,other,NC,0.6161
semantic,16,dev_0682,yes,NO,no,no,Incorrect,0.6277
semantic,16,dev_0735,yes,YES Secondary school is often referred to as high school in the United States,yes,yes,Correct,0.6293
semantic,16,dev_1505,yes,"YES. The University of St. Thomas is a private, nonprofit institution.",yes,yes,Correct,0.6233
semantic,16,dev_1668,yes,YES,yes,yes,Correct,0.6276
semantic,16,dev_2373,yes,YES  Would you,yes,yes,Correct,0.6216
semantic,16,dev_2793,yes,YES. Eastern Kentucky University is a Division 1 school and a member of the,yes,yes,Correct,0.6306
semantic,16,dev_2929,yes,"NO. While child psychology is a subfield of developmental psychology, it focuses specifically",no,no,Incorrect,0.6335
semantic,16,dev_0605,no,,,other,NC,0.57
semantic,16,dev_0908,no,,,other,NC,0.5556
semantic,16,dev_1388,no,,,other,NC,0.5737000000000001
semantic,16,dev_1521,no,NO,no,no,Correct,0.6287
semantic,16,dev_2334,no,NO. The Book of Jasher is not considered part of the canonical Bible in,no,no,Correct,0.6299
semantic,16,dev_2641,no,"NO.  A double-barrel surname, also known as a hyphenated",no,no,Correct,0.6174
semantic,16,dev_0347,yes,The single-elimination tournament format is a type of competition where a team is,the,other,NC,0.6336
semantic,16,dev_0411,yes,I don't know.,i,idk,IDK,0.6219
semantic,16,dev_0439,yes,Yes. The Milwaukee Brewers have appeared in the World Series twice: in 198,yes,yes,Correct,0.6192000000000001
semantic,16,dev_0452,yes,,,other,NC,0.5915
semantic,16,dev_0585,yes,,,other,NC,0.5516
semantic,16,dev_0656,yes,,,other,NC,0.616
semantic,16,dev_0661,yes,,,other,NC,0.5546
semantic,16,dev_0701,yes,NO,no,no,Incorrect,0.6276
semantic,16,dev_0704,yes,YES,yes,yes,Correct,0.6265
semantic,16,dev_0752,yes,,,other,NC,0.5542999999999999
semantic,16,dev_0848,yes,NO,no,no,Incorrect,0.6234
semantic,16,dev_0883,yes,YES,yes,yes,Correct,0.6275
semantic,16,dev_1143,yes,YES. Dan Marino is a member of the Pro Football Hall of Fame.,yes,yes,Correct,0.629
semantic,16,dev_1305,yes,,,other,NC,0.5895
semantic,16,dev_1497,yes,YES.  Alphonse Areola played in the 2018 World Cup,yes,yes,Correct,0.6262000000000001
semantic,16,dev_1777,yes,NO,no,no,Incorrect,0.6265
semantic,16,dev_2250,yes,YES,yes,yes,Correct,0.6374
semantic,16,dev_2370,yes,"YES. Ireland has beaten the Wallabies in Australia on several occasions, including in",yes,yes,Correct,0.6189
semantic,16,dev_0083,no,YES,yes,yes,Incorrect,0.6249
semantic,16,dev_0085,no,Yes.,yes,yes,Incorrect,0.6253
semantic,16,dev_0170,no,"NO. 

Would you like to know",no,no,Correct,0.6251
semantic,16,dev_0230,no,"NO. In Little League, a dropped third strike is considered a ball, and",no,no,Correct,0.6305
semantic,16,dev_0412,no,,,other,NC,0.5872
semantic,16,dev_0421,no,NO. Penalty shoot-out goals do not count towards the Golden Boot award. The,no,no,Correct,0.6252000000000001
semantic,16,dev_0447,no,"YES. Panama qualified for the 2018 FIFA World Cup in Russia, marking",yes,yes,Incorrect,0.6169
semantic,16,dev_0544,no,Yes,yes,yes,Incorrect,0.6291
semantic,16,dev_0565,no,NO,no,no,Correct,0.6273
semantic,16,dev_0589,no,,,other,NC,0.5862999999999999
semantic,16,dev_0593,no,,,other,NC,0.5558
semantic,16,dev_0859,no,NO,no,no,Correct,0.6253
semantic,16,dev_0865,no,NO,no,no,Correct,0.6197999999999999
semantic,16,dev_1518,no,YES,yes,yes,Incorrect,0.6294
semantic,16,dev_1768,no,NO,no,no,Correct,0.6246
semantic,16,dev_1779,no,NO,no,no,Correct,1.969
semantic,16,dev_1905,no,NO,no,no,Correct,0.6264
semantic,16,dev_2156,no,"NO. The Arizona Diamondbacks won the World Series in 2001, defeating",no,no,Correct,0.6275
semantic,16,dev_2158,no,"NO. The Cincinnati Bengals have appeared in two Super Bowls, Super Bowl XVI",no,no,Correct,0.6366
semantic,16,dev_2798,no,NO,no,no,Correct,0.623
semantic,16,dev_3138,no,,,other,NC,0.552
semantic,16,dev_0307,yes,NO. 700c tires are typically designed for narrower rims and are not compatible,no,no,Incorrect,0.6212000000000001
semantic,16,dev_0506,yes,YES,yes,yes,Correct,0.6205
semantic,16,dev_0641,yes,,,other,NC,0.5728
semantic,16,dev_0844,yes,I don't know. It's possible that Bell and Telus may share towers,i,idk,IDK,0.6267999999999999
semantic,16,dev_1032,yes,YES,yes,yes,Correct,0.6251
semantic,16,dev_1574,yes,YES,yes,yes,Correct,0.6145
semantic,16,dev_1889,yes,"YES. The Mazda Tribute and Ford Escape were essentially the same vehicle, with the",yes,yes,Correct,0.6279
semantic,16,dev_2093,yes,,,other,NC,0.5896
semantic,16,dev_2213,yes,,,other,NC,0.6172000000000001
semantic,16,dev_2735,yes,"YES

Pipelining can help reduce the latency of a single task by breaking",yes,yes,Correct,0.6253
semantic,16,dev_2836,yes,NO,no,no,Incorrect,0.6273
semantic,16,dev_0788,no,NO,no,no,Correct,0.6287999999999999
semantic,16,dev_0798,no,NO,no,no,Correct,0.6264
semantic,16,dev_1249,no,,,other,NC,0.5732999999999999
semantic,16,dev_1458,no,"NO. Powered speakers, also known as active speakers, have a built-in amplifier",no,no,Correct,0.627
semantic,16,dev_1584,no,NO,no,no,Correct,0.6284
semantic,16,dev_1589,no,NO,no,no,Correct,0.6277999999999999
semantic,16,dev_1657,no,NO,no,no,Correct,0.6233
semantic,16,dev_1691,no,NO,no,no,Correct,0.6237
semantic,16,dev_1943,no,,,other,NC,0.5726
semantic,16,dev_2682,no,,,other,NC,0.555
semantic,16,dev_2712,no,,,other,NC,0.5726
semantic,16,dev_0427,no,NO. The Barber of Seville is a 19th-century opera by Gio,no,no,Correct,0.6265
semantic,16,dev_0531,no,NO,no,no,Correct,0.6291
semantic,16,dev_1915,no,NO,no,no,Correct,0.6281
semantic,16,dev_1946,no,NO,no,no,Correct,0.6269
semantic,16,dev_2024,no,"NO. The foreword typically comes after the title page and copyright page, and",no,no,Correct,0.6277999999999999
semantic,16,dev_2265,no,,,other,NC,0.5586
semantic,16,dev_0004,yes,YES,yes,yes,Correct,0.7377999999999999
semantic,16,dev_0241,yes,"NO. ""All I Want for Christmas Is You"" was written by Mariah",no,no,Incorrect,0.6274
semantic,16,dev_0326,yes,"YES. The Wizarding World of Harry Potter is located in Islands of Adventure,",yes,yes,Correct,1.9746
semantic,16,dev_0525,yes,YES,yes,yes,Correct,0.6245
semantic,16,dev_0577,yes,YES. Phil Collins and Peter Gabriel were both members of the British rock band Genesis,yes,yes,Correct,0.6244
semantic,16,dev_0799,yes,"NO. On Jeopardy!, winners are taxed on their winnings, and the",no,no,Incorrect,0.6282000000000001
semantic,16,dev_0142,no,NO,no,no,Correct,0.7497999999999999
semantic,16,dev_0494,no,"YES. In biology, fitness and survival are often used interchangeably to refer to",yes,yes,Incorrect,0.6294
semantic,16,dev_0527,no,NO,no,no,Correct,0.6292000000000001
semantic,16,dev_0566,no,NO,no,no,Correct,0.6181
semantic,16,dev_0648,no,,,other,NC,0.5762
semantic,16,dev_0668,no,,,other,NC,0.5761000000000001
semantic,16,dev_0749,no,,,other,NC,0.5927
semantic,16,dev_0790,no,,,other,NC,0.6161
semantic,16,dev_0867,no,"NO. The same genotype can result in different phenotypes due to various factors,",no,no,Correct,0.6259
semantic,16,dev_0921,no,,,other,NC,0.5735
semantic,16,dev_1088,no,,,other,NC,0.5751000000000001
semantic,16,dev_1329,no,NO,no,no,Correct,0.6304
semantic,16,dev_1402,no,NO,no,no,Correct,0.6252000000000001
semantic,16,dev_1428,no,,,other,NC,0.587
semantic,16,dev_1439,no,"NO. 
Groundhogs and moles are both rodents, but they belong",no,no,Correct,0.6263
semantic,16,dev_0020,yes,,,other,NC,0.5569
semantic,16,dev_0027,yes,YES,yes,yes,Correct,0.6277999999999999
semantic,16,dev_0047,yes,,,other,NC,0.6157999999999999
semantic,16,dev_0070,yes,YES,yes,yes,Correct,0.6277
semantic,16,dev_0086,yes,YES,yes,yes,Correct,0.6237999999999999
semantic,16,dev_0121,yes,YES. St. Bernards and Bernese Mountain Dogs are both mountain breeds originating,yes,yes,Correct,0.6207999999999999
semantic,16,dev_0131,yes,"YES. The latent heat of vaporization is temperature-dependent, meaning it changes as",yes,yes,Correct,0.6266
semantic,16,dev_0147,yes,YES. The navel and belly button are interchangeable terms that refer to the same,yes,yes,Correct,0.6252000000000001
semantic,16,dev_0159,yes,,,other,NC,0.5522
semantic,16,dev_0190,yes,,,other,NC,0.6157999999999999
semantic,16,dev_0195,yes,"YES.  Alligators often drown their prey during the death roll, and then",yes,yes,Correct,0.6283
semantic,16,dev_0200,yes,,,other,NC,0.5952999999999999
semantic,16,dev_0214,yes,YES,yes,yes,Correct,0.6251
semantic,16,dev_0242,yes,,,other,NC,0.6161
semantic,16,dev_0522,yes,,,other,NC,0.5534
semantic,16,dev_0033,no,NO,no,no,Correct,0.6304
semantic,16,dev_0123,no,,,other,NC,0.6857000000000001
semantic,16,dev_0501,no,NO,no,no,Correct,0.6249
semantic,16,dev_0526,no,NO,no,no,Correct,0.626
semantic,16,dev_1076,no,,,other,NC,0.5722
semantic,16,dev_1213,no,NO. Discretionary income is the amount of money left over after accounting for,no,no,Correct,0.6284
semantic,16,dev_1654,no,NO. Discouraged workers are not counted in the unemployment rate. They are,no,no,Correct,0.6283
semantic,16,dev_1753,no,"NO
Universal Music Group is a subsidiary of Vivendi, and Universal Studios is",no,no,Correct,0.6241
semantic,16,dev_1825,no,,,other,NC,0.5521
semantic,16,dev_2911,no,NO,no,no,Correct,0.6186
semantic,16,dev_2740,no,,,other,NC,0.5725
semantic,16,dev_2517,no,,,other,NC,0.5758
semantic,16,dev_1139,yes,YES,yes,yes,Correct,0.6265
semantic,16,dev_0002,yes,,,other,NC,0.5712
semantic,16,dev_0773,yes,,,other,NC,0.5548
semantic,16,dev_1186,yes,YES,yes,yes,Correct,0.6327
semantic,16,dev_1302,yes,YES,yes,yes,Correct,0.6382000000000001
semantic,16,dev_1349,yes,YES,yes,yes,Correct,0.6254
semantic,16,dev_1771,yes,,,other,NC,0.557
semantic,16,dev_1804,yes,,,other,NC,1.9750999999999999
semantic,16,dev_1873,yes,YES,yes,yes,Correct,0.6245
semantic,16,dev_1963,yes,,,other,NC,0.62
semantic,16,dev_2582,yes,,,other,NC,0.555
semantic,16,dev_2598,yes,,,other,NC,0.5547000000000001
semantic,16,dev_3158,yes,,,other,NC,0.5526
semantic,16,dev_0551,no,,,other,NC,0.5536
semantic,16,dev_1158,no,NO. While both crossovers and SUVs are types of vehicles with a,no,no,Correct,0.6237999999999999
semantic,16,dev_1364,no,"NO. A jet engine is typically an internal combustion engine, where fuel is ignited",no,no,Correct,0.6309
semantic,16,dev_1807,no,NO,no,no,Correct,0.628
semantic,16,dev_2542,no,NO  Would you like,no,no,Correct,0.6246
semantic,16,dev_2562,no,,,other,NC,0.6172000000000001
semantic,16,dev_3005,no,NO,no,no,Correct,0.6255
semantic,16,dev_3194,no,NO  Would,no,no,Correct,0.6215
semantic,16,dev_3195,no,NO,no,no,Correct,0.6315
semantic,16,dev_0013,yes,,,other,NC,0.5539
semantic,16,dev_0043,yes,YES,yes,yes,Correct,0.6254
semantic,16,dev_0052,yes,,,other,NC,0.6167999999999999
semantic,16,dev_0091,yes,"NO, a dessert spoon is typically larger than a tablespoon. (Note: This",no,no,Incorrect,0.6277999999999999
semantic,16,dev_0116,yes,,,other,NC,0.5717000000000001
semantic,16,dev_0288,yes,Yes.,yes,yes,Correct,0.6263
semantic,16,dev_0555,yes,,,other,NC,0.5698
semantic,16,dev_0627,yes,"YES. While the title ""Sir"" is traditionally associated with the British honors system",yes,yes,Correct,0.6269
semantic,16,dev_0831,yes,YES. A U.S. passport card is a valid form of identification,yes,yes,Correct,0.626
semantic,16,dev_0721,no,NO.,no,no,Correct,0.6342000000000001
semantic,16,dev_0863,no,"NO.  The Closer and Major Crimes are related TV shows, but they",no,no,Correct,0.6277999999999999
semantic,16,dev_1357,no,NO,no,no,Correct,0.6173
semantic,16,dev_1951,no,"NO

The film ""The Bridge on the River Kwai"" is a",no,no,Correct,0.6342000000000001
semantic,16,dev_2131,no,"YES. Nacho Varga, a character from Better Call Saul, appears in",yes,yes,Incorrect,1.972
semantic,16,dev_2174,no,,,other,NC,0.629
semantic,16,dev_2252,no,NO.,no,no,Correct,0.6249
semantic,16,dev_2309,no,NO,no,no,Correct,0.6283
semantic,16,dev_2364,no,NO,no,no,Correct,0.6315
semantic,16,dev_3075,no,NO,no,no,Correct,0.6249
semantic,16,dev_3205,no,NO. The movie Lady Bird is a 2017 coming-of-age comedy-d,no,no,Correct,0.6316
semantic,16,dev_0015,yes,YES,yes,yes,Correct,0.6256
semantic,16,dev_0153,yes,YES,yes,yes,Correct,0.6292000000000001
semantic,16,dev_0161,yes,NO,no,no,Incorrect,0.6297
semantic,16,dev_0306,yes,,,other,NC,0.5545
semantic,16,dev_0334,yes,,,other,NC,0.5542999999999999
semantic,16,dev_0338,yes,,,other,NC,0.5605
semantic,16,dev_0493,yes,NO,no,no,Incorrect,0.6283
semantic,16,dev_0520,yes,,,other,NC,0.5528
semantic,16,dev_0212,no,,,other,NC,0.5622
semantic,16,dev_0309,no,,,other,NC,0.5581
semantic,16,dev_0484,no,,,other,NC,0.5712999999999999
semantic,16,dev_0654,no,NO,no,no,Correct,0.6271
semantic,16,dev_0973,no,,,other,NC,0.6152000000000001
semantic,16,dev_1335,no,NO,no,no,Correct,0.6276
semantic,16,dev_1443,no,NO,no,no,Correct,0.6334
semantic,16,dev_0284,yes,"YES, but the amount of iron leached is generally considered to be within safe",yes,yes,Correct,0.6227
semantic,16,dev_0330,yes,,,other,NC,0.6197
semantic,16,dev_0443,yes,"YES, powdered sugar and confectioners' sugar are essentially the same thing,",yes,yes,Correct,0.6269
semantic,16,dev_0975,yes,NO,no,no,Incorrect,0.6277
semantic,16,dev_1741,yes,YES,yes,yes,Correct,0.6207
semantic,16,dev_1770,yes,"YES Pure vanilla extract typically contains a small amount of alcohol, usually between",yes,yes,Correct,0.626
semantic,16,dev_1860,no,"NO  Pinot Noir and Pinot Gris are related grape varieties, but",no,no,Correct,0.6295
semantic,16,dev_1967,yes,,,other,NC,0.575
semantic,16,dev_0236,no,,,other,NC,0.5601
semantic,16,dev_0741,no,"I don't know.  There is no guaranteed way to win Solitaire,",i,idk,IDK,0.6271
semantic,16,dev_1440,no,"NO. The Xbox One is not compatible with Xbox 360 discs. However,",no,no,Correct,0.6225
semantic,16,dev_2062,no,"NO. A queen moves in any direction (horizontally, vertically, or diagon",no,no,Correct,0.6277
semantic,16,dev_2109,no,NO,no,no,Correct,0.631
semantic,16,dev_2137,no,,,other,NC,0.5747000000000001
semantic,16,dev_0478,yes,YES,yes,yes,Correct,0.6252000000000001
semantic,16,dev_0545,yes,,,other,NC,0.5869
semantic,16,dev_1125,yes,,,other,NC,0.5706
semantic,16,dev_1137,yes,YES,yes,yes,Correct,0.6279
semantic,16,dev_1162,yes,YES. The DS Lite is a handheld game console that is backwards compatible with games,yes,yes,Correct,0.6285
semantic,16,dev_1177,yes,,,other,NC,0.5589
semantic,16,dev_1444,yes,,,other,NC,0.6166
semantic,16,dev_0313,no,NO,no,no,Correct,0.6227999999999999
semantic,16,dev_0823,no,NO,no,no,Correct,0.6285
semantic,16,dev_0839,no,NO,no,no,Correct,0.6254
semantic,16,dev_1222,no,,,other,NC,0.6171
semantic,16,dev_1254,no,,,other,NC,0.5509
semantic,16,dev_1269,no,NO,no,no,Correct,0.6243
semantic,16,dev_1334,no,NO,no,no,Correct,0.6357999999999999
semantic,16,dev_0184,yes,"YES, you can boat from Lake Michigan to the Atlantic Ocean through the Saint Lawrence",yes,yes,Correct,0.6362000000000001
semantic,16,dev_0322,yes,YES,yes,yes,Correct,0.6201
semantic,16,dev_0557,yes,,,other,NC,0.5717000000000001
semantic,16,dev_0573,yes,"YES, you can get to the Black Sea from the Mediterranean by navigating through the",yes,yes,Correct,0.6273
semantic,16,dev_1179,yes,No. Phoenix is in the Mountain Time Zone (UTC-7) and Denver,no,no,Incorrect,0.6264
semantic,16,dev_0619,yes,,,other,NC,0.5852999999999999
semantic,16,dev_0650,yes,,,other,NC,0.5897
semantic,16,dev_0734,yes,YES,yes,yes,Correct,0.6267999999999999
semantic,16,dev_0061,no,NO,no,no,Correct,0.6225
semantic,16,dev_0124,no,NO,no,no,Correct,0.6251
semantic,16,dev_0914,no,,,other,NC,0.5577000000000001
semantic,16,dev_0955,no,NO,no,no,Correct,0.622
semantic,16,dev_1610,no,,,other,NC,0.5882999999999999
semantic,16,dev_1790,no,NO The lining of the uterus (endometrium) does not shed,no,no,Correct,0.6259
semantic,16,dev_2096,no,,,other,NC,0.6192000000000001
semantic,16,dev_2277,no,,,other,NC,0.5564
semantic,16,dev_2499,no,,,other,NC,0.5902000000000001
semantic,16,dev_1959,yes,,,other,NC,0.6183
semantic,16,dev_1992,yes,,,other,NC,0.6171
semantic,16,dev_2047,yes,"Yes. Organs in the digestive system, such as the liver, intestine,",yes,yes,Correct,0.6156
semantic,16,dev_1656,yes,"YES. Research suggests that emotional pain, such as a broken heart, can be",yes,yes,Correct,0.6387999999999999
semantic,16,dev_1663,yes,,,other,NC,0.5677000000000001
semantic,16,dev_1752,yes,,,other,NC,0.6214
semantic,16,dev_2049,yes,"YES. The common femoral vein is a deep vein, located in",yes,yes,Correct,0.6269
semantic,16,dev_2050,yes,,,other,NC,0.5591
semantic,16,dev_1442,yes,YES A lipid profile and a lipid panel are often used interchangeably and,yes,yes,Correct,0.6262000000000001
semantic,16,dev_0301,no,NO,no,no,Correct,0.6362000000000001
semantic,16,dev_0480,no,,,other,NC,0.6145
semantic,16,dev_1290,no,"NO. Nova Scotia was a British colony, but it was not one of the",no,no,Correct,0.6247999999999999
semantic,16,dev_1819,no,NO,no,no,Correct,0.6249
semantic,16,dev_2206,no,NO,no,no,Correct,0.6351
semantic,16,dev_0376,yes,NO. William the Conqueror's claim to the English throne was based on,no,no,Incorrect,0.6334
semantic,16,dev_0346,yes,YES,yes,yes,Correct,0.6252000000000001
semantic,16,dev_0363,yes,NO,no,no,Incorrect,0.6257
semantic,16,dev_0535,yes,,,other,NC,0.5552999999999999
semantic,16,dev_0629,yes,"YES. The 13th Amendment to the United States Constitution, which abolished slavery",yes,yes,Correct,0.6269
semantic,16,dev_0179,no,NO,no,no,Correct,0.622
semantic,16,dev_0402,no,NO,no,no,Correct,0.6237
semantic,16,dev_0513,no,,,other,NC,0.5535
semantic,16,dev_0606,no,NO,no,no,Correct,0.627
semantic,16,dev_0630,no,,,other,NC,0.5905
semantic,16,dev_0795,no,,,other,NC,0.6187
semantic,16,dev_1457,no,,,other,NC,1.9350999999999998
semantic,16,dev_1776,no,"No, an Employment Authorization Document (EAD) is not the same as a",no,no,Correct,0.6257999999999999
semantic,16,dev_1862,no,"NO. The FCC's equal-time rule applies to broadcast media, such as radio",no,no,Correct,0.6181
semantic,16,dev_1911,no,,,other,NC,0.6199
semantic,16,dev_2755,no,"NO. In most jurisdictions, passing the bar exam is a requirement to become a",no,no,Correct,0.6265
semantic,16,dev_2756,no,Yes.,yes,yes,Incorrect,0.6281
semantic,16,dev_2921,no,,,other,NC,0.5943999999999999
semantic,16,dev_2972,no,NO,no,no,Correct,0.6269
semantic,16,dev_0009,yes,,,other,NC,0.5741
semantic,16,dev_0038,yes,,,other,NC,0.5917
semantic,16,dev_0129,yes,NO,no,no,Incorrect,0.6287
semantic,16,dev_0202,yes,"NO, it is typically considered a misdemeanor or a petty offense, but it can",no,no,Incorrect,0.6233
semantic,16,dev_0308,yes,,,other,NC,0.5722
semantic,16,dev_0584,yes,YES,yes,yes,Correct,0.6284
semantic,16,dev_0644,yes,YES,yes,yes,Correct,0.6255
semantic,16,dev_0653,yes,YES,yes,yes,Correct,0.6312000000000001
semantic,16,dev_0671,yes,,,other,NC,0.5852999999999999
semantic,16,dev_0757,yes,"YES. In many jurisdictions, tampering with or removing a street sign is considered",yes,yes,Correct,0.6277999999999999
semantic,16,dev_1059,yes,YES. The Supreme Court has the power to review and potentially block an executive order,yes,yes,Correct,0.6299
semantic,16,dev_1067,yes,"YES
The Preamble is an integral part of the Indian Constitution and is",yes,yes,Correct,0.627
semantic,16,dev_1097,yes,,,other,NC,0.5979
semantic,16,dev_1131,yes,NO  •,no,no,Incorrect,0.6261
semantic,16,dev_1324,yes,,,other,NC,0.5921000000000001
semantic,16,dev_0305,no,NO,no,no,Correct,0.6299
semantic,16,dev_0465,no,NO,no,no,Correct,0.6262000000000001
semantic,16,dev_0508,no,"NO. The 22nd Amendment to the United States Constitution, ratified in",no,no,Correct,0.6317
semantic,16,dev_0518,no,,,other,NC,0.5905
semantic,16,dev_0572,no,,,other,NC,0.5652999999999999
semantic,16,dev_0898,no,"NO. In Canada, only citizens who have met the eligibility requirements can vote in",no,no,Correct,0.6295
semantic,16,dev_1154,no,"NO. The number of justices on the Supreme Court has varied over time, with",no,no,Correct,0.6242000000000001
semantic,16,dev_1221,no,NO,no,no,Correct,0.6264
semantic,16,dev_1244,no,,,other,NC,0.6176
semantic,16,dev_1245,no,NO,no,no,Correct,0.6286
semantic,16,dev_1273,no,NO,no,no,Correct,0.6271
semantic,16,dev_0647,yes,,,other,NC,0.5532999999999999
semantic,16,dev_0254,yes,YES,yes,yes,Correct,0.6267
semantic,16,dev_0486,yes,,,other,NC,0.5832
semantic,16,dev_0736,yes,,,other,NC,0.5557000000000001
semantic,16,dev_0814,yes,,,other,NC,0.5566
semantic,16,dev_1477,yes,,,other,NC,0.5897
semantic,16,dev_1721,yes,"YES. There are several U.S. military bases in the UK, including RAF",yes,yes,Correct,0.624
semantic,16,dev_1786,yes,,,other,NC,0.5711
semantic,16,dev_1970,yes,YES,yes,yes,Correct,0.6291
semantic,16,dev_1985,yes,YES,yes,yes,Correct,0.6353
semantic,16,dev_2448,no,NO,no,no,Correct,0.6263
semantic,16,dev_0066,yes,YES,yes,yes,Correct,0.63
semantic,16,dev_0088,yes,"NO, according to the law of conservation of mass, mass cannot be created or",no,no,Incorrect,0.6282000000000001
semantic,16,dev_0196,yes,,,other,NC,1.9775999999999998
semantic,16,dev_0262,yes,YES  (Source: Optics textbook),yes,yes,Correct,0.6289
semantic,16,dev_0271,yes,YES,yes,yes,Correct,0.6203
semantic,16,dev_0329,yes,,,other,NC,0.6157
semantic,16,dev_0331,yes,,,other,NC,0.5654
semantic,16,dev_0387,yes,,,other,NC,0.5535
semantic,16,dev_0418,yes,,,other,NC,0.56
semantic,16,dev_0616,yes,,,other,NC,0.5542999999999999
semantic,16,dev_0638,yes,YES,yes,yes,Correct,0.624
semantic,16,dev_0657,yes,,,other,NC,0.5537000000000001
semantic,16,dev_0692,yes,,,other,NC,0.551
semantic,16,dev_0744,yes,,,other,NC,0.6251
semantic,16,dev_0797,yes,,,other,NC,0.5642
semantic,16,dev_0842,yes,YES,yes,yes,Correct,0.6297
semantic,16,dev_1379,yes,,,other,NC,0.5526
semantic,16,dev_0126,no,,,other,NC,0.5525
semantic,16,dev_0342,no,,,other,NC,0.5632
semantic,16,dev_0437,no,,,other,NC,0.5732
semantic,16,dev_0553,no,NO,no,no,Correct,0.6326
semantic,16,dev_0652,no,"NO. The square root of 3 is an irrational number, which means it",no,no,Correct,0.6301
semantic,16,dev_0708,no,,,other,NC,1.9027
semantic,16,dev_1083,no,,,other,NC,0.5917
semantic,16,dev_1142,no,NO,no,no,Correct,0.6274
semantic,16,dev_1354,no,,,other,NC,0.6276
semantic,16,dev_1460,no,,,other,NC,0.5552999999999999
semantic,16,dev_1468,no,NO,no,no,Correct,0.6232000000000001
semantic,16,dev_1559,no,"NO. While log x and ln x are both logarithmic functions,",no,no,Correct,0.6247999999999999
semantic,16,dev_1595,no,,,other,NC,0.5888
semantic,16,dev_1643,no,NO. Static pressure is the pressure exerted by the surrounding fluid at a specific,no,no,Correct,0.6322000000000001
semantic,16,dev_1692,no,,,other,NC,0.5596
semantic,16,dev_1726,no,YES,yes,yes,Incorrect,0.6295
semantic,16,dev_0008,yes,YES,yes,yes,Correct,0.6235
semantic,16,dev_0323,yes,YES Song of Solomon and Song of Songs are two names for the same,yes,yes,Correct,0.623
semantic,16,dev_0794,yes,,,other,NC,0.5692999999999999
semantic,16,dev_0866,yes,YES,yes,yes,Correct,0.6277999999999999
semantic,16,dev_0910,yes,YES. The Dewey Decimal System is still widely used in many public and school,yes,yes,Correct,0.6317999999999999
semantic,16,dev_0992,yes,,,other,NC,0.5704
semantic,16,dev_1446,yes,,,other,NC,0.6156
semantic,16,dev_0294,no,NO,no,no,Correct,0.627
semantic,16,dev_0521,no,"YES. In Australian English, the phrase ""kangaroo"" is sometimes used",yes,yes,Incorrect,0.6289
semantic,16,dev_0943,no,NO,no,no,Correct,0.626
semantic,16,dev_1887,no,,,other,NC,0.5524
semantic,16,dev_2892,no,,,other,NC,0.6127999999999999
semantic,16,dev_2691,no,"NO. King's College London is a separate and independent university, although it is",no,no,Correct,0.6293
semantic,16,dev_0065,yes,YES,yes,yes,Correct,0.6283
semantic,16,dev_0245,yes,NO,no,no,Incorrect,0.6239
semantic,16,dev_0315,yes,,,other,NC,0.5878
semantic,16,dev_0361,yes,,,other,NC,0.5525
semantic,16,dev_0550,yes,,,other,NC,0.5551
semantic,16,dev_0595,yes,"YES. The Ivy League has a basketball tournament, known as the Ivy League Men",yes,yes,Correct,0.6297
semantic,16,dev_0966,yes,"YES.  In the FIFA World Cup, the round of 16 is a",yes,yes,Correct,0.6337999999999999
semantic,16,dev_1078,yes,"YES. Many NHL teams have not won the Stanley Cup in their franchise history,",yes,yes,Correct,0.6247999999999999
semantic,16,dev_1224,yes,YES,yes,yes,Correct,0.623
semantic,16,dev_1251,yes,"YES. Croatia has placed in the World Cup, including finishing as runners-up in",yes,yes,Correct,1.9778
semantic,16,dev_1260,yes,"NO. While the Nike Air Force 1 is a popular shoe, it is",no,no,Incorrect,0.6281
semantic,16,dev_1278,yes,YES. Cal Ripken Jr. was inducted into the National Baseball Hall of,yes,yes,Correct,0.6253
semantic,16,dev_1462,yes,YES,yes,yes,Correct,0.6232000000000001
semantic,16,dev_1494,yes,,,other,NC,0.5855
semantic,16,dev_1543,yes,,,other,NC,0.5983999999999999
semantic,16,dev_2012,yes,YES,yes,yes,Correct,0.6384
semantic,16,dev_2118,yes,YES. A wrist twist or wristbar can cause a break in the radius or,yes,yes,Correct,0.6233
semantic,16,dev_2272,yes,,,other,NC,0.5514
semantic,16,dev_2338,yes,,,other,NC,0.6197
semantic,16,dev_2498,yes,YES. There have been instances in baseball history where two grand slams have been,yes,yes,Correct,0.634
semantic,16,dev_2509,yes,,,other,NC,0.6219
semantic,16,dev_2917,yes,YES,yes,yes,Correct,0.6262000000000001
semantic,16,dev_2966,yes,"NO. According to the NBA's eligibility rules, players must be at least",no,no,Incorrect,0.6223
semantic,16,dev_2974,yes,Yes. Some people have been known to run for 24 hours or more in,yes,yes,Correct,0.6177
semantic,16,dev_3007,yes,,,other,NC,0.6011
semantic,16,dev_3199,yes,,,other,NC,0.5726
semantic,16,dev_0222,no,YES,yes,yes,Incorrect,0.6264
semantic,16,dev_0398,no,YES. It is possible to score from a throw-in in soccer. In fact,yes,yes,Incorrect,0.6264
semantic,16,dev_0426,no,NO. A goalkeeper is not allowed to handle the ball with their hands during a,no,no,Correct,0.6246
semantic,16,dev_0464,no,NO,no,no,Correct,0.629
semantic,16,dev_0563,no,NO,no,no,Correct,0.6304
semantic,16,dev_0658,no,"NO. A walk in baseball is a live ball situation, where the batter is",no,no,Correct,0.6284
semantic,16,dev_1366,no,,,other,NC,0.57
semantic,16,dev_1471,no,,,other,NC,0.5873999999999999
semantic,16,dev_1558,no,NO,no,no,Correct,1.9705
semantic,16,dev_1580,no,NO,no,no,Correct,0.6295
semantic,16,dev_2401,no,"NO. A batsman cannot be run out on a no-ball, as a",no,no,Correct,0.6287
semantic,16,dev_2436,no,,,other,NC,0.5552
semantic,16,dev_3224,no,,,other,NC,0.5712
semantic,16,dev_0022,yes,,,other,NC,0.56
semantic,16,dev_0132,yes,,,other,NC,0.6172000000000001
semantic,16,dev_0268,yes,,,other,NC,0.5557000000000001
semantic,16,dev_0646,yes,"YES 

Multithreading can still provide benefits even on a single processor, such",yes,yes,Correct,0.6269
semantic,16,dev_0697,yes,Yes,yes,yes,Correct,0.6173
semantic,16,dev_0935,yes,,,other,NC,0.5704
semantic,16,dev_1159,yes,,,other,NC,0.6186
semantic,16,dev_1376,yes,,,other,NC,0.5564
semantic,16,dev_1646,yes,,,other,NC,0.5708
semantic,16,dev_1869,yes,,,other,NC,0.5546
semantic,16,dev_2397,yes,YES,yes,yes,Correct,0.6221
semantic,16,dev_0512,no,,,other,NC,0.6179
semantic,16,dev_1524,no,NO,no,no,Correct,0.6203
semantic,16,dev_1675,no,NO,no,no,Correct,0.622
semantic,16,dev_1723,no,NO,no,no,Correct,0.6209
semantic,16,dev_2027,no,NO. HD DVD and Blu-ray are two different high-definition video formats that were,no,no,Correct,0.6239
semantic,16,dev_2104,no,YES,yes,yes,Incorrect,0.6287
semantic,16,dev_2262,no,No,no,no,Correct,0.6202000000000001
semantic,16,dev_2431,no,NO,no,no,Correct,0.6264
semantic,16,dev_2524,no,NO,no,no,Correct,0.6286
semantic,16,dev_3057,no,NO,no,no,Correct,0.6264
semantic,16,dev_3167,no,NO,no,no,Correct,0.6265
