scaffold,L,boolq_id,gold,reply,first_token,pred_label,acc_type,timing_s
underspecified,16,dev_0023,yes,NO,no,no,Incorrect,1.0014
underspecified,16,dev_0039,no,"YES, carbon can form a polar covalent bond with hydrogen. In a carbon",yes,yes,Incorrect,1.0312000000000001
underspecified,16,dev_0055,no,YES,yes,yes,Incorrect,0.9969
underspecified,16,dev_0059,no,I don't know.,i,idk,IDK,1.028
underspecified,16,dev_0068,no,NO,no,no,Correct,0.9984
underspecified,16,dev_0087,yes,NO,no,no,Incorrect,1.0297
underspecified,16,dev_0107,no,I don't know.,i,idk,IDK,0.6339
underspecified,16,dev_0120,yes,NO,no,no,Incorrect,2.2777
underspecified,16,dev_0138,no,YES,yes,yes,Incorrect,1.0268
underspecified,16,dev_0151,no,NO,no,no,Correct,1.0003
underspecified,16,dev_0163,yes,"NO, the square root of 2 cannot be written as a fraction; it",no,no,Incorrect,1.0645
underspecified,16,dev_0165,no,"YES, dragon fruit and pitaya are the same thing. They are two names",yes,yes,Incorrect,0.9881
underspecified,16,dev_0207,no,NO,no,no,Correct,0.9598
underspecified,16,dev_0210,no,YES,yes,yes,Incorrect,0.9964
underspecified,16,dev_0221,no,YES,yes,yes,Incorrect,1.0335
underspecified,16,dev_0229,yes,YES,yes,yes,Correct,0.955
underspecified,16,dev_0237,no,I don't know.,i,idk,IDK,2.3451
underspecified,16,dev_0243,no,YES,yes,yes,Incorrect,0.9524
underspecified,16,dev_0248,yes,NO,no,no,Incorrect,0.9542
underspecified,16,dev_0249,yes,"NO, queen ants do not give birth to queen ants. Queen ants are produced",no,no,Incorrect,0.9933
underspecified,16,dev_0251,yes,YES,yes,yes,Correct,0.525
underspecified,16,dev_0257,yes,NO,no,no,Incorrect,1.0044
underspecified,16,dev_0270,no,"YES, there are three U.S. states where the drinking age is 18",yes,yes,Incorrect,1.0051
underspecified,16,dev_0287,yes,NO,no,no,Incorrect,1.0059
underspecified,16,dev_0295,no,"YES, there is a difference between doves and pigeons. Doves are",yes,yes,Incorrect,1.0004
underspecified,16,dev_0298,yes,NO,no,no,Incorrect,0.9521000000000001
underspecified,16,dev_0312,no,"NO, adjectives do not have to come before a noun. They can also come",no,no,Correct,1.0232999999999999
underspecified,16,dev_0316,yes,NO,no,no,Incorrect,1.0069
underspecified,16,dev_0318,yes,YES,yes,yes,Correct,1.002
underspecified,16,dev_0321,yes,"NO, a filibuster cannot stop a Supreme Court nominee because Supreme Court nominations",no,no,Incorrect,1.0717
underspecified,16,dev_0333,yes,NO,no,no,Incorrect,1.038
underspecified,16,dev_0336,no,YES,yes,yes,Incorrect,1.001
underspecified,16,dev_0343,yes,NO,no,no,Incorrect,1.0229
underspecified,16,dev_0352,no,NO,no,no,Correct,1.0259
underspecified,16,dev_0355,no,NO,no,no,Correct,1.003
underspecified,16,dev_0364,no,YES,yes,yes,Incorrect,1.0252999999999999
underspecified,16,dev_0366,no,"YES, the pelvic brim (or pelvic inlet) separates the abdominal cavity and pelvic",yes,yes,Incorrect,0.9942000000000001
underspecified,16,dev_0406,no,YES,yes,yes,Incorrect,0.992
underspecified,16,dev_0428,no,NO,no,no,Correct,2.3594
underspecified,16,dev_0429,yes,NO,no,no,Incorrect,1.0005
underspecified,16,dev_0430,yes,NO,no,no,Incorrect,1.0249000000000001
underspecified,16,dev_0436,no,YES,yes,yes,Incorrect,1.0728
underspecified,16,dev_0441,no,NO,no,no,Correct,1.0022
underspecified,16,dev_0442,yes,YES,yes,yes,Correct,0.5639
underspecified,16,dev_0479,no,YES,yes,yes,Incorrect,1.0305
underspecified,16,dev_0481,no,NO,no,no,Correct,0.9995
underspecified,16,dev_0482,no,NO,no,no,Correct,1.0354
underspecified,16,dev_0487,no,YES,yes,yes,Incorrect,0.9567
underspecified,16,dev_0504,yes,NO,no,no,Incorrect,0.9981
underspecified,16,dev_0509,no,"Yes, the AR-15 is used in the military.",yes,yes,Incorrect,0.9977
underspecified,16,dev_0532,no,YES,yes,yes,Incorrect,1.0055
underspecified,16,dev_0534,no,YES,yes,yes,Incorrect,1.0272000000000001
underspecified,16,dev_0536,yes,NO,no,no,Incorrect,1.0395
underspecified,16,dev_0537,no,NO,no,no,Correct,1.0367
underspecified,16,dev_0546,yes,NO,no,no,Incorrect,0.9577
underspecified,16,dev_0560,no,NO,no,no,Correct,1.0005
underspecified,16,dev_0568,no,NO,no,no,Correct,0.5642
underspecified,16,dev_0569,no,"NO, the NBA salary cap is not a hard cap; it is a soft",no,no,Correct,0.9595
underspecified,16,dev_0588,yes,NO,no,no,Incorrect,0.9592999999999999
underspecified,16,dev_0594,no,NO,no,no,Correct,1.0631
underspecified,16,dev_0596,no,NO,no,no,Correct,1.0321
underspecified,16,dev_0598,yes,NO,no,no,Incorrect,0.624
underspecified,16,dev_0612,yes,"NO, popcorn is made from popped corn kernels, not corn on the cob.",no,no,Incorrect,1.0032
underspecified,16,dev_0617,yes,YES,yes,yes,Correct,0.9967
underspecified,16,dev_0662,yes,NO,no,no,Incorrect,0.9555
underspecified,16,dev_0678,no,"NO, it is not safe to wash your kid's mouth out with soap.",no,no,Correct,0.9569
underspecified,16,dev_0696,no,"YES, New Hampshire has a seat belt law.",yes,yes,Incorrect,0.8899
underspecified,16,dev_0711,yes,NO,no,no,Incorrect,0.9923
underspecified,16,dev_0718,yes,"NO, Chicago is the third largest city in Illinois, not the United States.",no,no,Incorrect,1.0342
underspecified,16,dev_0724,no,NO,no,no,Correct,0.9995
underspecified,16,dev_0731,no,I don't know.,i,idk,IDK,0.6262000000000001
underspecified,16,dev_0737,no,NO,no,no,Correct,0.9993
underspecified,16,dev_0754,yes,"NO, World at War is not part of Black Ops. It is a separate",no,no,Incorrect,1.0344
underspecified,16,dev_0759,no,NO,no,no,Correct,0.9508
underspecified,16,dev_0764,yes,NO,no,no,Incorrect,0.956
underspecified,16,dev_0782,yes,NO,no,no,Incorrect,0.9977
underspecified,16,dev_0817,no,I don't know.,i,idk,IDK,0.6568999999999999
underspecified,16,dev_0829,no,YES,yes,yes,Incorrect,0.9967999999999999
underspecified,16,dev_0832,no,YES,yes,yes,Incorrect,2.3541
underspecified,16,dev_0837,yes,NO,no,no,Incorrect,0.9512999999999999
underspecified,16,dev_0853,no,NO,no,no,Correct,0.9994
underspecified,16,dev_0854,no,NO,no,no,Correct,0.9587
underspecified,16,dev_0862,no,NO,no,no,Correct,0.9993
underspecified,16,dev_0871,yes,NO,no,no,Incorrect,0.5241
underspecified,16,dev_0916,yes,NO,no,no,Incorrect,0.9983
underspecified,16,dev_0922,yes,NO,no,no,Incorrect,0.9985
underspecified,16,dev_0933,no,YES,yes,yes,Incorrect,0.9964
underspecified,16,dev_0934,yes,NO,no,no,Incorrect,1.0278
underspecified,16,dev_0940,yes,NO,no,no,Incorrect,0.9974
underspecified,16,dev_0944,no,YES,yes,yes,Incorrect,1.03
underspecified,16,dev_0952,yes,NO,no,no,Incorrect,0.995
underspecified,16,dev_0958,yes,"NO, the eyes are not part of the nervous system. They are part of",no,no,Incorrect,0.9935
underspecified,16,dev_0981,no,"NO, pyruvic acid and pyruvate are not the same thing.",no,no,Correct,1.0292999999999999
underspecified,16,dev_0991,yes,YES,yes,yes,Correct,1.0258
underspecified,16,dev_0994,yes,NO,no,no,Incorrect,1.0237
underspecified,16,dev_0996,no,NO,no,no,Correct,1.0317
underspecified,16,dev_1006,no,I don't know.,i,idk,IDK,0.9923
underspecified,16,dev_1011,no,YES,yes,yes,Incorrect,0.9937999999999999
underspecified,16,dev_1022,yes,NO,no,no,Incorrect,0.999
underspecified,16,dev_1049,no,"NO, a red panda is not related to a panda. They are different species",no,no,Correct,1.0375999999999999
underspecified,16,dev_1062,yes,NO,no,no,Incorrect,0.9909
underspecified,16,dev_1075,yes,NO,no,no,Incorrect,0.9598
underspecified,16,dev_1102,no,"YES, sweating and perspiring are essentially the same thing. Both terms refer to",yes,yes,Incorrect,0.9971
underspecified,16,dev_1110,yes,NO,no,no,Incorrect,0.9971
underspecified,16,dev_1112,no,NO,no,no,Correct,1.0005
underspecified,16,dev_1113,yes,"NO, a ball python and a royal python are different species of pythons",no,no,Incorrect,1.0388
underspecified,16,dev_1121,no,YES,yes,yes,Incorrect,1.037
underspecified,16,dev_1133,no,YES,yes,yes,Incorrect,1.0389000000000002
underspecified,16,dev_1138,yes,NO,no,no,Incorrect,1.0068
underspecified,16,dev_1146,yes,YES,yes,yes,Correct,1.03
underspecified,16,dev_1155,yes,NO,no,no,Incorrect,0.9492999999999999
underspecified,16,dev_1175,no,"YES, Michigan was a state during the Civil War.",yes,yes,Incorrect,0.9305
underspecified,16,dev_1178,no,YES,yes,yes,Incorrect,1.0022
underspecified,16,dev_1183,yes,NO,no,no,Incorrect,0.9479
underspecified,16,dev_1196,no,YES,yes,yes,Incorrect,0.958
underspecified,16,dev_1204,yes,NO,no,no,Incorrect,1.0066
underspecified,16,dev_1205,no,"NO, you cannot take out the king in chess. The objective of the game",no,no,Correct,1.0382
underspecified,16,dev_1209,yes,NO,no,no,Incorrect,1.0277
underspecified,16,dev_1227,no,YES,yes,yes,Incorrect,1.0345
underspecified,16,dev_1229,no,NO,no,no,Correct,0.994
underspecified,16,dev_1230,yes,NO,no,no,Incorrect,0.9917
underspecified,16,dev_1235,no,YES,yes,yes,Incorrect,0.9598
underspecified,16,dev_1239,yes,NO,no,no,Incorrect,1.0287
underspecified,16,dev_1241,no,YES,yes,yes,Incorrect,1.005
underspecified,16,dev_1250,yes,YES,yes,yes,Correct,0.9562
underspecified,16,dev_1256,yes,YES,yes,yes,Correct,1.0046
underspecified,16,dev_1261,no,YES,yes,yes,Incorrect,1.0255
underspecified,16,dev_1267,no,YES,yes,yes,Incorrect,1.0345
underspecified,16,dev_1271,no,YES,yes,yes,Incorrect,1.0269000000000001
underspecified,16,dev_1283,yes,NO,no,no,Incorrect,0.9515
underspecified,16,dev_1285,no,"YES, Shirley Muldowney won the Indianapolis 500 in 1977",yes,yes,Incorrect,1.0279
underspecified,16,dev_1286,no,"YES, lightning bugs and fireflies are the same thing. The terms are just",yes,yes,Incorrect,1.0259
underspecified,16,dev_1294,yes,NO,no,no,Incorrect,0.9994
underspecified,16,dev_1296,yes,NO,no,no,Incorrect,0.9508
underspecified,16,dev_1303,no,NO,no,no,Correct,1.0657
underspecified,16,dev_1307,yes,NO,no,no,Incorrect,0.623
underspecified,16,dev_1311,yes,NO,no,no,Incorrect,0.9962000000000001
underspecified,16,dev_1316,yes,"NO, the arch in St. Louis is not a national park. It is",no,no,Incorrect,1.0289000000000001
underspecified,16,dev_1317,no,NO,no,no,Correct,1.005
underspecified,16,dev_1333,yes,NO,no,no,Incorrect,1.0352000000000001
underspecified,16,dev_1336,yes,YES,yes,yes,Correct,1.0379
underspecified,16,dev_1345,no,YES,yes,yes,Incorrect,0.9519
underspecified,16,dev_1359,no,NO,no,no,Correct,1.0292999999999999
underspecified,16,dev_1370,yes,NO,no,no,Incorrect,0.9985
underspecified,16,dev_1371,no,YES,yes,yes,Incorrect,0.9936
underspecified,16,dev_1372,yes,NO,no,no,Incorrect,1.0272000000000001
underspecified,16,dev_1382,no,"NO, a catcher cannot block home plate without the ball. In baseball, the",no,no,Correct,1.0383
underspecified,16,dev_1406,no,YES,yes,yes,Incorrect,1.0058
underspecified,16,dev_1408,yes,"NO, you cannot run on a caught foul ball in baseball. When a foul",no,no,Incorrect,1.0372999999999999
underspecified,16,dev_1413,yes,NO,no,no,Incorrect,1.0671
underspecified,16,dev_1419,yes,NO,no,no,Incorrect,1.0039
underspecified,16,dev_1420,yes,NO,no,no,Incorrect,1.004
underspecified,16,dev_1423,no,YES,yes,yes,Incorrect,1.0243
underspecified,16,dev_1424,no,NO,no,no,Correct,2.3355
underspecified,16,dev_1436,no,NO,no,no,Correct,0.9963
underspecified,16,dev_1438,yes,NO,no,no,Incorrect,0.9604
underspecified,16,dev_1452,no,YES,yes,yes,Incorrect,1.0322
underspecified,16,dev_1455,yes,NO,no,no,Incorrect,1.0058
underspecified,16,dev_1464,no,"NO, sweet potatoes are not part of the potato family. They belong to the",no,no,Correct,1.0019
underspecified,16,dev_1467,yes,NO,no,no,Incorrect,0.9962000000000001
underspecified,16,dev_1473,yes,NO,no,no,Incorrect,1.0288
underspecified,16,dev_1489,yes,NO,no,no,Incorrect,1.0628
underspecified,16,dev_1498,yes,YES,yes,yes,Correct,2.3879
underspecified,16,dev_1508,no,"NO, there have been no fatalities during the Tour de France.",no,no,Correct,0.936
underspecified,16,dev_1515,no,YES,yes,yes,Incorrect,1.0662
underspecified,16,dev_1517,yes,NO,no,no,Incorrect,0.5341
underspecified,16,dev_1528,yes,NO,no,no,Incorrect,1.007
underspecified,16,dev_1533,no,YES,yes,yes,Incorrect,1.026
underspecified,16,dev_1534,no,"NO, a baseball player cannot legally catch a ball in the stands as it is",no,no,Correct,1.0382
underspecified,16,dev_1546,yes,NO,no,no,Incorrect,1.0048
underspecified,16,dev_1552,yes,"NO, the poly(A) tail is added after the stop codon during the",no,no,Incorrect,1.0036
underspecified,16,dev_1557,no,YES,yes,yes,Incorrect,1.0028
underspecified,16,dev_1563,no,YES,yes,yes,Incorrect,1.0304
underspecified,16,dev_1627,no,NO,no,no,Correct,0.9942000000000001
underspecified,16,dev_1632,yes,NO,no,no,Incorrect,1.024
underspecified,16,dev_1650,yes,YES,yes,yes,Correct,1.0019
underspecified,16,dev_1655,no,"Yes, there is a difference between soy and soya sauce. Soy refers to",yes,yes,Incorrect,2.341
underspecified,16,dev_1658,yes,"NO, the Nazca Lines are best viewed from the air or from a high",no,no,Incorrect,1.0269000000000001
underspecified,16,dev_1659,yes,YES,yes,yes,Correct,1.0
underspecified,16,dev_1673,yes,NO,no,no,Incorrect,0.9238
underspecified,16,dev_1680,no,YES,yes,yes,Incorrect,2.3339000000000003
underspecified,16,dev_1687,no,YES,yes,yes,Incorrect,0.9982000000000001
underspecified,16,dev_1698,no,NO,no,no,Correct,1.0039
underspecified,16,dev_1707,yes,YES,yes,yes,Correct,0.9931
underspecified,16,dev_1727,yes,NO,no,no,Incorrect,0.9508
underspecified,16,dev_1736,no,NO,no,no,Correct,1.0
underspecified,16,dev_1737,yes,NO,no,no,Incorrect,1.0292999999999999
underspecified,16,dev_1740,yes,"NO, the medullary cavity contains marrow, not spongy bone.",no,no,Incorrect,1.0051
underspecified,16,dev_1743,no,I don't know.,i,idk,IDK,0.9579
underspecified,16,dev_1749,yes,NO,no,no,Incorrect,2.3338
underspecified,16,dev_1750,no,"NO, fighting words are not protected under freedom of speech.",no,no,Correct,0.904
underspecified,16,dev_1757,yes,"NO, the profit and loss statement and income statement are not the same thing.",no,no,Incorrect,1.0259
underspecified,16,dev_1763,yes,YES,yes,yes,Correct,1.0251
underspecified,16,dev_1775,no,NO,no,no,Correct,1.0367
underspecified,16,dev_1789,no,"NO, the spleen is part of the lymphatic system, not the circul",no,no,Correct,0.9946
underspecified,16,dev_1806,no,NO,no,no,Correct,0.6275
underspecified,16,dev_1814,no,YES,yes,yes,Incorrect,1.0062
underspecified,16,dev_1823,yes,NO,no,no,Incorrect,0.9227000000000001
underspecified,16,dev_1832,no,YES,yes,yes,Incorrect,1.0017
underspecified,16,dev_1849,yes,NO,no,no,Incorrect,0.996
underspecified,16,dev_1851,no,YES,yes,yes,Incorrect,0.9608
underspecified,16,dev_1857,no,YES,yes,yes,Incorrect,0.9962000000000001
underspecified,16,dev_1895,yes,NO,no,no,Incorrect,0.528
underspecified,16,dev_1906,no,NO,no,no,Correct,1.0322
underspecified,16,dev_1916,yes,NO,no,no,Incorrect,1.0374
underspecified,16,dev_1919,yes,YES,yes,yes,Correct,0.9953
underspecified,16,dev_1924,yes,"NO, a car's serial number is not the same as its VIN. The",no,no,Incorrect,0.9505
underspecified,16,dev_1938,no,YES,yes,yes,Incorrect,0.5293
underspecified,16,dev_1948,yes,NO,no,no,Incorrect,1.0282
underspecified,16,dev_1950,no,"NO, the Gulf of Mexico is considered a sea, not an ocean.",no,no,Correct,1.0016
underspecified,16,dev_1960,no,NO,no,no,Correct,0.9521000000000001
underspecified,16,dev_1977,no,NO,no,no,Correct,1.0241
underspecified,16,dev_1995,yes,NO,no,no,Incorrect,1.003
underspecified,16,dev_1997,yes,NO,no,no,Incorrect,0.9962000000000001
underspecified,16,dev_2009,no,YES,yes,yes,Incorrect,1.006
underspecified,16,dev_2032,yes,YES,yes,yes,Correct,1.0034
underspecified,16,dev_2045,yes,NO,no,no,Incorrect,1.0312999999999999
underspecified,16,dev_2053,no,"NO, you don't have to be serving to score in tennis. Points can be",no,no,Correct,1.0324
underspecified,16,dev_2061,no,I don't know,i,idk,IDK,1.1032
underspecified,16,dev_2065,yes,NO,no,no,Incorrect,1.0268
underspecified,16,dev_2068,yes,NO,no,no,Incorrect,1.0024
underspecified,16,dev_2078,no,"NO, black cumin seed (Nigella sativa) and black seed (Nig",no,no,Correct,0.9604
underspecified,16,dev_2079,yes,YES,yes,yes,Correct,1.0016
underspecified,16,dev_2088,no,"NO, there is no official language at the federal level in the United States,",no,no,Correct,1.066
underspecified,16,dev_2091,no,YES,yes,yes,Incorrect,1.066
underspecified,16,dev_2094,no,YES,yes,yes,Incorrect,0.9925
underspecified,16,dev_2095,yes,NO,no,no,Incorrect,0.9936
underspecified,16,dev_2139,no,NO,no,no,Correct,1.0272000000000001
underspecified,16,dev_2166,yes,"NO, staring at a bright light can cause temporary discomfort, pain, or damage",no,no,Incorrect,0.9599
underspecified,16,dev_2184,no,YES,yes,yes,Incorrect,1.0017
underspecified,16,dev_2187,yes,NO,no,no,Incorrect,1.03
underspecified,16,dev_2192,no,YES,yes,yes,Incorrect,0.9997999999999999
underspecified,16,dev_2196,no,YES,yes,yes,Incorrect,1.0343
underspecified,16,dev_2199,yes,YES,yes,yes,Correct,0.9979
underspecified,16,dev_2204,yes,NO,no,no,Incorrect,1.029
underspecified,16,dev_2220,no,"YES, the ball is considered dead on an infield fly if it is caught",yes,yes,Incorrect,1.0408
underspecified,16,dev_2224,no,"NO, there is no such thing as a blue ruby. Rubies are red",no,no,Correct,1.0054
underspecified,16,dev_2232,no,YES,yes,yes,Incorrect,1.0048
underspecified,16,dev_2234,no,NO,no,no,Correct,1.0275999999999998
underspecified,16,dev_2237,no,"NO, the Riviera Maya is not on the Gulf of Mexico. It is located",no,no,Correct,0.9967
underspecified,16,dev_2247,yes,NO,no,no,Incorrect,2.3505
underspecified,16,dev_2248,yes,NO,no,no,Incorrect,0.9554
underspecified,16,dev_2266,no,YES,yes,yes,Incorrect,0.9914
underspecified,16,dev_2275,yes,"NO, it is not legal to count cards in Las Vegas or any other casino",no,no,Incorrect,0.9548
underspecified,16,dev_2295,yes,NO,no,no,Incorrect,0.9952000000000001
underspecified,16,dev_2304,yes,"NO, the House of Representatives is one part of Congress, which also includes the",no,no,Incorrect,1.0009
underspecified,16,dev_2306,yes,NO,no,no,Incorrect,1.0265
underspecified,16,dev_2310,no,NO,no,no,Correct,1.0056
underspecified,16,dev_2315,yes,"NO, centripetal and centrifugal forces are not an action-reaction pair.",no,no,Incorrect,1.0338
underspecified,16,dev_2323,no,NO,no,no,Correct,1.0282
underspecified,16,dev_2328,no,I don't know.,i,idk,IDK,0.6379
underspecified,16,dev_2350,no,YES,yes,yes,Incorrect,0.9917999999999999
underspecified,16,dev_2382,yes,NO,no,no,Incorrect,1.0323
underspecified,16,dev_2387,yes,NO,no,no,Incorrect,1.0005
underspecified,16,dev_2388,no,YES,yes,yes,Incorrect,1.0237
underspecified,16,dev_2396,yes,NO,no,no,Incorrect,1.0031
underspecified,16,dev_2408,yes,NO,no,no,Incorrect,0.954
underspecified,16,dev_2413,no,YES,yes,yes,Incorrect,1.0324
underspecified,16,dev_2428,yes,"NO, a PICC line (peripherally inserted central catheter) is not",no,no,Incorrect,0.9895
underspecified,16,dev_2433,no,I don't know.,i,idk,IDK,1.0279
underspecified,16,dev_2434,no,YES,yes,yes,Incorrect,0.9994
underspecified,16,dev_2447,no,NO,no,no,Correct,1.0674000000000001
underspecified,16,dev_2473,yes,NO,no,no,Incorrect,2.3868
underspecified,16,dev_2479,no,NO,no,no,Correct,1.0309000000000001
underspecified,16,dev_2504,no,YES,yes,yes,Incorrect,0.9982000000000001
underspecified,16,dev_2532,yes,NO,no,no,Incorrect,1.005
underspecified,16,dev_2537,no,NO,no,no,Correct,0.9991
underspecified,16,dev_2538,no,I don't know.,i,idk,IDK,0.6353
underspecified,16,dev_2547,yes,NO,no,no,Incorrect,1.0257
underspecified,16,dev_2548,no,NO,no,no,Correct,0.9936
underspecified,16,dev_2555,no,"NO, lymphoma is a type of cancer that originates in the lymphatic system,",no,no,Correct,1.0653
underspecified,16,dev_2566,no,YES,yes,yes,Incorrect,1.0375999999999999
underspecified,16,dev_2572,no,NO,no,no,Correct,0.96
underspecified,16,dev_2577,no,YES,yes,yes,Incorrect,1.0413
underspecified,16,dev_2605,yes,NO,no,no,Incorrect,1.0393
underspecified,16,dev_2614,yes,NO,no,no,Incorrect,1.0022
underspecified,16,dev_2622,no,NO,no,no,Correct,1.027
underspecified,16,dev_2634,yes,"NO, in 8-ball, there is no concept of ""ball in hand",no,no,Incorrect,1.0266
underspecified,16,dev_2643,no,NO,no,no,Correct,1.0275
underspecified,16,dev_2655,yes,NO,no,no,Incorrect,0.999
underspecified,16,dev_2656,yes,NO,no,no,Incorrect,0.9941
underspecified,16,dev_2690,yes,NO,no,no,Incorrect,1.0054
underspecified,16,dev_2719,no,NO,no,no,Correct,1.0004
underspecified,16,dev_2727,no,NO,no,no,Correct,0.9971
underspecified,16,dev_2750,yes,"NO, cows do not need to get pregnant to give milk. They can produce",no,no,Incorrect,0.951
underspecified,16,dev_2757,yes,NO,no,no,Incorrect,1.0295999999999998
underspecified,16,dev_2770,yes,NO,no,no,Incorrect,1.0041
underspecified,16,dev_2791,yes,"NO, the gut refers to the entire gastrointestinal tract, which includes the stomach,",no,no,Incorrect,0.9946
underspecified,16,dev_2813,yes,NO,no,no,Incorrect,0.5682
underspecified,16,dev_2821,yes,"NO, nicotine is not classified as a ganglion blocker. It is a stimulant",no,no,Incorrect,1.0380999999999998
underspecified,16,dev_2832,yes,"NO, shea butter is made from the nuts of the shea tree,",no,no,Incorrect,0.9975
underspecified,16,dev_2838,no,NO,no,no,Correct,0.5674
underspecified,16,dev_2853,no,NO,no,no,Correct,0.9518
underspecified,16,dev_2870,no,YES,yes,yes,Incorrect,1.0032
underspecified,16,dev_2875,yes,NO,no,no,Incorrect,0.9936
underspecified,16,dev_2880,no,YES,yes,yes,Incorrect,0.5645
underspecified,16,dev_2890,no,NO,no,no,Correct,1.0281
underspecified,16,dev_2901,yes,NO,no,no,Incorrect,0.9914
underspecified,16,dev_2906,yes,NO,no,no,Incorrect,1.0299
underspecified,16,dev_2919,no,"NO, the",no,no,Correct,0.9934
underspecified,16,dev_2931,yes,NO,no,no,Incorrect,1.0307
underspecified,16,dev_2933,no,YES,yes,yes,Incorrect,0.9492999999999999
underspecified,16,dev_2956,yes,NO,no,no,Incorrect,0.9927
underspecified,16,dev_2959,no,"NO, there is no bridge between Morocco and Spain. They are separated by the",no,no,Correct,1.0335
underspecified,16,dev_2967,yes,"NO, the sun always shines from the south in the Northern Hemisphere and from the",no,no,Incorrect,1.032
underspecified,16,dev_2973,no,NO,no,no,Correct,1.0017
underspecified,16,dev_2991,yes,NO,no,no,Incorrect,1.0295
underspecified,16,dev_3000,yes,NO,no,no,Incorrect,0.9472
underspecified,16,dev_3015,yes,NO,no,no,Incorrect,1.0243
underspecified,16,dev_3027,no,NO,no,no,Correct,0.5282
underspecified,16,dev_3029,no,YES,yes,yes,Incorrect,1.0291
underspecified,16,dev_3035,no,YES,yes,yes,Incorrect,1.0048
underspecified,16,dev_3040,no,NO,no,no,Correct,0.9943
underspecified,16,dev_3073,no,NO,no,no,Correct,0.9478
underspecified,16,dev_3079,yes,"NO, salary is not included in the cost of goods sold (COGS).",no,no,Incorrect,0.952
underspecified,16,dev_3089,yes,"NO, a peach is not part of the almond family. Peaches belong to",no,no,Incorrect,1.0032
underspecified,16,dev_3105,yes,"NO, a neutral wire should not be connected to ground as it can cause electrical",no,no,Incorrect,0.9915
underspecified,16,dev_3106,yes,NO,no,no,Incorrect,0.9995
underspecified,16,dev_3107,yes,"NO, there have never been any recess appointments to the Supreme Court.",no,no,Incorrect,0.9614
underspecified,16,dev_3122,no,YES,yes,yes,Incorrect,1.0420999999999998
underspecified,16,dev_3143,no,NO,no,no,Correct,1.0027000000000001
underspecified,16,dev_3173,no,NO,no,no,Correct,0.9937999999999999
underspecified,16,dev_3183,no,YES,yes,yes,Incorrect,1.0377
underspecified,16,dev_3187,yes,NO,no,no,Incorrect,1.0397
underspecified,16,dev_3204,no,NO,no,no,Correct,0.5632999999999999
underspecified,16,dev_3212,yes,NO,no,no,Incorrect,0.9925
underspecified,16,dev_3221,no,NO,no,no,Correct,1.0258
underspecified,16,dev_3231,yes,NO,no,no,Incorrect,0.958
underspecified,16,dev_3232,yes,NO,no,no,Incorrect,0.9549
underspecified,16,dev_3238,yes,"NO, the non-striker cannot be run out by the bowler. In",no,no,Incorrect,1.0255
underspecified,16,dev_3239,yes,NO,no,no,Incorrect,1.0049
underspecified,16,dev_3241,yes,YES,yes,yes,Correct,1.0238
underspecified,16,dev_3242,yes,NO,no,no,Incorrect,1.0374
underspecified,16,dev_0031,yes,NO,no,no,Incorrect,0.9564
underspecified,16,dev_0148,yes,NO,no,no,Incorrect,1.0357
underspecified,16,dev_0178,yes,YES,yes,yes,Correct,1.0624
underspecified,16,dev_0410,yes,NO,no,no,Incorrect,1.0264000000000002
underspecified,16,dev_0419,yes,YES,yes,yes,Correct,1.0297
underspecified,16,dev_0448,yes,NO,no,no,Incorrect,0.5945
underspecified,16,dev_0224,no,NO,no,no,Correct,0.5897
underspecified,16,dev_0317,no,NO,no,no,Correct,0.997
underspecified,16,dev_0368,no,NO,no,no,Correct,1.0349000000000002
underspecified,16,dev_0507,no,NO,no,no,Correct,1.034
underspecified,16,dev_0603,no,NO,no,no,Correct,0.9612
underspecified,16,dev_0938,no,NO,no,no,Correct,0.959
underspecified,16,dev_0076,yes,"NO, female ferrets do not die if they don't mate. They can still",no,no,Incorrect,1.0048
underspecified,16,dev_0459,yes,"YES, it matters which DNA strand is transcribed because the resulting mRNA will",yes,yes,Correct,0.9947
underspecified,16,dev_0502,yes,NO,no,no,Incorrect,1.0224
underspecified,16,dev_0580,yes,NO,no,no,Incorrect,1.0036
underspecified,16,dev_1089,yes,NO,no,no,Incorrect,0.5608
underspecified,16,dev_1153,yes,NO,no,no,Incorrect,1.0005
underspecified,16,dev_1315,yes,I don't know.,i,idk,IDK,0.6321
underspecified,16,dev_1482,yes,"NO, muscle fibers are not the same as muscle cells. Muscle fibers are specialized",no,no,Incorrect,1.0019
underspecified,16,dev_1568,yes,NO,no,no,Incorrect,0.9997
underspecified,16,dev_1968,yes,NO,no,no,Incorrect,1.0032
underspecified,16,dev_2223,yes,"NO, all jellyfish have a life cycle that includes a polyp stage and",no,no,Incorrect,0.9498
underspecified,16,dev_2420,yes,NO,no,no,Incorrect,1.0337
underspecified,16,dev_2882,yes,YES,yes,yes,Correct,1.0384
underspecified,16,dev_2899,yes,NO,no,no,Incorrect,1.0051
underspecified,16,dev_2910,yes,NO,no,no,Incorrect,1.0295999999999998
underspecified,16,dev_0713,no,"NO, a cow does not have to be pregnant to lactate. Cows",no,no,Correct,1.005
underspecified,16,dev_0816,no,NO,no,no,Correct,0.9947
underspecified,16,dev_0911,no,NO,no,no,Correct,0.96
underspecified,16,dev_0997,no,NO,no,no,Correct,1.0244000000000002
underspecified,16,dev_1258,no,"NO, the umbilical cord is not inside the amniotic sac.",no,no,Correct,1.0409000000000002
underspecified,16,dev_1422,no,"NO, root hairs typically occur along the upper part of the root, near the",no,no,Correct,1.0255999999999998
underspecified,16,dev_2120,no,YES,yes,yes,Incorrect,0.9976
underspecified,16,dev_2353,no,NO,no,no,Correct,1.032
underspecified,16,dev_2441,no,NO,no,no,Correct,1.006
underspecified,16,dev_2087,no,"NO, sperm whales are not currently listed as endangered. They are classified as """,no,no,Correct,0.9954
underspecified,16,dev_2215,no,"NO, the two chromosomes in a pair are not identical; they are homologous",no,no,Correct,0.9324
underspecified,16,dev_2503,no,NO,no,no,Correct,1.0355999999999999
underspecified,16,dev_2652,no,YES,yes,yes,Incorrect,1.0257
underspecified,16,dev_2850,no,"NO, not all bee stings contain a stinger. Some bees, like",no,no,Correct,1.0639
underspecified,16,dev_3062,no,"NO, black and yellow garden spiders are not poisonous to",no,no,Correct,1.0387
underspecified,16,dev_0400,yes,YES,yes,yes,Correct,1.0257
underspecified,16,dev_0432,yes,YES,yes,yes,Correct,1.0298
underspecified,16,dev_0446,yes,I don't know.,i,idk,IDK,1.0302
underspecified,16,dev_0455,yes,NO,no,no,Incorrect,0.9947999999999999
underspecified,16,dev_0472,yes,NO,no,no,Incorrect,0.9972000000000001
underspecified,16,dev_0524,yes,NO,no,no,Incorrect,0.9891
underspecified,16,dev_0767,yes,YES,yes,yes,Correct,0.9254
underspecified,16,dev_0875,yes,"NO, there are no thousand-dollar bills in circulation. The highest denomination bill in",no,no,Incorrect,1.0023
underspecified,16,dev_0950,yes,NO,no,no,Incorrect,0.957
underspecified,16,dev_1023,yes,NO,no,no,Incorrect,0.953
underspecified,16,dev_1171,yes,NO,no,no,Incorrect,0.5905
underspecified,16,dev_1207,yes,NO,no,no,Incorrect,0.9496
underspecified,16,dev_1299,yes,"NO, net earnings and net income are not the same. Net earnings refer to",no,no,Incorrect,1.028
underspecified,16,dev_0157,no,NO,no,no,Correct,1.0049
underspecified,16,dev_0371,no,NO,no,no,Correct,1.0024
underspecified,16,dev_0621,no,I don't know.,i,idk,IDK,1.0301
underspecified,16,dev_0699,no,NO,no,no,Correct,0.9975
underspecified,16,dev_0954,no,I don't know.,i,idk,IDK,1.005
underspecified,16,dev_1050,no,NO,no,no,Correct,0.9904
underspecified,16,dev_1208,no,NO,no,no,Correct,2.3428
underspecified,16,dev_1257,no,NO,no,no,Correct,0.9598
underspecified,16,dev_1805,no,NO,no,no,Correct,1.0402
underspecified,16,dev_1876,no,NO,no,no,Correct,0.5598
underspecified,16,dev_2290,no,YES,yes,yes,Incorrect,1.0022
underspecified,16,dev_2444,no,"NO, land tax and property tax are not the same. Land tax is a",no,no,Correct,0.9932000000000001
underspecified,16,dev_0250,yes,NO,no,no,Incorrect,0.9925
underspecified,16,dev_0337,yes,YES,yes,yes,Correct,0.9956
underspecified,16,dev_0386,yes,NO,no,no,Incorrect,0.9907999999999999
underspecified,16,dev_0591,yes,NO,no,no,Incorrect,0.998
underspecified,16,dev_0746,yes,NO,no,no,Incorrect,0.9986
underspecified,16,dev_0845,yes,"NO, you do not have to break in new car engines. Modern engines are",no,no,Incorrect,0.9637
underspecified,16,dev_0855,yes,YES,yes,yes,Correct,0.994
underspecified,16,dev_0915,yes,"NO, there is no water park at Ontario Place.",no,no,Incorrect,1.0241
underspecified,16,dev_0945,yes,NO,no,no,Incorrect,0.9468
underspecified,16,dev_0021,no,YES,yes,yes,Incorrect,0.9947999999999999
underspecified,16,dev_0490,no,"NO, American citizens do not need a visa for Georgia for short stays of up",no,no,Correct,1.0318
underspecified,16,dev_0581,no,NO,no,no,Correct,0.9897999999999999
underspecified,16,dev_0631,no,NO,no,no,Correct,0.5302
underspecified,16,dev_0691,no,"NO, you do not need a stamp if it says Freepost.",no,no,Correct,0.9611000000000001
underspecified,16,dev_0783,no,NO,no,no,Correct,0.9983
underspecified,16,dev_0787,no,YES,yes,yes,Incorrect,1.0395
underspecified,16,dev_0825,no,I don't know.,i,idk,IDK,0.9582999999999999
underspecified,16,dev_0885,no,"NO, UK citizens do not need a visa for Albania for short stays of up",no,no,Correct,0.9973
underspecified,16,dev_0089,yes,YES,yes,yes,Correct,0.9995
underspecified,16,dev_0095,yes,I don't know.,i,idk,IDK,0.6249
underspecified,16,dev_0211,yes,NO,no,no,Incorrect,1.0057
underspecified,16,dev_0238,yes,NO,no,no,Incorrect,0.9997
underspecified,16,dev_0252,yes,"NO, the Lizzie McGuire movie was not filmed in Rome. It",no,no,Incorrect,1.0345
underspecified,16,dev_0256,yes,NO,no,no,Incorrect,1.0244000000000002
underspecified,16,dev_0266,yes,NO,no,no,Incorrect,1.0056
underspecified,16,dev_0310,yes,I don't know.,i,idk,IDK,1.0024
underspecified,16,dev_0359,yes,I don't know.,i,idk,IDK,0.6563
underspecified,16,dev_0422,yes,"NO, Lucas and Peyton do not come back to One Tree Hill. They both",no,no,Incorrect,0.9631000000000001
underspecified,16,dev_0040,no,NO,no,no,Correct,0.5674
underspecified,16,dev_0080,no,I don't know.,i,idk,IDK,0.6365
underspecified,16,dev_0100,no,I don't know.,i,idk,IDK,0.6375
underspecified,16,dev_0240,no,NO,no,no,Correct,1.0261
underspecified,16,dev_0247,no,NO,no,no,Correct,0.564
underspecified,16,dev_0260,no,"NO, Mighty Joe Young did not use a real gorilla in the film.",no,no,Correct,1.0357
underspecified,16,dev_0277,no,NO,no,no,Correct,1.0048
underspecified,16,dev_0290,no,NO,no,no,Correct,1.0360999999999998
underspecified,16,dev_0303,no,NO,no,no,Correct,1.0044
underspecified,16,dev_0231,yes,"NO, penne alla vodka is a traditional Italian pasta dish that typically does not",no,no,Incorrect,1.0295
underspecified,16,dev_0401,yes,NO,no,no,Incorrect,0.9925
underspecified,16,dev_0420,yes,NO,no,no,Incorrect,0.9923
underspecified,16,dev_0571,yes,NO,no,no,Incorrect,0.9546
underspecified,16,dev_0583,yes,NO,no,no,Incorrect,0.9469
underspecified,16,dev_0765,yes,"YES, salted duck eggs need to be cooked before consumption to ensure they are safe",yes,yes,Correct,0.9572999999999999
underspecified,16,dev_0778,yes,NO,no,no,Incorrect,0.9954
underspecified,16,dev_0815,yes,NO,no,no,Incorrect,0.9922000000000001
underspecified,16,dev_0073,no,NO,no,no,Correct,0.9905
underspecified,16,dev_0491,no,NO,no,no,Correct,1.025
underspecified,16,dev_0615,no,NO,no,no,Correct,1.0277
underspecified,16,dev_0868,no,NO,no,no,Correct,1.0038
underspecified,16,dev_0880,no,NO,no,no,Correct,1.0241
underspecified,16,dev_0953,no,NO,no,no,Correct,0.9542999999999999
underspecified,16,dev_0985,no,NO,no,no,Correct,1.0005
underspecified,16,dev_0136,yes,NO,no,no,Incorrect,1.0034
underspecified,16,dev_0367,yes,NO,no,no,Incorrect,1.0025
underspecified,16,dev_0618,yes,NO,no,no,Incorrect,1.0315999999999999
underspecified,16,dev_0720,yes,"Yes, State of Decay is a co-op game on Xbox One.",yes,yes,Correct,0.996
underspecified,16,dev_0770,yes,NO,no,no,Incorrect,0.9919
underspecified,16,dev_0835,yes,YES,yes,yes,Correct,0.9966
underspecified,16,dev_0896,yes,NO,no,no,Incorrect,1.0046
underspecified,16,dev_0434,no,NO,no,no,Correct,0.9587
underspecified,16,dev_0489,no,NO,no,no,Correct,1.0312000000000001
underspecified,16,dev_0852,no,NO,no,no,Correct,1.0019
underspecified,16,dev_0870,no,I don't know,i,idk,IDK,1.0383
underspecified,16,dev_1148,no,I don't know.,i,idk,IDK,0.6361
underspecified,16,dev_2595,no,"NO, A Way Out is a co-op game, meaning it is designed for",no,no,Correct,2.3602
underspecified,16,dev_0281,yes,"YES, there are tolls on I-70 in Kansas.",yes,yes,Correct,0.9372
underspecified,16,dev_0528,yes,"Yes, there is a train station in Atlantic City, New Jersey. The Atlantic",yes,yes,Correct,1.0671
underspecified,16,dev_0547,yes,I don't know.,i,idk,IDK,1.0037
underspecified,16,dev_0623,yes,NO,no,no,Incorrect,0.9981
underspecified,16,dev_0626,yes,"NO, Skyline Drive is not part of the Blue Ridge Parkway. Skyline Drive is",no,no,Incorrect,1.0328
underspecified,16,dev_0686,yes,NO,no,no,Incorrect,1.0066
underspecified,16,dev_0822,yes,I don't know.,i,idk,IDK,0.5961000000000001
underspecified,16,dev_1210,yes,I don't know.,i,idk,IDK,0.6612
underspecified,16,dev_0374,no,NO,no,no,Correct,0.9577
underspecified,16,dev_0900,no,NO,no,no,Correct,0.9602999999999999
underspecified,16,dev_0913,no,NO,no,no,Correct,1.0011
underspecified,16,dev_1234,no,"NO, there is no Gulf Stream in the Pacific. The Gulf Stream is a",no,no,Correct,1.031
underspecified,16,dev_1360,no,"NO, Lake Hiawatha is a man-made lake located in Lakehurst",no,no,Correct,1.0304
underspecified,16,dev_1544,no,"NO, I-30 in Dallas is not a toll road.",no,no,Correct,1.0043
underspecified,16,dev_1588,no,"NO, Lake George is a natural lake.",no,no,Correct,0.9993
underspecified,16,dev_0344,yes,NO,no,no,Incorrect,1.0652000000000001
underspecified,16,dev_0379,yes,YES,yes,yes,Correct,0.9631000000000001
underspecified,16,dev_0474,yes,I don't know.,i,idk,IDK,0.6927000000000001
underspecified,16,dev_0614,yes,I don't know.,i,idk,IDK,0.9585
underspecified,16,dev_0655,yes,YES,yes,yes,Correct,0.9617
underspecified,16,dev_1195,yes,NO,no,no,Incorrect,1.0646
underspecified,16,dev_1197,yes,"NO, an ectopic pregnancy cannot be carried to term as it occurs outside the",no,no,Incorrect,2.3449
underspecified,16,dev_1313,yes,YES,yes,yes,Correct,0.9951
underspecified,16,dev_1564,yes,NO,no,no,Incorrect,0.9965
underspecified,16,dev_0078,no,"NO, there is no right and left brachiocephalic artery. There",no,no,Correct,1.0334
underspecified,16,dev_0166,no,I don't know.,i,idk,IDK,0.6375
underspecified,16,dev_0851,no,YES,yes,yes,Incorrect,0.9966
underspecified,16,dev_0861,no,"NO, a junctional rhythm typically does not have a P wave because the impulse",no,no,Correct,0.9317000000000001
underspecified,16,dev_0872,no,I don't know.,i,idk,IDK,1.0041
underspecified,16,dev_1554,no,I don't know,i,idk,IDK,1.035
underspecified,16,dev_1719,no,NO,no,no,Correct,1.0309000000000001
underspecified,16,dev_1991,no,NO,no,no,Correct,0.9564
underspecified,16,dev_2115,no,I don't know.,i,idk,IDK,0.9915
underspecified,16,dev_0105,yes,YES,yes,yes,Correct,0.9915
underspecified,16,dev_0125,yes,NO,no,no,Incorrect,2.3748
underspecified,16,dev_0191,yes,NO,no,no,Incorrect,1.036
underspecified,16,dev_1292,yes,"NO, the Queen of England did not marry her cousin. She married Prince Philip",no,no,Incorrect,1.0258
underspecified,16,dev_1338,yes,YES,yes,yes,Correct,1.0259
underspecified,16,dev_0388,no,NO,no,no,Correct,1.0005
underspecified,16,dev_0703,no,I don't know.,i,idk,IDK,1.025
underspecified,16,dev_0833,no,I don't know.,i,idk,IDK,1.0275999999999998
underspecified,16,dev_0874,no,NO,no,no,Correct,1.0324
underspecified,16,dev_1651,no,"NO, there are no active tin mines left in Cornwall. The last tin mine",no,no,Correct,1.0279
underspecified,16,dev_0072,yes,I don't know.,i,idk,IDK,0.9527
underspecified,16,dev_0258,yes,"NO, alcohol sales are prohibited on Sunday in Wisconsin.",no,no,Incorrect,0.9999
underspecified,16,dev_0286,yes,YES,yes,yes,Correct,0.9947999999999999
underspecified,16,dev_0348,yes,NO,no,no,Incorrect,0.9957999999999999
underspecified,16,dev_0467,yes,YES,yes,yes,Correct,1.0031
underspecified,16,dev_0515,yes,I don't know. The ability to put a restraining order on a landlord depends,i,idk,IDK,0.9905
underspecified,16,dev_0562,yes,I don't know,i,idk,IDK,1.0302
underspecified,16,dev_0636,yes,"NO, California has strict gun control laws that prohibit carrying a concealed firearm without a",no,no,Incorrect,0.9991
underspecified,16,dev_0740,yes,YES,yes,yes,Correct,1.0066
underspecified,16,dev_0838,yes,"NO, in Quebec, you cannot turn right on a red unless there is a",no,no,Incorrect,1.0022
underspecified,16,dev_0864,yes,"NO, Ohio does not allow open carry of firearms without a permit.",no,no,Incorrect,0.9667
underspecified,16,dev_0873,yes,NO,no,no,Incorrect,0.9992000000000001
underspecified,16,dev_0901,yes,I don't know. It depends on the specific traffic laws and regulations of the jurisdiction,i,idk,IDK,0.9929
underspecified,16,dev_0909,yes,I don't know.,i,idk,IDK,1.0018
underspecified,16,dev_1134,yes,YES,yes,yes,Correct,1.0022
underspecified,16,dev_0198,no,"NO, New Hampshire does not require a permit to carry a gun for lawful residents",no,no,Correct,1.0059
underspecified,16,dev_0215,no,I don't know.,i,idk,IDK,0.6604
underspecified,16,dev_0223,no,I don't know.,i,idk,IDK,1.0018
underspecified,16,dev_0234,no,I don't know. The legality of sexual activity between an 18-year-old and,i,idk,IDK,1.0646
underspecified,16,dev_0272,no,"NO, trucks are not allowed on the Taconic State Parkway.",no,no,Correct,1.0012
underspecified,16,dev_0453,no,NO,no,no,Correct,0.5912000000000001
underspecified,16,dev_0499,no,"NO, Puerto Ricans are U.S. citizens, but they cannot vote in",no,no,Correct,0.9905
underspecified,16,dev_0552,no,I don't know. The rules regarding phone usage in prison can vary depending on the,i,idk,IDK,1.0352999999999999
underspecified,16,dev_0680,no,I don't know.,i,idk,IDK,0.9911
underspecified,16,dev_0738,no,"NO, Taiwan is not a member of the Paris Convention.",no,no,Correct,0.9267000000000001
underspecified,16,dev_0771,no,NO,no,no,Correct,0.5617000000000001
underspecified,16,dev_0888,no,YES,yes,yes,Incorrect,1.0062
underspecified,16,dev_1135,no,NO,no,no,Correct,0.9945
underspecified,16,dev_1188,no,I don't know.,i,idk,IDK,0.6353
underspecified,16,dev_0339,yes,NO,no,no,Incorrect,1.0059
underspecified,16,dev_0357,yes,I don't know.,i,idk,IDK,0.6344
underspecified,16,dev_0498,yes,NO,no,no,Incorrect,0.5691
underspecified,16,dev_0620,yes,YES,yes,yes,Correct,0.9917999999999999
underspecified,16,dev_0878,yes,NO,no,no,Incorrect,0.9551000000000001
underspecified,16,dev_1864,yes,NO,no,no,Incorrect,1.077
underspecified,16,dev_2080,yes,YES,yes,yes,Correct,1.0665
underspecified,16,dev_2395,yes,"NO, the Governor-General does not have to sign all bills passed by federal Parliament",no,no,Incorrect,0.9977
underspecified,16,dev_2639,yes,"NO, Canada is not part of the",no,no,Incorrect,1.0249000000000001
underspecified,16,dev_3155,yes,I don't know.,i,idk,IDK,0.6327999999999999
underspecified,16,dev_3209,yes,YES,yes,yes,Correct,0.9541000000000001
underspecified,16,dev_0209,no,NO,no,no,Correct,1.0255999999999998
underspecified,16,dev_0273,no,"NO, you only have to pay when you cross from New Jersey to New York",no,no,Correct,0.9906
underspecified,16,dev_0404,no,"NO, Puerto Rico is not a protectorate of the US. It is an",no,no,Correct,1.067
underspecified,16,dev_0567,no,"NO, Romania is not part of the Visa Waiver Program.",no,no,Correct,0.9905
underspecified,16,dev_0675,no,"NO, Saudi Arabia has not signed the Universal Declaration of",no,no,Correct,2.3433
underspecified,16,dev_1172,no,NO,no,no,Correct,1.0038
underspecified,16,dev_1275,no,I don't know.,i,idk,IDK,0.9977999999999999
underspecified,16,dev_1971,no,NO,no,no,Correct,0.9941
underspecified,16,dev_2001,no,"NO, the president can only pardon federal crimes, not state crimes.",no,no,Correct,1.0315999999999999
underspecified,16,dev_3004,no,NO,no,no,Correct,0.9559
underspecified,16,dev_3256,no,I don't know.,i,idk,IDK,0.9464
underspecified,16,dev_1132,yes,NO,no,no,Incorrect,0.9524
underspecified,16,dev_1233,yes,NO,no,no,Incorrect,0.5629
underspecified,16,dev_1511,yes,NO,no,no,Incorrect,0.9945
underspecified,16,dev_1633,yes,NO,no,no,Incorrect,1.0235
underspecified,16,dev_2007,yes,NO,no,no,Incorrect,0.9899
underspecified,16,dev_2214,yes,"NO, there is no such thing as dry water. Water is a compound made",no,no,Incorrect,1.0064
underspecified,16,dev_2239,yes,YES,yes,yes,Correct,2.3398000000000003
underspecified,16,dev_2299,yes,NO,no,no,Incorrect,1.0278
underspecified,16,dev_2303,yes,"YES, all known life requires the same essential elements, which include carbon, hydrogen",yes,yes,Correct,1.0717999999999999
underspecified,16,dev_2477,yes,"NO, 0 is not in the set of natural numbers. Natural numbers typically",no,no,Incorrect,1.0415
underspecified,16,dev_2993,yes,NO,no,no,Incorrect,0.9592
underspecified,16,dev_3126,yes,"YES, there is such a thing as an upside-down rainbow, which is also",yes,yes,Correct,1.0292000000000001
underspecified,16,dev_3188,yes,NO,no,no,Incorrect,0.9986
underspecified,16,dev_3193,yes,YES,yes,yes,Correct,1.0367
underspecified,16,dev_3234,yes,NO,no,no,Incorrect,0.952
underspecified,16,dev_3265,yes,NO,no,no,Incorrect,1.0332999999999999
underspecified,16,dev_0001,no,NO,no,no,Correct,1.0295999999999998
underspecified,16,dev_0579,no,YES,yes,yes,Incorrect,0.9935
underspecified,16,dev_1003,no,NO,no,no,Correct,0.9492
underspecified,16,dev_1483,no,NO,no,no,Correct,0.9903
underspecified,16,dev_1551,no,NO,no,no,Correct,1.0242
underspecified,16,dev_1702,no,"YES, a pterodactyl is the same as a Pteran",yes,yes,Incorrect,1.0744
underspecified,16,dev_1925,no,NO,no,no,Correct,1.0035
underspecified,16,dev_2025,no,NO,no,no,Correct,0.991
underspecified,16,dev_2312,no,NO,no,no,Correct,2.3488
underspecified,16,dev_2471,no,YES,yes,yes,Incorrect,0.9893
underspecified,16,dev_2521,no,NO,no,no,Correct,1.0279
underspecified,16,dev_2782,no,"YES, the hydronium ion (H3O+) and hydrogen ion (",yes,yes,Incorrect,1.0646
underspecified,16,dev_2812,no,YES,yes,yes,Incorrect,0.9935
underspecified,16,dev_3014,no,NO,no,no,Correct,0.9944
underspecified,16,dev_3034,no,NO,no,no,Correct,0.9964
underspecified,16,dev_3159,no,NO,no,no,Correct,0.9979
underspecified,16,dev_3190,no,NO,no,no,Correct,0.9937999999999999
underspecified,16,dev_0682,yes,NO,no,no,Incorrect,2.3466
underspecified,16,dev_0735,yes,YES,yes,yes,Correct,0.998
underspecified,16,dev_1505,yes,YES,yes,yes,Correct,0.9884
underspecified,16,dev_1668,yes,"YES, Church of England (Anglican) worshippers do make the sign of",yes,yes,Correct,1.0363
underspecified,16,dev_2373,yes,NO,no,no,Incorrect,1.0037
underspecified,16,dev_2793,yes,NO,no,no,Incorrect,1.0014
underspecified,16,dev_2929,yes,NO,no,no,Incorrect,0.9953
underspecified,16,dev_0605,no,"NO, you do not have to be a Mormon to go to BYU.",no,no,Correct,0.9993
underspecified,16,dev_0908,no,I don't know.,i,idk,IDK,0.5915
underspecified,16,dev_1388,no,NO,no,no,Correct,0.9995
underspecified,16,dev_1521,no,"NO, Sweden does not pay students to attend school. Education in Sweden is free",no,no,Correct,1.0024
underspecified,16,dev_2334,no,"NO, the Book of Jasher is not in the Bible.",no,no,Correct,1.0367
underspecified,16,dev_2641,no,I don't know.,i,idk,IDK,1.0004
underspecified,16,dev_0347,yes,NO,no,no,Incorrect,1.0406
underspecified,16,dev_0411,yes,I don't know.,i,idk,IDK,1.0651
underspecified,16,dev_0439,yes,NO,no,no,Incorrect,1.0625
underspecified,16,dev_0452,yes,YES,yes,yes,Correct,1.0243
underspecified,16,dev_0585,yes,"NO, pushing in a rugby league scrum is not allowed and is considered a foul",no,no,Incorrect,1.0054
underspecified,16,dev_0656,yes,NO,no,no,Incorrect,1.0375
underspecified,16,dev_0661,yes,YES,yes,yes,Correct,0.5651
underspecified,16,dev_0701,yes,YES,yes,yes,Correct,0.9951
underspecified,16,dev_0704,yes,YES,yes,yes,Correct,1.0019
underspecified,16,dev_0752,yes,"NO, there is no mercy rule in professional soccer.",no,no,Incorrect,0.8264
underspecified,16,dev_0848,yes,I don't know.,i,idk,IDK,0.596
underspecified,16,dev_0883,yes,YES,yes,yes,Correct,0.9951
underspecified,16,dev_1143,yes,YES,yes,yes,Correct,0.5626
underspecified,16,dev_1305,yes,"NO, a school cannot be both Division I and II simultaneously. They are separate",no,no,Incorrect,1.0012
underspecified,16,dev_1497,yes,NO,no,no,Incorrect,1.0021
underspecified,16,dev_1777,yes,I don't know,i,idk,IDK,1.0634000000000001
underspecified,16,dev_2250,yes,NO,no,no,Incorrect,0.996
underspecified,16,dev_2370,yes,I don't know.,i,idk,IDK,0.6349
underspecified,16,dev_0083,no,YES,yes,yes,Incorrect,1.0328
underspecified,16,dev_0085,no,YES,yes,yes,Incorrect,1.0262
underspecified,16,dev_0170,no,NO,no,no,Correct,1.0004
underspecified,16,dev_0230,no,NO,no,no,Correct,1.0415999999999999
underspecified,16,dev_0412,no,I don't know.,i,idk,IDK,1.0287
underspecified,16,dev_0421,no,NO,no,no,Correct,1.8636
underspecified,16,dev_0447,no,NO,no,no,Correct,0.9319
underspecified,16,dev_0544,no,I don't know.,i,idk,IDK,0.9579
underspecified,16,dev_0565,no,"NO, walks are not included in the batting average calculation.",no,no,Correct,0.8981
underspecified,16,dev_0589,no,I don't know.,i,idk,IDK,1.0325
underspecified,16,dev_0593,no,"NO, teams do not keep the FIFA World Cup trophy. The trophy is awarded",no,no,Correct,0.9951
underspecified,16,dev_0859,no,NO,no,no,Correct,1.0047000000000001
underspecified,16,dev_0865,no,NO,no,no,Correct,1.0237
underspecified,16,dev_1518,no,NO,no,no,Correct,0.9985
underspecified,16,dev_1768,no,NO,no,no,Correct,0.5684
underspecified,16,dev_1779,no,NO,no,no,Correct,0.9971
underspecified,16,dev_1905,no,NO,no,no,Correct,0.6224
underspecified,16,dev_2156,no,NO,no,no,Correct,1.0655
underspecified,16,dev_2158,no,NO,no,no,Correct,0.569
underspecified,16,dev_2798,no,NO,no,no,Correct,0.9924
underspecified,16,dev_3138,no,YES,yes,yes,Incorrect,0.9927
underspecified,16,dev_0307,yes,NO,no,no,Incorrect,1.0264000000000002
underspecified,16,dev_0506,yes,NO,no,no,Incorrect,0.9562999999999999
underspecified,16,dev_0641,yes,NO,no,no,Incorrect,1.0004
underspecified,16,dev_0844,yes,I don't know.,i,idk,IDK,0.9917999999999999
underspecified,16,dev_1032,yes,NO,no,no,Incorrect,0.5692
underspecified,16,dev_1574,yes,"NO, Apple Lightning cables do not contain a chip. They are simple cables that",no,no,Incorrect,0.9984
underspecified,16,dev_1889,yes,NO,no,no,Incorrect,1.0067000000000002
underspecified,16,dev_2093,yes,NO,no,no,Incorrect,0.9987
underspecified,16,dev_2213,yes,NO,no,no,Incorrect,0.9557
underspecified,16,dev_2735,yes,"NO, pipelining is a technique used to improve the throughput of a system",no,no,Incorrect,1.0348
underspecified,16,dev_2836,yes,NO,no,no,Incorrect,0.9602
underspecified,16,dev_0788,no,NO,no,no,Correct,1.0235
underspecified,16,dev_0798,no,"NO, area code 669 is not a toll-free number. It is the",no,no,Correct,1.0332999999999999
underspecified,16,dev_1249,no,YES,yes,yes,Incorrect,1.031
underspecified,16,dev_1458,no,"NO, powered speakers have an internal amplifier and do not require an external one.",no,no,Correct,0.9934
underspecified,16,dev_1584,no,YES,yes,yes,Incorrect,1.0006
underspecified,16,dev_1589,no,"NO, a SIM-free phone does not lock to a network because it does not",no,no,Correct,1.0278
underspecified,16,dev_1657,no,NO,no,no,Correct,1.0004
underspecified,16,dev_1691,no,NO,no,no,Correct,0.9992000000000001
underspecified,16,dev_1943,no,YES,yes,yes,Incorrect,0.9945
underspecified,16,dev_2682,no,YES,yes,yes,Incorrect,1.001
underspecified,16,dev_2712,no,NO,no,no,Correct,0.929
underspecified,16,dev_0427,no,NO,no,no,Correct,0.995
underspecified,16,dev_0531,no,I don't know.,i,idk,IDK,0.6645
underspecified,16,dev_1915,no,NO,no,no,Correct,0.5886
underspecified,16,dev_1946,no,NO,no,no,Correct,1.069
underspecified,16,dev_2024,no,NO,no,no,Correct,0.9963
underspecified,16,dev_2265,no,NO,no,no,Correct,0.999
underspecified,16,dev_0004,yes,NO,no,no,Incorrect,0.5596
underspecified,16,dev_0241,yes,YES,yes,yes,Correct,0.5887
underspecified,16,dev_0326,yes,YES,yes,yes,Correct,0.9914
underspecified,16,dev_0525,yes,YES,yes,yes,Correct,0.9572
underspecified,16,dev_0577,yes,NO,no,no,Incorrect,0.9901
underspecified,16,dev_0799,yes,"I don't know. As an AI, I don't participate in game shows or win",i,idk,IDK,1.0006
underspecified,16,dev_0142,no,NO,no,no,Correct,1.0046
underspecified,16,dev_0494,no,"NO, fitness in biology refers to an organism's ability to survive and reproduce in",no,no,Correct,1.0036
underspecified,16,dev_0527,no,"NO, HeLa cells are aneuploid and have an abnormal number of",no,no,Correct,0.9972000000000001
underspecified,16,dev_0566,no,NO,no,no,Correct,1.0308
underspecified,16,dev_0648,no,NO,no,no,Correct,0.5618
underspecified,16,dev_0668,no,NO,no,no,Correct,0.9911
underspecified,16,dev_0749,no,"NO, sensory neurons are part of the peripheral nervous system, not the central nervous",no,no,Correct,1.0631
underspecified,16,dev_0790,no,NO,no,no,Correct,0.5241
underspecified,16,dev_0867,no,I don't know.,i,idk,IDK,0.9309
underspecified,16,dev_0921,no,NO,no,no,Correct,0.9936
underspecified,16,dev_1088,no,NO,no,no,Correct,1.0035
underspecified,16,dev_1329,no,"NO, there is no bone in your earlobe. The earlobe",no,no,Correct,0.9957
underspecified,16,dev_1402,no,NO,no,no,Correct,0.9534
underspecified,16,dev_1428,no,"NO, sweat glands are not part of the lymphatic system. They are part",no,no,Correct,0.9937
underspecified,16,dev_1439,no,NO,no,no,Correct,0.9937999999999999
underspecified,16,dev_0020,yes,YES,yes,yes,Correct,0.9589
underspecified,16,dev_0027,yes,YES,yes,yes,Correct,1.0047000000000001
underspecified,16,dev_0047,yes,"YES, there is such a thing as a turkey vulture. It is a",yes,yes,Correct,1.0027000000000001
underspecified,16,dev_0070,yes,"YES, T. rex and Tyrannosaurus rex refer to the same dinosaur",yes,yes,Correct,1.0631
underspecified,16,dev_0086,yes,YES,yes,yes,Correct,2.348
underspecified,16,dev_0121,yes,YES,yes,yes,Correct,0.9954
underspecified,16,dev_0131,yes,YES,yes,yes,Correct,0.9957999999999999
underspecified,16,dev_0147,yes,YES,yes,yes,Correct,0.9941
underspecified,16,dev_0159,yes,NO,no,no,Incorrect,1.0036
underspecified,16,dev_0190,yes,YES,yes,yes,Correct,0.9929
underspecified,16,dev_0195,yes,NO,no,no,Incorrect,1.0006
underspecified,16,dev_0200,yes,YES,yes,yes,Correct,1.0259
underspecified,16,dev_0214,yes,YES,yes,yes,Correct,0.5242
underspecified,16,dev_0242,yes,"YES, both male and female bighorn sheep have horns, although they are",yes,yes,Correct,0.9524
underspecified,16,dev_0522,yes,YES,yes,yes,Correct,1.0634000000000001
underspecified,16,dev_0033,no,NO,no,no,Correct,1.0262
underspecified,16,dev_0123,no,NO,no,no,Correct,0.9924
underspecified,16,dev_0501,no,NO,no,no,Correct,1.0018
underspecified,16,dev_0526,no,NO,no,no,Correct,0.993
underspecified,16,dev_1076,no,NO,no,no,Correct,1.0363
underspecified,16,dev_1213,no,NO,no,no,Correct,0.9607
underspecified,16,dev_1654,no,"NO, discouraged workers are not counted in the unemployment rate. They are considered part",no,no,Correct,1.037
underspecified,16,dev_1753,no,YES,yes,yes,Incorrect,1.0297
underspecified,16,dev_1825,no,NO,no,no,Correct,0.9981
underspecified,16,dev_2911,no,"NO, the United States does not have a fixed exchange rate. It has a",no,no,Correct,1.0282
underspecified,16,dev_2740,no,NO,no,no,Correct,0.9552999999999999
underspecified,16,dev_2517,no,NO,no,no,Correct,0.9957999999999999
underspecified,16,dev_1139,yes,YES,yes,yes,Correct,1.0235
underspecified,16,dev_0002,yes,"NO, house tax and property tax are not the same. House tax is a",no,no,Incorrect,0.993
underspecified,16,dev_0773,yes,YES,yes,yes,Correct,0.9936
underspecified,16,dev_1186,yes,YES,yes,yes,Correct,1.0298
underspecified,16,dev_1302,yes,YES,yes,yes,Correct,0.5612999999999999
underspecified,16,dev_1349,yes,YES,yes,yes,Correct,0.9945
underspecified,16,dev_1771,yes,NO,no,no,Incorrect,0.9479
underspecified,16,dev_1804,yes,YES,yes,yes,Correct,1.0393
underspecified,16,dev_1873,yes,NO,no,no,Incorrect,1.0019
underspecified,16,dev_1963,yes,"NO, there is a sales tax in New Hampshire.",no,no,Incorrect,0.9294
underspecified,16,dev_2582,yes,YES,yes,yes,Correct,0.9582999999999999
underspecified,16,dev_2598,yes,NO,no,no,Incorrect,0.9605
underspecified,16,dev_3158,yes,YES,yes,yes,Correct,2.3568000000000002
underspecified,16,dev_0551,no,NO,no,no,Correct,0.9618
underspecified,16,dev_1158,no,NO,no,no,Correct,0.9916
underspecified,16,dev_1364,no,NO,no,no,Correct,1.0001
underspecified,16,dev_1807,no,NO,no,no,Correct,0.9596
underspecified,16,dev_2542,no,NO,no,no,Correct,0.9951
underspecified,16,dev_2562,no,NO,no,no,Correct,1.0327
underspecified,16,dev_3005,no,NO,no,no,Correct,0.9955
underspecified,16,dev_3194,no,NO,no,no,Correct,1.003
underspecified,16,dev_3195,no,"NO, a boarding pass is not the same as a ticket. A ticket is",no,no,Correct,2.354
underspecified,16,dev_0013,yes,I don't know.,i,idk,IDK,0.9608
underspecified,16,dev_0043,yes,YES,yes,yes,Correct,1.0378
underspecified,16,dev_0052,yes,YES,yes,yes,Correct,1.0264000000000002
underspecified,16,dev_0091,yes,NO,no,no,Incorrect,0.9936
underspecified,16,dev_0116,yes,YES,yes,yes,Correct,0.9937
underspecified,16,dev_0288,yes,YES,yes,yes,Correct,1.0064
underspecified,16,dev_0555,yes,NO,no,no,Incorrect,0.9995
underspecified,16,dev_0627,yes,NO,no,no,Incorrect,0.9937999999999999
underspecified,16,dev_0831,yes,NO,no,no,Incorrect,0.5635
underspecified,16,dev_0721,no,NO,no,no,Correct,0.957
underspecified,16,dev_0863,no,NO,no,no,Correct,1.0031
underspecified,16,dev_1357,no,NO,no,no,Correct,0.9598
underspecified,16,dev_1951,no,NO,no,no,Correct,0.9975
underspecified,16,dev_2131,no,NO,no,no,Correct,1.0052
underspecified,16,dev_2174,no,NO,no,no,Correct,1.0252999999999999
underspecified,16,dev_2252,no,NO,no,no,Correct,0.9984
underspecified,16,dev_2309,no,NO,no,no,Correct,1.0292999999999999
underspecified,16,dev_2364,no,NO,no,no,Correct,0.5676
underspecified,16,dev_3075,no,NO,no,no,Correct,1.0275999999999998
underspecified,16,dev_3205,no,NO,no,no,Correct,1.0295
underspecified,16,dev_0015,yes,NO,no,no,Incorrect,1.0058
underspecified,16,dev_0153,yes,YES,yes,yes,Correct,1.0037
underspecified,16,dev_0161,yes,NO,no,no,Incorrect,1.0359
underspecified,16,dev_0306,yes,NO,no,no,Incorrect,0.5574
underspecified,16,dev_0334,yes,NO,no,no,Incorrect,1.0305
underspecified,16,dev_0338,yes,YES,yes,yes,Correct,1.0269000000000001
underspecified,16,dev_0493,yes,NO,no,no,Incorrect,1.033
underspecified,16,dev_0520,yes,YES,yes,yes,Correct,1.0348
underspecified,16,dev_0212,no,NO,no,no,Correct,0.562
underspecified,16,dev_0309,no,NO,no,no,Correct,0.9919
underspecified,16,dev_0484,no,NO,no,no,Correct,1.0045
underspecified,16,dev_0654,no,NO,no,no,Correct,0.9465
underspecified,16,dev_0973,no,NO,no,no,Correct,0.5267999999999999
underspecified,16,dev_1335,no,NO,no,no,Correct,0.9542
underspecified,16,dev_1443,no,NO,no,no,Correct,1.0259
underspecified,16,dev_0284,yes,"NO, enameled cast iron does not leach iron into food because the",no,no,Incorrect,0.9916
underspecified,16,dev_0330,yes,"NO, the white cover on brie cheese is not edible. It is called",no,no,Incorrect,0.9885
underspecified,16,dev_0443,yes,NO,no,no,Incorrect,0.9985
underspecified,16,dev_0975,yes,NO,no,no,Incorrect,0.9924
underspecified,16,dev_1741,yes,NO,no,no,Incorrect,0.9915
underspecified,16,dev_1770,yes,NO,no,no,Incorrect,0.9901
underspecified,16,dev_1860,no,NO,no,no,Correct,0.9959
underspecified,16,dev_1967,yes,NO,no,no,Incorrect,1.0252000000000001
underspecified,16,dev_0236,no,NO,no,no,Correct,0.9972000000000001
underspecified,16,dev_0741,no,NO,no,no,Correct,1.0251
underspecified,16,dev_1440,no,NO,no,no,Correct,0.9509
underspecified,16,dev_2062,no,NO,no,no,Correct,1.0366
underspecified,16,dev_2109,no,NO,no,no,Correct,0.5973999999999999
underspecified,16,dev_2137,no,NO,no,no,Correct,1.0380999999999998
underspecified,16,dev_0478,yes,YES,yes,yes,Correct,1.0309000000000001
underspecified,16,dev_0545,yes,YES,yes,yes,Correct,1.0359
underspecified,16,dev_1125,yes,NO,no,no,Incorrect,1.0360999999999998
underspecified,16,dev_1137,yes,NO,no,no,Incorrect,0.5193
underspecified,16,dev_1162,yes,YES,yes,yes,Correct,0.9885
underspecified,16,dev_1177,yes,YES,yes,yes,Correct,0.9973
underspecified,16,dev_1444,yes,YES,yes,yes,Correct,0.9506
underspecified,16,dev_0313,no,NO,no,no,Correct,1.0254
underspecified,16,dev_0823,no,NO,no,no,Correct,1.0236
underspecified,16,dev_0839,no,NO,no,no,Correct,1.0383
underspecified,16,dev_1222,no,NO,no,no,Correct,1.032
underspecified,16,dev_1254,no,NO,no,no,Correct,2.3756
underspecified,16,dev_1269,no,NO,no,no,Correct,0.9959
underspecified,16,dev_1334,no,"NO, Patagonia is not a country in its own right; it is a region",no,no,Correct,1.024
underspecified,16,dev_0184,yes,NO,no,no,Incorrect,1.0252999999999999
underspecified,16,dev_0322,yes,NO,no,no,Incorrect,1.002
underspecified,16,dev_0557,yes,YES,yes,yes,Correct,1.0046
underspecified,16,dev_0573,yes,YES,yes,yes,Correct,0.5602
underspecified,16,dev_1179,yes,NO,no,no,Incorrect,0.9592999999999999
underspecified,16,dev_0619,yes,NO,no,no,Incorrect,1.0274
underspecified,16,dev_0650,yes,YES,yes,yes,Correct,0.9983
underspecified,16,dev_0734,yes,YES,yes,yes,Correct,0.9917999999999999
underspecified,16,dev_0061,no,NO,no,no,Correct,1.0008
underspecified,16,dev_0124,no,NO,no,no,Correct,0.9532999999999999
underspecified,16,dev_0914,no,NO,no,no,Correct,1.0325
underspecified,16,dev_0955,no,NO,no,no,Correct,0.5634
underspecified,16,dev_1610,no,"NO, soft-tissue damage refers to any injury to muscles, ligaments,",no,no,Correct,1.0268
underspecified,16,dev_1790,no,"NO, the lining of the uterus does not shed during implantation. Implantation is",no,no,Correct,1.0364
underspecified,16,dev_2096,no,NO,no,no,Correct,1.0247
underspecified,16,dev_2277,no,NO,no,no,Correct,1.0054
underspecified,16,dev_2499,no,NO,no,no,Correct,0.9569
underspecified,16,dev_1959,yes,YES,yes,yes,Correct,0.9967
underspecified,16,dev_1992,yes,"NO, a person cannot transmit rabies to another person. Rabies is primarily",no,no,Incorrect,1.0379
underspecified,16,dev_2047,yes,"NO, organs in the digestive system, such as the liver, pancreas, and",no,no,Incorrect,1.0398
underspecified,16,dev_1656,yes,I don't know.,i,idk,IDK,1.0265
underspecified,16,dev_1663,yes,YES,yes,yes,Correct,0.9556
underspecified,16,dev_1752,yes,"NO, triamcinolone cream is not typically used for poison ivy. It",no,no,Incorrect,1.0326
underspecified,16,dev_2049,yes,YES,yes,yes,Correct,0.9911
underspecified,16,dev_2050,yes,YES,yes,yes,Correct,1.0302
underspecified,16,dev_1442,yes,YES,yes,yes,Correct,1.0012999999999999
underspecified,16,dev_0301,no,NO,no,no,Correct,1.0655
underspecified,16,dev_0480,no,"NO, the Articles of Confederation were replaced by the U.S. Constitution in",no,no,Correct,1.0752000000000002
underspecified,16,dev_1290,no,NO,no,no,Correct,1.0258
underspecified,16,dev_1819,no,NO,no,no,Correct,1.0268
underspecified,16,dev_2206,no,NO,no,no,Correct,1.0272000000000001
underspecified,16,dev_0376,yes,YES,yes,yes,Correct,1.0322
underspecified,16,dev_0346,yes,YES,yes,yes,Correct,1.0052999999999999
underspecified,16,dev_0363,yes,YES,yes,yes,Correct,1.0048
underspecified,16,dev_0535,yes,NO,no,no,Incorrect,0.99
underspecified,16,dev_0629,yes,YES,yes,yes,Correct,1.0348
underspecified,16,dev_0179,no,"NO, U.S. courts of appeals do not have original jurisdiction. They primarily",no,no,Correct,1.0007000000000001
underspecified,16,dev_0402,no,NO,no,no,Correct,1.003
underspecified,16,dev_0513,no,I don't know.,i,idk,IDK,0.6327999999999999
underspecified,16,dev_0606,no,"NO, it is not legal to escape from prison in Germany. Escaping from",no,no,Correct,1.0037
underspecified,16,dev_0630,no,YES,yes,yes,Incorrect,0.9897
underspecified,16,dev_0795,no,NO,no,no,Correct,0.9973
underspecified,16,dev_1457,no,NO,no,no,Correct,1.0337
underspecified,16,dev_1776,no,NO,no,no,Correct,1.0664
underspecified,16,dev_1862,no,NO,no,no,Correct,1.0008
underspecified,16,dev_1911,no,"NO, there is no mandatory retirement age for U.S. Supreme Court justices",no,no,Correct,1.0342
underspecified,16,dev_2755,no,NO,no,no,Correct,1.0032
underspecified,16,dev_2756,no,NO,no,no,Correct,2.3764000000000003
underspecified,16,dev_2921,no,NO,no,no,Correct,1.0018
underspecified,16,dev_2972,no,NO,no,no,Correct,1.0262
underspecified,16,dev_0009,yes,NO,no,no,Incorrect,0.9987999999999999
underspecified,16,dev_0038,yes,I don't know.,i,idk,IDK,1.0021
underspecified,16,dev_0129,yes,"Yes, you can sell a gun privately in Florida, but you must comply with",yes,yes,Correct,1.0027000000000001
underspecified,16,dev_0202,yes,"YES, breaking and entering into a car is typically considered a felony, as it",yes,yes,Correct,1.0046
underspecified,16,dev_0308,yes,YES,yes,yes,Correct,1.0021
underspecified,16,dev_0584,yes,YES,yes,yes,Correct,1.0054
underspecified,16,dev_0644,yes,YES,yes,yes,Correct,0.9927
underspecified,16,dev_0653,yes,YES,yes,yes,Correct,1.075
underspecified,16,dev_0671,yes,YES,yes,yes,Correct,1.006
underspecified,16,dev_0757,yes,YES,yes,yes,Correct,1.0257
underspecified,16,dev_1059,yes,YES,yes,yes,Correct,0.9943
underspecified,16,dev_1067,yes,YES,yes,yes,Correct,1.0046
underspecified,16,dev_1097,yes,YES,yes,yes,Correct,0.9945
underspecified,16,dev_1131,yes,YES,yes,yes,Correct,1.0346
underspecified,16,dev_1324,yes,"YES, a flask typically counts as an open container when it is not properly sealed",yes,yes,Correct,1.0015
underspecified,16,dev_0305,no,NO,no,no,Correct,1.0318
underspecified,16,dev_0465,no,NO,no,no,Correct,1.0672000000000001
underspecified,16,dev_0508,no,NO,no,no,Correct,1.0043
underspecified,16,dev_0518,no,YES,yes,yes,Incorrect,1.0041
underspecified,16,dev_0572,no,NO,no,no,Correct,0.9957999999999999
underspecified,16,dev_0898,no,NO,no,no,Correct,0.5608
underspecified,16,dev_1154,no,NO,no,no,Correct,1.0363
underspecified,16,dev_1221,no,NO,no,no,Correct,1.0334
underspecified,16,dev_1244,no,NO,no,no,Correct,0.9997
underspecified,16,dev_1245,no,NO,no,no,Correct,0.562
underspecified,16,dev_1273,no,NO,no,no,Correct,1.0691
underspecified,16,dev_0647,yes,YES,yes,yes,Correct,0.9525
underspecified,16,dev_0254,yes,YES,yes,yes,Correct,0.6247999999999999
underspecified,16,dev_0486,yes,YES,yes,yes,Correct,0.5637000000000001
underspecified,16,dev_0736,yes,YES,yes,yes,Correct,1.0243
underspecified,16,dev_0814,yes,NO,no,no,Incorrect,1.0319
underspecified,16,dev_1477,yes,YES,yes,yes,Correct,1.0007000000000001
underspecified,16,dev_1721,yes,YES,yes,yes,Correct,1.0008
underspecified,16,dev_1786,yes,"YES, New York City still has rent control.",yes,yes,Correct,2.2043000000000004
underspecified,16,dev_1970,yes,YES,yes,yes,Correct,1.0388
underspecified,16,dev_1985,yes,YES,yes,yes,Correct,1.0046
underspecified,16,dev_2448,no,NO,no,no,Correct,1.0305
underspecified,16,dev_0066,yes,NO,no,no,Incorrect,0.9524
underspecified,16,dev_0088,yes,YES,yes,yes,Correct,0.956
underspecified,16,dev_0196,yes,YES,yes,yes,Correct,1.0325
underspecified,16,dev_0262,yes,YES,yes,yes,Correct,0.9578
underspecified,16,dev_0271,yes,YES,yes,yes,Correct,0.9558
underspecified,16,dev_0329,yes,YES,yes,yes,Correct,1.0312999999999999
underspecified,16,dev_0331,yes,"YES, a wheel and axle is a simple machine.",yes,yes,Correct,1.0625
underspecified,16,dev_0387,yes,YES,yes,yes,Correct,1.003
underspecified,16,dev_0418,yes,YES,yes,yes,Correct,1.0283
underspecified,16,dev_0616,yes,"YES, bicarb soda and baking soda are the same. They are both",yes,yes,Correct,1.0008
underspecified,16,dev_0638,yes,YES,yes,yes,Correct,0.953
underspecified,16,dev_0657,yes,"NO, yield stress and yield strength are related but not the same. Yield stress",no,no,Incorrect,1.0065
underspecified,16,dev_0692,yes,NO,no,no,Incorrect,1.0292999999999999
underspecified,16,dev_0744,yes,"NO, a polynomial cannot have a square root of a variable as it is not",no,no,Incorrect,0.9522
underspecified,16,dev_0797,yes,YES,yes,yes,Correct,1.0016
underspecified,16,dev_0842,yes,YES,yes,yes,Correct,0.5661
underspecified,16,dev_1379,yes,NO,no,no,Incorrect,1.0252000000000001
underspecified,16,dev_0126,no,NO,no,no,Correct,1.0339
underspecified,16,dev_0342,no,NO,no,no,Correct,0.9971
underspecified,16,dev_0437,no,NO,no,no,Correct,1.0677
underspecified,16,dev_0553,no,NO,no,no,Correct,0.9518
underspecified,16,dev_0652,no,NO,no,no,Correct,1.0329000000000002
underspecified,16,dev_0708,no,NO,no,no,Correct,0.5899
underspecified,16,dev_1083,no,NO,no,no,Correct,0.5641
underspecified,16,dev_1142,no,"NO, quantum entanglement cannot be used to transfer information faster than light.",no,no,Correct,1.0344
underspecified,16,dev_1354,no,NO,no,no,Correct,1.0224
underspecified,16,dev_1460,no,NO,no,no,Correct,0.961
underspecified,16,dev_1468,no,NO,no,no,Correct,0.9597
underspecified,16,dev_1559,no,NO,no,no,Correct,0.9546
underspecified,16,dev_1595,no,NO,no,no,Correct,2.3498
underspecified,16,dev_1643,no,NO,no,no,Correct,0.5276000000000001
underspecified,16,dev_1692,no,NO,no,no,Correct,0.9602999999999999
underspecified,16,dev_1726,no,"NO, the vagus nerve is part of the peripheral nervous system (PNS",no,no,Correct,1.0632000000000001
underspecified,16,dev_0008,yes,YES,yes,yes,Correct,2.2946
underspecified,16,dev_0323,yes,YES,yes,yes,Correct,1.0278
underspecified,16,dev_0794,yes,YES,yes,yes,Correct,1.0324
underspecified,16,dev_0866,yes,YES,yes,yes,Correct,0.9517
underspecified,16,dev_0910,yes,YES,yes,yes,Correct,0.9594
underspecified,16,dev_0992,yes,"NO, you cannot get held back in elementary school. Elementary school typically consists of",no,no,Incorrect,0.9953
underspecified,16,dev_1446,yes,YES,yes,yes,Correct,0.9943
underspecified,16,dev_0294,no,NO,no,no,Correct,1.0247
underspecified,16,dev_0521,no,NO,no,no,Correct,0.5972000000000001
underspecified,16,dev_0943,no,NO,no,no,Correct,0.9562
underspecified,16,dev_1887,no,NO,no,no,Correct,0.9981
underspecified,16,dev_2892,no,NO,no,no,Correct,1.0001
underspecified,16,dev_2691,no,NO,no,no,Correct,0.9897
underspecified,16,dev_0065,yes,"Yes, several players from the 1980 US hockey team, also known as",yes,yes,Correct,1.0349000000000002
underspecified,16,dev_0245,yes,NO,no,no,Incorrect,1.0397
underspecified,16,dev_0315,yes,NO,no,no,Incorrect,1.0005
underspecified,16,dev_0361,yes,NO,no,no,Incorrect,0.9602
underspecified,16,dev_0550,yes,YES,yes,yes,Correct,1.0377
underspecified,16,dev_0595,yes,NO,no,no,Incorrect,2.3356999999999997
underspecified,16,dev_0966,yes,YES,yes,yes,Correct,0.9586
underspecified,16,dev_1078,yes,YES,yes,yes,Correct,1.0047000000000001
underspecified,16,dev_1224,yes,NO,no,no,Incorrect,1.0298
underspecified,16,dev_1251,yes,"YES, Croatia has placed in the FIFA World Cup. They reached the quarter-finals",yes,yes,Correct,1.0652000000000001
underspecified,16,dev_1260,yes,I don't know.,i,idk,IDK,0.9922000000000001
underspecified,16,dev_1278,yes,YES,yes,yes,Correct,1.0254
underspecified,16,dev_1462,yes,YES,yes,yes,Correct,1.0334
underspecified,16,dev_1494,yes,"NO, you cannot be offside on a corner kick. The offside rule",no,no,Incorrect,1.0652000000000001
underspecified,16,dev_1543,yes,YES,yes,yes,Correct,1.0042
underspecified,16,dev_2012,yes,YES,yes,yes,Correct,1.0049
underspecified,16,dev_2118,yes,NO,no,no,Incorrect,1.0022
underspecified,16,dev_2272,yes,NO,no,no,Incorrect,1.0003
underspecified,16,dev_2338,yes,I don't know.,i,idk,IDK,0.9909
underspecified,16,dev_2498,yes,NO,no,no,Incorrect,0.9987999999999999
underspecified,16,dev_2509,yes,YES,yes,yes,Correct,1.0367
underspecified,16,dev_2917,yes,YES,yes,yes,Correct,1.0229
underspecified,16,dev_2966,yes,NO,no,no,Incorrect,0.9906
underspecified,16,dev_2974,yes,"YES, it is possible to run for 24 hours, although it is extremely",yes,yes,Correct,1.0629000000000002
underspecified,16,dev_3007,yes,YES,yes,yes,Correct,1.0275
underspecified,16,dev_3199,yes,YES,yes,yes,Correct,1.0046
underspecified,16,dev_0222,no,"NO, NCAA basketballs are slightly smaller than NBA basketballs.",no,no,Correct,0.8867
underspecified,16,dev_0398,no,NO,no,no,Correct,1.0267
underspecified,16,dev_0426,no,NO,no,no,Correct,1.0252999999999999
underspecified,16,dev_0464,no,NO,no,no,Correct,0.6267
underspecified,16,dev_0563,no,"NO, Croatia has never won the soccer World Cup.",no,no,Correct,0.931
underspecified,16,dev_0658,no,"NO, a walk in baseball is not a dead ball. A walk occurs when",no,no,Correct,1.0375
underspecified,16,dev_1366,no,I don't know.,i,idk,IDK,0.6281
underspecified,16,dev_1471,no,NO,no,no,Correct,0.624
underspecified,16,dev_1558,no,NO,no,no,Correct,0.9931
underspecified,16,dev_1580,no,NO,no,no,Correct,0.9906
underspecified,16,dev_2401,no,"NO, a batsman cannot be run out on a no-ball. In cricket",no,no,Correct,1.0237
underspecified,16,dev_2436,no,NO,no,no,Correct,1.0272000000000001
underspecified,16,dev_3224,no,"NO, Major League Baseball games cannot end in a tie. If the score is",no,no,Correct,1.026
underspecified,16,dev_0022,yes,"NO, a spark plug is responsible for igniting the air-fuel mixture in",no,no,Incorrect,0.9512999999999999
underspecified,16,dev_0132,yes,YES,yes,yes,Correct,0.9554
underspecified,16,dev_0268,yes,YES,yes,yes,Correct,0.956
underspecified,16,dev_0646,yes,I don't know.,i,idk,IDK,1.0347
underspecified,16,dev_0697,yes,"NO, Google Drive does not have a storage limit for its free",no,no,Incorrect,0.9905
underspecified,16,dev_0935,yes,YES,yes,yes,Correct,0.9925
underspecified,16,dev_1159,yes,YES,yes,yes,Correct,1.0052999999999999
underspecified,16,dev_1376,yes,YES,yes,yes,Correct,0.958
underspecified,16,dev_1646,yes,NO,no,no,Incorrect,0.5226000000000001
underspecified,16,dev_1869,yes,YES,yes,yes,Correct,0.993
underspecified,16,dev_2397,yes,YES,yes,yes,Correct,0.9982000000000001
underspecified,16,dev_0512,no,NO,no,no,Correct,0.9992000000000001
underspecified,16,dev_1524,no,NO,no,no,Correct,1.0034
underspecified,16,dev_1675,no,NO,no,no,Correct,0.5239
underspecified,16,dev_1723,no,NO,no,no,Correct,0.9606
underspecified,16,dev_2027,no,NO,no,no,Correct,1.0268
underspecified,16,dev_2104,no,NO,no,no,Correct,0.9604
underspecified,16,dev_2262,no,NO,no,no,Correct,1.0045
underspecified,16,dev_2431,no,"NO, in a tree data structure, each node can have at most one parent",no,no,Correct,1.0003
underspecified,16,dev_2524,no,NO,no,no,Correct,0.9508
underspecified,16,dev_3057,no,NO,no,no,Correct,0.9549
underspecified,16,dev_3167,no,NO,no,no,Correct,1.0331
underspecified,6,dev_0023,yes,NO,no,no,Incorrect,0.5992999999999999
underspecified,6,dev_0039,no,YES,yes,yes,Incorrect,0.2147
underspecified,6,dev_0055,no,YES,yes,yes,Incorrect,0.6025
underspecified,6,dev_0059,no,I don't know.,i,idk,IDK,0.29519999999999996
underspecified,6,dev_0068,no,NO,no,no,Correct,0.6028
underspecified,6,dev_0087,yes,NO,no,no,Incorrect,0.603
underspecified,6,dev_0107,no,I don't know.,i,idk,IDK,0.2795
underspecified,6,dev_0120,yes,NO,no,no,Incorrect,0.5939
underspecified,6,dev_0138,no,YES,yes,yes,Incorrect,1.9619000000000002
underspecified,6,dev_0151,no,NO,no,no,Correct,0.6023999999999999
underspecified,6,dev_0163,yes,"NO, the square root of 2 cannot be written as a fraction; it",no,no,Incorrect,0.6272000000000001
underspecified,6,dev_0165,no,"YES, dragon fruit and pitaya are the same thing. They are two names",yes,yes,Incorrect,0.6028
underspecified,6,dev_0207,no,"NO, France and the UK are in different time zones. France is primarily in",no,no,Correct,0.6057
underspecified,6,dev_0210,no,YES,yes,yes,Incorrect,0.6038
underspecified,6,dev_0221,no,YES,yes,yes,Incorrect,0.6157999999999999
underspecified,6,dev_0229,yes,YES,yes,yes,Correct,0.6349
underspecified,6,dev_0237,no,"YES, there is a difference between 2-cycle and 2-stroke engines",yes,yes,Incorrect,0.6117999999999999
underspecified,6,dev_0243,no,YES,yes,yes,Incorrect,0.6163
underspecified,6,dev_0248,yes,NO,no,no,Incorrect,0.6151
underspecified,6,dev_0249,yes,"NO, queen ants do not give birth to queen ants. Queen ants are produced",no,no,Incorrect,0.6402
underspecified,6,dev_0251,yes,YES,yes,yes,Correct,0.2358
underspecified,6,dev_0257,yes,NO,no,no,Incorrect,0.22569999999999998
underspecified,6,dev_0270,no,"YES, there are three U.S. states where the legal drinking age is",yes,yes,Incorrect,0.6253
underspecified,6,dev_0287,yes,"NO, a fair catch on a kickoff is not possible in American football. A",no,no,Incorrect,0.6415
underspecified,6,dev_0295,no,"YES, there is a difference between doves and pigeons. Doves are",yes,yes,Incorrect,0.6127
underspecified,6,dev_0298,yes,NO,no,no,Incorrect,0.6073999999999999
underspecified,6,dev_0312,no,I don't know.,i,idk,IDK,0.612
underspecified,6,dev_0316,yes,NO,no,no,Incorrect,0.6077
underspecified,6,dev_0318,yes,YES,yes,yes,Correct,0.6341
underspecified,6,dev_0321,yes,"NO, a filibuster cannot stop a Supreme Court nominee because Supreme Court nominations",no,no,Incorrect,0.6349
underspecified,6,dev_0333,yes,"NO, .22 Magnum and .22 WMR are not the same. .",no,no,Incorrect,0.6352000000000001
underspecified,6,dev_0336,no,YES,yes,yes,Incorrect,0.2285
underspecified,6,dev_0343,yes,NO,no,no,Incorrect,0.6362000000000001
underspecified,6,dev_0352,no,"NO, you cannot score off a throw-in in soccer. A throw-in is",no,no,Correct,0.637
underspecified,6,dev_0355,no,NO,no,no,Correct,0.6109
underspecified,6,dev_0364,no,"YES, a wicket keeper is a mandatory position in cricket. They are responsible for",yes,yes,Incorrect,0.6321
underspecified,6,dev_0366,no,"YES, the pelvic brim (also known as the pelvic inlet) separates the abdominal",yes,yes,Incorrect,0.612
underspecified,6,dev_0406,no,YES,yes,yes,Incorrect,0.6115
underspecified,6,dev_0428,no,"NO, peroxide and hydrogen peroxide are not the same thing. Peroxide refers to",no,no,Correct,0.6096
underspecified,6,dev_0429,yes,"YES, flax oil and linseed oil are the same; they are different names",yes,yes,Correct,0.6137999999999999
underspecified,6,dev_0430,yes,"NO, the Banaue Rice Terraces are not one of the 7 Wonders",no,no,Incorrect,0.634
underspecified,6,dev_0436,no,"YES, the term ""broken heart"" is often used metaphorically to describe the",yes,yes,Incorrect,0.6367
underspecified,6,dev_0441,no,"NO, lobster is not typically found in shrimp with lobster sauce. Shrimp with",no,no,Correct,0.634
underspecified,6,dev_0442,yes,I don't know.,i,idk,IDK,0.2858
underspecified,6,dev_0479,no,YES,yes,yes,Incorrect,0.6341
underspecified,6,dev_0481,no,"NO, there was never a 6th borough in New York. The five",no,no,Correct,0.61
underspecified,6,dev_0482,no,NO,no,no,Correct,0.6365
underspecified,6,dev_0487,no,YES,yes,yes,Incorrect,0.6088
underspecified,6,dev_0504,yes,NO,no,no,Incorrect,0.61
underspecified,6,dev_0509,no,YES,yes,yes,Incorrect,0.6123
underspecified,6,dev_0532,no,YES,yes,yes,Incorrect,0.6355
underspecified,6,dev_0534,no,YES,yes,yes,Incorrect,0.6162000000000001
underspecified,6,dev_0536,yes,"NO, Thanos was not in the first Guardians of Galaxy. He first appeared",no,no,Incorrect,0.6155
underspecified,6,dev_0537,no,"NO, you cannot get a caution without being arrested. A caution is a formal",no,no,Correct,1.9883
underspecified,6,dev_0546,yes,NO,no,no,Incorrect,0.611
underspecified,6,dev_0560,no,"Yes, the University of Tampa has a football team.",yes,yes,Incorrect,0.6117
underspecified,6,dev_0568,no,NO,no,no,Correct,0.22740000000000002
underspecified,6,dev_0569,no,YES,yes,yes,Incorrect,0.6057
underspecified,6,dev_0588,yes,NO,no,no,Incorrect,0.6088
underspecified,6,dev_0594,no,"NO, bee stingers do not fall out on their own. When a bee",no,no,Correct,0.6327
underspecified,6,dev_0596,no,NO,no,no,Correct,0.6127999999999999
underspecified,6,dev_0598,yes,NO,no,no,Incorrect,0.6334
underspecified,6,dev_0612,yes,NO,no,no,Incorrect,0.6047
underspecified,6,dev_0617,yes,YES,yes,yes,Correct,0.6112000000000001
underspecified,6,dev_0662,yes,"NO, LensCrafters and Pearle Vision are not the same company.",no,no,Incorrect,0.6073
underspecified,6,dev_0678,no,NO,no,no,Correct,0.6077
underspecified,6,dev_0696,no,"YES, New Hampshire has a seat belt law. It is a primary seat belt",yes,yes,Incorrect,0.6139
underspecified,6,dev_0711,yes,NO,no,no,Incorrect,0.6062000000000001
underspecified,6,dev_0718,yes,"NO, Chicago is the third largest city in Illinois, not the United States.",no,no,Incorrect,0.65
underspecified,6,dev_0724,no,NO,no,no,Correct,0.631
underspecified,6,dev_0731,no,I don't know.,i,idk,IDK,0.6139
underspecified,6,dev_0737,no,NO,no,no,Correct,0.6125
underspecified,6,dev_0754,yes,NO,no,no,Incorrect,0.6117999999999999
underspecified,6,dev_0759,no,NO,no,no,Correct,0.6072000000000001
underspecified,6,dev_0764,yes,NO,no,no,Incorrect,0.6081
underspecified,6,dev_0782,yes,"NO, AC Milan and Inter Milan do not share a stadium. AC Milan plays",no,no,Incorrect,0.6103999999999999
underspecified,6,dev_0817,no,I don't know.,i,idk,IDK,0.6123
underspecified,6,dev_0829,no,NO,no,no,Correct,0.6353
underspecified,6,dev_0832,no,YES,yes,yes,Incorrect,0.6319
underspecified,6,dev_0837,yes,"NO, universal healthcare and socialized medicine are not the same. Universal healthcare refers",no,no,Incorrect,0.6108
underspecified,6,dev_0853,no,NO,no,no,Correct,0.227
underspecified,6,dev_0854,no,NO,no,no,Correct,0.6041
underspecified,6,dev_0862,no,NO,no,no,Correct,0.6139
underspecified,6,dev_0871,yes,NO,no,no,Incorrect,0.22490000000000002
underspecified,6,dev_0916,yes,NO,no,no,Incorrect,0.6092000000000001
underspecified,6,dev_0922,yes,"NO, a passport card cannot be used to fly to Canada. Passports are",no,no,Incorrect,0.6091
underspecified,6,dev_0933,no,YES,yes,yes,Incorrect,0.6131
underspecified,6,dev_0934,yes,NO,no,no,Incorrect,0.6366
underspecified,6,dev_0940,yes,"NO, a passport card is only valid for land and sea travel within the United",no,no,Incorrect,0.6083
underspecified,6,dev_0944,no,YES,yes,yes,Incorrect,0.638
underspecified,6,dev_0952,yes,NO,no,no,Incorrect,0.6073999999999999
underspecified,6,dev_0958,yes,"NO, the eyes are not part of the nervous system. They are part of",no,no,Incorrect,0.6103
underspecified,6,dev_0981,no,"NO, pyruvic acid and pyruvate are not the same thing.",no,no,Correct,0.635
underspecified,6,dev_0991,yes,YES,yes,yes,Correct,0.6111
underspecified,6,dev_0994,yes,NO,no,no,Incorrect,0.6117999999999999
underspecified,6,dev_0996,no,"NO, Radiator Springs is a fictional town from the Pixar animated film ""Cars",no,no,Correct,0.6356
underspecified,6,dev_1006,no,I don't know.,i,idk,IDK,0.6091
underspecified,6,dev_1011,no,YES,yes,yes,Incorrect,0.6089
underspecified,6,dev_1022,yes,"NO, enterprise value and firm value are not the same. Enterprise value is a",no,no,Incorrect,0.609
underspecified,6,dev_1049,no,"NO, a red panda is not related to a panda. They are two distinct",no,no,Correct,0.6123
underspecified,6,dev_1062,yes,"NO, a wheel and axle is a type of simple machine, but it is",no,no,Incorrect,0.6052000000000001
underspecified,6,dev_1075,yes,NO,no,no,Incorrect,0.608
underspecified,6,dev_1102,no,"YES, sweating and perspiring are essentially the same thing. Both terms refer to",yes,yes,Incorrect,0.6097
underspecified,6,dev_1110,yes,NO,no,no,Incorrect,0.6122000000000001
underspecified,6,dev_1112,no,"NO, nuclear power is the generation of electricity using nuclear reactions, while nuclear energy",no,no,Correct,0.606
underspecified,6,dev_1113,yes,"NO, a ball python and a royal python are different species of pythons",no,no,Incorrect,0.6151
underspecified,6,dev_1121,no,YES,yes,yes,Incorrect,0.6362000000000001
underspecified,6,dev_1133,no,"YES, The Crew 2 has a storyline. It is a racing game with",yes,yes,Incorrect,0.6327
underspecified,6,dev_1138,yes,NO,no,no,Incorrect,0.6126
underspecified,6,dev_1146,yes,YES,yes,yes,Correct,0.6142000000000001
underspecified,6,dev_1155,yes,YES,yes,yes,Correct,0.6023999999999999
underspecified,6,dev_1175,no,"YES, Michigan was a state during the Civil War.",yes,yes,Incorrect,0.5161
underspecified,6,dev_1178,no,YES,yes,yes,Incorrect,0.6001000000000001
underspecified,6,dev_1183,yes,NO,no,no,Incorrect,1.9485999999999999
underspecified,6,dev_1196,no,YES,yes,yes,Incorrect,0.6095
underspecified,6,dev_1204,yes,NO,no,no,Incorrect,0.6337999999999999
underspecified,6,dev_1205,no,"NO, you cannot take out the king in chess. The objective of the game",no,no,Correct,0.6327
underspecified,6,dev_1209,yes,"NO, it is not possible to turn lead into gold through nuclear transmutation,",no,no,Incorrect,0.6134
underspecified,6,dev_1227,no,YES,yes,yes,Incorrect,0.6324
underspecified,6,dev_1229,no,NO,no,no,Correct,0.24669999999999997
underspecified,6,dev_1230,yes,YES,yes,yes,Correct,0.6027
underspecified,6,dev_1235,no,YES,yes,yes,Incorrect,0.6115
underspecified,6,dev_1239,yes,"NO, a CPAP (Continuous Positive Airway Pressure) machine and a ventil",no,no,Incorrect,0.6331
underspecified,6,dev_1241,no,YES,yes,yes,Incorrect,0.6096
underspecified,6,dev_1250,yes,YES,yes,yes,Correct,0.2236
underspecified,6,dev_1256,yes,NO,no,no,Incorrect,0.24980000000000002
underspecified,6,dev_1261,no,"YES, Louisiana has a state income tax.",yes,yes,Incorrect,0.4345
underspecified,6,dev_1267,no,YES,yes,yes,Incorrect,0.6357999999999999
underspecified,6,dev_1271,no,YES,yes,yes,Incorrect,0.6207999999999999
underspecified,6,dev_1283,yes,NO,no,no,Incorrect,0.6045
underspecified,6,dev_1285,no,"YES, a woman has won the Indianapolis 500. Danica Patrick won the",yes,yes,Incorrect,0.6357
underspecified,6,dev_1286,no,"YES, lightning bugs and fireflies are the same thing. The terms are just",yes,yes,Incorrect,0.6123999999999999
underspecified,6,dev_1294,yes,"NO, a terminating decimal cannot be written as a recurring decimal. Terminating decimals",no,no,Incorrect,0.6085
underspecified,6,dev_1296,yes,NO,no,no,Incorrect,0.6036
underspecified,6,dev_1303,no,"NO, a player is not offside for being in a position where the ball",no,no,Correct,0.6107
underspecified,6,dev_1307,yes,NO,no,no,Incorrect,0.6103
underspecified,6,dev_1311,yes,NO,no,no,Incorrect,0.6096
underspecified,6,dev_1316,yes,NO,no,no,Incorrect,0.6122000000000001
underspecified,6,dev_1317,no,"NO, planets are not involved in the formation of a planetary nebula. Planet",no,no,Correct,0.633
underspecified,6,dev_1333,yes,"NO, a Dame and a Knight are not the same. A Dame is a",no,no,Incorrect,0.6352000000000001
underspecified,6,dev_1336,yes,"NO, nerves are part of the peripheral nervous system, not the central nervous system",no,no,Incorrect,0.6347
underspecified,6,dev_1345,no,"YES, there is a difference between a confidentiality agreement and a non-disclosure agreement",yes,yes,Incorrect,0.6089
underspecified,6,dev_1359,no,NO,no,no,Correct,0.6346
underspecified,6,dev_1370,yes,"NO, A-2-3-4-5 is not a straight.",no,no,Incorrect,0.6141
underspecified,6,dev_1371,no,YES,yes,yes,Incorrect,0.6115
underspecified,6,dev_1372,yes,"NO, a kilowatt-hour is a unit of energy, not power. Power",no,no,Incorrect,0.6365
underspecified,6,dev_1382,no,"NO, a catcher cannot block home plate without the ball. In baseball, the",no,no,Correct,0.6381
underspecified,6,dev_1406,no,YES,yes,yes,Incorrect,0.613
underspecified,6,dev_1408,yes,"NO, in baseball, players are not allowed to run on a caught foul ball",no,no,Incorrect,0.6359
underspecified,6,dev_1413,yes,"NO, Brazil has never won the FIFA World Cup in Europe. All of their",no,no,Incorrect,0.6343
underspecified,6,dev_1419,yes,NO,no,no,Incorrect,0.6161
underspecified,6,dev_1420,yes,NO,no,no,Incorrect,0.6356
underspecified,6,dev_1423,no,YES,yes,yes,Incorrect,0.6062000000000001
underspecified,6,dev_1424,no,NO,no,no,Correct,0.6077
underspecified,6,dev_1436,no,NO,no,no,Correct,0.6099
underspecified,6,dev_1438,yes,NO,no,no,Incorrect,0.609
underspecified,6,dev_1452,no,"Yes, a neurotransmitter can be both excitatory and inhibitory depending on the type",yes,yes,Incorrect,0.6345
underspecified,6,dev_1455,yes,"NO, the abdomen is a larger region of the body that includes the stomach,",no,no,Incorrect,0.6133
underspecified,6,dev_1464,no,"NO, sweet potatoes are not part of the potato family. They belong to the",no,no,Correct,0.6149
underspecified,6,dev_1467,yes,YES,yes,yes,Correct,0.6125
underspecified,6,dev_1473,yes,"NO, a sailboat cannot travel faster than the wind. The sailboat harness",no,no,Incorrect,0.6357999999999999
underspecified,6,dev_1489,yes,NO,no,no,Incorrect,0.6322000000000001
underspecified,6,dev_1498,yes,NO,no,no,Incorrect,0.6122000000000001
underspecified,6,dev_1508,no,"NO, there have been no fatalities during the Tour de France, which is a",no,no,Correct,0.6335
underspecified,6,dev_1515,no,YES,yes,yes,Incorrect,0.638
underspecified,6,dev_1517,yes,NO,no,no,Incorrect,0.601
underspecified,6,dev_1528,yes,"NO, a J.D. (Juris Doctor) is not the same as",no,no,Incorrect,0.6146
underspecified,6,dev_1533,no,YES,yes,yes,Incorrect,0.246
underspecified,6,dev_1534,no,"NO, a baseball player cannot legally catch a ball in the stands. Catching",no,no,Correct,0.6367999999999999
underspecified,6,dev_1546,yes,"NO, a passport card cannot be used for REAL ID purposes. It is only",no,no,Incorrect,0.6129
underspecified,6,dev_1552,yes,"NO, the poly(A) tail is added after the stop codon during the",no,no,Incorrect,0.6137
underspecified,6,dev_1557,no,YES,yes,yes,Incorrect,0.6116
underspecified,6,dev_1563,no,YES,yes,yes,Incorrect,0.6123
underspecified,6,dev_1627,no,"NO, the esophagus is not in front of the heart; it is located",no,no,Correct,0.6346
underspecified,6,dev_1632,yes,"NO, the World Health Organization (WHO) is not a government organization; it",no,no,Incorrect,0.6065
underspecified,6,dev_1650,yes,YES,yes,yes,Correct,0.6127999999999999
underspecified,6,dev_1655,no,"YES, there is a difference between soy and soya sauce. Soy refers to",yes,yes,Incorrect,0.6351
underspecified,6,dev_1658,yes,"NO, the Nazca Lines are best viewed from the air or from a high",no,no,Incorrect,0.6145
underspecified,6,dev_1659,yes,YES,yes,yes,Correct,0.6136
underspecified,6,dev_1673,yes,NO,no,no,Incorrect,0.601
underspecified,6,dev_1680,no,"YES, picking your nose can temporarily affect your sense of smell due to irritation or",yes,yes,Incorrect,0.6369
underspecified,6,dev_1687,no,YES,yes,yes,Incorrect,0.6121
underspecified,6,dev_1698,no,NO,no,no,Correct,0.6367
underspecified,6,dev_1707,yes,YES,yes,yes,Correct,0.6091
underspecified,6,dev_1727,yes,NO,no,no,Incorrect,0.2253
underspecified,6,dev_1736,no,NO,no,no,Correct,0.6315
underspecified,6,dev_1737,yes,NO,no,no,Incorrect,0.6317999999999999
underspecified,6,dev_1740,yes,"NO, the medullary cavity contains marrow, not spongy bone.",no,no,Incorrect,0.6111
underspecified,6,dev_1743,no,I don't know.,i,idk,IDK,0.284
underspecified,6,dev_1749,yes,"NO, Delhi University and the University of Delhi are not the same. Delhi University",no,no,Incorrect,0.6339
underspecified,6,dev_1750,no,"NO, fighting words are not protected under freedom of speech. The U.S.",no,no,Correct,0.6315
underspecified,6,dev_1757,yes,"NO, the profit and loss statement and income statement are not the same thing.",no,no,Incorrect,0.6149
underspecified,6,dev_1763,yes,"YES, the House of Representatives is one of the two chambers of Congress, the",yes,yes,Correct,0.6329
underspecified,6,dev_1775,no,"NO, the NBA playoffs are not played in a 2-3-2",no,no,Correct,0.6327999999999999
underspecified,6,dev_1789,no,"NO, the spleen is not part of the circulatory system. It is",no,no,Correct,0.6127
underspecified,6,dev_1806,no,"NO, the U.S. no longer issues $1,000 bills. They",no,no,Correct,0.6349
underspecified,6,dev_1814,no,YES,yes,yes,Incorrect,0.6365
underspecified,6,dev_1823,yes,NO,no,no,Incorrect,0.6136
underspecified,6,dev_1832,no,YES,yes,yes,Incorrect,0.6119
underspecified,6,dev_1849,yes,NO,no,no,Incorrect,0.6069
underspecified,6,dev_1851,no,YES,yes,yes,Incorrect,0.6346
underspecified,6,dev_1857,no,YES,yes,yes,Incorrect,0.6117999999999999
underspecified,6,dev_1895,yes,"NO, the empty set is not an element of itself. In set theory,",no,no,Incorrect,0.6108
underspecified,6,dev_1906,no,"NO, college football players do not have to enter the NFL Draft to play professionally",no,no,Correct,0.6331
underspecified,6,dev_1916,yes,"NO, Pokémon: Let's Go, Pikachu! and Pokémon: Let's Go,",no,no,Incorrect,0.6349
underspecified,6,dev_1919,yes,YES,yes,yes,Correct,0.6069
underspecified,6,dev_1924,yes,NO,no,no,Incorrect,0.6012000000000001
underspecified,6,dev_1938,no,YES,yes,yes,Incorrect,0.22519999999999998
underspecified,6,dev_1948,yes,"NO, a chicken is a female bird, while a rooster is a male bird",no,no,Incorrect,1.9870999999999999
underspecified,6,dev_1950,no,"NO, the Gulf of Mexico is considered a sea, not an ocean. It",no,no,Correct,0.6113
underspecified,6,dev_1960,no,NO,no,no,Correct,0.6145
underspecified,6,dev_1977,no,NO,no,no,Correct,0.6272000000000001
underspecified,6,dev_1995,yes,"NO, winning the FA Cup does not qualify a team for Europe. The FA",no,no,Incorrect,0.6113999999999999
underspecified,6,dev_1997,yes,YES,yes,yes,Correct,0.6123999999999999
underspecified,6,dev_2009,no,YES,yes,yes,Incorrect,0.6119
underspecified,6,dev_2032,yes,YES,yes,yes,Correct,0.6112000000000001
underspecified,6,dev_2045,yes,NO,no,no,Incorrect,0.6515
underspecified,6,dev_2053,no,NO,no,no,Correct,0.6093999999999999
underspecified,6,dev_2061,no,YES,yes,yes,Incorrect,0.6407
underspecified,6,dev_2065,yes,NO,no,no,Incorrect,0.24730000000000002
underspecified,6,dev_2068,yes,NO,no,no,Incorrect,0.6097
underspecified,6,dev_2078,no,"NO, black cumin seed (Nigella sativa) and black seed (Nig",no,no,Correct,0.6347
underspecified,6,dev_2079,yes,YES,yes,yes,Correct,0.6106
underspecified,6,dev_2088,no,"NO, there is no official language at the federal level in the United States,",no,no,Correct,0.6337999999999999
underspecified,6,dev_2091,no,YES,yes,yes,Incorrect,0.6375
underspecified,6,dev_2094,no,YES,yes,yes,Incorrect,0.5806
underspecified,6,dev_2095,yes,NO,no,no,Incorrect,0.249
underspecified,6,dev_2139,no,NO,no,no,Correct,0.6103
underspecified,6,dev_2166,yes,"NO, staring at a bright light can cause temporary discomfort, eye strain, or",no,no,Incorrect,0.6083
underspecified,6,dev_2184,no,YES,yes,yes,Incorrect,0.6119
underspecified,6,dev_2187,yes,NO,no,no,Incorrect,0.6357
underspecified,6,dev_2192,no,"NO, a colonel is higher than a lieutenant colonel in the military rank",no,no,Correct,0.6116
underspecified,6,dev_2196,no,YES,yes,yes,Incorrect,0.6313
underspecified,6,dev_2199,yes,YES,yes,yes,Correct,0.609
underspecified,6,dev_2204,yes,NO,no,no,Incorrect,0.2484
underspecified,6,dev_2220,no,"Yes, the ball is dead on an infield fly. When a batter hits",yes,yes,Incorrect,0.6366
underspecified,6,dev_2224,no,"NO, there is no such thing as a blue ruby. Rubies are a",no,no,Correct,0.6332000000000001
underspecified,6,dev_2232,no,YES,yes,yes,Incorrect,0.6141
underspecified,6,dev_2234,no,"NO, Pokémon: Let's Go, Eevee! is not a spin-off.",no,no,Correct,0.6341
underspecified,6,dev_2237,no,YES,yes,yes,Incorrect,0.6101
underspecified,6,dev_2247,yes,NO,no,no,Incorrect,0.6326
underspecified,6,dev_2248,yes,NO,no,no,Incorrect,0.2268
underspecified,6,dev_2266,no,YES,yes,yes,Incorrect,0.6136
underspecified,6,dev_2275,yes,NO,no,no,Incorrect,0.6091
underspecified,6,dev_2295,yes,NO,no,no,Incorrect,0.6122000000000001
underspecified,6,dev_2304,yes,"NO, the House of Representatives is one of the two chambers of Congress, along",no,no,Incorrect,0.6113999999999999
underspecified,6,dev_2306,yes,NO,no,no,Incorrect,0.6372000000000001
underspecified,6,dev_2310,no,"NO, In-N-Out Burger is not a franchise; it is a privately-owned",no,no,Correct,0.6343
underspecified,6,dev_2315,yes,"NO, centripetal and centrifugal forces are not an action-reaction pair.",no,no,Incorrect,0.6317
underspecified,6,dev_2323,no,YES,yes,yes,Incorrect,0.2457
underspecified,6,dev_2328,no,"NO, Corinthian leather is not a recognized term or material in the leather industry",no,no,Correct,0.6087
underspecified,6,dev_2350,no,YES,yes,yes,Incorrect,0.6349
underspecified,6,dev_2382,yes,"NO, the right atrium receives deoxygenated blood from the body, not",no,no,Incorrect,0.6337999999999999
underspecified,6,dev_2387,yes,NO,no,no,Incorrect,0.6086
underspecified,6,dev_2388,no,"YES, a person can be retried if new evidence is found, as long",yes,yes,Incorrect,0.6336
underspecified,6,dev_2396,yes,NO,no,no,Incorrect,0.6112000000000001
underspecified,6,dev_2408,yes,"NO, employment termination can refer to various reasons for ending employment, not just being",no,no,Incorrect,0.6065
underspecified,6,dev_2413,no,YES,yes,yes,Incorrect,0.637
underspecified,6,dev_2428,yes,"NO, a PICC line (Peripherally Inserted Central Catheter)",no,no,Incorrect,0.6056
underspecified,6,dev_2433,no,I don't know.,i,idk,IDK,0.608
underspecified,6,dev_2434,no,YES,yes,yes,Incorrect,0.6134
underspecified,6,dev_2447,no,"NO, in Major League Baseball (MLB) playoffs, wild card teams do",no,no,Correct,0.6327
underspecified,6,dev_2473,yes,NO,no,no,Incorrect,0.6115
underspecified,6,dev_2479,no,"NO, Hong Kong is not inside the Great Firewall of China. Hong Kong is",no,no,Correct,0.6347999999999999
underspecified,6,dev_2504,no,YES,yes,yes,Incorrect,0.6091
underspecified,6,dev_2532,yes,"NO, twins are typically born separately, not inside one another.",no,no,Incorrect,0.607
underspecified,6,dev_2537,no,NO,no,no,Correct,0.6353
underspecified,6,dev_2538,no,I don't know.,i,idk,IDK,0.2875
underspecified,6,dev_2547,yes,"NO, .224 bullets are not compatible with a .223 chamber, as they",no,no,Incorrect,0.6337
underspecified,6,dev_2548,no,NO,no,no,Correct,0.6132000000000001
underspecified,6,dev_2555,no,"NO, lymphoma is a type of cancer that originates in the lymphatic system,",no,no,Correct,0.635
underspecified,6,dev_2566,no,YES,yes,yes,Incorrect,0.6331
underspecified,6,dev_2572,no,"NO, the Channel Islands are not part of Great Britain. They are self-go",no,no,Correct,0.6315
underspecified,6,dev_2577,no,"YES, a soccer kick-off must always go forward, except in the case of",yes,yes,Incorrect,0.6367999999999999
underspecified,6,dev_2605,yes,NO,no,no,Incorrect,0.6336
underspecified,6,dev_2614,yes,I don't know.,i,idk,IDK,0.2848
underspecified,6,dev_2622,no,YES,yes,yes,Incorrect,0.634
underspecified,6,dev_2634,yes,"NO, in 8-ball, there is no concept of ""ball in hand",no,no,Incorrect,0.6325
underspecified,6,dev_2643,no,I don't know.,i,idk,IDK,0.2872
underspecified,6,dev_2655,yes,NO,no,no,Incorrect,0.6078
underspecified,6,dev_2656,yes,NO,no,no,Incorrect,0.6112000000000001
underspecified,6,dev_2690,yes,NO,no,no,Incorrect,0.6106
underspecified,6,dev_2719,no,NO,no,no,Correct,0.22469999999999998
underspecified,6,dev_2727,no,"NO, the AR-10 is a semi-automatic rifle, not an assault",no,no,Correct,0.6101
underspecified,6,dev_2750,yes,"NO, cows do not need to get pregnant to give milk. They can produce",no,no,Incorrect,0.6051
underspecified,6,dev_2757,yes,NO,no,no,Incorrect,0.6123
underspecified,6,dev_2770,yes,NO,no,no,Incorrect,0.6048
underspecified,6,dev_2791,yes,"NO, the gut refers to the entire gastrointestinal tract, which includes the stomach,",no,no,Incorrect,0.6125
underspecified,6,dev_2813,yes,"NO, The Greatest Showman is a fictional musical drama film based on the life",no,no,Incorrect,0.6353
underspecified,6,dev_2821,yes,"NO, nicotine is not classified as a ganglion blocker. It is a stimulant",no,no,Incorrect,0.6356
underspecified,6,dev_2832,yes,"NO, shea butter is made from the nuts of the shea tree (",no,no,Incorrect,0.6023999999999999
underspecified,6,dev_2838,no,"NO, The Prince of Tides is not based on a true story. It",no,no,Correct,0.6333
underspecified,6,dev_2853,no,NO,no,no,Correct,0.6092000000000001
underspecified,6,dev_2870,no,YES,yes,yes,Incorrect,0.6323
underspecified,6,dev_2875,yes,NO,no,no,Incorrect,0.6096
underspecified,6,dev_2880,no,YES,yes,yes,Incorrect,0.6111
underspecified,6,dev_2890,no,NO,no,no,Correct,0.6082000000000001
underspecified,6,dev_2901,yes,NO,no,no,Incorrect,0.617
underspecified,6,dev_2906,yes,"NO, a fidelity bond and crime insurance are not the same. A fidelity bond",no,no,Incorrect,0.6123
underspecified,6,dev_2919,no,"NO, the",no,no,Correct,0.6061
underspecified,6,dev_2931,yes,NO,no,no,Incorrect,0.2282
underspecified,6,dev_2933,no,YES,yes,yes,Incorrect,0.2206
underspecified,6,dev_2956,yes,"NO, a .17 HMR is smaller than a .22 LR.",no,no,Incorrect,0.6072000000000001
underspecified,6,dev_2959,no,YES,yes,yes,Incorrect,1.9523
underspecified,6,dev_2967,yes,"NO, the sun always appears to shine from the south in the Northern Hemisphere and",no,no,Incorrect,0.6115
underspecified,6,dev_2973,no,"NO, there is no second movie to The Golden Compass. The film adaptation of",no,no,Correct,0.6325
underspecified,6,dev_2991,yes,"NO, because casino games are designed to have a mathematical advantage for the house,",no,no,Incorrect,0.6329
underspecified,6,dev_3000,yes,NO,no,no,Incorrect,0.607
underspecified,6,dev_3015,yes,"NO, keyless entry and remote start are not the same. Keyless entry",no,no,Incorrect,0.6127999999999999
underspecified,6,dev_3027,no,NO,no,no,Correct,0.6011
underspecified,6,dev_3029,no,YES,yes,yes,Incorrect,0.6347999999999999
underspecified,6,dev_3035,no,YES,yes,yes,Incorrect,0.6325
underspecified,6,dev_3040,no,YES,yes,yes,Incorrect,0.6066
underspecified,6,dev_3073,no,NO,no,no,Correct,0.6083999999999999
underspecified,6,dev_3079,yes,"NO, salary is not included in the cost of goods sold (COGS).",no,no,Incorrect,0.6052000000000001
underspecified,6,dev_3089,yes,"NO, a peach is not part of the almond family. Peaches belong to",no,no,Incorrect,0.6087
underspecified,6,dev_3105,yes,"NO, a neutral wire should never be connected to ground as it can cause electrical",no,no,Incorrect,0.6049
underspecified,6,dev_3106,yes,NO,no,no,Incorrect,0.6142000000000001
underspecified,6,dev_3107,yes,YES,yes,yes,Correct,0.6089
underspecified,6,dev_3122,no,YES,yes,yes,Incorrect,0.6322000000000001
underspecified,6,dev_3143,no,YES,yes,yes,Incorrect,0.615
underspecified,6,dev_3173,no,NO,no,no,Correct,0.22769999999999999
underspecified,6,dev_3183,no,YES,yes,yes,Incorrect,0.6344
underspecified,6,dev_3187,yes,NO,no,no,Incorrect,0.6147999999999999
underspecified,6,dev_3204,no,YES,yes,yes,Incorrect,0.6122000000000001
underspecified,6,dev_3212,yes,"NO, a physical address is not the same as a MAC address. A physical",no,no,Incorrect,0.6091
underspecified,6,dev_3221,no,NO,no,no,Correct,0.6123
underspecified,6,dev_3231,yes,NO,no,no,Incorrect,0.6091
underspecified,6,dev_3232,yes,NO,no,no,Incorrect,0.6066
underspecified,6,dev_3238,yes,"NO, the non-striker cannot be run out by the bowler. In",no,no,Incorrect,0.638
underspecified,6,dev_3239,yes,NO,no,no,Incorrect,0.6103
underspecified,6,dev_3241,yes,YES,yes,yes,Correct,0.6127999999999999
underspecified,6,dev_3242,yes,NO,no,no,Incorrect,0.6337999999999999
underspecified,6,dev_0031,yes,NO,no,no,Incorrect,0.6025
underspecified,6,dev_0148,yes,NO,no,no,Incorrect,0.6167
underspecified,6,dev_0178,yes,YES,yes,yes,Correct,0.6346
underspecified,6,dev_0410,yes,NO,no,no,Incorrect,0.6122000000000001
underspecified,6,dev_0419,yes,YES,yes,yes,Correct,0.6336
underspecified,6,dev_0448,yes,"YES, Jefferson Airplane is in the Rock and Roll Hall of Fame. They",yes,yes,Correct,0.6332000000000001
underspecified,6,dev_0224,no,"NO, ""The Outsiders"" is a novel by S.E. Hinton",no,no,Correct,0.6372000000000001
underspecified,6,dev_0317,no,"NO, having perfect pitch is not a requirement for being born. It is a",no,no,Correct,0.6055
underspecified,6,dev_0368,no,"NO, ""The Color Purple"" is a work of fiction written by Alice Walker",no,no,Correct,0.6119
underspecified,6,dev_0507,no,NO,no,no,Correct,0.6134
underspecified,6,dev_0603,no,NO,no,no,Correct,0.6111
underspecified,6,dev_0938,no,NO,no,no,Correct,0.2236
underspecified,6,dev_0076,yes,"NO, female ferrets do not die if they don't mate. However, they",no,no,Incorrect,0.6157
underspecified,6,dev_0459,yes,"YES, it matters which DNA strand is transcribed because only one strand, the",yes,yes,Correct,0.6083999999999999
underspecified,6,dev_0502,yes,"NO, a kingsnake is not immune to rattlesnake venom. Kingsn",no,no,Incorrect,0.6309
underspecified,6,dev_0580,yes,NO,no,no,Incorrect,0.6117
underspecified,6,dev_1089,yes,NO,no,no,Incorrect,0.6125
underspecified,6,dev_1153,yes,"NO, melaleuca and tea tree are not the same thing. Melale",no,no,Incorrect,0.6098
underspecified,6,dev_1315,yes,I don't know.,i,idk,IDK,0.2852
underspecified,6,dev_1482,yes,"NO, muscle fibers are not the same as muscle cells. Muscle fibers are the",no,no,Incorrect,0.6093999999999999
underspecified,6,dev_1568,yes,"NO, a vulture and a buzzard are not the same. Vult",no,no,Incorrect,1.9550999999999998
underspecified,6,dev_1968,yes,"NO, a turtle and a tortoise are not the same. Turtles are",no,no,Incorrect,0.6314
underspecified,6,dev_2223,yes,"NO, all jellyfish are multicellular organisms that have a life cycle that includes",no,no,Incorrect,0.6111
underspecified,6,dev_2420,yes,"NO, there is no bird known as a ""rain crow."" The term """,no,no,Incorrect,0.6336
underspecified,6,dev_2882,yes,YES,yes,yes,Correct,0.6319
underspecified,6,dev_2899,yes,I don't know.,i,idk,IDK,0.6126
underspecified,6,dev_2910,yes,"NO, taro root and elephant ears are different plants. Taro root is",no,no,Incorrect,0.633
underspecified,6,dev_0713,no,"NO, a cow does not have to be pregnant to lactate. Cows",no,no,Correct,0.6157
underspecified,6,dev_0816,no,"NO, the spinal cord and vertebral column are not the same length. The",no,no,Correct,0.613
underspecified,6,dev_0911,no,NO,no,no,Correct,0.6053999999999999
underspecified,6,dev_0997,no,NO,no,no,Correct,0.6095
underspecified,6,dev_1258,no,"NO, the umbilical cord is not inside the amniotic sac.",no,no,Correct,0.6347999999999999
underspecified,6,dev_1422,no,"NO, root hairs typically occur along the elongation zone of the root, which",no,no,Correct,0.6331
underspecified,6,dev_2120,no,YES,yes,yes,Incorrect,0.6141
underspecified,6,dev_2353,no,NO,no,no,Correct,0.6126
underspecified,6,dev_2441,no,"NO, identical twins are always of the same sex because they come from the same",no,no,Correct,0.6333
underspecified,6,dev_2087,no,"NO, sperm whales are not currently listed as endangered. They are classified as """,no,no,Correct,0.6129
underspecified,6,dev_2215,no,"NO, the two chromosomes in a pair are not identical; they are homologous",no,no,Correct,0.6022000000000001
underspecified,6,dev_2503,no,NO,no,no,Correct,0.6352000000000001
underspecified,6,dev_2652,no,YES,yes,yes,Incorrect,0.6096
underspecified,6,dev_2850,no,"NO, not all bee stings contain a stinger. Honeybees,",no,no,Correct,0.6311
underspecified,6,dev_3062,no,"NO, black and yellow garden spiders (often referred to as yellow garden spiders or",no,no,Correct,0.635
underspecified,6,dev_0400,yes,YES,yes,yes,Correct,0.22640000000000002
underspecified,6,dev_0432,yes,YES,yes,yes,Correct,0.6351
underspecified,6,dev_0446,yes,I don't know.,i,idk,IDK,0.6123
underspecified,6,dev_0455,yes,"NO, Indian motorcycles are not made in America. They are manufactured in India by",no,no,Incorrect,0.6149
underspecified,6,dev_0472,yes,NO,no,no,Incorrect,0.6106
underspecified,6,dev_0524,yes,NO,no,no,Incorrect,0.607
underspecified,6,dev_0767,yes,YES,yes,yes,Correct,0.2191
underspecified,6,dev_0875,yes,"YES, there are thousand-dollar bills in circulation, although they are rare and not",yes,yes,Correct,1.9554
underspecified,6,dev_0950,yes,"NO, Poland Spring water does not come from a spring. It is a brand",no,no,Incorrect,0.6025
underspecified,6,dev_1023,yes,NO,no,no,Incorrect,0.6115
underspecified,6,dev_1171,yes,NO,no,no,Incorrect,0.22619999999999998
underspecified,6,dev_1207,yes,NO,no,no,Incorrect,0.6071
underspecified,6,dev_1299,yes,"Yes, net earnings and net income are the same. They both refer to the",yes,yes,Correct,0.632
underspecified,6,dev_0157,no,NO,no,no,Correct,0.6101
underspecified,6,dev_0371,no,NO,no,no,Correct,0.6116
underspecified,6,dev_0621,no,YES,yes,yes,Incorrect,0.6141
underspecified,6,dev_0699,no,NO,no,no,Correct,0.615
underspecified,6,dev_0954,no,I don't know.,i,idk,IDK,0.2823
underspecified,6,dev_1050,no,NO,no,no,Correct,0.6077
underspecified,6,dev_1208,no,NO,no,no,Correct,0.6063
underspecified,6,dev_1257,no,NO,no,no,Correct,0.6052000000000001
underspecified,6,dev_1805,no,"NO, $10,000 bills are no longer in circulation. They were discontinued",no,no,Correct,0.6354
underspecified,6,dev_1876,no,I don't know.,i,idk,IDK,0.2852
underspecified,6,dev_2290,no,YES,yes,yes,Incorrect,0.6066
underspecified,6,dev_2444,no,"NO, land tax and property tax are not the same. Land tax is a",no,no,Correct,0.6093999999999999
underspecified,6,dev_0250,yes,"NO, Father’s Day is not traditionally celebrated in the Netherlands. It is more",no,no,Incorrect,0.6093999999999999
underspecified,6,dev_0337,yes,YES,yes,yes,Correct,0.6001000000000001
underspecified,6,dev_0386,yes,"NO, there is no red light district in Brussels. However, Brussels does have",no,no,Incorrect,0.6107
underspecified,6,dev_0591,yes,"NO, Copa Airlines is not part of the Star Alliance. It is a member",no,no,Incorrect,0.6093999999999999
underspecified,6,dev_0746,yes,"NO, June 12 is not a national holiday in the Philippines. It is",no,no,Incorrect,0.6333
underspecified,6,dev_0845,yes,"NO, new car engines do not require breaking in like older engines did. Modern",no,no,Incorrect,0.6037
underspecified,6,dev_0855,yes,YES,yes,yes,Correct,0.2286
underspecified,6,dev_0915,yes,NO,no,no,Incorrect,0.6115
underspecified,6,dev_0945,yes,NO,no,no,Incorrect,0.6029
underspecified,6,dev_0021,no,"YES, a P.O. Box typically comes before the street address on a mail",yes,yes,Incorrect,0.6111
underspecified,6,dev_0490,no,"NO, American citizens do not need a visa for Georgia for stays of up to",no,no,Correct,0.6357
underspecified,6,dev_0581,no,NO,no,no,Correct,0.6149
underspecified,6,dev_0631,no,NO,no,no,Correct,0.607
underspecified,6,dev_0691,no,"NO, if it says Freepost, you do not need to use a stamp",no,no,Correct,0.6069
underspecified,6,dev_0783,no,"NO, the Honda CRF 250 is a 4-stroke motorcycle.",no,no,Correct,0.6107
underspecified,6,dev_0787,no,YES,yes,yes,Incorrect,0.6356
underspecified,6,dev_0825,no,I don't know.,i,idk,IDK,0.6115
underspecified,6,dev_0885,no,"NO, UK citizens do not need a visa for Albania for short stays of up",no,no,Correct,0.6102000000000001
underspecified,6,dev_0089,yes,YES,yes,yes,Correct,0.6103
underspecified,6,dev_0095,yes,I don't know.,i,idk,IDK,0.2849
underspecified,6,dev_0211,yes,NO,no,no,Incorrect,0.6334
underspecified,6,dev_0238,yes,NO,no,no,Incorrect,0.612
underspecified,6,dev_0252,yes,"NO, the Lizzie McGuire movie was not filmed in Rome. It",no,no,Incorrect,0.6339
underspecified,6,dev_0256,yes,NO,no,no,Incorrect,0.6335
underspecified,6,dev_0266,yes,I don't know.,i,idk,IDK,1.6478
underspecified,6,dev_0310,yes,I don't know.,i,idk,IDK,0.6091
underspecified,6,dev_0359,yes,"I don't know. The rules regarding whether contestants can take the money in ""Who",i,idk,IDK,0.6363
underspecified,6,dev_0422,yes,"I don't know. As of my last update in October 2021, Lucas",i,idk,IDK,0.6345
underspecified,6,dev_0040,no,"NO, there is no sequel to the movie The Golden Compass. The film is",no,no,Correct,0.6312000000000001
underspecified,6,dev_0080,no,I don't know,i,idk,IDK,0.6319
underspecified,6,dev_0100,no,I don't know. The question is not specific enough to determine which film or girl,i,idk,IDK,0.632
underspecified,6,dev_0240,no,NO,no,no,Correct,0.6071
underspecified,6,dev_0247,no,NO,no,no,Correct,0.2291
underspecified,6,dev_0260,no,"NO, they did not use a real gorilla in Mighty Joe Young. The",no,no,Correct,1.9749
underspecified,6,dev_0277,no,NO,no,no,Correct,0.6341
underspecified,6,dev_0290,no,"NO, Elena does not die for good in The Vampire Diaries. She survives the",no,no,Correct,0.6357
underspecified,6,dev_0303,no,NO,no,no,Correct,0.6342000000000001
underspecified,6,dev_0231,yes,"NO, penne alla vodka is a traditional Italian pasta dish that typically does not",no,no,Incorrect,0.6122000000000001
underspecified,6,dev_0401,yes,"NO, whole wheat rice is not the same as brown rice. Whole wheat rice",no,no,Incorrect,0.6108
underspecified,6,dev_0420,yes,NO,no,no,Incorrect,0.6093999999999999
underspecified,6,dev_0571,yes,NO,no,no,Incorrect,0.6046
underspecified,6,dev_0583,yes,NO,no,no,Incorrect,0.6061
underspecified,6,dev_0765,yes,"YES, salted duck eggs need to be cooked before consumption to ensure they are safe",yes,yes,Correct,1.9518
underspecified,6,dev_0778,yes,"NO, a cookie sheet and a sheet pan are not the same. A cookie",no,no,Incorrect,0.632
underspecified,6,dev_0815,yes,"NO, Sprite is a lemon-lime flavored carbonated soft drink that does not",no,no,Incorrect,0.6345
underspecified,6,dev_0073,no,I don't know.,i,idk,IDK,0.2862
underspecified,6,dev_0491,no,NO,no,no,Correct,0.613
underspecified,6,dev_0615,no,"NO, rice noodles and glass noodles are not the same. Rice noodles are made",no,no,Correct,0.635
underspecified,6,dev_0868,no,I don't know.,i,idk,IDK,0.6038
underspecified,6,dev_0880,no,NO,no,no,Correct,0.6113999999999999
underspecified,6,dev_0953,no,NO,no,no,Correct,0.6035
underspecified,6,dev_0985,no,NO,no,no,Correct,0.612
underspecified,6,dev_0136,yes,"NO, Battlefield 1 does not have a single-player campaign. It is a",no,no,Incorrect,0.634
underspecified,6,dev_0367,yes,"NO, Devil May Cry 5 is not set after Devil May Cry 2",no,no,Incorrect,0.6122000000000001
underspecified,6,dev_0618,yes,I don't know.,i,idk,IDK,0.3085
underspecified,6,dev_0720,yes,YES,yes,yes,Correct,0.6126
underspecified,6,dev_0770,yes,NO,no,no,Incorrect,0.6093
underspecified,6,dev_0835,yes,YES,yes,yes,Correct,0.611
underspecified,6,dev_0896,yes,"Yes, Naruto Ultimate Ninja Storm has a story mode.",yes,yes,Correct,0.6354
underspecified,6,dev_0434,no,I don't know.,i,idk,IDK,0.6093
underspecified,6,dev_0489,no,NO,no,no,Correct,0.6357
underspecified,6,dev_0852,no,NO,no,no,Correct,0.6135
underspecified,6,dev_0870,no,"I don't know. Paladins are typically associated with Lawful Good, but",i,idk,IDK,0.6367999999999999
underspecified,6,dev_1148,no,I don't know.,i,idk,IDK,0.30960000000000004
underspecified,6,dev_2595,no,"NO, A Way Out is a co-operative multiplayer game where two players can play",no,no,Correct,0.6351
underspecified,6,dev_0281,yes,"YES, there are tolls on I-70 in Kansas.",yes,yes,Correct,0.5461
underspecified,6,dev_0528,yes,"Yes, there is a train station in Atlantic City. The Atlantic City Rail Terminal",yes,yes,Correct,0.6357999999999999
underspecified,6,dev_0547,yes,I don't know.,i,idk,IDK,0.2885
underspecified,6,dev_0623,yes,"NO, the George Washington Bridge is not a one-way toll; it is a",no,no,Incorrect,0.6023999999999999
underspecified,6,dev_0626,yes,"NO, Skyline Drive is not part of the Blue Ridge Parkway. Skyline Drive is",no,no,Incorrect,0.6126
underspecified,6,dev_0686,yes,NO,no,no,Incorrect,0.6101
underspecified,6,dev_0822,yes,I don't know.,i,idk,IDK,0.2834
underspecified,6,dev_1210,yes,I don't know.,i,idk,IDK,0.6129
underspecified,6,dev_0374,no,"NO, San Pedro, Laguna is not part of Metro Manila. It is located",no,no,Correct,0.61
underspecified,6,dev_0900,no,"NO, Fort Walton Beach and Destin are two different cities in Florida, USA",no,no,Correct,0.6093999999999999
underspecified,6,dev_0913,no,NO,no,no,Correct,0.6079
underspecified,6,dev_1234,no,"NO, there is no Gulf Stream in the Pacific. The Gulf Stream is a",no,no,Correct,0.6106
underspecified,6,dev_1360,no,"NO, Lake Hiawatha is a neighborhood in Newark, New Jersey,",no,no,Correct,0.6122000000000001
underspecified,6,dev_1544,no,"NO, I-30 in Dallas is not a toll road.",no,no,Correct,0.5481
underspecified,6,dev_1588,no,"NO, Lake George is a natural lake.",no,no,Correct,0.4347
underspecified,6,dev_0344,yes,NO,no,no,Incorrect,0.6345
underspecified,6,dev_0379,yes,"Yes, New England Baptist Hospital is a teaching hospital.",yes,yes,Correct,0.49339999999999995
underspecified,6,dev_0474,yes,I don't know.,i,idk,IDK,0.30689999999999995
underspecified,6,dev_0614,yes,I don't know.,i,idk,IDK,0.6093999999999999
underspecified,6,dev_0655,yes,YES,yes,yes,Correct,0.6106
underspecified,6,dev_1195,yes,NO,no,no,Incorrect,0.6363
underspecified,6,dev_1197,yes,"NO, an ectopic pregnancy cannot be carried to term as it occurs outside the",no,no,Incorrect,0.6091
underspecified,6,dev_1313,yes,YES,yes,yes,Correct,0.6081
underspecified,6,dev_1564,yes,NO,no,no,Incorrect,0.6097
underspecified,6,dev_0078,no,"NO, there is no right and left brachiocephalic artery. There",no,no,Correct,0.6331
underspecified,6,dev_0166,no,I don't know.,i,idk,IDK,0.2895
underspecified,6,dev_0851,no,YES,yes,yes,Incorrect,0.6052000000000001
underspecified,6,dev_0861,no,"NO, a junctional rhythm typically does not have a visible P wave on an",no,no,Correct,0.6057
underspecified,6,dev_0872,no,I don't know.,i,idk,IDK,0.6086
underspecified,6,dev_1554,no,I don't know.,i,idk,IDK,0.30569999999999997
underspecified,6,dev_1719,no,NO,no,no,Correct,0.6354
underspecified,6,dev_1991,no,NO,no,no,Correct,0.6087
underspecified,6,dev_2115,no,I don't know.,i,idk,IDK,0.608
underspecified,6,dev_0105,yes,YES,yes,yes,Correct,0.6116
underspecified,6,dev_0125,yes,NO,no,no,Incorrect,0.6324
underspecified,6,dev_0191,yes,"NO, the Tomb of the Unknown Soldier does not contain actual bodies, as it",no,no,Incorrect,0.636
underspecified,6,dev_1292,yes,"NO, the Queen of England did not marry her cousin. Queen Elizabeth II,",no,no,Incorrect,0.6127999999999999
underspecified,6,dev_1338,yes,YES,yes,yes,Correct,0.6125
underspecified,6,dev_0388,no,"NO, integration was not the rule in the northern states. While there were some",no,no,Correct,0.6112000000000001
underspecified,6,dev_0703,no,I don't know.,i,idk,IDK,0.6115
underspecified,6,dev_0833,no,NO,no,no,Correct,0.6333
underspecified,6,dev_0874,no,NO,no,no,Correct,0.6343
underspecified,6,dev_1651,no,"Yes, there are still tin mines left in Cornwall, although they are not as",yes,yes,Incorrect,0.6127
underspecified,6,dev_0072,yes,I don't know.,i,idk,IDK,0.2845
underspecified,6,dev_0258,yes,"NO, alcohol sales are prohibited on Sunday in Wisconsin.",no,no,Incorrect,0.6353
underspecified,6,dev_0286,yes,"YES, an administrative law judge (ALJ) is a real judge who pres",yes,yes,Correct,0.6133
underspecified,6,dev_0348,yes,"NO, you cannot legally own a skunk in the UK as they are considered",no,no,Incorrect,0.6115
underspecified,6,dev_0467,yes,YES,yes,yes,Correct,0.6097
underspecified,6,dev_0515,yes,I don't know. The ability to put a restraining order on a landlord depends,i,idk,IDK,0.6103
underspecified,6,dev_0562,yes,I don't know.,i,idk,IDK,0.6109
underspecified,6,dev_0636,yes,"NO, in California, it is illegal to carry a gun on your person without",no,no,Incorrect,0.6091
underspecified,6,dev_0740,yes,I don't know.,i,idk,IDK,0.6353
underspecified,6,dev_0838,yes,"NO, in Quebec, you cannot turn right on a red light unless there is",no,no,Incorrect,0.6093999999999999
underspecified,6,dev_0864,yes,"NO, Ohio does not allow open carry of firearms without a permit.",no,no,Incorrect,0.5802
underspecified,6,dev_0873,yes,NO,no,no,Incorrect,0.6132000000000001
underspecified,6,dev_0901,yes,"YES, it is generally illegal to drive over a median unless there are specific signs",yes,yes,Correct,0.6083999999999999
underspecified,6,dev_0909,yes,I don't know.,i,idk,IDK,0.6096
underspecified,6,dev_1134,yes,YES,yes,yes,Correct,0.6337999999999999
underspecified,6,dev_0198,no,"YES, you need a permit to carry a gun in New Hampshire.",yes,yes,Incorrect,0.6133
underspecified,6,dev_0215,no,I don't know.,i,idk,IDK,0.6137999999999999
underspecified,6,dev_0223,no,I don't know. The legality of recording covers of songs depends on the specific circumstances,i,idk,IDK,0.6357
underspecified,6,dev_0234,no,I don't know. The legality of sexual activity between an 18-year-old and,i,idk,IDK,0.6357
underspecified,6,dev_0272,no,"NO, trucks are generally not allowed on the Taconic State Parkway due to its",no,no,Correct,0.6091
underspecified,6,dev_0453,no,NO,no,no,Correct,0.2268
underspecified,6,dev_0499,no,YES,yes,yes,Incorrect,0.61
underspecified,6,dev_0552,no,I don't know. The rules regarding phone usage in prison can vary depending on the,i,idk,IDK,0.6362000000000001
underspecified,6,dev_0680,no,I don't know.,i,idk,IDK,0.2848
underspecified,6,dev_0738,no,"NO, Taiwan is not a member of the Paris Convention. The Paris Convention for",no,no,Correct,0.611
underspecified,6,dev_0771,no,NO,no,no,Correct,0.6156
underspecified,6,dev_0888,no,"NO, Supreme Court justices cannot be removed from their position. They can only",no,no,Correct,0.6105
underspecified,6,dev_1135,no,"NO, a certified copy is not the same as an original in the UK.",no,no,Correct,0.6102000000000001
underspecified,6,dev_1188,no,I don't know. The answer may vary depending on the country and specific firearm regulations,i,idk,IDK,0.6102000000000001
underspecified,6,dev_0339,yes,NO,no,no,Incorrect,0.2263
underspecified,6,dev_0357,yes,I don't know.,i,idk,IDK,0.2825
underspecified,6,dev_0498,yes,YES,yes,yes,Correct,0.6147999999999999
underspecified,6,dev_0620,yes,YES,yes,yes,Correct,0.611
underspecified,6,dev_0878,yes,I don't know.,i,idk,IDK,0.2855
underspecified,6,dev_1864,yes,"NO, the U.S. Marines are not part of the Navy. They are",no,no,Incorrect,0.6411
underspecified,6,dev_2080,yes,YES,yes,yes,Correct,0.6361
underspecified,6,dev_2395,yes,"NO, the Governor-General does not have to sign all bills passed by federal Parliament",no,no,Incorrect,0.6302000000000001
underspecified,6,dev_2639,yes,"NO, Canada is not part of the",no,no,Incorrect,0.6053
underspecified,6,dev_3155,yes,I don't know.,i,idk,IDK,0.2806
underspecified,6,dev_3209,yes,YES,yes,yes,Correct,0.584
underspecified,6,dev_0209,no,NO,no,no,Correct,0.6082000000000001
underspecified,6,dev_0273,no,I don't know.,i,idk,IDK,0.2795
underspecified,6,dev_0404,no,"NO, Puerto Rico is an unincorporated territory of the United States,",no,no,Correct,0.6352000000000001
underspecified,6,dev_0567,no,"NO, Romania is not part of the Visa Waiver Program.",no,no,Correct,0.5517000000000001
underspecified,6,dev_0675,no,"NO, Saudi Arabia has not signed the Universal Declaration of",no,no,Correct,0.634
underspecified,6,dev_1172,no,NO,no,no,Correct,0.6353
underspecified,6,dev_1275,no,I don't know.,i,idk,IDK,0.6133
underspecified,6,dev_1971,no,NO,no,no,Correct,0.6136
underspecified,6,dev_2001,no,"NO, the president can only pardon federal offenses, not state crimes.",no,no,Correct,0.6067
underspecified,6,dev_3004,no,NO,no,no,Correct,0.6053
underspecified,6,dev_3256,no,I don't know.,i,idk,IDK,0.6039
underspecified,6,dev_1132,yes,NO,no,no,Incorrect,0.606
underspecified,6,dev_1233,yes,NO,no,no,Incorrect,0.6028
underspecified,6,dev_1511,yes,NO,no,no,Incorrect,0.6071
underspecified,6,dev_1633,yes,NO,no,no,Incorrect,0.6353
underspecified,6,dev_2007,yes,YES,yes,yes,Correct,0.6087
underspecified,6,dev_2214,yes,"NO, there is no such thing as dry water. Water is a compound made",no,no,Incorrect,0.6057
underspecified,6,dev_2239,yes,"NO, the speed of sound at a constant temperature does not vary with frequency.",no,no,Incorrect,0.6121
underspecified,6,dev_2299,yes,NO,no,no,Incorrect,0.6336
underspecified,6,dev_2303,yes,"YES, all known life forms require the same essential elements, which include carbon,",yes,yes,Correct,0.637
underspecified,6,dev_2477,yes,"NO, 0 is not typically included in the set of natural numbers. In",no,no,Incorrect,0.6105
underspecified,6,dev_2993,yes,NO,no,no,Incorrect,0.6099
underspecified,6,dev_3126,yes,"YES, there is such a thing as an upside-down rainbow, which is also",yes,yes,Correct,0.6327
underspecified,6,dev_3188,yes,"NO, a turkey vulture and a buzzard are not the same. A",no,no,Incorrect,0.6095
underspecified,6,dev_3193,yes,YES,yes,yes,Correct,0.6129
underspecified,6,dev_3234,yes,YES,yes,yes,Correct,0.6142000000000001
underspecified,6,dev_3265,yes,I don't know.,i,idk,IDK,0.30710000000000004
underspecified,6,dev_0001,no,I don't know.,i,idk,IDK,0.6343
underspecified,6,dev_0579,no,I don't know.,i,idk,IDK,0.30739999999999995
underspecified,6,dev_1003,no,"NO, least squares is a method used in linear regression to find the best-fitting",no,no,Correct,0.6051
underspecified,6,dev_1483,no,NO,no,no,Correct,0.6136
underspecified,6,dev_1551,no,"NO, Australia is not part of the Ring of Fire. The Ring of Fire",no,no,Correct,0.636
underspecified,6,dev_1702,no,"YES, a pterodactyl is the same as a Pteran",yes,yes,Incorrect,0.6337999999999999
underspecified,6,dev_1925,no,"NO, percent difference and percent change are not the same. Percent difference is a",no,no,Correct,0.6159
underspecified,6,dev_2025,no,"NO, the load is not the pivot point of a lever. The pivot point",no,no,Correct,0.6048
underspecified,6,dev_2312,no,NO,no,no,Correct,0.6129
underspecified,6,dev_2471,no,"NO, a fixed pulley does not provide a mechanical advantage, but it does change",no,no,Correct,0.6048
underspecified,6,dev_2521,no,"NO, the t-distribution does not have a standard deviation of 1.",no,no,Correct,0.6349
underspecified,6,dev_2782,no,"YES, the hydronium ion (H3O+) and hydrogen ion (",yes,yes,Incorrect,0.634
underspecified,6,dev_2812,no,YES,yes,yes,Incorrect,0.6065
underspecified,6,dev_3014,no,NO,no,no,Correct,0.2294
underspecified,6,dev_3034,no,NO,no,no,Correct,0.6095
underspecified,6,dev_3159,no,NO,no,no,Correct,0.6077
underspecified,6,dev_3190,no,NO,no,no,Correct,0.6106
underspecified,6,dev_0682,yes,"NO, a sermon and a homily are similar but not the same. A",no,no,Incorrect,0.6134
underspecified,6,dev_0735,yes,YES,yes,yes,Correct,0.6103999999999999
underspecified,6,dev_1505,yes,I don't know.,i,idk,IDK,0.6123999999999999
underspecified,6,dev_1668,yes,"YES, Church of England (Anglican) worshippers do make the sign of",yes,yes,Correct,0.6342000000000001
underspecified,6,dev_2373,yes,NO,no,no,Incorrect,0.6323
underspecified,6,dev_2793,yes,"NO, Eastern Kentucky University is a Division II school.",no,no,Incorrect,0.6109
underspecified,6,dev_2929,yes,I don't know.,i,idk,IDK,0.6116
underspecified,6,dev_0605,no,NO,no,no,Correct,0.6136
underspecified,6,dev_0908,no,I don't know.,i,idk,IDK,0.2856
underspecified,6,dev_1388,no,NO,no,no,Correct,0.615
underspecified,6,dev_1521,no,"NO, Sweden does not pay students to attend school. Education in Sweden is free",no,no,Correct,0.6331
underspecified,6,dev_2334,no,"NO, the Book of Jasher is not in the Bible. It is a",no,no,Correct,0.6311
underspecified,6,dev_2641,no,I don't know.,i,idk,IDK,0.6142000000000001
underspecified,6,dev_0347,yes,NO,no,no,Incorrect,0.6079
underspecified,6,dev_0411,yes,I don't know.,i,idk,IDK,0.6367999999999999
underspecified,6,dev_0439,yes,"YES, the Milwaukee Brewers have made it to the World Series once, in",yes,yes,Correct,0.6359
underspecified,6,dev_0452,yes,YES,yes,yes,Correct,0.6143
underspecified,6,dev_0585,yes,NO,no,no,Incorrect,0.6063
underspecified,6,dev_0656,yes,"NO, Kaká did not play in the 2002 World Cup. He",no,no,Incorrect,0.6342000000000001
underspecified,6,dev_0661,yes,YES,yes,yes,Correct,0.22640000000000002
underspecified,6,dev_0701,yes,YES,yes,yes,Correct,0.6109
underspecified,6,dev_0704,yes,YES,yes,yes,Correct,0.6079
underspecified,6,dev_0752,yes,"NO, there is no mercy rule in professional soccer.",no,no,Incorrect,0.5193
underspecified,6,dev_0848,yes,I don't know.,i,idk,IDK,0.6088
underspecified,6,dev_0883,yes,YES,yes,yes,Correct,0.6115
underspecified,6,dev_1143,yes,YES,yes,yes,Correct,0.6097
underspecified,6,dev_1305,yes,"NO, schools cannot be both Division I and II. They must choose one division",no,no,Incorrect,0.6092000000000001
underspecified,6,dev_1497,yes,"NO, Alphonse Areola did not play in the 2018 World",no,no,Incorrect,0.6115
underspecified,6,dev_1777,yes,I don't know.,i,idk,IDK,0.6097
underspecified,6,dev_2250,yes,"NO, Poland did not qualify for the 2018 FIFA World Cup.",no,no,Incorrect,0.6103999999999999
underspecified,6,dev_2370,yes,I don't know.,i,idk,IDK,0.3073
underspecified,6,dev_0083,no,YES,yes,yes,Incorrect,0.6327
underspecified,6,dev_0085,no,YES,yes,yes,Incorrect,0.613
underspecified,6,dev_0170,no,NO,no,no,Correct,0.6127999999999999
underspecified,6,dev_0230,no,"NO, in Little League, a dropped third strike does not allow the batter to",no,no,Correct,0.6364
underspecified,6,dev_0412,no,NO,no,no,Correct,0.6317
underspecified,6,dev_0421,no,I don't know.,i,idk,IDK,0.2828
underspecified,6,dev_0447,no,"NO, Panama has never qualified for the FIFA World Cup.",no,no,Correct,0.6109
underspecified,6,dev_0544,no,I don't know.,i,idk,IDK,0.2798
underspecified,6,dev_0565,no,"NO, walks are not included in the batting average calculation.",no,no,Correct,0.5197999999999999
underspecified,6,dev_0589,no,I don't know.,i,idk,IDK,0.6315
underspecified,6,dev_0593,no,NO,no,no,Correct,0.6083
underspecified,6,dev_0859,no,"NO, the U.S. Open is not played on the same course every year",no,no,Correct,0.6112000000000001
underspecified,6,dev_0865,no,NO,no,no,Correct,0.6035
underspecified,6,dev_1518,no,NO,no,no,Correct,0.6113999999999999
underspecified,6,dev_1768,no,"YES, England has won the Women's World Cup once, in 1995.",yes,yes,Incorrect,0.6335
underspecified,6,dev_1779,no,NO,no,no,Correct,0.6086
underspecified,6,dev_1905,no,NO,no,no,Correct,0.6087
underspecified,6,dev_2156,no,"NO, the New York Yankees did not win the World Series in 2001",no,no,Correct,0.6346
underspecified,6,dev_2158,no,"NO, the Cincinnati Bengals have never won a Super Bowl.",no,no,Correct,0.5209
underspecified,6,dev_2798,no,NO,no,no,Correct,0.6055
underspecified,6,dev_3138,no,YES,yes,yes,Incorrect,0.6083
underspecified,6,dev_0307,yes,NO,no,no,Incorrect,0.6317999999999999
underspecified,6,dev_0506,yes,YES,yes,yes,Correct,0.6009
underspecified,6,dev_0641,yes,NO,no,no,Incorrect,0.6077
underspecified,6,dev_0844,yes,I don't know.,i,idk,IDK,0.6083
underspecified,6,dev_1032,yes,"NO, 1-844 is not a toll-free number in Canada. In",no,no,Incorrect,0.6333
underspecified,6,dev_1574,yes,"NO, Apple Lightning cables do not contain a chip. They are simple cables that",no,no,Incorrect,0.609
underspecified,6,dev_1889,yes,NO,no,no,Incorrect,0.6123
underspecified,6,dev_2093,yes,NO,no,no,Incorrect,0.6071
underspecified,6,dev_2213,yes,NO,no,no,Incorrect,0.607
underspecified,6,dev_2735,yes,"NO, pipelining is a technique used to improve the throughput of a system",no,no,Incorrect,0.6137
underspecified,6,dev_2836,yes,NO,no,no,Incorrect,0.6093
underspecified,6,dev_0788,no,"NO, MiniDV tapes and 8mm are not the same. MiniDV",no,no,Correct,0.6337
underspecified,6,dev_0798,no,NO,no,no,Correct,0.2248
underspecified,6,dev_1249,no,YES,yes,yes,Incorrect,0.6123999999999999
underspecified,6,dev_1458,no,"NO, powered speakers have an internal amplifier and do not require an external one.",no,no,Correct,0.6093
underspecified,6,dev_1584,no,YES,yes,yes,Incorrect,0.6141
underspecified,6,dev_1589,no,"NO, a SIM-free phone does not lock to a network because it does not",no,no,Correct,0.6093
underspecified,6,dev_1657,no,"NO, the first iPhone, released in 2007, did not have",no,no,Correct,0.6307
underspecified,6,dev_1691,no,NO,no,no,Correct,0.2221
underspecified,6,dev_1943,no,YES,yes,yes,Incorrect,0.608
underspecified,6,dev_2682,no,"YES, E-ZPass and EZ TAG are the same system; they are just",yes,yes,Incorrect,0.632
underspecified,6,dev_2712,no,I don't know.,i,idk,IDK,0.2833
underspecified,6,dev_0427,no,NO,no,no,Correct,0.6119
underspecified,6,dev_0531,no,NO,no,no,Correct,0.6324
underspecified,6,dev_1915,no,"NO, ""The Hunchback of Notre-Dame"" is a fictional novel written",no,no,Correct,0.6373
underspecified,6,dev_1946,no,"NO, Snake Eyes and Storm Shadow are not the same person. They are two",no,no,Correct,0.6376000000000001
underspecified,6,dev_2024,no,NO,no,no,Correct,0.6161
underspecified,6,dev_2265,no,NO,no,no,Correct,0.6122000000000001
underspecified,6,dev_0004,yes,NO,no,no,Incorrect,0.611
underspecified,6,dev_0241,yes,YES,yes,yes,Correct,0.6322000000000001
underspecified,6,dev_0326,yes,YES,yes,yes,Correct,0.6101
underspecified,6,dev_0525,yes,YES,yes,yes,Correct,0.6023999999999999
underspecified,6,dev_0577,yes,NO,no,no,Incorrect,0.6304
underspecified,6,dev_0799,yes,I don't know.,i,idk,IDK,0.309
underspecified,6,dev_0142,no,NO,no,no,Correct,0.6144
underspecified,6,dev_0494,no,"NO, in biology, fitness refers to an organism's ability to survive and reproduce",no,no,Correct,0.6139
underspecified,6,dev_0527,no,"YES, HeLa cells have a normal number of chromosomes. They are diploid",yes,yes,Incorrect,0.6091
underspecified,6,dev_0566,no,"NO, not all bacteria of a single species are the exact same shape. B",no,no,Correct,0.6357
underspecified,6,dev_0648,no,"NO, evergreen trees do not lose their leaves in the winter; they retain their",no,no,Correct,0.6109
underspecified,6,dev_0668,no,NO,no,no,Correct,0.6122000000000001
underspecified,6,dev_0749,no,"NO, sensory neurons are part of the peripheral nervous system, not the central nervous",no,no,Correct,0.6315
underspecified,6,dev_0790,no,NO,no,no,Correct,0.611
underspecified,6,dev_0867,no,"NO, the same genotype does not always result in the same phenotype due to factors",no,no,Correct,0.6041
underspecified,6,dev_0921,no,NO,no,no,Correct,0.6111
underspecified,6,dev_1088,no,NO,no,no,Correct,0.6153
underspecified,6,dev_1329,no,"NO, there is no bone in your earlobe. The earlobe",no,no,Correct,0.613
underspecified,6,dev_1402,no,NO,no,no,Correct,0.602
underspecified,6,dev_1428,no,"No, sweat glands are not part of the lymphatic system. They are part",no,no,Correct,0.6113999999999999
underspecified,6,dev_1439,no,"NO, a groundhog and a mole are not the same thing. Groundh",no,no,Correct,0.6103
underspecified,6,dev_0020,yes,YES,yes,yes,Correct,0.6089
underspecified,6,dev_0027,yes,"YES, penguins do have feathers arising from the epidermis. Feathers are",yes,yes,Correct,0.6113
underspecified,6,dev_0047,yes,"YES, there is such a thing as a turkey vulture. It is a",yes,yes,Correct,0.6351
underspecified,6,dev_0070,yes,"YES, T. rex and Tyrannosaurus rex refer to the same dinosaur",yes,yes,Correct,0.6344
underspecified,6,dev_0086,yes,YES,yes,yes,Correct,0.6121
underspecified,6,dev_0121,yes,YES,yes,yes,Correct,0.6132000000000001
underspecified,6,dev_0131,yes,YES,yes,yes,Correct,0.6015
underspecified,6,dev_0147,yes,"YES, the navel and the belly button refer to the same anatomical feature,",yes,yes,Correct,0.6137
underspecified,6,dev_0159,yes,"NO, trees typically have only one main trunk, although some species can develop multiple",no,no,Incorrect,0.6111
underspecified,6,dev_0190,yes,YES,yes,yes,Correct,0.6091
underspecified,6,dev_0195,yes,NO,no,no,Incorrect,0.6117999999999999
underspecified,6,dev_0200,yes,YES,yes,yes,Correct,0.6073
underspecified,6,dev_0214,yes,"YES, animal cells have a cell membrane.",yes,yes,Correct,0.43089999999999995
underspecified,6,dev_0242,yes,YES,yes,yes,Correct,0.6037
underspecified,6,dev_0522,yes,YES,yes,yes,Correct,1.9616
underspecified,6,dev_0033,no,NO,no,no,Correct,0.6337999999999999
underspecified,6,dev_0123,no,NO,no,no,Correct,0.6101
underspecified,6,dev_0501,no,NO,no,no,Correct,0.6115
underspecified,6,dev_0526,no,NO,no,no,Correct,0.6022000000000001
underspecified,6,dev_1076,no,"NO, runs can occur in any financial institution, not just commercial banks. A",no,no,Correct,0.6332000000000001
underspecified,6,dev_1213,no,"NO, discretionary income is the amount of money left over after paying for necessities like",no,no,Correct,0.6111
underspecified,6,dev_1654,no,"NO, discouraged workers are not counted in the unemployment rate. They are considered to",no,no,Correct,0.6317999999999999
underspecified,6,dev_1753,no,YES,yes,yes,Incorrect,0.6343
underspecified,6,dev_1825,no,"NO, a bank sort code is not the same for everyone. Sort codes are",no,no,Correct,0.6321
underspecified,6,dev_2911,no,"NO, the United States does not have a fixed exchange rate. The U.S",no,no,Correct,0.6314
underspecified,6,dev_2740,no,NO,no,no,Correct,0.2233
underspecified,6,dev_2517,no,NO,no,no,Correct,0.6101
underspecified,6,dev_1139,yes,YES,yes,yes,Correct,0.6134
underspecified,6,dev_0002,yes,"NO, house tax and property tax are not the same. House tax typically refers",no,no,Incorrect,0.6087
underspecified,6,dev_0773,yes,YES,yes,yes,Correct,0.6103999999999999
underspecified,6,dev_1186,yes,YES,yes,yes,Correct,0.6039
underspecified,6,dev_1302,yes,YES,yes,yes,Correct,0.612
underspecified,6,dev_1349,yes,YES,yes,yes,Correct,0.6102000000000001
underspecified,6,dev_1771,yes,"NO, a news release and a press release are similar but not the same.",no,no,Incorrect,0.6062000000000001
underspecified,6,dev_1804,yes,YES,yes,yes,Correct,0.6369
underspecified,6,dev_1873,yes,NO,no,no,Incorrect,0.6072000000000001
underspecified,6,dev_1963,yes,YES,yes,yes,Correct,0.6344
underspecified,6,dev_2582,yes,YES,yes,yes,Correct,0.6113
underspecified,6,dev_2598,yes,NO,no,no,Incorrect,0.6043999999999999
underspecified,6,dev_3158,yes,YES,yes,yes,Correct,0.6316
underspecified,6,dev_0551,no,"NO, an oz (ounce) and a fl oz (fluid ounce) are",no,no,Correct,0.6117999999999999
underspecified,6,dev_1158,no,I don't know.,i,idk,IDK,0.6135
underspecified,6,dev_1364,no,"NO, a jet engine is not an external combustion engine; it is an internal",no,no,Correct,0.6096
underspecified,6,dev_1807,no,NO,no,no,Correct,0.6095
underspecified,6,dev_2542,no,NO,no,no,Correct,0.6116
underspecified,6,dev_2562,no,"NO, a ribeye steak and a Delmonico steak are not the same",no,no,Correct,0.635
underspecified,6,dev_3005,no,NO,no,no,Correct,0.6127999999999999
underspecified,6,dev_3194,no,NO,no,no,Correct,0.6032000000000001
underspecified,6,dev_3195,no,"NO, a boarding pass is a document that allows a passenger to board an aircraft",no,no,Correct,0.6081
underspecified,6,dev_0013,yes,I don't know.,i,idk,IDK,0.6091
underspecified,6,dev_0043,yes,YES,yes,yes,Correct,0.613
underspecified,6,dev_0052,yes,YES,yes,yes,Correct,0.6126
underspecified,6,dev_0091,yes,YES,yes,yes,Correct,0.6146
underspecified,6,dev_0116,yes,YES,yes,yes,Correct,0.6081
underspecified,6,dev_0288,yes,YES,yes,yes,Correct,0.22619999999999998
underspecified,6,dev_0555,yes,NO,no,no,Incorrect,0.6043
underspecified,6,dev_0627,yes,NO,no,no,Incorrect,0.6083
underspecified,6,dev_0831,yes,NO,no,no,Incorrect,0.6067
underspecified,6,dev_0721,no,NO,no,no,Correct,0.2243
underspecified,6,dev_0863,no,NO,no,no,Correct,0.6136
underspecified,6,dev_1357,no,"NO, The View and The Talk are not the same show. The View is",no,no,Correct,0.6347999999999999
underspecified,6,dev_1951,no,YES,yes,yes,Incorrect,0.6097
underspecified,6,dev_2131,no,NO,no,no,Correct,0.6137
underspecified,6,dev_2174,no,NO,no,no,Correct,0.6323
underspecified,6,dev_2252,no,"NO, you do not have to be from America to be on America's Got Talent",no,no,Correct,0.6344
underspecified,6,dev_2309,no,NO,no,no,Correct,0.6337
underspecified,6,dev_2364,no,"NO, The Outsiders is not based on a true story. It is a",no,no,Correct,0.6319
underspecified,6,dev_3075,no,NO,no,no,Correct,0.2276
underspecified,6,dev_3205,no,NO,no,no,Correct,0.2283
underspecified,6,dev_0015,yes,"NO, ""Fantastic Beasts and Where to Find Them"" is not a pre",no,no,Incorrect,0.6277
underspecified,6,dev_0153,yes,"Yes, there is a movie adaptation of ""The Handmaid's Tale"" directed",yes,yes,Correct,0.6309
underspecified,6,dev_0161,yes,"NO, The Night of the Hunter is not a film noir. It is a",no,no,Incorrect,0.6327999999999999
underspecified,6,dev_0306,yes,"NO, Grey's Anatomy is not filmed at a real hospital. It is filmed",no,no,Incorrect,0.6088
underspecified,6,dev_0334,yes,NO,no,no,Incorrect,0.6362000000000001
underspecified,6,dev_0338,yes,YES,yes,yes,Correct,0.6063999999999999
underspecified,6,dev_0493,yes,NO,no,no,Incorrect,0.6109
underspecified,6,dev_0520,yes,YES,yes,yes,Correct,0.6336
underspecified,6,dev_0212,no,NO,no,no,Correct,0.6069
underspecified,6,dev_0309,no,NO,no,no,Correct,0.6088
underspecified,6,dev_0484,no,NO,no,no,Correct,0.6137999999999999
underspecified,6,dev_0654,no,NO,no,no,Correct,0.605
underspecified,6,dev_0973,no,NO,no,no,Correct,0.6039
underspecified,6,dev_1335,no,NO,no,no,Correct,0.609
underspecified,6,dev_1443,no,NO,no,no,Correct,0.6093
underspecified,6,dev_0284,yes,"NO, enameled cast iron does not leach iron into food because the",no,no,Incorrect,0.6071
underspecified,6,dev_0330,yes,I don't know.,i,idk,IDK,0.2869
underspecified,6,dev_0443,yes,"NO, powdered sugar and confectioners' sugar are not the same. Powdered",no,no,Incorrect,0.6083
underspecified,6,dev_0975,yes,YES,yes,yes,Correct,0.6073999999999999
underspecified,6,dev_1741,yes,YES,yes,yes,Correct,0.6146
underspecified,6,dev_1770,yes,"NO, pure vanilla extract does not contain alcohol. It is made by soaking vanilla",no,no,Incorrect,0.6073
underspecified,6,dev_1860,no,NO,no,no,Correct,0.6098
underspecified,6,dev_1967,yes,NO,no,no,Incorrect,0.6102000000000001
underspecified,6,dev_0236,no,"NO, straights do not have to be the same suit in poker. A",no,no,Correct,0.6147999999999999
underspecified,6,dev_0741,no,NO,no,no,Correct,0.6155
underspecified,6,dev_1440,no,NO,no,no,Correct,0.5999
underspecified,6,dev_2062,no,NO,no,no,Correct,0.6344
underspecified,6,dev_2109,no,"NO, Call of Duty: World at War is based on World War II,",no,no,Correct,0.6137
underspecified,6,dev_2137,no,"NO, it is not possible to win chess with only a king. In chess",no,no,Correct,0.6343
underspecified,6,dev_0478,yes,YES,yes,yes,Correct,0.6321
underspecified,6,dev_0545,yes,YES,yes,yes,Correct,0.6337
underspecified,6,dev_1125,yes,"NO, Need for Speed games typically focus on racing and do not have a traditional",no,no,Incorrect,0.6332000000000001
underspecified,6,dev_1137,yes,NO,no,no,Incorrect,0.6019
underspecified,6,dev_1162,yes,YES,yes,yes,Correct,0.6071
underspecified,6,dev_1177,yes,"YES, Company of Heroes 2 has a campaign mode.",yes,yes,Correct,0.6103
underspecified,6,dev_1444,yes,YES,yes,yes,Correct,0.6012000000000001
underspecified,6,dev_0313,no,"NO, St. Kitts and Nevis is not a U.S. territory",no,no,Correct,0.635
underspecified,6,dev_0823,no,NO,no,no,Correct,0.6093
underspecified,6,dev_0839,no,NO,no,no,Correct,0.6347999999999999
underspecified,6,dev_1222,no,"NO, the Isle of Man is a self-governing British Crown dependency,",no,no,Correct,0.6157999999999999
underspecified,6,dev_1254,no,NO,no,no,Correct,0.6141
underspecified,6,dev_1269,no,NO,no,no,Correct,0.6322000000000001
underspecified,6,dev_1334,no,"NO, Patagonia is not a country in its own right. It is a region",no,no,Correct,0.632
underspecified,6,dev_0184,yes,NO,no,no,Incorrect,0.6143
underspecified,6,dev_0322,yes,NO,no,no,Incorrect,0.6147
underspecified,6,dev_0557,yes,YES,yes,yes,Correct,0.6133
underspecified,6,dev_0573,yes,YES,yes,yes,Correct,0.6125
underspecified,6,dev_1179,yes,"NO, Phoenix is in the Mountain Time Zone, while Denver is in the Mountain",no,no,Incorrect,0.6099
underspecified,6,dev_0619,yes,NO,no,no,Incorrect,0.6079
underspecified,6,dev_0650,yes,YES,yes,yes,Correct,0.2253
underspecified,6,dev_0734,yes,"YES, it is possible to boat from Lake Erie to Lake Ontario, as they",yes,yes,Correct,0.6134
underspecified,6,dev_0061,no,NO,no,no,Correct,0.6093999999999999
underspecified,6,dev_0124,no,NO,no,no,Correct,0.6083
underspecified,6,dev_0914,no,"NO, stroke volume and ejection fraction are not the same. Stroke volume is",no,no,Correct,0.6323
underspecified,6,dev_0955,no,NO,no,no,Correct,0.22719999999999999
underspecified,6,dev_1610,no,"NO, soft-tissue damage refers to any injury to the muscles, ligaments",no,no,Correct,0.6117999999999999
underspecified,6,dev_1790,no,"NO, the lining of the uterus does not shed during implantation. Implantation is",no,no,Correct,0.6311
underspecified,6,dev_2096,no,NO,no,no,Correct,0.6157999999999999
underspecified,6,dev_2277,no,NO,no,no,Correct,0.6078
underspecified,6,dev_2499,no,"NO, a Doctor of Physical Therapy (DPT) is not an MD (",no,no,Correct,0.6078
underspecified,6,dev_1959,yes,YES,yes,yes,Correct,0.6093
underspecified,6,dev_1992,yes,"NO, a person cannot transmit rabies to another person. Rabies is primarily",no,no,Incorrect,0.6396000000000001
underspecified,6,dev_2047,yes,NO,no,no,Incorrect,0.6145
underspecified,6,dev_1656,yes,I don't know.,i,idk,IDK,0.30910000000000004
underspecified,6,dev_1663,yes,YES,yes,yes,Correct,0.6137999999999999
underspecified,6,dev_1752,yes,"YES, triamcinolone cream can be used for poison ivy, as it",yes,yes,Correct,0.6342000000000001
underspecified,6,dev_2049,yes,YES,yes,yes,Correct,0.6106
underspecified,6,dev_2050,yes,YES,yes,yes,Correct,0.6336
underspecified,6,dev_1442,yes,YES,yes,yes,Correct,0.6056
underspecified,6,dev_0301,no,"NO, the Berlin Wall and the Berlin Blockade are not the same. The",no,no,Correct,0.6383
underspecified,6,dev_0480,no,"NO, the Articles of Confederation were replaced by the U.S. Constitution in",no,no,Correct,0.6354
underspecified,6,dev_1290,no,NO,no,no,Correct,0.6366
underspecified,6,dev_1819,no,NO,no,no,Correct,0.6326
underspecified,6,dev_2206,no,"NO, the Emancipation Proclamation, issued by President Abraham Lincoln on January",no,no,Correct,0.6344
underspecified,6,dev_0376,yes,YES,yes,yes,Correct,0.607
underspecified,6,dev_0346,yes,YES,yes,yes,Correct,0.6355
underspecified,6,dev_0363,yes,YES,yes,yes,Correct,0.6073999999999999
underspecified,6,dev_0535,yes,NO,no,no,Incorrect,0.6077
underspecified,6,dev_0629,yes,YES,yes,yes,Correct,0.2276
underspecified,6,dev_0179,no,"NO, U.S. courts of appeals do not have original jurisdiction. They primarily",no,no,Correct,0.6105
underspecified,6,dev_0402,no,"NO, in the UK, a person can only be legally married to one spouse",no,no,Correct,0.6121
underspecified,6,dev_0513,no,I don't know.,i,idk,IDK,0.2883
underspecified,6,dev_0606,no,"NO, it is not legal to escape from prison in Germany. Escaping from",no,no,Correct,0.61
underspecified,6,dev_0630,no,YES,yes,yes,Incorrect,0.6113999999999999
underspecified,6,dev_0795,no,NO,no,no,Correct,0.6103999999999999
underspecified,6,dev_1457,no,"NO, the Civil Rights Act is not part of the U.S. Constitution.",no,no,Correct,0.6354
underspecified,6,dev_1776,no,"NO, an Employment Authorization Document (EAD) is not the same as a",no,no,Correct,0.633
underspecified,6,dev_1862,no,NO,no,no,Correct,0.6121
underspecified,6,dev_1911,no,"NO, there is no mandatory retirement age for U.S. Supreme Court justices",no,no,Correct,0.6343
underspecified,6,dev_2755,no,"NO, in most jurisdictions, you must pass the bar exam to become a licensed",no,no,Correct,0.6112000000000001
underspecified,6,dev_2756,no,"NO, the Bill of Rights is not part of the original Constitution. It consists",no,no,Correct,0.6092000000000001
underspecified,6,dev_2921,no,NO,no,no,Correct,0.6086
underspecified,6,dev_2972,no,NO,no,no,Correct,0.6141
underspecified,6,dev_0009,yes,NO,no,no,Incorrect,0.6135
underspecified,6,dev_0038,yes,I don't know. The legality of recording a cover of a song depends on various,i,idk,IDK,0.6345
underspecified,6,dev_0129,yes,"YES, you can sell a gun privately in Florida, but you must comply with",yes,yes,Correct,0.6083999999999999
underspecified,6,dev_0202,yes,YES,yes,yes,Correct,0.6122000000000001
underspecified,6,dev_0308,yes,YES,yes,yes,Correct,0.6096
underspecified,6,dev_0584,yes,YES,yes,yes,Correct,0.6332000000000001
underspecified,6,dev_0644,yes,YES,yes,yes,Correct,0.6086
underspecified,6,dev_0653,yes,YES,yes,yes,Correct,0.6353
underspecified,6,dev_0671,yes,YES,yes,yes,Correct,0.6117
underspecified,6,dev_0757,yes,YES,yes,yes,Correct,0.6384
underspecified,6,dev_1059,yes,YES,yes,yes,Correct,0.613
underspecified,6,dev_1067,yes,YES,yes,yes,Correct,0.633
underspecified,6,dev_1097,yes,YES,yes,yes,Correct,0.603
underspecified,6,dev_1131,yes,"YES, Illinois has a stand your ground law, which allows individuals to use force",yes,yes,Correct,0.6323
underspecified,6,dev_1324,yes,"YES, a flask typically counts as an open container when it is not properly sealed",yes,yes,Correct,0.6369
underspecified,6,dev_0305,no,NO,no,no,Correct,0.6129
underspecified,6,dev_0465,no,NO,no,no,Correct,0.6364
underspecified,6,dev_0508,no,NO,no,no,Correct,0.6309
underspecified,6,dev_0518,no,YES,yes,yes,Incorrect,0.6108
underspecified,6,dev_0572,no,NO,no,no,Correct,0.6017
underspecified,6,dev_0898,no,NO,no,no,Correct,0.6111
underspecified,6,dev_1154,no,NO,no,no,Correct,0.2265
underspecified,6,dev_1221,no,"NO, a filibuster is a tactic used in the Senate, not the",no,no,Correct,0.6343
underspecified,6,dev_1244,no,NO,no,no,Correct,0.6121
underspecified,6,dev_1245,no,"NO, Turkey is not a member of the European Economic Area (EEA).",no,no,Correct,0.6154
underspecified,6,dev_1273,no,NO,no,no,Correct,0.6347999999999999
underspecified,6,dev_0647,yes,YES,yes,yes,Correct,0.6209
underspecified,6,dev_0254,yes,YES,yes,yes,Correct,0.6332000000000001
underspecified,6,dev_0486,yes,YES,yes,yes,Correct,0.2459
underspecified,6,dev_0736,yes,"NO, the World Bank is not affiliated with the United Nations. They are separate",no,no,Incorrect,0.6059
underspecified,6,dev_0814,yes,"NO, the Air Force does not have ground combat troops. It is primarily responsible",no,no,Incorrect,0.6102000000000001
underspecified,6,dev_1477,yes,YES,yes,yes,Correct,0.6135
underspecified,6,dev_1721,yes,YES,yes,yes,Correct,0.6102000000000001
underspecified,6,dev_1786,yes,"YES, New York City still has rent control. Rent control is a system of",yes,yes,Correct,0.6352000000000001
underspecified,6,dev_1970,yes,YES,yes,yes,Correct,0.6337999999999999
underspecified,6,dev_1985,yes,YES,yes,yes,Correct,0.6339
underspecified,6,dev_2448,no,NO,no,no,Correct,0.6153
underspecified,6,dev_0066,yes,NO,no,no,Incorrect,0.6145
underspecified,6,dev_0088,yes,"YES, according to Einstein's famous equation E=mc^2, it is",yes,yes,Correct,0.6089
underspecified,6,dev_0196,yes,YES,yes,yes,Correct,0.611
underspecified,6,dev_0262,yes,YES,yes,yes,Correct,0.6081
underspecified,6,dev_0271,yes,YES,yes,yes,Correct,0.6237999999999999
underspecified,6,dev_0329,yes,YES,yes,yes,Correct,0.2265
underspecified,6,dev_0331,yes,YES,yes,yes,Correct,0.6336
underspecified,6,dev_0387,yes,YES,yes,yes,Correct,0.6136
underspecified,6,dev_0418,yes,"YES, it is possible to have thunder and lightning while snowing. Thunderstorms",yes,yes,Correct,0.6327999999999999
underspecified,6,dev_0616,yes,YES,yes,yes,Correct,0.6109
underspecified,6,dev_0638,yes,YES,yes,yes,Correct,0.6107
underspecified,6,dev_0657,yes,"NO, yield stress and yield strength are related but not the same. Yield stress",no,no,Incorrect,0.6051
underspecified,6,dev_0692,yes,"NO, a hydrometer is typically used to measure the specific gravity of liquids,",no,no,Incorrect,0.6367999999999999
underspecified,6,dev_0744,yes,"NO, a polynomial cannot have a square root of a variable as it is an",no,no,Incorrect,0.6045
underspecified,6,dev_0797,yes,YES,yes,yes,Correct,0.607
underspecified,6,dev_0842,yes,YES,yes,yes,Correct,0.6136
underspecified,6,dev_1379,yes,YES,yes,yes,Correct,0.6127
underspecified,6,dev_0126,no,"NO, according to our current understanding of physics, it is not possible for any",no,no,Correct,0.6345
underspecified,6,dev_0342,no,NO,no,no,Correct,0.6123
underspecified,6,dev_0437,no,NO,no,no,Correct,0.6327
underspecified,6,dev_0553,no,NO,no,no,Correct,0.6113
underspecified,6,dev_0652,no,NO,no,no,Correct,0.6335
underspecified,6,dev_0708,no,NO,no,no,Correct,0.6153
underspecified,6,dev_1083,no,NO,no,no,Correct,0.2469
underspecified,6,dev_1142,no,"NO, quantum entanglement cannot be used to transfer information faster than light.",no,no,Correct,0.6363
underspecified,6,dev_1354,no,NO,no,no,Correct,0.6113
underspecified,6,dev_1460,no,NO,no,no,Correct,0.6113999999999999
underspecified,6,dev_1468,no,NO,no,no,Correct,0.6101
underspecified,6,dev_1559,no,"YES, log x and ln x are the same, representing the natural logarithm",yes,yes,Incorrect,0.61
underspecified,6,dev_1595,no,NO,no,no,Correct,0.6339
underspecified,6,dev_1643,no,"NO, static pressure is not the same as atmospheric pressure. Static pressure is the",no,no,Correct,0.6088
underspecified,6,dev_1692,no,NO,no,no,Correct,0.6091
underspecified,6,dev_1726,no,"NO, the vagus nerve is part of the peripheral nervous system (PNS",no,no,Correct,0.6335
underspecified,6,dev_0008,yes,YES,yes,yes,Correct,0.6043999999999999
underspecified,6,dev_0323,yes,"YES, Song of Solomon and Song of Songs refer to the same biblical book,",yes,yes,Correct,0.6376000000000001
underspecified,6,dev_0794,yes,YES,yes,yes,Correct,0.6325
underspecified,6,dev_0866,yes,YES,yes,yes,Correct,0.6037
underspecified,6,dev_0910,yes,"YES, the Dewey Decimal System is still in use in many libraries around the",yes,yes,Correct,0.6048
underspecified,6,dev_0992,yes,"NO, you cannot get held back in elementary school. However, students may repeat",no,no,Incorrect,0.6123999999999999
underspecified,6,dev_1446,yes,YES,yes,yes,Correct,0.6012000000000001
underspecified,6,dev_0294,no,"NO, Australian Sign Language (Auslan) and American Sign Language (ASL",no,no,Correct,0.6357999999999999
underspecified,6,dev_0521,no,NO,no,no,Correct,0.6155
underspecified,6,dev_0943,no,NO,no,no,Correct,0.6097
underspecified,6,dev_1887,no,"NO, the Persian and Arabic alphabets are not the same. They share some",no,no,Correct,0.6113999999999999
underspecified,6,dev_2892,no,"NO, Scottish Gaelic and Irish Gaelic are not the same. They are two distinct",no,no,Correct,0.6159
underspecified,6,dev_2691,no,"NO, King's College London is not part of Cambridge University. It is an independent",no,no,Correct,0.6113
underspecified,6,dev_0065,yes,YES,yes,yes,Correct,0.24719999999999998
underspecified,6,dev_0245,yes,NO,no,no,Incorrect,0.6357
underspecified,6,dev_0315,yes,NO,no,no,Incorrect,0.6087
underspecified,6,dev_0361,yes,NO,no,no,Incorrect,0.6082000000000001
underspecified,6,dev_0550,yes,"YES, there have been tie games in baseball, although they are relatively rare.",yes,yes,Correct,0.6345
underspecified,6,dev_0595,yes,YES,yes,yes,Correct,0.6045
underspecified,6,dev_0966,yes,YES,yes,yes,Correct,0.6154
underspecified,6,dev_1078,yes,YES,yes,yes,Correct,0.6123999999999999
underspecified,6,dev_1224,yes,"NO, a rugby field is not bigger than a football field. A standard rugby",no,no,Incorrect,0.6137
underspecified,6,dev_1251,yes,YES,yes,yes,Correct,0.633
underspecified,6,dev_1260,yes,I don't know.,i,idk,IDK,0.6088
underspecified,6,dev_1278,yes,YES,yes,yes,Correct,0.616
underspecified,6,dev_1462,yes,YES,yes,yes,Correct,0.6117999999999999
underspecified,6,dev_1494,yes,"NO, a player cannot be offside on a corner kick.",no,no,Incorrect,0.611
underspecified,6,dev_1543,yes,YES,yes,yes,Correct,0.6123
underspecified,6,dev_2012,yes,YES,yes,yes,Correct,0.6115
underspecified,6,dev_2118,yes,"NO, twisting someone's wrist can cause serious injury, but it is not a recommended",no,no,Incorrect,0.6133
underspecified,6,dev_2272,yes,NO,no,no,Incorrect,0.6091
underspecified,6,dev_2338,yes,NO,no,no,Incorrect,0.6065
underspecified,6,dev_2498,yes,YES,yes,yes,Correct,0.6103
underspecified,6,dev_2509,yes,"YES, the Boston Celtics came back from a 3-1 deficit against the",yes,yes,Correct,0.6354
underspecified,6,dev_2917,yes,YES,yes,yes,Correct,0.605
underspecified,6,dev_2966,yes,NO,no,no,Incorrect,0.6127
underspecified,6,dev_2974,yes,"YES, it is possible to run for 24 hours, although it is an",yes,yes,Correct,0.6389
underspecified,6,dev_3007,yes,YES,yes,yes,Correct,0.6133
underspecified,6,dev_3199,yes,YES,yes,yes,Correct,0.6087
underspecified,6,dev_0222,no,NO,no,no,Correct,0.6048
underspecified,6,dev_0398,no,"NO, you cannot score from a throw-in in soccer. A throw-in is",no,no,Correct,0.6355
underspecified,6,dev_0426,no,"NO, a soccer goalie cannot pick up a throw-in. In association football,",no,no,Correct,0.6346
underspecified,6,dev_0464,no,"NO, the Golden Goal rule did not apply in the 2018 World Cup",no,no,Correct,0.6324
underspecified,6,dev_0563,no,"NO, Croatia has never won the soccer World Cup.",no,no,Correct,0.5174
underspecified,6,dev_0658,no,"NO, a walk in baseball is not a dead ball. A walk occurs when",no,no,Correct,0.6351
underspecified,6,dev_1366,no,I don't know.,i,idk,IDK,0.285
underspecified,6,dev_1471,no,"NO, a player cannot be offside on a throw-in. The offside",no,no,Correct,0.6095
underspecified,6,dev_1558,no,NO,no,no,Correct,0.6095
underspecified,6,dev_1580,no,"NO, the White Sox and Cubs do not share a stadium. The White Sox",no,no,Correct,0.6347
underspecified,6,dev_2401,no,"NO, a batsman cannot be run out on a no-ball. In cricket",no,no,Correct,0.6329
underspecified,6,dev_2436,no,NO,no,no,Correct,0.6327
underspecified,6,dev_3224,no,"NO, an MLB game cannot end in a tie. The game is played to",no,no,Correct,0.6159
underspecified,6,dev_0022,yes,YES,yes,yes,Correct,0.6111
underspecified,6,dev_0132,yes,YES,yes,yes,Correct,0.6041
underspecified,6,dev_0268,yes,YES,yes,yes,Correct,0.6092000000000001
underspecified,6,dev_0646,yes,YES,yes,yes,Correct,0.2281
underspecified,6,dev_0697,yes,I don't know.,i,idk,IDK,1.6324
underspecified,6,dev_0935,yes,"YES, we can have multiple foreign keys in a table. A foreign key is",yes,yes,Correct,0.6129
underspecified,6,dev_1159,yes,YES,yes,yes,Correct,0.6083999999999999
underspecified,6,dev_1376,yes,YES,yes,yes,Correct,0.611
underspecified,6,dev_1646,yes,NO,no,no,Incorrect,0.612
underspecified,6,dev_1869,yes,"YES, a database table can have multiple foreign keys, as long as each foreign",yes,yes,Correct,0.6129
underspecified,6,dev_2397,yes,YES,yes,yes,Correct,0.6087
underspecified,6,dev_0512,no,NO,no,no,Correct,0.6341
underspecified,6,dev_1524,no,NO,no,no,Correct,0.6075
underspecified,6,dev_1675,no,NO,no,no,Correct,0.22390000000000002
underspecified,6,dev_1723,no,NO,no,no,Correct,0.611
underspecified,6,dev_2027,no,NO,no,no,Correct,0.6343
underspecified,6,dev_2104,no,NO,no,no,Correct,0.61
underspecified,6,dev_2262,no,NO,no,no,Correct,0.6134
underspecified,6,dev_2431,no,"NO, in a tree data structure, each node can have at most one parent",no,no,Correct,0.6096
underspecified,6,dev_2524,no,NO,no,no,Correct,0.6053
underspecified,6,dev_3057,no,NO,no,no,Correct,0.6066
underspecified,6,dev_3167,no,NO,no,no,Correct,0.6141
underspecified,21,dev_0023,yes,NO,no,no,Incorrect,1.2353
underspecified,21,dev_0039,no,YES,yes,yes,Incorrect,1.2674
underspecified,21,dev_0055,no,YES,yes,yes,Incorrect,1.2298
underspecified,21,dev_0059,no,NO,no,no,Correct,1.2639
underspecified,21,dev_0068,no,NO,no,no,Correct,1.191
underspecified,21,dev_0087,yes,NO,no,no,Incorrect,1.2486
underspecified,21,dev_0107,no,I don't know.,i,idk,IDK,1.197
underspecified,21,dev_0120,yes,NO,no,no,Incorrect,1.1447
underspecified,21,dev_0138,no,YES,yes,yes,Incorrect,1.2007
underspecified,21,dev_0151,no,NO,no,no,Correct,1.2365
underspecified,21,dev_0163,yes,"NO, the square root of 2 cannot be written as a fraction; it",no,no,Incorrect,1.2744000000000002
underspecified,21,dev_0165,no,"YES, dragon fruit and pitaya are the same thing. They are two names",yes,yes,Incorrect,1.1734
underspecified,21,dev_0207,no,NO,no,no,Correct,1.1710999999999998
underspecified,21,dev_0210,no,YES,yes,yes,Incorrect,1.1981
underspecified,21,dev_0221,no,YES,yes,yes,Incorrect,1.2652
underspecified,21,dev_0229,yes,NO,no,no,Incorrect,1.1533
underspecified,21,dev_0237,no,I don't know.,i,idk,IDK,1.2308
underspecified,21,dev_0243,no,YES,yes,yes,Incorrect,1.154
underspecified,21,dev_0248,yes,NO,no,no,Incorrect,1.1467
underspecified,21,dev_0249,yes,YES,yes,yes,Correct,1.1845999999999999
underspecified,21,dev_0251,yes,YES,yes,yes,Correct,0.718
underspecified,21,dev_0257,yes,NO,no,no,Incorrect,1.2430999999999999
underspecified,21,dev_0270,no,"YES, there are three U.S. states where the drinking age is 18",yes,yes,Incorrect,1.2334
underspecified,21,dev_0287,yes,NO,no,no,Incorrect,1.2494
underspecified,21,dev_0295,no,"YES, there is a difference between doves and pigeons. Doves are",yes,yes,Incorrect,1.2338
underspecified,21,dev_0298,yes,NO,no,no,Incorrect,1.1507
underspecified,21,dev_0312,no,"NO, adjectives do not have to come before a noun. In English, adjectives",no,no,Correct,1.2442
underspecified,21,dev_0316,yes,NO,no,no,Incorrect,1.196
underspecified,21,dev_0318,yes,NO,no,no,Incorrect,1.2367000000000001
underspecified,21,dev_0321,yes,"NO, a filibuster cannot stop a Supreme Court nominee because Supreme Court nominations",no,no,Incorrect,1.3240999999999998
underspecified,21,dev_0333,yes,NO,no,no,Incorrect,1.2707
underspecified,21,dev_0336,no,YES,yes,yes,Incorrect,2.5654
underspecified,21,dev_0343,yes,NO,no,no,Incorrect,1.2459
underspecified,21,dev_0352,no,NO,no,no,Correct,1.2325
underspecified,21,dev_0355,no,NO,no,no,Correct,1.2418
underspecified,21,dev_0364,no,YES,yes,yes,Incorrect,1.2386
underspecified,21,dev_0366,no,YES,yes,yes,Incorrect,1.1969
underspecified,21,dev_0406,no,YES,yes,yes,Incorrect,1.1918
underspecified,21,dev_0428,no,NO,no,no,Correct,1.2466
underspecified,21,dev_0429,yes,NO,no,no,Incorrect,2.5366
underspecified,21,dev_0430,yes,NO,no,no,Incorrect,1.2652999999999999
underspecified,21,dev_0436,no,YES,yes,yes,Incorrect,1.3205
underspecified,21,dev_0441,no,NO,no,no,Correct,1.2294
underspecified,21,dev_0442,yes,YES,yes,yes,Correct,0.7384
underspecified,21,dev_0479,no,YES,yes,yes,Incorrect,1.2627000000000002
underspecified,21,dev_0481,no,NO,no,no,Correct,1.2326
underspecified,21,dev_0482,no,NO,no,no,Correct,1.2469000000000001
underspecified,21,dev_0487,no,YES,yes,yes,Incorrect,1.1845999999999999
underspecified,21,dev_0504,yes,NO,no,no,Incorrect,1.1985999999999999
underspecified,21,dev_0509,no,YES,yes,yes,Incorrect,1.193
underspecified,21,dev_0532,no,YES,yes,yes,Incorrect,1.238
underspecified,21,dev_0534,no,YES,yes,yes,Incorrect,1.2439
underspecified,21,dev_0536,yes,NO,no,no,Incorrect,1.2675999999999998
underspecified,21,dev_0537,no,NO,no,no,Correct,1.2659
underspecified,21,dev_0546,yes,NO,no,no,Incorrect,1.1729
underspecified,21,dev_0560,no,NO,no,no,Correct,1.24
underspecified,21,dev_0568,no,NO,no,no,Correct,0.7409
underspecified,21,dev_0569,no,YES,yes,yes,Incorrect,1.1976
underspecified,21,dev_0588,yes,NO,no,no,Incorrect,1.151
underspecified,21,dev_0594,no,NO,no,no,Correct,1.2786
underspecified,21,dev_0596,no,NO,no,no,Correct,1.2642
underspecified,21,dev_0598,yes,NO,no,no,Incorrect,1.316
underspecified,21,dev_0612,yes,NO,no,no,Incorrect,1.2388
underspecified,21,dev_0617,yes,YES,yes,yes,Correct,1.199
underspecified,21,dev_0662,yes,NO,no,no,Incorrect,1.1521
underspecified,21,dev_0678,no,NO,no,no,Correct,1.1905999999999999
underspecified,21,dev_0696,no,"YES, New Hampshire has a seat belt law.",yes,yes,Incorrect,1.0687
underspecified,21,dev_0711,yes,NO,no,no,Incorrect,1.1927
underspecified,21,dev_0718,yes,NO,no,no,Incorrect,1.265
underspecified,21,dev_0724,no,NO,no,no,Correct,1.2403
underspecified,21,dev_0731,no,I don't know.,i,idk,IDK,1.1973
underspecified,21,dev_0737,no,NO,no,no,Correct,2.5631999999999997
underspecified,21,dev_0754,yes,"NO, World at War is not part of Black Ops. World at War is",no,no,Incorrect,1.2688
underspecified,21,dev_0759,no,NO,no,no,Correct,1.1562999999999999
underspecified,21,dev_0764,yes,NO,no,no,Incorrect,1.1724
underspecified,21,dev_0782,yes,NO,no,no,Incorrect,0.7772
underspecified,21,dev_0817,no,I don't know.,i,idk,IDK,1.2353
underspecified,21,dev_0829,no,YES,yes,yes,Incorrect,1.1937
underspecified,21,dev_0832,no,YES,yes,yes,Incorrect,1.1955
underspecified,21,dev_0837,yes,NO,no,no,Incorrect,1.1461
underspecified,21,dev_0853,no,NO,no,no,Correct,1.2319
underspecified,21,dev_0854,no,NO,no,no,Correct,1.1724
underspecified,21,dev_0862,no,NO,no,no,Correct,1.2324000000000002
underspecified,21,dev_0871,yes,NO,no,no,Incorrect,0.6998
underspecified,21,dev_0916,yes,NO,no,no,Incorrect,1.1985999999999999
underspecified,21,dev_0922,yes,NO,no,no,Incorrect,1.1937
underspecified,21,dev_0933,no,YES,yes,yes,Incorrect,1.196
underspecified,21,dev_0934,yes,NO,no,no,Incorrect,1.2466
underspecified,21,dev_0940,yes,NO,no,no,Incorrect,0.7743
underspecified,21,dev_0944,no,YES,yes,yes,Incorrect,1.248
underspecified,21,dev_0952,yes,NO,no,no,Incorrect,1.1907
underspecified,21,dev_0958,yes,"NO, the eyes are part of the sensory system, not the nervous system.",no,no,Incorrect,2.5361
underspecified,21,dev_0981,no,"NO, pyruvic acid and pyruvate are not the same thing.",no,no,Correct,1.2637
underspecified,21,dev_0991,yes,YES,yes,yes,Correct,1.2397
underspecified,21,dev_0994,yes,NO,no,no,Incorrect,1.244
underspecified,21,dev_0996,no,NO,no,no,Correct,1.2743
underspecified,21,dev_1006,no,I don't know.,i,idk,IDK,1.1934
underspecified,21,dev_1011,no,YES,yes,yes,Incorrect,1.235
underspecified,21,dev_1022,yes,NO,no,no,Incorrect,0.7367
underspecified,21,dev_1049,no,"NO, a red panda is not related to a panda. They are two distinct",no,no,Correct,1.2678
underspecified,21,dev_1062,yes,NO,no,no,Incorrect,1.1924000000000001
underspecified,21,dev_1075,yes,NO,no,no,Incorrect,1.1755
underspecified,21,dev_1102,no,"YES, there is a difference between sweating and perspiring. Sweating is a",yes,yes,Incorrect,1.2505
underspecified,21,dev_1110,yes,NO,no,no,Incorrect,1.2325
underspecified,21,dev_1112,no,NO,no,no,Correct,1.2342
underspecified,21,dev_1113,yes,NO,no,no,Incorrect,1.27
underspecified,21,dev_1121,no,YES,yes,yes,Incorrect,1.2695999999999998
underspecified,21,dev_1133,no,YES,yes,yes,Incorrect,1.2679
underspecified,21,dev_1138,yes,NO,no,no,Incorrect,1.2386
underspecified,21,dev_1146,yes,YES,yes,yes,Correct,1.263
underspecified,21,dev_1155,yes,NO,no,no,Incorrect,1.152
underspecified,21,dev_1175,no,"YES, Michigan was a state during the Civil War.",yes,yes,Incorrect,1.1737
underspecified,21,dev_1178,no,YES,yes,yes,Incorrect,1.1947999999999999
underspecified,21,dev_1183,yes,NO,no,no,Incorrect,1.1448
underspecified,21,dev_1196,no,YES,yes,yes,Incorrect,1.1725
underspecified,21,dev_1204,yes,NO,no,no,Incorrect,1.2606
underspecified,21,dev_1205,no,NO,no,no,Correct,1.2669000000000001
underspecified,21,dev_1209,yes,NO,no,no,Incorrect,1.2468
underspecified,21,dev_1227,no,YES,yes,yes,Incorrect,1.2658
underspecified,21,dev_1229,no,NO,no,no,Correct,1.1947999999999999
underspecified,21,dev_1230,yes,NO,no,no,Incorrect,1.1989
underspecified,21,dev_1235,no,YES,yes,yes,Incorrect,1.1709
underspecified,21,dev_1239,yes,NO,no,no,Incorrect,1.2645
underspecified,21,dev_1241,no,YES,yes,yes,Incorrect,1.2305
underspecified,21,dev_1250,yes,YES,yes,yes,Correct,1.1531
underspecified,21,dev_1256,yes,YES,yes,yes,Correct,1.2412999999999998
underspecified,21,dev_1261,no,YES,yes,yes,Incorrect,1.2432
underspecified,21,dev_1267,no,YES,yes,yes,Incorrect,1.2415999999999998
underspecified,21,dev_1271,no,YES,yes,yes,Incorrect,1.1967999999999999
underspecified,21,dev_1283,yes,NO,no,no,Incorrect,1.1558
underspecified,21,dev_1285,no,"YES, Shirley Muldowney won the Indianapolis 500 in 1977",yes,yes,Incorrect,1.2389000000000001
underspecified,21,dev_1286,no,"YES, lightning bugs and fireflies are the same thing. They are both common",yes,yes,Incorrect,1.2597
underspecified,21,dev_1294,yes,NO,no,no,Incorrect,1.2335999999999998
underspecified,21,dev_1296,yes,NO,no,no,Incorrect,1.1582999999999999
underspecified,21,dev_1303,no,NO,no,no,Correct,1.274
underspecified,21,dev_1307,yes,NO,no,no,Incorrect,1.2707
underspecified,21,dev_1311,yes,NO,no,no,Incorrect,1.231
underspecified,21,dev_1316,yes,"NO, the arch in St. Louis is not a national park. It is",no,no,Incorrect,1.2637
underspecified,21,dev_1317,no,"NO, planets are not involved in the formation of a planetary nebula. Planet",no,no,Correct,1.2432999999999998
underspecified,21,dev_1333,yes,NO,no,no,Incorrect,3.244
underspecified,21,dev_1336,yes,YES,yes,yes,Correct,1.2768
underspecified,21,dev_1345,no,YES,yes,yes,Incorrect,1.1465999999999998
underspecified,21,dev_1359,no,NO,no,no,Correct,1.2466
underspecified,21,dev_1370,yes,NO,no,no,Incorrect,2.5271999999999997
underspecified,21,dev_1371,no,YES,yes,yes,Incorrect,1.2354
underspecified,21,dev_1372,yes,NO,no,no,Incorrect,1.238
underspecified,21,dev_1382,no,"NO, a catcher cannot block home plate without the ball. In baseball, the",no,no,Correct,1.2725
underspecified,21,dev_1406,no,YES,yes,yes,Incorrect,1.238
underspecified,21,dev_1408,yes,NO,no,no,Incorrect,0.8056
underspecified,21,dev_1413,yes,NO,no,no,Incorrect,1.3103
underspecified,21,dev_1419,yes,NO,no,no,Incorrect,1.2382
underspecified,21,dev_1420,yes,NO,no,no,Incorrect,1.2354
underspecified,21,dev_1423,no,YES,yes,yes,Incorrect,1.2475
underspecified,21,dev_1424,no,NO,no,no,Correct,1.1945
underspecified,21,dev_1436,no,NO,no,no,Correct,1.1994
underspecified,21,dev_1438,yes,NO,no,no,Incorrect,1.172
underspecified,21,dev_1452,no,YES,yes,yes,Incorrect,1.2475999999999998
underspecified,21,dev_1455,yes,NO,no,no,Incorrect,1.2390999999999999
underspecified,21,dev_1464,no,"NO, sweet potatoes are not part of the potato family. They belong to the",no,no,Correct,1.2306
underspecified,21,dev_1467,yes,NO,no,no,Incorrect,1.1979000000000002
underspecified,21,dev_1473,yes,NO,no,no,Incorrect,2.5858000000000003
underspecified,21,dev_1489,yes,NO,no,no,Incorrect,1.279
underspecified,21,dev_1498,yes,YES,yes,yes,Correct,1.2631
underspecified,21,dev_1508,no,"NO, there have been no fatalities during the Tour de France.",no,no,Correct,1.1637
underspecified,21,dev_1515,no,YES,yes,yes,Incorrect,1.2775
underspecified,21,dev_1517,yes,NO,no,no,Incorrect,0.7181000000000001
underspecified,21,dev_1528,yes,NO,no,no,Incorrect,1.2399
underspecified,21,dev_1533,no,YES,yes,yes,Incorrect,1.2415999999999998
underspecified,21,dev_1534,no,"NO, a baseball player cannot legally catch a ball in the stands as it is",no,no,Correct,1.2728
underspecified,21,dev_1546,yes,NO,no,no,Incorrect,0.7329
underspecified,21,dev_1552,yes,"NO, the poly(A) tail is added after the stop codon during the",no,no,Incorrect,1.2301
underspecified,21,dev_1557,no,YES,yes,yes,Incorrect,1.2357
underspecified,21,dev_1563,no,YES,yes,yes,Incorrect,1.2615
underspecified,21,dev_1627,no,NO,no,no,Correct,1.1967999999999999
underspecified,21,dev_1632,yes,NO,no,no,Incorrect,1.2470999999999999
underspecified,21,dev_1650,yes,YES,yes,yes,Correct,1.2348
underspecified,21,dev_1655,no,"YES, there is a difference between soy and soya sauce. Soy refers to",yes,yes,Incorrect,1.2383
underspecified,21,dev_1658,yes,"NO, the Nazca Lines are best viewed from the air or from a high",no,no,Incorrect,1.2445
underspecified,21,dev_1659,yes,YES,yes,yes,Correct,1.1961
underspecified,21,dev_1673,yes,NO,no,no,Incorrect,1.106
underspecified,21,dev_1680,no,YES,yes,yes,Incorrect,1.2397
underspecified,21,dev_1687,no,YES,yes,yes,Incorrect,1.2332
underspecified,21,dev_1698,no,NO,no,no,Correct,1.2425
underspecified,21,dev_1707,yes,YES,yes,yes,Correct,1.1865999999999999
underspecified,21,dev_1727,yes,NO,no,no,Incorrect,1.1514000000000002
underspecified,21,dev_1736,no,NO,no,no,Correct,1.2313
underspecified,21,dev_1737,yes,NO,no,no,Incorrect,1.2467000000000001
underspecified,21,dev_1740,yes,"NO, the medullary cavity contains marrow, not spongy bone.",no,no,Incorrect,1.2372
underspecified,21,dev_1743,no,I don't know.,i,idk,IDK,1.155
underspecified,21,dev_1749,yes,NO,no,no,Incorrect,1.2353
underspecified,21,dev_1750,no,"NO, fighting words are not protected under freedom of speech. Fighting words are defined",no,no,Correct,1.2342
underspecified,21,dev_1757,yes,"NO, the profit and loss statement and income statement are not the same thing.",no,no,Incorrect,1.2457
underspecified,21,dev_1763,yes,YES,yes,yes,Correct,1.2375
underspecified,21,dev_1775,no,NO,no,no,Correct,1.2639
underspecified,21,dev_1789,no,"NO, the spleen is part of the lymphatic system, not the circul",no,no,Correct,1.1959000000000002
underspecified,21,dev_1806,no,NO,no,no,Correct,0.8499
underspecified,21,dev_1814,no,YES,yes,yes,Incorrect,2.595
underspecified,21,dev_1823,yes,NO,no,no,Incorrect,1.0737
underspecified,21,dev_1832,no,YES,yes,yes,Incorrect,1.2398
underspecified,21,dev_1849,yes,NO,no,no,Incorrect,1.1705
underspecified,21,dev_1851,no,YES,yes,yes,Incorrect,1.1873
underspecified,21,dev_1857,no,YES,yes,yes,Incorrect,1.1964000000000001
underspecified,21,dev_1895,yes,NO,no,no,Incorrect,1.1421
underspecified,21,dev_1906,no,NO,no,no,Correct,1.2614
underspecified,21,dev_1916,yes,NO,no,no,Incorrect,1.2579
underspecified,21,dev_1919,yes,YES,yes,yes,Correct,1.1703
underspecified,21,dev_1924,yes,"NO, a car's serial number is not the same as its VIN. The",no,no,Incorrect,1.1428
underspecified,21,dev_1938,no,YES,yes,yes,Incorrect,2.4743000000000004
underspecified,21,dev_1948,yes,NO,no,no,Incorrect,1.2585
underspecified,21,dev_1950,no,"NO, the Gulf of Mexico is considered a sea, not an ocean. It",no,no,Correct,1.2365
underspecified,21,dev_1960,no,NO,no,no,Correct,1.1517
underspecified,21,dev_1977,no,NO,no,no,Correct,1.2343
underspecified,21,dev_1995,yes,NO,no,no,Incorrect,1.2333
underspecified,21,dev_1997,yes,NO,no,no,Incorrect,1.1938
underspecified,21,dev_2009,no,YES,yes,yes,Incorrect,1.2302
underspecified,21,dev_2032,yes,YES,yes,yes,Correct,1.2359
underspecified,21,dev_2045,yes,NO,no,no,Incorrect,1.2646
underspecified,21,dev_2053,no,"NO, you do not have to be serving to score in tennis. Points can",no,no,Correct,1.2655999999999998
underspecified,21,dev_2061,no,I don't know,i,idk,IDK,1.3563
underspecified,21,dev_2065,yes,NO,no,no,Incorrect,1.2475999999999998
underspecified,21,dev_2068,yes,NO,no,no,Incorrect,1.2313
underspecified,21,dev_2078,no,NO,no,no,Correct,1.1534
underspecified,21,dev_2079,yes,YES,yes,yes,Correct,1.2374
underspecified,21,dev_2088,no,"NO, English is not the official language of the United States. The U.S",no,no,Correct,1.2762
underspecified,21,dev_2091,no,YES,yes,yes,Incorrect,1.2768
underspecified,21,dev_2094,no,YES,yes,yes,Incorrect,1.1715
underspecified,21,dev_2095,yes,NO,no,no,Incorrect,0.7377999999999999
underspecified,21,dev_2139,no,NO,no,no,Correct,1.2589000000000001
underspecified,21,dev_2166,yes,"NO, staring at a bright light can cause temporary discomfort or damage to the eyes",no,no,Incorrect,1.1745
underspecified,21,dev_2184,no,YES,yes,yes,Incorrect,1.233
underspecified,21,dev_2187,yes,NO,no,no,Incorrect,1.2485
underspecified,21,dev_2192,no,YES,yes,yes,Incorrect,1.234
underspecified,21,dev_2196,no,YES,yes,yes,Incorrect,1.2682
underspecified,21,dev_2199,yes,YES,yes,yes,Correct,1.2335999999999998
underspecified,21,dev_2204,yes,NO,no,no,Incorrect,0.7798999999999999
underspecified,21,dev_2220,no,"YES, the ball is dead on an infield fly. An infield fly",yes,yes,Incorrect,1.2742
underspecified,21,dev_2224,no,"NO, there is no such thing as a blue ruby. Rubies are a",no,no,Correct,1.2388
underspecified,21,dev_2232,no,YES,yes,yes,Incorrect,1.2362
underspecified,21,dev_2234,no,NO,no,no,Correct,1.2492
underspecified,21,dev_2237,no,YES,yes,yes,Incorrect,1.1919000000000002
underspecified,21,dev_2247,yes,NO,no,no,Incorrect,1.2365
underspecified,21,dev_2248,yes,NO,no,no,Incorrect,1.1521
underspecified,21,dev_2266,no,YES,yes,yes,Incorrect,1.1747
underspecified,21,dev_2275,yes,NO,no,no,Incorrect,1.144
underspecified,21,dev_2295,yes,NO,no,no,Incorrect,0.7435
underspecified,21,dev_2304,yes,"NO, the House of Representatives is one part of Congress, which also includes the",no,no,Incorrect,1.23
underspecified,21,dev_2306,yes,NO,no,no,Incorrect,1.2404000000000002
underspecified,21,dev_2310,no,NO,no,no,Correct,1.2452999999999999
underspecified,21,dev_2315,yes,"NO, centripetal and centrifugal forces are not an action-reaction pair.",no,no,Incorrect,1.2627000000000002
underspecified,21,dev_2323,no,NO,no,no,Correct,1.244
underspecified,21,dev_2328,no,"NO, Corinthian leather is not a recognized term in the leather industry. It",no,no,Correct,1.2363
underspecified,21,dev_2350,no,YES,yes,yes,Incorrect,1.1743
underspecified,21,dev_2382,yes,NO,no,no,Incorrect,1.2459
underspecified,21,dev_2387,yes,NO,no,no,Incorrect,1.1742000000000001
underspecified,21,dev_2388,no,YES,yes,yes,Incorrect,0.7831
underspecified,21,dev_2396,yes,NO,no,no,Incorrect,1.1902000000000001
underspecified,21,dev_2408,yes,NO,no,no,Incorrect,1.1516
underspecified,21,dev_2413,no,YES,yes,yes,Incorrect,1.2625
underspecified,21,dev_2428,yes,"YES, a PICC line (peripherally inserted central catheter) can be",yes,yes,Correct,1.1921
underspecified,21,dev_2433,no,I don't know.,i,idk,IDK,1.248
underspecified,21,dev_2434,no,YES,yes,yes,Incorrect,1.235
underspecified,21,dev_2447,no,NO,no,no,Correct,1.313
underspecified,21,dev_2473,yes,NO,no,no,Incorrect,1.2714
underspecified,21,dev_2479,no,NO,no,no,Correct,1.2606
underspecified,21,dev_2504,no,YES,yes,yes,Incorrect,1.2332
underspecified,21,dev_2532,yes,NO,no,no,Incorrect,1.245
underspecified,21,dev_2537,no,NO,no,no,Correct,1.1993
underspecified,21,dev_2538,no,NO,no,no,Correct,0.7781
underspecified,21,dev_2547,yes,NO,no,no,Incorrect,1.2434
underspecified,21,dev_2548,no,NO,no,no,Correct,1.1923
underspecified,21,dev_2555,no,"NO, lymphoma is a type of cancer that originates in the lymphatic system,",no,no,Correct,1.315
underspecified,21,dev_2566,no,YES,yes,yes,Incorrect,1.2712999999999999
underspecified,21,dev_2572,no,NO,no,no,Correct,1.1905
underspecified,21,dev_2577,no,YES,yes,yes,Incorrect,1.2726
underspecified,21,dev_2605,yes,NO,no,no,Incorrect,1.272
underspecified,21,dev_2614,yes,NO,no,no,Incorrect,1.2348
underspecified,21,dev_2622,no,NO,no,no,Correct,1.2435999999999998
underspecified,21,dev_2634,yes,"NO, in 8-ball, there is no ball in hand rule. Players",no,no,Incorrect,1.2339
underspecified,21,dev_2643,no,NO,no,no,Correct,1.2495
underspecified,21,dev_2655,yes,NO,no,no,Incorrect,1.192
underspecified,21,dev_2656,yes,NO,no,no,Incorrect,1.1674
underspecified,21,dev_2690,yes,NO,no,no,Incorrect,1.2341
underspecified,21,dev_2719,no,NO,no,no,Correct,1.1993
underspecified,21,dev_2727,no,"NO, the AR-10 is a semi-automatic rifle, not an assault",no,no,Correct,1.1967999999999999
underspecified,21,dev_2750,yes,"NO, cows do not need to get pregnant to give milk. They can produce",no,no,Incorrect,1.1575
underspecified,21,dev_2757,yes,NO,no,no,Incorrect,1.2429000000000001
underspecified,21,dev_2770,yes,NO,no,no,Incorrect,1.2432999999999998
underspecified,21,dev_2791,yes,NO,no,no,Incorrect,1.1956
underspecified,21,dev_2813,yes,NO,no,no,Incorrect,1.238
underspecified,21,dev_2821,yes,NO,no,no,Incorrect,0.8044
underspecified,21,dev_2832,yes,"NO, shea butter is made from the nuts of the shea tree,",no,no,Incorrect,1.1925
underspecified,21,dev_2838,no,NO,no,no,Correct,1.2398
underspecified,21,dev_2853,no,NO,no,no,Correct,1.1518
underspecified,21,dev_2870,no,YES,yes,yes,Incorrect,1.2295999999999998
underspecified,21,dev_2875,yes,NO,no,no,Incorrect,1.2324000000000002
underspecified,21,dev_2880,no,NO,no,no,Correct,1.1974
underspecified,21,dev_2890,no,NO,no,no,Correct,1.2470999999999999
underspecified,21,dev_2901,yes,NO,no,no,Incorrect,2.5331
underspecified,21,dev_2906,yes,NO,no,no,Incorrect,1.2474
underspecified,21,dev_2919,no,"NO, the",no,no,Correct,1.1952
underspecified,21,dev_2931,yes,NO,no,no,Incorrect,0.7857000000000001
underspecified,21,dev_2933,no,YES,yes,yes,Incorrect,1.1475
underspecified,21,dev_2956,yes,NO,no,no,Incorrect,1.1965
underspecified,21,dev_2959,no,"NO, there is no bridge between Morocco and Spain. They are separated by the",no,no,Correct,1.2607000000000002
underspecified,21,dev_2967,yes,NO,no,no,Incorrect,1.2615
underspecified,21,dev_2973,no,NO,no,no,Correct,1.2375999999999998
underspecified,21,dev_2991,yes,NO,no,no,Incorrect,1.2394
underspecified,21,dev_3000,yes,NO,no,no,Incorrect,1.1464
underspecified,21,dev_3015,yes,NO,no,no,Incorrect,1.2425
underspecified,21,dev_3027,no,NO,no,no,Correct,0.7209
underspecified,21,dev_3029,no,YES,yes,yes,Incorrect,1.2618
underspecified,21,dev_3035,no,I don't know.,i,idk,IDK,0.8545
underspecified,21,dev_3040,no,NO,no,no,Correct,1.2339
underspecified,21,dev_3073,no,NO,no,no,Correct,1.1418
underspecified,21,dev_3079,yes,NO,no,no,Incorrect,1.1533
underspecified,21,dev_3089,yes,NO,no,no,Incorrect,1.2337
underspecified,21,dev_3105,yes,"NO, a neutral wire should not be connected to ground as it can cause electrical",no,no,Incorrect,2.533
underspecified,21,dev_3106,yes,NO,no,no,Incorrect,1.2395999999999998
underspecified,21,dev_3107,yes,NO,no,no,Incorrect,1.1899000000000002
underspecified,21,dev_3122,no,YES,yes,yes,Incorrect,1.2749000000000001
underspecified,21,dev_3143,no,NO,no,no,Correct,1.2389000000000001
underspecified,21,dev_3173,no,NO,no,no,Correct,1.1910999999999998
underspecified,21,dev_3183,no,YES,yes,yes,Incorrect,1.3123
underspecified,21,dev_3187,yes,NO,no,no,Incorrect,1.2711
underspecified,21,dev_3204,no,NO,no,no,Correct,2.5385999999999997
underspecified,21,dev_3212,yes,NO,no,no,Incorrect,1.1898
underspecified,21,dev_3221,no,NO,no,no,Correct,1.2410999999999999
underspecified,21,dev_3231,yes,NO,no,no,Incorrect,1.1716
underspecified,21,dev_3232,yes,NO,no,no,Incorrect,1.1509
underspecified,21,dev_3238,yes,"NO, the non-striker cannot be run out by the bowler. In",no,no,Incorrect,1.2405
underspecified,21,dev_3239,yes,NO,no,no,Incorrect,1.2425
underspecified,21,dev_3241,yes,YES,yes,yes,Correct,1.2362
underspecified,21,dev_3242,yes,NO,no,no,Incorrect,2.627
underspecified,21,dev_0031,yes,NO,no,no,Incorrect,1.1857
underspecified,21,dev_0148,yes,NO,no,no,Incorrect,1.2749000000000001
underspecified,21,dev_0178,yes,YES,yes,yes,Correct,1.2759
underspecified,21,dev_0410,yes,NO,no,no,Incorrect,0.7753
underspecified,21,dev_0419,yes,YES,yes,yes,Correct,1.2684000000000002
underspecified,21,dev_0448,yes,"YES, Jefferson Airplane is in the Rock and Roll Hall of Fame.",yes,yes,Correct,1.2597
underspecified,21,dev_0224,no,NO,no,no,Correct,0.7742
underspecified,21,dev_0317,no,NO,no,no,Correct,2.5388
underspecified,21,dev_0368,no,NO,no,no,Correct,1.273
underspecified,21,dev_0507,no,NO,no,no,Correct,1.2726
underspecified,21,dev_0603,no,NO,no,no,Correct,1.1677
underspecified,21,dev_0938,no,NO,no,no,Correct,1.1890999999999998
underspecified,21,dev_0076,yes,"NO, female ferrets do not die if they don't mate. They can still",no,no,Incorrect,1.2369
underspecified,21,dev_0459,yes,"YES, it matters which DNA strand is transcribed because the resulting mRNA will",yes,yes,Correct,1.232
underspecified,21,dev_0502,yes,NO,no,no,Incorrect,1.2392999999999998
underspecified,21,dev_0580,yes,NO,no,no,Incorrect,1.2375999999999998
underspecified,21,dev_1089,yes,NO,no,no,Incorrect,0.7361
underspecified,21,dev_1153,yes,NO,no,no,Incorrect,1.2346
underspecified,21,dev_1315,yes,I don't know.,i,idk,IDK,0.8471000000000001
underspecified,21,dev_1482,yes,"NO, muscle fibers are not the same as muscle cells. Muscle fibers are the",no,no,Incorrect,1.228
underspecified,21,dev_1568,yes,NO,no,no,Incorrect,1.2328
underspecified,21,dev_1968,yes,NO,no,no,Incorrect,1.2390999999999999
underspecified,21,dev_2223,yes,"NO, all jellyfish have a life cycle that includes a polyp stage and",no,no,Incorrect,1.1538
underspecified,21,dev_2420,yes,NO,no,no,Incorrect,1.2732
underspecified,21,dev_2882,yes,YES,yes,yes,Correct,1.2642
underspecified,21,dev_2899,yes,NO,no,no,Incorrect,1.2450999999999999
underspecified,21,dev_2910,yes,NO,no,no,Incorrect,1.2592
underspecified,21,dev_0713,no,"NO, a cow does not have to be pregnant to lactate. Cows",no,no,Correct,1.2375999999999998
underspecified,21,dev_0816,no,NO,no,no,Correct,1.1975
underspecified,21,dev_0911,no,NO,no,no,Correct,1.159
underspecified,21,dev_0997,no,NO,no,no,Correct,1.243
underspecified,21,dev_1258,no,"NO, the umbilical cord is not inside the amniotic sac.",no,no,Correct,1.2702
underspecified,21,dev_1422,no,"NO, root hairs typically occur along the upper part of the root, near the",no,no,Correct,1.2439
underspecified,21,dev_2120,no,NO,no,no,Correct,1.1935
underspecified,21,dev_2353,no,NO,no,no,Correct,1.2652999999999999
underspecified,21,dev_2441,no,NO,no,no,Correct,1.2374
underspecified,21,dev_2087,no,"NO, sperm whales are not currently listed as endangered species. They are classified as",no,no,Correct,1.2485
underspecified,21,dev_2215,no,"NO, the two chromosomes in a pair are not identical; they are homologous",no,no,Correct,1.1447
underspecified,21,dev_2503,no,NO,no,no,Correct,1.2652999999999999
underspecified,21,dev_2652,no,YES,yes,yes,Incorrect,1.241
underspecified,21,dev_2850,no,NO,no,no,Correct,1.2775
underspecified,21,dev_3062,no,"NO, black and yellow garden spiders are not poisonous to",no,no,Correct,1.2746
underspecified,21,dev_0400,yes,YES,yes,yes,Correct,1.2447000000000001
underspecified,21,dev_0432,yes,YES,yes,yes,Correct,1.2586
underspecified,21,dev_0446,yes,I don't know.,i,idk,IDK,1.2437
underspecified,21,dev_0455,yes,NO,no,no,Incorrect,1.1895
underspecified,21,dev_0472,yes,NO,no,no,Incorrect,1.1925
underspecified,21,dev_0524,yes,NO,no,no,Incorrect,1.188
underspecified,21,dev_0767,yes,YES,yes,yes,Correct,1.077
underspecified,21,dev_0875,yes,"NO, there are no thousand-dollar bills in circulation. The highest denomination bill in",no,no,Incorrect,1.2325
underspecified,21,dev_0950,yes,NO,no,no,Incorrect,1.1579000000000002
underspecified,21,dev_1023,yes,NO,no,no,Incorrect,1.148
underspecified,21,dev_1171,yes,NO,no,no,Incorrect,1.242
underspecified,21,dev_1207,yes,NO,no,no,Incorrect,1.1477
underspecified,21,dev_1299,yes,"NO, net earnings and net income are not the same. Net earnings refer to",no,no,Incorrect,1.2290999999999999
underspecified,21,dev_0157,no,NO,no,no,Correct,1.2399
underspecified,21,dev_0371,no,NO,no,no,Correct,1.2374
underspecified,21,dev_0621,no,I don't know.,i,idk,IDK,1.2429000000000001
underspecified,21,dev_0699,no,NO,no,no,Correct,1.2338
underspecified,21,dev_0954,no,I don't know.,i,idk,IDK,1.246
underspecified,21,dev_1050,no,NO,no,no,Correct,1.1894
underspecified,21,dev_1208,no,NO,no,no,Correct,2.5399000000000003
underspecified,21,dev_1257,no,NO,no,no,Correct,1.1579000000000002
underspecified,21,dev_1805,no,NO,no,no,Correct,1.2684000000000002
underspecified,21,dev_1876,no,NO,no,no,Correct,1.1925999999999999
underspecified,21,dev_2290,no,YES,yes,yes,Incorrect,1.2615999999999998
underspecified,21,dev_2444,no,NO,no,no,Correct,1.1915
underspecified,21,dev_0250,yes,NO,no,no,Incorrect,1.1890999999999998
underspecified,21,dev_0337,yes,YES,yes,yes,Correct,1.1925
underspecified,21,dev_0386,yes,NO,no,no,Incorrect,1.1695
underspecified,21,dev_0591,yes,NO,no,no,Incorrect,2.5329
underspecified,21,dev_0746,yes,NO,no,no,Incorrect,1.2310999999999999
underspecified,21,dev_0845,yes,"NO, new car engines do not require breaking in. They are designed to be",no,no,Incorrect,1.1732
underspecified,21,dev_0855,yes,YES,yes,yes,Correct,1.1756
underspecified,21,dev_0915,yes,NO,no,no,Incorrect,1.2435
underspecified,21,dev_0945,yes,NO,no,no,Incorrect,1.1519000000000001
underspecified,21,dev_0021,no,NO,no,no,Correct,1.1942000000000002
underspecified,21,dev_0490,no,"NO, American citizens do not need a visa for Georgia for short stays of up",no,no,Correct,1.247
underspecified,21,dev_0581,no,NO,no,no,Correct,1.1927
underspecified,21,dev_0631,no,NO,no,no,Correct,0.7202999999999999
underspecified,21,dev_0691,no,"NO, you do not need a stamp if it says Freepost.",no,no,Correct,2.5159000000000002
underspecified,21,dev_0783,no,NO,no,no,Correct,1.1962000000000002
underspecified,21,dev_0787,no,YES,yes,yes,Incorrect,1.312
underspecified,21,dev_0825,no,I don't know.,i,idk,IDK,1.1915
underspecified,21,dev_0885,no,"NO, UK citizens do not need a visa for Albania for short stays of up",no,no,Correct,1.1917
underspecified,21,dev_0089,yes,YES,yes,yes,Correct,1.2383
underspecified,21,dev_0095,yes,I don't know.,i,idk,IDK,0.7757999999999999
underspecified,21,dev_0211,yes,NO,no,no,Incorrect,1.2370999999999999
underspecified,21,dev_0238,yes,NO,no,no,Incorrect,1.2012
underspecified,21,dev_0252,yes,NO,no,no,Incorrect,1.2677
underspecified,21,dev_0256,yes,NO,no,no,Incorrect,1.2406
underspecified,21,dev_0266,yes,NO,no,no,Incorrect,1.2490999999999999
underspecified,21,dev_0310,yes,I don't know.,i,idk,IDK,1.2361
underspecified,21,dev_0359,yes,"I don't know. The rules for taking the money in ""Who Wants to Be",i,idk,IDK,1.237
underspecified,21,dev_0422,yes,NO,no,no,Incorrect,1.1688
underspecified,21,dev_0040,no,NO,no,no,Correct,1.2381
underspecified,21,dev_0080,no,I don't know.,i,idk,IDK,0.8515
underspecified,21,dev_0100,no,I don't know.,i,idk,IDK,2.1986
underspecified,21,dev_0240,no,NO,no,no,Correct,1.2486
underspecified,21,dev_0247,no,NO,no,no,Correct,0.776
underspecified,21,dev_0260,no,I don't know,i,idk,IDK,1.2675
underspecified,21,dev_0277,no,NO,no,no,Correct,1.2385
underspecified,21,dev_0290,no,NO,no,no,Correct,1.2665
underspecified,21,dev_0303,no,NO,no,no,Correct,1.2372999999999998
underspecified,21,dev_0231,yes,"NO, penne alla vodka does not contain dairy. It is a traditional Italian",no,no,Incorrect,2.6141
underspecified,21,dev_0401,yes,NO,no,no,Incorrect,1.192
underspecified,21,dev_0420,yes,NO,no,no,Incorrect,1.1995
underspecified,21,dev_0571,yes,NO,no,no,Incorrect,1.1558
underspecified,21,dev_0583,yes,NO,no,no,Incorrect,1.1468
underspecified,21,dev_0765,yes,"YES, salted duck eggs need to be cooked before consumption to ensure they are safe",yes,yes,Correct,1.1558
underspecified,21,dev_0778,yes,NO,no,no,Incorrect,1.2318
underspecified,21,dev_0815,yes,NO,no,no,Incorrect,1.1987999999999999
underspecified,21,dev_0073,no,NO,no,no,Correct,1.1922000000000001
underspecified,21,dev_0491,no,NO,no,no,Correct,2.5709
underspecified,21,dev_0615,no,NO,no,no,Correct,1.2404000000000002
underspecified,21,dev_0868,no,NO,no,no,Correct,1.2383
underspecified,21,dev_0880,no,NO,no,no,Correct,1.2402
underspecified,21,dev_0953,no,NO,no,no,Correct,1.156
underspecified,21,dev_0985,no,NO,no,no,Correct,0.7373999999999999
underspecified,21,dev_0136,yes,NO,no,no,Incorrect,1.2432
underspecified,21,dev_0367,yes,NO,no,no,Incorrect,1.2355999999999998
underspecified,21,dev_0618,yes,NO,no,no,Incorrect,1.2402
underspecified,21,dev_0720,yes,YES,yes,yes,Correct,1.2341
underspecified,21,dev_0770,yes,NO,no,no,Incorrect,1.2329
underspecified,21,dev_0835,yes,YES,yes,yes,Correct,1.2317
underspecified,21,dev_0896,yes,NO,no,no,Incorrect,1.2357
underspecified,21,dev_0434,no,NO,no,no,Correct,1.1905
underspecified,21,dev_0489,no,NO,no,no,Correct,1.2626
underspecified,21,dev_0852,no,NO,no,no,Correct,1.2359
underspecified,21,dev_0870,no,I don't know.,i,idk,IDK,1.2639
underspecified,21,dev_1148,no,I don't know.,i,idk,IDK,0.8495
underspecified,21,dev_2595,no,"NO, A Way Out is a co-op game, meaning it is designed for",no,no,Correct,1.2342
underspecified,21,dev_0281,yes,"NO, there are no tolls on I-70 in Kansas.",no,no,Incorrect,1.2457
underspecified,21,dev_0528,yes,"Yes, there is a train station in Atlantic City, New Jersey. The Atlantic",yes,yes,Correct,1.2802
underspecified,21,dev_0547,yes,I don't know.,i,idk,IDK,1.2410999999999999
underspecified,21,dev_0623,yes,NO,no,no,Incorrect,1.1735
underspecified,21,dev_0626,yes,"NO, Skyline Drive is not part of the Blue Ridge Parkway. Skyline Drive is",no,no,Incorrect,1.2635
underspecified,21,dev_0686,yes,NO,no,no,Incorrect,1.1984000000000001
underspecified,21,dev_0822,yes,I don't know.,i,idk,IDK,0.7855
underspecified,21,dev_1210,yes,I don't know.,i,idk,IDK,1.27
underspecified,21,dev_0374,no,NO,no,no,Correct,1.1576
underspecified,21,dev_0900,no,NO,no,no,Correct,1.1699000000000002
underspecified,21,dev_0913,no,NO,no,no,Correct,1.2333
underspecified,21,dev_1234,no,"NO, there is no Gulf Stream in the Pacific. The Gulf Stream is a",no,no,Correct,1.2492999999999999
underspecified,21,dev_1360,no,"NO, Lake Hiawatha is a man-made lake located in Lakehurst",no,no,Correct,1.2584000000000002
underspecified,21,dev_1544,no,"NO, I-30 in Dallas is not a toll road.",no,no,Correct,1.2455
underspecified,21,dev_1588,no,"NO, Lake George is a natural lake.",no,no,Correct,1.1962000000000002
underspecified,21,dev_0344,yes,NO,no,no,Incorrect,0.8117000000000001
underspecified,21,dev_0379,yes,YES,yes,yes,Correct,1.1721
underspecified,21,dev_0474,yes,I don't know.,i,idk,IDK,0.9171
underspecified,21,dev_0614,yes,I don't know.,i,idk,IDK,1.168
underspecified,21,dev_0655,yes,YES,yes,yes,Correct,1.172
underspecified,21,dev_1195,yes,NO,no,no,Incorrect,1.2767
underspecified,21,dev_1197,yes,NO,no,no,Incorrect,1.1709
underspecified,21,dev_1313,yes,YES,yes,yes,Correct,1.1954
underspecified,21,dev_1564,yes,NO,no,no,Incorrect,1.2329
underspecified,21,dev_0078,no,"NO, there is no right and left brachiocephalic artery. There",no,no,Correct,1.2628
underspecified,21,dev_0166,no,YES,yes,yes,Incorrect,1.2372
underspecified,21,dev_0851,no,YES,yes,yes,Incorrect,1.1990999999999998
underspecified,21,dev_0861,no,"NO, a junctional rhythm typically does not have a P wave because the impulse",no,no,Correct,1.1151
underspecified,21,dev_0872,no,"NO, a third-degree burn is generally worse than a first-degree burn.",no,no,Correct,1.2352
underspecified,21,dev_1554,no,I don't know.,i,idk,IDK,0.8686
underspecified,21,dev_1719,no,NO,no,no,Correct,1.2652
underspecified,21,dev_1991,no,NO,no,no,Correct,1.1564
underspecified,21,dev_2115,no,I don't know.,i,idk,IDK,2.5025
underspecified,21,dev_0105,yes,YES,yes,yes,Correct,1.1937
underspecified,21,dev_0125,yes,NO,no,no,Incorrect,1.2738
underspecified,21,dev_0191,yes,NO,no,no,Incorrect,1.2627000000000002
underspecified,21,dev_1292,yes,"NO, the Queen of England did not marry her cousin. She married Prince Philip",no,no,Incorrect,1.2443
underspecified,21,dev_1338,yes,YES,yes,yes,Correct,1.2418
underspecified,21,dev_0388,no,NO,no,no,Correct,1.2310999999999999
underspecified,21,dev_0703,no,I don't know.,i,idk,IDK,1.2410999999999999
underspecified,21,dev_0833,no,I don't know.,i,idk,IDK,1.2481
underspecified,21,dev_0874,no,NO,no,no,Correct,1.2612999999999999
underspecified,21,dev_1651,no,"Yes, there are still tin mines left in Cornwall, although they are not as",yes,yes,Incorrect,1.2604000000000002
underspecified,21,dev_0072,yes,I don't know.,i,idk,IDK,1.1489
underspecified,21,dev_0258,yes,"NO, alcohol sales are prohibited on Sunday in Wisconsin.",no,no,Incorrect,1.2303
underspecified,21,dev_0286,yes,YES,yes,yes,Correct,1.193
underspecified,21,dev_0348,yes,NO,no,no,Incorrect,1.2302
underspecified,21,dev_0467,yes,YES,yes,yes,Correct,1.1953
underspecified,21,dev_0515,yes,I don't know. The ability to obtain a restraining order against a landlord depends,i,idk,IDK,1.1987999999999999
underspecified,21,dev_0562,yes,I don't know,i,idk,IDK,1.2395999999999998
underspecified,21,dev_0636,yes,"NO, in California, it is illegal to carry a gun on your person without",no,no,Incorrect,1.1932
underspecified,21,dev_0740,yes,"YES, there is a time limit for ratification of an amendment. According to",yes,yes,Correct,1.2386
underspecified,21,dev_0838,yes,"NO, you cannot turn right on a red in Quebec. In Quebec, the",no,no,Incorrect,1.1953
underspecified,21,dev_0864,yes,"NO, Ohio does not allow open carry of firearms without a permit.",no,no,Incorrect,1.1942000000000002
underspecified,21,dev_0873,yes,NO,no,no,Incorrect,1.2308
underspecified,21,dev_0901,yes,I don't know.,i,idk,IDK,1.1910999999999998
underspecified,21,dev_0909,yes,I don't know.,i,idk,IDK,1.2358
underspecified,21,dev_1134,yes,YES,yes,yes,Correct,1.2310999999999999
underspecified,21,dev_0198,no,"NO, New Hampshire does not require a permit to carry a gun for lawful residents",no,no,Correct,1.2446
underspecified,21,dev_0215,no,I don't know.,i,idk,IDK,1.1963
underspecified,21,dev_0223,no,I don't know.,i,idk,IDK,1.1973
underspecified,21,dev_0234,no,I don't know. The legality of sexual activities between individuals depends on the specific laws,i,idk,IDK,1.2712
underspecified,21,dev_0272,no,"NO, trucks are not allowed on the Taconic State Parkway.",no,no,Correct,1.194
underspecified,21,dev_0453,no,NO,no,no,Correct,0.7823
underspecified,21,dev_0499,no,"NO, Puerto Ricans are U.S. citizens, but they cannot vote in",no,no,Correct,1.1977
underspecified,21,dev_0552,no,I don't know. The rules regarding phone usage in prison can vary depending on the,i,idk,IDK,1.2658
underspecified,21,dev_0680,no,I don't know.,i,idk,IDK,1.1993
underspecified,21,dev_0738,no,"NO, Taiwan is not a member of the Paris Convention. The Paris Convention for",no,no,Correct,1.2408
underspecified,21,dev_0771,no,NO,no,no,Correct,0.7393
underspecified,21,dev_0888,no,"NO, Supreme Court justices have never been removed from office. They can only",no,no,Correct,1.2353
underspecified,21,dev_1135,no,NO,no,no,Correct,1.1907
underspecified,21,dev_1188,no,I don't know.,i,idk,IDK,0.8088
underspecified,21,dev_0339,yes,NO,no,no,Incorrect,1.1987999999999999
underspecified,21,dev_0357,yes,I don't know.,i,idk,IDK,0.8467
underspecified,21,dev_0498,yes,NO,no,no,Incorrect,0.7729
underspecified,21,dev_0620,yes,YES,yes,yes,Correct,2.5542
underspecified,21,dev_0878,yes,NO,no,no,Incorrect,1.148
underspecified,21,dev_1864,yes,NO,no,no,Incorrect,1.3271
underspecified,21,dev_2080,yes,YES,yes,yes,Correct,1.3091
underspecified,21,dev_2395,yes,"NO, the Governor-General does not have to sign all bills passed by federal Parliament",no,no,Incorrect,1.2
underspecified,21,dev_2639,yes,"NO, Canada is not part of the",no,no,Incorrect,1.2454
underspecified,21,dev_3155,yes,I don't know.,i,idk,IDK,1.2362
underspecified,21,dev_3209,yes,NO,no,no,Incorrect,1.1685
underspecified,21,dev_0209,no,NO,no,no,Correct,1.2472999999999999
underspecified,21,dev_0273,no,"NO, you only have to pay once when crossing the George Washington Bridge in either",no,no,Correct,1.1758
underspecified,21,dev_0404,no,"NO, Puerto Rico is an unincorporated territory of the United States,",no,no,Correct,1.3172000000000001
underspecified,21,dev_0567,no,NO,no,no,Correct,0.7333999999999999
underspecified,21,dev_0675,no,"NO, Saudi Arabia has not signed the Universal Declaration of",no,no,Correct,1.2377
underspecified,21,dev_1172,no,NO,no,no,Correct,0.7411
underspecified,21,dev_1275,no,I don't know.,i,idk,IDK,1.1996
underspecified,21,dev_1971,no,NO,no,no,Correct,0.7444
underspecified,21,dev_2001,no,"NO, the president can only pardon federal crimes, not state crimes.",no,no,Correct,1.2287000000000001
underspecified,21,dev_3004,no,NO,no,no,Correct,1.173
underspecified,21,dev_3256,no,I don't know.,i,idk,IDK,1.1451
underspecified,21,dev_1132,yes,NO,no,no,Incorrect,1.1557
underspecified,21,dev_1233,yes,NO,no,no,Incorrect,0.7754
underspecified,21,dev_1511,yes,NO,no,no,Incorrect,1.1985
underspecified,21,dev_1633,yes,NO,no,no,Incorrect,1.2478
underspecified,21,dev_2007,yes,NO,no,no,Incorrect,1.1727
underspecified,21,dev_2214,yes,"NO, there is no such thing as dry water. Water is a compound made",no,no,Incorrect,1.2446
underspecified,21,dev_2239,yes,YES,yes,yes,Correct,1.1992
underspecified,21,dev_2299,yes,YES,yes,yes,Correct,1.2454
underspecified,21,dev_2303,yes,"YES, all known life forms require the same essential elements, such as carbon,",yes,yes,Correct,1.3222
underspecified,21,dev_2477,yes,"NO, 0 is not in the set of natural numbers. Natural numbers typically",no,no,Incorrect,1.2684000000000002
underspecified,21,dev_2993,yes,NO,no,no,Incorrect,1.1736
underspecified,21,dev_3126,yes,"NO, an upside-down rainbow is not possible because it would require the light to",no,no,Incorrect,1.2472
underspecified,21,dev_3188,yes,NO,no,no,Incorrect,1.1947
underspecified,21,dev_3193,yes,YES,yes,yes,Correct,1.2743
underspecified,21,dev_3234,yes,NO,no,no,Incorrect,2.5251
underspecified,21,dev_3265,yes,NO,no,no,Incorrect,1.2619
underspecified,21,dev_0001,no,I don't know.,i,idk,IDK,1.2492
underspecified,21,dev_0579,no,I don't know.,i,idk,IDK,1.1992
underspecified,21,dev_1003,no,NO,no,no,Correct,0.7195
underspecified,21,dev_1483,no,NO,no,no,Correct,1.193
underspecified,21,dev_1551,no,NO,no,no,Correct,1.2483
underspecified,21,dev_1702,no,"YES, a pterodactyl is an older term that was used to",yes,yes,Incorrect,1.3244
underspecified,21,dev_1925,no,NO,no,no,Correct,2.5862
underspecified,21,dev_2025,no,NO,no,no,Correct,1.1927
underspecified,21,dev_2312,no,NO,no,no,Correct,1.2424000000000002
underspecified,21,dev_2471,no,YES,yes,yes,Incorrect,1.1905
underspecified,21,dev_2521,no,NO,no,no,Correct,1.2449000000000001
underspecified,21,dev_2782,no,"NO, the hydronium ion (H3O+) and hydrogen ion (",no,no,Correct,1.2725
underspecified,21,dev_2812,no,YES,yes,yes,Incorrect,0.7417999999999999
underspecified,21,dev_3014,no,NO,no,no,Correct,1.2341
underspecified,21,dev_3034,no,NO,no,no,Correct,1.1997
underspecified,21,dev_3159,no,NO,no,no,Correct,1.2330999999999999
underspecified,21,dev_3190,no,NO,no,no,Correct,1.1947999999999999
underspecified,21,dev_0682,yes,NO,no,no,Incorrect,1.2401
underspecified,21,dev_0735,yes,YES,yes,yes,Correct,1.1915
underspecified,21,dev_1505,yes,YES,yes,yes,Correct,1.1752
underspecified,21,dev_1668,yes,"YES, Church of England (Anglican) worshippers do make the sign of",yes,yes,Correct,1.2701
underspecified,21,dev_2373,yes,NO,no,no,Incorrect,1.24
underspecified,21,dev_2793,yes,NO,no,no,Incorrect,1.2394
underspecified,21,dev_2929,yes,I don't know.,i,idk,IDK,1.2387000000000001
underspecified,21,dev_0605,no,NO,no,no,Correct,1.1942000000000002
underspecified,21,dev_0908,no,I don't know.,i,idk,IDK,0.7758999999999999
underspecified,21,dev_1388,no,NO,no,no,Correct,1.1942000000000002
underspecified,21,dev_1521,no,"NO, Sweden does not pay students to attend school. Education in Sweden is free",no,no,Correct,1.2350999999999999
underspecified,21,dev_2334,no,NO,no,no,Correct,1.2631
underspecified,21,dev_2641,no,I don't know.,i,idk,IDK,1.2467000000000001
underspecified,21,dev_0347,yes,NO,no,no,Incorrect,1.2484000000000002
underspecified,21,dev_0411,yes,I don't know.,i,idk,IDK,1.3133
underspecified,21,dev_0439,yes,NO,no,no,Incorrect,1.2675999999999998
underspecified,21,dev_0452,yes,YES,yes,yes,Correct,1.2383
underspecified,21,dev_0585,yes,NO,no,no,Incorrect,1.2346
underspecified,21,dev_0656,yes,NO,no,no,Incorrect,1.264
underspecified,21,dev_0661,yes,YES,yes,yes,Correct,1.2339
underspecified,21,dev_0701,yes,YES,yes,yes,Correct,1.2330999999999999
underspecified,21,dev_0704,yes,YES,yes,yes,Correct,2.5385
underspecified,21,dev_0752,yes,NO,no,no,Incorrect,1.1729
underspecified,21,dev_0848,yes,I don't know.,i,idk,IDK,1.1695
underspecified,21,dev_0883,yes,YES,yes,yes,Correct,1.191
underspecified,21,dev_1143,yes,YES,yes,yes,Correct,1.2315999999999998
underspecified,21,dev_1305,yes,"NO, a school cannot be both Division I and II. They are separate divisions",no,no,Incorrect,1.2425
underspecified,21,dev_1497,yes,NO,no,no,Incorrect,1.2302
underspecified,21,dev_1777,yes,I don't know.,i,idk,IDK,1.2706
underspecified,21,dev_2250,yes,NO,no,no,Incorrect,1.1732
underspecified,21,dev_2370,yes,NO,no,no,Incorrect,1.2304000000000002
underspecified,21,dev_0083,no,YES,yes,yes,Incorrect,1.2479
underspecified,21,dev_0085,no,YES,yes,yes,Incorrect,1.2472999999999999
underspecified,21,dev_0170,no,NO,no,no,Correct,1.1762000000000001
underspecified,21,dev_0230,no,NO,no,no,Correct,1.2722
underspecified,21,dev_0412,no,I don't know.,i,idk,IDK,1.2645
underspecified,21,dev_0421,no,NO,no,no,Correct,1.1065
underspecified,21,dev_0447,no,NO,no,no,Correct,2.4852
underspecified,21,dev_0544,no,I don't know.,i,idk,IDK,1.1995
underspecified,21,dev_0565,no,"NO, walks are not included in the batting average calculation.",no,no,Correct,1.1284
underspecified,21,dev_0589,no,I don't know.,i,idk,IDK,1.2486
underspecified,21,dev_0593,no,NO,no,no,Correct,1.2364000000000002
underspecified,21,dev_0859,no,NO,no,no,Correct,1.242
underspecified,21,dev_0865,no,NO,no,no,Correct,1.2417
underspecified,21,dev_1518,no,NO,no,no,Correct,1.2350999999999999
underspecified,21,dev_1768,no,NO,no,no,Correct,1.2368
underspecified,21,dev_1779,no,NO,no,no,Correct,1.175
underspecified,21,dev_1905,no,NO,no,no,Correct,1.2715999999999998
underspecified,21,dev_2156,no,NO,no,no,Correct,1.3159
underspecified,21,dev_2158,no,YES,yes,yes,Incorrect,0.7773
underspecified,21,dev_2798,no,NO,no,no,Correct,1.1938
underspecified,21,dev_3138,no,YES,yes,yes,Incorrect,1.192
underspecified,21,dev_0307,yes,NO,no,no,Incorrect,1.2445
underspecified,21,dev_0506,yes,NO,no,no,Incorrect,1.1555
underspecified,21,dev_0641,yes,NO,no,no,Incorrect,1.2379
underspecified,21,dev_0844,yes,I don't know.,i,idk,IDK,1.1761
underspecified,21,dev_1032,yes,NO,no,no,Incorrect,1.243
underspecified,21,dev_1574,yes,"NO, Apple Lightning cables do not contain a chip. They are simple cables that",no,no,Incorrect,1.1952
underspecified,21,dev_1889,yes,NO,no,no,Incorrect,1.2395999999999998
underspecified,21,dev_2093,yes,NO,no,no,Incorrect,1.2330999999999999
underspecified,21,dev_2213,yes,NO,no,no,Incorrect,1.1488
underspecified,21,dev_2735,yes,"NO, pipelining is a technique used to improve the throughput of a system",no,no,Incorrect,2.6210999999999998
underspecified,21,dev_2836,yes,NO,no,no,Incorrect,0.7377999999999999
underspecified,21,dev_0788,no,NO,no,no,Correct,1.2378
underspecified,21,dev_0798,no,NO,no,no,Correct,1.2595
underspecified,21,dev_1249,no,YES,yes,yes,Incorrect,1.2592
underspecified,21,dev_1458,no,"NO, powered speakers have an internal amplifier and do not require an external amplifier.",no,no,Correct,1.2317
underspecified,21,dev_1584,no,YES,yes,yes,Incorrect,1.1942000000000002
underspecified,21,dev_1589,no,"NO, a SIM-free phone does not lock to a network because it does not",no,no,Correct,1.2475999999999998
underspecified,21,dev_1657,no,NO,no,no,Correct,1.2315999999999998
underspecified,21,dev_1691,no,NO,no,no,Correct,1.199
underspecified,21,dev_1943,no,YES,yes,yes,Incorrect,1.1949
underspecified,21,dev_2682,no,YES,yes,yes,Incorrect,1.2372
underspecified,21,dev_2712,no,NO,no,no,Correct,1.1117000000000001
underspecified,21,dev_0427,no,NO,no,no,Correct,1.1933
underspecified,21,dev_0531,no,I don't know.,i,idk,IDK,0.8764
underspecified,21,dev_1915,no,NO,no,no,Correct,0.7723
underspecified,21,dev_1946,no,NO,no,no,Correct,1.3182
underspecified,21,dev_2024,no,NO,no,no,Correct,1.1961
underspecified,21,dev_2265,no,NO,no,no,Correct,1.1950999999999998
underspecified,21,dev_0004,yes,NO,no,no,Incorrect,1.1909
underspecified,21,dev_0241,yes,YES,yes,yes,Correct,0.7753
underspecified,21,dev_0326,yes,YES,yes,yes,Correct,1.1882000000000001
underspecified,21,dev_0525,yes,YES,yes,yes,Correct,1.1725
underspecified,21,dev_0577,yes,NO,no,no,Incorrect,1.2355999999999998
underspecified,21,dev_0799,yes,I don't know.,i,idk,IDK,0.8509
underspecified,21,dev_0142,no,NO,no,no,Correct,1.2430999999999999
underspecified,21,dev_0494,no,"NO, fitness in biology refers to an organism's ability to survive and reproduce in",no,no,Correct,2.5874
underspecified,21,dev_0527,no,"NO, HeLa cells are aneuploid and have an abnormal number of",no,no,Correct,1.2327000000000001
underspecified,21,dev_0566,no,NO,no,no,Correct,1.2612
underspecified,21,dev_0648,no,NO,no,no,Correct,1.2333
underspecified,21,dev_0668,no,NO,no,no,Correct,1.176
underspecified,21,dev_0749,no,NO,no,no,Correct,1.2765
underspecified,21,dev_0790,no,NO,no,no,Correct,1.153
underspecified,21,dev_0867,no,NO,no,no,Correct,1.1439000000000001
underspecified,21,dev_0921,no,NO,no,no,Correct,1.1941
underspecified,21,dev_1088,no,NO,no,no,Correct,1.2378
underspecified,21,dev_1329,no,"NO, there is no bone in your earlobe. The earlobe",no,no,Correct,1.1957
underspecified,21,dev_1402,no,NO,no,no,Correct,0.702
underspecified,21,dev_1428,no,"NO, sweat glands are not part of the lymphatic system. They are part",no,no,Correct,1.1958
underspecified,21,dev_1439,no,NO,no,no,Correct,1.1932
underspecified,21,dev_0020,yes,YES,yes,yes,Correct,1.1577
underspecified,21,dev_0027,yes,YES,yes,yes,Correct,1.2383
underspecified,21,dev_0047,yes,"YES, there is such a thing as a turkey vulture. It is a",yes,yes,Correct,1.2422
underspecified,21,dev_0070,yes,"YES, T. rex and Tyrannosaurus rex refer to the same dinosaur",yes,yes,Correct,1.312
underspecified,21,dev_0086,yes,YES,yes,yes,Correct,1.1907
underspecified,21,dev_0121,yes,YES,yes,yes,Correct,1.1921
underspecified,21,dev_0131,yes,YES,yes,yes,Correct,1.2301
underspecified,21,dev_0147,yes,YES,yes,yes,Correct,1.1993
underspecified,21,dev_0159,yes,"NO, trees typically have only one main trunk, although some species can have multiple",no,no,Incorrect,2.5833000000000004
underspecified,21,dev_0190,yes,NO,no,no,Incorrect,1.2388
underspecified,21,dev_0195,yes,NO,no,no,Incorrect,1.2475999999999998
underspecified,21,dev_0200,yes,YES,yes,yes,Correct,1.2441
underspecified,21,dev_0214,yes,YES,yes,yes,Correct,0.7162000000000001
underspecified,21,dev_0242,yes,YES,yes,yes,Correct,1.1556
underspecified,21,dev_0522,yes,YES,yes,yes,Correct,1.2764000000000002
underspecified,21,dev_0033,no,NO,no,no,Correct,1.2425
underspecified,21,dev_0123,no,"NO, public limited companies are not in the private sector; they are publicly traded",no,no,Correct,1.2332
underspecified,21,dev_0501,no,NO,no,no,Correct,1.2383
underspecified,21,dev_0526,no,NO,no,no,Correct,1.1972
underspecified,21,dev_1076,no,NO,no,no,Correct,1.2677
underspecified,21,dev_1213,no,NO,no,no,Correct,1.1571
underspecified,21,dev_1654,no,"NO, discouraged workers are not counted in the unemployment rate. They are considered part",no,no,Correct,2.6092
underspecified,21,dev_1753,no,YES,yes,yes,Incorrect,1.2624000000000002
underspecified,21,dev_1825,no,NO,no,no,Correct,1.1959000000000002
underspecified,21,dev_2911,no,"NO, the United States does not have a fixed exchange rate. It has a",no,no,Correct,1.2464000000000002
underspecified,21,dev_2740,no,NO,no,no,Correct,1.1716
underspecified,21,dev_2517,no,NO,no,no,Correct,1.1979000000000002
underspecified,21,dev_1139,yes,YES,yes,yes,Correct,1.2392
underspecified,21,dev_0002,yes,NO,no,no,Incorrect,1.1904000000000001
underspecified,21,dev_0773,yes,YES,yes,yes,Correct,1.2335999999999998
underspecified,21,dev_1186,yes,YES,yes,yes,Correct,1.2463
underspecified,21,dev_1302,yes,YES,yes,yes,Correct,1.1894
underspecified,21,dev_1349,yes,YES,yes,yes,Correct,0.7337
underspecified,21,dev_1771,yes,NO,no,no,Incorrect,1.1481
underspecified,21,dev_1804,yes,YES,yes,yes,Correct,1.2659
underspecified,21,dev_1873,yes,NO,no,no,Incorrect,1.23
underspecified,21,dev_1963,yes,"NO, New Hampshire does have a sales tax, but it is one of the",no,no,Incorrect,1.2734
underspecified,21,dev_2582,yes,YES,yes,yes,Correct,1.1573
underspecified,21,dev_2598,yes,NO,no,no,Incorrect,2.5132
underspecified,21,dev_3158,yes,YES,yes,yes,Correct,1.2379
underspecified,21,dev_0551,no,NO,no,no,Correct,1.1714
underspecified,21,dev_1158,no,NO,no,no,Correct,1.173
underspecified,21,dev_1364,no,NO,no,no,Correct,1.2446
underspecified,21,dev_1807,no,NO,no,no,Correct,1.1593
underspecified,21,dev_2542,no,NO,no,no,Correct,1.1893
underspecified,21,dev_2562,no,NO,no,no,Correct,1.2606
underspecified,21,dev_3005,no,NO,no,no,Correct,2.5349
underspecified,21,dev_3194,no,NO,no,no,Correct,1.2363
underspecified,21,dev_3195,no,NO,no,no,Correct,1.238
underspecified,21,dev_0013,yes,I don't know.,i,idk,IDK,1.1535
underspecified,21,dev_0043,yes,YES,yes,yes,Correct,1.2646
underspecified,21,dev_0052,yes,YES,yes,yes,Correct,1.2485
underspecified,21,dev_0091,yes,NO,no,no,Incorrect,1.2315
underspecified,21,dev_0116,yes,YES,yes,yes,Correct,1.1925999999999999
underspecified,21,dev_0288,yes,YES,yes,yes,Correct,1.2379
underspecified,21,dev_0555,yes,NO,no,no,Incorrect,1.1959000000000002
underspecified,21,dev_0627,yes,NO,no,no,Incorrect,1.1852
underspecified,21,dev_0831,yes,NO,no,no,Incorrect,0.7746000000000001
underspecified,21,dev_0721,no,NO,no,no,Correct,1.1747
underspecified,21,dev_0863,no,NO,no,no,Correct,1.2389000000000001
underspecified,21,dev_1357,no,NO,no,no,Correct,1.189
underspecified,21,dev_1951,no,NO,no,no,Correct,1.1945999999999999
underspecified,21,dev_2131,no,NO,no,no,Correct,1.2439
underspecified,21,dev_2174,no,NO,no,no,Correct,1.244
underspecified,21,dev_2252,no,NO,no,no,Correct,2.5379
underspecified,21,dev_2309,no,NO,no,no,Correct,1.2477
underspecified,21,dev_2364,no,NO,no,no,Correct,1.2375999999999998
underspecified,21,dev_3075,no,NO,no,no,Correct,1.2467000000000001
underspecified,21,dev_3205,no,NO,no,no,Correct,1.2479
underspecified,21,dev_0015,yes,NO,no,no,Incorrect,1.2363
underspecified,21,dev_0153,yes,YES,yes,yes,Correct,1.2387000000000001
underspecified,21,dev_0161,yes,NO,no,no,Incorrect,1.2565
underspecified,21,dev_0306,yes,NO,no,no,Incorrect,0.705
underspecified,21,dev_0334,yes,NO,no,no,Incorrect,1.2569000000000001
underspecified,21,dev_0338,yes,YES,yes,yes,Correct,1.2448
underspecified,21,dev_0493,yes,NO,no,no,Incorrect,1.2581
underspecified,21,dev_0520,yes,YES,yes,yes,Correct,1.2617
underspecified,21,dev_0212,no,NO,no,no,Correct,0.7396
underspecified,21,dev_0309,no,NO,no,no,Correct,1.1696
underspecified,21,dev_0484,no,NO,no,no,Correct,1.2321
underspecified,21,dev_0654,no,NO,no,no,Correct,1.1444
underspecified,21,dev_0973,no,NO,no,no,Correct,2.0412
underspecified,21,dev_1335,no,NO,no,no,Correct,1.1482
underspecified,21,dev_1443,no,NO,no,no,Correct,1.2441
underspecified,21,dev_0284,yes,"NO, enameled cast iron does not leach iron into food.",no,no,Incorrect,1.1859000000000002
underspecified,21,dev_0330,yes,"NO, the white cover on brie cheese is not edible. It is called",no,no,Incorrect,1.1719000000000002
underspecified,21,dev_0443,yes,NO,no,no,Incorrect,1.2304000000000002
underspecified,21,dev_0975,yes,NO,no,no,Incorrect,1.1698
underspecified,21,dev_1741,yes,YES,yes,yes,Correct,1.1941
underspecified,21,dev_1770,yes,NO,no,no,Incorrect,1.1536
underspecified,21,dev_1860,no,NO,no,no,Correct,1.2309
underspecified,21,dev_1967,yes,NO,no,no,Incorrect,1.2457
underspecified,21,dev_0236,no,NO,no,no,Correct,1.1930999999999998
underspecified,21,dev_0741,no,NO,no,no,Correct,1.2342
underspecified,21,dev_1440,no,NO,no,no,Correct,1.1538
underspecified,21,dev_2062,no,NO,no,no,Correct,1.2626
underspecified,21,dev_2109,no,NO,no,no,Correct,1.2684000000000002
underspecified,21,dev_2137,no,NO,no,no,Correct,1.2658
underspecified,21,dev_0478,yes,YES,yes,yes,Correct,1.2610999999999999
underspecified,21,dev_0545,yes,YES,yes,yes,Correct,1.267
underspecified,21,dev_1125,yes,NO,no,no,Incorrect,1.2679
underspecified,21,dev_1137,yes,NO,no,no,Incorrect,0.6982
underspecified,21,dev_1162,yes,YES,yes,yes,Correct,1.1593
underspecified,21,dev_1177,yes,YES,yes,yes,Correct,1.2301
underspecified,21,dev_1444,yes,YES,yes,yes,Correct,1.1569
underspecified,21,dev_0313,no,NO,no,no,Correct,1.2350999999999999
underspecified,21,dev_0823,no,NO,no,no,Correct,1.2415
underspecified,21,dev_0839,no,NO,no,no,Correct,1.3095
underspecified,21,dev_1222,no,NO,no,no,Correct,1.2607000000000002
underspecified,21,dev_1254,no,NO,no,no,Correct,1.26
underspecified,21,dev_1269,no,NO,no,no,Correct,1.199
underspecified,21,dev_1334,no,"NO, Patagonia is not a country in its own right. It is a region",no,no,Correct,1.2401
underspecified,21,dev_0184,yes,NO,no,no,Incorrect,1.241
underspecified,21,dev_0322,yes,NO,no,no,Incorrect,1.2338
underspecified,21,dev_0557,yes,YES,yes,yes,Correct,1.2372
underspecified,21,dev_0573,yes,"NO, you cannot get to the Black Sea from the Mediterranean directly. The Black",no,no,Incorrect,1.1930999999999998
underspecified,21,dev_1179,yes,NO,no,no,Incorrect,2.511
underspecified,21,dev_0619,yes,NO,no,no,Incorrect,1.2652
underspecified,21,dev_0650,yes,YES,yes,yes,Correct,1.2305
underspecified,21,dev_0734,yes,YES,yes,yes,Correct,1.1865999999999999
underspecified,21,dev_0061,no,NO,no,no,Correct,1.1993
underspecified,21,dev_0124,no,NO,no,no,Correct,1.17
underspecified,21,dev_0914,no,NO,no,no,Correct,1.2472
underspecified,21,dev_0955,no,NO,no,no,Correct,0.7406
underspecified,21,dev_1610,no,NO,no,no,Correct,1.2435
underspecified,21,dev_1790,no,"NO, the lining of the uterus does not shed during implantation. Implantation is",no,no,Correct,2.61
underspecified,21,dev_2096,no,NO,no,no,Correct,1.258
underspecified,21,dev_2277,no,NO,no,no,Correct,1.237
underspecified,21,dev_2499,no,NO,no,no,Correct,1.1958
underspecified,21,dev_1959,yes,YES,yes,yes,Correct,1.2330999999999999
underspecified,21,dev_1992,yes,NO,no,no,Incorrect,1.2718
underspecified,21,dev_2047,yes,"NO, organs in the digestive system, such as the liver, pancreas, and",no,no,Incorrect,1.2754
underspecified,21,dev_1656,yes,I don't know.,i,idk,IDK,2.6135
underspecified,21,dev_1663,yes,YES,yes,yes,Correct,1.1677
underspecified,21,dev_1752,yes,"NO, triamcinolone cream is not typically used for poison ivy. It",no,no,Incorrect,1.2585
underspecified,21,dev_2049,yes,YES,yes,yes,Correct,1.1732
underspecified,21,dev_2050,yes,YES,yes,yes,Correct,1.2652999999999999
underspecified,21,dev_1442,yes,YES,yes,yes,Correct,1.238
underspecified,21,dev_0301,no,NO,no,no,Correct,1.2785
underspecified,21,dev_0480,no,NO,no,no,Correct,1.3300999999999998
underspecified,21,dev_1290,no,NO,no,no,Correct,1.2421
underspecified,21,dev_1819,no,NO,no,no,Correct,1.2438
underspecified,21,dev_2206,no,NO,no,no,Correct,1.2419
underspecified,21,dev_0376,yes,I don't know.,i,idk,IDK,1.2643
underspecified,21,dev_0346,yes,YES,yes,yes,Correct,1.2354
underspecified,21,dev_0363,yes,YES,yes,yes,Correct,1.2443
underspecified,21,dev_0535,yes,NO,no,no,Incorrect,1.1872
underspecified,21,dev_0629,yes,YES,yes,yes,Correct,2.6238
underspecified,21,dev_0179,no,NO,no,no,Correct,1.1977
underspecified,21,dev_0402,no,NO,no,no,Correct,1.2358
underspecified,21,dev_0513,no,I don't know.,i,idk,IDK,1.2355999999999998
underspecified,21,dev_0606,no,"NO, it is not legal to escape from prison in Germany. Escaping from",no,no,Correct,1.2339
underspecified,21,dev_0630,no,NO,no,no,Correct,1.1745999999999999
underspecified,21,dev_0795,no,NO,no,no,Correct,1.2310999999999999
underspecified,21,dev_1457,no,NO,no,no,Correct,1.2632
underspecified,21,dev_1776,no,NO,no,no,Correct,1.3120999999999998
underspecified,21,dev_1862,no,NO,no,no,Correct,1.197
underspecified,21,dev_1911,no,"NO, there is no mandatory retirement age for U.S. Supreme Court justices",no,no,Correct,1.2667
underspecified,21,dev_2755,no,NO,no,no,Correct,1.2313
underspecified,21,dev_2756,no,NO,no,no,Correct,1.2695
underspecified,21,dev_2921,no,NO,no,no,Correct,1.2387000000000001
underspecified,21,dev_2972,no,NO,no,no,Correct,1.2426
underspecified,21,dev_0009,yes,NO,no,no,Incorrect,1.1969
underspecified,21,dev_0038,yes,I don't know.,i,idk,IDK,2.561
underspecified,21,dev_0129,yes,"YES, you can sell a gun privately in Florida, but you must comply with",yes,yes,Correct,1.2306
underspecified,21,dev_0202,yes,"YES, breaking and entering into a car is typically considered a felony, as it",yes,yes,Correct,1.2350999999999999
underspecified,21,dev_0308,yes,YES,yes,yes,Correct,1.2302
underspecified,21,dev_0584,yes,YES,yes,yes,Correct,1.237
underspecified,21,dev_0644,yes,YES,yes,yes,Correct,1.1935
underspecified,21,dev_0653,yes,YES,yes,yes,Correct,1.3239
underspecified,21,dev_0671,yes,"YES, the state of Kansas has the death penalty. As of my last update",yes,yes,Correct,1.2341
underspecified,21,dev_0757,yes,YES,yes,yes,Correct,2.5864000000000003
underspecified,21,dev_1059,yes,YES,yes,yes,Correct,1.1947999999999999
underspecified,21,dev_1067,yes,YES,yes,yes,Correct,1.236
underspecified,21,dev_1097,yes,YES,yes,yes,Correct,1.1985999999999999
underspecified,21,dev_1131,yes,YES,yes,yes,Correct,1.2594
underspecified,21,dev_1324,yes,YES,yes,yes,Correct,1.2299
underspecified,21,dev_0305,no,I don't know.,i,idk,IDK,1.2609000000000001
underspecified,21,dev_0465,no,NO,no,no,Correct,1.3123
underspecified,21,dev_0508,no,NO,no,no,Correct,1.2335999999999998
underspecified,21,dev_0518,no,YES,yes,yes,Incorrect,1.1956
underspecified,21,dev_0572,no,NO,no,no,Correct,1.1925999999999999
underspecified,21,dev_0898,no,NO,no,no,Correct,1.1702000000000001
underspecified,21,dev_1154,no,NO,no,no,Correct,0.8061
underspecified,21,dev_1221,no,NO,no,no,Correct,1.2647
underspecified,21,dev_1244,no,NO,no,no,Correct,1.1969
underspecified,21,dev_1245,no,NO,no,no,Correct,1.1915
underspecified,21,dev_1273,no,NO,no,no,Correct,2.6576999999999997
underspecified,21,dev_0647,yes,YES,yes,yes,Correct,1.1471
underspecified,21,dev_0254,yes,YES,yes,yes,Correct,1.3162
underspecified,21,dev_0486,yes,YES,yes,yes,Correct,0.741
underspecified,21,dev_0736,yes,YES,yes,yes,Correct,1.2435
underspecified,21,dev_0814,yes,NO,no,no,Incorrect,1.2472999999999999
underspecified,21,dev_1477,yes,YES,yes,yes,Correct,1.2357
underspecified,21,dev_1721,yes,YES,yes,yes,Correct,1.2337
underspecified,21,dev_1786,yes,"YES, New York City still has rent control. The Rent Stabilization Law,",yes,yes,Correct,2.6182
underspecified,21,dev_1970,yes,YES,yes,yes,Correct,1.2762
underspecified,21,dev_1985,yes,YES,yes,yes,Correct,1.2368
underspecified,21,dev_2448,no,NO,no,no,Correct,1.2605
underspecified,21,dev_0066,yes,NO,no,no,Incorrect,1.159
underspecified,21,dev_0088,yes,YES,yes,yes,Correct,1.1575
underspecified,21,dev_0196,yes,YES,yes,yes,Correct,1.2427000000000001
underspecified,21,dev_0262,yes,YES,yes,yes,Correct,1.1915
underspecified,21,dev_0271,yes,YES,yes,yes,Correct,1.1742000000000001
underspecified,21,dev_0329,yes,YES,yes,yes,Correct,1.2599
underspecified,21,dev_0331,yes,"YES, a wheel and axle is a simple machine.",yes,yes,Correct,1.269
underspecified,21,dev_0387,yes,YES,yes,yes,Correct,1.2348
underspecified,21,dev_0418,yes,YES,yes,yes,Correct,1.2569000000000001
underspecified,21,dev_0616,yes,"YES, bicarb soda and baking soda are the same. They are both",yes,yes,Correct,1.199
underspecified,21,dev_0638,yes,YES,yes,yes,Correct,1.1698
underspecified,21,dev_0657,yes,"NO, yield stress and yield strength are related but not the same. Yield stress",no,no,Incorrect,1.2407000000000001
underspecified,21,dev_0692,yes,NO,no,no,Incorrect,1.2585
underspecified,21,dev_0744,yes,NO,no,no,Incorrect,1.1487
underspecified,21,dev_0797,yes,YES,yes,yes,Correct,1.1725
underspecified,21,dev_0842,yes,YES,yes,yes,Correct,1.2341
underspecified,21,dev_1379,yes,YES,yes,yes,Correct,1.2609000000000001
underspecified,21,dev_0126,no,NO,no,no,Correct,1.2623
underspecified,21,dev_0342,no,NO,no,no,Correct,1.1972
underspecified,21,dev_0437,no,NO,no,no,Correct,1.3171
underspecified,21,dev_0553,no,NO,no,no,Correct,1.1692
underspecified,21,dev_0652,no,NO,no,no,Correct,1.2658
underspecified,21,dev_0708,no,NO,no,no,Correct,1.1954
underspecified,21,dev_1083,no,NO,no,no,Correct,1.233
underspecified,21,dev_1142,no,NO. Quantum entanglement does not allow for faster-than-light communication or transfer,no,no,Correct,1.2679
underspecified,21,dev_1354,no,NO,no,no,Correct,1.2381
underspecified,21,dev_1460,no,NO,no,no,Correct,1.2330999999999999
underspecified,21,dev_1468,no,NO,no,no,Correct,1.1754
underspecified,21,dev_1559,no,NO,no,no,Correct,1.1515
underspecified,21,dev_1595,no,NO,no,no,Correct,1.2307000000000001
underspecified,21,dev_1643,no,NO,no,no,Correct,0.7191000000000001
underspecified,21,dev_1692,no,NO,no,no,Correct,1.1672
underspecified,21,dev_1726,no,NO,no,no,Correct,1.277
underspecified,21,dev_0008,yes,YES,yes,yes,Correct,1.1399000000000001
underspecified,21,dev_0323,yes,YES,yes,yes,Correct,1.2489000000000001
underspecified,21,dev_0794,yes,YES,yes,yes,Correct,1.2651
underspecified,21,dev_0866,yes,YES,yes,yes,Correct,1.1482999999999999
underspecified,21,dev_0910,yes,YES,yes,yes,Correct,0.719
underspecified,21,dev_0992,yes,NO,no,no,Incorrect,1.2312
underspecified,21,dev_1446,yes,YES,yes,yes,Correct,2.5523000000000002
underspecified,21,dev_0294,no,NO,no,no,Correct,1.2375
underspecified,21,dev_0521,no,NO,no,no,Correct,1.244
underspecified,21,dev_0943,no,NO,no,no,Correct,1.1913
underspecified,21,dev_1887,no,NO,no,no,Correct,1.1933
underspecified,21,dev_2892,no,NO,no,no,Correct,1.2045
underspecified,21,dev_2691,no,NO,no,no,Correct,1.1978
underspecified,21,dev_0065,yes,YES,yes,yes,Correct,0.8042
underspecified,21,dev_0245,yes,NO,no,no,Incorrect,2.6050999999999997
underspecified,21,dev_0315,yes,NO,no,no,Incorrect,1.2379
underspecified,21,dev_0361,yes,NO,no,no,Incorrect,1.1744
underspecified,21,dev_0550,yes,YES,yes,yes,Correct,1.2687
underspecified,21,dev_0595,yes,NO,no,no,Incorrect,1.1965
underspecified,21,dev_0966,yes,NO,no,no,Incorrect,0.7192000000000001
underspecified,21,dev_1078,yes,YES,yes,yes,Correct,1.2383
underspecified,21,dev_1224,yes,NO,no,no,Incorrect,1.2448
underspecified,21,dev_1251,yes,"YES, Croatia has placed in the FIFA World Cup. They reached the quarter-finals",yes,yes,Correct,2.6585
underspecified,21,dev_1260,yes,I don't know.,i,idk,IDK,1.2004000000000001
underspecified,21,dev_1278,yes,YES,yes,yes,Correct,1.2472999999999999
underspecified,21,dev_1462,yes,YES,yes,yes,Correct,1.266
underspecified,21,dev_1494,yes,"NO, a player cannot be offside on a corner kick. The offside",no,no,Incorrect,1.2704000000000002
underspecified,21,dev_1543,yes,YES,yes,yes,Correct,1.238
underspecified,21,dev_2012,yes,NO,no,no,Incorrect,1.2435
underspecified,21,dev_2118,yes,NO,no,no,Incorrect,1.239
underspecified,21,dev_2272,yes,NO,no,no,Incorrect,1.2021
underspecified,21,dev_2338,yes,NO,no,no,Incorrect,1.1787999999999998
underspecified,21,dev_2498,yes,NO,no,no,Incorrect,1.194
underspecified,21,dev_2509,yes,YES,yes,yes,Correct,1.2685
underspecified,21,dev_2917,yes,YES,yes,yes,Correct,1.2452
underspecified,21,dev_2966,yes,NO,no,no,Incorrect,1.1624
underspecified,21,dev_2974,yes,"YES, it is possible to run for 24 hours, although it is extremely",yes,yes,Correct,1.2759
underspecified,21,dev_3007,yes,YES,yes,yes,Correct,1.2347000000000001
underspecified,21,dev_3199,yes,YES,yes,yes,Correct,1.2398
underspecified,21,dev_0222,no,NO,no,no,Correct,1.1534
underspecified,21,dev_0398,no,NO,no,no,Correct,1.2323
underspecified,21,dev_0426,no,NO,no,no,Correct,1.2332
underspecified,21,dev_0464,no,NO,no,no,Correct,1.3146
underspecified,21,dev_0563,no,NO,no,no,Correct,1.3114000000000001
underspecified,21,dev_0658,no,"NO, a walk in baseball is not a dead ball. A walk occurs when",no,no,Correct,1.2704000000000002
underspecified,21,dev_1366,no,NO,no,no,Correct,2.5783
underspecified,21,dev_1471,no,NO,no,no,Correct,1.2714
underspecified,21,dev_1558,no,NO,no,no,Correct,1.1922000000000001
underspecified,21,dev_1580,no,NO,no,no,Correct,1.1937
underspecified,21,dev_2401,no,"NO, a batsman cannot be run out on a no-ball. In cricket",no,no,Correct,1.2432999999999998
underspecified,21,dev_2436,no,NO,no,no,Correct,1.2415
underspecified,21,dev_3224,no,"NO, an MLB game cannot end in a tie. The game is played to",no,no,Correct,1.243
underspecified,21,dev_0022,yes,YES,yes,yes,Correct,1.1703
underspecified,21,dev_0132,yes,YES,yes,yes,Correct,1.1508
underspecified,11,dev_0023,yes,NO,no,no,Incorrect,0.7797999999999999
underspecified,11,dev_0039,no,"YES, carbon can form a polar covalent bond with hydrogen. In a carbon",yes,yes,Incorrect,0.799
underspecified,11,dev_0055,no,YES,yes,yes,Incorrect,0.7904
underspecified,11,dev_0059,no,I don't know.,i,idk,IDK,0.4579
underspecified,11,dev_0068,no,NO,no,no,Correct,0.8015
underspecified,11,dev_0087,yes,NO,no,no,Incorrect,0.8122
underspecified,11,dev_0107,no,I don't know.,i,idk,IDK,0.4615
underspecified,11,dev_0120,yes,NO,no,no,Incorrect,0.7746000000000001
underspecified,11,dev_0138,no,YES,yes,yes,Incorrect,0.8142
underspecified,11,dev_0151,no,NO,no,no,Correct,0.3798
underspecified,11,dev_0163,yes,"NO, the square root of 2 cannot be written as a fraction; it",no,no,Incorrect,0.8428
underspecified,11,dev_0165,no,"YES, dragon fruit and pitaya are the same thing. They are two names",yes,yes,Incorrect,0.7824
underspecified,11,dev_0207,no,NO,no,no,Correct,0.37489999999999996
underspecified,11,dev_0210,no,YES,yes,yes,Incorrect,0.8032999999999999
underspecified,11,dev_0221,no,YES,yes,yes,Incorrect,0.8116
underspecified,11,dev_0229,yes,YES,yes,yes,Correct,0.7817000000000001
underspecified,11,dev_0237,no,I don't know.,i,idk,IDK,0.7797000000000001
underspecified,11,dev_0243,no,YES,yes,yes,Incorrect,0.778
underspecified,11,dev_0248,yes,NO,no,no,Incorrect,0.7772
underspecified,11,dev_0249,yes,"NO, queen ants do not give birth to queen ants. Queen ants are produced",no,no,Incorrect,0.8029
underspecified,11,dev_0251,yes,YES,yes,yes,Correct,0.3727
underspecified,11,dev_0257,yes,NO,no,no,Incorrect,0.3969
underspecified,11,dev_0270,no,"YES, there are three U.S. states where the legal drinking age is",yes,yes,Incorrect,0.8112999999999999
underspecified,11,dev_0287,yes,NO,no,no,Incorrect,0.8071
underspecified,11,dev_0295,no,"YES, there is a difference between doves and pigeons. Doves are",yes,yes,Incorrect,0.805
underspecified,11,dev_0298,yes,NO,no,no,Incorrect,0.7755
underspecified,11,dev_0312,no,"NO, adjectives do not always have to come before a noun. In English,",no,no,Correct,2.1504000000000003
underspecified,11,dev_0316,yes,NO,no,no,Incorrect,0.802
underspecified,11,dev_0318,yes,"YES, an Ace-2-3-4-5 is a straight in",yes,yes,Correct,0.8109
underspecified,11,dev_0321,yes,"NO, a filibuster cannot stop a Supreme Court nominee because Supreme Court nominations",no,no,Incorrect,0.8449
underspecified,11,dev_0333,yes,"NO, .22 Magnum and .22 WMR are not the same. .",no,no,Incorrect,0.8403999999999999
underspecified,11,dev_0336,no,YES,yes,yes,Incorrect,0.8077000000000001
underspecified,11,dev_0343,yes,NO,no,no,Incorrect,0.8101
underspecified,11,dev_0352,no,NO,no,no,Correct,0.4001
underspecified,11,dev_0355,no,NO,no,no,Correct,0.8027000000000001
underspecified,11,dev_0364,no,YES,yes,yes,Incorrect,0.8097000000000001
underspecified,11,dev_0366,no,"YES, the pelvic brim (or pelvic inlet) separates the abdominal cavity and pelvic",yes,yes,Incorrect,0.7844
underspecified,11,dev_0406,no,YES,yes,yes,Incorrect,0.7807000000000001
underspecified,11,dev_0428,no,NO,no,no,Correct,0.8081
underspecified,11,dev_0429,yes,NO,no,no,Incorrect,0.3977
underspecified,11,dev_0430,yes,NO,no,no,Incorrect,0.8078
underspecified,11,dev_0436,no,YES,yes,yes,Incorrect,0.8478
underspecified,11,dev_0441,no,"NO, lobster is not typically found in shrimp with lobster sauce. Shrimp with",no,no,Correct,0.8089
underspecified,11,dev_0442,yes,YES,yes,yes,Correct,0.3949
underspecified,11,dev_0479,no,YES,yes,yes,Incorrect,0.8139
underspecified,11,dev_0481,no,NO,no,no,Correct,0.375
underspecified,11,dev_0482,no,NO,no,no,Correct,0.8112999999999999
underspecified,11,dev_0487,no,YES,yes,yes,Incorrect,0.7793
underspecified,11,dev_0504,yes,NO,no,no,Incorrect,0.8072
underspecified,11,dev_0509,no,"Yes, the AR-15 is used in the military.",yes,yes,Incorrect,0.8052
underspecified,11,dev_0532,no,YES,yes,yes,Incorrect,0.8088
underspecified,11,dev_0534,no,YES,yes,yes,Incorrect,1.7442
underspecified,11,dev_0536,yes,NO,no,no,Incorrect,0.4254
underspecified,11,dev_0537,no,"NO, you cannot get a caution without being arrested. A caution is a formal",no,no,Correct,0.8158
underspecified,11,dev_0546,yes,NO,no,no,Incorrect,0.7772
underspecified,11,dev_0560,no,NO,no,no,Correct,0.8049
underspecified,11,dev_0568,no,NO,no,no,Correct,0.37510000000000004
underspecified,11,dev_0569,no,"NO, the NBA salary cap is not a hard cap; it is a soft",no,no,Correct,0.7782
underspecified,11,dev_0588,yes,NO,no,no,Incorrect,0.7768999999999999
underspecified,11,dev_0594,no,"NO, bee stingers do not fall out on their own. When a bee",no,no,Correct,0.8406
underspecified,11,dev_0596,no,NO,no,no,Correct,0.8132999999999999
underspecified,11,dev_0598,yes,"NO, the Vice President is not the head of the Senate. The Senate is",no,no,Incorrect,0.8395
underspecified,11,dev_0612,yes,NO,no,no,Incorrect,0.8018
underspecified,11,dev_0617,yes,YES,yes,yes,Correct,0.7838999999999999
underspecified,11,dev_0662,yes,NO,no,no,Incorrect,0.779
underspecified,11,dev_0678,no,NO,no,no,Correct,0.7817999999999999
underspecified,11,dev_0696,no,"YES, New Hampshire has a seat belt law.",yes,yes,Incorrect,2.0234
underspecified,11,dev_0711,yes,NO,no,no,Incorrect,0.7822
underspecified,11,dev_0718,yes,NO,no,no,Incorrect,0.3998
underspecified,11,dev_0724,no,NO,no,no,Correct,0.8066
underspecified,11,dev_0731,no,I don't know.,i,idk,IDK,0.806
underspecified,11,dev_0737,no,NO,no,no,Correct,0.8054
underspecified,11,dev_0754,yes,"NO, World at War is not part of Black Ops. World at War is",no,no,Incorrect,0.8151
underspecified,11,dev_0759,no,NO,no,no,Correct,0.7767999999999999
underspecified,11,dev_0764,yes,NO,no,no,Incorrect,0.7792
underspecified,11,dev_0782,yes,NO,no,no,Incorrect,0.3777
underspecified,11,dev_0817,no,I don't know.,i,idk,IDK,0.464
underspecified,11,dev_0829,no,YES,yes,yes,Incorrect,0.7834
underspecified,11,dev_0832,no,YES,yes,yes,Incorrect,0.8082
underspecified,11,dev_0837,yes,NO,no,no,Incorrect,0.7744
underspecified,11,dev_0853,no,NO,no,no,Correct,0.8049
underspecified,11,dev_0854,no,NO,no,no,Correct,2.1181
underspecified,11,dev_0862,no,NO,no,no,Correct,0.4002
underspecified,11,dev_0871,yes,NO,no,no,Incorrect,0.3712
underspecified,11,dev_0916,yes,NO,no,no,Incorrect,0.8031
underspecified,11,dev_0922,yes,NO,no,no,Incorrect,0.7851
underspecified,11,dev_0933,no,YES,yes,yes,Incorrect,0.7834
underspecified,11,dev_0934,yes,NO,no,no,Incorrect,0.8122
underspecified,11,dev_0940,yes,NO,no,no,Incorrect,0.37489999999999996
underspecified,11,dev_0944,no,YES,yes,yes,Incorrect,0.8161
underspecified,11,dev_0952,yes,NO,no,no,Incorrect,0.7837999999999999
underspecified,11,dev_0958,yes,"NO, the eyes are not part of the nervous system. They are part of",no,no,Incorrect,0.7828999999999999
underspecified,11,dev_0981,no,"NO, pyruvic acid and pyruvate are not the same thing.",no,no,Correct,0.8122999999999999
underspecified,11,dev_0991,yes,YES,yes,yes,Correct,0.8098
underspecified,11,dev_0994,yes,NO,no,no,Incorrect,0.8069
underspecified,11,dev_0996,no,"NO, Radiator Springs is a fictional town from the Pixar movie Cars, not",no,no,Correct,0.8158
underspecified,11,dev_1006,no,I don't know.,i,idk,IDK,0.436
underspecified,11,dev_1011,no,YES,yes,yes,Incorrect,0.7782
underspecified,11,dev_1022,yes,NO,no,no,Incorrect,0.3762
underspecified,11,dev_1049,no,"NO, a red panda is not related to a panda. They are two distinct",no,no,Correct,0.8152
underspecified,11,dev_1062,yes,NO,no,no,Incorrect,0.3737
underspecified,11,dev_1075,yes,NO,no,no,Incorrect,0.7956
underspecified,11,dev_1102,no,"YES, sweating and perspiring are essentially the same thing. Both terms refer to",yes,yes,Incorrect,0.8029
underspecified,11,dev_1110,yes,NO,no,no,Incorrect,0.7837000000000001
underspecified,11,dev_1112,no,NO,no,no,Correct,0.396
underspecified,11,dev_1113,yes,"NO, a ball python and a royal python are not the same. A ball",no,no,Incorrect,0.8382000000000001
underspecified,11,dev_1121,no,YES,yes,yes,Incorrect,0.8175
underspecified,11,dev_1133,no,YES,yes,yes,Incorrect,0.8385
underspecified,11,dev_1138,yes,NO,no,no,Incorrect,0.3971
underspecified,11,dev_1146,yes,YES,yes,yes,Correct,0.8107000000000001
underspecified,11,dev_1155,yes,NO,no,no,Incorrect,0.7732
underspecified,11,dev_1175,no,"YES, Michigan was a state during the Civil War.",yes,yes,Incorrect,0.7163999999999999
underspecified,11,dev_1178,no,YES,yes,yes,Incorrect,0.7827000000000001
underspecified,11,dev_1183,yes,NO,no,no,Incorrect,0.7722
underspecified,11,dev_1196,no,YES,yes,yes,Incorrect,0.7843
underspecified,11,dev_1204,yes,NO,no,no,Incorrect,0.8104
underspecified,11,dev_1205,no,"NO, you cannot take out the king in chess. The objective of the game",no,no,Correct,0.8418
underspecified,11,dev_1209,yes,NO,no,no,Incorrect,0.8127000000000001
underspecified,11,dev_1227,no,YES,yes,yes,Incorrect,0.8136
underspecified,11,dev_1229,no,NO,no,no,Correct,0.3948
underspecified,11,dev_1230,yes,YES,yes,yes,Correct,0.782
underspecified,11,dev_1235,no,YES,yes,yes,Incorrect,0.7808999999999999
underspecified,11,dev_1239,yes,NO,no,no,Incorrect,0.8114
underspecified,11,dev_1241,no,YES,yes,yes,Incorrect,0.8041
underspecified,11,dev_1250,yes,YES,yes,yes,Correct,0.37039999999999995
underspecified,11,dev_1256,yes,YES,yes,yes,Correct,0.81
underspecified,11,dev_1261,no,YES,yes,yes,Incorrect,0.8096
underspecified,11,dev_1267,no,YES,yes,yes,Incorrect,0.8141
underspecified,11,dev_1271,no,YES,yes,yes,Incorrect,0.8137000000000001
underspecified,11,dev_1283,yes,NO,no,no,Incorrect,0.7714
underspecified,11,dev_1285,no,"YES, Shirley Muldowney won the Indianapolis 500 in 1977",yes,yes,Incorrect,0.8082999999999999
underspecified,11,dev_1286,no,"YES, lightning bugs and fireflies are the same thing. The terms are just",yes,yes,Incorrect,0.8092
underspecified,11,dev_1294,yes,"NO, a terminating decimal cannot be written as a recurring decimal. Terminating decimals",no,no,Incorrect,0.8042
underspecified,11,dev_1296,yes,NO,no,no,Incorrect,0.7755
underspecified,11,dev_1303,no,"NO, you do not have to touch the ball to be offside in soccer",no,no,Correct,0.8406
underspecified,11,dev_1307,yes,NO,no,no,Incorrect,0.4265
underspecified,11,dev_1311,yes,NO,no,no,Incorrect,0.7847999999999999
underspecified,11,dev_1316,yes,"NO, the arch in St. Louis is not a national park. It is",no,no,Incorrect,0.8114
underspecified,11,dev_1317,no,"NO, planets are not involved in the formation of a planetary nebula. Planet",no,no,Correct,0.8042
underspecified,11,dev_1333,yes,NO,no,no,Incorrect,0.817
underspecified,11,dev_1336,yes,"NO, nerves are part of the peripheral nervous system, not the central nervous system",no,no,Incorrect,0.8392000000000001
underspecified,11,dev_1345,no,YES,yes,yes,Incorrect,0.7755
underspecified,11,dev_1359,no,NO,no,no,Correct,0.8132
underspecified,11,dev_1370,yes,NO,no,no,Incorrect,0.8077000000000001
underspecified,11,dev_1371,no,YES,yes,yes,Incorrect,0.7837999999999999
underspecified,11,dev_1372,yes,"NO, a kilowatt-hour is a unit of energy, not power. Power",no,no,Incorrect,0.8127000000000001
underspecified,11,dev_1382,no,"NO, a catcher cannot block home plate without the ball. In baseball, the",no,no,Correct,0.8416
underspecified,11,dev_1406,no,YES,yes,yes,Incorrect,0.8084
underspecified,11,dev_1408,yes,"NO, you cannot run on a caught foul ball in baseball. When a batter",no,no,Incorrect,0.841
underspecified,11,dev_1413,yes,"NO, Brazil has never won the FIFA World Cup in Europe. All of their",no,no,Incorrect,0.8477
underspecified,11,dev_1419,yes,NO,no,no,Incorrect,0.8094
underspecified,11,dev_1420,yes,NO,no,no,Incorrect,0.8068
underspecified,11,dev_1423,no,YES,yes,yes,Incorrect,0.3975
underspecified,11,dev_1424,no,NO,no,no,Correct,0.7832
underspecified,11,dev_1436,no,NO,no,no,Correct,0.8019
underspecified,11,dev_1438,yes,NO,no,no,Incorrect,2.1107
underspecified,11,dev_1452,no,"YES, some neurotransmitters can have both excitatory and inhibitory effects depending on",yes,yes,Incorrect,0.8129
underspecified,11,dev_1455,yes,NO,no,no,Incorrect,0.3977
underspecified,11,dev_1464,no,"NO, sweet potatoes are not part of the potato family. They belong to the",no,no,Correct,0.8071
underspecified,11,dev_1467,yes,YES,yes,yes,Correct,0.7822
underspecified,11,dev_1473,yes,NO,no,no,Incorrect,0.8141
underspecified,11,dev_1489,yes,NO,no,no,Incorrect,0.8417
underspecified,11,dev_1498,yes,YES,yes,yes,Correct,0.8082
underspecified,11,dev_1508,no,"NO, there have been no fatalities during the Tour de France, which is a",no,no,Correct,0.8071
underspecified,11,dev_1515,no,YES,yes,yes,Incorrect,0.8397
underspecified,11,dev_1517,yes,NO,no,no,Incorrect,0.36960000000000004
underspecified,11,dev_1528,yes,NO,no,no,Incorrect,0.8078
underspecified,11,dev_1533,no,YES,yes,yes,Incorrect,0.8106
underspecified,11,dev_1534,no,"NO, a baseball player cannot legally catch a ball in the stands as it is",no,no,Correct,0.8396
underspecified,11,dev_1546,yes,NO,no,no,Incorrect,0.3963
underspecified,11,dev_1552,yes,"NO, the poly(A) tail is added after the stop codon during the",no,no,Incorrect,0.8082
underspecified,11,dev_1557,no,YES,yes,yes,Incorrect,0.8091
underspecified,11,dev_1563,no,YES,yes,yes,Incorrect,0.8142
underspecified,11,dev_1627,no,NO,no,no,Correct,0.7841
underspecified,11,dev_1632,yes,NO,no,no,Incorrect,0.398
underspecified,11,dev_1650,yes,YES,yes,yes,Correct,0.8081
underspecified,11,dev_1655,no,"YES, there is a difference between soy and soya sauce. Soy refers to",yes,yes,Incorrect,0.8077000000000001
underspecified,11,dev_1658,yes,"NO, the Nazca Lines are best viewed from the air or from a high",no,no,Incorrect,0.807
underspecified,11,dev_1659,yes,YES,yes,yes,Correct,0.8045
underspecified,11,dev_1673,yes,NO,no,no,Incorrect,0.7443
underspecified,11,dev_1680,no,YES,yes,yes,Incorrect,0.3951
underspecified,11,dev_1687,no,YES,yes,yes,Incorrect,0.8032999999999999
underspecified,11,dev_1698,no,NO,no,no,Correct,0.8082999999999999
underspecified,11,dev_1707,yes,YES,yes,yes,Correct,0.804
underspecified,11,dev_1727,yes,NO,no,no,Incorrect,0.37089999999999995
underspecified,11,dev_1736,no,NO,no,no,Correct,0.3978
underspecified,11,dev_1737,yes,NO,no,no,Incorrect,0.8134
underspecified,11,dev_1740,yes,"NO, the medullary cavity contains marrow, not spongy bone.",no,no,Incorrect,0.8048
underspecified,11,dev_1743,no,I don't know.,i,idk,IDK,0.7824
underspecified,11,dev_1749,yes,NO,no,no,Incorrect,0.4024
underspecified,11,dev_1750,no,"NO, fighting words are not protected under freedom of speech. Fighting words are defined",no,no,Correct,0.805
underspecified,11,dev_1757,yes,"NO, the profit and loss statement and income statement are not the same thing.",no,no,Incorrect,0.8104
underspecified,11,dev_1763,yes,YES,yes,yes,Correct,0.809
underspecified,11,dev_1775,no,NO,no,no,Correct,0.4027
underspecified,11,dev_1789,no,"NO, the spleen is part of the lymphatic system, not the circul",no,no,Correct,0.7832
underspecified,11,dev_1806,no,"NO, the U.S. no longer issues $1,000 bills. They",no,no,Correct,2.1864
underspecified,11,dev_1814,no,YES,yes,yes,Incorrect,0.8092
underspecified,11,dev_1823,yes,NO,no,no,Incorrect,0.7463
underspecified,11,dev_1832,no,YES,yes,yes,Incorrect,0.8086
underspecified,11,dev_1849,yes,NO,no,no,Incorrect,0.7837000000000001
underspecified,11,dev_1851,no,YES,yes,yes,Incorrect,0.7795
underspecified,11,dev_1857,no,YES,yes,yes,Incorrect,0.8022999999999999
underspecified,11,dev_1895,yes,"NO, the empty set is not an element of itself. In set theory,",no,no,Incorrect,0.7747999999999999
underspecified,11,dev_1906,no,NO,no,no,Correct,0.8167000000000001
underspecified,11,dev_1916,yes,NO,no,no,Incorrect,0.8161
underspecified,11,dev_1919,yes,YES,yes,yes,Correct,0.7807000000000001
underspecified,11,dev_1924,yes,"NO, a car's serial number is not the same as its VIN. The",no,no,Incorrect,0.7761
underspecified,11,dev_1938,no,YES,yes,yes,Incorrect,0.3722
underspecified,11,dev_1948,yes,NO,no,no,Incorrect,0.8119
underspecified,11,dev_1950,no,"NO, the Gulf of Mexico is considered a sea, not an ocean. It",no,no,Correct,0.8038
underspecified,11,dev_1960,no,NO,no,no,Correct,2.1237
underspecified,11,dev_1977,no,NO,no,no,Correct,0.3977
underspecified,11,dev_1995,yes,NO,no,no,Incorrect,0.394
underspecified,11,dev_1997,yes,NO,no,no,Incorrect,0.7831
underspecified,11,dev_2009,no,YES,yes,yes,Incorrect,0.8069
underspecified,11,dev_2032,yes,YES,yes,yes,Correct,0.8048
underspecified,11,dev_2045,yes,NO,no,no,Incorrect,0.814
underspecified,11,dev_2053,no,YES,yes,yes,Incorrect,0.8156
underspecified,11,dev_2061,no,I don't know,i,idk,IDK,0.8737
underspecified,11,dev_2065,yes,NO,no,no,Incorrect,0.8152
underspecified,11,dev_2068,yes,NO,no,no,Incorrect,0.8089
underspecified,11,dev_2078,no,"NO, black cumin seed (Nigella sativa) and black seed (Nig",no,no,Correct,0.7815
underspecified,11,dev_2079,yes,YES,yes,yes,Correct,0.8034
underspecified,11,dev_2088,no,"NO, English is not the official language of the United States. The U.S",no,no,Correct,0.8447
underspecified,11,dev_2091,no,YES,yes,yes,Incorrect,0.8436
underspecified,11,dev_2094,no,YES,yes,yes,Incorrect,0.7807999999999999
underspecified,11,dev_2095,yes,NO,no,no,Incorrect,0.3937
underspecified,11,dev_2139,no,NO,no,no,Correct,0.8109
underspecified,11,dev_2166,yes,"NO, staring at a bright light can cause temporary discomfort, pain, or damage",no,no,Incorrect,0.779
underspecified,11,dev_2184,no,YES,yes,yes,Incorrect,0.808
underspecified,11,dev_2187,yes,"NO, you cannot jump while taking a free throw in basketball. Jumping is",no,no,Incorrect,0.8145
underspecified,11,dev_2192,no,"NO, a colonel is higher than a lieutenant colonel in the military rank",no,no,Correct,0.8036
underspecified,11,dev_2196,no,YES,yes,yes,Incorrect,0.8142999999999999
underspecified,11,dev_2199,yes,YES,yes,yes,Correct,0.8061
underspecified,11,dev_2204,yes,NO,no,no,Incorrect,0.3993
underspecified,11,dev_2220,no,"YES, the ball is considered dead on an infield fly if it is caught",yes,yes,Incorrect,0.8403999999999999
underspecified,11,dev_2224,no,"NO, there is no such thing as a blue ruby. Rubies are a",no,no,Correct,0.81
underspecified,11,dev_2232,no,YES,yes,yes,Incorrect,0.8094
underspecified,11,dev_2234,no,NO,no,no,Correct,0.8135
underspecified,11,dev_2237,no,"NO, the Riviera Maya is not on the Gulf of Mexico. It is located",no,no,Correct,0.781
underspecified,11,dev_2247,yes,NO,no,no,Incorrect,0.3979
underspecified,11,dev_2248,yes,NO,no,no,Incorrect,0.7722
underspecified,11,dev_2266,no,YES,yes,yes,Incorrect,0.7835
underspecified,11,dev_2275,yes,NO,no,no,Incorrect,0.7724
underspecified,11,dev_2295,yes,NO,no,no,Incorrect,0.37560000000000004
underspecified,11,dev_2304,yes,"NO, the House of Representatives is one of the two chambers of Congress, along",no,no,Incorrect,0.8056
underspecified,11,dev_2306,yes,NO,no,no,Incorrect,0.811
underspecified,11,dev_2310,no,NO,no,no,Correct,0.8096
underspecified,11,dev_2315,yes,"NO, centripetal and centrifugal forces are not an action-reaction pair.",no,no,Incorrect,0.8206
underspecified,11,dev_2323,no,NO,no,no,Correct,0.3994
underspecified,11,dev_2328,no,I don't know.,i,idk,IDK,0.4625
underspecified,11,dev_2350,no,YES,yes,yes,Incorrect,0.8026
underspecified,11,dev_2382,yes,NO,no,no,Incorrect,0.8116
underspecified,11,dev_2387,yes,NO,no,no,Incorrect,0.8059
underspecified,11,dev_2388,no,YES,yes,yes,Incorrect,0.81
underspecified,11,dev_2396,yes,NO,no,no,Incorrect,0.808
underspecified,11,dev_2408,yes,NO,no,no,Incorrect,0.7736000000000001
underspecified,11,dev_2413,no,YES,yes,yes,Incorrect,0.8129
underspecified,11,dev_2428,yes,"NO, a PICC line (peripherally inserted central catheter) is not",no,no,Incorrect,0.7796000000000001
underspecified,11,dev_2433,no,I don't know.,i,idk,IDK,0.8112999999999999
underspecified,11,dev_2434,no,YES,yes,yes,Incorrect,0.8019
underspecified,11,dev_2447,no,NO,no,no,Correct,0.8415
underspecified,11,dev_2473,yes,NO,no,no,Incorrect,0.8109
underspecified,11,dev_2479,no,"NO, Hong Kong is not inside the Great Firewall of China. Hong Kong is",no,no,Correct,0.816
underspecified,11,dev_2504,no,YES,yes,yes,Incorrect,0.37610000000000005
underspecified,11,dev_2532,yes,NO,no,no,Incorrect,0.39380000000000004
underspecified,11,dev_2537,no,NO,no,no,Correct,0.8032
underspecified,11,dev_2538,no,I don't know.,i,idk,IDK,0.4622
underspecified,11,dev_2547,yes,NO,no,no,Incorrect,0.8122999999999999
underspecified,11,dev_2548,no,NO,no,no,Correct,0.7817000000000001
underspecified,11,dev_2555,no,"NO, lymphoma is a type of cancer that originates in the lymphatic system,",no,no,Correct,0.8399
underspecified,11,dev_2566,no,YES,yes,yes,Incorrect,0.8412999999999999
underspecified,11,dev_2572,no,NO,no,no,Correct,0.7824
underspecified,11,dev_2577,no,"YES, a soccer kick-off must go forward. The ball must be kicked or",yes,yes,Incorrect,0.8397
underspecified,11,dev_2605,yes,NO,no,no,Incorrect,0.8146
underspecified,11,dev_2614,yes,NO,no,no,Incorrect,1.7390999999999999
underspecified,11,dev_2622,no,NO,no,no,Correct,0.8106
underspecified,11,dev_2634,yes,"NO, in 8-ball, there is no concept of ""ball in hand",no,no,Incorrect,2.1555
underspecified,11,dev_2643,no,"NO, elements of the periodic table are not capitalized.",no,no,Correct,0.7162999999999999
underspecified,11,dev_2655,yes,NO,no,no,Incorrect,0.7797000000000001
underspecified,11,dev_2656,yes,NO,no,no,Incorrect,0.781
underspecified,11,dev_2690,yes,NO,no,no,Incorrect,0.8057000000000001
underspecified,11,dev_2719,no,NO,no,no,Correct,0.803
underspecified,11,dev_2727,no,NO,no,no,Correct,0.8025
underspecified,11,dev_2750,yes,NO,no,no,Incorrect,0.7727
underspecified,11,dev_2757,yes,NO,no,no,Incorrect,0.8078
underspecified,11,dev_2770,yes,NO,no,no,Incorrect,0.8056
underspecified,11,dev_2791,yes,"NO, the gut is not the same as the stomach. The gut refers to",no,no,Incorrect,0.7837999999999999
underspecified,11,dev_2813,yes,NO,no,no,Incorrect,0.397
underspecified,11,dev_2821,yes,"NO, nicotine is not classified as a ganglion blocker. It is a stimulant",no,no,Incorrect,0.8158
underspecified,11,dev_2832,yes,"NO, shea butter is made from the nuts of the shea tree (",no,no,Incorrect,0.7816000000000001
underspecified,11,dev_2838,no,"NO, The Prince of Tides is a fictional novel written by Pat Conroy",no,no,Correct,0.8062999999999999
underspecified,11,dev_2853,no,NO,no,no,Correct,0.7765
underspecified,11,dev_2870,no,YES,yes,yes,Incorrect,0.8074
underspecified,11,dev_2875,yes,NO,no,no,Incorrect,0.7796000000000001
underspecified,11,dev_2880,no,NO,no,no,Correct,0.3946
underspecified,11,dev_2890,no,NO,no,no,Correct,0.3977
underspecified,11,dev_2901,yes,NO,no,no,Incorrect,0.7817000000000001
underspecified,11,dev_2906,yes,NO,no,no,Incorrect,0.813
underspecified,11,dev_2919,no,"NO, the",no,no,Correct,0.7848999999999999
underspecified,11,dev_2931,yes,NO,no,no,Incorrect,0.4022
underspecified,11,dev_2933,no,YES,yes,yes,Incorrect,0.36760000000000004
underspecified,11,dev_2956,yes,"NO, a .17 HMR is smaller than a .22 LR.",no,no,Incorrect,0.7792
underspecified,11,dev_2959,no,"NO, there is no bridge between Morocco and Spain. The two countries are separated",no,no,Correct,0.8155
underspecified,11,dev_2967,yes,"NO, the sun always shines from the south in the Northern Hemisphere and from the",no,no,Incorrect,0.8122
underspecified,11,dev_2973,no,NO,no,no,Correct,0.3994
underspecified,11,dev_2991,yes,NO,no,no,Incorrect,0.8125
underspecified,11,dev_3000,yes,NO,no,no,Incorrect,0.7752
underspecified,11,dev_3015,yes,NO,no,no,Incorrect,0.8122999999999999
underspecified,11,dev_3027,no,NO,no,no,Correct,0.37189999999999995
underspecified,11,dev_3029,no,YES,yes,yes,Incorrect,0.8122
underspecified,11,dev_3035,no,YES,yes,yes,Incorrect,0.3989
underspecified,11,dev_3040,no,NO,no,no,Correct,0.376
underspecified,11,dev_3073,no,NO,no,no,Correct,0.7754
underspecified,11,dev_3079,yes,NO,no,no,Incorrect,0.7761
underspecified,11,dev_3089,yes,"NO, a peach is not part of the almond family. Peaches belong to",no,no,Incorrect,0.8066
underspecified,11,dev_3105,yes,"NO, a neutral wire should not be connected to ground as it can cause electrical",no,no,Incorrect,0.7804
underspecified,11,dev_3106,yes,NO,no,no,Incorrect,0.8066
underspecified,11,dev_3107,yes,"NO, there have never been any recess appointments to the Supreme Court. Justices",no,no,Incorrect,0.7826000000000001
underspecified,11,dev_3122,no,"NO, Reese's Pieces do not contain chocolate.",no,no,Correct,0.6551
underspecified,11,dev_3143,no,NO,no,no,Correct,2.1555
underspecified,11,dev_3173,no,NO,no,no,Correct,0.3733
underspecified,11,dev_3183,no,YES,yes,yes,Incorrect,0.42860000000000004
underspecified,11,dev_3187,yes,NO,no,no,Incorrect,0.8385
underspecified,11,dev_3204,no,"NO, the fundus of the gallbladder is not located near the cyst",no,no,Correct,0.8037000000000001
underspecified,11,dev_3212,yes,NO,no,no,Incorrect,0.7834
underspecified,11,dev_3221,no,NO,no,no,Correct,0.8096
underspecified,11,dev_3231,yes,NO,no,no,Incorrect,0.7771
underspecified,11,dev_3232,yes,NO,no,no,Incorrect,0.7804
underspecified,11,dev_3238,yes,"NO, the non-striker cannot be run out by the bowler. In",no,no,Incorrect,0.8107000000000001
underspecified,11,dev_3239,yes,NO,no,no,Incorrect,0.808
underspecified,11,dev_3241,yes,YES,yes,yes,Correct,0.8119
underspecified,11,dev_3242,yes,NO,no,no,Incorrect,0.843
underspecified,11,dev_0031,yes,NO,no,no,Incorrect,0.776
underspecified,11,dev_0148,yes,NO,no,no,Incorrect,0.8407
underspecified,11,dev_0178,yes,YES,yes,yes,Correct,0.8405
underspecified,11,dev_0410,yes,NO,no,no,Incorrect,0.3983
underspecified,11,dev_0419,yes,YES,yes,yes,Correct,0.4008
underspecified,11,dev_0448,yes,"NO, Jefferson Airplane is not in the Rock and Roll Hall of Fame.",no,no,Incorrect,0.813
underspecified,11,dev_0224,no,NO,no,no,Correct,0.397
underspecified,11,dev_0317,no,"NO, you don't have to be born with perfect pitch. While some people are",no,no,Correct,0.7831
underspecified,11,dev_0368,no,NO,no,no,Correct,0.8135
underspecified,11,dev_0507,no,NO,no,no,Correct,0.4258
underspecified,11,dev_0603,no,NO,no,no,Correct,0.7806000000000001
underspecified,11,dev_0938,no,NO,no,no,Correct,0.7768999999999999
underspecified,11,dev_0076,yes,"NO, female ferrets do not die if they don't mate. However, they",no,no,Incorrect,0.8104
underspecified,11,dev_0459,yes,"YES, it matters which DNA strand is transcribed because only one strand, the",yes,yes,Correct,0.7826000000000001
underspecified,11,dev_0502,yes,"NO, kingsnakes are not immune to rattlesnake venom. While they",no,no,Incorrect,0.8098
underspecified,11,dev_0580,yes,NO,no,no,Incorrect,0.8072999999999999
underspecified,11,dev_1089,yes,NO,no,no,Incorrect,0.3965
underspecified,11,dev_1153,yes,"NO, melaleuca and tea tree are not the same thing. Melale",no,no,Incorrect,0.8062
underspecified,11,dev_1315,yes,I don't know.,i,idk,IDK,0.4568
underspecified,11,dev_1482,yes,"NO, muscle fibers are not the same as muscle cells. Muscle fibers are the",no,no,Incorrect,0.8062999999999999
underspecified,11,dev_1568,yes,NO,no,no,Incorrect,0.8056
underspecified,11,dev_1968,yes,"NO, a turtle and a tortoise are not the same. Turtles are",no,no,Incorrect,0.8078
underspecified,11,dev_2223,yes,"NO, all jellyfish have a life cycle that includes a polyp stage and",no,no,Incorrect,0.7781
underspecified,11,dev_2420,yes,"NO, there is no bird known as a ""rain crow."" Crows are",no,no,Incorrect,0.8161
underspecified,11,dev_2882,yes,YES,yes,yes,Correct,0.8159
underspecified,11,dev_2899,yes,NO,no,no,Incorrect,0.8095
underspecified,11,dev_2910,yes,NO,no,no,Incorrect,0.8109
underspecified,11,dev_0713,no,"NO, a cow does not have to be pregnant to lactate. Cows",no,no,Correct,0.8087000000000001
underspecified,11,dev_0816,no,NO,no,no,Correct,0.7827000000000001
underspecified,11,dev_0911,no,NO,no,no,Correct,0.3737
underspecified,11,dev_0997,no,NO,no,no,Correct,0.8042
underspecified,11,dev_1258,no,"NO, the umbilical cord is not inside the amniotic sac.",no,no,Correct,0.8421000000000001
underspecified,11,dev_1422,no,"NO, root hairs typically occur along the upper part of the root, near the",no,no,Correct,0.8102999999999999
underspecified,11,dev_2120,no,NO,no,no,Correct,0.8042999999999999
underspecified,11,dev_2353,no,NO,no,no,Correct,0.8108
underspecified,11,dev_2441,no,NO,no,no,Correct,0.8095
underspecified,11,dev_2087,no,"NO, sperm whales are not currently listed as endangered species. They are classified as",no,no,Correct,0.784
underspecified,11,dev_2215,no,"NO, the two chromosomes in a pair are not identical; they are homologous",no,no,Correct,0.745
underspecified,11,dev_2503,no,NO,no,no,Correct,0.8152999999999999
underspecified,11,dev_2652,no,"YES, all baby birds have an egg tooth, which is a small, sharp",yes,yes,Incorrect,0.8084
underspecified,11,dev_2850,no,"NO, not all bee stings have a stinger. Honeybees,",no,no,Correct,0.8418
underspecified,11,dev_3062,no,"NO, black and yellow garden spiders are not poisonous to",no,no,Correct,0.8432999999999999
underspecified,11,dev_0400,yes,YES,yes,yes,Correct,0.8085
underspecified,11,dev_0432,yes,YES,yes,yes,Correct,0.4004
underspecified,11,dev_0446,yes,I don't know.,i,idk,IDK,0.4658
underspecified,11,dev_0455,yes,NO,no,no,Incorrect,0.803
underspecified,11,dev_0472,yes,NO,no,no,Incorrect,0.7831
underspecified,11,dev_0524,yes,NO,no,no,Incorrect,0.7798999999999999
underspecified,11,dev_0767,yes,YES,yes,yes,Correct,0.7413
underspecified,11,dev_0875,yes,"NO, there are no thousand-dollar bills in circulation. The highest denomination bill in",no,no,Incorrect,0.8058
underspecified,11,dev_0950,yes,NO,no,no,Incorrect,0.7737
underspecified,11,dev_1023,yes,NO,no,no,Incorrect,0.7756000000000001
underspecified,11,dev_1171,yes,NO,no,no,Incorrect,0.3986
underspecified,11,dev_1207,yes,NO,no,no,Incorrect,0.7712
underspecified,11,dev_1299,yes,"Yes, net earnings and net income are the same. They both refer to the",yes,yes,Correct,0.8087000000000001
underspecified,11,dev_0157,no,NO,no,no,Correct,0.803
underspecified,11,dev_0371,no,NO,no,no,Correct,0.8039
underspecified,11,dev_0621,no,I don't know.,i,idk,IDK,0.4656
underspecified,11,dev_0699,no,NO,no,no,Correct,0.3951
underspecified,11,dev_0954,no,I don't know.,i,idk,IDK,0.4596
underspecified,11,dev_1050,no,NO,no,no,Correct,0.7816000000000001
underspecified,11,dev_1208,no,NO,no,no,Correct,0.804
underspecified,11,dev_1257,no,NO,no,no,Correct,0.7757999999999999
underspecified,11,dev_1805,no,NO,no,no,Correct,0.8408
underspecified,11,dev_1876,no,NO,no,no,Correct,0.37439999999999996
underspecified,11,dev_2290,no,YES,yes,yes,Incorrect,0.8018
underspecified,11,dev_2444,no,"NO, land tax and property tax are not the same. Land tax is a",no,no,Correct,0.7818999999999999
underspecified,11,dev_0250,yes,NO,no,no,Incorrect,0.784
underspecified,11,dev_0337,yes,YES,yes,yes,Correct,0.7841
underspecified,11,dev_0386,yes,NO,no,no,Incorrect,0.3745
underspecified,11,dev_0591,yes,NO,no,no,Incorrect,0.7837999999999999
underspecified,11,dev_0746,yes,YES,yes,yes,Correct,0.8049
underspecified,11,dev_0845,yes,"NO, new car engines do not require breaking in. Modern engines are designed to",no,no,Incorrect,0.7805
underspecified,11,dev_0855,yes,YES,yes,yes,Correct,0.7827000000000001
underspecified,11,dev_0915,yes,"NO, there is no water park at Ontario Place.",no,no,Incorrect,0.6835
underspecified,11,dev_0945,yes,NO,no,no,Incorrect,0.7472000000000001
underspecified,11,dev_0021,no,"NO, a P.O. Box does not come before the street address. The",no,no,Correct,0.7816000000000001
underspecified,11,dev_0490,no,"NO, American citizens do not need a visa for Georgia for stays of up to",no,no,Correct,0.8122999999999999
underspecified,11,dev_0581,no,NO,no,no,Correct,0.7827999999999999
underspecified,11,dev_0631,no,"NO, the post office does not run on Memorial Day. Memorial Day is a",no,no,Correct,0.7827000000000001
underspecified,11,dev_0691,no,"NO, you do not need a stamp if it says Freepost.",no,no,Correct,0.782
underspecified,11,dev_0783,no,NO,no,no,Correct,0.8042
underspecified,11,dev_0787,no,NO,no,no,Correct,0.8395
underspecified,11,dev_0825,no,NO,no,no,Correct,0.7794
underspecified,11,dev_0885,no,"NO, UK citizens do not need a visa for Albania for short stays of up",no,no,Correct,0.7847000000000001
underspecified,11,dev_0089,yes,YES,yes,yes,Correct,0.803
underspecified,11,dev_0095,yes,I don't know.,i,idk,IDK,0.4407
underspecified,11,dev_0211,yes,NO,no,no,Incorrect,0.3992
underspecified,11,dev_0238,yes,NO,no,no,Incorrect,0.8052
underspecified,11,dev_0252,yes,"NO, the Lizzie McGuire movie was not filmed in Rome. It",no,no,Incorrect,0.8406
underspecified,11,dev_0256,yes,NO,no,no,Incorrect,0.8102
underspecified,11,dev_0266,yes,NO,no,no,Incorrect,0.8067000000000001
underspecified,11,dev_0310,yes,I don't know.,i,idk,IDK,0.8017000000000001
underspecified,11,dev_0359,yes,"I don't know. The rules for taking the money in ""Who Wants to Be",i,idk,IDK,0.8099
underspecified,11,dev_0422,yes,"NO, Lucas and Peyton do not come back to One Tree Hill. They both",no,no,Incorrect,0.7815
underspecified,11,dev_0040,no,"NO, there is no sequel to the movie The Golden Compass. The film is",no,no,Correct,2.1479
underspecified,11,dev_0080,no,I don't know.,i,idk,IDK,0.4601
underspecified,11,dev_0100,no,I don't know.,i,idk,IDK,0.462
underspecified,11,dev_0240,no,NO,no,no,Correct,0.8079
underspecified,11,dev_0247,no,NO,no,no,Correct,0.396
underspecified,11,dev_0260,no,"NO, Mighty Joe Young did not use a real gorilla in the film.",no,no,Correct,0.8411000000000001
underspecified,11,dev_0277,no,NO,no,no,Correct,0.3974
underspecified,11,dev_0290,no,NO,no,no,Correct,0.8149
underspecified,11,dev_0303,no,NO,no,no,Correct,0.3999
underspecified,11,dev_0231,yes,"NO, penne alla vodka is a traditional Italian pasta dish that typically does not",no,no,Incorrect,0.8112
underspecified,11,dev_0401,yes,NO,no,no,Incorrect,0.8017000000000001
underspecified,11,dev_0420,yes,NO,no,no,Incorrect,0.7814
underspecified,11,dev_0571,yes,NO,no,no,Incorrect,0.7731
underspecified,11,dev_0583,yes,NO,no,no,Incorrect,0.7705
underspecified,11,dev_0765,yes,YES,yes,yes,Correct,0.7791
underspecified,11,dev_0778,yes,NO,no,no,Incorrect,0.8011
underspecified,11,dev_0815,yes,NO,no,no,Incorrect,0.8019
underspecified,11,dev_0073,no,I don't know.,i,idk,IDK,0.4383
underspecified,11,dev_0491,no,NO,no,no,Correct,0.8112
underspecified,11,dev_0615,no,NO,no,no,Correct,0.812
underspecified,11,dev_0868,no,NO,no,no,Correct,0.8009
underspecified,11,dev_0880,no,NO,no,no,Correct,0.812
underspecified,11,dev_0953,no,NO,no,no,Correct,0.7808999999999999
underspecified,11,dev_0985,no,NO,no,no,Correct,0.395
underspecified,11,dev_0136,yes,NO,no,no,Incorrect,0.8082
underspecified,11,dev_0367,yes,NO,no,no,Incorrect,0.3957
underspecified,11,dev_0618,yes,NO,no,no,Incorrect,0.4023
underspecified,11,dev_0720,yes,YES,yes,yes,Correct,0.8032
underspecified,11,dev_0770,yes,NO,no,no,Incorrect,0.7836000000000001
underspecified,11,dev_0835,yes,YES,yes,yes,Correct,0.802
underspecified,11,dev_0896,yes,NO,no,no,Incorrect,0.8109
underspecified,11,dev_0434,no,NO,no,no,Correct,0.7788999999999999
underspecified,11,dev_0489,no,NO,no,no,Correct,0.8134
underspecified,11,dev_0852,no,NO,no,no,Correct,0.8075
underspecified,11,dev_0870,no,I don't know.,i,idk,IDK,0.8135
underspecified,11,dev_1148,no,I don't know.,i,idk,IDK,0.461
underspecified,11,dev_2595,no,"NO, A Way Out is a co-op game, meaning it is designed for",no,no,Correct,0.8125
underspecified,11,dev_0281,yes,"NO, there are no tolls on I-70 in Kansas.",no,no,Incorrect,0.7727999999999999
underspecified,11,dev_0528,yes,"Yes, there is a train station in Atlantic City. The Atlantic City Rail Terminal",yes,yes,Correct,0.8443999999999999
underspecified,11,dev_0547,yes,I don't know.,i,idk,IDK,0.4605
underspecified,11,dev_0623,yes,NO,no,no,Incorrect,2.1216999999999997
underspecified,11,dev_0626,yes,"NO, Skyline Drive is not part of the Blue Ridge Parkway. Skyline Drive is",no,no,Incorrect,0.8128
underspecified,11,dev_0686,yes,NO,no,no,Incorrect,2.1526
underspecified,11,dev_0822,yes,I don't know.,i,idk,IDK,0.4342
underspecified,11,dev_1210,yes,I don't know.,i,idk,IDK,0.4621
underspecified,11,dev_0374,no,NO,no,no,Correct,0.3705
underspecified,11,dev_0900,no,NO,no,no,Correct,0.7775
underspecified,11,dev_0913,no,NO,no,no,Correct,0.3952
underspecified,11,dev_1234,no,"NO, there is no Gulf Stream in the Pacific. The Gulf Stream is a",no,no,Correct,0.8112
underspecified,11,dev_1360,no,"NO, Lake Hiawatha is a neighborhood in Newark, New Jersey,",no,no,Correct,0.8107000000000001
underspecified,11,dev_1544,no,"NO, I-30 in Dallas is not a toll road.",no,no,Correct,0.7387
underspecified,11,dev_1588,no,"NO, Lake George is a natural lake.",no,no,Correct,0.5947
underspecified,11,dev_0344,yes,NO,no,no,Incorrect,0.8406
underspecified,11,dev_0379,yes,YES,yes,yes,Correct,0.3753
underspecified,11,dev_0474,yes,I don't know.,i,idk,IDK,0.4928
underspecified,11,dev_0614,yes,I don't know.,i,idk,IDK,0.776
underspecified,11,dev_0655,yes,YES,yes,yes,Correct,0.7804
underspecified,11,dev_1195,yes,NO,no,no,Incorrect,0.4285
underspecified,11,dev_1197,yes,"NO, an ectopic pregnancy cannot be carried to term as it occurs outside the",no,no,Incorrect,0.8056
underspecified,11,dev_1313,yes,YES,yes,yes,Correct,0.782
underspecified,11,dev_1564,yes,NO,no,no,Incorrect,0.8022
underspecified,11,dev_0078,no,"NO, there is no right and left brachiocephalic artery. There",no,no,Correct,0.8146
underspecified,11,dev_0166,no,I don't know.,i,idk,IDK,0.4608
underspecified,11,dev_0851,no,YES,yes,yes,Incorrect,0.8025
underspecified,11,dev_0861,no,"NO, a junctional rhythm typically does not have a P wave because the impulse",no,no,Correct,0.7467
underspecified,11,dev_0872,no,"NO, a third-degree burn is generally worse than a first-degree burn.",no,no,Correct,0.8036
underspecified,11,dev_1554,no,I don't know.,i,idk,IDK,0.465
underspecified,11,dev_1719,no,NO,no,no,Correct,0.8137000000000001
underspecified,11,dev_1991,no,NO,no,no,Correct,0.3723
underspecified,11,dev_2115,no,I don't know.,i,idk,IDK,0.7793
underspecified,11,dev_0105,yes,YES,yes,yes,Correct,0.7823
underspecified,11,dev_0125,yes,NO,no,no,Incorrect,0.4021
underspecified,11,dev_0191,yes,"NO, the Tomb of the Unknown Soldier typically contains the remains of unidentified soldiers,",no,no,Incorrect,2.1700999999999997
underspecified,11,dev_1292,yes,"NO, the Queen of England did not marry her cousin. She married Prince Philip",no,no,Incorrect,0.8112999999999999
underspecified,11,dev_1338,yes,NO,no,no,Incorrect,0.81
underspecified,11,dev_0388,no,NO,no,no,Correct,0.8095
underspecified,11,dev_0703,no,I don't know.,i,idk,IDK,0.4614
underspecified,11,dev_0833,no,I don't know.,i,idk,IDK,0.8114
underspecified,11,dev_0874,no,NO,no,no,Correct,0.4037
underspecified,11,dev_1651,no,"Yes, there are still tin mines left in Cornwall, although they are not as",yes,yes,Incorrect,0.8112
underspecified,11,dev_0072,yes,I don't know.,i,idk,IDK,0.4335
underspecified,11,dev_0258,yes,"NO, alcohol sales are prohibited on Sunday in Wisconsin.",no,no,Incorrect,0.6827000000000001
underspecified,11,dev_0286,yes,YES,yes,yes,Correct,0.7815
underspecified,11,dev_0348,yes,NO,no,no,Incorrect,0.8062999999999999
underspecified,11,dev_0467,yes,YES,yes,yes,Correct,0.8042999999999999
underspecified,11,dev_0515,yes,I don't know. The ability to put a restraining order on a landlord depends,i,idk,IDK,0.7803
underspecified,11,dev_0562,yes,I don't know,i,idk,IDK,0.8109
underspecified,11,dev_0636,yes,"NO, in California, it is illegal to carry a gun on your person without",no,no,Incorrect,0.8067000000000001
underspecified,11,dev_0740,yes,YES,yes,yes,Correct,0.8064
underspecified,11,dev_0838,yes,"NO, in Quebec, you cannot turn right on a red unless there is a",no,no,Incorrect,2.134
underspecified,11,dev_0864,yes,"NO, Ohio does not allow open carry of firearms without a permit.",no,no,Incorrect,0.7747999999999999
underspecified,11,dev_0873,yes,NO,no,no,Incorrect,0.8049
underspecified,11,dev_0901,yes,"NO, it is not illegal to drive over a median, but it is generally",no,no,Incorrect,0.7807999999999999
underspecified,11,dev_0909,yes,I don't know,i,idk,IDK,0.8045
underspecified,11,dev_1134,yes,YES,yes,yes,Correct,0.8097000000000001
underspecified,11,dev_0198,no,"NO, New Hampshire does not require a permit to carry a gun for lawful residents",no,no,Correct,0.8091
underspecified,11,dev_0215,no,I don't know.,i,idk,IDK,0.4634
underspecified,11,dev_0223,no,I don't know.,i,idk,IDK,0.8066
underspecified,11,dev_0234,no,I don't know. The legality of sexual activity between an 18-year-old and,i,idk,IDK,0.842
underspecified,11,dev_0272,no,"NO, trucks are not allowed on the Taconic State Parkway.",no,no,Correct,0.7427999999999999
underspecified,11,dev_0453,no,NO,no,no,Correct,0.3985
underspecified,11,dev_0499,no,"NO, Puerto Ricans are U.S. citizens, but they cannot vote in",no,no,Correct,0.7797000000000001
underspecified,11,dev_0552,no,I don't know. The rules regarding phone usage in prison can vary depending on the,i,idk,IDK,0.8131
underspecified,11,dev_0680,no,I don't know.,i,idk,IDK,0.43639999999999995
underspecified,11,dev_0738,no,"NO, Taiwan is not a member of the Paris Convention. The Paris Convention for",no,no,Correct,0.8062999999999999
underspecified,11,dev_0771,no,NO,no,no,Correct,0.37589999999999996
underspecified,11,dev_0888,no,"NO, Supreme Court justices have never been removed from office. They can only",no,no,Correct,0.8049
underspecified,11,dev_1135,no,NO,no,no,Correct,0.395
underspecified,11,dev_1188,no,I don't know. The answer may vary depending on the country and specific firearm regulations,i,idk,IDK,0.807
underspecified,11,dev_0339,yes,NO,no,no,Incorrect,0.8066
underspecified,11,dev_0357,yes,I don't know.,i,idk,IDK,0.4603
underspecified,11,dev_0498,yes,NO,no,no,Incorrect,0.4015
underspecified,11,dev_0620,yes,YES,yes,yes,Correct,0.37610000000000005
underspecified,11,dev_0878,yes,I don't know.,i,idk,IDK,0.4337
underspecified,11,dev_1864,yes,NO,no,no,Incorrect,0.8488
underspecified,11,dev_2080,yes,YES,yes,yes,Correct,0.8442999999999999
underspecified,11,dev_2395,yes,"NO, the Governor-General does not have to sign all bills passed by federal Parliament",no,no,Incorrect,0.7838999999999999
underspecified,11,dev_2639,yes,"NO, Canada is not part of the",no,no,Incorrect,0.8081
underspecified,11,dev_3155,yes,I don't know.,i,idk,IDK,0.4567
underspecified,11,dev_3209,yes,YES,yes,yes,Correct,0.7767000000000001
underspecified,11,dev_0209,no,NO,no,no,Correct,0.397
underspecified,11,dev_0273,no,"NO, you only have to pay when you are going from New Jersey to New",no,no,Correct,0.7842
underspecified,11,dev_0404,no,"NO, Puerto Rico is not a protectorate of the US. It is an",no,no,Correct,0.8429
underspecified,11,dev_0567,no,"NO, Romania is not part of the Visa Waiver Program.",no,no,Correct,0.7218
underspecified,11,dev_0675,no,"NO, Saudi Arabia has not signed the Universal Declaration of",no,no,Correct,0.7729
underspecified,11,dev_1172,no,NO,no,no,Correct,0.399
underspecified,11,dev_1275,no,I don't know.,i,idk,IDK,0.43839999999999996
underspecified,11,dev_1971,no,NO,no,no,Correct,1.7385
underspecified,11,dev_2001,no,"NO, the president can only pardon federal offenses, not state crimes.",no,no,Correct,0.7811
underspecified,11,dev_3004,no,NO,no,no,Correct,0.775
underspecified,11,dev_3256,no,I don't know.,i,idk,IDK,0.7721
underspecified,11,dev_1132,yes,NO,no,no,Incorrect,0.7757999999999999
underspecified,11,dev_1233,yes,NO,no,no,Incorrect,0.394
underspecified,11,dev_1511,yes,NO,no,no,Incorrect,0.7827999999999999
underspecified,11,dev_1633,yes,NO,no,no,Incorrect,0.8128
underspecified,11,dev_2007,yes,YES,yes,yes,Correct,0.7791
underspecified,11,dev_2214,yes,"NO, there is no such thing as dry water. Water is a compound made",no,no,Incorrect,0.8035
underspecified,11,dev_2239,yes,YES,yes,yes,Correct,0.3951
underspecified,11,dev_2299,yes,NO,no,no,Incorrect,0.8141
underspecified,11,dev_2303,yes,"YES, all known life forms require the same essential elements, such as carbon,",yes,yes,Correct,0.8452999999999999
underspecified,11,dev_2477,yes,"NO, 0 is not in the set of natural numbers. Natural numbers typically",no,no,Incorrect,0.815
underspecified,11,dev_2993,yes,NO,no,no,Incorrect,0.37189999999999995
underspecified,11,dev_3126,yes,"NO, an upside-down rainbow is not possible because it would require the light to",no,no,Incorrect,0.8108
underspecified,11,dev_3188,yes,"NO, a turkey vulture and a buzzard are not the same. A",no,no,Incorrect,0.8084
underspecified,11,dev_3193,yes,YES,yes,yes,Correct,0.8139
underspecified,11,dev_3234,yes,NO,no,no,Incorrect,0.7772
underspecified,11,dev_3265,yes,NO,no,no,Incorrect,0.8174
underspecified,11,dev_0001,no,NO,no,no,Correct,0.8122
underspecified,11,dev_0579,no,I don't know.,i,idk,IDK,0.457
underspecified,11,dev_1003,no,NO,no,no,Correct,0.36760000000000004
underspecified,11,dev_1483,no,NO,no,no,Correct,0.7834
underspecified,11,dev_1551,no,"NO, Australia is not part of the Ring of Fire. The Ring of Fire",no,no,Correct,0.8074
underspecified,11,dev_1702,no,"YES, a pterodactyl is the same as a Pteran",yes,yes,Incorrect,0.8456
underspecified,11,dev_1925,no,NO,no,no,Correct,0.3999
underspecified,11,dev_2025,no,NO,no,no,Correct,0.7807999999999999
underspecified,11,dev_2312,no,NO,no,no,Correct,0.8061
underspecified,11,dev_2471,no,"NO, a fixed pulley does not provide a mechanical advantage; it only changes the",no,no,Correct,0.7806000000000001
underspecified,11,dev_2521,no,NO,no,no,Correct,0.8158
underspecified,11,dev_2782,no,"YES, the hydronium ion (H3O+) and hydrogen ion (",yes,yes,Incorrect,0.8432000000000001
underspecified,11,dev_2812,no,YES,yes,yes,Incorrect,0.7831
underspecified,11,dev_3014,no,NO,no,no,Correct,0.375
underspecified,11,dev_3034,no,NO,no,no,Correct,0.8065
underspecified,11,dev_3159,no,NO,no,no,Correct,0.7834
underspecified,11,dev_3190,no,NO,no,no,Correct,0.7817000000000001
underspecified,11,dev_0682,yes,NO,no,no,Incorrect,0.3963
underspecified,11,dev_0735,yes,YES,yes,yes,Correct,0.803
underspecified,11,dev_1505,yes,YES,yes,yes,Correct,0.7825
underspecified,11,dev_1668,yes,"YES, Church of England (Anglican) worshippers do make the sign of",yes,yes,Correct,0.8381000000000001
underspecified,11,dev_2373,yes,NO,no,no,Incorrect,0.8109
underspecified,11,dev_2793,yes,NO,no,no,Incorrect,0.8055
underspecified,11,dev_2929,yes,NO,no,no,Incorrect,0.7858999999999999
underspecified,11,dev_0605,no,"NO, you do not have to be a Mormon to go to BYU.",no,no,Correct,0.8052
underspecified,11,dev_0908,no,I don't know.,i,idk,IDK,0.43339999999999995
underspecified,11,dev_1388,no,NO,no,no,Correct,0.8045
underspecified,11,dev_1521,no,"NO, Sweden does not pay students to attend school. Education in Sweden is free",no,no,Correct,0.8086
underspecified,11,dev_2334,no,"NO, the Book of Jasher is not in the Bible. It is a",no,no,Correct,0.8409
underspecified,11,dev_2641,no,I don't know.,i,idk,IDK,0.8086
underspecified,11,dev_0347,yes,"NO, the Women's College World Series is not double elimination; it is a single",no,no,Incorrect,0.8157000000000001
underspecified,11,dev_0411,yes,I don't know.,i,idk,IDK,0.8431000000000001
underspecified,11,dev_0439,yes,"YES, the Milwaukee Brewers have made it to the World Series once, in",yes,yes,Correct,0.8422000000000001
underspecified,11,dev_0452,yes,YES,yes,yes,Correct,0.8089
underspecified,11,dev_0585,yes,NO,no,no,Incorrect,0.8107000000000001
underspecified,11,dev_0656,yes,NO,no,no,Incorrect,0.4036
underspecified,11,dev_0661,yes,YES,yes,yes,Correct,0.3965
underspecified,11,dev_0701,yes,YES,yes,yes,Correct,0.37589999999999996
underspecified,11,dev_0704,yes,YES,yes,yes,Correct,0.8059
underspecified,11,dev_0752,yes,"NO, there is no mercy rule in professional soccer.",no,no,Incorrect,0.6849
underspecified,11,dev_0848,yes,I don't know.,i,idk,IDK,0.7794
underspecified,11,dev_0883,yes,YES,yes,yes,Correct,0.8026
underspecified,11,dev_1143,yes,YES,yes,yes,Correct,0.37539999999999996
underspecified,11,dev_1305,yes,"NO, a school cannot be both Division I and II simultaneously. Each school is",no,no,Incorrect,0.804
underspecified,11,dev_1497,yes,"NO, Alphonse Areola did not play in the 2018 World",no,no,Incorrect,0.8071
underspecified,11,dev_1777,yes,I don't know.,i,idk,IDK,0.4915
underspecified,11,dev_2250,yes,NO,no,no,Incorrect,0.7833
underspecified,11,dev_2370,yes,NO,no,no,Incorrect,0.8068
underspecified,11,dev_0083,no,YES,yes,yes,Incorrect,0.8162
underspecified,11,dev_0085,no,YES,yes,yes,Incorrect,0.811
underspecified,11,dev_0170,no,NO,no,no,Correct,0.8056
underspecified,11,dev_0230,no,NO,no,no,Correct,0.8409
underspecified,11,dev_0412,no,I don't know.,i,idk,IDK,0.4643
underspecified,11,dev_0421,no,NO,no,no,Correct,0.7731
underspecified,11,dev_0447,no,YES,yes,yes,Incorrect,0.7687999999999999
underspecified,11,dev_0544,no,NO,no,no,Correct,0.3712
underspecified,11,dev_0565,no,"NO, walks are not included in the batting average calculation.",no,no,Correct,0.7072
underspecified,11,dev_0589,no,I don't know.,i,idk,IDK,0.4645
underspecified,11,dev_0593,no,"NO, teams do not keep the FIFA World Cup trophy. The trophy is awarded",no,no,Correct,0.7762
underspecified,11,dev_0859,no,NO,no,no,Correct,0.8052999999999999
underspecified,11,dev_0865,no,NO,no,no,Correct,0.396
underspecified,11,dev_1518,no,NO,no,no,Correct,0.3953
underspecified,11,dev_1768,no,NO,no,no,Correct,0.3974
underspecified,11,dev_1779,no,NO,no,no,Correct,0.784
underspecified,11,dev_1905,no,"NO, you cannot be offside directly from a goal kick. In soccer,",no,no,Correct,0.8431000000000001
underspecified,11,dev_2156,no,NO,no,no,Correct,0.841
underspecified,11,dev_2158,no,NO,no,no,Correct,0.3986
underspecified,11,dev_2798,no,NO,no,no,Correct,0.7842
underspecified,11,dev_3138,no,YES,yes,yes,Incorrect,0.7804
underspecified,11,dev_0307,yes,NO,no,no,Incorrect,0.8114
underspecified,11,dev_0506,yes,NO,no,no,Incorrect,0.772
underspecified,11,dev_0641,yes,NO,no,no,Incorrect,0.8055
underspecified,11,dev_0844,yes,I don't know.,i,idk,IDK,0.7835
underspecified,11,dev_1032,yes,NO,no,no,Incorrect,0.4009
underspecified,11,dev_1574,yes,"NO, Apple Lightning cables do not contain a chip. They are simple cables that",no,no,Incorrect,0.7834
underspecified,11,dev_1889,yes,NO,no,no,Incorrect,0.8042999999999999
underspecified,11,dev_2093,yes,NO,no,no,Incorrect,0.7842
underspecified,11,dev_2213,yes,NO,no,no,Incorrect,0.36769999999999997
underspecified,11,dev_2735,yes,"NO, pipelining is a technique used to improve the throughput of a system",no,no,Incorrect,0.8152999999999999
underspecified,11,dev_2836,yes,NO,no,no,Incorrect,0.782
underspecified,11,dev_0788,no,NO,no,no,Correct,0.4033
underspecified,11,dev_0798,no,"NO, area code 669 is not a toll-free number. It is the",no,no,Correct,0.8132
underspecified,11,dev_1249,no,YES,yes,yes,Incorrect,0.8125
underspecified,11,dev_1458,no,"NO, powered speakers have an internal amplifier and do not require an external one.",no,no,Correct,0.7816000000000001
underspecified,11,dev_1584,no,YES,yes,yes,Incorrect,0.8077000000000001
underspecified,11,dev_1589,no,"NO, a SIM-free phone does not lock to a network because it does not",no,no,Correct,0.8059
underspecified,11,dev_1657,no,NO,no,no,Correct,0.8059
underspecified,11,dev_1691,no,NO,no,no,Correct,0.8045
underspecified,11,dev_1943,no,YES,yes,yes,Incorrect,0.8016
underspecified,11,dev_2682,no,YES,yes,yes,Incorrect,0.3949
underspecified,11,dev_2712,no,NO,no,no,Correct,0.7681
underspecified,11,dev_0427,no,NO,no,no,Correct,0.8031
underspecified,11,dev_0531,no,I don't know.,i,idk,IDK,0.4682
underspecified,11,dev_1915,no,NO,no,no,Correct,0.3967
underspecified,11,dev_1946,no,NO,no,no,Correct,0.844
underspecified,11,dev_2024,no,NO,no,no,Correct,0.8039
underspecified,11,dev_2265,no,NO,no,no,Correct,0.8086
underspecified,11,dev_0004,yes,NO,no,no,Incorrect,0.37589999999999996
underspecified,11,dev_0241,yes,YES,yes,yes,Correct,0.399
underspecified,11,dev_0326,yes,YES,yes,yes,Correct,0.7814
underspecified,11,dev_0525,yes,YES,yes,yes,Correct,0.7812
underspecified,11,dev_0577,yes,NO,no,no,Incorrect,0.8006
underspecified,11,dev_0799,yes,"I don't know. As an AI, I don't participate in game shows or win",i,idk,IDK,0.8082999999999999
underspecified,11,dev_0142,no,NO,no,no,Correct,0.8074
underspecified,11,dev_0494,no,"NO, fitness in biology refers to an organism's ability to survive and reproduce in",no,no,Correct,0.8077000000000001
underspecified,11,dev_0527,no,"NO, HeLa cells have an abnormal number of chromosomes due to a mutation that",no,no,Correct,0.7827999999999999
underspecified,11,dev_0566,no,"NO, not all bacteria of a single species are the exact same shape. B",no,no,Correct,0.8189
underspecified,11,dev_0648,no,NO,no,no,Correct,0.3743
underspecified,11,dev_0668,no,NO,no,no,Correct,0.8009
underspecified,11,dev_0749,no,"NO, sensory neurons are part of the peripheral nervous system, not the central nervous",no,no,Correct,0.8401000000000001
underspecified,11,dev_0790,no,NO,no,no,Correct,0.7742
underspecified,11,dev_0867,no,NO,no,no,Correct,0.7447
underspecified,11,dev_0921,no,NO,no,no,Correct,0.7965
underspecified,11,dev_1088,no,NO,no,no,Correct,0.8068
underspecified,11,dev_1329,no,"NO, there is no bone in your earlobe. The earlobe",no,no,Correct,0.7841
underspecified,11,dev_1402,no,NO,no,no,Correct,0.7751
underspecified,11,dev_1428,no,"NO, sweat glands are not part of the lymphatic system. They are part",no,no,Correct,0.7857000000000001
underspecified,11,dev_1439,no,NO,no,no,Correct,0.8045
underspecified,11,dev_0020,yes,YES,yes,yes,Correct,0.7806000000000001
underspecified,11,dev_0027,yes,YES,yes,yes,Correct,0.806
underspecified,11,dev_0047,yes,"YES, there is such a thing as a turkey vulture. It is a",yes,yes,Correct,0.8091
underspecified,11,dev_0070,yes,"YES, T. rex and Tyrannosaurus rex refer to the same dinosaur",yes,yes,Correct,0.8413999999999999
underspecified,11,dev_0086,yes,YES,yes,yes,Correct,0.8042
underspecified,11,dev_0121,yes,YES,yes,yes,Correct,0.8042
underspecified,11,dev_0131,yes,YES,yes,yes,Correct,0.7831
underspecified,11,dev_0147,yes,YES,yes,yes,Correct,0.784
underspecified,11,dev_0159,yes,"NO, trees typically have only one main trunk, although some species can have multiple",no,no,Incorrect,0.8089
underspecified,11,dev_0190,yes,YES,yes,yes,Correct,0.8027000000000001
underspecified,11,dev_0195,yes,NO,no,no,Incorrect,0.8062999999999999
underspecified,11,dev_0200,yes,YES,yes,yes,Correct,0.8085
underspecified,11,dev_0214,yes,YES,yes,yes,Correct,0.369
underspecified,11,dev_0242,yes,YES,yes,yes,Correct,0.7766000000000001
underspecified,11,dev_0522,yes,YES,yes,yes,Correct,0.8408
underspecified,11,dev_0033,no,NO,no,no,Correct,0.8099
underspecified,11,dev_0123,no,"NO, public limited companies are not in the private sector; they are publicly traded",no,no,Correct,0.8026
underspecified,11,dev_0501,no,NO,no,no,Correct,0.7838999999999999
underspecified,11,dev_0526,no,NO,no,no,Correct,0.7833
underspecified,11,dev_1076,no,NO,no,no,Correct,0.4026
underspecified,11,dev_1213,no,NO,no,no,Correct,0.7754
underspecified,11,dev_1654,no,"NO, discouraged workers are not counted in the unemployment rate. They are considered to",no,no,Correct,0.8155
underspecified,11,dev_1753,no,YES,yes,yes,Incorrect,0.8122999999999999
underspecified,11,dev_1825,no,NO,no,no,Correct,0.8085
underspecified,11,dev_2911,no,"NO, the United States does not have a fixed exchange rate. The U.S",no,no,Correct,0.8115
underspecified,11,dev_2740,no,NO,no,no,Correct,0.7753
underspecified,11,dev_2517,no,NO,no,no,Correct,0.7828999999999999
underspecified,11,dev_1139,yes,YES,yes,yes,Correct,0.398
underspecified,11,dev_0002,yes,"NO, house tax and property tax are not the same. House tax is a",no,no,Incorrect,0.7808999999999999
underspecified,11,dev_0773,yes,YES,yes,yes,Correct,0.8049
underspecified,11,dev_1186,yes,YES,yes,yes,Correct,0.808
underspecified,11,dev_1302,yes,YES,yes,yes,Correct,0.7811
underspecified,11,dev_1349,yes,YES,yes,yes,Correct,0.3941
underspecified,11,dev_1771,yes,NO,no,no,Incorrect,0.7714
underspecified,11,dev_1804,yes,YES,yes,yes,Correct,0.8417
underspecified,11,dev_1873,yes,NO,no,no,Incorrect,0.3948
underspecified,11,dev_1963,yes,"NO, there is a sales tax in New Hampshire. The state has a",no,no,Incorrect,0.8472999999999999
underspecified,11,dev_2582,yes,YES,yes,yes,Correct,0.7787999999999999
underspecified,11,dev_2598,yes,NO,no,no,Incorrect,0.7791
underspecified,11,dev_3158,yes,YES,yes,yes,Correct,0.8072999999999999
underspecified,11,dev_0551,no,NO,no,no,Correct,0.7823
underspecified,11,dev_1158,no,NO,no,no,Correct,0.7836000000000001
underspecified,11,dev_1364,no,NO,no,no,Correct,0.3961
underspecified,11,dev_1807,no,NO,no,no,Correct,2.1136999999999997
underspecified,11,dev_2542,no,NO,no,no,Correct,0.7836000000000001
underspecified,11,dev_2562,no,NO,no,no,Correct,0.816
underspecified,11,dev_3005,no,NO,no,no,Correct,0.8031
underspecified,11,dev_3194,no,NO,no,no,Correct,0.8022
underspecified,11,dev_3195,no,"NO, a boarding pass is not the same as a ticket. A ticket is",no,no,Correct,0.8042
underspecified,11,dev_0013,yes,I don't know.,i,idk,IDK,0.779
underspecified,11,dev_0043,yes,YES,yes,yes,Correct,0.8397
underspecified,11,dev_0052,yes,YES,yes,yes,Correct,0.8106
underspecified,11,dev_0091,yes,YES,yes,yes,Correct,0.3948
underspecified,11,dev_0116,yes,YES,yes,yes,Correct,0.7825
underspecified,11,dev_0288,yes,YES,yes,yes,Correct,0.3958
underspecified,11,dev_0555,yes,NO,no,no,Incorrect,0.7828999999999999
underspecified,11,dev_0627,yes,NO,no,no,Incorrect,0.7822
underspecified,11,dev_0831,yes,NO,no,no,Incorrect,0.3942
underspecified,11,dev_0721,no,NO,no,no,Correct,0.374
underspecified,11,dev_0863,no,NO,no,no,Correct,0.8034
underspecified,11,dev_1357,no,NO,no,no,Correct,0.7791
underspecified,11,dev_1951,no,NO,no,no,Correct,0.37489999999999996
underspecified,11,dev_2131,no,NO,no,no,Correct,0.8052
underspecified,11,dev_2174,no,NO,no,no,Correct,0.8064
underspecified,11,dev_2252,no,NO,no,no,Correct,0.8054
underspecified,11,dev_2309,no,NO,no,no,Correct,0.8142
underspecified,11,dev_2364,no,NO,no,no,Correct,0.3953
underspecified,11,dev_3075,no,"NO, Pulp Fiction is not based on a true story. It is a",no,no,Correct,0.8134
underspecified,11,dev_3205,no,NO,no,no,Correct,0.4023
underspecified,11,dev_0015,yes,NO,no,no,Incorrect,0.8099
underspecified,11,dev_0153,yes,YES,yes,yes,Correct,0.8042999999999999
underspecified,11,dev_0161,yes,NO,no,no,Incorrect,0.8142999999999999
underspecified,11,dev_0306,yes,NO,no,no,Incorrect,0.3755
underspecified,11,dev_0334,yes,NO,no,no,Incorrect,0.8117000000000001
underspecified,11,dev_0338,yes,YES,yes,yes,Correct,0.8076
underspecified,11,dev_0493,yes,NO,no,no,Incorrect,0.8151
underspecified,11,dev_0520,yes,YES,yes,yes,Correct,0.8138
underspecified,11,dev_0212,no,NO,no,no,Correct,1.7284000000000002
underspecified,11,dev_0309,no,NO,no,no,Correct,0.7802
underspecified,11,dev_0484,no,NO,no,no,Correct,0.8079
underspecified,11,dev_0654,no,NO,no,no,Correct,0.7699
underspecified,11,dev_0973,no,NO,no,no,Correct,0.3715
underspecified,11,dev_1335,no,NO,no,no,Correct,0.7784
underspecified,11,dev_1443,no,NO,no,no,Correct,0.8082999999999999
underspecified,11,dev_0284,yes,"NO, enameled cast iron does not leach iron into food because the",no,no,Incorrect,0.7813
underspecified,11,dev_0330,yes,"NO, the white cover on brie cheese is not edible. It is called",no,no,Incorrect,0.7803
underspecified,11,dev_0443,yes,NO,no,no,Incorrect,0.8048
underspecified,11,dev_0975,yes,NO,no,no,Incorrect,0.7817000000000001
underspecified,11,dev_1741,yes,"NO, garbanzo beans and chickpeas are the same thing. Garban",no,no,Incorrect,0.7833
underspecified,11,dev_1770,yes,NO,no,no,Incorrect,0.7797000000000001
underspecified,11,dev_1860,no,NO,no,no,Correct,0.7812
underspecified,11,dev_1967,yes,NO,no,no,Incorrect,0.8075
underspecified,11,dev_0236,no,"NO, straights do not have to be the same suit in poker.",no,no,Correct,0.8052999999999999
underspecified,11,dev_0741,no,NO,no,no,Correct,0.3978
underspecified,11,dev_1440,no,NO,no,no,Correct,0.7758999999999999
underspecified,11,dev_2062,no,NO,no,no,Correct,0.8152
underspecified,11,dev_2109,no,NO,no,no,Correct,0.4033
underspecified,11,dev_2137,no,NO,no,no,Correct,0.8392000000000001
underspecified,11,dev_0478,yes,YES,yes,yes,Correct,0.8145
underspecified,11,dev_0545,yes,YES,yes,yes,Correct,0.8382999999999999
underspecified,11,dev_1125,yes,NO,no,no,Incorrect,0.8383999999999999
underspecified,11,dev_1137,yes,NO,no,no,Incorrect,0.7694
underspecified,11,dev_1162,yes,YES,yes,yes,Correct,0.7778999999999999
underspecified,11,dev_1177,yes,YES,yes,yes,Correct,0.8024
underspecified,11,dev_1444,yes,YES,yes,yes,Correct,0.7764
underspecified,11,dev_0313,no,"NO, St. Kitts and Nevis is not a U.S. territory",no,no,Correct,0.812
underspecified,11,dev_0823,no,NO,no,no,Correct,0.3976
underspecified,11,dev_0839,no,NO,no,no,Correct,0.8158
underspecified,11,dev_1222,no,"NO, the Isle of Man is not a part of Great Britain; it is",no,no,Correct,0.813
underspecified,11,dev_1254,no,NO,no,no,Correct,0.8148
underspecified,11,dev_1269,no,NO,no,no,Correct,0.3757
underspecified,11,dev_1334,no,"NO, Patagonia is not a country in its own right. It is a region",no,no,Correct,0.8078
underspecified,11,dev_0184,yes,NO,no,no,Incorrect,0.8081
underspecified,11,dev_0322,yes,NO,no,no,Incorrect,0.8027000000000001
underspecified,11,dev_0557,yes,YES,yes,yes,Correct,0.8051
underspecified,11,dev_0573,yes,NO,no,no,Incorrect,0.37489999999999996
underspecified,11,dev_1179,yes,"NO, Phoenix is in the Mountain Time Zone, while Denver is in the Mountain",no,no,Incorrect,0.7784
underspecified,11,dev_0619,yes,NO,no,no,Incorrect,0.8082
underspecified,11,dev_0650,yes,YES,yes,yes,Correct,0.37489999999999996
underspecified,11,dev_0734,yes,YES,yes,yes,Correct,0.7831
underspecified,11,dev_0061,no,NO,no,no,Correct,0.8048
underspecified,11,dev_0124,no,NO,no,no,Correct,0.3702
underspecified,11,dev_0914,no,NO,no,no,Correct,0.8142999999999999
underspecified,11,dev_0955,no,"NO, mycosis fungoides is not caused by a fungal infection;",no,no,Correct,0.8031
underspecified,11,dev_1610,no,"NO, soft-tissue damage refers to injuries to muscles, ligaments, and",no,no,Correct,0.8088
underspecified,11,dev_1790,no,"NO, the lining of the uterus does not shed during implantation. Implantation is",no,no,Correct,0.814
underspecified,11,dev_2096,no,NO,no,no,Correct,2.1389
underspecified,11,dev_2277,no,NO,no,no,Correct,0.8051
underspecified,11,dev_2499,no,NO,no,no,Correct,0.782
underspecified,11,dev_1959,yes,YES,yes,yes,Correct,0.8042
underspecified,11,dev_1992,yes,"NO, a person cannot transmit rabies to another person. Rabies is primarily",no,no,Incorrect,0.841
underspecified,11,dev_2047,yes,"NO, organs in the digestive system, such as the liver, pancreas, and",no,no,Incorrect,0.8436
underspecified,11,dev_1656,yes,I don't know.,i,idk,IDK,0.4628
underspecified,11,dev_1663,yes,YES,yes,yes,Correct,0.7777000000000001
underspecified,11,dev_1752,yes,"NO, triamcinolone cream is not typically used for poison ivy. It",no,no,Incorrect,0.8138
underspecified,11,dev_2049,yes,YES,yes,yes,Correct,0.781
underspecified,11,dev_2050,yes,YES,yes,yes,Correct,0.8142
underspecified,11,dev_1442,yes,YES,yes,yes,Correct,0.8042999999999999
underspecified,11,dev_0301,no,NO,no,no,Correct,0.8422999999999999
underspecified,11,dev_0480,no,"NO, the Articles of Confederation were replaced by the U.S. Constitution in",no,no,Correct,0.8472000000000001
underspecified,11,dev_1290,no,NO,no,no,Correct,0.8102
underspecified,11,dev_1819,no,"NO, the Czech Republic and Czechoslovakia are not the same country",no,no,Correct,0.8125
underspecified,11,dev_2206,no,NO,no,no,Correct,0.8117000000000001
underspecified,11,dev_0376,yes,I don't know.,i,idk,IDK,0.4633
underspecified,11,dev_0346,yes,YES,yes,yes,Correct,0.8077000000000001
underspecified,11,dev_0363,yes,YES,yes,yes,Correct,0.8058
underspecified,11,dev_0535,yes,NO,no,no,Incorrect,0.7835
underspecified,11,dev_0629,yes,YES,yes,yes,Correct,0.8157000000000001
underspecified,11,dev_0179,no,"NO, U.S. courts of appeals do not have original jurisdiction. They primarily",no,no,Correct,0.8031
underspecified,11,dev_0402,no,NO,no,no,Correct,0.8072
underspecified,11,dev_0513,no,I don't know.,i,idk,IDK,0.4589
underspecified,11,dev_0606,no,"NO, it is not legal to escape from prison in Germany. Escaping from",no,no,Correct,0.8082
underspecified,11,dev_0630,no,YES,yes,yes,Incorrect,0.7823
underspecified,11,dev_0795,no,NO,no,no,Correct,0.8052
underspecified,11,dev_1457,no,NO,no,no,Correct,0.4011
underspecified,11,dev_1776,no,NO,no,no,Correct,0.8416
underspecified,11,dev_1862,no,NO,no,no,Correct,0.8037000000000001
underspecified,11,dev_1911,no,"NO, there is no mandatory retirement age for U.S. Supreme Court justices",no,no,Correct,0.8145
underspecified,11,dev_2755,no,NO,no,no,Correct,0.8044
underspecified,11,dev_2756,no,NO,no,no,Correct,0.4029
underspecified,11,dev_2921,no,NO,no,no,Correct,0.805
underspecified,11,dev_2972,no,NO,no,no,Correct,0.812
underspecified,11,dev_0009,yes,NO,no,no,Incorrect,0.8052999999999999
underspecified,11,dev_0038,yes,I don't know.,i,idk,IDK,0.809
underspecified,11,dev_0129,yes,"YES, you can sell a gun privately in Florida, but you must follow state",yes,yes,Correct,0.8031
underspecified,11,dev_0202,yes,"YES, breaking and entering into a car is typically considered a felony, as it",yes,yes,Correct,0.8081
underspecified,11,dev_0308,yes,YES,yes,yes,Correct,0.3944
underspecified,11,dev_0584,yes,YES,yes,yes,Correct,0.3975
underspecified,11,dev_0644,yes,YES,yes,yes,Correct,2.1238
underspecified,11,dev_0653,yes,YES,yes,yes,Correct,0.8465
underspecified,11,dev_0671,yes,"YES, the state of Kansas has the death penalty. As of my last update",yes,yes,Correct,0.807
underspecified,11,dev_0757,yes,YES,yes,yes,Correct,0.8132
underspecified,11,dev_1059,yes,YES,yes,yes,Correct,0.8051
underspecified,11,dev_1067,yes,YES,yes,yes,Correct,0.3988
underspecified,11,dev_1097,yes,YES,yes,yes,Correct,0.781
underspecified,11,dev_1131,yes,"YES, Illinois has a stand your ground law, which allows individuals to use force",yes,yes,Correct,0.8159
underspecified,11,dev_1324,yes,"YES, a flask typically counts as an open container when it is not properly sealed",yes,yes,Correct,0.8075
underspecified,11,dev_0305,no,NO,no,no,Correct,0.8154
underspecified,11,dev_0465,no,NO,no,no,Correct,0.8421000000000001
underspecified,11,dev_0508,no,NO,no,no,Correct,0.3969
underspecified,11,dev_0518,no,YES,yes,yes,Incorrect,0.8059
underspecified,11,dev_0572,no,NO,no,no,Correct,0.7824
underspecified,11,dev_0898,no,NO,no,no,Correct,0.3743
underspecified,11,dev_1154,no,NO,no,no,Correct,0.4013
underspecified,11,dev_1221,no,NO,no,no,Correct,0.8114
underspecified,11,dev_1244,no,NO,no,no,Correct,0.8021
underspecified,11,dev_1245,no,NO,no,no,Correct,0.3752
underspecified,11,dev_1273,no,NO,no,no,Correct,0.8447
underspecified,11,dev_0647,yes,YES,yes,yes,Correct,0.777
underspecified,11,dev_0254,yes,YES,yes,yes,Correct,0.42769999999999997
underspecified,11,dev_0486,yes,YES,yes,yes,Correct,0.3956
underspecified,11,dev_0736,yes,YES,yes,yes,Correct,0.8056
underspecified,11,dev_0814,yes,"NO, the Air Force does not have ground combat troops. It is primarily responsible",no,no,Incorrect,0.8147000000000001
underspecified,11,dev_1477,yes,YES,yes,yes,Correct,0.3961
underspecified,11,dev_1721,yes,YES,yes,yes,Correct,0.8065
underspecified,11,dev_1786,yes,"YES, New York City still has rent control.",yes,yes,Correct,0.6518999999999999
underspecified,11,dev_1970,yes,YES,yes,yes,Correct,0.8155
underspecified,11,dev_1985,yes,YES,yes,yes,Correct,0.397
underspecified,11,dev_2448,no,NO,no,no,Correct,0.4002
underspecified,11,dev_0066,yes,NO,no,no,Incorrect,0.778
underspecified,11,dev_0088,yes,YES,yes,yes,Correct,0.7805
underspecified,11,dev_0196,yes,YES,yes,yes,Correct,0.8105
underspecified,11,dev_0262,yes,YES,yes,yes,Correct,0.7762
underspecified,11,dev_0271,yes,YES,yes,yes,Correct,0.7768999999999999
underspecified,11,dev_0329,yes,YES,yes,yes,Correct,0.8118
underspecified,11,dev_0331,yes,"YES, a wheel and axle is a simple machine.",yes,yes,Correct,0.7153999999999999
underspecified,11,dev_0387,yes,YES,yes,yes,Correct,0.8091
underspecified,11,dev_0418,yes,YES,yes,yes,Correct,0.8128
underspecified,11,dev_0616,yes,"YES, bicarb soda and baking soda are the same. They are both",yes,yes,Correct,2.1519
underspecified,11,dev_0638,yes,YES,yes,yes,Correct,0.7772
underspecified,11,dev_0657,yes,"NO, yield stress and yield strength are related but not the same. Yield stress",no,no,Incorrect,0.804
underspecified,11,dev_0692,yes,NO,no,no,Incorrect,0.8132
underspecified,11,dev_0744,yes,"NO, a polynomial cannot have a square root of a variable as it is an",no,no,Incorrect,0.7715
underspecified,11,dev_0797,yes,YES,yes,yes,Correct,0.7837999999999999
underspecified,11,dev_0842,yes,YES,yes,yes,Correct,0.3939
underspecified,11,dev_1379,yes,YES,yes,yes,Correct,0.8039
underspecified,11,dev_0126,no,NO,no,no,Correct,0.4027
underspecified,11,dev_0342,no,NO,no,no,Correct,0.3946
underspecified,11,dev_0437,no,"NO, there is not always a full moon on the summer solstice. The",no,no,Correct,0.8426
underspecified,11,dev_0553,no,NO,no,no,Correct,0.7754
underspecified,11,dev_0652,no,NO,no,no,Correct,0.8142
underspecified,11,dev_0708,no,NO,no,no,Correct,0.4007
underspecified,11,dev_1083,no,NO,no,no,Correct,0.3958
underspecified,11,dev_1142,no,"NO, quantum entanglement cannot be used to transfer information faster than light.",no,no,Correct,0.8158
underspecified,11,dev_1354,no,NO,no,no,Correct,0.8049
underspecified,11,dev_1460,no,NO,no,no,Correct,2.1271999999999998
underspecified,11,dev_1468,no,NO,no,no,Correct,0.7827000000000001
underspecified,11,dev_1559,no,NO,no,no,Correct,0.7787999999999999
underspecified,11,dev_1595,no,NO,no,no,Correct,0.8066
underspecified,11,dev_1643,no,NO,no,no,Correct,0.37360000000000004
underspecified,11,dev_1692,no,NO,no,no,Correct,0.7795
underspecified,11,dev_1726,no,"NO, the vagus nerve is part of the peripheral nervous system (PNS",no,no,Correct,0.8412000000000001
underspecified,11,dev_0008,yes,YES,yes,yes,Correct,0.7754
underspecified,11,dev_0323,yes,"YES, Song of Solomon and Song of Songs refer to the same biblical book,",yes,yes,Correct,0.8102
underspecified,11,dev_0794,yes,YES,yes,yes,Correct,0.8151
underspecified,11,dev_0866,yes,YES,yes,yes,Correct,0.7767000000000001
underspecified,11,dev_0910,yes,YES,yes,yes,Correct,0.7801
underspecified,11,dev_0992,yes,"NO, you cannot get held back in elementary school. Elementary school typically consists of",no,no,Incorrect,0.8031
underspecified,11,dev_1446,yes,YES,yes,yes,Correct,0.7812
underspecified,11,dev_0294,no,NO,no,no,Correct,0.8066
underspecified,11,dev_0521,no,NO,no,no,Correct,0.4077
underspecified,11,dev_0943,no,NO,no,no,Correct,0.3722
underspecified,11,dev_1887,no,NO,no,no,Correct,0.8049
underspecified,11,dev_2892,no,NO,no,no,Correct,0.808
underspecified,11,dev_2691,no,NO,no,no,Correct,0.7831
underspecified,11,dev_0065,yes,YES,yes,yes,Correct,0.4031
underspecified,11,dev_0245,yes,NO,no,no,Incorrect,0.42719999999999997
underspecified,11,dev_0315,yes,NO,no,no,Incorrect,0.8032999999999999
underspecified,11,dev_0361,yes,NO,no,no,Incorrect,0.3738
underspecified,11,dev_0550,yes,YES,yes,yes,Correct,0.8169
underspecified,11,dev_0595,yes,NO,no,no,Incorrect,0.7828999999999999
underspecified,11,dev_0966,yes,NO,no,no,Incorrect,0.37639999999999996
underspecified,11,dev_1078,yes,YES,yes,yes,Correct,0.8068
underspecified,11,dev_1224,yes,NO,no,no,Incorrect,0.8131
underspecified,11,dev_1251,yes,"YES, Croatia has placed in the FIFA World Cup. They reached the quarter-finals",yes,yes,Correct,0.8446
underspecified,11,dev_1260,yes,I don't know.,i,idk,IDK,0.4373
underspecified,11,dev_1278,yes,"YES, Cal Ripken Jr. is in the Baseball Hall of Fame.",yes,yes,Correct,0.8141
underspecified,11,dev_1462,yes,YES,yes,yes,Correct,0.8085
underspecified,11,dev_1494,yes,"NO, a player cannot be offside on a corner kick. The offside",no,no,Incorrect,0.8412999999999999
underspecified,11,dev_1543,yes,YES,yes,yes,Correct,0.8042
underspecified,11,dev_2012,yes,NO,no,no,Incorrect,0.8079
underspecified,11,dev_2118,yes,"NO, twisting someone's wrist can cause serious injury, but it is not a recommended",no,no,Incorrect,0.8058
underspecified,11,dev_2272,yes,NO,no,no,Incorrect,0.805
underspecified,11,dev_2338,yes,NO,no,no,Incorrect,0.374
underspecified,11,dev_2498,yes,YES,yes,yes,Correct,0.803
underspecified,11,dev_2509,yes,YES,yes,yes,Correct,0.4043
underspecified,11,dev_2917,yes,YES,yes,yes,Correct,0.8062999999999999
underspecified,11,dev_2966,yes,NO,no,no,Incorrect,0.784
underspecified,11,dev_2974,yes,"YES, it is possible to run for 24 hours, although it is extremely",yes,yes,Correct,0.8412000000000001
underspecified,11,dev_3007,yes,YES,yes,yes,Correct,0.81
underspecified,11,dev_3199,yes,YES,yes,yes,Correct,0.8052
underspecified,11,dev_0222,no,NO,no,no,Correct,0.7783
underspecified,11,dev_0398,no,NO,no,no,Correct,0.8115
underspecified,11,dev_0426,no,"NO, a soccer goalie cannot pick up a throw-in. Only the player who",no,no,Correct,0.81
underspecified,11,dev_0464,no,NO,no,no,Correct,0.8443999999999999
underspecified,11,dev_0563,no,"NO, Croatia has never won the soccer World Cup.",no,no,Correct,0.7168
underspecified,11,dev_0658,no,"NO, a walk in baseball is not a dead ball. A walk occurs when",no,no,Correct,0.84
underspecified,11,dev_1366,no,NO,no,no,Correct,0.7784
underspecified,11,dev_1471,no,"NO, a player cannot be offside on a throw-in. The offside",no,no,Correct,0.8405
underspecified,11,dev_1558,no,NO,no,no,Correct,0.7791
underspecified,11,dev_1580,no,NO,no,no,Correct,0.7825
underspecified,11,dev_2401,no,"NO, a batsman cannot be run out on a no-ball. In cricket",no,no,Correct,0.8121
underspecified,11,dev_2436,no,NO,no,no,Correct,0.4004
underspecified,11,dev_3224,no,"NO, an MLB game cannot end in a tie. The game is played to",no,no,Correct,0.8075
underspecified,11,dev_0022,yes,YES,yes,yes,Correct,2.1176999999999997
underspecified,11,dev_0132,yes,YES,yes,yes,Correct,0.775
underspecified,11,dev_0268,yes,YES,yes,yes,Correct,0.7754
underspecified,11,dev_0646,yes,"YES, multithreading can be useful even on a single processor as it allows",yes,yes,Correct,0.815
underspecified,11,dev_0697,yes,"NO, Google Drive does not have a storage limit for its free",no,no,Incorrect,0.7821
underspecified,11,dev_0935,yes,YES,yes,yes,Correct,0.7827000000000001
underspecified,11,dev_1159,yes,YES,yes,yes,Correct,0.3967
underspecified,11,dev_1376,yes,YES,yes,yes,Correct,0.7827999999999999
underspecified,11,dev_1646,yes,NO,no,no,Incorrect,0.3742
underspecified,11,dev_1869,yes,YES,yes,yes,Correct,0.7823
underspecified,11,dev_2397,yes,YES,yes,yes,Correct,0.8029
underspecified,11,dev_0512,no,NO,no,no,Correct,0.3957
underspecified,11,dev_1524,no,NO,no,no,Correct,0.3987
underspecified,11,dev_1675,no,NO,no,no,Correct,0.3713
underspecified,11,dev_1723,no,NO,no,no,Correct,0.7825
underspecified,11,dev_2027,no,NO,no,no,Correct,0.8074
underspecified,11,dev_2104,no,NO,no,no,Correct,0.7815
underspecified,11,dev_2262,no,NO,no,no,Correct,0.8064
underspecified,11,dev_2431,no,"NO, in a tree data structure, each node can have at most one parent",no,no,Correct,0.8045
underspecified,11,dev_2524,no,NO,no,no,Correct,0.7772
underspecified,11,dev_3057,no,NO,no,no,Correct,0.7741
underspecified,11,dev_3167,no,NO,no,no,Correct,0.8124
