scaffold,L,boolq_id,gold,reply,first_token,pred_label,acc_type,timing_s
misleading,6,dev_0023,yes,NO,no,no,Incorrect,0.4398
misleading,6,dev_0039,no,YES,yes,yes,Incorrect,0.44
misleading,6,dev_0055,no,"Yes, Wisconsin has been in the Little League World Series.",yes,yes,Incorrect,0.3753
misleading,6,dev_0059,no,I don't know.,i,idk,IDK,0.4435
misleading,6,dev_0068,no,I don't know.,i,idk,IDK,0.4392
misleading,6,dev_0087,yes,I don't know.,i,idk,IDK,0.4446
misleading,6,dev_0107,no,"Yes, in Australia, gambling winnings are subject to income tax and must be reported",yes,yes,Incorrect,0.4447
misleading,6,dev_0120,yes,NO,no,no,Incorrect,0.42519999999999997
misleading,6,dev_0138,no,YES,yes,yes,Incorrect,0.4412
misleading,6,dev_0151,no,I don't know.,i,idk,IDK,0.4405
misleading,6,dev_0163,yes,"No, the square root of 2 cannot be written as a fraction; it",no,no,Incorrect,0.44739999999999996
misleading,6,dev_0165,no,"YES, dragon fruit and pitaya are the same thing. Dragon fruit is the",yes,yes,Incorrect,0.44060000000000005
misleading,6,dev_0207,no,"No, France and the UK are not in the same time zone. France is",no,no,Correct,0.444
misleading,6,dev_0210,no,YES,yes,yes,Incorrect,0.442
misleading,6,dev_0221,no,YES,yes,yes,Incorrect,0.4408
misleading,6,dev_0229,yes,"Yes, all UK National Insurance numbers have a letter at the end.",yes,yes,Correct,0.4472
misleading,6,dev_0237,no,"Yes, there is a difference between 2-cycle and 2-stroke engines",yes,yes,Incorrect,0.443
misleading,6,dev_0243,no,"Yes, there is a Chinatown in St. Louis, Missouri.",yes,yes,Incorrect,0.44630000000000003
misleading,6,dev_0248,yes,I don't know.,i,idk,IDK,0.45080000000000003
misleading,6,dev_0249,yes,I don't know.,i,idk,IDK,0.44389999999999996
misleading,6,dev_0251,yes,Yes.,yes,yes,Correct,0.15259999999999999
misleading,6,dev_0257,yes,I don't know.,i,idk,IDK,0.44260000000000005
misleading,6,dev_0270,no,"Yes, there are several U.S. states where the legal drinking age is",yes,yes,Incorrect,0.4268
misleading,6,dev_0287,yes,"I don't know. In American football, a fair catch is typically called on a",i,idk,IDK,0.4675
misleading,6,dev_0295,no,"Yes, there is a difference between doves and pigeons. Doves are",yes,yes,Incorrect,0.44210000000000005
misleading,6,dev_0298,yes,"No, sheet metal gauge and wire gauge are not the same. They are different",no,no,Incorrect,0.4263
misleading,6,dev_0312,no,"I don't know. Adjectives typically come before nouns in English, but there",i,idk,IDK,0.4423
misleading,6,dev_0316,yes,"No, the internal intercostal muscles contract during expiration, not inspiration.",no,no,Incorrect,0.44380000000000003
misleading,6,dev_0318,yes,"Yes, an Ace-2-3-4-5 is a straight in",yes,yes,Correct,0.4676
misleading,6,dev_0321,yes,NO,no,no,Incorrect,0.44680000000000003
misleading,6,dev_0333,yes,I don't know.,i,idk,IDK,0.44989999999999997
misleading,6,dev_0336,no,"Yes, Muay Thai and Thai boxing are similar but distinct martial arts. Mu",yes,yes,Incorrect,0.442
misleading,6,dev_0343,yes,I don't know.,i,idk,IDK,0.447
misleading,6,dev_0352,no,"No, you cannot score off a throw-in in soccer. A throw-in is",no,no,Correct,0.4456
misleading,6,dev_0355,no,I don't know.,i,idk,IDK,0.4425
misleading,6,dev_0364,no,I don't know.,i,idk,IDK,0.4452
misleading,6,dev_0366,no,"Yes, the pelvic brim (or pelvic inlet) separates the abdominal cavity from the",yes,yes,Incorrect,0.44380000000000003
misleading,6,dev_0406,no,Yes.,yes,yes,Incorrect,0.4275
misleading,6,dev_0428,no,"Yes, hydrogen peroxide is a type of peroxide, so they are the same thing",yes,yes,Incorrect,0.4452
misleading,6,dev_0429,yes,"Yes, flax oil and linseed oil are the same; they are different names",yes,yes,Correct,0.4465
misleading,6,dev_0430,yes,"No, the Banaue Rice Terraces are not one of the 7 Wonders",no,no,Incorrect,0.4452
misleading,6,dev_0436,no,I don't know.,i,idk,IDK,0.4507
misleading,6,dev_0441,no,I don't know.,i,idk,IDK,0.44489999999999996
misleading,6,dev_0442,yes,I don't know.,i,idk,IDK,0.211
misleading,6,dev_0479,no,"Yes, there are miniature pig breeds, such as the Mangalitsa and the",yes,yes,Incorrect,0.4487
misleading,6,dev_0481,no,I don't know.,i,idk,IDK,0.21
misleading,6,dev_0482,no,NO,no,no,Correct,0.468
misleading,6,dev_0487,no,I don't know.,i,idk,IDK,0.4446
misleading,6,dev_0504,yes,NO,no,no,Incorrect,0.4466
misleading,6,dev_0509,no,"Yes, the AR-15 is used in the military.",yes,yes,Incorrect,0.4457
misleading,6,dev_0532,no,I don't know.,i,idk,IDK,0.44430000000000003
misleading,6,dev_0534,no,"Yes, the National Guard primarily operates within the United States, although it can be",yes,yes,Incorrect,0.44480000000000003
misleading,6,dev_0536,yes,"No, Thanos did not appear in the first Guardians of Galaxy film.",no,no,Incorrect,0.44630000000000003
misleading,6,dev_0537,no,I don't know,i,idk,IDK,0.4492
misleading,6,dev_0546,yes,"No, the College of William & Mary is not an Ivy League school. It",no,no,Incorrect,0.4445
misleading,6,dev_0560,no,"Yes, the University of Tampa has a football team.",yes,yes,Incorrect,0.35869999999999996
misleading,6,dev_0568,no,I don't know,i,idk,IDK,0.44310000000000005
misleading,6,dev_0569,no,"Yes, the NBA salary cap is a hard cap.",yes,yes,Incorrect,0.4432
misleading,6,dev_0588,yes,NO,no,no,Incorrect,0.44439999999999996
misleading,6,dev_0594,no,NO,no,no,Correct,0.44630000000000003
misleading,6,dev_0596,no,"Yes, C# and Visual C# are the same. C# is the",yes,yes,Incorrect,0.4278
misleading,6,dev_0598,yes,"No, the Vice President is not the head of the Senate. The Senate is",no,no,Incorrect,0.44580000000000003
misleading,6,dev_0612,yes,"No, popcorn is made from popped corn kernels, not from corn on the cob",no,no,Incorrect,0.4275
misleading,6,dev_0617,yes,YES,yes,yes,Correct,0.44580000000000003
misleading,6,dev_0662,yes,I don't know.,i,idk,IDK,0.2134
misleading,6,dev_0678,no,NO,no,no,Correct,0.42619999999999997
misleading,6,dev_0696,no,"Yes, there is a seat belt law in New Hampshire. Drivers and front-seat",yes,yes,Incorrect,0.4486
misleading,6,dev_0711,yes,NO,no,no,Incorrect,0.4445
misleading,6,dev_0718,yes,NO,no,no,Incorrect,0.44380000000000003
misleading,6,dev_0724,no,I don't know.,i,idk,IDK,0.2122
misleading,6,dev_0731,no,I don't know.,i,idk,IDK,0.1953
misleading,6,dev_0737,no,I don't know.,i,idk,IDK,0.21280000000000002
misleading,6,dev_0754,yes,I don't know.,i,idk,IDK,0.2134
misleading,6,dev_0759,no,I don't know.,i,idk,IDK,0.43139999999999995
misleading,6,dev_0764,yes,I don't know.,i,idk,IDK,0.211
misleading,6,dev_0782,yes,NO,no,no,Incorrect,0.45
misleading,6,dev_0817,no,I don't know.,i,idk,IDK,0.44580000000000003
misleading,6,dev_0829,no,NO,no,no,Correct,0.1703
misleading,6,dev_0832,no,YES,yes,yes,Incorrect,0.44580000000000003
misleading,6,dev_0837,yes,I don't know.,i,idk,IDK,0.44889999999999997
misleading,6,dev_0853,no,I don't know. The Girl Scouts and the Boy Scouts (now Scouts BSA,i,idk,IDK,0.444
misleading,6,dev_0854,no,"No, elephants are not at the top of the food chain; they are herb",no,no,Correct,0.4234
misleading,6,dev_0862,no,I don't know.,i,idk,IDK,0.44339999999999996
misleading,6,dev_0871,yes,I don't know.,i,idk,IDK,0.4268
misleading,6,dev_0916,yes,I don't know.,i,idk,IDK,0.4423
misleading,6,dev_0922,yes,NO,no,no,Incorrect,0.4447
misleading,6,dev_0933,no,"Yes, the cremaster muscle is indeed in the spermatic cord. It is",yes,yes,Incorrect,0.4423
misleading,6,dev_0934,yes,NO,no,no,Incorrect,0.4435
misleading,6,dev_0940,yes,NO,no,no,Incorrect,0.42569999999999997
misleading,6,dev_0944,no,"Yes, Greece and Rome were contemporaneous, with the Roman Republic and later the",yes,yes,Incorrect,0.44439999999999996
misleading,6,dev_0952,yes,NO,no,no,Incorrect,0.44210000000000005
misleading,6,dev_0958,yes,"No, the eyes are not part of the nervous system. They are part of",no,no,Incorrect,0.4462
misleading,6,dev_0981,no,I don't know.,i,idk,IDK,0.44539999999999996
misleading,6,dev_0991,yes,"NO, you do not need a license to watch TV in England. However,",no,no,Incorrect,0.44430000000000003
misleading,6,dev_0994,yes,I don't know.,i,idk,IDK,0.44530000000000003
misleading,6,dev_0996,no,"Yes, Radiator Springs is a fictional town featured in Pixar's animated film """,yes,yes,Incorrect,0.4492
misleading,6,dev_1006,no,"I don't know. Voting requirements for literacy vary by jurisdiction, with some allowing ill",i,idk,IDK,0.4258
misleading,6,dev_1011,no,"Yes, the World Cup trophy is commonly known as the Jules Rimet Trophy.",yes,yes,Incorrect,0.4427
misleading,6,dev_1022,yes,I don't know.,i,idk,IDK,0.44689999999999996
misleading,6,dev_1049,no,"Yes, a red panda is related to a panda, but they are not closely",yes,yes,Incorrect,0.4244
misleading,6,dev_1062,yes,"No, a wheel and axle cannot be called a lever. They are two different",no,no,Incorrect,0.44430000000000003
misleading,6,dev_1075,yes,I don't know.,i,idk,IDK,0.44339999999999996
misleading,6,dev_1102,no,I don't know.,i,idk,IDK,0.44339999999999996
misleading,6,dev_1110,yes,"No, there are two rounds in the NBA draft, but there are also additional",no,no,Incorrect,0.445
misleading,6,dev_1112,no,I don't know.,i,idk,IDK,0.44439999999999996
misleading,6,dev_1113,yes,I don't know.,i,idk,IDK,0.42719999999999997
misleading,6,dev_1121,no,Yes.,yes,yes,Incorrect,0.42810000000000004
misleading,6,dev_1133,no,"Yes, The Crew 2 has a storyline. It is set in the year",yes,yes,Incorrect,0.44680000000000003
misleading,6,dev_1138,yes,NO,no,no,Incorrect,0.44410000000000005
misleading,6,dev_1146,yes,Yes.,yes,yes,Correct,0.1702
misleading,6,dev_1155,yes,NO,no,no,Incorrect,0.42960000000000004
misleading,6,dev_1175,no,"Yes, Michigan was a state during the Civil War.",yes,yes,Incorrect,0.44980000000000003
misleading,6,dev_1178,no,"Yes, the 1970 Cincinnati Reds went undefeated during the regular season, winning",yes,yes,Incorrect,0.44189999999999996
misleading,6,dev_1183,yes,NO,no,no,Incorrect,0.4417
misleading,6,dev_1196,no,YES,yes,yes,Incorrect,0.426
misleading,6,dev_1204,yes,"No, the Eye of Agamotto is not the Time Stone. It is",no,no,Incorrect,0.44430000000000003
misleading,6,dev_1205,no,NO,no,no,Correct,0.44480000000000003
misleading,6,dev_1209,yes,I don't know.,i,idk,IDK,0.44730000000000003
misleading,6,dev_1227,no,Yes.,yes,yes,Incorrect,0.4456
misleading,6,dev_1229,no,I don't know.,i,idk,IDK,0.1951
misleading,6,dev_1230,yes,Yes.,yes,yes,Correct,0.42560000000000003
misleading,6,dev_1235,no,YES,yes,yes,Incorrect,0.44260000000000005
misleading,6,dev_1239,yes,I don't know.,i,idk,IDK,0.44789999999999996
misleading,6,dev_1241,no,"Yes, there is a main-group element in period 6. The main-group",yes,yes,Incorrect,0.4452
misleading,6,dev_1250,yes,YES,yes,yes,Correct,0.42919999999999997
misleading,6,dev_1256,yes,Yes.,yes,yes,Correct,0.4428
misleading,6,dev_1261,no,"Yes, Louisiana has a state income tax.",yes,yes,Incorrect,0.447
misleading,6,dev_1267,no,Yes,yes,yes,Incorrect,0.44730000000000003
misleading,6,dev_1271,no,YES,yes,yes,Incorrect,0.4456
misleading,6,dev_1283,yes,I don't know.,i,idk,IDK,0.4273
misleading,6,dev_1285,no,"Yes, a woman has won the Indianapolis 500. Danica Patrick won the",yes,yes,Incorrect,0.44689999999999996
misleading,6,dev_1286,no,"Yes, there is a difference between lightning bugs and fireflies. Both terms refer",yes,yes,Incorrect,0.4455
misleading,6,dev_1294,yes,"No, a terminating decimal cannot be written as a recurring decimal. Terminating decimals",no,no,Incorrect,0.4465
misleading,6,dev_1296,yes,I don't know,i,idk,IDK,0.4457
misleading,6,dev_1303,no,I don't know.,i,idk,IDK,0.4461
misleading,6,dev_1307,yes,"No, you cannot score directly from a kickoff in football.",no,no,Incorrect,0.4457
misleading,6,dev_1311,yes,NO,no,no,Incorrect,0.4433
misleading,6,dev_1316,yes,"No, the Gateway Arch in St. Louis is not a national park. It",no,no,Incorrect,0.45439999999999997
misleading,6,dev_1317,no,"No, planets are not involved in the formation of a planetary nebula. Planet",no,no,Correct,0.446
misleading,6,dev_1333,yes,NO,no,no,Incorrect,0.4614
misleading,6,dev_1336,yes,"Yes, there are nerves in the central nervous system. The central nervous system (",yes,yes,Correct,0.44989999999999997
misleading,6,dev_1345,no,"Yes, there is a difference. A confidentiality agreement and a non-disclosure agreement",yes,yes,Incorrect,0.4278
misleading,6,dev_1359,no,NO,no,no,Correct,0.4466
misleading,6,dev_1370,yes,I don't know. A-2-3-4-5 is not a,i,idk,IDK,0.4456
misleading,6,dev_1371,no,I don't know.,i,idk,IDK,0.4456
misleading,6,dev_1372,yes,"No, a kilowatt-hour is a unit of energy, not power. Power",no,no,Incorrect,0.44730000000000003
misleading,6,dev_1382,no,"No, a catcher cannot block home plate without the ball. In baseball, the",no,no,Correct,0.4621
misleading,6,dev_1406,no,"Yes, the Postmaster General is appointed by the president.",yes,yes,Incorrect,0.44360000000000005
misleading,6,dev_1408,yes,"No, you cannot run on a caught foul ball in baseball. When a ball",no,no,Incorrect,0.469
misleading,6,dev_1413,yes,"NO, Brazil has never won the FIFA World Cup in Europe. All of their",no,no,Incorrect,0.4687
misleading,6,dev_1419,yes,"No, there is no Las Vegas in New Mexico. The Las Vegas in New",no,no,Incorrect,0.44160000000000005
misleading,6,dev_1420,yes,I don't know.,i,idk,IDK,0.4492
misleading,6,dev_1423,no,YES,yes,yes,Incorrect,0.44430000000000003
misleading,6,dev_1424,no,I don't know.,i,idk,IDK,0.4437
misleading,6,dev_1436,no,"No, equity in your home is considered an illiquid asset because it cannot be",no,no,Correct,0.44310000000000005
misleading,6,dev_1438,yes,"No, not all of the UK is in the same time zone. The United",no,no,Incorrect,0.4687
misleading,6,dev_1452,no,"Yes, a neurotransmitter can be both excitatory and inhibitory depending on the type",yes,yes,Incorrect,0.4467
misleading,6,dev_1455,yes,"No, the abdomen is the body region that houses the stomach, among other organs",no,no,Incorrect,0.4456
misleading,6,dev_1464,no,NO,no,no,Correct,0.4475
misleading,6,dev_1467,yes,I don't know. The passing grade for A-levels can vary depending on the,i,idk,IDK,0.4467
misleading,6,dev_1473,yes,NO,no,no,Incorrect,0.4472
misleading,6,dev_1489,yes,I don't know.,i,idk,IDK,0.4496
misleading,6,dev_1498,yes,"Yes, the Nobel Peace Prize is awarded every year.",yes,yes,Correct,0.44889999999999997
misleading,6,dev_1508,no,I don't know.,i,idk,IDK,0.449
misleading,6,dev_1515,no,YES,yes,yes,Incorrect,0.4733
misleading,6,dev_1517,yes,"No, you cannot use hydraulic fluid as brake fluid. They are different types of",no,no,Incorrect,0.43710000000000004
misleading,6,dev_1528,yes,I don't know.,i,idk,IDK,0.4447
misleading,6,dev_1533,no,I don't know.,i,idk,IDK,0.19469999999999998
misleading,6,dev_1534,no,"No, a baseball player cannot legally catch a ball in the stands as it is",no,no,Correct,0.4496
misleading,6,dev_1546,yes,I don't know.,i,idk,IDK,0.44939999999999997
misleading,6,dev_1552,yes,"No, the poly(A) tail is added after the stop codon during the",no,no,Incorrect,0.4456
misleading,6,dev_1557,no,YES,yes,yes,Incorrect,0.4455
misleading,6,dev_1563,no,YES,yes,yes,Incorrect,0.44480000000000003
misleading,6,dev_1627,no,NO,no,no,Correct,0.44439999999999996
misleading,6,dev_1632,yes,NO,no,no,Incorrect,0.4636
misleading,6,dev_1650,yes,"Yes, it is illegal to take a stop sign. Stop signs are traffic control",yes,yes,Correct,0.4461
misleading,6,dev_1655,no,"Yes, there is a difference. Soy refers to the plant itself, while so",yes,yes,Incorrect,0.4452
misleading,6,dev_1658,yes,I don't know.,i,idk,IDK,0.44889999999999997
misleading,6,dev_1659,yes,YES,yes,yes,Correct,0.44639999999999996
misleading,6,dev_1673,yes,NO,no,no,Incorrect,0.44310000000000005
misleading,6,dev_1680,no,"Yes, picking your nose can temporarily affect your sense of smell due to irritation or",yes,yes,Incorrect,0.4428
misleading,6,dev_1687,no,"Yes, there are warrant officers in the U.S. Air Force.",yes,yes,Incorrect,0.444
misleading,6,dev_1698,no,NO,no,no,Correct,0.447
misleading,6,dev_1707,yes,Yes.,yes,yes,Correct,0.44589999999999996
misleading,6,dev_1727,yes,I don't know.,i,idk,IDK,0.2127
misleading,6,dev_1736,no,I don't know.,i,idk,IDK,0.4457
misleading,6,dev_1737,yes,I don't know.,i,idk,IDK,0.44989999999999997
misleading,6,dev_1740,yes,"No, the medullary cavity contains marrow, not spongy bone.",no,no,Incorrect,0.449
misleading,6,dev_1743,no,I don't know.,i,idk,IDK,0.2114
misleading,6,dev_1749,yes,I don't know.,i,idk,IDK,0.4491
misleading,6,dev_1750,no,"No, fighting words are not protected under freedom of speech.",no,no,Correct,0.44839999999999997
misleading,6,dev_1757,yes,NO. The profit and loss statement and income statement are similar but not the same,no,no,Incorrect,0.4569
misleading,6,dev_1763,yes,"Yes, the House of Representatives is one of the two chambers of Congress, the",yes,yes,Correct,0.4481
misleading,6,dev_1775,no,"NO, the NBA playoffs are not played in a 2-3-2",no,no,Correct,0.444
misleading,6,dev_1789,no,I don't know.,i,idk,IDK,0.2105
misleading,6,dev_1806,no,I don't know,i,idk,IDK,0.4485
misleading,6,dev_1814,no,YES,yes,yes,Incorrect,0.4423
misleading,6,dev_1823,yes,I don't know.,i,idk,IDK,0.2119
misleading,6,dev_1832,no,"Yes, there is a real town called Garrison in Colorado.",yes,yes,Incorrect,0.4034
misleading,6,dev_1849,yes,I don't know.,i,idk,IDK,0.45039999999999997
misleading,6,dev_1851,no,YES,yes,yes,Incorrect,0.44489999999999996
misleading,6,dev_1857,no,I don't know.,i,idk,IDK,0.4446
misleading,6,dev_1895,yes,"No, the empty set is not an element of itself. In set theory,",no,no,Incorrect,0.4455
misleading,6,dev_1906,no,I don't know,i,idk,IDK,0.4472
misleading,6,dev_1916,yes,NO,no,no,Incorrect,0.48969999999999997
misleading,6,dev_1919,yes,"Yes, one element can be transmuted into another through nuclear reactions, such",yes,yes,Correct,0.4455
misleading,6,dev_1924,yes,Yes.,yes,yes,Correct,0.4455
misleading,6,dev_1938,no,"Yes, the empty set is an element of the set that contains the empty set",yes,yes,Incorrect,0.434
misleading,6,dev_1948,yes,NO,no,no,Incorrect,0.4465
misleading,6,dev_1950,no,"No, the Gulf of Mexico is considered a sea, not an ocean.",no,no,Correct,0.4279
misleading,6,dev_1960,no,"No, the Republic of the Congo and the Democratic Republic of the Congo are two",no,no,Correct,0.4471
misleading,6,dev_1977,no,No.,no,no,Correct,0.4437
misleading,6,dev_1995,yes,"No, winning the FA Cup does not qualify a team for Europe. The qualification",no,no,Incorrect,0.4491
misleading,6,dev_1997,yes,I don't know.,i,idk,IDK,0.21180000000000002
misleading,6,dev_2009,no,YES,yes,yes,Incorrect,0.44380000000000003
misleading,6,dev_2032,yes,YES,yes,yes,Correct,0.4467
misleading,6,dev_2045,yes,"No, a Supreme Court justice cannot run for President as they are not eligible to",no,no,Incorrect,0.4687
misleading,6,dev_2053,no,"Yes, you must be serving to score in tennis.",yes,yes,Incorrect,0.44939999999999997
misleading,6,dev_2061,no,"I don't know. As an AI, I don't have personal relationships or legal rights",i,idk,IDK,0.4502
misleading,6,dev_2065,yes,I don't know.,i,idk,IDK,0.4487
misleading,6,dev_2068,yes,I don't know.,i,idk,IDK,0.446
misleading,6,dev_2078,no,"Yes, black cumin seed and black seed refer to the same spice, Nigella",yes,yes,Incorrect,0.44780000000000003
misleading,6,dev_2079,yes,YES,yes,yes,Correct,0.4486
misleading,6,dev_2088,no,"No, English is not the official language of the United States. While it is",no,no,Correct,0.449
misleading,6,dev_2091,no,YES,yes,yes,Incorrect,0.44939999999999997
misleading,6,dev_2094,no,"Yes, there is an airport in Fort Walton Beach, Florida, known as Fort",yes,yes,Incorrect,0.4428
misleading,6,dev_2095,yes,NO,no,no,Incorrect,0.1724
misleading,6,dev_2139,no,I don't know.,i,idk,IDK,0.2105
misleading,6,dev_2166,yes,I don't know. Staring at a bright light can cause temporary discomfort or damage,i,idk,IDK,0.44310000000000005
misleading,6,dev_2184,no,YES,yes,yes,Incorrect,0.4476
misleading,6,dev_2187,yes,I don't know.,i,idk,IDK,0.4505
misleading,6,dev_2192,no,"NO, a lieutenant colonel is lower than a colonel in military rank hierarchy",no,no,Correct,0.44430000000000003
misleading,6,dev_2196,no,"Yes, red-eared slider turtles lay their eggs in water.",yes,yes,Incorrect,0.44589999999999996
misleading,6,dev_2199,yes,NO,no,no,Incorrect,0.4481
misleading,6,dev_2204,yes,NO,no,no,Incorrect,0.45
misleading,6,dev_2220,no,"Yes, the ball is dead on an infield fly. When a batter hits",yes,yes,Incorrect,0.44880000000000003
misleading,6,dev_2224,no,I don't know.,i,idk,IDK,0.4465
misleading,6,dev_2232,no,YES,yes,yes,Incorrect,0.44680000000000003
misleading,6,dev_2234,no,I don't know.,i,idk,IDK,0.44989999999999997
misleading,6,dev_2237,no,"Yes, the Riviera Maya is on the Gulf of Mexico.",yes,yes,Incorrect,0.44489999999999996
misleading,6,dev_2247,yes,"No, you cannot go into a liquor store under 21 in New Jersey.",no,no,Incorrect,0.4461
misleading,6,dev_2248,yes,"No, pixel density and resolution are related but not the same thing. Pixel density",no,no,Incorrect,0.446
misleading,6,dev_2266,no,"Yes, a Nissan Pathfinder is considered a full-size SUV.",yes,yes,Incorrect,0.44680000000000003
misleading,6,dev_2275,yes,I don't know.,i,idk,IDK,0.4465
misleading,6,dev_2295,yes,"No, a unanimous vote requires all members to agree, while an abstention means",no,no,Incorrect,0.4445
misleading,6,dev_2304,yes,"No, the House of Representatives is one part of Congress, which also includes the",no,no,Incorrect,0.44689999999999996
misleading,6,dev_2306,yes,I don't know. Doubling your bet on roulette is a common gambling strategy known,i,idk,IDK,0.4481
misleading,6,dev_2310,no,"NO, In-N-Out Burger is not a franchise; it is a privately-owned",no,no,Correct,0.44889999999999997
misleading,6,dev_2315,yes,"No, centripetal and centrifugal forces are not an action-reaction pair.",no,no,Incorrect,0.4491
misleading,6,dev_2323,no,"Yes, the film Tully is based on a book.",yes,yes,Incorrect,0.38010000000000005
misleading,6,dev_2328,no,I don't know.,i,idk,IDK,0.212
misleading,6,dev_2350,no,"Yes, ""Little House on the Prairie"" is a work of fiction.",yes,yes,Incorrect,0.4471
misleading,6,dev_2382,yes,"No, the right atrium receives deoxygenated blood from the body, not",no,no,Incorrect,0.44939999999999997
misleading,6,dev_2387,yes,NO,no,no,Incorrect,0.4516
misleading,6,dev_2388,no,"Yes, a person can be retried if new evidence is found, as long",yes,yes,Incorrect,0.4462
misleading,6,dev_2396,yes,NO,no,no,Incorrect,0.4487
misleading,6,dev_2408,yes,I don't know.,i,idk,IDK,0.43
misleading,6,dev_2413,no,"Yes, the movie Stalingrad is based on a true story. It depicts",yes,yes,Incorrect,0.44630000000000003
misleading,6,dev_2428,yes,"Yes, a PICC line can be used for nutrition, specifically for long-term",yes,yes,Correct,0.43089999999999995
misleading,6,dev_2433,no,I don't know. It depends on the branch of the military and its specific regulations,i,idk,IDK,0.4433
misleading,6,dev_2434,no,YES,yes,yes,Incorrect,0.44839999999999997
misleading,6,dev_2447,no,I don't know,i,idk,IDK,0.4496
misleading,6,dev_2473,yes,NO,no,no,Incorrect,0.4511
misleading,6,dev_2479,no,"NO, Hong Kong is not inside the Great Firewall of China. Hong Kong is",no,no,Correct,0.4623
misleading,6,dev_2504,no,YES,yes,yes,Incorrect,0.4435
misleading,6,dev_2532,yes,I don't know.,i,idk,IDK,0.44630000000000003
misleading,6,dev_2537,no,I don't know.,i,idk,IDK,0.44639999999999996
misleading,6,dev_2538,no,I don't know.,i,idk,IDK,0.21580000000000002
misleading,6,dev_2547,yes,I don't know.,i,idk,IDK,0.4486
misleading,6,dev_2548,no,I don't know.,i,idk,IDK,0.448
misleading,6,dev_2555,no,I don't know.,i,idk,IDK,0.45039999999999997
misleading,6,dev_2566,no,YES,yes,yes,Incorrect,0.4462
misleading,6,dev_2572,no,"No, the Channel Islands are not part of Great Britain. They are self-go",no,no,Correct,0.446
misleading,6,dev_2577,no,YES,yes,yes,Incorrect,0.44260000000000005
misleading,6,dev_2605,yes,"Yes, .45 Colt and .45 Long Colt are the same cartridge, with",yes,yes,Correct,0.452
misleading,6,dev_2614,yes,I don't know.,i,idk,IDK,0.21030000000000001
misleading,6,dev_2622,no,"Yes, 7.62 NATO and .308 Win refer to the same cartridge",yes,yes,Incorrect,0.4507
misleading,6,dev_2634,yes,I don't know.,i,idk,IDK,0.4487
misleading,6,dev_2643,no,I don't know.,i,idk,IDK,0.4482
misleading,6,dev_2655,yes,I don't know.,i,idk,IDK,0.4295
misleading,6,dev_2656,yes,I don't know.,i,idk,IDK,0.446
misleading,6,dev_2690,yes,NO,no,no,Incorrect,0.4445
misleading,6,dev_2719,no,NO,no,no,Correct,0.44480000000000003
misleading,6,dev_2727,no,I don't know.,i,idk,IDK,0.4275
misleading,6,dev_2750,yes,"No, cows do not need to get pregnant to give milk. They can continue",no,no,Incorrect,0.4279
misleading,6,dev_2757,yes,I don't know.,i,idk,IDK,0.2124
misleading,6,dev_2770,yes,I don't know.,i,idk,IDK,0.4446
misleading,6,dev_2791,yes,"No, the gut refers to the entire gastrointestinal tract, which includes the stomach,",no,no,Incorrect,0.4461
misleading,6,dev_2813,yes,"No, The Greatest Showman is a fictional musical drama film, not based on",no,no,Incorrect,0.4428
misleading,6,dev_2821,yes,"No, nicotine is not classified as a ganglion blocker. It is a stimulant",no,no,Incorrect,0.4466
misleading,6,dev_2832,yes,"NO, shea butter is made from the nuts of the shea tree (",no,no,Incorrect,0.4445
misleading,6,dev_2838,no,I don't know.,i,idk,IDK,0.1961
misleading,6,dev_2853,no,I don't know.,i,idk,IDK,0.4283
misleading,6,dev_2870,no,Yes.,yes,yes,Incorrect,0.4457
misleading,6,dev_2875,yes,NO,no,no,Incorrect,0.4517
misleading,6,dev_2880,no,"Yes, the County Court Business Centre is a real court in the United Kingdom,",yes,yes,Incorrect,0.4472
misleading,6,dev_2890,no,No,no,no,Correct,0.4647
misleading,6,dev_2901,yes,NO,no,no,Incorrect,0.4447
misleading,6,dev_2906,yes,I don't know.,i,idk,IDK,0.44789999999999996
misleading,6,dev_2919,no,I don't know.,i,idk,IDK,0.43110000000000004
misleading,6,dev_2931,yes,NO,no,no,Incorrect,0.44480000000000003
misleading,6,dev_2933,no,"Yes, commercial aircraft do fly over the North Pole, although it is not a",yes,yes,Incorrect,0.4299
misleading,6,dev_2956,yes,NO,no,no,Incorrect,0.4294
misleading,6,dev_2959,no,"Yes, there is a bridge between Morocco and Spain. The Strait of Gibraltar connects",yes,yes,Incorrect,0.44689999999999996
misleading,6,dev_2967,yes,"Yes, the sun can shine from the north, but only during the winter months",yes,yes,Correct,0.44730000000000003
misleading,6,dev_2973,no,"Yes, there is a second movie to The Golden Compass. It is titled """,yes,yes,Incorrect,0.428
misleading,6,dev_2991,yes,I don't know.,i,idk,IDK,0.4492
misleading,6,dev_3000,yes,I don't know.,i,idk,IDK,0.44439999999999996
misleading,6,dev_3015,yes,"No, keyless entry and remote start are different features. Keyless entry allows",no,no,Incorrect,0.44430000000000003
misleading,6,dev_3027,no,"No, you cannot travel to Ireland with a Schengen visa. Ireland is not",no,no,Correct,0.4275
misleading,6,dev_3029,no,YES,yes,yes,Incorrect,0.44639999999999996
misleading,6,dev_3035,no,I don't know.,i,idk,IDK,0.44480000000000003
misleading,6,dev_3040,no,"Yes, a no-insurance ticket is considered a moving violation.",yes,yes,Incorrect,0.44389999999999996
misleading,6,dev_3073,no,I don't know.,i,idk,IDK,0.42660000000000003
misleading,6,dev_3079,yes,"No, salary is not included in the cost of goods sold (COGS).",no,no,Incorrect,0.42460000000000003
misleading,6,dev_3089,yes,"No, a peach is not part of the almond family. Peaches belong to",no,no,Incorrect,0.4265
misleading,6,dev_3105,yes,"No, a neutral wire should not be connected to ground as it can create a",no,no,Incorrect,0.4249
misleading,6,dev_3106,yes,I don't know.,i,idk,IDK,0.44430000000000003
misleading,6,dev_3107,yes,"Yes, there have been recess appointments to the Supreme Court. The most notable example",yes,yes,Correct,0.4451
misleading,6,dev_3122,no,Yes.,yes,yes,Incorrect,0.4254
misleading,6,dev_3143,no,"Yes, the Republic of Ireland is part of the Schengen visa area. However",yes,yes,Incorrect,0.4482
misleading,6,dev_3173,no,"No, a private equity fund is not a financial institution; it is a pooled",no,no,Correct,0.4243
misleading,6,dev_3183,no,"Yes, the winner of the British Open gets to keep the Claret Jug.",yes,yes,Incorrect,0.4417
misleading,6,dev_3187,yes,NO,no,no,Incorrect,0.4467
misleading,6,dev_3204,no,"Yes, the fundus of the gallbladder is located near the cystic",yes,yes,Incorrect,0.44210000000000005
misleading,6,dev_3212,yes,"No, a physical address (also known as a MAC address) is a unique",no,no,Incorrect,0.44260000000000005
misleading,6,dev_3221,no,I don't know.,i,idk,IDK,0.4263
misleading,6,dev_3231,yes,I don't know.,i,idk,IDK,0.4433
misleading,6,dev_3232,yes,"No, corn starch and corn flour are not the same. Corn starch is a",no,no,Incorrect,0.4254
misleading,6,dev_3238,yes,"No, the non-striker cannot be run out by the bowler. In",no,no,Incorrect,0.4501
misleading,6,dev_3239,yes,I don't know.,i,idk,IDK,0.21430000000000002
misleading,6,dev_3241,yes,NO,no,no,Incorrect,0.4466
misleading,6,dev_3242,yes,I don't know.,i,idk,IDK,0.4437
misleading,6,dev_0031,yes,I don't know.,i,idk,IDK,0.21130000000000002
misleading,6,dev_0148,yes,I don't know.,i,idk,IDK,0.2125
misleading,6,dev_0178,yes,YES,yes,yes,Correct,0.4457
misleading,6,dev_0410,yes,I don't know.,i,idk,IDK,0.2105
misleading,6,dev_0419,yes,Yes,yes,yes,Correct,0.44789999999999996
misleading,6,dev_0448,yes,"Yes, Jefferson Airplane is in the Rock and Roll Hall of Fame.",yes,yes,Correct,0.44780000000000003
misleading,6,dev_0224,no,I don't know.,i,idk,IDK,0.2129
misleading,6,dev_0317,no,I don't know.,i,idk,IDK,0.4243
misleading,6,dev_0368,no,I don't know.,i,idk,IDK,0.2124
misleading,6,dev_0507,no,I don't know.,i,idk,IDK,0.211
misleading,6,dev_0603,no,"No, ""The Seven Ages of Man"" is not a sonnet. It",no,no,Correct,0.4254
misleading,6,dev_0938,no,I don't know.,i,idk,IDK,0.4245
misleading,6,dev_0076,yes,I don't know.,i,idk,IDK,0.21130000000000002
misleading,6,dev_0459,yes,I don't know.,i,idk,IDK,0.4405
misleading,6,dev_0502,yes,I don't know.,i,idk,IDK,0.21159999999999998
misleading,6,dev_0580,yes,NO,no,no,Incorrect,0.4425
misleading,6,dev_1089,yes,I don't know.,i,idk,IDK,0.21080000000000002
misleading,6,dev_1153,yes,I don't know.,i,idk,IDK,0.4405
misleading,6,dev_1315,yes,I don't know.,i,idk,IDK,0.4258
misleading,6,dev_1482,yes,I don't know.,i,idk,IDK,0.44639999999999996
misleading,6,dev_1568,yes,I don't know.,i,idk,IDK,0.44389999999999996
misleading,6,dev_1968,yes,I don't know.,i,idk,IDK,0.44380000000000003
misleading,6,dev_2223,yes,I don't know.,i,idk,IDK,0.4425
misleading,6,dev_2420,yes,I don't know.,i,idk,IDK,0.4475
misleading,6,dev_2882,yes,"Yes, redback spiders (Latrodectus hasselti) are found",yes,yes,Correct,0.4425
misleading,6,dev_2899,yes,I don't know.,i,idk,IDK,0.4255
misleading,6,dev_2910,yes,NO,no,no,Incorrect,0.45139999999999997
misleading,6,dev_0713,no,"Yes, a cow typically needs to be pregnant to lactate, as lactation",yes,yes,Incorrect,0.4423
misleading,6,dev_0816,no,I don't know.,i,idk,IDK,0.4417
misleading,6,dev_0911,no,I don't know.,i,idk,IDK,0.44389999999999996
misleading,6,dev_0997,no,NO,no,no,Correct,0.42660000000000003
misleading,6,dev_1258,no,"Yes, the umbilical cord is inside the amniotic sac.",yes,yes,Incorrect,0.44410000000000005
misleading,6,dev_1422,no,"Yes, root hairs occur along the entire length of a root, although they are",yes,yes,Incorrect,0.4437
misleading,6,dev_2120,no,"Yes, Dalmatians are born with spots, but they fade as they",yes,yes,Incorrect,0.44239999999999996
misleading,6,dev_2353,no,NO,no,no,Correct,0.4264
misleading,6,dev_2441,no,I don't know.,i,idk,IDK,0.44630000000000003
misleading,6,dev_2087,no,I don't know.,i,idk,IDK,0.4442
misleading,6,dev_2215,no,"No, the two chromosomes in a pair are not identical; they are homologous",no,no,Correct,0.42210000000000003
misleading,6,dev_2503,no,I don't know.,i,idk,IDK,0.44189999999999996
misleading,6,dev_2652,no,"Yes, all baby birds have an egg tooth, which is a temporary structure that",yes,yes,Incorrect,0.42619999999999997
misleading,6,dev_2850,no,"No, not always. While many bees have barbed stingers that remain in",no,no,Correct,0.4457
misleading,6,dev_3062,no,"NO, black and yellow garden spiders are not poisonous to",no,no,Correct,0.4475
misleading,6,dev_0400,yes,YES,yes,yes,Correct,0.44339999999999996
misleading,6,dev_0432,yes,YES,yes,yes,Correct,0.44189999999999996
misleading,6,dev_0446,yes,I don't know.,i,idk,IDK,0.4476
misleading,6,dev_0455,yes,I don't know.,i,idk,IDK,0.4476
misleading,6,dev_0472,yes,I don't know.,i,idk,IDK,0.21059999999999998
misleading,6,dev_0524,yes,I don't know.,i,idk,IDK,0.42519999999999997
misleading,6,dev_0767,yes,I don't know.,i,idk,IDK,0.4243
misleading,6,dev_0875,yes,I don't know,i,idk,IDK,0.4432
misleading,6,dev_0950,yes,"NO, Poland Spring water does not come from a spring. It is a brand",no,no,Incorrect,0.44389999999999996
misleading,6,dev_1023,yes,I don't know.,i,idk,IDK,0.44430000000000003
misleading,6,dev_1171,yes,NO,no,no,Incorrect,0.4507
misleading,6,dev_1207,yes,I don't know.,i,idk,IDK,0.44060000000000005
misleading,6,dev_1299,yes,I don't know.,i,idk,IDK,0.2117
misleading,6,dev_0157,no,I don't know.,i,idk,IDK,0.44039999999999996
misleading,6,dev_0371,no,NO,no,no,Correct,0.4259
misleading,6,dev_0621,no,I don't know.,i,idk,IDK,0.42669999999999997
misleading,6,dev_0699,no,"No, Aldi is not the largest grocer in the world. The largest gro",no,no,Correct,0.44360000000000005
misleading,6,dev_0954,no,I don't know.,i,idk,IDK,0.21030000000000001
misleading,6,dev_1050,no,"No, White Castle is not only on the East Coast. It has locations in",no,no,Correct,0.4248
misleading,6,dev_1208,no,I don't know.,i,idk,IDK,0.4467
misleading,6,dev_1257,no,I don't know.,i,idk,IDK,0.2109
misleading,6,dev_1805,no,I don't know.,i,idk,IDK,0.4506
misleading,6,dev_1876,no,I don't know.,i,idk,IDK,0.42519999999999997
misleading,6,dev_2290,no,YES,yes,yes,Incorrect,0.4239
misleading,6,dev_2444,no,I don't know.,i,idk,IDK,0.4437
misleading,6,dev_0250,yes,"Yes, they celebrate Father's Day in the Netherlands. It is observed on the third",yes,yes,Correct,0.446
misleading,6,dev_0337,yes,"Yes, the King's Birthday is a public holiday in Victoria, Australia.",yes,yes,Correct,0.4417
misleading,6,dev_0386,yes,I don't know.,i,idk,IDK,0.4423
misleading,6,dev_0591,yes,NO,no,no,Incorrect,0.42610000000000003
misleading,6,dev_0746,yes,NO,no,no,Incorrect,0.445
misleading,6,dev_0845,yes,I don't know.,i,idk,IDK,0.4407
misleading,6,dev_0855,yes,YES,yes,yes,Correct,0.4442
misleading,6,dev_0915,yes,I don't know.,i,idk,IDK,0.4259
misleading,6,dev_0945,yes,Yes.,yes,yes,Correct,0.4437
misleading,6,dev_0021,no,I don't know.,i,idk,IDK,0.42519999999999997
misleading,6,dev_0490,no,I don't know.,i,idk,IDK,0.4412
misleading,6,dev_0581,no,I don't know.,i,idk,IDK,0.44289999999999996
misleading,6,dev_0631,no,I don't know.,i,idk,IDK,0.21080000000000002
misleading,6,dev_0691,no,"Yes, you still need a stamp if it says Freepost. Freepost is",yes,yes,Incorrect,0.4432
misleading,6,dev_0783,no,NO,no,no,Correct,0.44139999999999996
misleading,6,dev_0787,no,"Yes, the BMW 1 Series is a front-wheel-drive vehicle.",yes,yes,Incorrect,0.4437
misleading,6,dev_0825,no,I don't know.,i,idk,IDK,0.196
misleading,6,dev_0885,no,I don't know.,i,idk,IDK,0.209
misleading,6,dev_0089,yes,I don't know.,i,idk,IDK,0.4435
misleading,6,dev_0095,yes,I don't know.,i,idk,IDK,0.2129
misleading,6,dev_0211,yes,NO,no,no,Incorrect,0.4413
misleading,6,dev_0238,yes,"No, Beau Abbott does not die in A Quiet Place. He is a character",no,no,Incorrect,0.4427
misleading,6,dev_0252,yes,"No, the Lizzie McGuire movie was not filmed in Rome. It",no,no,Incorrect,0.44239999999999996
misleading,6,dev_0256,yes,I don't know.,i,idk,IDK,0.4255
misleading,6,dev_0266,yes,I don't know.,i,idk,IDK,0.443
misleading,6,dev_0310,yes,I don't know.,i,idk,IDK,0.4413
misleading,6,dev_0359,yes,I don't know.,i,idk,IDK,0.2102
misleading,6,dev_0422,yes,I don't know.,i,idk,IDK,0.2134
misleading,6,dev_0040,no,I don't know.,i,idk,IDK,0.1986
misleading,6,dev_0080,no,I don't know.,i,idk,IDK,0.1963
misleading,6,dev_0100,no,"I don't know. The ending of ""The Lost World"" (1992)",i,idk,IDK,0.4485
misleading,6,dev_0240,no,I don't know.,i,idk,IDK,0.2099
misleading,6,dev_0247,no,I don't know.,i,idk,IDK,0.21409999999999998
misleading,6,dev_0260,no,I don't know.,i,idk,IDK,0.19569999999999999
misleading,6,dev_0277,no,I don't know.,i,idk,IDK,0.1968
misleading,6,dev_0290,no,I don't know.,i,idk,IDK,0.448
misleading,6,dev_0303,no,I don't know.,i,idk,IDK,0.2105
misleading,6,dev_0231,yes,NO,no,no,Incorrect,0.4482
misleading,6,dev_0401,yes,I don't know. Whole wheat rice and brown rice are different types of rice.,i,idk,IDK,0.4677
misleading,6,dev_0420,yes,I don't know.,i,idk,IDK,0.44430000000000003
misleading,6,dev_0571,yes,NO,no,no,Incorrect,0.4486
misleading,6,dev_0583,yes,NO,no,no,Incorrect,0.457
misleading,6,dev_0765,yes,"Yes, salted duck eggs need to be cooked before consumption to ensure they are safe",yes,yes,Correct,0.44680000000000003
misleading,6,dev_0778,yes,I don't know.,i,idk,IDK,0.447
misleading,6,dev_0815,yes,I don't know.,i,idk,IDK,0.4462
misleading,6,dev_0073,no,I don't know.,i,idk,IDK,0.44580000000000003
misleading,6,dev_0491,no,I don't know.,i,idk,IDK,0.43139999999999995
misleading,6,dev_0615,no,I don't know.,i,idk,IDK,0.446
misleading,6,dev_0868,no,I don't know.,i,idk,IDK,0.4298
misleading,6,dev_0880,no,"No, Thousand Island and French dressing are different condiments. Thousand Island is a",no,no,Correct,0.42910000000000004
misleading,6,dev_0953,no,NO,no,no,Correct,0.4476
misleading,6,dev_0985,no,NO,no,no,Correct,0.42910000000000004
misleading,6,dev_0136,yes,"Yes, Battlefield 1 has a single-player campaign.",yes,yes,Correct,0.4674
misleading,6,dev_0367,yes,I don't know,i,idk,IDK,0.4492
misleading,6,dev_0618,yes,I don't know.,i,idk,IDK,0.45030000000000003
misleading,6,dev_0720,yes,"Yes, State of Decay is a co-op game on Xbox One.",yes,yes,Correct,0.44980000000000003
misleading,6,dev_0770,yes,I don't know.,i,idk,IDK,0.2166
misleading,6,dev_0835,yes,NO,no,no,Incorrect,0.4437
misleading,6,dev_0896,yes,I don't know.,i,idk,IDK,0.4511
misleading,6,dev_0434,no,I don't know.,i,idk,IDK,0.4318
misleading,6,dev_0489,no,I don't know.,i,idk,IDK,0.4482
misleading,6,dev_0852,no,I don't know,i,idk,IDK,0.44630000000000003
misleading,6,dev_0870,no,"I don't know. Paladins are typically associated with Lawful Good, but",i,idk,IDK,0.44480000000000003
misleading,6,dev_1148,no,I don't know.,i,idk,IDK,0.4475
misleading,6,dev_2595,no,"No, A Way Out is a co-operative multiplayer game.",no,no,Correct,0.44839999999999997
misleading,6,dev_0281,yes,"Yes, there are tolls on I-70 in Kansas.",yes,yes,Correct,0.4033
misleading,6,dev_0528,yes,Yes.,yes,yes,Correct,0.1705
misleading,6,dev_0547,yes,I don't know.,i,idk,IDK,0.2135
misleading,6,dev_0623,yes,NO,no,no,Incorrect,0.1677
misleading,6,dev_0626,yes,NO,no,no,Incorrect,0.44889999999999997
misleading,6,dev_0686,yes,NO,no,no,Incorrect,0.4476
misleading,6,dev_0822,yes,Yes.,yes,yes,Correct,0.1688
misleading,6,dev_1210,yes,I don't know.,i,idk,IDK,0.2142
misleading,6,dev_0374,no,NO,no,no,Correct,0.43019999999999997
misleading,6,dev_0900,no,I don't know.,i,idk,IDK,0.2104
misleading,6,dev_0913,no,I don't know.,i,idk,IDK,0.44789999999999996
misleading,6,dev_1234,no,"No, there is no Gulf Stream in the Pacific. The Gulf Stream is a",no,no,Correct,0.4466
misleading,6,dev_1360,no,I don't know.,i,idk,IDK,0.4456
misleading,6,dev_1544,no,"NO, I-30 in Dallas is not a toll road.",no,no,Correct,0.38880000000000003
misleading,6,dev_1588,no,NO,no,no,Correct,0.4456
misleading,6,dev_0344,yes,I don't know.,i,idk,IDK,0.44360000000000005
misleading,6,dev_0379,yes,"Yes, New England Baptist Hospital is a teaching hospital.",yes,yes,Correct,0.374
misleading,6,dev_0474,yes,I don't know.,i,idk,IDK,0.4467
misleading,6,dev_0614,yes,I don't know.,i,idk,IDK,0.4451
misleading,6,dev_0655,yes,I don't know.,i,idk,IDK,0.44630000000000003
misleading,6,dev_1195,yes,I don't know. While a blue-ringed octopus bite can be dangerous due,i,idk,IDK,0.44980000000000003
misleading,6,dev_1197,yes,"No, an ectopic pregnancy cannot be carried to term as it occurs outside the",no,no,Incorrect,0.4462
misleading,6,dev_1313,yes,"Yes, relative risk and risk ratio are the same; they both refer to the",yes,yes,Correct,0.44730000000000003
misleading,6,dev_1564,yes,I don't know.,i,idk,IDK,0.2112
misleading,6,dev_0078,no,I don't know.,i,idk,IDK,0.4486
misleading,6,dev_0166,no,"Yes, the dietary guidelines recommend consuming at least five portions of fruit and vegetables each",yes,yes,Incorrect,0.44930000000000003
misleading,6,dev_0851,no,YES,yes,yes,Incorrect,0.1727
misleading,6,dev_0861,no,"Yes, a junctional rhythm typically has a P wave, although it may be",yes,yes,Incorrect,0.4352
misleading,6,dev_0872,no,I don't know.,i,idk,IDK,0.44489999999999996
misleading,6,dev_1554,no,I don't know.,i,idk,IDK,0.4477
misleading,6,dev_1719,no,I don't know.,i,idk,IDK,0.42919999999999997
misleading,6,dev_1991,no,I don't know.,i,idk,IDK,0.44580000000000003
misleading,6,dev_2115,no,I don't know.,i,idk,IDK,0.44380000000000003
misleading,6,dev_0105,yes,NO,no,no,Incorrect,0.44839999999999997
misleading,6,dev_0125,yes,I don't know.,i,idk,IDK,0.44939999999999997
misleading,6,dev_0191,yes,I don't know.,i,idk,IDK,0.4496
misleading,6,dev_1292,yes,"No, the Queen of England did not marry her cousin. She married Prince Philip",no,no,Incorrect,0.4487
misleading,6,dev_1338,yes,NO,no,no,Incorrect,0.4466
misleading,6,dev_0388,no,I don't know.,i,idk,IDK,0.44680000000000003
misleading,6,dev_0703,no,I don't know.,i,idk,IDK,0.4482
misleading,6,dev_0833,no,I don't know.,i,idk,IDK,0.4477
misleading,6,dev_0874,no,I don't know.,i,idk,IDK,0.1955
misleading,6,dev_1651,no,"Yes, there are still tin mines left in Cornwall, although they are not as",yes,yes,Incorrect,0.4446
misleading,6,dev_0072,yes,I don't know.,i,idk,IDK,0.44689999999999996
misleading,6,dev_0258,yes,I don't know. The ability to buy alcohol on Sunday in Wisconsin depends on the,i,idk,IDK,0.44639999999999996
misleading,6,dev_0286,yes,Yes.,yes,yes,Correct,0.4452
misleading,6,dev_0348,yes,NO,no,no,Incorrect,0.4457
misleading,6,dev_0467,yes,YES,yes,yes,Correct,0.44430000000000003
misleading,6,dev_0515,yes,I don't know. The ability to place a restraining order on a landlord depends,i,idk,IDK,0.447
misleading,6,dev_0562,yes,I don't know.,i,idk,IDK,0.4465
misleading,6,dev_0636,yes,"No, you cannot carry a gun on you in California unless you have a concealed",no,no,Incorrect,0.4467
misleading,6,dev_0740,yes,I don't know.,i,idk,IDK,0.4495
misleading,6,dev_0838,yes,NO,no,no,Incorrect,0.4466
misleading,6,dev_0864,yes,I don't know.,i,idk,IDK,0.4455
misleading,6,dev_0873,yes,No,no,no,Incorrect,0.44689999999999996
misleading,6,dev_0901,yes,I don't know. It depends on the specific laws and regulations of the jurisdiction in,i,idk,IDK,0.44480000000000003
misleading,6,dev_0909,yes,I don't know.,i,idk,IDK,0.44689999999999996
misleading,6,dev_1134,yes,YES,yes,yes,Correct,0.44430000000000003
misleading,6,dev_0198,no,"Yes, you need a permit to carry a gun in New Hampshire.",yes,yes,Incorrect,0.44689999999999996
misleading,6,dev_0215,no,I don't know.,i,idk,IDK,0.4456
misleading,6,dev_0223,no,I don't know. The legality of recording covers of songs can vary depending on the,i,idk,IDK,0.4461
misleading,6,dev_0234,no,I don't know. The legality of an 18-year-old having sex with a,i,idk,IDK,0.4696
misleading,6,dev_0272,no,I don't know. The Taconic State Parkway is a toll road in New York,i,idk,IDK,0.44580000000000003
misleading,6,dev_0453,no,I don't know.,i,idk,IDK,0.4467
misleading,6,dev_0499,no,"I don't know. Puerto Rico is a U.S. territory, and its residents",i,idk,IDK,0.42810000000000004
misleading,6,dev_0552,no,I don't know. The rules regarding phone usage in prison can vary depending on the,i,idk,IDK,0.4442
misleading,6,dev_0680,no,I don't know,i,idk,IDK,0.4435
misleading,6,dev_0738,no,I don't know.,i,idk,IDK,0.211
misleading,6,dev_0771,no,I don't know.,i,idk,IDK,0.21130000000000002
misleading,6,dev_0888,no,I don't know.,i,idk,IDK,0.211
misleading,6,dev_1135,no,I don't know.,i,idk,IDK,0.4461
misleading,6,dev_1188,no,I don't know. The ability to purchase a firearm after being dishonorably discharged,i,idk,IDK,0.4451
misleading,6,dev_0339,yes,"I don't know. While a military ID may be accepted for entry into Canada,",i,idk,IDK,0.4482
misleading,6,dev_0357,yes,I don't know.,i,idk,IDK,0.2117
misleading,6,dev_0498,yes,I don't know.,i,idk,IDK,0.4482
misleading,6,dev_0620,yes,Yes.,yes,yes,Correct,0.44589999999999996
misleading,6,dev_0878,yes,I don't know.,i,idk,IDK,0.44730000000000003
misleading,6,dev_1864,yes,"No, the U.S. Marines are part of the Department of the Navy but",no,no,Incorrect,0.469
misleading,6,dev_2080,yes,"Yes, the Coast Guard is part of the Department of Defense.",yes,yes,Correct,0.4532
misleading,6,dev_2395,yes,"NO, the Governor-General does not have to sign all bills passed by federal Parliament",no,no,Incorrect,0.4517
misleading,6,dev_2639,yes,"NO, Canada is not part of the",no,no,Incorrect,0.4471
misleading,6,dev_3155,yes,I don't know.,i,idk,IDK,0.43010000000000004
misleading,6,dev_3209,yes,Yes,yes,yes,Correct,0.45180000000000003
misleading,6,dev_0209,no,"No, Israel is not part of the European Economic Area (EEA).",no,no,Correct,0.451
misleading,6,dev_0273,no,I don't know.,i,idk,IDK,0.1953
misleading,6,dev_0404,no,NO,no,no,Correct,0.4487
misleading,6,dev_0567,no,I don't know.,i,idk,IDK,0.2105
misleading,6,dev_0675,no,"Yes, Saudi Arabia has signed the Universal Declaration of",yes,yes,Incorrect,0.43
misleading,6,dev_1172,no,"No, Turkey is not a part of the European Union.",no,no,Correct,0.4516
misleading,6,dev_1275,no,I don't know. The ability to wear state awards on active duty may vary depending,i,idk,IDK,0.4447
misleading,6,dev_1971,no,"No, Bosnia and Herzegovina is not part of the European Union.",no,no,Correct,0.4299
misleading,6,dev_2001,no,"I don't know. The President's pardon power typically applies to federal offenses, but",i,idk,IDK,0.4487
misleading,6,dev_3004,no,I don't know.,i,idk,IDK,0.4289
misleading,6,dev_3256,no,I don't know.,i,idk,IDK,0.44480000000000003
misleading,6,dev_1132,yes,I don't know.,i,idk,IDK,0.42919999999999997
misleading,6,dev_1233,yes,"No, in an adiabatic process, there is no heat exchange with the",no,no,Incorrect,0.44589999999999996
misleading,6,dev_1511,yes,I don't know.,i,idk,IDK,0.4471
misleading,6,dev_1633,yes,NO,no,no,Incorrect,0.4496
misleading,6,dev_2007,yes,YES,yes,yes,Correct,0.4455
misleading,6,dev_2214,yes,I don't know.,i,idk,IDK,0.211
misleading,6,dev_2239,yes,I don't know.,i,idk,IDK,0.4427
misleading,6,dev_2299,yes,NO,no,no,Incorrect,0.4511
misleading,6,dev_2303,yes,YES,yes,yes,Correct,0.4501
misleading,6,dev_2477,yes,"No, 0 is not in the set of natural numbers. In most definitions",no,no,Incorrect,0.4435
misleading,6,dev_2993,yes,I don't know.,i,idk,IDK,0.44339999999999996
misleading,6,dev_3126,yes,I don't know.,i,idk,IDK,0.44530000000000003
misleading,6,dev_3188,yes,I don't know.,i,idk,IDK,0.4442
misleading,6,dev_3193,yes,"Yes, the Georgia Aquarium has whale sharks.",yes,yes,Correct,0.32
misleading,6,dev_3234,yes,I don't know.,i,idk,IDK,0.4425
misleading,6,dev_3265,yes,I don't know.,i,idk,IDK,0.21380000000000002
misleading,6,dev_0001,no,I don't know.,i,idk,IDK,0.441
misleading,6,dev_0579,no,I don't know.,i,idk,IDK,0.44260000000000005
misleading,6,dev_1003,no,"Yes, least squares is a method used in linear regression to find the best-fitting",yes,yes,Incorrect,0.42519999999999997
misleading,6,dev_1483,no,I don't know.,i,idk,IDK,0.4428
misleading,6,dev_1551,no,"Yes, Australia is part of the Ring of Fire, although it is not directly",yes,yes,Incorrect,0.44189999999999996
misleading,6,dev_1702,no,I don't know.,i,idk,IDK,0.4461
misleading,6,dev_1925,no,I don't know.,i,idk,IDK,0.4447
misleading,6,dev_2025,no,"No, the load is not the pivot point of a lever. The pivot point",no,no,Correct,0.42619999999999997
misleading,6,dev_2312,no,NO,no,no,Correct,0.426
misleading,6,dev_2471,no,"Yes, a fixed pulley provides a mechanical advantage by changing the direction of the force",yes,yes,Incorrect,0.4263
misleading,6,dev_2521,no,I don't know.,i,idk,IDK,0.44680000000000003
misleading,6,dev_2782,no,"Yes, the hydronium ion (H3O+) and the hydrogen ion",yes,yes,Incorrect,0.44889999999999997
misleading,6,dev_2812,no,YES,yes,yes,Incorrect,0.441
misleading,6,dev_3014,no,I don't know.,i,idk,IDK,0.441
misleading,6,dev_3034,no,I don't know.,i,idk,IDK,0.443
misleading,6,dev_3159,no,I don't know.,i,idk,IDK,0.21130000000000002
misleading,6,dev_3190,no,NO,no,no,Correct,0.4447
misleading,6,dev_0682,yes,I don't know.,i,idk,IDK,0.4467
misleading,6,dev_0735,yes,YES,yes,yes,Correct,0.44410000000000005
misleading,6,dev_1505,yes,I don't know.,i,idk,IDK,0.4437
misleading,6,dev_1668,yes,"Yes, Church of England (Anglican) worshippers do make the sign of",yes,yes,Correct,0.44689999999999996
misleading,6,dev_2373,yes,I don't know.,i,idk,IDK,0.44689999999999996
misleading,6,dev_2793,yes,NO,no,no,Incorrect,0.44210000000000005
misleading,6,dev_2929,yes,I don't know.,i,idk,IDK,0.45
misleading,6,dev_0605,no,I don't know.,i,idk,IDK,0.44480000000000003
misleading,6,dev_0908,no,I don't know.,i,idk,IDK,0.4425
misleading,6,dev_1388,no,NO,no,no,Correct,0.44439999999999996
misleading,6,dev_1521,no,I don't know.,i,idk,IDK,0.44260000000000005
misleading,6,dev_2334,no,I don't know,i,idk,IDK,0.44389999999999996
misleading,6,dev_2641,no,I don't know.,i,idk,IDK,0.4475
misleading,6,dev_0347,yes,I don't know.,i,idk,IDK,0.44210000000000005
misleading,6,dev_0411,yes,I don't know.,i,idk,IDK,0.4505
misleading,6,dev_0439,yes,"Yes, the Milwaukee Brewers have made it to the World Series once, in",yes,yes,Correct,0.44989999999999997
misleading,6,dev_0452,yes,"Yes, Belgium reached the World Cup final in 2018.",yes,yes,Correct,0.4035
misleading,6,dev_0585,yes,NO,no,no,Incorrect,0.44789999999999996
misleading,6,dev_0656,yes,"No, Kaká did not play in the 2002 World Cup. He",no,no,Incorrect,0.4471
misleading,6,dev_0661,yes,I don't know.,i,idk,IDK,0.211
misleading,6,dev_0701,yes,I don't know.,i,idk,IDK,0.21180000000000002
misleading,6,dev_0704,yes,YES,yes,yes,Correct,0.44210000000000005
misleading,6,dev_0752,yes,"Yes, there is a mercy rule in professional soccer. It is often referred to",yes,yes,Correct,0.4417
misleading,6,dev_0848,yes,I don't know.,i,idk,IDK,0.4437
misleading,6,dev_0883,yes,YES,yes,yes,Correct,0.4466
misleading,6,dev_1143,yes,"Yes, Dan Marino is in the Hall of Fame.",yes,yes,Correct,0.3595
misleading,6,dev_1305,yes,"No, a school cannot be both Division I and II simultaneously. They are distinct",no,no,Incorrect,0.44210000000000005
misleading,6,dev_1497,yes,I don't know.,i,idk,IDK,0.21180000000000002
misleading,6,dev_1777,yes,I don't know.,i,idk,IDK,0.44189999999999996
misleading,6,dev_2250,yes,NO,no,no,Incorrect,0.44430000000000003
misleading,6,dev_2370,yes,I don't know,i,idk,IDK,0.44889999999999997
misleading,6,dev_0083,no,YES,yes,yes,Incorrect,0.44410000000000005
misleading,6,dev_0085,no,"Yes, Deion Sanders won a World Series with the Atlanta Braves in 199",yes,yes,Incorrect,0.4481
misleading,6,dev_0170,no,No,no,no,Correct,0.44060000000000005
misleading,6,dev_0230,no,I don't know.,i,idk,IDK,0.4475
misleading,6,dev_0412,no,I don't know.,i,idk,IDK,0.2124
misleading,6,dev_0421,no,I don't know.,i,idk,IDK,0.2095
misleading,6,dev_0447,no,I don't know.,i,idk,IDK,0.44260000000000005
misleading,6,dev_0544,no,I don't know.,i,idk,IDK,0.20980000000000001
misleading,6,dev_0565,no,I don't know,i,idk,IDK,0.4427
misleading,6,dev_0589,no,I don't know.,i,idk,IDK,0.4564
misleading,6,dev_0593,no,I don't know.,i,idk,IDK,0.446
misleading,6,dev_0859,no,I don't know.,i,idk,IDK,0.21130000000000002
misleading,6,dev_0865,no,NO,no,no,Correct,0.43160000000000004
misleading,6,dev_1518,no,"No, not all 2018 World Cup matches were played in Russia. Some",no,no,Correct,0.42869999999999997
misleading,6,dev_1768,no,"Yes, England has won the Women's World Cup once, in 1995.",yes,yes,Incorrect,0.44589999999999996
misleading,6,dev_1779,no,I don't know.,i,idk,IDK,0.21209999999999998
misleading,6,dev_1905,no,NO,no,no,Correct,0.44530000000000003
misleading,6,dev_2156,no,"Yes, the New York Yankees won the World Series in 2001.",yes,yes,Incorrect,0.4455
misleading,6,dev_2158,no,No,no,no,Correct,0.4475
misleading,6,dev_2798,no,I don't know.,i,idk,IDK,0.4285
misleading,6,dev_3138,no,YES,yes,yes,Incorrect,0.44430000000000003
misleading,6,dev_0307,yes,I don't know.,i,idk,IDK,0.4601
misleading,6,dev_0506,yes,Yes.,yes,yes,Correct,0.4598
misleading,6,dev_0641,yes,I don't know.,i,idk,IDK,0.4466
misleading,6,dev_0844,yes,I don't know.,i,idk,IDK,0.4495
misleading,6,dev_1032,yes,I don't know.,i,idk,IDK,0.4601
misleading,6,dev_1574,yes,I don't know.,i,idk,IDK,0.4279
misleading,6,dev_1889,yes,I don't know.,i,idk,IDK,0.42819999999999997
misleading,6,dev_2093,yes,"I don't know. While it's possible to call the police without a SIM card,",i,idk,IDK,0.4477
misleading,6,dev_2213,yes,I don't know.,i,idk,IDK,0.1956
misleading,6,dev_2735,yes,I don't know.,i,idk,IDK,0.2122
misleading,6,dev_2836,yes,I don't know.,i,idk,IDK,0.4461
misleading,6,dev_0788,no,"No, MiniDV tapes and 8mm are different video recording formats. Mini",no,no,Correct,0.448
misleading,6,dev_0798,no,NO,no,no,Correct,0.4279
misleading,6,dev_1249,no,YES,yes,yes,Incorrect,0.44360000000000005
misleading,6,dev_1458,no,I don't know.,i,idk,IDK,0.44389999999999996
misleading,6,dev_1584,no,"Yes, there is a GMC version of the Avalanche. It is known as the",yes,yes,Incorrect,0.4455
misleading,6,dev_1589,no,I don't know.,i,idk,IDK,0.2114
misleading,6,dev_1657,no,"No, the first iPhone, released in 2007, did not have",no,no,Correct,0.4477
misleading,6,dev_1691,no,"No, response time and input lag are related but distinct concepts. Response time refers",no,no,Correct,0.444
misleading,6,dev_1943,no,"Yes, it costs money to join PlayStation Network.",yes,yes,Incorrect,0.444
misleading,6,dev_2682,no,"YES, E-ZPass and EZ TAG are the same system; they are just",yes,yes,Incorrect,0.4451
misleading,6,dev_2712,no,I don't know.,i,idk,IDK,0.4274
misleading,6,dev_0427,no,NO,no,no,Correct,0.4457
misleading,6,dev_0531,no,I don't know.,i,idk,IDK,0.4465
misleading,6,dev_1915,no,I don't know.,i,idk,IDK,0.21380000000000002
misleading,6,dev_1946,no,I don't know.,i,idk,IDK,0.2134
misleading,6,dev_2024,no,Yes.,yes,yes,Incorrect,0.44480000000000003
misleading,6,dev_2265,no,I don't know.,i,idk,IDK,0.2112
misleading,6,dev_0004,yes,I don't know.,i,idk,IDK,0.2115
misleading,6,dev_0241,yes,I don't know.,i,idk,IDK,0.213
misleading,6,dev_0326,yes,NO,no,no,Incorrect,0.1687
misleading,6,dev_0525,yes,YES,yes,yes,Correct,0.4461
misleading,6,dev_0577,yes,NO,no,no,Incorrect,0.4462
misleading,6,dev_0799,yes,I don't know.,i,idk,IDK,0.21359999999999998
misleading,6,dev_0142,no,NO,no,no,Correct,0.42760000000000004
misleading,6,dev_0494,no,I don't know.,i,idk,IDK,0.44380000000000003
misleading,6,dev_0527,no,"Yes, HeLa cells have a normal number of chromosomes. They are diploid",yes,yes,Incorrect,0.4437
misleading,6,dev_0566,no,I don't know.,i,idk,IDK,0.4475
misleading,6,dev_0648,no,NO,no,no,Correct,0.445
misleading,6,dev_0668,no,I don't know.,i,idk,IDK,0.44260000000000005
misleading,6,dev_0749,no,"No, sensory neurons are part of the peripheral nervous system, not the central nervous",no,no,Correct,0.44880000000000003
misleading,6,dev_0790,no,I don't know.,i,idk,IDK,0.4428
misleading,6,dev_0867,no,I don't know.,i,idk,IDK,0.4248
misleading,6,dev_0921,no,NO,no,no,Correct,0.42810000000000004
misleading,6,dev_1088,no,NO,no,no,Correct,0.4432
misleading,6,dev_1329,no,I don't know.,i,idk,IDK,0.21009999999999998
misleading,6,dev_1402,no,"No, tissue is composed of multiple types of cells working together.",no,no,Correct,0.4259
misleading,6,dev_1428,no,"No, sweat glands are part of the integumentary system, not the lymph",no,no,Correct,0.443
misleading,6,dev_1439,no,I don't know.,i,idk,IDK,0.4451
misleading,6,dev_0020,yes,YES,yes,yes,Correct,0.44489999999999996
misleading,6,dev_0027,yes,"Yes, penguins have feathers arising from the epidermis.",yes,yes,Correct,0.4437
misleading,6,dev_0047,yes,"Yes, there is such a thing as a turkey vulture. It is a",yes,yes,Correct,0.448
misleading,6,dev_0070,yes,"NO, T. rex and Tyrannosaurus rex are not the same.",no,no,Incorrect,0.45139999999999997
misleading,6,dev_0086,yes,"YES, a German Shepherd is the same as an Alsatian. The terms are",yes,yes,Correct,0.44389999999999996
misleading,6,dev_0121,yes,"Yes, St. Bernards and Bernese Mountain Dogs are related. They are",yes,yes,Correct,0.44410000000000005
misleading,6,dev_0131,yes,I don't know.,i,idk,IDK,0.44439999999999996
misleading,6,dev_0147,yes,YES,yes,yes,Correct,0.44580000000000003
misleading,6,dev_0159,yes,NO,no,no,Incorrect,0.44589999999999996
misleading,6,dev_0190,yes,"NO, bees do not die if they lose their stinger. Bees have a",no,no,Incorrect,0.4285
misleading,6,dev_0195,yes,I don't know.,i,idk,IDK,0.4497
misleading,6,dev_0200,yes,"Yes, competitive inhibitors bind to the active site of enzymes.",yes,yes,Correct,0.44539999999999996
misleading,6,dev_0214,yes,YES,yes,yes,Correct,0.42869999999999997
misleading,6,dev_0242,yes,YES,yes,yes,Correct,0.443
misleading,6,dev_0522,yes,"Yes, a hornet can sting you more than once, as they have a",yes,yes,Correct,0.44739999999999996
misleading,6,dev_0033,no,NO,no,no,Correct,0.4492
misleading,6,dev_0123,no,I don't know,i,idk,IDK,0.44389999999999996
misleading,6,dev_0501,no,"No, Comcast and Time Warner are not the same company. Comcast is a telecommunications",no,no,Correct,0.44410000000000005
misleading,6,dev_0526,no,NO,no,no,Correct,0.42810000000000004
misleading,6,dev_1076,no,I don't know.,i,idk,IDK,0.429
misleading,6,dev_1213,no,I don't know.,i,idk,IDK,0.4275
misleading,6,dev_1654,no,I don't know.,i,idk,IDK,0.4279
misleading,6,dev_1753,no,Yes.,yes,yes,Incorrect,0.44639999999999996
misleading,6,dev_1825,no,"No, a bank sort code is not the same for everyone. Sort codes are",no,no,Correct,0.4465
misleading,6,dev_2911,no,I don't know.,i,idk,IDK,0.44589999999999996
misleading,6,dev_2740,no,"No, the Better Business Bureau (BBB) is not part of the government.",no,no,Correct,0.42710000000000004
misleading,6,dev_2517,no,"No, the Bank of England is a public institution and not a private company.",no,no,Correct,0.4432
misleading,6,dev_1139,yes,"Yes, there are state income taxes in New Mexico.",yes,yes,Correct,0.4476
misleading,6,dev_0002,yes,Yes.,yes,yes,Correct,0.4471
misleading,6,dev_0773,yes,I don't know,i,idk,IDK,0.4442
misleading,6,dev_1186,yes,YES,yes,yes,Correct,0.4423
misleading,6,dev_1302,yes,Yes.,yes,yes,Correct,0.1683
misleading,6,dev_1349,yes,YES,yes,yes,Correct,0.44489999999999996
misleading,6,dev_1771,yes,I don't know.,i,idk,IDK,0.42660000000000003
misleading,6,dev_1804,yes,"Yes, a two-dollar bill has monetary value and is legal tender in the United",yes,yes,Correct,0.4497
misleading,6,dev_1873,yes,I don't know,i,idk,IDK,0.4492
misleading,6,dev_1963,yes,NO,no,no,Incorrect,0.44489999999999996
misleading,6,dev_2582,yes,YES,yes,yes,Correct,0.44630000000000003
misleading,6,dev_2598,yes,NO,no,no,Incorrect,0.4427
misleading,6,dev_3158,yes,"Yes, there is a direct link between economic development and social development. Economic development",yes,yes,Correct,0.4461
misleading,6,dev_0551,no,"Yes, an oz (ounce) and a fl oz (fluid ounce) are",yes,yes,Incorrect,0.4446
misleading,6,dev_1158,no,I don't know.,i,idk,IDK,0.4462
misleading,6,dev_1364,no,"NO, a jet engine is not an external combustion engine; it is an internal",no,no,Correct,0.4433
misleading,6,dev_1807,no,NO,no,no,Correct,0.42819999999999997
misleading,6,dev_2542,no,I don't know,i,idk,IDK,0.4423
misleading,6,dev_2562,no,I don't know.,i,idk,IDK,0.44730000000000003
misleading,6,dev_3005,no,I don't know.,i,idk,IDK,0.21159999999999998
misleading,6,dev_3194,no,I don't know.,i,idk,IDK,0.42619999999999997
misleading,6,dev_3195,no,I don't know.,i,idk,IDK,0.1946
misleading,6,dev_0013,yes,I don't know. It depends on the type of shower gel and your hair's,i,idk,IDK,0.444
misleading,6,dev_0043,yes,Yes.,yes,yes,Correct,0.4432
misleading,6,dev_0052,yes,Yes.,yes,yes,Correct,0.4435
misleading,6,dev_0091,yes,NO,no,no,Incorrect,0.44380000000000003
misleading,6,dev_0116,yes,YES,yes,yes,Correct,0.44580000000000003
misleading,6,dev_0288,yes,YES,yes,yes,Correct,0.444
misleading,6,dev_0555,yes,I don't know.,i,idk,IDK,0.4279
misleading,6,dev_0627,yes,I don't know.,i,idk,IDK,0.44589999999999996
misleading,6,dev_0831,yes,I don't know.,i,idk,IDK,0.4446
misleading,6,dev_0721,no,I don't know.,i,idk,IDK,0.2105
misleading,6,dev_0863,no,NO,no,no,Correct,0.44580000000000003
misleading,6,dev_1357,no,"No, The View and The Talk are different shows. The View is a daytime",no,no,Correct,0.44439999999999996
misleading,6,dev_1951,no,"Yes, the film ""The Bridge on the River Kwai"" is based on",yes,yes,Incorrect,0.44389999999999996
misleading,6,dev_2131,no,"No, Nacho from Better Call Saul is not in Breaking Bad.",no,no,Correct,0.42819999999999997
misleading,6,dev_2174,no,NO,no,no,Correct,0.44339999999999996
misleading,6,dev_2252,no,I don't know.,i,idk,IDK,0.44380000000000003
misleading,6,dev_2309,no,I don't know.,i,idk,IDK,0.21259999999999998
misleading,6,dev_2364,no,"No, ""The Outsiders"" is a work of fiction and not based on",no,no,Correct,0.42810000000000004
misleading,6,dev_3075,no,NO,no,no,Correct,0.4515
misleading,6,dev_3205,no,"No, the movie ""Lady Bird"" is about a young woman named Lady Bird",no,no,Correct,0.44489999999999996
misleading,6,dev_0015,yes,NO,no,no,Incorrect,0.4452
misleading,6,dev_0153,yes,"Yes, there is a movie adaptation of ""The Handmaid's Tale"" based",yes,yes,Correct,0.4423
misleading,6,dev_0161,yes,I don't know.,i,idk,IDK,0.2114
misleading,6,dev_0306,yes,I don't know.,i,idk,IDK,0.21330000000000002
misleading,6,dev_0334,yes,NO,no,no,Incorrect,0.44589999999999996
misleading,6,dev_0338,yes,YES,yes,yes,Correct,0.44339999999999996
misleading,6,dev_0493,yes,NO,no,no,Incorrect,0.4482
misleading,6,dev_0520,yes,NO,no,no,Incorrect,0.44880000000000003
misleading,6,dev_0212,no,NO,no,no,Correct,0.4264
misleading,6,dev_0309,no,"No, ground coriander and cumin are not the same thing. They are distinct spices",no,no,Correct,0.44339999999999996
misleading,6,dev_0484,no,NO,no,no,Correct,0.44480000000000003
misleading,6,dev_0654,no,NO,no,no,Correct,0.42969999999999997
misleading,6,dev_0973,no,I don't know.,i,idk,IDK,0.19340000000000002
misleading,6,dev_1335,no,"No, a cocoa bean is not the same as a coffee bean. They are",no,no,Correct,0.42769999999999997
misleading,6,dev_1443,no,I don't know.,i,idk,IDK,0.44380000000000003
misleading,6,dev_0284,yes,I don't know.,i,idk,IDK,0.42960000000000004
misleading,6,dev_0330,yes,I don't know.,i,idk,IDK,0.21459999999999999
misleading,6,dev_0443,yes,I don't know.,i,idk,IDK,0.43089999999999995
misleading,6,dev_0975,yes,I don't know.,i,idk,IDK,0.4471
misleading,6,dev_1741,yes,Yes.,yes,yes,Correct,0.44680000000000003
misleading,6,dev_1770,yes,NO,no,no,Incorrect,0.44680000000000003
misleading,6,dev_1860,no,I don't know.,i,idk,IDK,0.44289999999999996
misleading,6,dev_1967,yes,I don't know.,i,idk,IDK,0.44930000000000003
misleading,6,dev_0236,no,"No, straights do not have to be the same suit in poker. A",no,no,Correct,0.44360000000000005
misleading,6,dev_0741,no,I don't know.,i,idk,IDK,0.4283
misleading,6,dev_1440,no,"Yes, the Xbox One can play Xbox 360 discs.",yes,yes,Incorrect,0.44630000000000003
misleading,6,dev_2062,no,"No, a queen cannot move like a knight. A queen moves any number of",no,no,Correct,0.44689999999999996
misleading,6,dev_2109,no,I don't know.,i,idk,IDK,0.2114
misleading,6,dev_2137,no,I don't know.,i,idk,IDK,0.4466
misleading,6,dev_0478,yes,Yes,yes,yes,Correct,0.4601
misleading,6,dev_0545,yes,"Yes, there is a storyline in Just Cause 3. The game follows the",yes,yes,Correct,0.45089999999999997
misleading,6,dev_1125,yes,I don't know.,i,idk,IDK,0.449
misleading,6,dev_1137,yes,I don't know.,i,idk,IDK,0.21109999999999998
misleading,6,dev_1162,yes,Yes.,yes,yes,Correct,0.4446
misleading,6,dev_1177,yes,"Yes, Company of Heroes 2 has a campaign mode.",yes,yes,Correct,0.44680000000000003
misleading,6,dev_1444,yes,"Yes, original Xbox games are compatible with Xbox One through backward compatibility features.",yes,yes,Correct,0.4451
misleading,6,dev_0313,no,"No, St. Kitts and Nevis is not a U.S. territory",no,no,Correct,0.448
misleading,6,dev_0823,no,I don't know.,i,idk,IDK,0.42810000000000004
misleading,6,dev_0839,no,NO,no,no,Correct,0.451
misleading,6,dev_1222,no,NO,no,no,Correct,0.4433
misleading,6,dev_1254,no,NO,no,no,Correct,0.44339999999999996
misleading,6,dev_1269,no,NO,no,no,Correct,0.4432
misleading,6,dev_1334,no,"No, Patagonia is not a country in its own right. It is a region",no,no,Correct,0.4466
misleading,6,dev_0184,yes,NO,no,no,Incorrect,0.44630000000000003
misleading,6,dev_0322,yes,NO,no,no,Incorrect,0.4457
misleading,6,dev_0557,yes,YES,yes,yes,Correct,0.44389999999999996
misleading,6,dev_0573,yes,Yes.,yes,yes,Correct,0.44489999999999996
misleading,6,dev_1179,yes,"NO, Phoenix is in the Mountain Time Zone, while Denver is in the Mountain",no,no,Incorrect,0.4685
misleading,6,dev_0619,yes,NO,no,no,Incorrect,0.44339999999999996
misleading,6,dev_0650,yes,YES,yes,yes,Correct,0.4442
misleading,6,dev_0734,yes,I don't know.,i,idk,IDK,0.2119
misleading,6,dev_0061,no,"I don't know. An EMT-Basic may be trained to start an IV,",i,idk,IDK,0.4289
misleading,6,dev_0124,no,I don't know.,i,idk,IDK,0.43660000000000004
misleading,6,dev_0914,no,"No, stroke volume and ejection fraction are related but not the same. Stroke",no,no,Correct,0.4467
misleading,6,dev_0955,no,I don't know.,i,idk,IDK,0.20959999999999998
misleading,6,dev_1610,no,I don't know.,i,idk,IDK,0.2125
misleading,6,dev_1790,no,NO,no,no,Correct,0.44210000000000005
misleading,6,dev_2096,no,NO,no,no,Correct,0.44360000000000005
misleading,6,dev_2277,no,I don't know.,i,idk,IDK,0.44189999999999996
misleading,6,dev_2499,no,"No, a Doctor of Physical Therapy (DPT) is not an MD (",no,no,Correct,0.4432
misleading,6,dev_1959,yes,I don't know.,i,idk,IDK,0.4462
misleading,6,dev_1992,yes,"No, a person cannot transmit rabies to another person. Rabies is primarily",no,no,Incorrect,0.4485
misleading,6,dev_2047,yes,I don't know.,i,idk,IDK,0.4422
misleading,6,dev_1656,yes,I don't know.,i,idk,IDK,0.446
misleading,6,dev_1663,yes,I don't know.,i,idk,IDK,0.44439999999999996
misleading,6,dev_1752,yes,I don't know.,i,idk,IDK,0.232
misleading,6,dev_2049,yes,YES,yes,yes,Correct,0.44639999999999996
misleading,6,dev_2050,yes,YES,yes,yes,Correct,0.4435
misleading,6,dev_1442,yes,"Yes, a lipid profile and a lipid panel are the same thing.",yes,yes,Correct,0.4465
misleading,6,dev_0301,no,"NO, the Berlin Wall and the Berlin Blockade are not the same. The",no,no,Correct,0.4711
misleading,6,dev_0480,no,"No, the United States replaced the Articles of Confederation with the Constitution in",no,no,Correct,0.4502
misleading,6,dev_1290,no,NO,no,no,Correct,0.44739999999999996
misleading,6,dev_1819,no,"No, the Czech Republic and Czechoslovakia are not the same country",no,no,Correct,0.4476
misleading,6,dev_2206,no,"No, the Emancipation Proclamation, issued by President Abraham Lincoln on January",no,no,Correct,0.44830000000000003
misleading,6,dev_0376,yes,I don't know.,i,idk,IDK,0.4465
misleading,6,dev_0346,yes,YES,yes,yes,Correct,0.45080000000000003
misleading,6,dev_0363,yes,Yes.,yes,yes,Correct,0.442
misleading,6,dev_0535,yes,NO,no,no,Incorrect,0.44310000000000005
misleading,6,dev_0629,yes,YES,yes,yes,Correct,0.4671
misleading,6,dev_0179,no,"No, U.S. courts of appeals do not have original jurisdiction. They primarily",no,no,Correct,0.4457
misleading,6,dev_0402,no,I don't know.,i,idk,IDK,0.44360000000000005
misleading,6,dev_0513,no,I don't know.,i,idk,IDK,0.4461
misleading,6,dev_0606,no,"No, it is not legal to escape from prison in Germany. Escaping from",no,no,Correct,0.4467
misleading,6,dev_0630,no,"Yes, an honorable discharge is given under honorable conditions, meaning the service member has",yes,yes,Incorrect,0.44339999999999996
misleading,6,dev_0795,no,I don't know.,i,idk,IDK,0.4446
misleading,6,dev_1457,no,"No, the Civil Rights Act is not part of the U.S. Constitution.",no,no,Correct,0.4461
misleading,6,dev_1776,no,"No, an Employment Authorization Document (EAD) is not the same as a",no,no,Correct,0.44739999999999996
misleading,6,dev_1862,no,I don't know.,i,idk,IDK,0.4433
misleading,6,dev_1911,no,I don't know.,i,idk,IDK,0.21230000000000002
misleading,6,dev_2755,no,"No, you cannot be an attorney without taking the bar exam. In the United",no,no,Correct,0.4476
misleading,6,dev_2756,no,"No, the Bill of Rights is not part of the original Constitution; it was",no,no,Correct,0.4482
misleading,6,dev_2921,no,No.,no,no,Correct,0.44310000000000005
misleading,6,dev_2972,no,I don't know.,i,idk,IDK,0.44360000000000005
misleading,6,dev_0009,yes,I don't know.,i,idk,IDK,0.4446
misleading,6,dev_0038,yes,"I don't know. The legality of recording a cover song depends on various factors,",i,idk,IDK,0.4445
misleading,6,dev_0129,yes,I don't know. The legality of private gun sales in Florida can depend on various,i,idk,IDK,0.44439999999999996
misleading,6,dev_0202,yes,"Yes, breaking and entering into a car is typically considered a felony, as it",yes,yes,Correct,0.4456
misleading,6,dev_0308,yes,"Yes, it is illegal for a minor to be in possession of alcohol in most",yes,yes,Correct,0.4446
misleading,6,dev_0584,yes,YES,yes,yes,Correct,0.4475
misleading,6,dev_0644,yes,YES,yes,yes,Correct,0.44360000000000005
misleading,6,dev_0653,yes,YES,yes,yes,Correct,0.44730000000000003
misleading,6,dev_0671,yes,"Yes, the state of Kansas has the death penalty.",yes,yes,Correct,0.44539999999999996
misleading,6,dev_0757,yes,Yes.,yes,yes,Correct,0.4455
misleading,6,dev_1059,yes,"Yes, the Supreme Court can review and potentially invalidate an executive order if it is",yes,yes,Correct,0.4462
misleading,6,dev_1067,yes,YES,yes,yes,Correct,0.4475
misleading,6,dev_1097,yes,YES,yes,yes,Correct,0.4278
misleading,6,dev_1131,yes,"Yes, Illinois has a stand your ground law.",yes,yes,Correct,0.44380000000000003
misleading,6,dev_1324,yes,"I don't know. It depends on the specific regulations in your area, as some",i,idk,IDK,0.44589999999999996
misleading,6,dev_0305,no,I don't know.,i,idk,IDK,0.44589999999999996
misleading,6,dev_0465,no,"No, the National Guard is not part of the Coast Guard. The National Guard",no,no,Correct,0.448
misleading,6,dev_0508,no,I don't know.,i,idk,IDK,0.44830000000000003
misleading,6,dev_0518,no,YES,yes,yes,Incorrect,0.4447
misleading,6,dev_0572,no,I don't know.,i,idk,IDK,0.42910000000000004
misleading,6,dev_0898,no,I don't know.,i,idk,IDK,0.44380000000000003
misleading,6,dev_1154,no,"No, the number of justices on the Supreme Court has changed over time.",no,no,Correct,0.4462
misleading,6,dev_1221,no,NO,no,no,Correct,0.44739999999999996
misleading,6,dev_1244,no,NO,no,no,Correct,0.4433
misleading,6,dev_1245,no,"No, Turkey is not a member of the European Economic Area (EEA).",no,no,Correct,0.4462
misleading,6,dev_1273,no,"No, Guam is not part of the U.S. Virgin Islands. They are",no,no,Correct,0.44789999999999996
misleading,6,dev_0647,yes,YES,yes,yes,Correct,0.44489999999999996
misleading,6,dev_0254,yes,"Yes, the Vice President is the President of the Senate.",yes,yes,Correct,0.4465
misleading,6,dev_0486,yes,YES,yes,yes,Correct,0.1698
misleading,6,dev_0736,yes,Yes,yes,yes,Correct,0.44489999999999996
misleading,6,dev_0814,yes,NO,no,no,Incorrect,0.4462
misleading,6,dev_1477,yes,YES,yes,yes,Correct,0.44410000000000005
misleading,6,dev_1721,yes,YES,yes,yes,Correct,0.44639999999999996
misleading,6,dev_1786,yes,"Yes, New York City still has rent control.",yes,yes,Correct,0.3422
misleading,6,dev_1970,yes,YES,yes,yes,Correct,0.4492
misleading,6,dev_1985,yes,YES,yes,yes,Correct,0.44789999999999996
misleading,6,dev_2448,no,NO,no,no,Correct,0.44730000000000003
misleading,6,dev_0066,yes,I don't know.,i,idk,IDK,0.4432
misleading,6,dev_0088,yes,"Yes, it is possible to create mass from energy, as described by Einstein's",yes,yes,Correct,0.44380000000000003
misleading,6,dev_0196,yes,"Yes, T. rex skulls have been found.",yes,yes,Correct,0.4457
misleading,6,dev_0262,yes,YES,yes,yes,Correct,0.4269
misleading,6,dev_0271,yes,YES,yes,yes,Correct,0.4446
misleading,6,dev_0329,yes,Yes,yes,yes,Correct,0.44589999999999996
misleading,6,dev_0331,yes,YES,yes,yes,Correct,0.44689999999999996
misleading,6,dev_0387,yes,YES,yes,yes,Correct,0.44880000000000003
misleading,6,dev_0418,yes,"Yes, it is possible to have thunder and lightning while snowing, although it",yes,yes,Correct,0.4683
misleading,6,dev_0616,yes,NO,no,no,Incorrect,0.44939999999999997
misleading,6,dev_0638,yes,Yes,yes,yes,Correct,0.4433
misleading,6,dev_0657,yes,I don't know.,i,idk,IDK,0.44389999999999996
misleading,6,dev_0692,yes,I don't know.,i,idk,IDK,0.44580000000000003
misleading,6,dev_0744,yes,I don't know.,i,idk,IDK,0.4279
misleading,6,dev_0797,yes,I don't know.,i,idk,IDK,0.21309999999999998
misleading,6,dev_0842,yes,"Yes, diffraction effects can be seen in sound waves, as they can bend around",yes,yes,Correct,0.4455
misleading,6,dev_1379,yes,"Yes, talc is the same as talcum powder. Talcum powder is",yes,yes,Correct,0.42760000000000004
misleading,6,dev_0126,no,I don't know.,i,idk,IDK,0.4446
misleading,6,dev_0342,no,I don't know.,i,idk,IDK,0.4422
misleading,6,dev_0437,no,I don't know.,i,idk,IDK,0.4497
misleading,6,dev_0553,no,I don't know.,i,idk,IDK,0.44310000000000005
misleading,6,dev_0652,no,I don't know,i,idk,IDK,0.44310000000000005
misleading,6,dev_0708,no,I don't know.,i,idk,IDK,0.44360000000000005
misleading,6,dev_1083,no,I don't know,i,idk,IDK,0.4465
misleading,6,dev_1142,no,I don't know.,i,idk,IDK,0.4466
misleading,6,dev_1354,no,I don't know.,i,idk,IDK,0.4423
misleading,6,dev_1460,no,I don't know.,i,idk,IDK,0.4452
misleading,6,dev_1468,no,I don't know.,i,idk,IDK,0.4428
misleading,6,dev_1559,no,I don't know. Log x can refer to either the common logarithm (base,i,idk,IDK,0.44780000000000003
misleading,6,dev_1595,no,I don't know.,i,idk,IDK,0.4442
misleading,6,dev_1643,no,I don't know.,i,idk,IDK,0.4285
misleading,6,dev_1692,no,I don't know.,i,idk,IDK,0.44210000000000005
misleading,6,dev_1726,no,"No, the vagus nerve is part of the peripheral nervous system (PNS",no,no,Correct,0.4506
misleading,6,dev_0008,yes,I don't know.,i,idk,IDK,0.44389999999999996
misleading,6,dev_0323,yes,YES,yes,yes,Correct,0.44780000000000003
misleading,6,dev_0794,yes,YES,yes,yes,Correct,0.447
misleading,6,dev_0866,yes,I don't know.,i,idk,IDK,0.44539999999999996
misleading,6,dev_0910,yes,"Yes, the Dewey Decimal System is still in use.",yes,yes,Correct,0.4278
misleading,6,dev_0992,yes,I don't know.,i,idk,IDK,0.4491
misleading,6,dev_1446,yes,"Yes, the Church of England and the Anglican Church are the same. The Church",yes,yes,Correct,0.4446
misleading,6,dev_0294,no,I don't know.,i,idk,IDK,0.44480000000000003
misleading,6,dev_0521,no,I don't know.,i,idk,IDK,0.1955
misleading,6,dev_0943,no,No.,no,no,Correct,0.4275
misleading,6,dev_1887,no,I don't know.,i,idk,IDK,0.44539999999999996
misleading,6,dev_2892,no,I don't know.,i,idk,IDK,0.44439999999999996
misleading,6,dev_2691,no,NO,no,no,Correct,0.4446
misleading,6,dev_0065,yes,"Yes, several players from the 1980 US hockey team, known as the",yes,yes,Correct,0.4477
misleading,6,dev_0245,yes,"No, in American football, a player can only advance the ball once before it",no,no,Incorrect,0.44480000000000003
misleading,6,dev_0315,yes,I don't know.,i,idk,IDK,0.44480000000000003
misleading,6,dev_0361,yes,NO,no,no,Incorrect,0.44310000000000005
misleading,6,dev_0550,yes,NO,no,no,Incorrect,0.4501
misleading,6,dev_0595,yes,Yes.,yes,yes,Correct,0.4275
misleading,6,dev_0966,yes,YES,yes,yes,Correct,0.44689999999999996
misleading,6,dev_1078,yes,I don't know.,i,idk,IDK,0.44439999999999996
misleading,6,dev_1224,yes,I don't know.,i,idk,IDK,0.4447
misleading,6,dev_1251,yes,"Yes, Croatia has placed in the World Cup. They reached the quarter-finals in",yes,yes,Correct,0.45139999999999997
misleading,6,dev_1260,yes,I don't know.,i,idk,IDK,0.4432
misleading,6,dev_1278,yes,"Yes, Cal Ripken Jr. is in the Hall of Fame.",yes,yes,Correct,0.426
misleading,6,dev_1462,yes,YES,yes,yes,Correct,0.44730000000000003
misleading,6,dev_1494,yes,"No, you cannot be offside on a corner kick.",no,no,Incorrect,0.4455
misleading,6,dev_1543,yes,YES,yes,yes,Correct,0.447
misleading,6,dev_2012,yes,"Yes, Dwight Howard played for the Houston Rockets.",yes,yes,Correct,0.3449
misleading,6,dev_2118,yes,NO,no,no,Incorrect,0.4472
misleading,6,dev_2272,yes,I don't know.,i,idk,IDK,0.4487
misleading,6,dev_2338,yes,I don't know,i,idk,IDK,0.4462
misleading,6,dev_2498,yes,I don't know.,i,idk,IDK,0.44489999999999996
misleading,6,dev_2509,yes,"Yes, the 2016 Golden State Warriors made a historic comeback from a",yes,yes,Correct,0.4466
misleading,6,dev_2917,yes,YES,yes,yes,Correct,0.44780000000000003
misleading,6,dev_2966,yes,"No, you cannot go to the NBA out of high school. The NBA has",no,no,Incorrect,0.4428
misleading,6,dev_2974,yes,"Yes, it is possible to run for 24 hours, although it is extremely",yes,yes,Correct,0.447
misleading,6,dev_3007,yes,"Yes, the Tour de France is different every year due to varying routes, stages",yes,yes,Correct,0.447
misleading,6,dev_3199,yes,"Yes, club professionals have won the PGA Championship. Notably, Jack Nicklaus",yes,yes,Correct,0.44410000000000005
misleading,6,dev_0222,no,I don't know.,i,idk,IDK,0.42710000000000004
misleading,6,dev_0398,no,"No, you cannot score from a throw-in in soccer.",no,no,Correct,0.4466
misleading,6,dev_0426,no,NO,no,no,Correct,0.44739999999999996
misleading,6,dev_0464,no,I don't know.,i,idk,IDK,0.2132
misleading,6,dev_0563,no,"No, Croatia has never won the soccer World Cup.",no,no,Correct,0.44389999999999996
misleading,6,dev_0658,no,"No, a walk in baseball is not a dead ball. A walk, also",no,no,Correct,0.4477
misleading,6,dev_1366,no,I don't know.,i,idk,IDK,0.4433
misleading,6,dev_1471,no,I don't know.,i,idk,IDK,0.4451
misleading,6,dev_1558,no,NO,no,no,Correct,0.44239999999999996
misleading,6,dev_1580,no,NO,no,no,Correct,0.445
misleading,6,dev_2401,no,NO,no,no,Correct,0.44630000000000003
misleading,6,dev_2436,no,I don't know.,i,idk,IDK,0.44589999999999996
misleading,6,dev_3224,no,I don't know,i,idk,IDK,0.4435
misleading,6,dev_0022,yes,Yes.,yes,yes,Correct,0.4442
misleading,6,dev_0132,yes,YES,yes,yes,Correct,0.4288
misleading,6,dev_0268,yes,YES,yes,yes,Correct,0.4462
misleading,6,dev_0646,yes,I don't know.,i,idk,IDK,0.2127
misleading,6,dev_0697,yes,I don't know.,i,idk,IDK,0.4315
misleading,6,dev_0935,yes,"Yes, we can have multiple foreign keys in a table.",yes,yes,Correct,0.44480000000000003
misleading,6,dev_1159,yes,I don't know.,i,idk,IDK,0.4447
misleading,6,dev_1376,yes,Yes.,yes,yes,Correct,0.42460000000000003
misleading,6,dev_1646,yes,"No, cast-iron pans cannot be used on an induction cooktop because they",no,no,Incorrect,0.4446
misleading,6,dev_1869,yes,"Yes, a database table can have multiple foreign keys.",yes,yes,Correct,0.4447
misleading,6,dev_2397,yes,"Yes, there are cell phone jammers, but their use is illegal in many",yes,yes,Correct,0.44410000000000005
misleading,6,dev_0512,no,NO,no,no,Correct,0.44339999999999996
misleading,6,dev_1524,no,No.,no,no,Correct,0.42669999999999997
misleading,6,dev_1675,no,I don't know.,i,idk,IDK,0.1955
misleading,6,dev_1723,no,I don't know.,i,idk,IDK,0.44839999999999997
misleading,6,dev_2027,no,NO,no,no,Correct,0.44389999999999996
misleading,6,dev_2104,no,I don't know.,i,idk,IDK,0.4423
misleading,6,dev_2262,no,I don't know.,i,idk,IDK,0.444
misleading,6,dev_2431,no,"No, in a tree data structure, a node cannot have two parents. Each",no,no,Correct,0.44410000000000005
misleading,6,dev_2524,no,NO,no,no,Correct,0.44680000000000003
misleading,6,dev_3057,no,"No, Windows Subsystem for Linux (WSL) is not a virtual machine",no,no,Correct,0.42810000000000004
misleading,6,dev_3167,no,I don't know.,i,idk,IDK,0.444
misleading,11,dev_0023,yes,NO,no,no,Incorrect,0.5731
misleading,11,dev_0039,no,YES,yes,yes,Incorrect,0.2824
misleading,11,dev_0055,no,YES,yes,yes,Incorrect,0.5515
misleading,11,dev_0059,no,I don't know.,i,idk,IDK,0.5782999999999999
misleading,11,dev_0068,no,NO,no,no,Correct,0.5507000000000001
misleading,11,dev_0087,yes,NO,no,no,Incorrect,0.5725
misleading,11,dev_0107,no,I don't know.,i,idk,IDK,0.5724
misleading,11,dev_0120,yes,NO,no,no,Incorrect,0.549
misleading,11,dev_0138,no,YES,yes,yes,Incorrect,0.5512999999999999
misleading,11,dev_0151,no,I don't know.,i,idk,IDK,0.5529
misleading,11,dev_0163,yes,NO,no,no,Incorrect,0.30210000000000004
misleading,11,dev_0165,no,YES,yes,yes,Incorrect,0.5717000000000001
misleading,11,dev_0207,no,NO,no,no,Correct,0.5734
misleading,11,dev_0210,no,YES,yes,yes,Incorrect,0.5529
misleading,11,dev_0221,no,YES,yes,yes,Incorrect,0.26339999999999997
misleading,11,dev_0229,yes,"Yes, all UK National Insurance numbers have a letter at the end.",yes,yes,Correct,0.5738
misleading,11,dev_0237,no,"Yes, there is a difference between 2-cycle and 2-stroke engines",yes,yes,Incorrect,0.5521
misleading,11,dev_0243,no,"Yes, there is a Chinatown in St. Louis, Missouri.",yes,yes,Incorrect,0.5729
misleading,11,dev_0248,yes,NO,no,no,Incorrect,0.5772999999999999
misleading,11,dev_0249,yes,I don't know.,i,idk,IDK,0.3276
misleading,11,dev_0251,yes,NO,no,no,Incorrect,0.5497000000000001
misleading,11,dev_0257,yes,NO,no,no,Incorrect,0.5512999999999999
misleading,11,dev_0270,no,"Yes, there are several U.S. states where the legal drinking age is",yes,yes,Incorrect,0.551
misleading,11,dev_0287,yes,I don't know.,i,idk,IDK,0.3501
misleading,11,dev_0295,no,"Yes, there is a difference between doves and pigeons. Doves are",yes,yes,Incorrect,0.5717000000000001
misleading,11,dev_0298,yes,NO,no,no,Incorrect,0.5508
misleading,11,dev_0312,no,I don't know.,i,idk,IDK,0.5498999999999999
misleading,11,dev_0316,yes,"No, the internal intercostal muscles contract during forced expiration, not inspiration.",no,no,Incorrect,0.5706
misleading,11,dev_0318,yes,"Yes, an Ace-2-3-4-5 is a straight in",yes,yes,Correct,0.5959
misleading,11,dev_0321,yes,NO,no,no,Incorrect,0.286
misleading,11,dev_0333,yes,NO,no,no,Incorrect,0.30210000000000004
misleading,11,dev_0336,no,"Yes, there is a difference between Muay Thai and Thai boxing. Muay",yes,yes,Incorrect,0.5488
misleading,11,dev_0343,yes,I don't know.,i,idk,IDK,0.5772999999999999
misleading,11,dev_0352,no,"No, you cannot score off a throw-in in soccer. A throw-in is",no,no,Correct,0.5752999999999999
misleading,11,dev_0355,no,I don't know.,i,idk,IDK,0.5818
misleading,11,dev_0364,no,I don't know.,i,idk,IDK,0.5737000000000001
misleading,11,dev_0366,no,"Yes, the pelvic brim (or pelvic inlet) separates the abdominal cavity from the",yes,yes,Incorrect,0.571
misleading,11,dev_0406,no,Yes.,yes,yes,Incorrect,0.5509
misleading,11,dev_0428,no,NO,no,no,Correct,0.5752
misleading,11,dev_0429,yes,YES,yes,yes,Correct,0.2836
misleading,11,dev_0430,yes,"No, the Banaue Rice Terraces are not one of the 7 Wonders",no,no,Incorrect,0.5727000000000001
misleading,11,dev_0436,no,I don't know.,i,idk,IDK,0.599
misleading,11,dev_0441,no,I don't know.,i,idk,IDK,0.573
misleading,11,dev_0442,yes,NO,no,no,Incorrect,0.2817
misleading,11,dev_0479,no,"Yes, there are miniature pig breeds, such as the Mangalitsa and the",yes,yes,Incorrect,0.5951000000000001
misleading,11,dev_0481,no,NO,no,no,Correct,0.26330000000000003
misleading,11,dev_0482,no,NO,no,no,Correct,0.604
misleading,11,dev_0487,no,I don't know.,i,idk,IDK,0.3078
misleading,11,dev_0504,yes,NO,no,no,Incorrect,0.5737000000000001
misleading,11,dev_0509,no,"Yes, the AR-15 is used in the military.",yes,yes,Incorrect,0.5529
misleading,11,dev_0532,no,I don't know.,i,idk,IDK,0.5522999999999999
misleading,11,dev_0534,no,YES,yes,yes,Incorrect,0.283
misleading,11,dev_0536,yes,"No, Thanos did not appear in the first Guardians of Galaxy film.",no,no,Incorrect,0.5779
misleading,11,dev_0537,no,I don't know,i,idk,IDK,0.595
misleading,11,dev_0546,yes,"No, the College of William & Mary is not an Ivy League school. It",no,no,Incorrect,0.5719
misleading,11,dev_0560,no,"Yes, the University of Tampa has a football team.",yes,yes,Incorrect,0.463
misleading,11,dev_0568,no,I don't know,i,idk,IDK,0.5712999999999999
misleading,11,dev_0569,no,NO,no,no,Correct,0.5517000000000001
misleading,11,dev_0588,yes,NO,no,no,Incorrect,0.2811
misleading,11,dev_0594,no,NO,no,no,Correct,0.5741
misleading,11,dev_0596,no,I don't know.,i,idk,IDK,0.5475
misleading,11,dev_0598,yes,NO,no,no,Incorrect,0.2843
misleading,11,dev_0612,yes,"No, popcorn is made from popped corn kernels, not from corn on the cob",no,no,Incorrect,0.5472
misleading,11,dev_0617,yes,YES,yes,yes,Correct,0.5732999999999999
misleading,11,dev_0662,yes,NO,no,no,Incorrect,0.2831
misleading,11,dev_0678,no,NO,no,no,Correct,0.5474
misleading,11,dev_0696,no,"Yes, there is a seat belt law in New Hampshire. Drivers and front-seat",yes,yes,Incorrect,0.5786
misleading,11,dev_0711,yes,NO,no,no,Incorrect,0.2822
misleading,11,dev_0718,yes,NO,no,no,Incorrect,0.2805
misleading,11,dev_0724,no,I don't know.,i,idk,IDK,0.5737000000000001
misleading,11,dev_0731,no,I don't know.,i,idk,IDK,0.3044
misleading,11,dev_0737,no,I don't know.,i,idk,IDK,0.3265
misleading,11,dev_0754,yes,I don't know.,i,idk,IDK,0.32989999999999997
misleading,11,dev_0759,no,I don't know.,i,idk,IDK,0.5457000000000001
misleading,11,dev_0764,yes,No,no,no,Incorrect,0.5701
misleading,11,dev_0782,yes,NO,no,no,Incorrect,0.3044
misleading,11,dev_0817,no,I don't know.,i,idk,IDK,0.5528
misleading,11,dev_0829,no,NO,no,no,Correct,0.2827
misleading,11,dev_0832,no,YES,yes,yes,Incorrect,0.5772
misleading,11,dev_0837,yes,"I don't know. Universal healthcare and socialized medicine are related concepts, but they",i,idk,IDK,0.579
misleading,11,dev_0853,no,NO,no,no,Correct,0.5704
misleading,11,dev_0854,no,NO,no,no,Correct,0.5287000000000001
misleading,11,dev_0862,no,I don't know.,i,idk,IDK,0.5529
misleading,11,dev_0871,yes,I don't know.,i,idk,IDK,0.3044
misleading,11,dev_0916,yes,NO,no,no,Incorrect,0.5512
misleading,11,dev_0922,yes,NO,no,no,Incorrect,0.5731
misleading,11,dev_0933,no,YES,yes,yes,Incorrect,0.5712999999999999
misleading,11,dev_0934,yes,NO,no,no,Incorrect,0.26330000000000003
misleading,11,dev_0940,yes,NO,no,no,Incorrect,0.5488999999999999
misleading,11,dev_0944,no,"Yes, Greece and Rome were contemporaneous, with the Roman Republic emerging around",yes,yes,Incorrect,0.5759
misleading,11,dev_0952,yes,NO,no,no,Incorrect,0.5534
misleading,11,dev_0958,yes,"No, the eyes are not part of the nervous system. They are part of",no,no,Incorrect,0.5761000000000001
misleading,11,dev_0981,no,I don't know.,i,idk,IDK,0.3277
misleading,11,dev_0991,yes,"NO, you do not need a license to watch TV in England. However,",no,no,Incorrect,0.5712999999999999
misleading,11,dev_0994,yes,I don't know.,i,idk,IDK,0.5732
misleading,11,dev_0996,no,"Yes, Radiator Springs is a fictional town featured in Pixar's animated film """,yes,yes,Incorrect,0.5972999999999999
misleading,11,dev_1006,no,I don't know.,i,idk,IDK,0.3043
misleading,11,dev_1011,no,"Yes, the World Cup trophy is commonly known as the Jules Rimet Trophy,",yes,yes,Incorrect,0.5701
misleading,11,dev_1022,yes,NO,no,no,Incorrect,0.5725
misleading,11,dev_1049,no,I don't know.,i,idk,IDK,0.287
misleading,11,dev_1062,yes,"No, a wheel and axle cannot be called a lever. A wheel and axle",no,no,Incorrect,0.573
misleading,11,dev_1075,yes,I don't know.,i,idk,IDK,0.5531
misleading,11,dev_1102,no,I don't know.,i,idk,IDK,0.5715
misleading,11,dev_1110,yes,"No, there are two rounds in the NBA draft, but there is also a",no,no,Incorrect,0.5732
misleading,11,dev_1112,no,I don't know.,i,idk,IDK,0.5702999999999999
misleading,11,dev_1113,yes,I don't know.,i,idk,IDK,0.3029
misleading,11,dev_1121,no,Yes.,yes,yes,Incorrect,0.5501
misleading,11,dev_1133,no,"Yes, The Crew 2 has a storyline. It is a racing game with",yes,yes,Incorrect,0.577
misleading,11,dev_1138,yes,NO,no,no,Incorrect,0.2843
misleading,11,dev_1146,yes,Yes.,yes,yes,Correct,0.2828
misleading,11,dev_1155,yes,NO,no,no,Incorrect,0.558
misleading,11,dev_1175,no,"Yes, Michigan was a state during the Civil War.",yes,yes,Incorrect,0.5066
misleading,11,dev_1178,no,"Yes, the 1970 Cincinnati Reds went undefeated during the regular season, winning",yes,yes,Incorrect,0.5522999999999999
misleading,11,dev_1183,yes,NO,no,no,Incorrect,0.5712999999999999
misleading,11,dev_1196,no,YES,yes,yes,Incorrect,0.5491
misleading,11,dev_1204,yes,"No, the Eye of Agamotto is not the Time Stone. It is",no,no,Incorrect,0.5744
misleading,11,dev_1205,no,NO,no,no,Correct,0.5708
misleading,11,dev_1209,yes,I don't know.,i,idk,IDK,0.5782999999999999
misleading,11,dev_1227,no,Yes,yes,yes,Incorrect,0.5527000000000001
misleading,11,dev_1229,no,I don't know.,i,idk,IDK,0.30460000000000004
misleading,11,dev_1230,yes,Yes.,yes,yes,Correct,0.5505
misleading,11,dev_1235,no,YES,yes,yes,Incorrect,0.553
misleading,11,dev_1239,yes,NO,no,no,Incorrect,0.573
misleading,11,dev_1241,no,"Yes, there is a main-group element in period 6. The main-group",yes,yes,Incorrect,0.5715
misleading,11,dev_1250,yes,YES,yes,yes,Correct,0.26030000000000003
misleading,11,dev_1256,yes,Yes,yes,yes,Correct,0.26330000000000003
misleading,11,dev_1261,no,"Yes, Louisiana has a state income tax.",yes,yes,Incorrect,0.5747000000000001
misleading,11,dev_1267,no,Yes,yes,yes,Incorrect,0.5714
misleading,11,dev_1271,no,YES,yes,yes,Incorrect,0.5504
misleading,11,dev_1283,yes,NO,no,no,Incorrect,0.2626
misleading,11,dev_1285,no,"Yes, a woman has won the Indianapolis 500. Danica Patrick won the",yes,yes,Incorrect,0.5694
misleading,11,dev_1286,no,"Yes, there is a difference between lightning bugs and fireflies. Both terms refer",yes,yes,Incorrect,0.5709
misleading,11,dev_1294,yes,NO,no,no,Incorrect,0.5707000000000001
misleading,11,dev_1296,yes,I don't know,i,idk,IDK,0.5728
misleading,11,dev_1303,no,NO,no,no,Correct,0.5699
misleading,11,dev_1307,yes,NO,no,no,Incorrect,0.5505
misleading,11,dev_1311,yes,NO,no,no,Incorrect,0.5517000000000001
misleading,11,dev_1316,yes,"No, the Gateway Arch in St. Louis is not a national park. It",no,no,Incorrect,0.5732999999999999
misleading,11,dev_1317,no,"No, planets are not involved in the formation of a planetary nebula. Planet",no,no,Correct,0.5726
misleading,11,dev_1333,yes,NO,no,no,Incorrect,0.572
misleading,11,dev_1336,yes,"Yes, there are nerves in the central nervous system. The central nervous system (",yes,yes,Correct,0.5985
misleading,11,dev_1345,no,"Yes, there is a difference. A confidentiality agreement and a non-disclosure agreement",yes,yes,Incorrect,0.546
misleading,11,dev_1359,no,NO,no,no,Correct,0.5722
misleading,11,dev_1370,yes,NO,no,no,Incorrect,0.5716
misleading,11,dev_1371,no,I don't know.,i,idk,IDK,0.5717000000000001
misleading,11,dev_1372,yes,"NO, a kilowatt-hour is a unit of energy, not power. Power",no,no,Incorrect,0.5761000000000001
misleading,11,dev_1382,no,NO,no,no,Correct,0.5752
misleading,11,dev_1406,no,"Yes, the Postmaster General is appointed by the president.",yes,yes,Incorrect,0.48260000000000003
misleading,11,dev_1408,yes,NO,no,no,Incorrect,0.30589999999999995
misleading,11,dev_1413,yes,NO,no,no,Incorrect,0.6027
misleading,11,dev_1419,yes,NO,no,no,Incorrect,0.5514
misleading,11,dev_1420,yes,I don't know.,i,idk,IDK,0.5952000000000001
misleading,11,dev_1423,no,YES,yes,yes,Incorrect,0.5718
misleading,11,dev_1424,no,"I don't know. While Hawaii generally has a tropical climate, temperatures can vary depending",i,idk,IDK,0.5517000000000001
misleading,11,dev_1436,no,NO,no,no,Correct,0.5708
misleading,11,dev_1438,yes,NO,no,no,Incorrect,0.6036
misleading,11,dev_1452,no,"Yes, a neurotransmitter can be both excitatory and inhibitory depending on the type",yes,yes,Incorrect,0.5775
misleading,11,dev_1455,yes,"No, the abdomen is the body region that houses the stomach, among other organs",no,no,Incorrect,0.5706
misleading,11,dev_1464,no,"NO, sweet potatoes are not part of the potato family. They belong to the",no,no,Correct,0.5715
misleading,11,dev_1467,yes,I don't know. The passing grade for A-levels can vary depending on the,i,idk,IDK,0.553
misleading,11,dev_1473,yes,NO,no,no,Incorrect,0.5717000000000001
misleading,11,dev_1489,yes,NO,no,no,Incorrect,0.5779
misleading,11,dev_1498,yes,"Yes, the Nobel Peace Prize is awarded every year.",yes,yes,Correct,0.48769999999999997
misleading,11,dev_1508,no,I don't know.,i,idk,IDK,0.331
misleading,11,dev_1515,no,YES,yes,yes,Incorrect,0.6277
misleading,11,dev_1517,yes,NO,no,no,Incorrect,0.5492
misleading,11,dev_1528,yes,I don't know.,i,idk,IDK,0.5727000000000001
misleading,11,dev_1533,no,I don't know.,i,idk,IDK,0.30410000000000004
misleading,11,dev_1534,no,"No, a baseball player cannot legally catch a ball in the stands as it is",no,no,Correct,0.575
misleading,11,dev_1546,yes,NO,no,no,Incorrect,0.2843
misleading,11,dev_1552,yes,"No, the poly(A) tail is added after the stop codon during the",no,no,Incorrect,0.57
misleading,11,dev_1557,no,YES,yes,yes,Incorrect,0.5752999999999999
misleading,11,dev_1563,no,YES,yes,yes,Incorrect,0.5742
misleading,11,dev_1627,no,NO,no,no,Correct,0.5579
misleading,11,dev_1632,yes,NO,no,no,Incorrect,0.2818
misleading,11,dev_1650,yes,"Yes, it is illegal to take a stop sign. Taking a stop sign is",yes,yes,Correct,0.5764
misleading,11,dev_1655,no,"Yes, there is a difference. Soy refers to the plant, while soya",yes,yes,Incorrect,0.5502
misleading,11,dev_1658,yes,NO,no,no,Incorrect,0.286
misleading,11,dev_1659,yes,YES,yes,yes,Correct,0.5706
misleading,11,dev_1673,yes,NO,no,no,Incorrect,0.5529
misleading,11,dev_1680,no,YES,yes,yes,Incorrect,0.5498
misleading,11,dev_1687,no,"Yes, there are warrant officers in the U.S. Air Force.",yes,yes,Incorrect,0.553
misleading,11,dev_1698,no,NO,no,no,Correct,0.2834
misleading,11,dev_1707,yes,Yes.,yes,yes,Correct,0.553
misleading,11,dev_1727,yes,I don't know.,i,idk,IDK,0.32789999999999997
misleading,11,dev_1736,no,I don't know.,i,idk,IDK,0.308
misleading,11,dev_1737,yes,I don't know.,i,idk,IDK,0.3479
misleading,11,dev_1740,yes,"No, spongy bone is not found in the medullary cavity.",no,no,Incorrect,0.5759
misleading,11,dev_1743,no,I don't know.,i,idk,IDK,0.327
misleading,11,dev_1749,yes,I don't know.,i,idk,IDK,0.5774
misleading,11,dev_1750,no,"No, fighting words are not protected under freedom of speech. The U.S.",no,no,Correct,0.5779
misleading,11,dev_1757,yes,"NO, the profit and loss statement and income statement are not the same thing.",no,no,Incorrect,0.553
misleading,11,dev_1763,yes,"Yes, the House of Representatives is one of the two chambers of Congress, the",yes,yes,Correct,0.5947
misleading,11,dev_1775,no,NO,no,no,Correct,0.26139999999999997
misleading,11,dev_1789,no,I don't know.,i,idk,IDK,0.3255
misleading,11,dev_1806,no,I don't know.,i,idk,IDK,0.5953999999999999
misleading,11,dev_1814,no,YES,yes,yes,Incorrect,0.5519
misleading,11,dev_1823,yes,I don't know,i,idk,IDK,0.5722999999999999
misleading,11,dev_1832,no,"Yes, there is a real town called Garrison in Colorado.",yes,yes,Incorrect,0.5304
misleading,11,dev_1849,yes,"Yes, one person can be both Responsible and Accountable in a RACI chart",yes,yes,Correct,0.571
misleading,11,dev_1851,no,YES,yes,yes,Incorrect,0.5517000000000001
misleading,11,dev_1857,no,YES,yes,yes,Incorrect,0.5762
misleading,11,dev_1895,yes,NO,no,no,Incorrect,0.2829
misleading,11,dev_1906,no,I don't know,i,idk,IDK,0.5722
misleading,11,dev_1916,yes,NO,no,no,Incorrect,0.3033
misleading,11,dev_1919,yes,"Yes, one element can be transmuted into another through nuclear reactions, such",yes,yes,Correct,0.5734
misleading,11,dev_1924,yes,NO,no,no,Incorrect,0.5762999999999999
misleading,11,dev_1938,no,"Yes, the empty set is an element of the set that contains the empty set",yes,yes,Incorrect,0.5505
misleading,11,dev_1948,yes,NO,no,no,Incorrect,0.5712
misleading,11,dev_1950,no,NO,no,no,Correct,0.5511
misleading,11,dev_1960,no,NO,no,no,Correct,0.5732
misleading,11,dev_1977,no,"No, according to the U.S. Constitution, a presidential candidate must be a",no,no,Correct,0.5508
misleading,11,dev_1995,yes,"No, winning the FA Cup does not qualify a team for Europe. The qualification",no,no,Incorrect,0.5728
misleading,11,dev_1997,yes,I don't know.,i,idk,IDK,0.5776
misleading,11,dev_2009,no,YES,yes,yes,Incorrect,0.5504
misleading,11,dev_2032,yes,YES,yes,yes,Correct,0.5742
misleading,11,dev_2045,yes,I don't know. While there is no explicit constitutional prohibition against a Supreme Court justice,i,idk,IDK,0.6023
misleading,11,dev_2053,no,"Yes, you must be serving to score in tennis.",yes,yes,Incorrect,0.5777
misleading,11,dev_2061,no,"I don't know. As an AI, I don't have personal relationships or legal rights",i,idk,IDK,0.5978
misleading,11,dev_2065,yes,I don't know.,i,idk,IDK,0.33039999999999997
misleading,11,dev_2068,yes,"No, Allied Waste and Republic Services are two separate companies in the waste management industry",no,no,Incorrect,0.576
misleading,11,dev_2078,no,"Yes, black cumin seed and black seed refer to the same spice, Nigella",yes,yes,Incorrect,0.5744
misleading,11,dev_2079,yes,YES,yes,yes,Correct,0.2856
misleading,11,dev_2088,no,"No, there is no official language at the federal level in the United States,",no,no,Correct,0.5789
misleading,11,dev_2091,no,YES,yes,yes,Incorrect,0.578
misleading,11,dev_2094,no,"Yes, there is an airport in Fort Walton Beach, Florida, known as Fort",yes,yes,Incorrect,0.5512
misleading,11,dev_2095,yes,NO,no,no,Incorrect,0.2849
misleading,11,dev_2139,no,I don't know.,i,idk,IDK,0.3261
misleading,11,dev_2166,yes,I don't know. Staring at a bright light can cause temporary discomfort or damage,i,idk,IDK,0.549
misleading,11,dev_2184,no,YES,yes,yes,Incorrect,0.5752
misleading,11,dev_2187,yes,NO,no,no,Incorrect,0.595
misleading,11,dev_2192,no,"NO, a colonel is higher than a lieutenant colonel.",no,no,Correct,0.5528
misleading,11,dev_2196,no,"Yes, red-eared slider turtles lay their eggs in water.",yes,yes,Incorrect,0.5717000000000001
misleading,11,dev_2199,yes,NO,no,no,Incorrect,0.2826
misleading,11,dev_2204,yes,NO,no,no,Incorrect,0.2859
misleading,11,dev_2220,no,"Yes, the ball is dead on an infield fly.",yes,yes,Incorrect,0.508
misleading,11,dev_2224,no,I don't know.,i,idk,IDK,0.3265
misleading,11,dev_2232,no,YES,yes,yes,Incorrect,0.5748
misleading,11,dev_2234,no,I don't know.,i,idk,IDK,0.32889999999999997
misleading,11,dev_2237,no,"Yes, the Riviera Maya is on the Gulf of Mexico.",yes,yes,Incorrect,0.5061
misleading,11,dev_2247,yes,NO,no,no,Incorrect,0.5725
misleading,11,dev_2248,yes,"No, pixel density and resolution are not the same thing. Pixel density refers to",no,no,Incorrect,0.5736
misleading,11,dev_2266,no,"Yes, a Nissan Pathfinder is considered a full-size SUV.",yes,yes,Incorrect,0.5083
misleading,11,dev_2275,yes,I don't know.,i,idk,IDK,0.5767
misleading,11,dev_2295,yes,I don't know.,i,idk,IDK,0.549
misleading,11,dev_2304,yes,NO,no,no,Incorrect,0.2811
misleading,11,dev_2306,yes,NO,no,no,Incorrect,0.5768
misleading,11,dev_2310,no,NO,no,no,Correct,0.2842
misleading,11,dev_2315,yes,"NO, centripetal and centrifugal forces are not an action-reaction pair.",no,no,Incorrect,0.5782
misleading,11,dev_2323,no,I don't know.,i,idk,IDK,0.3058
misleading,11,dev_2328,no,I don't know.,i,idk,IDK,0.32480000000000003
misleading,11,dev_2350,no,"Yes, Little House on the Prairie is fiction.",yes,yes,Incorrect,0.5755
misleading,11,dev_2382,yes,NO,no,no,Incorrect,0.30269999999999997
misleading,11,dev_2387,yes,NO,no,no,Incorrect,0.5736
misleading,11,dev_2388,no,"Yes, an individual can be retried if new evidence is found, as long",yes,yes,Incorrect,0.5701
misleading,11,dev_2396,yes,NO,no,no,Incorrect,0.2845
misleading,11,dev_2408,yes,I don't know.,i,idk,IDK,0.5488999999999999
misleading,11,dev_2413,no,"Yes, the movie Stalingrad is based on a true story. It is",yes,yes,Incorrect,0.5704
misleading,11,dev_2428,yes,I don't know.,i,idk,IDK,0.5468
misleading,11,dev_2433,no,I don't know. The acceptability of facial hair in the military varies depending on,i,idk,IDK,0.5527000000000001
misleading,11,dev_2434,no,YES,yes,yes,Incorrect,0.5736
misleading,11,dev_2447,no,I don't know,i,idk,IDK,0.5942999999999999
misleading,11,dev_2473,yes,NO,no,no,Incorrect,0.599
misleading,11,dev_2479,no,"NO, Hong Kong is not inside the Great Firewall of China. Hong Kong is",no,no,Correct,0.5787
misleading,11,dev_2504,no,YES,yes,yes,Incorrect,0.2645
misleading,11,dev_2532,yes,NO,no,no,Incorrect,0.5707000000000001
misleading,11,dev_2537,no,I don't know.,i,idk,IDK,0.5738
misleading,11,dev_2538,no,I don't know.,i,idk,IDK,0.348
misleading,11,dev_2547,yes,I don't know.,i,idk,IDK,0.5777
misleading,11,dev_2548,no,NO,no,no,Correct,0.5716
misleading,11,dev_2555,no,I don't know.,i,idk,IDK,0.596
misleading,11,dev_2566,no,YES,yes,yes,Incorrect,0.5701
misleading,11,dev_2572,no,NO,no,no,Correct,0.57
misleading,11,dev_2577,no,YES,yes,yes,Incorrect,0.5492
misleading,11,dev_2605,yes,NO,no,no,Incorrect,0.3038
misleading,11,dev_2614,yes,I don't know.,i,idk,IDK,0.3075
misleading,11,dev_2622,no,"Yes, 7.62 NATO and .308 Win refer to the same cartridge",yes,yes,Incorrect,0.5756
misleading,11,dev_2634,yes,"I don't know. The term ""in hand"" is not a standard term in",i,idk,IDK,0.5771000000000001
misleading,11,dev_2643,no,I don't know.,i,idk,IDK,0.5775
misleading,11,dev_2655,yes,NO,no,no,Incorrect,0.26180000000000003
misleading,11,dev_2656,yes,I don't know.,i,idk,IDK,0.3265
misleading,11,dev_2690,yes,NO,no,no,Incorrect,0.5721
misleading,11,dev_2719,no,NO,no,no,Correct,0.5521
misleading,11,dev_2727,no,I don't know.,i,idk,IDK,0.5458999999999999
misleading,11,dev_2750,yes,NO,no,no,Incorrect,0.5451
misleading,11,dev_2757,yes,I don't know.,i,idk,IDK,0.3287
misleading,11,dev_2770,yes,I don't know.,i,idk,IDK,0.5522
misleading,11,dev_2791,yes,"No, the gut refers to the entire gastrointestinal tract, which includes the stomach,",no,no,Incorrect,0.5757000000000001
misleading,11,dev_2813,yes,"No, The Greatest Showman is a fictional musical drama film, not based on",no,no,Incorrect,0.5512999999999999
misleading,11,dev_2821,yes,NO,no,no,Incorrect,0.2864
misleading,11,dev_2832,yes,"NO, shea butter is made from the nuts of the shea tree,",no,no,Incorrect,0.5722999999999999
misleading,11,dev_2838,no,I don't know.,i,idk,IDK,0.3048
misleading,11,dev_2853,no,I don't know.,i,idk,IDK,0.5496
misleading,11,dev_2870,no,YES,yes,yes,Incorrect,0.2826
misleading,11,dev_2875,yes,NO,no,no,Incorrect,0.2632
misleading,11,dev_2880,no,"Yes, the County Court Business Centre is a real court in the United Kingdom,",yes,yes,Incorrect,0.5721
misleading,11,dev_2890,no,"No, non-permanent members of the Security Council do not have veto power.",no,no,Correct,0.5759
misleading,11,dev_2901,yes,NO,no,no,Incorrect,0.5516
misleading,11,dev_2906,yes,NO,no,no,Incorrect,0.5731
misleading,11,dev_2919,no,NO,no,no,Correct,0.5456
misleading,11,dev_2931,yes,NO,no,no,Incorrect,0.5512999999999999
misleading,11,dev_2933,no,"Yes, commercial aircraft do fly over the North Pole, although it is not a",yes,yes,Incorrect,0.5527000000000001
misleading,11,dev_2956,yes,NO,no,no,Incorrect,0.5482
misleading,11,dev_2959,no,NO,no,no,Correct,0.5726
misleading,11,dev_2967,yes,"NO, the sun always appears to shine from the south in the Northern Hemisphere due",no,no,Incorrect,0.576
misleading,11,dev_2973,no,"Yes, there is a second movie to The Golden Compass, titled ""The Golden",yes,yes,Incorrect,0.5478999999999999
misleading,11,dev_2991,yes,I don't know.,i,idk,IDK,0.33039999999999997
misleading,11,dev_3000,yes,I don't know.,i,idk,IDK,0.5705
misleading,11,dev_3015,yes,"No, keyless entry and remote start are not the same. Keyless entry",no,no,Incorrect,0.5515
misleading,11,dev_3027,no,"No, you cannot travel to Ireland with a Schengen visa. Ireland is not",no,no,Correct,0.5306000000000001
misleading,11,dev_3029,no,YES,yes,yes,Incorrect,0.5701
misleading,11,dev_3035,no,I don't know.,i,idk,IDK,0.5717000000000001
misleading,11,dev_3040,no,"Yes, a no-insurance ticket is considered a moving violation.",yes,yes,Incorrect,0.5524
misleading,11,dev_3073,no,I don't know.,i,idk,IDK,0.5509
misleading,11,dev_3079,yes,"No, salary is not included in the cost of goods sold (COGS).",no,no,Incorrect,0.5463
misleading,11,dev_3089,yes,NO,no,no,Incorrect,0.5522999999999999
misleading,11,dev_3105,yes,NO,no,no,Incorrect,0.5465
misleading,11,dev_3106,yes,I don't know.,i,idk,IDK,0.5716
misleading,11,dev_3107,yes,"Yes, there have been recess appointments to the Supreme Court. The most notable example",yes,yes,Correct,0.5727000000000001
misleading,11,dev_3122,no,Yes.,yes,yes,Incorrect,0.5481
misleading,11,dev_3143,no,NO,no,no,Correct,0.5729
misleading,11,dev_3173,no,I don't know.,i,idk,IDK,0.3033
misleading,11,dev_3183,no,"Yes, the winner of the British Open gets to keep the Claret Jug.",yes,yes,Incorrect,0.571
misleading,11,dev_3187,yes,NO,no,no,Incorrect,0.5761000000000001
misleading,11,dev_3204,no,"Yes, the fundus of the gallbladder is located near the cystic",yes,yes,Incorrect,0.5717000000000001
misleading,11,dev_3212,yes,NO,no,no,Incorrect,0.573
misleading,11,dev_3221,no,NO,no,no,Correct,0.5516
misleading,11,dev_3231,yes,"No, the standard error is not the same as the standard deviation. The standard",no,no,Incorrect,0.5702
misleading,11,dev_3232,yes,I don't know.,i,idk,IDK,0.5501
misleading,11,dev_3238,yes,"NO, the non-striker cannot be run out by the bowler. In",no,no,Incorrect,0.5965
misleading,11,dev_3239,yes,I don't know.,i,idk,IDK,0.3307
misleading,11,dev_3241,yes,NO,no,no,Incorrect,0.5758
misleading,11,dev_3242,yes,I don't know.,i,idk,IDK,0.5706
misleading,11,dev_0031,yes,I don't know.,i,idk,IDK,0.5714
misleading,11,dev_0148,yes,"No, Sméagol does not die in The Lord of the Rings.",no,no,Incorrect,0.577
misleading,11,dev_0178,yes,YES,yes,yes,Correct,0.5759
misleading,11,dev_0410,yes,NO,no,no,Incorrect,0.2627
misleading,11,dev_0419,yes,Yes,yes,yes,Correct,0.2845
misleading,11,dev_0448,yes,"Yes, Jefferson Airplane is in the Rock and Roll Hall of Fame.",yes,yes,Correct,0.5764
misleading,11,dev_0224,no,I don't know.,i,idk,IDK,0.3295
misleading,11,dev_0317,no,I don't know.,i,idk,IDK,0.5481
misleading,11,dev_0368,no,I don't know.,i,idk,IDK,0.32930000000000004
misleading,11,dev_0507,no,I don't know.,i,idk,IDK,0.32689999999999997
misleading,11,dev_0603,no,"No, ""The Seven Ages of Man"" is not a sonnet. It",no,no,Correct,0.5443
misleading,11,dev_0938,no,I don't know.,i,idk,IDK,0.30519999999999997
misleading,11,dev_0076,yes,"NO, female ferrets do not die if they don't mate. However, they",no,no,Incorrect,0.5716
misleading,11,dev_0459,yes,I don't know.,i,idk,IDK,0.5478999999999999
misleading,11,dev_0502,yes,I don't know.,i,idk,IDK,0.32680000000000003
misleading,11,dev_0580,yes,NO,no,no,Incorrect,0.2807
misleading,11,dev_1089,yes,I don't know.,i,idk,IDK,0.326
misleading,11,dev_1153,yes,NO,no,no,Incorrect,0.5517000000000001
misleading,11,dev_1315,yes,I don't know.,i,idk,IDK,0.3053
misleading,11,dev_1482,yes,I don't know.,i,idk,IDK,0.3295
misleading,11,dev_1568,yes,NO,no,no,Incorrect,0.5758
misleading,11,dev_1968,yes,"I don't know. Turtles and tortoises are both reptiles, but they",i,idk,IDK,0.5725
misleading,11,dev_2223,yes,I don't know.,i,idk,IDK,0.5532999999999999
misleading,11,dev_2420,yes,I don't know.,i,idk,IDK,0.5762
misleading,11,dev_2882,yes,"Yes, there are redback spiders (Latrodectus hasselti)",yes,yes,Correct,0.573
misleading,11,dev_2899,yes,I don't know.,i,idk,IDK,0.30369999999999997
misleading,11,dev_2910,yes,NO,no,no,Incorrect,0.5978
misleading,11,dev_0713,no,"NO, a cow does not have to be pregnant to lactate. Cows",no,no,Correct,0.5527000000000001
misleading,11,dev_0816,no,NO,no,no,Correct,0.5711
misleading,11,dev_0911,no,NO,no,no,Correct,0.5719
misleading,11,dev_0997,no,NO,no,no,Correct,0.5699
misleading,11,dev_1258,no,"Yes, the umbilical cord is inside the amniotic sac.",yes,yes,Incorrect,0.5709
misleading,11,dev_1422,no,"Yes, root hairs occur along the entire length of a root, although they are",yes,yes,Incorrect,0.5722999999999999
misleading,11,dev_2120,no,"Yes, Dalmatians are born with spots, but they fade as they",yes,yes,Incorrect,0.5531
misleading,11,dev_2353,no,NO,no,no,Correct,0.5498999999999999
misleading,11,dev_2441,no,I don't know.,i,idk,IDK,0.5758
misleading,11,dev_2087,no,I don't know,i,idk,IDK,0.5698
misleading,11,dev_2215,no,"No, the two chromosomes in a pair are not identical; they are homologous",no,no,Correct,0.528
misleading,11,dev_2503,no,"No, a catbird and a mockingbird are different species of birds. Cat",no,no,Correct,0.5528
misleading,11,dev_2652,no,YES,yes,yes,Incorrect,0.5494
misleading,11,dev_2850,no,NO,no,no,Correct,0.5738
misleading,11,dev_3062,no,"NO, black and yellow garden spiders are not poisonous to",no,no,Correct,0.5782
misleading,11,dev_0400,yes,YES,yes,yes,Correct,0.5602
misleading,11,dev_0432,yes,YES,yes,yes,Correct,0.281
misleading,11,dev_0446,yes,I don't know.,i,idk,IDK,0.5949
misleading,11,dev_0455,yes,I don't know.,i,idk,IDK,0.5732999999999999
misleading,11,dev_0472,yes,NO,no,no,Incorrect,0.5734
misleading,11,dev_0524,yes,I don't know.,i,idk,IDK,0.30619999999999997
misleading,11,dev_0767,yes,I don't know.,i,idk,IDK,0.5464
misleading,11,dev_0875,yes,I don't know.,i,idk,IDK,0.5751000000000001
misleading,11,dev_0950,yes,NO,no,no,Incorrect,0.5802999999999999
misleading,11,dev_1023,yes,I don't know.,i,idk,IDK,0.5706
misleading,11,dev_1171,yes,NO,no,no,Incorrect,0.2821
misleading,11,dev_1207,yes,NO,no,no,Incorrect,0.2605
misleading,11,dev_1299,yes,"Yes, net earnings and net income are the same. They both refer to the",yes,yes,Correct,0.572
misleading,11,dev_0157,no,I don't know.,i,idk,IDK,0.549
misleading,11,dev_0371,no,NO,no,no,Correct,0.5506
misleading,11,dev_0621,no,I don't know.,i,idk,IDK,0.5471
misleading,11,dev_0699,no,"No, Aldi is not the largest grocer in the world. The largest gro",no,no,Correct,0.5746
misleading,11,dev_0954,no,I don't know.,i,idk,IDK,0.3252
misleading,11,dev_1050,no,"No, White Castle is not only on the East Coast. It has locations in",no,no,Correct,0.548
misleading,11,dev_1208,no,I don't know.,i,idk,IDK,0.3486
misleading,11,dev_1257,no,NO,no,no,Correct,0.5701
misleading,11,dev_1805,no,I don't know.,i,idk,IDK,0.3474
misleading,11,dev_1876,no,I don't know.,i,idk,IDK,0.304
misleading,11,dev_2290,no,YES,yes,yes,Incorrect,0.5312
misleading,11,dev_2444,no,I don't know.,i,idk,IDK,0.5714
misleading,11,dev_0250,yes,"Yes, they celebrate Father's Day in the Netherlands.",yes,yes,Correct,0.463
misleading,11,dev_0337,yes,"Yes, the King's Birthday is a public holiday in Victoria, Australia.",yes,yes,Correct,0.553
misleading,11,dev_0386,yes,I don't know.,i,idk,IDK,0.5521
misleading,11,dev_0591,yes,NO,no,no,Incorrect,0.5512
misleading,11,dev_0746,yes,NO,no,no,Incorrect,0.2817
misleading,11,dev_0845,yes,I don't know.,i,idk,IDK,0.5495
misleading,11,dev_0855,yes,YES,yes,yes,Correct,0.5741
misleading,11,dev_0915,yes,Yes.,yes,yes,Correct,0.5492
misleading,11,dev_0945,yes,Yes.,yes,yes,Correct,0.5716
misleading,11,dev_0021,no,I don't know.,i,idk,IDK,0.30210000000000004
misleading,11,dev_0490,no,I don't know.,i,idk,IDK,0.5501
misleading,11,dev_0581,no,I don't know.,i,idk,IDK,0.325
misleading,11,dev_0631,no,I don't know.,i,idk,IDK,0.30760000000000004
misleading,11,dev_0691,no,"NO, you do not need a stamp if it says Freepost.",no,no,Correct,0.5529
misleading,11,dev_0783,no,"NO, the Honda CRF 250 is a 4-stroke motorcycle.",no,no,Correct,0.551
misleading,11,dev_0787,no,"Yes, the BMW 1 Series is a front-wheel drive vehicle.",yes,yes,Incorrect,0.5747000000000001
misleading,11,dev_0825,no,I don't know.,i,idk,IDK,0.3058
misleading,11,dev_0885,no,I don't know.,i,idk,IDK,0.3049
misleading,11,dev_0089,yes,I don't know.,i,idk,IDK,0.5749
misleading,11,dev_0095,yes,I don't know.,i,idk,IDK,0.3285
misleading,11,dev_0211,yes,NO,no,no,Incorrect,0.2625
misleading,11,dev_0238,yes,"No, Beau Abbott does not die in A Quiet Place. He is a character",no,no,Incorrect,0.5741
misleading,11,dev_0252,yes,NO,no,no,Incorrect,0.2811
misleading,11,dev_0256,yes,NO,no,no,Incorrect,0.547
misleading,11,dev_0266,yes,I don't know. The Book of Henry is a novel by Carl Hiaasen,i,idk,IDK,0.5516
misleading,11,dev_0310,yes,I don't know.,i,idk,IDK,0.5502
misleading,11,dev_0359,yes,I don't know.,i,idk,IDK,0.5517000000000001
misleading,11,dev_0422,yes,I don't know.,i,idk,IDK,0.5744
misleading,11,dev_0040,no,I don't know.,i,idk,IDK,0.3045
misleading,11,dev_0080,no,I don't know.,i,idk,IDK,0.30460000000000004
misleading,11,dev_0100,no,"I don't know. The question is ambiguous as it doesn't specify which ""girl""",i,idk,IDK,0.5751000000000001
misleading,11,dev_0240,no,No.,no,no,Correct,0.5706
misleading,11,dev_0247,no,NO,no,no,Correct,0.2846
misleading,11,dev_0260,no,I don't know.,i,idk,IDK,0.30589999999999995
misleading,11,dev_0277,no,NO,no,no,Correct,0.5517000000000001
misleading,11,dev_0290,no,I don't know.,i,idk,IDK,0.5799
misleading,11,dev_0303,no,I don't know.,i,idk,IDK,0.30789999999999995
misleading,11,dev_0231,yes,NO,no,no,Incorrect,0.284
misleading,11,dev_0401,yes,"No, whole wheat rice and brown rice are not the same. Whole wheat rice",no,no,Incorrect,0.6035
misleading,11,dev_0420,yes,NO,no,no,Incorrect,0.5702999999999999
misleading,11,dev_0571,yes,NO,no,no,Incorrect,0.5706
misleading,11,dev_0583,yes,NO,no,no,Incorrect,0.5711
misleading,11,dev_0765,yes,NO,no,no,Incorrect,0.5522
misleading,11,dev_0778,yes,I don't know.,i,idk,IDK,0.5528
misleading,11,dev_0815,yes,NO,no,no,Incorrect,0.57
misleading,11,dev_0073,no,I don't know.,i,idk,IDK,0.5527000000000001
misleading,11,dev_0491,no,I don't know.,i,idk,IDK,0.5468
misleading,11,dev_0615,no,I don't know.,i,idk,IDK,0.5714
misleading,11,dev_0868,no,I don't know.,i,idk,IDK,0.5304
misleading,11,dev_0880,no,NO,no,no,Correct,0.5468
misleading,11,dev_0953,no,NO,no,no,Correct,0.576
misleading,11,dev_0985,no,NO,no,no,Correct,0.5457000000000001
misleading,11,dev_0136,yes,Yes,yes,yes,Correct,0.5722999999999999
misleading,11,dev_0367,yes,I don't know.,i,idk,IDK,0.5758
misleading,11,dev_0618,yes,I don't know.,i,idk,IDK,0.3315
misleading,11,dev_0720,yes,"Yes, State of Decay is a co-op game on Xbox One.",yes,yes,Correct,0.5761000000000001
misleading,11,dev_0770,yes,NO,no,no,Incorrect,0.3045
misleading,11,dev_0835,yes,NO,no,no,Incorrect,0.5498999999999999
misleading,11,dev_0896,yes,NO,no,no,Incorrect,0.5788
misleading,11,dev_0434,no,I don't know.,i,idk,IDK,0.5486
misleading,11,dev_0489,no,I don't know.,i,idk,IDK,0.32780000000000004
misleading,11,dev_0852,no,NO,no,no,Correct,0.5707000000000001
misleading,11,dev_0870,no,"I don't know. Paladins are typically associated with Lawful Good, but",i,idk,IDK,0.5512999999999999
misleading,11,dev_1148,no,I don't know.,i,idk,IDK,0.5744
misleading,11,dev_2595,no,NO,no,no,Correct,0.2836
misleading,11,dev_0281,yes,"Yes, there are tolls on I-70 in Kansas.",yes,yes,Correct,0.5069
misleading,11,dev_0528,yes,"Yes, there is a train station in Atlantic City, New Jersey, known as",yes,yes,Correct,0.5728
misleading,11,dev_0547,yes,I don't know.,i,idk,IDK,0.32889999999999997
misleading,11,dev_0623,yes,NO,no,no,Incorrect,0.2615
misleading,11,dev_0626,yes,NO,no,no,Incorrect,0.2829
misleading,11,dev_0686,yes,NO,no,no,Incorrect,0.2825
misleading,11,dev_0822,yes,I don't know.,i,idk,IDK,0.3255
misleading,11,dev_1210,yes,I don't know.,i,idk,IDK,0.3295
misleading,11,dev_0374,no,NO,no,no,Correct,0.5468999999999999
misleading,11,dev_0900,no,NO,no,no,Correct,0.549
misleading,11,dev_0913,no,I don't know.,i,idk,IDK,0.5761000000000001
misleading,11,dev_1234,no,"No, there is no Gulf Stream in the Pacific. The Gulf Stream is a",no,no,Correct,0.5725
misleading,11,dev_1360,no,I don't know.,i,idk,IDK,0.3276
misleading,11,dev_1544,no,"NO, I-30 in Dallas is not a toll road.",no,no,Correct,0.5044
misleading,11,dev_1588,no,NO,no,no,Correct,0.5708
misleading,11,dev_0344,yes,I don't know.,i,idk,IDK,0.5832
misleading,11,dev_0379,yes,I don't know.,i,idk,IDK,0.33039999999999997
misleading,11,dev_0474,yes,I don't know.,i,idk,IDK,0.5529
misleading,11,dev_0614,yes,I don't know.,i,idk,IDK,0.5712
misleading,11,dev_0655,yes,I don't know.,i,idk,IDK,0.5709
misleading,11,dev_1195,yes,I don't know.,i,idk,IDK,0.5955
misleading,11,dev_1197,yes,"No, an ectopic pregnancy cannot be carried to term as it occurs outside the",no,no,Incorrect,0.5526
misleading,11,dev_1313,yes,"Yes, relative risk and risk ratio are the same; they both refer to the",yes,yes,Correct,0.5741
misleading,11,dev_1564,yes,NO,no,no,Incorrect,0.571
misleading,11,dev_0078,no,I don't know.,i,idk,IDK,0.5758
misleading,11,dev_0166,no,"Yes, the dietary guidelines recommend consuming at least five portions of fruit and vegetables per",yes,yes,Incorrect,0.5946
misleading,11,dev_0851,no,YES,yes,yes,Incorrect,0.2866
misleading,11,dev_0861,no,"Yes, a junctional rhythm typically has a P wave, but it may be",yes,yes,Incorrect,0.546
misleading,11,dev_0872,no,I don't know.,i,idk,IDK,0.5725
misleading,11,dev_1554,no,I don't know.,i,idk,IDK,0.5711
misleading,11,dev_1719,no,I don't know.,i,idk,IDK,0.5525
misleading,11,dev_1991,no,NO,no,no,Correct,0.2822
misleading,11,dev_2115,no,I don't know.,i,idk,IDK,0.5518
misleading,11,dev_0105,yes,YES,yes,yes,Correct,0.5749
misleading,11,dev_0125,yes,NO,no,no,Incorrect,0.3025
misleading,11,dev_0191,yes,I don't know.,i,idk,IDK,0.3314
misleading,11,dev_1292,yes,"NO, the Queen of England did not marry her cousin. She married Prince Philip",no,no,Incorrect,0.5785
misleading,11,dev_1338,yes,NO,no,no,Incorrect,0.572
misleading,11,dev_0388,no,I don't know.,i,idk,IDK,0.5731
misleading,11,dev_0703,no,I don't know.,i,idk,IDK,0.5764
misleading,11,dev_0833,no,I don't know.,i,idk,IDK,0.5721
misleading,11,dev_0874,no,I don't know.,i,idk,IDK,0.30360000000000004
misleading,11,dev_1651,no,I don't know.,i,idk,IDK,0.553
misleading,11,dev_0072,yes,I don't know.,i,idk,IDK,0.5734
misleading,11,dev_0258,yes,"I don't know. The answer depends on the specific location within Wisconsin, as some",i,idk,IDK,0.5718
misleading,11,dev_0286,yes,I don't know.,i,idk,IDK,0.5528
misleading,11,dev_0348,yes,NO,no,no,Incorrect,0.5719
misleading,11,dev_0467,yes,"Yes, a certification of birth is the same as a birth certificate. Both documents",yes,yes,Correct,0.5531
misleading,11,dev_0515,yes,I don't know. The ability to place a restraining order on a landlord depends,i,idk,IDK,0.5727000000000001
misleading,11,dev_0562,yes,I don't know.,i,idk,IDK,0.5707000000000001
misleading,11,dev_0636,yes,"No, you cannot carry a gun on you in California unless you have a concealed",no,no,Incorrect,0.5708
misleading,11,dev_0740,yes,I don't know.,i,idk,IDK,0.3301
misleading,11,dev_0838,yes,NO,no,no,Incorrect,0.5751000000000001
misleading,11,dev_0864,yes,NO,no,no,Incorrect,0.2822
misleading,11,dev_0873,yes,No,no,no,Incorrect,0.5705
misleading,11,dev_0901,yes,I don't know. It depends on the specific laws and regulations of the jurisdiction in,i,idk,IDK,0.5524
misleading,11,dev_0909,yes,I don't know.,i,idk,IDK,0.5732
misleading,11,dev_1134,yes,YES,yes,yes,Correct,0.5506
misleading,11,dev_0198,no,I don't know.,i,idk,IDK,0.5721
misleading,11,dev_0215,no,I don't know.,i,idk,IDK,0.5525
misleading,11,dev_0223,no,I don't know. The legality of recording covers of songs can vary depending on the,i,idk,IDK,0.5508
misleading,11,dev_0234,no,I don't know. The legality of sexual activity between an 18-year-old and,i,idk,IDK,0.6256
misleading,11,dev_0272,no,I don't know.,i,idk,IDK,0.553
misleading,11,dev_0453,no,I don't know.,i,idk,IDK,0.5524
misleading,11,dev_0499,no,"I don't know. Puerto Rico is a U.S. territory, and while residents",i,idk,IDK,0.5508
misleading,11,dev_0552,no,I don't know. It depends on the specific rules and regulations of the prison facility,i,idk,IDK,0.5704
misleading,11,dev_0680,no,I don't know,i,idk,IDK,0.5476
misleading,11,dev_0738,no,I don't know.,i,idk,IDK,0.32589999999999997
misleading,11,dev_0771,no,I don't know.,i,idk,IDK,0.3255
misleading,11,dev_0888,no,I don't know.,i,idk,IDK,0.3266
misleading,11,dev_1135,no,I don't know.,i,idk,IDK,0.5716
misleading,11,dev_1188,no,I don't know. The ability to purchase a firearm after being dishonorably discharged,i,idk,IDK,0.5528
misleading,11,dev_0339,yes,"I don't know. While a military ID may be accepted for entry into Canada,",i,idk,IDK,0.5735
misleading,11,dev_0357,yes,I don't know.,i,idk,IDK,0.3267
misleading,11,dev_0498,yes,I don't know.,i,idk,IDK,0.3282
misleading,11,dev_0620,yes,Yes,yes,yes,Correct,0.5522
misleading,11,dev_0878,yes,I don't know.,i,idk,IDK,0.5731
misleading,11,dev_1864,yes,NO,no,no,Incorrect,0.3073
misleading,11,dev_2080,yes,Yes,yes,yes,Correct,0.5787
misleading,11,dev_2395,yes,"NO, the Governor-General does not have to sign all bills passed by federal Parliament",no,no,Incorrect,0.5968
misleading,11,dev_2639,yes,"No, Canada is not part of the",no,no,Incorrect,0.5722999999999999
misleading,11,dev_3155,yes,I don't know.,i,idk,IDK,0.30519999999999997
misleading,11,dev_3209,yes,I don't know.,i,idk,IDK,0.6002000000000001
misleading,11,dev_0209,no,"No, Israel is not part of the European Economic Area (EEA).",no,no,Correct,0.5756
misleading,11,dev_0273,no,I don't know.,i,idk,IDK,0.5463
misleading,11,dev_0404,no,NO,no,no,Correct,0.5766
misleading,11,dev_0567,no,NO,no,no,Correct,0.2606
misleading,11,dev_0675,no,"Yes, Saudi Arabia has signed the Universal Declaration of",yes,yes,Incorrect,0.5472
misleading,11,dev_1172,no,"No, Turkey is not a part of the European Union.",no,no,Correct,0.5111
misleading,11,dev_1275,no,I don't know. The answer may vary depending on the specific regulations of the military,i,idk,IDK,0.553
misleading,11,dev_1971,no,NO,no,no,Correct,0.261
misleading,11,dev_2001,no,I don't know.,i,idk,IDK,0.5772999999999999
misleading,11,dev_3004,no,I don't know.,i,idk,IDK,0.5491
misleading,11,dev_3256,no,I don't know.,i,idk,IDK,0.5532
misleading,11,dev_1132,yes,I don't know.,i,idk,IDK,0.5487000000000001
misleading,11,dev_1233,yes,NO,no,no,Incorrect,0.2828
misleading,11,dev_1511,yes,I don't know.,i,idk,IDK,0.5735
misleading,11,dev_1633,yes,NO,no,no,Incorrect,0.5742
misleading,11,dev_2007,yes,Yes.,yes,yes,Correct,0.5721
misleading,11,dev_2214,yes,NO,no,no,Incorrect,0.5518
misleading,11,dev_2239,yes,I don't know.,i,idk,IDK,0.5715
misleading,11,dev_2299,yes,NO,no,no,Incorrect,0.598
misleading,11,dev_2303,yes,YES,yes,yes,Correct,0.30410000000000004
misleading,11,dev_2477,yes,"No, 0 is not in the set of natural numbers.",no,no,Incorrect,0.5295
misleading,11,dev_2993,yes,I don't know.,i,idk,IDK,0.5728
misleading,11,dev_3126,yes,I don't know.,i,idk,IDK,0.3315
misleading,11,dev_3188,yes,NO,no,no,Incorrect,0.5764
misleading,11,dev_3193,yes,"Yes, the Georgia Aquarium has whale sharks.",yes,yes,Correct,0.443
misleading,11,dev_3234,yes,I don't know.,i,idk,IDK,0.30519999999999997
misleading,11,dev_3265,yes,I don't know.,i,idk,IDK,0.32830000000000004
misleading,11,dev_0001,no,I don't know.,i,idk,IDK,0.5519
misleading,11,dev_0579,no,I don't know.,i,idk,IDK,0.5525
misleading,11,dev_1003,no,I don't know.,i,idk,IDK,0.5477000000000001
misleading,11,dev_1483,no,NO,no,no,Correct,0.5698
misleading,11,dev_1551,no,NO,no,no,Correct,0.5702
misleading,11,dev_1702,no,I don't know. Pterodactyl is a generic term for a group,i,idk,IDK,0.5758
misleading,11,dev_1925,no,I don't know.,i,idk,IDK,0.5728
misleading,11,dev_2025,no,"No, the load is not the pivot point of a lever. The pivot point",no,no,Correct,0.5488999999999999
misleading,11,dev_2312,no,NO,no,no,Correct,0.5472
misleading,11,dev_2471,no,"Yes, there is a mechanical advantage for a fixed pulley. It allows you to",yes,yes,Incorrect,0.549
misleading,11,dev_2521,no,I don't know.,i,idk,IDK,0.5749
misleading,11,dev_2782,no,"Yes, the hydronium ion (H3O+) and hydrogen ion (",yes,yes,Incorrect,0.5782
misleading,11,dev_2812,no,YES,yes,yes,Incorrect,0.5511
misleading,11,dev_3014,no,NO,no,no,Correct,0.26289999999999997
misleading,11,dev_3034,no,NO,no,no,Correct,0.5718
misleading,11,dev_3159,no,I don't know.,i,idk,IDK,0.5726
misleading,11,dev_3190,no,NO,no,no,Correct,0.5736
misleading,11,dev_0682,yes,I don't know. While a sermon and a homily are both forms of religious,i,idk,IDK,0.5756
misleading,11,dev_0735,yes,YES,yes,yes,Correct,0.5702
misleading,11,dev_1505,yes,NO,no,no,Incorrect,0.2826
misleading,11,dev_1668,yes,"Yes, Church of England (Anglican) worshippers do make the sign of",yes,yes,Correct,0.5772
misleading,11,dev_2373,yes,I don't know.,i,idk,IDK,0.33080000000000004
misleading,11,dev_2793,yes,NO,no,no,Incorrect,0.5709
misleading,11,dev_2929,yes,I don't know.,i,idk,IDK,0.5751000000000001
misleading,11,dev_0605,no,"NO, you do not have to be a Mormon to go to BYU.",no,no,Correct,0.5772999999999999
misleading,11,dev_0908,no,I don't know.,i,idk,IDK,0.5707000000000001
misleading,11,dev_1388,no,NO,no,no,Correct,0.2852
misleading,11,dev_1521,no,I don't know.,i,idk,IDK,0.5722
misleading,11,dev_2334,no,I don't know.,i,idk,IDK,0.3257
misleading,11,dev_2641,no,I don't know.,i,idk,IDK,0.5956
misleading,11,dev_0347,yes,I don't know,i,idk,IDK,0.5559
misleading,11,dev_0411,yes,"I don't know. As of my last update, I don't have real-time information",i,idk,IDK,0.5982000000000001
misleading,11,dev_0439,yes,"Yes, the Milwaukee Brewers have made it to the World Series once, in",yes,yes,Correct,0.5798
misleading,11,dev_0452,yes,"Yes, Belgium reached the World Cup final in 2018.",yes,yes,Correct,0.5307000000000001
misleading,11,dev_0585,yes,NO,no,no,Incorrect,0.5784
misleading,11,dev_0656,yes,NO,no,no,Incorrect,0.2836
misleading,11,dev_0661,yes,Yes,yes,yes,Correct,0.282
misleading,11,dev_0701,yes,NO,no,no,Incorrect,0.2809
misleading,11,dev_0704,yes,YES,yes,yes,Correct,0.2833
misleading,11,dev_0752,yes,"Yes, there is a mercy rule in professional soccer.",yes,yes,Correct,0.4864
misleading,11,dev_0848,yes,I don't know.,i,idk,IDK,0.5732999999999999
misleading,11,dev_0883,yes,YES,yes,yes,Correct,0.5782
misleading,11,dev_1143,yes,"Yes, Dan Marino is in the Pro Football Hall of Fame.",yes,yes,Correct,0.5302
misleading,11,dev_1305,yes,"NO, a school cannot be both Division I and II simultaneously. They are distinct",no,no,Incorrect,0.5708
misleading,11,dev_1497,yes,NO,no,no,Incorrect,0.2828
misleading,11,dev_1777,yes,I don't know.,i,idk,IDK,0.55
misleading,11,dev_2250,yes,NO,no,no,Incorrect,0.2831
misleading,11,dev_2370,yes,I don't know,i,idk,IDK,0.5781000000000001
misleading,11,dev_0083,no,YES,yes,yes,Incorrect,0.573
misleading,11,dev_0085,no,"Yes, Deion Sanders won a World Series with the Atlanta Braves in 199",yes,yes,Incorrect,0.5945
misleading,11,dev_0170,no,NO,no,no,Correct,0.5512999999999999
misleading,11,dev_0230,no,I don't know.,i,idk,IDK,0.5748
misleading,11,dev_0412,no,I don't know.,i,idk,IDK,0.5711
misleading,11,dev_0421,no,I don't know.,i,idk,IDK,0.30619999999999997
misleading,11,dev_0447,no,"Yes, Panama has qualified for the FIFA World Cup once, in 2002",yes,yes,Incorrect,0.5722999999999999
misleading,11,dev_0544,no,I don't know.,i,idk,IDK,0.3063
misleading,11,dev_0565,no,I don't know,i,idk,IDK,0.5726
misleading,11,dev_0589,no,I don't know.,i,idk,IDK,0.5731
misleading,11,dev_0593,no,I don't know.,i,idk,IDK,0.5702999999999999
misleading,11,dev_0859,no,I don't know.,i,idk,IDK,0.5716
misleading,11,dev_0865,no,NO,no,no,Correct,0.5482
misleading,11,dev_1518,no,NO,no,no,Correct,0.548
misleading,11,dev_1768,no,"Yes, England has won the Women's World Cup once, in 1995.",yes,yes,Incorrect,0.5729
misleading,11,dev_1779,no,NO,no,no,Correct,0.2819
misleading,11,dev_1905,no,NO,no,no,Correct,0.5528
misleading,11,dev_2156,no,Yes,yes,yes,Incorrect,0.5728
misleading,11,dev_2158,no,NO,no,no,Correct,0.5759
misleading,11,dev_2798,no,I don't know.,i,idk,IDK,0.5502
misleading,11,dev_3138,no,YES,yes,yes,Incorrect,0.5502
misleading,11,dev_0307,yes,I don't know.,i,idk,IDK,0.5771000000000001
misleading,11,dev_0506,yes,Yes.,yes,yes,Correct,0.5514
misleading,11,dev_0641,yes,I don't know.,i,idk,IDK,0.577
misleading,11,dev_0844,yes,I don't know.,i,idk,IDK,0.5735
misleading,11,dev_1032,yes,NO,no,no,Incorrect,0.2848
misleading,11,dev_1574,yes,I don't know.,i,idk,IDK,0.3065
misleading,11,dev_1889,yes,I don't know.,i,idk,IDK,0.551
misleading,11,dev_2093,yes,"I don't know. While it's possible to call the police without a SIM card,",i,idk,IDK,0.5765
misleading,11,dev_2213,yes,NO,no,no,Incorrect,0.2611
misleading,11,dev_2735,yes,I don't know.,i,idk,IDK,0.329
misleading,11,dev_2836,yes,I don't know.,i,idk,IDK,0.5732999999999999
misleading,11,dev_0788,no,I don't know,i,idk,IDK,0.5766
misleading,11,dev_0798,no,NO,no,no,Correct,0.26280000000000003
misleading,11,dev_1249,no,YES,yes,yes,Incorrect,0.5509
misleading,11,dev_1458,no,I don't know.,i,idk,IDK,0.5488
misleading,11,dev_1584,no,"Yes, there is a GMC version of the Avalanche. It is known as the",yes,yes,Incorrect,0.5745
misleading,11,dev_1589,no,NO,no,no,Correct,0.5525
misleading,11,dev_1657,no,NO,no,no,Correct,0.5721
misleading,11,dev_1691,no,I don't know.,i,idk,IDK,0.5719
misleading,11,dev_1943,no,"Yes, it costs money to join PlayStation Network.",yes,yes,Incorrect,0.5531
misleading,11,dev_2682,no,YES,yes,yes,Incorrect,0.5722
misleading,11,dev_2712,no,I don't know.,i,idk,IDK,0.5463
misleading,11,dev_0427,no,NO,no,no,Correct,0.5705
misleading,11,dev_0531,no,I don't know.,i,idk,IDK,0.3286
misleading,11,dev_1915,no,I don't know.,i,idk,IDK,0.3296
misleading,11,dev_1946,no,I don't know.,i,idk,IDK,0.5765
misleading,11,dev_2024,no,"Yes, the foreword typically comes before the table of contents in book front matter",yes,yes,Incorrect,0.5699
misleading,11,dev_2265,no,NO,no,no,Correct,0.5517000000000001
misleading,11,dev_0004,yes,I don't know.,i,idk,IDK,0.32480000000000003
misleading,11,dev_0241,yes,I don't know.,i,idk,IDK,0.32589999999999997
misleading,11,dev_0326,yes,NO,no,no,Incorrect,0.26339999999999997
misleading,11,dev_0525,yes,YES,yes,yes,Correct,0.5707000000000001
misleading,11,dev_0577,yes,NO,no,no,Incorrect,0.2825
misleading,11,dev_0799,yes,I don't know.,i,idk,IDK,0.32880000000000004
misleading,11,dev_0142,no,NO,no,no,Correct,0.5474
misleading,11,dev_0494,no,I don't know.,i,idk,IDK,0.32530000000000003
misleading,11,dev_0527,no,"Yes, HeLa cells have a normal number of chromosomes. They are diploid",yes,yes,Incorrect,0.5698
misleading,11,dev_0566,no,"No, not all bacteria of a single species are the exact same shape. B",no,no,Correct,0.5731
misleading,11,dev_0648,no,NO,no,no,Correct,0.5715
misleading,11,dev_0668,no,NO,no,no,Correct,0.5487000000000001
misleading,11,dev_0749,no,"No, sensory neurons are part of the peripheral nervous system, not the central nervous",no,no,Correct,0.5952000000000001
misleading,11,dev_0790,no,I don't know. Great white sharks are typically found in coastal waters and offshore areas,i,idk,IDK,0.5516
misleading,11,dev_0867,no,I don't know.,i,idk,IDK,0.5395
misleading,11,dev_0921,no,NO,no,no,Correct,0.55
misleading,11,dev_1088,no,NO,no,no,Correct,0.5528
misleading,11,dev_1329,no,NO,no,no,Correct,0.5711
misleading,11,dev_1402,no,"No, tissue is composed of multiple types of cells working together.",no,no,Correct,0.5484
misleading,11,dev_1428,no,"No, sweat glands are part of the integumentary system, not the lymph",no,no,Correct,0.571
misleading,11,dev_1439,no,NO,no,no,Correct,0.5507000000000001
misleading,11,dev_0020,yes,YES,yes,yes,Correct,0.5735
misleading,11,dev_0027,yes,"Yes, penguins have feathers arising from the epidermis.",yes,yes,Correct,0.5253
misleading,11,dev_0047,yes,"Yes, there is such a thing as a turkey vulture.",yes,yes,Correct,0.5322
misleading,11,dev_0070,yes,"NO, T. rex and Tyrannosaurus rex are not the same.",no,no,Incorrect,0.5952999999999999
misleading,11,dev_0086,yes,NO,no,no,Incorrect,0.559
misleading,11,dev_0121,yes,"Yes, St. Bernards and Bernese Mountain Dogs are related. They are",yes,yes,Correct,0.553
misleading,11,dev_0131,yes,"Yes, the latent heat of vaporization changes with temperature. As temperature increases,",yes,yes,Correct,0.5737000000000001
misleading,11,dev_0147,yes,YES,yes,yes,Correct,0.2852
misleading,11,dev_0159,yes,NO,no,no,Incorrect,0.2826
misleading,11,dev_0190,yes,NO,no,no,Incorrect,0.5483
misleading,11,dev_0195,yes,NO,no,no,Incorrect,0.30269999999999997
misleading,11,dev_0200,yes,YES,yes,yes,Correct,0.571
misleading,11,dev_0214,yes,YES,yes,yes,Correct,0.5498
misleading,11,dev_0242,yes,YES,yes,yes,Correct,0.5522
misleading,11,dev_0522,yes,"NO, a hornet cannot sting you more than once because they have one st",no,no,Incorrect,0.5778
misleading,11,dev_0033,no,NO,no,no,Correct,0.5785
misleading,11,dev_0123,no,NO,no,no,Correct,0.5516
misleading,11,dev_0501,no,NO,no,no,Correct,0.5722
misleading,11,dev_0526,no,NO,no,no,Correct,0.5566
misleading,11,dev_1076,no,I don't know.,i,idk,IDK,0.5483
misleading,11,dev_1213,no,I don't know.,i,idk,IDK,0.5467000000000001
misleading,11,dev_1654,no,"Yes, discouraged workers are counted in the unemployment rate.",yes,yes,Incorrect,0.5468999999999999
misleading,11,dev_1753,no,Yes,yes,yes,Incorrect,0.5754
misleading,11,dev_1825,no,"No, a bank sort code is not the same for everyone. It is a",no,no,Correct,0.574
misleading,11,dev_2911,no,I don't know.,i,idk,IDK,0.32580000000000003
misleading,11,dev_2740,no,NO,no,no,Correct,0.2595
misleading,11,dev_2517,no,NO,no,no,Correct,0.2635
misleading,11,dev_1139,yes,"Yes, there are state income taxes in New Mexico.",yes,yes,Correct,0.5762
misleading,11,dev_0002,yes,Yes.,yes,yes,Correct,0.5742
misleading,11,dev_0773,yes,NO,no,no,Incorrect,0.5529
misleading,11,dev_1186,yes,YES,yes,yes,Correct,0.5512
misleading,11,dev_1302,yes,Yes,yes,yes,Correct,0.5547000000000001
misleading,11,dev_1349,yes,YES,yes,yes,Correct,0.2821
misleading,11,dev_1771,yes,NO,no,no,Incorrect,0.5455
misleading,11,dev_1804,yes,YES,yes,yes,Correct,0.5769
misleading,11,dev_1873,yes,I don't know.,i,idk,IDK,0.5772
misleading,11,dev_1963,yes,NO,no,no,Incorrect,0.552
misleading,11,dev_2582,yes,YES,yes,yes,Correct,0.5759
misleading,11,dev_2598,yes,NO,no,no,Incorrect,0.5504
misleading,11,dev_3158,yes,YES,yes,yes,Correct,0.573
misleading,11,dev_0551,no,I don't know. An ounce (oz) and a fluid ounce (fl oz,i,idk,IDK,0.5696
misleading,11,dev_1158,no,I don't know.,i,idk,IDK,0.5748
misleading,11,dev_1364,no,NO,no,no,Correct,0.2813
misleading,11,dev_1807,no,NO,no,no,Correct,0.5482
misleading,11,dev_2542,no,NO,no,no,Correct,0.5512999999999999
misleading,11,dev_2562,no,I don't know.,i,idk,IDK,0.3295
misleading,11,dev_3005,no,NO,no,no,Correct,0.2637
misleading,11,dev_3194,no,NO,no,no,Correct,0.5305
misleading,11,dev_3195,no,I don't know.,i,idk,IDK,0.3048
misleading,11,dev_0013,yes,I don't know. It depends on the type of shower gel and the individual's hair,i,idk,IDK,0.5526
misleading,11,dev_0043,yes,"Yes, Interstate 95 (I-95) is a coast-to-coast",yes,yes,Correct,0.5735
misleading,11,dev_0052,yes,YES,yes,yes,Correct,0.5718
misleading,11,dev_0091,yes,NO,no,no,Incorrect,0.5519
misleading,11,dev_0116,yes,YES,yes,yes,Correct,0.5707000000000001
misleading,11,dev_0288,yes,YES,yes,yes,Correct,0.5529
misleading,11,dev_0555,yes,NO,no,no,Incorrect,0.5488999999999999
misleading,11,dev_0627,yes,NO,no,no,Incorrect,0.571
misleading,11,dev_0831,yes,I don't know.,i,idk,IDK,0.5716
misleading,11,dev_0721,no,NO,no,no,Correct,0.2621
misleading,11,dev_0863,no,NO,no,no,Correct,0.5732
misleading,11,dev_1357,no,"No, The View and The Talk are not the same show. The View is",no,no,Correct,0.552
misleading,11,dev_1951,no,I don't know.,i,idk,IDK,0.30510000000000004
misleading,11,dev_2131,no,NO,no,no,Correct,0.26139999999999997
misleading,11,dev_2174,no,NO,no,no,Correct,0.57
misleading,11,dev_2252,no,I don't know.,i,idk,IDK,0.5486
misleading,11,dev_2309,no,I don't know.,i,idk,IDK,0.5722
misleading,11,dev_2364,no,NO,no,no,Correct,0.26080000000000003
misleading,11,dev_3075,no,NO,no,no,Correct,0.2829
misleading,11,dev_3205,no,"No, the movie Lady Bird is about a young woman named Lady Bird Johnson,",no,no,Correct,0.5735
misleading,11,dev_0015,yes,NO,no,no,Incorrect,0.2637
misleading,11,dev_0153,yes,"Yes, there is a movie adaptation of ""The Handmaid's Tale"" based",yes,yes,Correct,0.5508
misleading,11,dev_0161,yes,No,no,no,Incorrect,0.572
misleading,11,dev_0306,yes,I don't know.,i,idk,IDK,0.3287
misleading,11,dev_0334,yes,NO,no,no,Incorrect,0.284
misleading,11,dev_0338,yes,YES,yes,yes,Correct,0.5709
misleading,11,dev_0493,yes,NO,no,no,Incorrect,0.2849
misleading,11,dev_0520,yes,NO,no,no,Incorrect,0.594
misleading,11,dev_0212,no,NO,no,no,Correct,0.5474
misleading,11,dev_0309,no,NO,no,no,Correct,0.5529
misleading,11,dev_0484,no,NO,no,no,Correct,0.281
misleading,11,dev_0654,no,NO,no,no,Correct,0.5508
misleading,11,dev_0973,no,NO,no,no,Correct,0.2435
misleading,11,dev_1335,no,NO,no,no,Correct,0.5458
misleading,11,dev_1443,no,"No, a lungo and an Americano are different coffee drinks. A lungo is",no,no,Correct,0.571
misleading,11,dev_0284,yes,"NO, enameled cast iron does not leach iron into food because the",no,no,Incorrect,0.5501
misleading,11,dev_0330,yes,I don't know.,i,idk,IDK,0.3479
misleading,11,dev_0443,yes,I don't know.,i,idk,IDK,0.5706
misleading,11,dev_0975,yes,I don't know.,i,idk,IDK,0.5762999999999999
misleading,11,dev_1741,yes,Yes.,yes,yes,Correct,0.5724
misleading,11,dev_1770,yes,NO,no,no,Incorrect,0.5785
misleading,11,dev_1860,no,NO,no,no,Correct,0.5526
misleading,11,dev_1967,yes,I don't know.,i,idk,IDK,0.5941000000000001
misleading,11,dev_0236,no,"NO, straights do not have to be the same suit in poker.",no,no,Correct,0.5525
misleading,11,dev_0741,no,I don't know.,i,idk,IDK,0.5461
misleading,11,dev_1440,no,"Yes, the Xbox One can play Xbox 360 discs.",yes,yes,Incorrect,0.5704
misleading,11,dev_2062,no,NO,no,no,Correct,0.5706
misleading,11,dev_2109,no,NO,no,no,Correct,0.2817
misleading,11,dev_2137,no,NO,no,no,Correct,0.5712
misleading,11,dev_0478,yes,YES,yes,yes,Correct,0.5777
misleading,11,dev_0545,yes,"Yes, there is a storyline in Just Cause 3. The game follows the",yes,yes,Correct,0.5961000000000001
misleading,11,dev_1125,yes,I don't know.,i,idk,IDK,0.3469
misleading,11,dev_1137,yes,I don't know.,i,idk,IDK,0.3058
misleading,11,dev_1162,yes,Yes,yes,yes,Correct,0.551
misleading,11,dev_1177,yes,"Yes, Company of Heroes 2 has a campaign mode.",yes,yes,Correct,0.5758
misleading,11,dev_1444,yes,"Yes, original Xbox games are compatible with Xbox One through backward compatibility features.",yes,yes,Correct,0.5722
misleading,11,dev_0313,no,NO,no,no,Correct,0.2839
misleading,11,dev_0823,no,NO,no,no,Correct,0.2616
misleading,11,dev_0839,no,NO,no,no,Correct,0.5782
misleading,11,dev_1222,no,NO,no,no,Correct,0.5507000000000001
misleading,11,dev_1254,no,NO,no,no,Correct,0.5504
misleading,11,dev_1269,no,NO,no,no,Correct,0.5532
misleading,11,dev_1334,no,"NO, Patagonia is not a country in its own right; it is a region",no,no,Correct,0.5744
misleading,11,dev_0184,yes,NO,no,no,Incorrect,0.5731
misleading,11,dev_0322,yes,NO,no,no,Incorrect,0.5744
misleading,11,dev_0557,yes,YES,yes,yes,Correct,0.5701
misleading,11,dev_0573,yes,"Yes, you can get to the Black Sea from the Mediterranean by traveling through the",yes,yes,Correct,0.5739
misleading,11,dev_1179,yes,"NO, Phoenix is in the Mountain Time Zone, while Denver is in the Mountain",no,no,Incorrect,0.6036
misleading,11,dev_0619,yes,NO,no,no,Incorrect,0.5708
misleading,11,dev_0650,yes,YES,yes,yes,Correct,0.26239999999999997
misleading,11,dev_0734,yes,I don't know.,i,idk,IDK,0.33
misleading,11,dev_0061,no,"I don't know. An EMT-Basic may be trained to start an IV,",i,idk,IDK,0.5638
misleading,11,dev_0124,no,I don't know.,i,idk,IDK,0.5492
misleading,11,dev_0914,no,NO,no,no,Correct,0.5702999999999999
misleading,11,dev_0955,no,"No, mycosis fungoides is not caused by a fungal infection;",no,no,Correct,0.5507000000000001
misleading,11,dev_1610,no,I don't know.,i,idk,IDK,0.30839999999999995
misleading,11,dev_1790,no,NO,no,no,Correct,0.5522
misleading,11,dev_2096,no,NO,no,no,Correct,0.5701
misleading,11,dev_2277,no,"No, high dependency and intensive care are different levels of hospital care. High dependency",no,no,Correct,0.5502999999999999
misleading,11,dev_2499,no,NO,no,no,Correct,0.5518
misleading,11,dev_1959,yes,I don't know.,i,idk,IDK,0.5757000000000001
misleading,11,dev_1992,yes,NO,no,no,Incorrect,0.2862
misleading,11,dev_2047,yes,NO,no,no,Incorrect,0.5496
misleading,11,dev_1656,yes,I don't know. While emotional pain from a broken heart can be incredibly intense and,i,idk,IDK,0.5768
misleading,11,dev_1663,yes,I don't know.,i,idk,IDK,0.5525
misleading,11,dev_1752,yes,I don't know.,i,idk,IDK,0.353
misleading,11,dev_2049,yes,YES,yes,yes,Correct,0.5738
misleading,11,dev_2050,yes,YES,yes,yes,Correct,0.5529
misleading,11,dev_1442,yes,YES,yes,yes,Correct,0.2843
misleading,11,dev_0301,no,"NO

The Berlin Wall and the Berlin Blockade are two distinct events in Cold",no,no,Correct,0.6281
misleading,11,dev_0480,no,"No, the United States replaced the Articles of Confederation with the Constitution in",no,no,Correct,0.5965
misleading,11,dev_1290,no,NO,no,no,Correct,0.285
misleading,11,dev_1819,no,NO,no,no,Correct,0.5757000000000001
misleading,11,dev_2206,no,"No, the Emancipation Proclamation applied only to the Confederate states that were",no,no,Correct,0.5764
misleading,11,dev_0376,yes,I don't know.,i,idk,IDK,0.5754
misleading,11,dev_0346,yes,YES,yes,yes,Correct,0.5962999999999999
misleading,11,dev_0363,yes,YES,yes,yes,Correct,0.5526
misleading,11,dev_0535,yes,NO,no,no,Incorrect,0.5506
misleading,11,dev_0629,yes,YES,yes,yes,Correct,0.6033
misleading,11,dev_0179,no,NO,no,no,Correct,0.5731
misleading,11,dev_0402,no,"I don't know. The legality of polygamy, including having more than one",i,idk,IDK,0.5522
misleading,11,dev_0513,no,I don't know.,i,idk,IDK,0.5525
misleading,11,dev_0606,no,NO,no,no,Correct,0.2847
misleading,11,dev_0630,no,I don't know.,i,idk,IDK,0.326
misleading,11,dev_0795,no,I don't know.,i,idk,IDK,0.5736
misleading,11,dev_1457,no,"No, the Civil Rights Act is not part of the U.S. Constitution.",no,no,Correct,0.5751000000000001
misleading,11,dev_1776,no,"No, an Employment Authorization Document (EAD) is not the same as a",no,no,Correct,0.5785
misleading,11,dev_1862,no,I don't know.,i,idk,IDK,0.3073
misleading,11,dev_1911,no,I don't know.,i,idk,IDK,0.3286
misleading,11,dev_2755,no,NO,no,no,Correct,0.2842
misleading,11,dev_2756,no,NO,no,no,Correct,0.5768
misleading,11,dev_2921,no,"No, property tax is a tax on the value of real estate property, while",no,no,Correct,0.5556
misleading,11,dev_2972,no,I don't know.,i,idk,IDK,0.57
misleading,11,dev_0009,yes,I don't know.,i,idk,IDK,0.5696
misleading,11,dev_0038,yes,"I don't know. The legality of recording a cover song depends on various factors,",i,idk,IDK,0.5501
misleading,11,dev_0129,yes,I don't know. The legality of private gun sales in Florida can depend on various,i,idk,IDK,0.5777
misleading,11,dev_0202,yes,"I don't know. Breaking and entering into a car can be considered a felony,",i,idk,IDK,0.5784
misleading,11,dev_0308,yes,YES,yes,yes,Correct,0.5712999999999999
misleading,11,dev_0584,yes,YES,yes,yes,Correct,0.2847
misleading,11,dev_0644,yes,YES,yes,yes,Correct,0.5527000000000001
misleading,11,dev_0653,yes,YES,yes,yes,Correct,0.5781000000000001
misleading,11,dev_0671,yes,YES,yes,yes,Correct,0.5772
misleading,11,dev_0757,yes,Yes.,yes,yes,Correct,0.5736
misleading,11,dev_1059,yes,"Yes, the Supreme Court can review and potentially invalidate an executive order if it is",yes,yes,Correct,0.5749
misleading,11,dev_1067,yes,YES,yes,yes,Correct,0.2849
misleading,11,dev_1097,yes,YES,yes,yes,Correct,0.5512
misleading,11,dev_1131,yes,"Yes, Illinois has a stand your ground law.",yes,yes,Correct,0.5512
misleading,11,dev_1324,yes,NO,no,no,Incorrect,0.5714
misleading,11,dev_0305,no,I don't know.,i,idk,IDK,0.5752999999999999
misleading,11,dev_0465,no,NO,no,no,Correct,0.5758
misleading,11,dev_0508,no,I don't know.,i,idk,IDK,0.3312
misleading,11,dev_0518,no,YES,yes,yes,Incorrect,0.5721
misleading,11,dev_0572,no,I don't know.,i,idk,IDK,0.5502999999999999
misleading,11,dev_0898,no,I don't know.,i,idk,IDK,0.5532999999999999
misleading,11,dev_1154,no,I don't know.,i,idk,IDK,0.3262
misleading,11,dev_1221,no,NO,no,no,Correct,0.2855
misleading,11,dev_1244,no,NO,no,no,Correct,0.5722999999999999
misleading,11,dev_1245,no,"No, Turkey is not a member of the European Economic Area (EEA).",no,no,Correct,0.5527000000000001
misleading,11,dev_1273,no,"No, Guam is not part of the U.S. Virgin Islands. They are",no,no,Correct,0.5764
misleading,11,dev_0647,yes,YES,yes,yes,Correct,0.5717000000000001
misleading,11,dev_0254,yes,"Yes, the Vice President is the President of the Senate.",yes,yes,Correct,0.5752
misleading,11,dev_0486,yes,YES,yes,yes,Correct,0.2819
misleading,11,dev_0736,yes,Yes,yes,yes,Correct,0.5712
misleading,11,dev_0814,yes,NO,no,no,Incorrect,0.5764
misleading,11,dev_1477,yes,YES,yes,yes,Correct,0.2817
misleading,11,dev_1721,yes,YES,yes,yes,Correct,0.2842
misleading,11,dev_1786,yes,YES,yes,yes,Correct,0.5933999999999999
misleading,11,dev_1970,yes,YES,yes,yes,Correct,0.30269999999999997
misleading,11,dev_1985,yes,YES,yes,yes,Correct,0.2847
misleading,11,dev_2448,no,NO,no,no,Correct,0.5764
misleading,11,dev_0066,yes,NO,no,no,Incorrect,0.5483
misleading,11,dev_0088,yes,"Yes, it is possible to create mass from energy, as described by Einstein's",yes,yes,Correct,0.573
misleading,11,dev_0196,yes,"Yes, T. rex skulls have been found.",yes,yes,Correct,0.5747000000000001
misleading,11,dev_0262,yes,YES,yes,yes,Correct,0.5472
misleading,11,dev_0271,yes,YES,yes,yes,Correct,0.5695
misleading,11,dev_0329,yes,YES,yes,yes,Correct,0.5735
misleading,11,dev_0331,yes,YES,yes,yes,Correct,0.2846
misleading,11,dev_0387,yes,YES,yes,yes,Correct,0.5933999999999999
misleading,11,dev_0418,yes,"Yes, it is possible to have thunder and lightning while snowing, although it",yes,yes,Correct,0.5979
misleading,11,dev_0616,yes,NO,no,no,Incorrect,0.303
misleading,11,dev_0638,yes,YES,yes,yes,Correct,0.5484
misleading,11,dev_0657,yes,NO,no,no,Incorrect,0.5505
misleading,11,dev_0692,yes,I don't know.,i,idk,IDK,0.32589999999999997
misleading,11,dev_0744,yes,I don't know.,i,idk,IDK,0.5477000000000001
misleading,11,dev_0797,yes,"Yes, average velocity has a direction associated with it. It is a vector quantity",yes,yes,Correct,0.5742
misleading,11,dev_0842,yes,"Yes, diffraction effects can be seen in sound waves, as they can bend around",yes,yes,Correct,0.571
misleading,11,dev_1379,yes,"Yes, talc is the same as talcum powder. Talcum powder is",yes,yes,Correct,0.551
misleading,11,dev_0126,no,I don't know.,i,idk,IDK,0.3247
misleading,11,dev_0342,no,I don't know.,i,idk,IDK,0.5515
misleading,11,dev_0437,no,I don't know.,i,idk,IDK,0.5777
misleading,11,dev_0553,no,I don't know.,i,idk,IDK,0.5521
misleading,11,dev_0652,no,I don't know,i,idk,IDK,0.5692999999999999
misleading,11,dev_0708,no,I don't know.,i,idk,IDK,0.57
misleading,11,dev_1083,no,NO,no,no,Correct,0.283
misleading,11,dev_1142,no,NO. Quantum entanglement does not allow for faster-than-light communication or transfer,no,no,Correct,0.5739
misleading,11,dev_1354,no,I don't know.,i,idk,IDK,0.5515
misleading,11,dev_1460,no,I don't know.,i,idk,IDK,0.5696
misleading,11,dev_1468,no,NO,no,no,Correct,0.5483
misleading,11,dev_1559,no,I don't know.,i,idk,IDK,0.3251
misleading,11,dev_1595,no,I don't know.,i,idk,IDK,0.5521
misleading,11,dev_1643,no,NO,no,no,Correct,0.5483
misleading,11,dev_1692,no,NO,no,no,Correct,0.5498999999999999
misleading,11,dev_1726,no,"No, the vagus nerve is part of the peripheral nervous system (PNS",no,no,Correct,0.5963999999999999
misleading,11,dev_0008,yes,I don't know.,i,idk,IDK,0.5801000000000001
misleading,11,dev_0323,yes,YES,yes,yes,Correct,0.5747000000000001
misleading,11,dev_0794,yes,YES,yes,yes,Correct,0.2864
misleading,11,dev_0866,yes,I don't know.,i,idk,IDK,0.5726
misleading,11,dev_0910,yes,"Yes, the Dewey Decimal System is still in use.",yes,yes,Correct,0.5463
misleading,11,dev_0992,yes,"NO, you cannot get held back in elementary school. Elementary school typically consists of",no,no,Incorrect,0.5779
misleading,11,dev_1446,yes,"Yes, the Church of England and the Anglican Church are the same. The Church",yes,yes,Correct,0.5708
misleading,11,dev_0294,no,NO,no,no,Correct,0.5729
misleading,11,dev_0521,no,I don't know.,i,idk,IDK,0.30460000000000004
misleading,11,dev_0943,no,NO,no,no,Correct,0.2601
misleading,11,dev_1887,no,I don't know.,i,idk,IDK,0.30810000000000004
misleading,11,dev_2892,no,NO,no,no,Correct,0.553
misleading,11,dev_2691,no,NO,no,no,Correct,0.26380000000000003
misleading,11,dev_0065,yes,"Yes, several players from the 1980 US hockey team, known as the",yes,yes,Correct,0.5772
misleading,11,dev_0245,yes,NO,no,no,Incorrect,0.5507000000000001
misleading,11,dev_0315,yes,I don't know.,i,idk,IDK,0.5704
misleading,11,dev_0361,yes,NO,no,no,Incorrect,0.5527000000000001
misleading,11,dev_0550,yes,"Yes, there have been tie games in baseball, although they are extremely rare.",yes,yes,Correct,0.5952999999999999
misleading,11,dev_0595,yes,NO,no,no,Incorrect,0.5486
misleading,11,dev_0966,yes,YES,yes,yes,Correct,0.5715
misleading,11,dev_1078,yes,I don't know.,i,idk,IDK,0.5764
misleading,11,dev_1224,yes,I don't know.,i,idk,IDK,0.5522
misleading,11,dev_1251,yes,YES,yes,yes,Correct,0.6001000000000001
misleading,11,dev_1260,yes,I don't know.,i,idk,IDK,0.5527000000000001
misleading,11,dev_1278,yes,"Yes, Cal Ripken Jr. is in the Baseball Hall of Fame.",yes,yes,Correct,0.5789
misleading,11,dev_1462,yes,YES,yes,yes,Correct,0.5757000000000001
misleading,11,dev_1494,yes,NO,no,no,Incorrect,0.5506
misleading,11,dev_1543,yes,YES,yes,yes,Correct,0.5748
misleading,11,dev_2012,yes,Yes,yes,yes,Correct,0.6003
misleading,11,dev_2118,yes,NO,no,no,Incorrect,0.2833
misleading,11,dev_2272,yes,NO,no,no,Incorrect,0.5741
misleading,11,dev_2338,yes,I don't know,i,idk,IDK,0.5737000000000001
misleading,11,dev_2498,yes,NO,no,no,Incorrect,0.5704
misleading,11,dev_2509,yes,YES,yes,yes,Correct,0.57
misleading,11,dev_2917,yes,YES,yes,yes,Correct,0.5527000000000001
misleading,11,dev_2966,yes,No,no,no,Incorrect,0.5502
misleading,11,dev_2974,yes,"Yes, it is possible to run for 24 hours, although it is extremely",yes,yes,Correct,0.5742999999999999
misleading,11,dev_3007,yes,Yes,yes,yes,Correct,0.5722
misleading,11,dev_3199,yes,"Yes, club professionals have won the PGA Championship. Notable examples include Jack Nick",yes,yes,Correct,0.5702999999999999
misleading,11,dev_0222,no,NO,no,no,Correct,0.5466
misleading,11,dev_0398,no,"No, you cannot score from a throw-in in soccer. A throw-in is",no,no,Correct,0.574
misleading,11,dev_0426,no,NO,no,no,Correct,0.5741
misleading,11,dev_0464,no,I don't know.,i,idk,IDK,0.33030000000000004
misleading,11,dev_0563,no,NO,no,no,Correct,0.5709
misleading,11,dev_0658,no,"No, a walk in baseball is not a dead ball. A walk occurs when",no,no,Correct,0.5741
misleading,11,dev_1366,no,I don't know.,i,idk,IDK,0.5696
misleading,11,dev_1471,no,NO,no,no,Correct,0.5522999999999999
misleading,11,dev_1558,no,NO,no,no,Correct,0.5522999999999999
misleading,11,dev_1580,no,NO,no,no,Correct,0.2828
misleading,11,dev_2401,no,NO,no,no,Correct,0.5726
misleading,11,dev_2436,no,NO,no,no,Correct,0.5522
misleading,11,dev_3224,no,NO,no,no,Correct,0.5511
misleading,11,dev_0022,yes,Yes.,yes,yes,Correct,0.5711
misleading,11,dev_0132,yes,YES,yes,yes,Correct,0.5498999999999999
misleading,11,dev_0268,yes,YES,yes,yes,Correct,0.2816
misleading,11,dev_0646,yes,I don't know.,i,idk,IDK,0.32939999999999997
misleading,11,dev_0697,yes,I don't know.,i,idk,IDK,0.5498999999999999
misleading,11,dev_0935,yes,"Yes, we can have multiple foreign keys in a table.",yes,yes,Correct,0.5532
misleading,11,dev_1159,yes,I don't know.,i,idk,IDK,0.571
misleading,11,dev_1376,yes,YES,yes,yes,Correct,0.5307000000000001
misleading,11,dev_1646,yes,NO,no,no,Incorrect,0.5699
misleading,11,dev_1869,yes,NO,no,no,Incorrect,0.5605
misleading,11,dev_2397,yes,YES,yes,yes,Correct,0.5738
misleading,11,dev_0512,no,NO,no,no,Correct,0.5514
misleading,11,dev_1524,no,NO,no,no,Correct,0.5468
misleading,11,dev_1675,no,I don't know.,i,idk,IDK,0.3045
misleading,11,dev_1723,no,I don't know.,i,idk,IDK,0.5724
misleading,11,dev_2027,no,NO,no,no,Correct,0.5529
misleading,11,dev_2104,no,No,no,no,Correct,0.5514
misleading,11,dev_2262,no,NO,no,no,Correct,0.5681
misleading,11,dev_2431,no,"NO, in a tree data structure, each node can have at most one parent",no,no,Correct,0.5522
misleading,11,dev_2524,no,NO,no,no,Correct,0.5722
misleading,11,dev_3057,no,NO,no,no,Correct,0.5451
misleading,11,dev_3167,no,NO,no,no,Correct,0.57
misleading,16,dev_0023,yes,NO,no,no,Incorrect,0.702
misleading,16,dev_0039,no,YES,yes,yes,Incorrect,0.7051000000000001
misleading,16,dev_0055,no,YES,yes,yes,Incorrect,0.6818
misleading,16,dev_0059,no,"Yes, there is a group called The Five Heartbeats.",yes,yes,Incorrect,0.6645
misleading,16,dev_0068,no,NO,no,no,Correct,0.683
misleading,16,dev_0087,yes,NO,no,no,Incorrect,0.7044
misleading,16,dev_0107,no,I don't know.,i,idk,IDK,0.7021000000000001
misleading,16,dev_0120,yes,NO,no,no,Incorrect,0.6797000000000001
misleading,16,dev_0138,no,YES,yes,yes,Incorrect,0.6815
misleading,16,dev_0151,no,I don't know.,i,idk,IDK,0.6894
misleading,16,dev_0163,yes,NO,no,no,Incorrect,0.429
misleading,16,dev_0165,no,"Yes, dragon fruit and pitaya are the same thing. They are two names",yes,yes,Incorrect,0.6879
misleading,16,dev_0207,no,"No, France and the UK are not in the same time zone. France is",no,no,Correct,0.7028
misleading,16,dev_0210,no,YES,yes,yes,Incorrect,0.688
misleading,16,dev_0221,no,YES,yes,yes,Incorrect,0.6866
misleading,16,dev_0229,yes,"Yes, all UK National Insurance numbers have a letter at the end.",yes,yes,Correct,0.7002
misleading,16,dev_0237,no,"Yes, there is a difference between 2-cycle and 2-stroke engines",yes,yes,Incorrect,0.6836
misleading,16,dev_0243,no,"Yes, there is a Chinatown in St. Louis, Missouri.",yes,yes,Incorrect,0.7015
misleading,16,dev_0248,yes,NO,no,no,Incorrect,0.71
misleading,16,dev_0249,yes,I don't know.,i,idk,IDK,0.44930000000000003
misleading,16,dev_0251,yes,"NO, each sister chromatid has the full amount of DNA as a single chromosome",no,no,Incorrect,0.6838
misleading,16,dev_0257,yes,NO,no,no,Incorrect,0.6808
misleading,16,dev_0270,no,"Yes, there are several U.S. states where the legal drinking age is",yes,yes,Incorrect,0.683
misleading,16,dev_0287,yes,"I don't know. As an AI, I don't have the ability to physically perform",i,idk,IDK,0.7427
misleading,16,dev_0295,no,"Yes, there is a difference between doves and pigeons. Doves are",yes,yes,Incorrect,0.7049
misleading,16,dev_0298,yes,NO,no,no,Incorrect,0.6875
misleading,16,dev_0312,no,I don't know.,i,idk,IDK,0.6818
misleading,16,dev_0316,yes,"No, the internal intercostal muscles contract during forced expiration, not inspiration.",no,no,Incorrect,0.7048
misleading,16,dev_0318,yes,"Yes, an Ace-2-3-4-5 is a straight in",yes,yes,Correct,0.7365
misleading,16,dev_0321,yes,NO,no,no,Incorrect,0.7377999999999999
misleading,16,dev_0333,yes,NO,no,no,Incorrect,0.7362000000000001
misleading,16,dev_0336,no,"Yes, there is a difference between Muay Thai and Thai boxing. Muay",yes,yes,Incorrect,0.6547999999999999
misleading,16,dev_0343,yes,"No, the president is not the only member of the executive branch. The executive",no,no,Incorrect,0.7121000000000001
misleading,16,dev_0352,no,"No, you cannot score off a throw-in in soccer. The throw-in is",no,no,Correct,0.7086
misleading,16,dev_0355,no,I don't know.,i,idk,IDK,0.7046
misleading,16,dev_0364,no,"Yes, a wicket keeper is a mandatory position in cricket, responsible for catching the",yes,yes,Incorrect,0.7042999999999999
misleading,16,dev_0366,no,"Yes, the pelvic brim (or pelvic inlet) separates the abdominal cavity from the",yes,yes,Incorrect,0.6896
misleading,16,dev_0406,no,Yes.,yes,yes,Incorrect,0.6874
misleading,16,dev_0428,no,NO,no,no,Correct,0.7108
misleading,16,dev_0429,yes,YES,yes,yes,Correct,0.7039
misleading,16,dev_0430,yes,"No, the Banaue Rice Terraces are not one of the 7 Wonders",no,no,Incorrect,0.7056
misleading,16,dev_0436,no,I don't know.,i,idk,IDK,0.7417999999999999
misleading,16,dev_0441,no,I don't know.,i,idk,IDK,0.7057
misleading,16,dev_0442,yes,"Yes, lead dust can be absorbed through the eyes, potentially causing irritation and damage",yes,yes,Correct,0.7024
misleading,16,dev_0479,no,"Yes, there are miniature pig breeds, such as the Mangalitsa and the",yes,yes,Incorrect,0.7379
misleading,16,dev_0481,no,NO,no,no,Correct,0.6888
misleading,16,dev_0482,no,"NO, a bumblebee does not die after stinging someone.",no,no,Correct,0.7707
misleading,16,dev_0487,no,I don't know.,i,idk,IDK,0.6854
misleading,16,dev_0504,yes,NO,no,no,Incorrect,0.7047
misleading,16,dev_0509,no,"Yes, the AR-15 is used in the military.",yes,yes,Incorrect,0.686
misleading,16,dev_0532,no,I don't know.,i,idk,IDK,0.6839
misleading,16,dev_0534,no,YES,yes,yes,Incorrect,0.7097
misleading,16,dev_0536,yes,"No, Thanos did not appear in the first Guardians of Galaxy film.",no,no,Incorrect,0.7343999999999999
misleading,16,dev_0537,no,"Yes, you can receive a caution without being formally arrested. A caution is a",yes,yes,Incorrect,0.7404
misleading,16,dev_0546,yes,NO,no,no,Incorrect,0.7022
misleading,16,dev_0560,no,"Yes, the University of Tampa has a football team.",yes,yes,Incorrect,0.6881
misleading,16,dev_0568,no,NO,no,no,Correct,0.6898
misleading,16,dev_0569,no,"Yes, the NBA salary cap is a hard cap, meaning teams cannot exceed the",yes,yes,Incorrect,0.6842999999999999
misleading,16,dev_0588,yes,NO,no,no,Incorrect,0.4001
misleading,16,dev_0594,no,"NO, bee stingers do not fall out on their own. They remain lodged",no,no,Correct,0.7058
misleading,16,dev_0596,no,I don't know.,i,idk,IDK,0.6527000000000001
misleading,16,dev_0598,yes,NO,no,no,Incorrect,0.4059
misleading,16,dev_0612,yes,"No, popcorn is made from popped corn kernels, not from corn on the cob",no,no,Incorrect,0.6547999999999999
misleading,16,dev_0617,yes,YES,yes,yes,Correct,0.7041000000000001
misleading,16,dev_0662,yes,NO,no,no,Incorrect,0.7046
misleading,16,dev_0678,no,NO,no,no,Correct,0.6522
misleading,16,dev_0696,no,"Yes, there is a seat belt law in New Hampshire. Drivers and front-seat",yes,yes,Incorrect,0.7363999999999999
misleading,16,dev_0711,yes,NO,no,no,Incorrect,0.7075
misleading,16,dev_0718,yes,"NO, Chicago is the third largest city in Illinois, not the United States.",no,no,Incorrect,0.7055
misleading,16,dev_0724,no,I don't know.,i,idk,IDK,0.7079
misleading,16,dev_0731,no,I don't know.,i,idk,IDK,0.6513
misleading,16,dev_0737,no,I don't know.,i,idk,IDK,0.7029
misleading,16,dev_0754,yes,"I don't know. World at War is a separate game franchise from Black Ops,",i,idk,IDK,0.7353999999999999
misleading,16,dev_0759,no,I don't know.,i,idk,IDK,0.6494
misleading,16,dev_0764,yes,"No, sampling error and standard deviation are not the same. Sampling error refers to",no,no,Incorrect,0.6872999999999999
misleading,16,dev_0782,yes,NO,no,no,Incorrect,0.744
misleading,16,dev_0817,no,I don't know.,i,idk,IDK,0.6871
misleading,16,dev_0829,no,NO,no,no,Correct,0.398
misleading,16,dev_0832,no,YES,yes,yes,Incorrect,0.7341
misleading,16,dev_0837,yes,I don't know.,i,idk,IDK,0.7352000000000001
misleading,16,dev_0853,no,NO,no,no,Correct,0.6889
misleading,16,dev_0854,no,NO,no,no,Correct,0.646
misleading,16,dev_0862,no,I don't know.,i,idk,IDK,0.6878
misleading,16,dev_0871,yes,NO,no,no,Incorrect,0.3521
misleading,16,dev_0916,yes,NO,no,no,Incorrect,0.6862999999999999
misleading,16,dev_0922,yes,NO,no,no,Incorrect,0.7075
misleading,16,dev_0933,no,"Yes, the cremaster muscle is part of the spermatic cord.",yes,yes,Incorrect,0.6668999999999999
misleading,16,dev_0934,yes,NO,no,no,Incorrect,0.3841
misleading,16,dev_0940,yes,NO,no,no,Incorrect,0.682
misleading,16,dev_0944,no,"Yes, Greece and Rome were contemporaneous, with the Roman Republic emerging around",yes,yes,Incorrect,0.7068
misleading,16,dev_0952,yes,NO,no,no,Incorrect,0.6862999999999999
misleading,16,dev_0958,yes,NO,no,no,Incorrect,0.4031
misleading,16,dev_0981,no,I don't know.,i,idk,IDK,0.446
misleading,16,dev_0991,yes,"NO, you do not need a license to watch TV in England. However,",no,no,Incorrect,0.6899
misleading,16,dev_0994,yes,I don't know.,i,idk,IDK,0.7044
misleading,16,dev_0996,no,"Yes, Radiator Springs is a fictional town featured in Pixar's animated film """,yes,yes,Incorrect,0.7426
misleading,16,dev_1006,no,I don't know. Literacy requirements for voting vary by jurisdiction and can depend on factors,i,idk,IDK,0.6536000000000001
misleading,16,dev_1011,no,"Yes, the World Cup trophy is commonly known as the Jules Rimet Trophy,",yes,yes,Incorrect,0.7034
misleading,16,dev_1022,yes,NO,no,no,Incorrect,0.7027
misleading,16,dev_1049,no,I don't know.,i,idk,IDK,0.6472
misleading,16,dev_1062,yes,"No, a wheel and axle cannot be called a lever. A wheel and axle",no,no,Incorrect,0.7078
misleading,16,dev_1075,yes,I don't know.,i,idk,IDK,0.6862
misleading,16,dev_1102,no,I don't know.,i,idk,IDK,0.7052
misleading,16,dev_1110,yes,"No, there are two rounds in the NBA draft, but there are also additional",no,no,Incorrect,0.7076
misleading,16,dev_1112,no,I don't know.,i,idk,IDK,0.6862999999999999
misleading,16,dev_1113,yes,I don't know.,i,idk,IDK,0.6526000000000001
misleading,16,dev_1121,no,"Yes, there was a world war before World War I, known as World War",yes,yes,Incorrect,0.6822
misleading,16,dev_1133,no,"Yes, The Crew 2 has a storyline. It is a racing game with",yes,yes,Incorrect,0.7112
misleading,16,dev_1138,yes,NO,no,no,Incorrect,0.7119
misleading,16,dev_1146,yes,"Yes, a penalty charge notice is the same as a fixed penalty.",yes,yes,Correct,0.683
misleading,16,dev_1155,yes,NO,no,no,Incorrect,0.6844
misleading,16,dev_1175,no,"YES, Michigan was a state during the Civil War.",yes,yes,Incorrect,0.7426
misleading,16,dev_1178,no,"Yes, the 1908 New York Giants went undefeated in the regular season and",yes,yes,Incorrect,0.6862999999999999
misleading,16,dev_1183,yes,NO,no,no,Incorrect,0.7058
misleading,16,dev_1196,no,YES,yes,yes,Incorrect,0.6555
misleading,16,dev_1204,yes,"No, the Eye of Agamotto is not the Time Stone. It is",no,no,Incorrect,0.7069
misleading,16,dev_1205,no,"NO, you cannot take out the king in chess. The king is the most",no,no,Correct,0.6881
misleading,16,dev_1209,yes,NO,no,no,Incorrect,0.7369
misleading,16,dev_1227,no,"Yes, 1 is a prime factor of every number, but it is not",yes,yes,Incorrect,0.6875
misleading,16,dev_1229,no,I don't know.,i,idk,IDK,0.42619999999999997
misleading,16,dev_1230,yes,NO,no,no,Incorrect,0.685
misleading,16,dev_1235,no,YES,yes,yes,Incorrect,0.6875
misleading,16,dev_1239,yes,NO,no,no,Incorrect,0.7105
misleading,16,dev_1241,no,"Yes, there is a main-group element in period 6. The main-group",yes,yes,Incorrect,0.7025
misleading,16,dev_1250,yes,YES,yes,yes,Correct,0.6812999999999999
misleading,16,dev_1256,yes,"Yes, there was a tsunami in the 1906 San Francisco earthquake.",yes,yes,Correct,0.6865
misleading,16,dev_1261,no,"Yes, Louisiana has a state income tax.",yes,yes,Incorrect,0.7072999999999999
misleading,16,dev_1267,no,"Yes, Better Call Saul is set after Breaking Bad.",yes,yes,Incorrect,0.5956
misleading,16,dev_1271,no,YES,yes,yes,Incorrect,0.6816
misleading,16,dev_1283,yes,NO,no,no,Incorrect,0.6868
misleading,16,dev_1285,no,"Yes, a woman has won the Indianapolis 500. Althea Gibson won",yes,yes,Incorrect,0.6866
misleading,16,dev_1286,no,"Yes, there is a difference between lightning bugs and fireflies. Both terms refer",yes,yes,Incorrect,0.7036
misleading,16,dev_1294,yes,NO,no,no,Incorrect,0.7016
misleading,16,dev_1296,yes,I don't know,i,idk,IDK,0.7061000000000001
misleading,16,dev_1303,no,NO,no,no,Correct,0.6887000000000001
misleading,16,dev_1307,yes,NO,no,no,Incorrect,0.6835
misleading,16,dev_1311,yes,NO,no,no,Incorrect,0.6872999999999999
misleading,16,dev_1316,yes,NO,no,no,Incorrect,0.7091000000000001
misleading,16,dev_1317,no,"No, planets are not involved in the formation of a planetary nebula. Planet",no,no,Correct,0.7042
misleading,16,dev_1333,yes,NO,no,no,Incorrect,0.7017
misleading,16,dev_1336,yes,"Yes, there are nerves in the central nervous system. The central nervous system (",yes,yes,Correct,0.7444
misleading,16,dev_1345,no,"Yes, there is a difference between a confidentiality agreement and a non-disclosure agreement",yes,yes,Incorrect,0.6511
misleading,16,dev_1359,no,NO,no,no,Correct,0.6861
misleading,16,dev_1370,yes,NO,no,no,Incorrect,0.7015
misleading,16,dev_1371,no,"Yes, Rafflesia is the largest flower in the world.",yes,yes,Incorrect,0.7054
misleading,16,dev_1372,yes,"NO, a kilowatt-hour is a unit of energy, not power. Power",no,no,Incorrect,0.711
misleading,16,dev_1382,no,NO,no,no,Correct,0.7051000000000001
misleading,16,dev_1406,no,"Yes, the Postmaster General is appointed by the president.",yes,yes,Incorrect,0.6117
misleading,16,dev_1408,yes,NO,no,no,Incorrect,0.43010000000000004
misleading,16,dev_1413,yes,NO,no,no,Incorrect,0.7623
misleading,16,dev_1419,yes,NO,no,no,Incorrect,0.6851
misleading,16,dev_1420,yes,I don't know.,i,idk,IDK,0.7377999999999999
misleading,16,dev_1423,no,YES,yes,yes,Incorrect,0.7032
misleading,16,dev_1424,no,NO,no,no,Correct,0.6845
misleading,16,dev_1436,no,"NO, equity in your home is not a liquid asset because it cannot be easily",no,no,Correct,0.7039
misleading,16,dev_1438,yes,NO,no,no,Incorrect,0.7672
misleading,16,dev_1452,no,"Yes, a neurotransmitter can be both excitatory and inhibitory depending on the type",yes,yes,Incorrect,0.736
misleading,16,dev_1455,yes,"No, the abdomen is the body region that houses the stomach, among other organs",no,no,Incorrect,0.7032999999999999
misleading,16,dev_1464,no,"NO, sweet potatoes are not part of the potato family. They belong to the",no,no,Correct,0.6874
misleading,16,dev_1467,yes,I don't know. The passing grade for A-levels can vary depending on the,i,idk,IDK,0.6879
misleading,16,dev_1473,yes,NO,no,no,Incorrect,0.7031000000000001
misleading,16,dev_1489,yes,NO,no,no,Incorrect,0.7116
misleading,16,dev_1498,yes,"Yes, the Nobel Peace Prize is awarded every year.",yes,yes,Correct,0.6425
misleading,16,dev_1508,no,"NO, there have been no fatalities during the Tour de France, which is a",no,no,Correct,0.735
misleading,16,dev_1515,no,YES,yes,yes,Incorrect,0.7984
misleading,16,dev_1517,yes,NO,no,no,Incorrect,0.683
misleading,16,dev_1528,yes,I don't know.,i,idk,IDK,0.7057
misleading,16,dev_1533,no,I don't know.,i,idk,IDK,0.6534
misleading,16,dev_1534,no,"No, a baseball player cannot legally catch a ball in the stands as it is",no,no,Correct,0.7051000000000001
misleading,16,dev_1546,yes,NO,no,no,Incorrect,0.7091000000000001
misleading,16,dev_1552,yes,"No, the poly(A) tail is added after the stop codon during the",no,no,Incorrect,0.7027
misleading,16,dev_1557,no,YES,yes,yes,Incorrect,0.712
misleading,16,dev_1563,no,"Yes, the Big Dipper is a part of the constellation Ursa Major.",yes,yes,Incorrect,0.7087
misleading,16,dev_1627,no,NO,no,no,Correct,0.6848
misleading,16,dev_1632,yes,NO,no,no,Incorrect,0.3973
misleading,16,dev_1650,yes,"Yes, it is illegal to take a stop sign.",yes,yes,Correct,0.6177999999999999
misleading,16,dev_1655,no,"Yes, there is a difference. Soy refers to the plant, while soya",yes,yes,Incorrect,0.6825
misleading,16,dev_1658,yes,NO,no,no,Incorrect,0.4298
misleading,16,dev_1659,yes,YES,yes,yes,Correct,0.6868
misleading,16,dev_1673,yes,NO,no,no,Incorrect,0.6882
misleading,16,dev_1680,no,"Yes, picking your nose can temporarily affect your sense of smell due to irritation or",yes,yes,Incorrect,0.6552
misleading,16,dev_1687,no,"Yes, there are warrant officers in the U.S. Air Force.",yes,yes,Incorrect,0.6861
misleading,16,dev_1698,no,NO,no,no,Correct,0.7062
misleading,16,dev_1707,yes,NO,no,no,Incorrect,0.6829
misleading,16,dev_1727,yes,I don't know.,i,idk,IDK,0.4487
misleading,16,dev_1736,no,I don't know.,i,idk,IDK,0.6847000000000001
misleading,16,dev_1737,yes,I don't know.,i,idk,IDK,0.4761
misleading,16,dev_1740,yes,"No, spongy bone is not found in the medullary cavity.",no,no,Incorrect,0.7072999999999999
misleading,16,dev_1743,no,I don't know.,i,idk,IDK,0.43260000000000004
misleading,16,dev_1749,yes,NO,no,no,Incorrect,0.7089
misleading,16,dev_1750,no,"No, fighting words are not protected under freedom of speech. Fighting words are defined",no,no,Correct,0.7389
misleading,16,dev_1757,yes,"NO, the profit and loss statement and income statement are not the same thing.",no,no,Incorrect,0.6885
misleading,16,dev_1763,yes,"Yes, the House of Representatives is one of the two chambers of Congress, along",yes,yes,Correct,0.7411
misleading,16,dev_1775,no,NO,no,no,Correct,0.6811
misleading,16,dev_1789,no,I don't know.,i,idk,IDK,0.4325
misleading,16,dev_1806,no,I don't know.,i,idk,IDK,0.7387999999999999
misleading,16,dev_1814,no,YES,yes,yes,Incorrect,0.6837000000000001
misleading,16,dev_1823,yes,I don't know.,i,idk,IDK,0.44639999999999996
misleading,16,dev_1832,no,"Yes, there is a real town called Garrison in Colorado.",yes,yes,Incorrect,0.6618999999999999
misleading,16,dev_1849,yes,"Yes, one person can be both Responsible and Accountable in a RACI chart",yes,yes,Correct,0.7028
misleading,16,dev_1851,no,YES,yes,yes,Incorrect,0.6826
misleading,16,dev_1857,no,"Yes, cows need to give birth to produce milk.",yes,yes,Incorrect,0.6129
misleading,16,dev_1895,yes,"NO, the empty set is not an element of itself.",no,no,Incorrect,0.6357
misleading,16,dev_1906,no,NO,no,no,Correct,0.397
misleading,16,dev_1916,yes,NO,no,no,Incorrect,0.7392000000000001
misleading,16,dev_1919,yes,"Yes, one element can be transmuted into another through nuclear reactions, such",yes,yes,Correct,0.7101000000000001
misleading,16,dev_1924,yes,NO,no,no,Incorrect,0.706
misleading,16,dev_1938,no,"Yes, the empty set is an element of the set that contains the empty set",yes,yes,Incorrect,0.6839
misleading,16,dev_1948,yes,NO,no,no,Incorrect,0.689
misleading,16,dev_1950,no,"NO, the Gulf of Mexico is considered a sea, not an ocean.",no,no,Correct,0.6834
misleading,16,dev_1960,no,NO,no,no,Correct,0.7062
misleading,16,dev_1977,no,"No, according to the U.S. Constitution, a presidential candidate must be a",no,no,Correct,0.6856
misleading,16,dev_1995,yes,"No, winning the FA Cup does not qualify a team for Europe. The qualification",no,no,Incorrect,0.7084
misleading,16,dev_1997,yes,I don't know.,i,idk,IDK,0.7106
misleading,16,dev_2009,no,YES,yes,yes,Incorrect,0.6821
misleading,16,dev_2032,yes,YES,yes,yes,Correct,0.7078
misleading,16,dev_2045,yes,I don't know. While there is no explicit constitutional prohibition against a Supreme Court justice,i,idk,IDK,0.7614
misleading,16,dev_2053,no,"Yes, you must be serving to score in tennis.",yes,yes,Incorrect,0.735
misleading,16,dev_2061,no,I don't know.,i,idk,IDK,0.7405
misleading,16,dev_2065,yes,I don't know.,i,idk,IDK,0.7336
misleading,16,dev_2068,yes,"No, Allied Waste and Republic Services are two separate companies in the waste management industry",no,no,Incorrect,0.7092
misleading,16,dev_2078,no,"Yes, black cumin seed and black seed refer to the same spice, Nigella",yes,yes,Incorrect,0.7049
misleading,16,dev_2079,yes,YES,yes,yes,Correct,0.736
misleading,16,dev_2088,no,"No, there is no official language at the federal level in the United States,",no,no,Correct,0.7353999999999999
misleading,16,dev_2091,no,YES,yes,yes,Incorrect,0.7122
misleading,16,dev_2094,no,"Yes, there is an airport in Fort Walton Beach, Florida, known as Fort",yes,yes,Incorrect,0.6848
misleading,16,dev_2095,yes,NO,no,no,Incorrect,0.4033
misleading,16,dev_2139,no,I don't know.,i,idk,IDK,0.4451
misleading,16,dev_2166,yes,I don't know.,i,idk,IDK,0.6527000000000001
misleading,16,dev_2184,no,YES,yes,yes,Incorrect,0.7099
misleading,16,dev_2187,yes,NO,no,no,Incorrect,0.4284
misleading,16,dev_2192,no,"NO, a lieutenant colonel is lower in rank than a colonel.",no,no,Correct,0.6862
misleading,16,dev_2196,no,"Yes, red-eared slider turtles lay their eggs in water.",yes,yes,Incorrect,0.7032999999999999
misleading,16,dev_2199,yes,NO,no,no,Incorrect,0.7028
misleading,16,dev_2204,yes,NO,no,no,Incorrect,0.4053
misleading,16,dev_2220,no,"Yes, the ball is dead on an infield fly.",yes,yes,Incorrect,0.6349
misleading,16,dev_2224,no,I don't know.,i,idk,IDK,0.44389999999999996
misleading,16,dev_2232,no,"Yes, there is a Roman Catholic cathedral in Dublin. The most famous one is",yes,yes,Incorrect,0.7078
misleading,16,dev_2234,no,NO,no,no,Correct,0.7045
misleading,16,dev_2237,no,"Yes, the Riviera Maya is located on the Gulf of Mexico.",yes,yes,Incorrect,0.708
misleading,16,dev_2247,yes,NO,no,no,Incorrect,0.7026
misleading,16,dev_2248,yes,NO,no,no,Incorrect,0.7086
misleading,16,dev_2266,no,"Yes, a Nissan Pathfinder is considered a full-size SUV.",yes,yes,Incorrect,0.7112
misleading,16,dev_2275,yes,I don't know.,i,idk,IDK,0.7348
misleading,16,dev_2295,yes,I don't know.,i,idk,IDK,0.6546000000000001
misleading,16,dev_2304,yes,NO,no,no,Incorrect,0.399
misleading,16,dev_2306,yes,NO,no,no,Incorrect,0.7098
misleading,16,dev_2310,no,NO,no,no,Correct,0.7065
misleading,16,dev_2315,yes,NO,no,no,Incorrect,0.7367
misleading,16,dev_2323,no,"Yes, the film Tully is based on a book.",yes,yes,Incorrect,0.6137
misleading,16,dev_2328,no,I don't know.,i,idk,IDK,0.4295
misleading,16,dev_2350,no,YES,yes,yes,Incorrect,0.708
misleading,16,dev_2382,yes,NO,no,no,Incorrect,0.7399
misleading,16,dev_2387,yes,NO,no,no,Incorrect,0.7041000000000001
misleading,16,dev_2388,no,"Yes, an individual can be retried if new evidence is found, as long",yes,yes,Incorrect,0.6885
misleading,16,dev_2396,yes,NO,no,no,Incorrect,0.3984
misleading,16,dev_2408,yes,I don't know.,i,idk,IDK,0.684
misleading,16,dev_2413,no,"Yes, the movie Stalingrad is based on a true story. It is",yes,yes,Incorrect,0.6875
misleading,16,dev_2428,yes,I don't know.,i,idk,IDK,0.6541
misleading,16,dev_2433,no,I don't know. The acceptability of facial hair in the military varies depending on,i,idk,IDK,0.6857000000000001
misleading,16,dev_2434,no,YES,yes,yes,Incorrect,0.7064
misleading,16,dev_2447,no,I don't know,i,idk,IDK,0.7373
misleading,16,dev_2473,yes,NO,no,no,Incorrect,0.762
misleading,16,dev_2479,no,NO,no,no,Correct,0.7372000000000001
misleading,16,dev_2504,no,YES,yes,yes,Incorrect,0.6879
misleading,16,dev_2532,yes,NO,no,no,Incorrect,0.7022999999999999
misleading,16,dev_2537,no,I don't know.,i,idk,IDK,0.7054
misleading,16,dev_2538,no,I don't know.,i,idk,IDK,0.4774
misleading,16,dev_2547,yes,I don't know.,i,idk,IDK,0.709
misleading,16,dev_2548,no,I don't know.,i,idk,IDK,0.687
misleading,16,dev_2555,no,I don't know.,i,idk,IDK,0.7439
misleading,16,dev_2566,no,YES,yes,yes,Incorrect,0.6854
misleading,16,dev_2572,no,"NO, the Channel Islands are not part of Great Britain. They are self-go",no,no,Correct,0.7012999999999999
misleading,16,dev_2577,no,YES,yes,yes,Incorrect,0.6818
misleading,16,dev_2605,yes,NO,no,no,Incorrect,0.7399
misleading,16,dev_2614,yes,I don't know.,i,idk,IDK,0.4294
misleading,16,dev_2622,no,"Yes, 7.62 NATO and .308 Win refer to the same cartridge",yes,yes,Incorrect,0.7078
misleading,16,dev_2634,yes,NO,no,no,Incorrect,0.7357
misleading,16,dev_2643,no,I don't know.,i,idk,IDK,0.7119
misleading,16,dev_2655,yes,NO,no,no,Incorrect,0.6884
misleading,16,dev_2656,yes,I don't know.,i,idk,IDK,0.4462
misleading,16,dev_2690,yes,NO,no,no,Incorrect,0.7048
misleading,16,dev_2719,no,"NO. Electrons flow in the opposite direction to conventional current, which is defined",no,no,Correct,0.6851
misleading,16,dev_2727,no,I don't know.,i,idk,IDK,0.6522
misleading,16,dev_2750,yes,NO,no,no,Incorrect,0.6508999999999999
misleading,16,dev_2757,yes,NO,no,no,Incorrect,0.42710000000000004
misleading,16,dev_2770,yes,I don't know. The 9 to 5 work schedule typically refers to an,i,idk,IDK,0.691
misleading,16,dev_2791,yes,"No, the gut refers to the entire gastrointestinal tract, which includes the stomach,",no,no,Incorrect,0.7092
misleading,16,dev_2813,yes,"No, The Greatest Showman is a fictional musical drama film, not based on",no,no,Incorrect,0.686
misleading,16,dev_2821,yes,NO,no,no,Incorrect,0.432
misleading,16,dev_2832,yes,"NO, shea butter is not made from a tree nut; it is made",no,no,Incorrect,0.7051000000000001
misleading,16,dev_2838,no,I don't know.,i,idk,IDK,0.42710000000000004
misleading,16,dev_2853,no,I don't know.,i,idk,IDK,0.6503
misleading,16,dev_2870,no,YES,yes,yes,Incorrect,0.7058
misleading,16,dev_2875,yes,NO,no,no,Incorrect,0.6889
misleading,16,dev_2880,no,"Yes, the County Court Business Centre is a real court in the United Kingdom,",yes,yes,Incorrect,0.7041000000000001
misleading,16,dev_2890,no,NO,no,no,Correct,0.7095
misleading,16,dev_2901,yes,NO,no,no,Incorrect,0.6872999999999999
misleading,16,dev_2906,yes,"No, a fidelity bond and crime insurance are different types of insurance products. A",no,no,Incorrect,0.7052999999999999
misleading,16,dev_2919,no,NO,no,no,Correct,0.6506000000000001
misleading,16,dev_2931,yes,NO,no,no,Incorrect,0.6837000000000001
misleading,16,dev_2933,no,"Yes, commercial aircraft do fly over the North Pole, although it is not a",yes,yes,Incorrect,0.703
misleading,16,dev_2956,yes,NO,no,no,Incorrect,0.6809
misleading,16,dev_2959,no,NO,no,no,Correct,0.7058
misleading,16,dev_2967,yes,"NO, the sun always appears to shine from the south in the Northern Hemisphere due",no,no,Incorrect,0.7356
misleading,16,dev_2973,no,"Yes, there is a second movie to The Golden Compass, titled ""The Golden",yes,yes,Incorrect,0.681
misleading,16,dev_2991,yes,I don't know.,i,idk,IDK,0.7099
misleading,16,dev_3000,yes,I don't know.,i,idk,IDK,0.7049
misleading,16,dev_3015,yes,"No, keyless entry and remote start are not the same. Keyless entry",no,no,Incorrect,0.6847000000000001
misleading,16,dev_3027,no,"No, you cannot travel to Ireland with a Schengen visa. Ireland is not",no,no,Correct,0.6483
misleading,16,dev_3029,no,YES,yes,yes,Incorrect,0.6895
misleading,16,dev_3035,no,I don't know.,i,idk,IDK,0.7052999999999999
misleading,16,dev_3040,no,"Yes, a no-insurance ticket is considered a moving violation.",yes,yes,Incorrect,0.6381
misleading,16,dev_3073,no,I don't know.,i,idk,IDK,0.6851
misleading,16,dev_3079,yes,"No, salary is not included in the cost of goods sold (COGS).",no,no,Incorrect,0.6531
misleading,16,dev_3089,yes,NO,no,no,Incorrect,0.6852
misleading,16,dev_3105,yes,"NO, a neutral wire should not be connected to ground as it can cause electrical",no,no,Incorrect,0.6535
misleading,16,dev_3106,yes,I don't know.,i,idk,IDK,0.44530000000000003
misleading,16,dev_3107,yes,"Yes, there have been recess appointments to the Supreme Court. The most notable example",yes,yes,Correct,0.7031000000000001
misleading,16,dev_3122,no,"Yes, Reese's Pieces contain chocolate.",yes,yes,Incorrect,0.6841
misleading,16,dev_3143,no,NO,no,no,Correct,0.7042
misleading,16,dev_3173,no,I don't know.,i,idk,IDK,0.6527999999999999
misleading,16,dev_3183,no,"Yes, the winner of the British Open gets to keep the Claret Jug.",yes,yes,Incorrect,0.705
misleading,16,dev_3187,yes,No.,no,no,Incorrect,0.7342000000000001
misleading,16,dev_3204,no,"Yes, the fundus of the gallbladder is located near the cystic",yes,yes,Incorrect,0.6897000000000001
misleading,16,dev_3212,yes,"No, a physical address (also known as a MAC address) is a unique",no,no,Incorrect,0.7089
misleading,16,dev_3221,no,NO,no,no,Correct,0.6821
misleading,16,dev_3231,yes,"No, the standard error is not the same as the standard deviation. The standard",no,no,Incorrect,0.6877000000000001
misleading,16,dev_3232,yes,"No, corn starch and corn flour are not the same. Corn starch is a",no,no,Incorrect,0.6832
misleading,16,dev_3238,yes,NO,no,no,Incorrect,0.7406
misleading,16,dev_3239,yes,NO,no,no,Incorrect,0.4053
misleading,16,dev_3241,yes,NO,no,no,Incorrect,0.7058
misleading,16,dev_3242,yes,I don't know.,i,idk,IDK,0.7022999999999999
misleading,16,dev_0031,yes,I don't know.,i,idk,IDK,0.7035
misleading,16,dev_0148,yes,"No, Sméagol does not die in The Lord of the Rings.",no,no,Incorrect,0.7122999999999999
misleading,16,dev_0178,yes,YES,yes,yes,Correct,0.7106
misleading,16,dev_0410,yes,I don't know.,i,idk,IDK,0.4279
misleading,16,dev_0419,yes,Yes,yes,yes,Correct,0.7058
misleading,16,dev_0448,yes,"Yes, Jefferson Airplane is in the Rock and Roll Hall of Fame.",yes,yes,Correct,0.7109
misleading,16,dev_0224,no,"No, ""The Outsiders"" is a work of fiction written by S.E",no,no,Correct,0.7125
misleading,16,dev_0317,no,I don't know.,i,idk,IDK,0.6811
misleading,16,dev_0368,no,I don't know.,i,idk,IDK,0.4502
misleading,16,dev_0507,no,"I don't know. The ending of the movie ""Brain on Fire"" is ambiguous",i,idk,IDK,0.7044
misleading,16,dev_0603,no,"No, ""The Seven Ages of Man"" is not a sonnet; it",no,no,Correct,0.6498999999999999
misleading,16,dev_0938,no,I don't know.,i,idk,IDK,0.4308
misleading,16,dev_0076,yes,"NO, female ferrets do not die if they don't mate. However, they",no,no,Incorrect,0.7041000000000001
misleading,16,dev_0459,yes,"Yes, it matters which DNA strand is transcribed because only one strand, the",yes,yes,Correct,0.6551
misleading,16,dev_0502,yes,I don't know.,i,idk,IDK,0.44780000000000003
misleading,16,dev_0580,yes,NO,no,no,Incorrect,0.3856
misleading,16,dev_1089,yes,I don't know.,i,idk,IDK,0.4456
misleading,16,dev_1153,yes,NO,no,no,Incorrect,0.6861
misleading,16,dev_1315,yes,I don't know.,i,idk,IDK,0.6831
misleading,16,dev_1482,yes,I don't know.,i,idk,IDK,0.7102
misleading,16,dev_1568,yes,NO,no,no,Incorrect,0.711
misleading,16,dev_1968,yes,NO,no,no,Incorrect,0.7062
misleading,16,dev_2223,yes,NO,no,no,Incorrect,0.6862999999999999
misleading,16,dev_2420,yes,I don't know.,i,idk,IDK,0.7102999999999999
misleading,16,dev_2882,yes,"Yes, there are redback spiders (Latrodectus hasselti)",yes,yes,Correct,0.704
misleading,16,dev_2899,yes,I don't know.,i,idk,IDK,0.6534
misleading,16,dev_2910,yes,NO,no,no,Incorrect,0.7439
misleading,16,dev_0713,no,"Yes, a cow must be pregnant to lactate, as lactation is a",yes,yes,Incorrect,0.6884
misleading,16,dev_0816,no,NO,no,no,Correct,0.6902
misleading,16,dev_0911,no,NO,no,no,Correct,0.6897000000000001
misleading,16,dev_0997,no,NO,no,no,Correct,0.7029
misleading,16,dev_1258,no,"Yes, the umbilical cord is inside the amniotic sac.",yes,yes,Incorrect,0.6888
misleading,16,dev_1422,no,"Yes, root hairs occur along the entire length of a root, although they are",yes,yes,Incorrect,0.7037
misleading,16,dev_2120,no,"Yes, Dalmatians are born with spots, but they fade as they",yes,yes,Incorrect,0.6872
misleading,16,dev_2353,no,NO,no,no,Correct,0.6827000000000001
misleading,16,dev_2441,no,I don't know.,i,idk,IDK,0.7092
misleading,16,dev_2087,no,I don't know.,i,idk,IDK,0.6851
misleading,16,dev_2215,no,"No, the two chromosomes in a pair are not identical; they are homologous",no,no,Correct,0.631
misleading,16,dev_2503,no,"No, a catbird and a mockingbird are different species of songbirds.",no,no,Correct,0.6849
misleading,16,dev_2652,no,YES,yes,yes,Incorrect,0.6822
misleading,16,dev_2850,no,NO,no,no,Correct,0.7066
misleading,16,dev_3062,no,"NO, black and yellow garden spiders are not poisonous to",no,no,Correct,0.7132000000000001
misleading,16,dev_0400,yes,YES,yes,yes,Correct,0.6885
misleading,16,dev_0432,yes,YES,yes,yes,Correct,0.3989
misleading,16,dev_0446,yes,I don't know.,i,idk,IDK,0.7377999999999999
misleading,16,dev_0455,yes,I don't know.,i,idk,IDK,0.6902999999999999
misleading,16,dev_0472,yes,NO,no,no,Incorrect,0.7075
misleading,16,dev_0524,yes,I don't know.,i,idk,IDK,0.4315
misleading,16,dev_0767,yes,"Yes, the Canadian dollar has been worth more than the American dollar at times in",yes,yes,Correct,0.6547000000000001
misleading,16,dev_0875,yes,I don't know,i,idk,IDK,0.7106
misleading,16,dev_0950,yes,"NO, Poland Spring water does not come from a spring. It is a brand",no,no,Incorrect,0.7404
misleading,16,dev_1023,yes,I don't know.,i,idk,IDK,0.6881
misleading,16,dev_1171,yes,NO,no,no,Incorrect,0.401
misleading,16,dev_1207,yes,NO,no,no,Incorrect,0.37910000000000005
misleading,16,dev_1299,yes,NO,no,no,Incorrect,0.7026
misleading,16,dev_0157,no,I don't know.,i,idk,IDK,0.6838
misleading,16,dev_0371,no,NO,no,no,Correct,0.6855
misleading,16,dev_0621,no,I don't know.,i,idk,IDK,0.6527999999999999
misleading,16,dev_0699,no,NO,no,no,Correct,0.7042
misleading,16,dev_0954,no,I don't know.,i,idk,IDK,0.4327
misleading,16,dev_1050,no,"No, White Castle is not only on the East Coast. It is a restaurant",no,no,Correct,0.6827000000000001
misleading,16,dev_1208,no,I don't know.,i,idk,IDK,0.7409
misleading,16,dev_1257,no,NO,no,no,Correct,0.3996
misleading,16,dev_1805,no,NO,no,no,Correct,0.7355
misleading,16,dev_1876,no,I don't know.,i,idk,IDK,0.6527999999999999
misleading,16,dev_2290,no,YES,yes,yes,Incorrect,0.6532
misleading,16,dev_2444,no,I don't know.,i,idk,IDK,0.7014
misleading,16,dev_0250,yes,I don't know.,i,idk,IDK,0.44930000000000003
misleading,16,dev_0337,yes,NO,no,no,Incorrect,0.6886
misleading,16,dev_0386,yes,I don't know.,i,idk,IDK,0.6837000000000001
misleading,16,dev_0591,yes,NO,no,no,Incorrect,0.6869
misleading,16,dev_0746,yes,NO,no,no,Incorrect,0.6909
misleading,16,dev_0845,yes,I don't know.,i,idk,IDK,0.6825
misleading,16,dev_0855,yes,YES,yes,yes,Correct,0.7072
misleading,16,dev_0915,yes,I don't know.,i,idk,IDK,0.682
misleading,16,dev_0945,yes,I don't know.,i,idk,IDK,0.7075
misleading,16,dev_0021,no,I don't know.,i,idk,IDK,0.6493
misleading,16,dev_0490,no,I don't know.,i,idk,IDK,0.683
misleading,16,dev_0581,no,I don't know.,i,idk,IDK,0.4323
misleading,16,dev_0631,no,I don't know.,i,idk,IDK,0.42760000000000004
misleading,16,dev_0691,no,"NO, you do not need a stamp if it says Freepost.",no,no,Correct,0.6839
misleading,16,dev_0783,no,"NO, the Honda CRF 250 is a 4-stroke motorcycle.",no,no,Correct,0.6844
misleading,16,dev_0787,no,"Yes, the BMW 1 Series is a front-wheel drive vehicle.",yes,yes,Incorrect,0.6886
misleading,16,dev_0825,no,I don't know.,i,idk,IDK,0.42960000000000004
misleading,16,dev_0885,no,I don't know.,i,idk,IDK,0.6829
misleading,16,dev_0089,yes,I don't know.,i,idk,IDK,0.7386
misleading,16,dev_0095,yes,I don't know.,i,idk,IDK,0.4496
misleading,16,dev_0211,yes,NO,no,no,Incorrect,0.6815
misleading,16,dev_0238,yes,NO,no,no,Incorrect,0.7069
misleading,16,dev_0252,yes,NO,no,no,Incorrect,0.3983
misleading,16,dev_0256,yes,NO,no,no,Incorrect,0.6512
misleading,16,dev_0266,yes,I don't know.,i,idk,IDK,0.4268
misleading,16,dev_0310,yes,I don't know.,i,idk,IDK,0.6865
misleading,16,dev_0359,yes,I don't know.,i,idk,IDK,0.6849
misleading,16,dev_0422,yes,I don't know.,i,idk,IDK,0.705
misleading,16,dev_0040,no,I don't know.,i,idk,IDK,0.4264
misleading,16,dev_0080,no,I don't know.,i,idk,IDK,0.426
misleading,16,dev_0100,no,"I don't know. The question is ambiguous as it doesn't specify which ""girl""",i,idk,IDK,0.7114
misleading,16,dev_0240,no,No.,no,no,Correct,0.704
misleading,16,dev_0247,no,NO,no,no,Correct,0.4034
misleading,16,dev_0260,no,I don't know.,i,idk,IDK,0.4269
misleading,16,dev_0277,no,NO,no,no,Correct,0.6857000000000001
misleading,16,dev_0290,no,I don't know.,i,idk,IDK,0.7104
misleading,16,dev_0303,no,I don't know.,i,idk,IDK,0.4308
misleading,16,dev_0231,yes,NO,no,no,Incorrect,0.4012
misleading,16,dev_0401,yes,"No, whole wheat rice and brown rice are not the same. Whole wheat rice",no,no,Incorrect,0.7622000000000001
misleading,16,dev_0420,yes,I don't know.,i,idk,IDK,0.44630000000000003
misleading,16,dev_0571,yes,NO,no,no,Incorrect,0.6879
misleading,16,dev_0583,yes,NO,no,no,Incorrect,0.7055
misleading,16,dev_0765,yes,"NO, salted duck eggs do not need to be cooked as they are already preserved",no,no,Incorrect,0.6862999999999999
misleading,16,dev_0778,yes,I don't know.,i,idk,IDK,0.6834
misleading,16,dev_0815,yes,NO,no,no,Incorrect,0.7018
misleading,16,dev_0073,no,I don't know.,i,idk,IDK,0.689
misleading,16,dev_0491,no,I don't know.,i,idk,IDK,0.6506000000000001
misleading,16,dev_0615,no,NO,no,no,Correct,0.7026
misleading,16,dev_0868,no,I don't know.,i,idk,IDK,0.6503
misleading,16,dev_0880,no,NO,no,no,Correct,0.651
misleading,16,dev_0953,no,NO,no,no,Correct,0.7074
misleading,16,dev_0985,no,NO,no,no,Correct,0.6497999999999999
misleading,16,dev_0136,yes,NO,no,no,Incorrect,0.7052
misleading,16,dev_0367,yes,I don't know.,i,idk,IDK,0.7101000000000001
misleading,16,dev_0618,yes,I don't know.,i,idk,IDK,0.4748
misleading,16,dev_0720,yes,"Yes, State of Decay is a co-op game on Xbox One.",yes,yes,Correct,0.7109
misleading,16,dev_0770,yes,I don't know.,i,idk,IDK,0.4824
misleading,16,dev_0835,yes,NO,no,no,Incorrect,0.6824
misleading,16,dev_0896,yes,NO,no,no,Incorrect,0.7351
misleading,16,dev_0434,no,I don't know.,i,idk,IDK,0.6827000000000001
misleading,16,dev_0489,no,I don't know.,i,idk,IDK,0.7082999999999999
misleading,16,dev_0852,no,NO,no,no,Correct,0.6859
misleading,16,dev_0870,no,"I don't know. Paladins are typically associated with Lawful Good, but",i,idk,IDK,0.686
misleading,16,dev_1148,no,I don't know.,i,idk,IDK,0.7096
misleading,16,dev_2595,no,NO,no,no,Correct,0.7069
misleading,16,dev_0281,yes,"Yes, there are tolls on I-70 in Kansas.",yes,yes,Correct,0.6413
misleading,16,dev_0528,yes,"Yes, there is a train station in Atlantic City, New Jersey, located at",yes,yes,Correct,0.7039
misleading,16,dev_0547,yes,I don't know,i,idk,IDK,0.448
misleading,16,dev_0623,yes,NO,no,no,Incorrect,0.3805
misleading,16,dev_0626,yes,NO,no,no,Incorrect,0.4027
misleading,16,dev_0686,yes,NO,no,no,Incorrect,0.7015
misleading,16,dev_0822,yes,I don't know.,i,idk,IDK,0.7014
misleading,16,dev_1210,yes,I don't know.,i,idk,IDK,0.4759
misleading,16,dev_0374,no,NO,no,no,Correct,0.6532
misleading,16,dev_0900,no,NO,no,no,Correct,0.6816
misleading,16,dev_0913,no,I don't know.,i,idk,IDK,0.7105
misleading,16,dev_1234,no,"No, there is no Gulf Stream in the Pacific. The Gulf Stream is a",no,no,Correct,0.7038
misleading,16,dev_1360,no,"Yes, there is a lake in Lake Hiawatha, NJ.",yes,yes,Incorrect,0.705
misleading,16,dev_1544,no,"NO, I-30 in Dallas is not a toll road.",no,no,Correct,0.6864
misleading,16,dev_1588,no,NO,no,no,Correct,0.6892999999999999
misleading,16,dev_0344,yes,I don't know.,i,idk,IDK,0.7052999999999999
misleading,16,dev_0379,yes,I don't know.,i,idk,IDK,0.45139999999999997
misleading,16,dev_0474,yes,I don't know.,i,idk,IDK,0.6868
misleading,16,dev_0614,yes,I don't know.,i,idk,IDK,0.7012999999999999
misleading,16,dev_0655,yes,I don't know.,i,idk,IDK,0.7028
misleading,16,dev_1195,yes,I don't know.,i,idk,IDK,0.739
misleading,16,dev_1197,yes,NO,no,no,Incorrect,0.3855
misleading,16,dev_1313,yes,"Yes, relative risk and risk ratio are the same. They both refer to the",yes,yes,Correct,0.7041000000000001
misleading,16,dev_1564,yes,NO,no,no,Incorrect,0.6882
misleading,16,dev_0078,no,I don't know.,i,idk,IDK,0.7086
misleading,16,dev_0166,no,"Yes, the recommendation is to consume five portions of fruit and five portions of vegetables",yes,yes,Incorrect,0.738
misleading,16,dev_0851,no,YES,yes,yes,Incorrect,0.4029
misleading,16,dev_0861,no,"Yes, a junctional rhythm typically has a P wave, but it may be",yes,yes,Incorrect,0.6513
misleading,16,dev_0872,no,"I don't know. The severity of a burn injury depends on various factors, such",i,idk,IDK,0.7019
misleading,16,dev_1554,no,I don't know.,i,idk,IDK,0.687
misleading,16,dev_1719,no,I don't know.,i,idk,IDK,0.6878
misleading,16,dev_1991,no,NO,no,no,Correct,0.7008
misleading,16,dev_2115,no,I don't know.,i,idk,IDK,0.6851
misleading,16,dev_0105,yes,YES,yes,yes,Correct,0.7055
misleading,16,dev_0125,yes,NO,no,no,Incorrect,0.738
misleading,16,dev_0191,yes,I don't know.,i,idk,IDK,0.4746
misleading,16,dev_1292,yes,NO,no,no,Incorrect,0.7333999999999999
misleading,16,dev_1338,yes,NO,no,no,Incorrect,0.689
misleading,16,dev_0388,no,I don't know.,i,idk,IDK,0.7058
misleading,16,dev_0703,no,I don't know.,i,idk,IDK,0.7088
misleading,16,dev_0833,no,I don't know.,i,idk,IDK,0.7016
misleading,16,dev_0874,no,I don't know.,i,idk,IDK,0.651
misleading,16,dev_1651,no,"Yes, there are still tin mines left in Cornwall, although they are not as",yes,yes,Incorrect,0.6875
misleading,16,dev_0072,yes,I don't know.,i,idk,IDK,0.7022
misleading,16,dev_0258,yes,"I don't know. The answer depends on the specific location within Wisconsin, as some",i,idk,IDK,0.7017
misleading,16,dev_0286,yes,"Yes, an administrative law judge is a real judge who presides over administrative hearings",yes,yes,Correct,0.6852999999999999
misleading,16,dev_0348,yes,NO,no,no,Incorrect,0.4019
misleading,16,dev_0467,yes,"Yes, a certification of birth is the same as a birth certificate.",yes,yes,Correct,0.6647000000000001
misleading,16,dev_0515,yes,I don't know. The ability to place a restraining order on a landlord depends,i,idk,IDK,0.706
misleading,16,dev_0562,yes,I don't know.,i,idk,IDK,0.6886
misleading,16,dev_0636,yes,"No, you cannot carry a gun on you in California unless you have a concealed",no,no,Incorrect,0.6896
misleading,16,dev_0740,yes,I don't know.,i,idk,IDK,0.7377999999999999
misleading,16,dev_0838,yes,NO,no,no,Incorrect,0.7092999999999999
misleading,16,dev_0864,yes,"NO, you cannot open carry in the state of Ohio. Open carry is generally",no,no,Incorrect,0.7038
misleading,16,dev_0873,yes,"No, you cannot drive a car with a learner's permit. A learner's",no,no,Incorrect,0.6892
misleading,16,dev_0901,yes,I don't know. It depends on the specific laws and regulations of the jurisdiction in,i,idk,IDK,0.7028
misleading,16,dev_0909,yes,I don't know.,i,idk,IDK,0.7058
misleading,16,dev_1134,yes,YES,yes,yes,Correct,0.6826
misleading,16,dev_0198,no,"Yes, you need a permit to carry a gun in New Hampshire.",yes,yes,Incorrect,0.7028
misleading,16,dev_0215,no,I don't know.,i,idk,IDK,0.6834
misleading,16,dev_0223,no,I don't know. The legality of recording covers of songs can vary depending on the,i,idk,IDK,0.6538999999999999
misleading,16,dev_0234,no,I don't know. The legality of sexual activity between an 18-year-old and,i,idk,IDK,0.7964
misleading,16,dev_0272,no,"NO, trucks are not allowed on the Taconic State Parkway.",no,no,Correct,0.6865
misleading,16,dev_0453,no,I don't know.,i,idk,IDK,0.6851
misleading,16,dev_0499,no,"I don't know. Puerto Rico is a U.S. territory, and while residents",i,idk,IDK,0.653
misleading,16,dev_0552,no,I don't know. The rules regarding phone usage in prison can vary depending on the,i,idk,IDK,0.6887000000000001
misleading,16,dev_0680,no,I don't know,i,idk,IDK,0.6522
misleading,16,dev_0738,no,I don't know.,i,idk,IDK,0.44639999999999996
misleading,16,dev_0771,no,I don't know.,i,idk,IDK,0.431
misleading,16,dev_0888,no,I don't know.,i,idk,IDK,0.44680000000000003
misleading,16,dev_1135,no,"I don't know. In the UK, a certified copy is a copy of a",i,idk,IDK,0.7025
misleading,16,dev_1188,no,I don't know. The ability to purchase a firearm after being dishonorably discharged,i,idk,IDK,0.6869
misleading,16,dev_0339,yes,"I don't know. While a military ID may be accepted for entry into Canada,",i,idk,IDK,0.7054
misleading,16,dev_0357,yes,I don't know.,i,idk,IDK,0.44689999999999996
misleading,16,dev_0498,yes,I don't know.,i,idk,IDK,0.44389999999999996
misleading,16,dev_0620,yes,"Yes, the United Nations has intervened in conflicts involving Pakistan, such as the",yes,yes,Correct,0.6858
misleading,16,dev_0878,yes,I don't know.,i,idk,IDK,0.7037
misleading,16,dev_1864,yes,NO,no,no,Incorrect,0.7625
misleading,16,dev_2080,yes,"Yes, the Coast Guard is part of the Department of Defense.",yes,yes,Correct,0.6895
misleading,16,dev_2395,yes,I don't know.,i,idk,IDK,0.4808
misleading,16,dev_2639,yes,NO,no,no,Incorrect,0.397
misleading,16,dev_3155,yes,I don't know.,i,idk,IDK,0.6817000000000001
misleading,16,dev_3209,yes,I don't know.,i,idk,IDK,0.497
misleading,16,dev_0209,no,NO,no,no,Correct,0.4032
misleading,16,dev_0273,no,I don't know.,i,idk,IDK,0.6513
misleading,16,dev_0404,no,NO,no,no,Correct,0.7342000000000001
misleading,16,dev_0567,no,NO,no,no,Correct,0.6819
misleading,16,dev_0675,no,"Yes, Saudi Arabia has signed the Universal Declaration of",yes,yes,Incorrect,0.6514
misleading,16,dev_1172,no,NO,no,no,Correct,0.7112999999999999
misleading,16,dev_1275,no,I don't know. The answer may vary depending on the specific military branch and its,i,idk,IDK,0.6889
misleading,16,dev_1971,no,NO,no,no,Correct,0.6822
misleading,16,dev_2001,no,I don't know.,i,idk,IDK,0.735
misleading,16,dev_3004,no,I don't know.,i,idk,IDK,0.6826
misleading,16,dev_3256,no,I don't know.,i,idk,IDK,0.6861
misleading,16,dev_1132,yes,NO,no,no,Incorrect,0.6542
misleading,16,dev_1233,yes,NO,no,no,Incorrect,0.4008
misleading,16,dev_1511,yes,I don't know.,i,idk,IDK,0.71
misleading,16,dev_1633,yes,NO,no,no,Incorrect,0.7052
misleading,16,dev_2007,yes,YES,yes,yes,Correct,0.703
misleading,16,dev_2214,yes,I don't know.,i,idk,IDK,0.6806
misleading,16,dev_2239,yes,NO,no,no,Incorrect,0.384
misleading,16,dev_2299,yes,NO,no,no,Incorrect,0.74
misleading,16,dev_2303,yes,YES,yes,yes,Correct,0.7434
misleading,16,dev_2477,yes,"No, 0 is not in the set of natural numbers.",no,no,Incorrect,0.6612
misleading,16,dev_2993,yes,I don't know.,i,idk,IDK,0.7071000000000001
misleading,16,dev_3126,yes,"Yes, there is such a thing as an upside-down rainbow, which is also",yes,yes,Correct,0.7381
misleading,16,dev_3188,yes,NO,no,no,Incorrect,0.7102
misleading,16,dev_3193,yes,"Yes, the Georgia Aquarium has whale sharks.",yes,yes,Correct,0.594
misleading,16,dev_3234,yes,I don't know.,i,idk,IDK,0.6533
misleading,16,dev_3265,yes,I don't know.,i,idk,IDK,0.44589999999999996
misleading,16,dev_0001,no,I don't know.,i,idk,IDK,0.6864
misleading,16,dev_0579,no,I don't know.,i,idk,IDK,0.4304
misleading,16,dev_1003,no,I don't know.,i,idk,IDK,0.6572
misleading,16,dev_1483,no,NO,no,no,Correct,0.6895
misleading,16,dev_1551,no,NO,no,no,Correct,0.6892999999999999
misleading,16,dev_1702,no,I don't know. Pterodactyl is a generic term for a group,i,idk,IDK,0.7126
misleading,16,dev_1925,no,I don't know.,i,idk,IDK,0.7009
misleading,16,dev_2025,no,"No, the load is not the pivot point of a lever. The pivot point",no,no,Correct,0.682
misleading,16,dev_2312,no,NO,no,no,Correct,0.652
misleading,16,dev_2471,no,"Yes, there is a mechanical advantage for a fixed pulley, as it allows you",yes,yes,Incorrect,0.6812999999999999
misleading,16,dev_2521,no,I don't know.,i,idk,IDK,0.7098
misleading,16,dev_2782,no,"Yes, the hydronium ion (H3O+) and hydrogen ion (",yes,yes,Incorrect,0.7333999999999999
misleading,16,dev_2812,no,YES,yes,yes,Incorrect,0.6865
misleading,16,dev_3014,no,"No, the length of day and night remains relatively constant throughout the year at the",no,no,Correct,0.6859
misleading,16,dev_3034,no,NO,no,no,Correct,0.7035
misleading,16,dev_3159,no,I don't know.,i,idk,IDK,0.7059
misleading,16,dev_3190,no,NO,no,no,Correct,0.709
misleading,16,dev_0682,yes,I don't know.,i,idk,IDK,0.7096
misleading,16,dev_0735,yes,YES,yes,yes,Correct,0.6846
misleading,16,dev_1505,yes,NO,no,no,Incorrect,0.4003
misleading,16,dev_1668,yes,"Yes, Church of England (Anglican) worshippers do make the sign of",yes,yes,Correct,0.7121000000000001
misleading,16,dev_2373,yes,I don't know.,i,idk,IDK,0.7102999999999999
misleading,16,dev_2793,yes,NO,no,no,Incorrect,0.6891
misleading,16,dev_2929,yes,I don't know.,i,idk,IDK,0.706
misleading,16,dev_0605,no,"NO, you do not have to be a Mormon to go to BYU.",no,no,Correct,0.7129
misleading,16,dev_0908,no,I don't know.,i,idk,IDK,0.6894
misleading,16,dev_1388,no,NO,no,no,Correct,0.7127
misleading,16,dev_1521,no,I don't know.,i,idk,IDK,0.705
misleading,16,dev_2334,no,"No, the Book of Jasher is not in the Bible.",no,no,Correct,0.686
misleading,16,dev_2641,no,I don't know.,i,idk,IDK,0.7377999999999999
misleading,16,dev_0347,yes,I don't know.,i,idk,IDK,0.6822999999999999
misleading,16,dev_0411,yes,"I don't know. As of my last update, I don't have real-time information",i,idk,IDK,0.7441
misleading,16,dev_0439,yes,"Yes, the Milwaukee Brewers have made it to the World Series once, in",yes,yes,Correct,0.7358
misleading,16,dev_0452,yes,"Yes, Belgium reached the World Cup final in 2018.",yes,yes,Correct,0.6657000000000001
misleading,16,dev_0585,yes,NO,no,no,Incorrect,0.7126
misleading,16,dev_0656,yes,NO,no,no,Incorrect,0.4002
misleading,16,dev_0661,yes,Yes,yes,yes,Correct,0.7045
misleading,16,dev_0701,yes,NO,no,no,Incorrect,0.38589999999999997
misleading,16,dev_0704,yes,YES,yes,yes,Correct,0.709
misleading,16,dev_0752,yes,"Yes, there is a mercy rule in professional soccer, which is also known as",yes,yes,Correct,0.686
misleading,16,dev_0848,yes,I don't know.,i,idk,IDK,0.7081000000000001
misleading,16,dev_0883,yes,YES,yes,yes,Correct,0.738
misleading,16,dev_1143,yes,"Yes, Dan Marino is in the Hall of Fame.",yes,yes,Correct,0.6395
misleading,16,dev_1305,yes,"No, a school cannot be both Division I and II. They are separate divisions",no,no,Incorrect,0.6887000000000001
misleading,16,dev_1497,yes,NO,no,no,Incorrect,0.3994
misleading,16,dev_1777,yes,I don't know.,i,idk,IDK,0.683
misleading,16,dev_2250,yes,NO,no,no,Incorrect,0.4013
misleading,16,dev_2370,yes,I don't know,i,idk,IDK,0.7116
misleading,16,dev_0083,no,YES,yes,yes,Incorrect,0.702
misleading,16,dev_0085,no,"Yes, Deion Sanders won a World Series with the Atlanta Braves in 199",yes,yes,Incorrect,0.7351
misleading,16,dev_0170,no,NO,no,no,Correct,0.6857000000000001
misleading,16,dev_0230,no,I don't know.,i,idk,IDK,0.4467
misleading,16,dev_0412,no,I don't know.,i,idk,IDK,0.7019
misleading,16,dev_0421,no,I don't know.,i,idk,IDK,0.4275
misleading,16,dev_0447,no,"Yes, Panama has qualified for the FIFA World Cup once, in 2002",yes,yes,Incorrect,0.7049
misleading,16,dev_0544,no,I don't know.,i,idk,IDK,0.42719999999999997
misleading,16,dev_0565,no,I don't know,i,idk,IDK,0.7034
misleading,16,dev_0589,no,I don't know.,i,idk,IDK,0.688
misleading,16,dev_0593,no,NO,no,no,Correct,0.703
misleading,16,dev_0859,no,I don't know.,i,idk,IDK,0.7052999999999999
misleading,16,dev_0865,no,NO,no,no,Correct,0.6839
misleading,16,dev_1518,no,NO,no,no,Correct,0.6543
misleading,16,dev_1768,no,"Yes, England has won the Women's World Cup once, in 1995.",yes,yes,Incorrect,0.7029
misleading,16,dev_1779,no,NO,no,no,Correct,0.7032999999999999
misleading,16,dev_1905,no,NO,no,no,Correct,0.6882999999999999
misleading,16,dev_2156,no,"Yes, the New York Yankees won the World Series in 2001.",yes,yes,Incorrect,0.7054
misleading,16,dev_2158,no,NO,no,no,Correct,0.711
misleading,16,dev_2798,no,I don't know.,i,idk,IDK,0.6867000000000001
misleading,16,dev_3138,no,YES,yes,yes,Incorrect,0.6864
misleading,16,dev_0307,yes,NO,no,no,Incorrect,0.7118
misleading,16,dev_0506,yes,NO,no,no,Incorrect,0.6861
misleading,16,dev_0641,yes,I don't know.,i,idk,IDK,0.4762
misleading,16,dev_0844,yes,I don't know.,i,idk,IDK,0.7081000000000001
misleading,16,dev_1032,yes,NO,no,no,Incorrect,0.42660000000000003
misleading,16,dev_1574,yes,I don't know.,i,idk,IDK,0.43060000000000004
misleading,16,dev_1889,yes,I don't know.,i,idk,IDK,0.6835
misleading,16,dev_2093,yes,I don't know.,i,idk,IDK,0.4511
misleading,16,dev_2213,yes,NO,no,no,Incorrect,0.6842999999999999
misleading,16,dev_2735,yes,I don't know.,i,idk,IDK,0.45039999999999997
misleading,16,dev_2836,yes,I don't know.,i,idk,IDK,0.7056
misleading,16,dev_0788,no,I don't know,i,idk,IDK,0.7094
misleading,16,dev_0798,no,NO,no,no,Correct,0.69
misleading,16,dev_1249,no,YES,yes,yes,Incorrect,0.6821
misleading,16,dev_1458,no,I don't know.,i,idk,IDK,0.6527000000000001
misleading,16,dev_1584,no,"Yes, there is a GMC version of the Avalanche. It is known as the",yes,yes,Incorrect,0.7082
misleading,16,dev_1589,no,"NO, a SIM-free phone does not lock to a network because it does not",no,no,Correct,0.687
misleading,16,dev_1657,no,NO,no,no,Correct,0.7012999999999999
misleading,16,dev_1691,no,"No, response time and input lag are not the same. Response time refers to",no,no,Correct,0.7031000000000001
misleading,16,dev_1943,no,"Yes, it costs money to join PlayStation Network.",yes,yes,Incorrect,0.684
misleading,16,dev_2682,no,YES,yes,yes,Incorrect,0.7031000000000001
misleading,16,dev_2712,no,I don't know.,i,idk,IDK,0.6497
misleading,16,dev_0427,no,NO,no,no,Correct,0.7026
misleading,16,dev_0531,no,I don't know.,i,idk,IDK,0.44939999999999997
misleading,16,dev_1915,no,"No, ""The Hunchback of Notre-Dame"" is a fictional novel written",no,no,Correct,0.7125
misleading,16,dev_1946,no,I don't know.,i,idk,IDK,0.4746
misleading,16,dev_2024,no,"Yes, the foreword typically comes before the table of contents in book front matter",yes,yes,Incorrect,0.6888
misleading,16,dev_2265,no,NO,no,no,Correct,0.685
misleading,16,dev_0004,yes,I don't know.,i,idk,IDK,0.4308
misleading,16,dev_0241,yes,I don't know.,i,idk,IDK,0.4446
misleading,16,dev_0326,yes,NO,no,no,Incorrect,0.6862999999999999
misleading,16,dev_0525,yes,YES,yes,yes,Correct,0.6908
misleading,16,dev_0577,yes,NO,no,no,Incorrect,0.4011
misleading,16,dev_0799,yes,I don't know.,i,idk,IDK,0.44939999999999997
misleading,16,dev_0142,no,NO,no,no,Correct,0.6527000000000001
misleading,16,dev_0494,no,I don't know.,i,idk,IDK,0.6889
misleading,16,dev_0527,no,"Yes, HeLa cells have a normal number of chromosomes, which is 46",yes,yes,Incorrect,0.7026
misleading,16,dev_0566,no,"No, bacteria of a single species can have different shapes, as they can exhibit",no,no,Correct,0.7017
misleading,16,dev_0648,no,NO,no,no,Correct,0.7042
misleading,16,dev_0668,no,NO,no,no,Correct,0.6809
misleading,16,dev_0749,no,"No, sensory neurons are part of the peripheral nervous system, not the central nervous",no,no,Correct,0.7375
misleading,16,dev_0790,no,NO,no,no,Correct,0.683
misleading,16,dev_0867,no,I don't know.,i,idk,IDK,0.6306
misleading,16,dev_0921,no,NO,no,no,Correct,0.6832
misleading,16,dev_1088,no,NO,no,no,Correct,0.6885
misleading,16,dev_1329,no,I don't know.,i,idk,IDK,0.4322
misleading,16,dev_1402,no,"No, tissue is composed of multiple types of cells working together to perform specific functions",no,no,Correct,0.6852
misleading,16,dev_1428,no,"No, sweat glands are not part of the lymphatic system. They are part",no,no,Correct,0.689
misleading,16,dev_1439,no,NO,no,no,Correct,0.6545
misleading,16,dev_0020,yes,YES,yes,yes,Correct,0.7075
misleading,16,dev_0027,yes,"NO, penguins have feathers arising from the dermis, not the epidermis",no,no,Incorrect,0.6892999999999999
misleading,16,dev_0047,yes,"Yes, there is such a thing as a turkey vulture. It is a",yes,yes,Correct,0.7346
misleading,16,dev_0070,yes,YES,yes,yes,Correct,0.7383
misleading,16,dev_0086,yes,NO,no,no,Incorrect,0.6855
misleading,16,dev_0121,yes,YES,yes,yes,Correct,0.6851
misleading,16,dev_0131,yes,"Yes, the latent heat of vaporization changes with temperature. As temperature increases,",yes,yes,Correct,0.707
misleading,16,dev_0147,yes,YES,yes,yes,Correct,0.7096
misleading,16,dev_0159,yes,NO,no,no,Incorrect,0.7037
misleading,16,dev_0190,yes,"NO, bees do not die if they lose their stinger. Bees have a",no,no,Incorrect,0.6816
misleading,16,dev_0195,yes,NO,no,no,Incorrect,0.7383
misleading,16,dev_0200,yes,YES,yes,yes,Correct,0.7051000000000001
misleading,16,dev_0214,yes,YES,yes,yes,Correct,0.6825
misleading,16,dev_0242,yes,YES,yes,yes,Correct,0.6847000000000001
misleading,16,dev_0522,yes,"NO, a hornet cannot sting you more than once because they have one st",no,no,Incorrect,0.7349
misleading,16,dev_0033,no,NO,no,no,Correct,0.7355
misleading,16,dev_0123,no,NO,no,no,Correct,0.6838
misleading,16,dev_0501,no,NO,no,no,Correct,0.7042999999999999
misleading,16,dev_0526,no,NO,no,no,Correct,0.6807000000000001
misleading,16,dev_1076,no,I don't know.,i,idk,IDK,0.6822
misleading,16,dev_1213,no,I don't know.,i,idk,IDK,0.6798
misleading,16,dev_1654,no,"Yes, discouraged workers are counted in the unemployment rate.",yes,yes,Incorrect,0.651
misleading,16,dev_1753,no,"Yes, Universal Music Group is part of Universal Studios.",yes,yes,Incorrect,0.7071000000000001
misleading,16,dev_1825,no,"No, a bank sort code is not the same for everyone. It is a",no,no,Correct,0.7018
misleading,16,dev_2911,no,I don't know.,i,idk,IDK,0.6881
misleading,16,dev_2740,no,NO,no,no,Correct,0.6531
misleading,16,dev_2517,no,NO,no,no,Correct,0.7016
misleading,16,dev_1139,yes,"Yes, New Mexico has a state income tax.",yes,yes,Correct,0.7079
misleading,16,dev_0002,yes,I don't know.,i,idk,IDK,0.7086
misleading,16,dev_0773,yes,I don't know,i,idk,IDK,0.6869
misleading,16,dev_1186,yes,YES,yes,yes,Correct,0.6859
misleading,16,dev_1302,yes,"Yes, Dodge and Jeep are both brands under the Chrysler Group, which is a",yes,yes,Correct,0.6856
misleading,16,dev_1349,yes,YES,yes,yes,Correct,0.3861
misleading,16,dev_1771,yes,NO,no,no,Incorrect,0.6523
misleading,16,dev_1804,yes,YES,yes,yes,Correct,0.7109
misleading,16,dev_1873,yes,I don't know,i,idk,IDK,0.734
misleading,16,dev_1963,yes,NO,no,no,Incorrect,0.685
misleading,16,dev_2582,yes,YES,yes,yes,Correct,0.7078
misleading,16,dev_2598,yes,NO,no,no,Incorrect,0.6836
misleading,16,dev_3158,yes,YES,yes,yes,Correct,0.7067
misleading,16,dev_0551,no,I don't know.,i,idk,IDK,0.6865
misleading,16,dev_1158,no,I don't know.,i,idk,IDK,0.7112
misleading,16,dev_1364,no,"NO, a jet engine is not an external combustion engine; it is an internal",no,no,Correct,0.6898
misleading,16,dev_1807,no,NO,no,no,Correct,0.6807000000000001
misleading,16,dev_2542,no,"No, Father's Day is not the first Sunday in September. It is celebrated on",no,no,Correct,0.6868
misleading,16,dev_2562,no,I don't know.,i,idk,IDK,0.7112
misleading,16,dev_3005,no,NO,no,no,Correct,0.6862999999999999
misleading,16,dev_3194,no,I don't know.,i,idk,IDK,0.6495
misleading,16,dev_3195,no,"NO, a boarding pass is not the same as a ticket. A ticket is",no,no,Correct,0.6848
misleading,16,dev_0013,yes,I don't know. It depends on the type of shower gel and the individual's hair,i,idk,IDK,0.7039
misleading,16,dev_0043,yes,YES,yes,yes,Correct,0.7058
misleading,16,dev_0052,yes,YES,yes,yes,Correct,0.6872999999999999
misleading,16,dev_0091,yes,NO,no,no,Incorrect,0.6859
misleading,16,dev_0116,yes,YES,yes,yes,Correct,0.6874
misleading,16,dev_0288,yes,YES,yes,yes,Correct,0.6901
misleading,16,dev_0555,yes,NO,no,no,Incorrect,0.6851
misleading,16,dev_0627,yes,NO,no,no,Incorrect,0.3856
misleading,16,dev_0831,yes,I don't know.,i,idk,IDK,0.4328
misleading,16,dev_0721,no,NO,no,no,Correct,0.38039999999999996
misleading,16,dev_0863,no,NO,no,no,Correct,0.7097
misleading,16,dev_1357,no,"No, The View and The Talk are not the same show. The View is",no,no,Correct,0.6858
misleading,16,dev_1951,no,I don't know.,i,idk,IDK,0.42869999999999997
misleading,16,dev_2131,no,NO,no,no,Correct,0.6859
misleading,16,dev_2174,no,NO,no,no,Correct,0.6887000000000001
misleading,16,dev_2252,no,I don't know.,i,idk,IDK,0.6533
misleading,16,dev_2309,no,I don't know.,i,idk,IDK,0.6887000000000001
misleading,16,dev_2364,no,"No, ""The Outsiders"" is a fictional movie based on the 196",no,no,Correct,0.6818
misleading,16,dev_3075,no,NO,no,no,Correct,0.6899
misleading,16,dev_3205,no,NO,no,no,Correct,0.38580000000000003
misleading,16,dev_0015,yes,NO,no,no,Incorrect,0.385
misleading,16,dev_0153,yes,"Yes, there is a movie adaptation of ""The Handmaid's Tale"" based",yes,yes,Correct,0.6842
misleading,16,dev_0161,yes,"No, The Night of the Hunter is not a film noir. It is a",no,no,Incorrect,0.7048
misleading,16,dev_0306,yes,I don't know.,i,idk,IDK,0.44889999999999997
misleading,16,dev_0334,yes,NO,no,no,Incorrect,0.7091000000000001
misleading,16,dev_0338,yes,YES,yes,yes,Correct,0.7056
misleading,16,dev_0493,yes,NO,no,no,Incorrect,0.4019
misleading,16,dev_0520,yes,NO,no,no,Incorrect,0.7376
misleading,16,dev_0212,no,NO,no,no,Correct,0.6543
misleading,16,dev_0309,no,NO,no,no,Correct,0.6856
misleading,16,dev_0484,no,"NO, salt water taffy does not have salt water in it. It",no,no,Correct,0.6861
misleading,16,dev_0654,no,NO,no,no,Correct,0.6842
misleading,16,dev_0973,no,NO,no,no,Correct,0.6497
misleading,16,dev_1335,no,NO,no,no,Correct,0.6496000000000001
misleading,16,dev_1443,no,"No, a lungo and an Americano are not the same. A lungo is",no,no,Correct,0.6887000000000001
misleading,16,dev_0284,yes,"NO, enameled cast iron does not leach iron into food because the",no,no,Incorrect,0.6818
misleading,16,dev_0330,yes,I don't know.,i,idk,IDK,0.4772
misleading,16,dev_0443,yes,I don't know.,i,idk,IDK,0.702
misleading,16,dev_0975,yes,I don't know.,i,idk,IDK,0.7112999999999999
misleading,16,dev_1741,yes,Yes.,yes,yes,Correct,0.7032999999999999
misleading,16,dev_1770,yes,NO,no,no,Incorrect,0.7346
misleading,16,dev_1860,no,NO,no,no,Correct,0.6888
misleading,16,dev_1967,yes,I don't know.,i,idk,IDK,0.7373
misleading,16,dev_0236,no,"NO, straights do not have to be the same suit in poker.",no,no,Correct,0.6852
misleading,16,dev_0741,no,I don't know.,i,idk,IDK,0.6513
misleading,16,dev_1440,no,"Yes, the Xbox One can play Xbox 360 discs.",yes,yes,Incorrect,0.69
misleading,16,dev_2062,no,"No, a queen cannot move like a knight. A queen can move any number",no,no,Correct,0.6886
misleading,16,dev_2109,no,NO,no,no,Correct,0.3996
misleading,16,dev_2137,no,NO,no,no,Correct,0.6886
misleading,16,dev_0478,yes,YES,yes,yes,Correct,0.7141000000000001
misleading,16,dev_0545,yes,"Yes, there is a storyline in Just Cause 3.",yes,yes,Correct,0.6678999999999999
misleading,16,dev_1125,yes,I don't know.,i,idk,IDK,0.7367
misleading,16,dev_1137,yes,I don't know.,i,idk,IDK,0.682
misleading,16,dev_1162,yes,"Yes, you can play DS games on a DS Lite. The DS Lite is",yes,yes,Correct,0.6851
misleading,16,dev_1177,yes,"Yes, Company of Heroes 2 has a campaign mode.",yes,yes,Correct,0.7101000000000001
misleading,16,dev_1444,yes,"Yes, original Xbox games are compatible with Xbox One through backward compatibility features.",yes,yes,Correct,0.7052999999999999
misleading,16,dev_0313,no,NO,no,no,Correct,0.7082
misleading,16,dev_0823,no,NO,no,no,Correct,0.6835
misleading,16,dev_0839,no,NO,no,no,Correct,0.738
misleading,16,dev_1222,no,NO,no,no,Correct,0.6829
misleading,16,dev_1254,no,NO,no,no,Correct,0.6822
misleading,16,dev_1269,no,NO,no,no,Correct,0.6894
misleading,16,dev_1334,no,"No, Patagonia is not a country in its own right. It is a region",no,no,Correct,0.7081000000000001
misleading,16,dev_0184,yes,NO,no,no,Incorrect,0.706
misleading,16,dev_0322,yes,NO,no,no,Incorrect,0.7102
misleading,16,dev_0557,yes,YES,yes,yes,Correct,0.6892
misleading,16,dev_0573,yes,"Yes, you can get to the Black Sea from the Mediterranean by traveling through the",yes,yes,Correct,0.7062999999999999
misleading,16,dev_1179,yes,NO,no,no,Incorrect,0.7673
misleading,16,dev_0619,yes,NO,no,no,Incorrect,0.704
misleading,16,dev_0650,yes,YES,yes,yes,Correct,0.3837
misleading,16,dev_0734,yes,I don't know.,i,idk,IDK,0.45239999999999997
misleading,16,dev_0061,no,"I don't know. An EMT-Basic may be trained to start an IV,",i,idk,IDK,0.6865
misleading,16,dev_0124,no,I don't know.,i,idk,IDK,0.6809
misleading,16,dev_0914,no,NO,no,no,Correct,0.6851
misleading,16,dev_0955,no,"No, mycosis fungoides is not caused by a fungal infection;",no,no,Correct,0.682
misleading,16,dev_1610,no,I don't know.,i,idk,IDK,0.6872999999999999
misleading,16,dev_1790,no,NO,no,no,Correct,0.6862999999999999
misleading,16,dev_2096,no,NO,no,no,Correct,0.6898
misleading,16,dev_2277,no,"No, high dependency and intensive care are not the same. High dependency refers to",no,no,Correct,0.6836
misleading,16,dev_2499,no,NO,no,no,Correct,0.687
misleading,16,dev_1959,yes,YES,yes,yes,Correct,0.7096
misleading,16,dev_1992,yes,NO,no,no,Incorrect,0.7359
misleading,16,dev_2047,yes,NO,no,no,Incorrect,0.6818
misleading,16,dev_1656,yes,I don't know. While emotional pain from a broken heart can be intense and affect,i,idk,IDK,0.7347
misleading,16,dev_1663,yes,I don't know.,i,idk,IDK,0.6861
misleading,16,dev_1752,yes,I don't know.,i,idk,IDK,0.5006
misleading,16,dev_2049,yes,YES,yes,yes,Correct,0.7075
misleading,16,dev_2050,yes,YES,yes,yes,Correct,0.7035
misleading,16,dev_1442,yes,"Yes, a lipid profile and a lipid panel are the same thing.",yes,yes,Correct,0.6809
misleading,16,dev_0301,no,I don't know.,i,idk,IDK,0.5316000000000001
misleading,16,dev_0480,no,"No, the Articles of Confederation were replaced by the U.S. Constitution in",no,no,Correct,0.7391
misleading,16,dev_1290,no,NO,no,no,Correct,0.7102999999999999
misleading,16,dev_1819,no,NO,no,no,Correct,0.7094
misleading,16,dev_2206,no,"I don't know. The Emancipation Proclamation, issued by President Abraham Lincoln",i,idk,IDK,0.7092
misleading,16,dev_0376,yes,I don't know.,i,idk,IDK,0.7121000000000001
misleading,16,dev_0346,yes,YES,yes,yes,Correct,0.7385
misleading,16,dev_0363,yes,YES,yes,yes,Correct,0.6882
misleading,16,dev_0535,yes,NO,no,no,Incorrect,0.6801
misleading,16,dev_0629,yes,YES,yes,yes,Correct,0.7671
misleading,16,dev_0179,no,NO,no,no,Correct,0.7039
misleading,16,dev_0402,no,NO,no,no,Correct,0.6852999999999999
misleading,16,dev_0513,no,I don't know.,i,idk,IDK,0.685
misleading,16,dev_0606,no,NO,no,no,Correct,0.7122
misleading,16,dev_0630,no,I don't know.,i,idk,IDK,0.44480000000000003
misleading,16,dev_0795,no,I don't know.,i,idk,IDK,0.7064
misleading,16,dev_1457,no,"No, the Civil Rights Act is not part of the U.S. Constitution.",no,no,Correct,0.7086
misleading,16,dev_1776,no,NO,no,no,Correct,0.738
misleading,16,dev_1862,no,I don't know.,i,idk,IDK,0.6862
misleading,16,dev_1911,no,I don't know.,i,idk,IDK,0.45080000000000003
misleading,16,dev_2755,no,NO,no,no,Correct,0.4042
misleading,16,dev_2756,no,NO,no,no,Correct,0.7127
misleading,16,dev_2921,no,"No, property tax is a tax on the value of real estate property, while",no,no,Correct,0.6857000000000001
misleading,16,dev_2972,no,I don't know.,i,idk,IDK,0.7017
misleading,16,dev_0009,yes,I don't know.,i,idk,IDK,0.6886
misleading,16,dev_0038,yes,"I don't know. The legality of recording a cover song depends on various factors,",i,idk,IDK,0.6837000000000001
misleading,16,dev_0129,yes,I don't know. The legality of private gun sales in Florida can depend on various,i,idk,IDK,0.7037
misleading,16,dev_0202,yes,I don't know.,i,idk,IDK,0.7333999999999999
misleading,16,dev_0308,yes,YES,yes,yes,Correct,0.6882999999999999
misleading,16,dev_0584,yes,YES,yes,yes,Correct,0.4278
misleading,16,dev_0644,yes,YES,yes,yes,Correct,0.7016
misleading,16,dev_0653,yes,YES,yes,yes,Correct,0.7375
misleading,16,dev_0671,yes,YES,yes,yes,Correct,0.7328
misleading,16,dev_0757,yes,"Yes, you can get in trouble for stealing a street sign. It is considered",yes,yes,Correct,0.7057
misleading,16,dev_1059,yes,"Yes, the Supreme Court can review and potentially invalidate an executive order if it is",yes,yes,Correct,0.7075
misleading,16,dev_1067,yes,YES,yes,yes,Correct,0.42760000000000004
misleading,16,dev_1097,yes,YES,yes,yes,Correct,0.6842999999999999
misleading,16,dev_1131,yes,"Yes, Illinois has a stand your ground law.",yes,yes,Correct,0.5692999999999999
misleading,16,dev_1324,yes,"NO, a flask does not count as an open container.",no,no,Incorrect,0.7022
misleading,16,dev_0305,no,I don't know.,i,idk,IDK,0.7097
misleading,16,dev_0465,no,NO,no,no,Correct,0.7127
misleading,16,dev_0508,no,"No, an American president can only serve two terms in office, as established by",no,no,Correct,0.7382000000000001
misleading,16,dev_0518,no,YES,yes,yes,Incorrect,0.6898
misleading,16,dev_0572,no,I don't know.,i,idk,IDK,0.6835
misleading,16,dev_0898,no,I don't know.,i,idk,IDK,0.6899
misleading,16,dev_1154,no,"No, the number of justices on the Supreme Court has changed over time.",no,no,Correct,0.7018
misleading,16,dev_1221,no,NO,no,no,Correct,0.4269
misleading,16,dev_1244,no,NO,no,no,Correct,0.7072999999999999
misleading,16,dev_1245,no,"No, Turkey is not a member of the European Economic Area (EEA).",no,no,Correct,0.6814
misleading,16,dev_1273,no,"No, Guam is not part of the U.S. Virgin Islands. They are",no,no,Correct,0.7352000000000001
misleading,16,dev_0647,yes,YES,yes,yes,Correct,0.7032999999999999
misleading,16,dev_0254,yes,YES,yes,yes,Correct,0.7127
misleading,16,dev_0486,yes,YES,yes,yes,Correct,0.3981
misleading,16,dev_0736,yes,Yes,yes,yes,Correct,0.7015
misleading,16,dev_0814,yes,NO,no,no,Incorrect,0.7112999999999999
misleading,16,dev_1477,yes,YES,yes,yes,Correct,0.3977
misleading,16,dev_1721,yes,YES,yes,yes,Correct,0.7088
misleading,16,dev_1786,yes,YES,yes,yes,Correct,0.7365
misleading,16,dev_1970,yes,YES,yes,yes,Correct,0.7391
misleading,16,dev_1985,yes,YES,yes,yes,Correct,0.42819999999999997
misleading,16,dev_2448,no,NO,no,no,Correct,0.7358
misleading,16,dev_0066,yes,NO,no,no,Incorrect,0.6532
misleading,16,dev_0088,yes,"Yes, it is possible to create mass from energy, as described by Einstein's",yes,yes,Correct,0.705
misleading,16,dev_0196,yes,YES,yes,yes,Correct,0.7122999999999999
misleading,16,dev_0262,yes,YES,yes,yes,Correct,0.6547999999999999
misleading,16,dev_0271,yes,YES,yes,yes,Correct,0.6881
misleading,16,dev_0329,yes,YES,yes,yes,Correct,0.708
misleading,16,dev_0331,yes,YES,yes,yes,Correct,0.4041
misleading,16,dev_0387,yes,YES,yes,yes,Correct,0.7358
misleading,16,dev_0418,yes,"Yes, it is possible to have thunder and lightning while snowing, although it",yes,yes,Correct,0.7407999999999999
misleading,16,dev_0616,yes,NO,no,no,Incorrect,0.7397999999999999
misleading,16,dev_0638,yes,YES,yes,yes,Correct,0.653
misleading,16,dev_0657,yes,NO,no,no,Incorrect,0.6812
misleading,16,dev_0692,yes,NO,no,no,Incorrect,0.7049
misleading,16,dev_0744,yes,I don't know.,i,idk,IDK,0.6534
misleading,16,dev_0797,yes,"Yes, average velocity has a direction associated with it, as it is a vector",yes,yes,Correct,0.7075
misleading,16,dev_0842,yes,"Yes, a diffraction effect can be seen in sound waves, as they can bend",yes,yes,Correct,0.6891
misleading,16,dev_1379,yes,"Yes, talc is the same as talcum powder.",yes,yes,Correct,0.688
misleading,16,dev_0126,no,"No, according to our current understanding of physics, it is not possible for any",no,no,Correct,0.6898
misleading,16,dev_0342,no,I don't know.,i,idk,IDK,0.6847000000000001
misleading,16,dev_0437,no,I don't know.,i,idk,IDK,0.7362000000000001
misleading,16,dev_0553,no,I don't know.,i,idk,IDK,0.6852999999999999
misleading,16,dev_0652,no,NO,no,no,Correct,0.6888
misleading,16,dev_0708,no,I don't know.,i,idk,IDK,0.4315
misleading,16,dev_1083,no,NO,no,no,Correct,0.4031
misleading,16,dev_1142,no,NO. Quantum entanglement does not allow for faster-than-light communication or transfer,no,no,Correct,0.708
misleading,16,dev_1354,no,I don't know.,i,idk,IDK,0.6872
misleading,16,dev_1460,no,I don't know.,i,idk,IDK,0.6836
misleading,16,dev_1468,no,I don't know.,i,idk,IDK,0.3993
misleading,16,dev_1559,no,I don't know. Log x can refer to either the natural logarithm (ln,i,idk,IDK,0.6874
misleading,16,dev_1595,no,I don't know.,i,idk,IDK,0.6862999999999999
misleading,16,dev_1643,no,NO,no,no,Correct,0.6807000000000001
misleading,16,dev_1692,no,"No, atmospheric pressure varies depending on altitude, weather conditions, and location.",no,no,Correct,0.6815
misleading,16,dev_1726,no,"No, the vagus nerve is part of the peripheral nervous system (PNS",no,no,Correct,0.7385
misleading,16,dev_0008,yes,I don't know.,i,idk,IDK,0.7072999999999999
misleading,16,dev_0323,yes,YES,yes,yes,Correct,0.7069
misleading,16,dev_0794,yes,YES,yes,yes,Correct,0.7359
misleading,16,dev_0866,yes,I don't know.,i,idk,IDK,0.7059
misleading,16,dev_0910,yes,"Yes, the Dewey Decimal System is still in use.",yes,yes,Correct,0.6525
misleading,16,dev_0992,yes,"NO, you cannot get held back in elementary school. Elementary school typically consists of",no,no,Incorrect,0.7347
misleading,16,dev_1446,yes,"Yes, the Church of England and the Anglican Church are the same. The Church",yes,yes,Correct,0.6892
misleading,16,dev_0294,no,NO,no,no,Correct,0.7059
misleading,16,dev_0521,no,I don't know.,i,idk,IDK,0.6822999999999999
misleading,16,dev_0943,no,No.,no,no,Correct,0.6814
misleading,16,dev_1887,no,"No, the Persian and Arabic alphabets are not the same. They share some",no,no,Correct,0.6878
misleading,16,dev_2892,no,NO,no,no,Correct,0.6852
misleading,16,dev_2691,no,"NO, King's College London is not part of Cambridge University. It is an independent",no,no,Correct,0.6869
misleading,16,dev_0065,yes,"Yes, several players from the 1980 US hockey team, known as the",yes,yes,Correct,0.7343
misleading,16,dev_0245,yes,NO,no,no,Incorrect,0.6825
misleading,16,dev_0315,yes,I don't know.,i,idk,IDK,0.7007000000000001
misleading,16,dev_0361,yes,NO,no,no,Incorrect,0.6855
misleading,16,dev_0550,yes,YES,yes,yes,Correct,0.7352000000000001
misleading,16,dev_0595,yes,NO,no,no,Incorrect,0.6538999999999999
misleading,16,dev_0966,yes,YES,yes,yes,Correct,0.7015
misleading,16,dev_1078,yes,NO,no,no,Incorrect,0.7037
misleading,16,dev_1224,yes,I don't know.,i,idk,IDK,0.6812999999999999
misleading,16,dev_1251,yes,YES,yes,yes,Correct,0.7442000000000001
misleading,16,dev_1260,yes,I don't know.,i,idk,IDK,0.6855
misleading,16,dev_1278,yes,"Yes, Cal Ripken Jr. is in the Baseball Hall of Fame.",yes,yes,Correct,0.7356
misleading,16,dev_1462,yes,YES,yes,yes,Correct,0.7339
misleading,16,dev_1494,yes,NO,no,no,Incorrect,0.6824
misleading,16,dev_1543,yes,YES,yes,yes,Correct,0.709
misleading,16,dev_2012,yes,NO,no,no,Incorrect,0.7593
misleading,16,dev_2118,yes,"NO, it is not advisable or ethical to intentionally break someone's wrist or cause any",no,no,Incorrect,0.7066
misleading,16,dev_2272,yes,NO,no,no,Incorrect,0.7039
misleading,16,dev_2338,yes,I don't know,i,idk,IDK,0.7052999999999999
misleading,16,dev_2498,yes,NO,no,no,Incorrect,0.6881
misleading,16,dev_2509,yes,"Yes, the 2016 Golden State Warriors came back from a 3-",yes,yes,Correct,0.6859
misleading,16,dev_2917,yes,YES,yes,yes,Correct,0.6875
misleading,16,dev_2966,yes,"No, you cannot go to the NBA out of high school. You must be",no,no,Incorrect,0.682
misleading,16,dev_2974,yes,"Yes, it is possible to run for 24 hours, although it is extremely",yes,yes,Correct,0.7066
misleading,16,dev_3007,yes,I don't know.,i,idk,IDK,0.7027
misleading,16,dev_3199,yes,"Yes, a club professional has won the PGA Championship. Jack Nicklaus, a",yes,yes,Correct,0.7034
misleading,16,dev_0222,no,NO,no,no,Correct,0.6541
misleading,16,dev_0398,no,"No, you cannot score from a throw-in in soccer. A throw-in is",no,no,Correct,0.7082999999999999
misleading,16,dev_0426,no,NO,no,no,Correct,0.7082
misleading,16,dev_0464,no,NO,no,no,Correct,0.42719999999999997
misleading,16,dev_0563,no,NO,no,no,Correct,0.7029
misleading,16,dev_0658,no,"No, a walk in baseball is not a dead ball. A walk occurs when",no,no,Correct,0.704
misleading,16,dev_1366,no,I don't know.,i,idk,IDK,0.7032
misleading,16,dev_1471,no,NO,no,no,Correct,0.6874
misleading,16,dev_1558,no,"Yes, the FIFA World Cup is held every four years, with the exception of",yes,yes,Incorrect,0.6846
misleading,16,dev_1580,no,NO,no,no,Correct,0.7034
misleading,16,dev_2401,no,NO,no,no,Correct,0.7038
misleading,16,dev_2436,no,NO,no,no,Correct,0.6862
misleading,16,dev_3224,no,"NO, an MLB game cannot end in a tie. The game is played to",no,no,Correct,0.6856
misleading,16,dev_0022,yes,"Yes, a spark plug is essential for an engine to run, as it ign",yes,yes,Correct,0.7027
misleading,16,dev_0132,yes,YES,yes,yes,Correct,0.6828
misleading,16,dev_0268,yes,YES,yes,yes,Correct,0.3842
misleading,16,dev_0646,yes,"Yes, multithreading can be useful even on a single processor as it allows",yes,yes,Correct,0.7092999999999999
misleading,16,dev_0697,yes,I don't know.,i,idk,IDK,0.6829
misleading,16,dev_0935,yes,"Yes, we can have multiple foreign keys in a table.",yes,yes,Correct,0.686
misleading,16,dev_1159,yes,I don't know.,i,idk,IDK,0.6875
misleading,16,dev_1376,yes,YES,yes,yes,Correct,0.647
misleading,16,dev_1646,yes,I don't know. While cast-iron pans can be used on an induction cook,i,idk,IDK,0.6869
misleading,16,dev_1869,yes,NO,no,no,Incorrect,0.6859
misleading,16,dev_2397,yes,YES,yes,yes,Correct,0.7071000000000001
misleading,16,dev_0512,no,NO,no,no,Correct,0.6849
misleading,16,dev_1524,no,"No, the transmission and the engine are not the same thing. The engine is",no,no,Correct,0.6538999999999999
misleading,16,dev_1675,no,I don't know.,i,idk,IDK,0.6546000000000001
misleading,16,dev_1723,no,I don't know. It depends on the specifications of the 3-way lamp and,i,idk,IDK,0.6862999999999999
misleading,16,dev_2027,no,NO,no,no,Correct,0.687
misleading,16,dev_2104,no,"No, the PlayStation 2 does not have built-in internet capabilities and requires",no,no,Correct,0.6865
misleading,16,dev_2262,no,NO,no,no,Correct,0.6856
misleading,16,dev_2431,no,"NO, in a tree data structure, each node can have at most one parent",no,no,Correct,0.6882999999999999
misleading,16,dev_2524,no,NO,no,no,Correct,0.689
misleading,16,dev_3057,no,"No, Windows Subsystem for Linux (WSL) is not a virtual machine",no,no,Correct,0.6527999999999999
misleading,16,dev_3167,no,NO,no,no,Correct,0.6898
misleading,21,dev_0023,yes,NO,no,no,Incorrect,0.825
misleading,21,dev_0039,no,YES,yes,yes,Incorrect,0.8488
misleading,21,dev_0055,no,YES,yes,yes,Incorrect,0.8151
misleading,21,dev_0059,no,I don't know.,i,idk,IDK,0.8827999999999999
misleading,21,dev_0068,no,NO,no,no,Correct,0.8151
misleading,21,dev_0087,yes,NO,no,no,Incorrect,0.8453999999999999
misleading,21,dev_0107,no,I don't know.,i,idk,IDK,0.8245
misleading,21,dev_0120,yes,NO,no,no,Incorrect,0.7938999999999999
misleading,21,dev_0138,no,YES,yes,yes,Incorrect,0.7964
misleading,21,dev_0151,no,I don't know.,i,idk,IDK,0.8241
misleading,21,dev_0163,yes,NO,no,no,Incorrect,0.5616
misleading,21,dev_0165,no,YES,yes,yes,Incorrect,0.819
misleading,21,dev_0207,no,NO,no,no,Correct,0.8475
misleading,21,dev_0210,no,YES,yes,yes,Incorrect,0.8219
misleading,21,dev_0221,no,YES,yes,yes,Incorrect,0.8192
misleading,21,dev_0229,yes,NO,no,no,Incorrect,0.8239
misleading,21,dev_0237,no,"Yes, there is a difference between 2-cycle and 2-stroke engines",yes,yes,Incorrect,0.7987000000000001
misleading,21,dev_0243,no,"Yes, there is a Chinatown in St. Louis, Missouri.",yes,yes,Incorrect,0.8206
misleading,21,dev_0248,yes,NO,no,no,Incorrect,0.8573
misleading,21,dev_0249,yes,I don't know.,i,idk,IDK,0.5845
misleading,21,dev_0251,yes,NO,no,no,Incorrect,0.8166
misleading,21,dev_0257,yes,NO,no,no,Incorrect,0.7934
misleading,21,dev_0270,no,"Yes, there are three U.S. states where the legal drinking age is",yes,yes,Incorrect,0.7968
misleading,21,dev_0287,yes,I don't know.,i,idk,IDK,0.6415
misleading,21,dev_0295,no,"Yes, there is a difference between doves and pigeons. Doves are",yes,yes,Incorrect,0.8538
misleading,21,dev_0298,yes,NO,no,no,Incorrect,0.8225
misleading,21,dev_0312,no,I don't know.,i,idk,IDK,0.7966
misleading,21,dev_0316,yes,"No, the internal intercostal muscles contract during forced expiration, not inspiration.",no,no,Incorrect,0.855
misleading,21,dev_0318,yes,NO,no,no,Incorrect,0.8817
misleading,21,dev_0321,yes,NO,no,no,Incorrect,0.8837999999999999
misleading,21,dev_0333,yes,NO,no,no,Incorrect,0.8821
misleading,21,dev_0336,no,"Yes, there is a difference between Muay Thai and Thai boxing. Muay",yes,yes,Incorrect,0.7933
misleading,21,dev_0343,yes,"No, the president is not the only member of the executive branch. The executive",no,no,Incorrect,0.8726
misleading,21,dev_0352,no,"No, you cannot score off a throw-in in soccer. A throw-in is",no,no,Correct,0.8571
misleading,21,dev_0355,no,I don't know.,i,idk,IDK,0.8507
misleading,21,dev_0364,no,I don't know.,i,idk,IDK,0.8232
misleading,21,dev_0366,no,"Yes, the pelvic brim (or pelvic inlet) separates the abdominal cavity from the",yes,yes,Incorrect,0.8184
misleading,21,dev_0406,no,Yes.,yes,yes,Incorrect,0.8181
misleading,21,dev_0428,no,NO,no,no,Correct,0.871
misleading,21,dev_0429,yes,YES,yes,yes,Correct,0.8468
misleading,21,dev_0430,yes,"No, the Banaue Rice Terraces are not one of the 7 Wonders",no,no,Incorrect,0.8503
misleading,21,dev_0436,no,I don't know.,i,idk,IDK,0.8877999999999999
misleading,21,dev_0441,no,"NO, there is no lobster in shrimp with lobster sauce. Shrimp sauce typically",no,no,Correct,0.8472999999999999
misleading,21,dev_0442,yes,YES,yes,yes,Correct,0.8241
misleading,21,dev_0479,no,"Yes, there are miniature pig breeds, such as the Mangalitsa and the",yes,yes,Incorrect,0.8827999999999999
misleading,21,dev_0481,no,NO,no,no,Correct,0.8221
misleading,21,dev_0482,no,NO,no,no,Correct,0.9511000000000001
misleading,21,dev_0487,no,I don't know.,i,idk,IDK,0.8176
misleading,21,dev_0504,yes,NO,no,no,Incorrect,0.8228
misleading,21,dev_0509,no,"Yes, the AR-15 is used in the military.",yes,yes,Incorrect,0.8152
misleading,21,dev_0532,no,I don't know.,i,idk,IDK,0.814
misleading,21,dev_0534,no,YES,yes,yes,Incorrect,0.856
misleading,21,dev_0536,yes,"No, Thanos did not appear in the first Guardians of Galaxy film.",no,no,Incorrect,0.8717
misleading,21,dev_0537,no,"Yes, you can receive a caution without being formally arrested. A caution is a",yes,yes,Incorrect,0.8871
misleading,21,dev_0546,yes,NO,no,no,Incorrect,0.8478
misleading,21,dev_0560,no,"Yes, the University of Tampa has a football team.",yes,yes,Incorrect,0.8202999999999999
misleading,21,dev_0568,no,NO,no,no,Correct,0.8224
misleading,21,dev_0569,no,NO,no,no,Correct,0.8142999999999999
misleading,21,dev_0588,yes,NO,no,no,Incorrect,0.5314
misleading,21,dev_0594,no,NO,no,no,Correct,0.8487
misleading,21,dev_0596,no,I don't know.,i,idk,IDK,0.7682
misleading,21,dev_0598,yes,NO,no,no,Incorrect,0.558
misleading,21,dev_0612,yes,"No, popcorn is made from popped corn kernels, not from corn on the cob",no,no,Incorrect,0.7928999999999999
misleading,21,dev_0617,yes,YES,yes,yes,Correct,0.8492999999999999
misleading,21,dev_0662,yes,NO,no,no,Incorrect,0.8472999999999999
misleading,21,dev_0678,no,NO,no,no,Correct,0.79
misleading,21,dev_0696,no,"Yes, there is a seat belt law in New Hampshire. Drivers and front-seat",yes,yes,Incorrect,0.8819
misleading,21,dev_0711,yes,NO,no,no,Incorrect,0.8488
misleading,21,dev_0718,yes,"NO, Chicago is the third largest city in Illinois, not the United States.",no,no,Incorrect,0.8488
misleading,21,dev_0724,no,I don't know.,i,idk,IDK,0.8543
misleading,21,dev_0731,no,I don't know.,i,idk,IDK,0.7893
misleading,21,dev_0737,no,I don't know.,i,idk,IDK,0.8246
misleading,21,dev_0754,yes,I don't know. World at War is a separate game from the Black Ops series,i,idk,IDK,0.8813
misleading,21,dev_0759,no,I don't know.,i,idk,IDK,0.7677999999999999
misleading,21,dev_0764,yes,NO,no,no,Incorrect,0.819
misleading,21,dev_0782,yes,NO,no,no,Incorrect,0.917
misleading,21,dev_0817,no,I don't know.,i,idk,IDK,0.8172
misleading,21,dev_0829,no,NO,no,no,Correct,0.5043
misleading,21,dev_0832,no,YES,yes,yes,Incorrect,0.8717999999999999
misleading,21,dev_0837,yes,I don't know.,i,idk,IDK,0.8735
misleading,21,dev_0853,no,NO,no,no,Correct,0.8204
misleading,21,dev_0854,no,NO,no,no,Correct,0.7636000000000001
misleading,21,dev_0862,no,I don't know.,i,idk,IDK,0.8177000000000001
misleading,21,dev_0871,yes,NO,no,no,Incorrect,0.7916
misleading,21,dev_0916,yes,NO,no,no,Incorrect,0.8202
misleading,21,dev_0922,yes,NO,no,no,Incorrect,0.8505
misleading,21,dev_0933,no,YES,yes,yes,Incorrect,0.8184
misleading,21,dev_0934,yes,NO,no,no,Incorrect,0.5044
misleading,21,dev_0940,yes,NO,no,no,Incorrect,0.8177000000000001
misleading,21,dev_0944,no,"Yes, Greece and Rome were contemporaneous, with the Roman Republic and later the",yes,yes,Incorrect,0.8527
misleading,21,dev_0952,yes,NO,no,no,Incorrect,0.8184
misleading,21,dev_0958,yes,NO,no,no,Incorrect,0.5334
misleading,21,dev_0981,no,I don't know.,i,idk,IDK,0.8495
misleading,21,dev_0991,yes,"NO, you do not need a license to watch TV in England. However,",no,no,Incorrect,0.8469
misleading,21,dev_0994,yes,"No, a white background cannot be used as a green screen because they are different",no,no,Incorrect,0.8481000000000001
misleading,21,dev_0996,no,"Yes, Radiator Springs is a fictional town featured in Pixar's animated film """,yes,yes,Incorrect,0.9147000000000001
misleading,21,dev_1006,no,I don't know.,i,idk,IDK,0.7936
misleading,21,dev_1011,no,"Yes, the World Cup trophy is commonly known as the Jules Rimet Trophy,",yes,yes,Incorrect,0.8469
misleading,21,dev_1022,yes,NO,no,no,Incorrect,0.8239
misleading,21,dev_1049,no,I don't know.,i,idk,IDK,0.7651
misleading,21,dev_1062,yes,"No, a wheel and axle cannot be called a lever. A wheel and axle",no,no,Incorrect,0.8511
misleading,21,dev_1075,yes,I don't know.,i,idk,IDK,0.8169
misleading,21,dev_1102,no,I don't know.,i,idk,IDK,0.8549
misleading,21,dev_1110,yes,"No, there are two rounds in the NBA draft, but there are also additional",no,no,Incorrect,0.8512000000000001
misleading,21,dev_1112,no,I don't know.,i,idk,IDK,0.816
misleading,21,dev_1113,yes,I don't know.,i,idk,IDK,0.7908
misleading,21,dev_1121,no,NO,no,no,Correct,0.7957000000000001
misleading,21,dev_1133,no,"Yes, The Crew 2 has a storyline. It is a racing game with",yes,yes,Incorrect,0.8569
misleading,21,dev_1138,yes,NO,no,no,Incorrect,0.8752000000000001
misleading,21,dev_1146,yes,"Yes, a penalty charge notice is the same as a fixed penalty. Both are",yes,yes,Correct,0.8532000000000001
misleading,21,dev_1155,yes,NO,no,no,Incorrect,0.8164
misleading,21,dev_1175,no,"YES, Michigan was a state during the Civil War.",yes,yes,Incorrect,0.9162
misleading,21,dev_1178,no,"Yes, the 1908 New York Giants went undefeated in the regular season and",yes,yes,Incorrect,0.8161
misleading,21,dev_1183,yes,NO,no,no,Incorrect,0.8482999999999999
misleading,21,dev_1196,no,YES,yes,yes,Incorrect,0.7954
misleading,21,dev_1204,yes,"No, the Eye of Agamotto is not the Time Stone. The Time",no,no,Incorrect,0.8565
misleading,21,dev_1205,no,"NO, you cannot take out the king in chess. The king is the most",no,no,Correct,0.8199
misleading,21,dev_1209,yes,NO,no,no,Incorrect,0.8857
misleading,21,dev_1227,no,YES,yes,yes,Incorrect,0.8185
misleading,21,dev_1229,no,I don't know.,i,idk,IDK,0.8165
misleading,21,dev_1230,yes,NO,no,no,Incorrect,0.8158
misleading,21,dev_1235,no,YES,yes,yes,Incorrect,0.8201
misleading,21,dev_1239,yes,NO,no,no,Incorrect,0.8703
misleading,21,dev_1241,no,"Yes, there is a main-group element in period 6. The main-group",yes,yes,Incorrect,0.8479
misleading,21,dev_1250,yes,YES,yes,yes,Correct,0.7954
misleading,21,dev_1256,yes,"Yes, there was a tsunami in the 1906 San Francisco earthquake.",yes,yes,Correct,0.82
misleading,21,dev_1261,no,"Yes, Louisiana has a state income tax.",yes,yes,Incorrect,0.8532000000000001
misleading,21,dev_1267,no,"Yes, Better Call Saul is set after Breaking Bad.",yes,yes,Incorrect,0.7213999999999999
misleading,21,dev_1271,no,YES,yes,yes,Incorrect,0.7957000000000001
misleading,21,dev_1283,yes,NO,no,no,Incorrect,0.8205
misleading,21,dev_1285,no,"Yes, a woman has won the Indianapolis 500. Althea Gibson won",yes,yes,Incorrect,0.8166
misleading,21,dev_1286,no,"Yes, there is a difference between lightning bugs and fireflies. Both terms refer",yes,yes,Incorrect,0.8455
misleading,21,dev_1294,yes,NO,no,no,Incorrect,0.8231
misleading,21,dev_1296,yes,"No, PlayStation 2 games do not play on PlayStation 4 as",no,no,Incorrect,0.8521
misleading,21,dev_1303,no,NO,no,no,Correct,0.8181
misleading,21,dev_1307,yes,NO,no,no,Incorrect,0.7981
misleading,21,dev_1311,yes,NO,no,no,Incorrect,0.82
misleading,21,dev_1316,yes,NO,no,no,Incorrect,0.8569
misleading,21,dev_1317,no,"NO, planets are not involved in the formation of a planetary nebula. Planet",no,no,Correct,0.8492999999999999
misleading,21,dev_1333,yes,NO,no,no,Incorrect,0.8231
misleading,21,dev_1336,yes,YES,yes,yes,Correct,0.9157000000000001
misleading,21,dev_1345,no,"Yes, there is a difference between a confidentiality agreement and a non-disclosure agreement",yes,yes,Incorrect,0.7672
misleading,21,dev_1359,no,NO,no,no,Correct,0.7992
misleading,21,dev_1370,yes,NO,no,no,Incorrect,0.8235
misleading,21,dev_1371,no,"Yes, Rafflesia is the largest flower in the world.",yes,yes,Incorrect,0.8482000000000001
misleading,21,dev_1372,yes,"NO, a kilowatt-hour is a unit of energy, not power. Power",no,no,Incorrect,0.8553999999999999
misleading,21,dev_1382,no,NO,no,no,Correct,0.8245
misleading,21,dev_1406,no,"Yes, the Postmaster General is appointed by the president.",yes,yes,Incorrect,0.7982
misleading,21,dev_1408,yes,NO,no,no,Incorrect,0.5514
misleading,21,dev_1413,yes,NO,no,no,Incorrect,0.9218
misleading,21,dev_1419,yes,NO,no,no,Incorrect,0.818
misleading,21,dev_1420,yes,I don't know.,i,idk,IDK,0.8795
misleading,21,dev_1423,no,YES,yes,yes,Incorrect,0.8463999999999999
misleading,21,dev_1424,no,NO,no,no,Correct,0.8152
misleading,21,dev_1436,no,NO,no,no,Correct,0.8495
misleading,21,dev_1438,yes,NO,no,no,Incorrect,0.9422
misleading,21,dev_1452,no,"Yes, a neurotransmitter can be both excitatory and inhibitory depending on the type",yes,yes,Incorrect,0.8824
misleading,21,dev_1455,yes,"No, the abdomen is the body region that houses the stomach, among other organs",no,no,Incorrect,0.8472000000000001
misleading,21,dev_1464,no,NO,no,no,Correct,0.8155
misleading,21,dev_1467,yes,I don't know. The passing grade for A-levels can vary depending on the,i,idk,IDK,0.8186
misleading,21,dev_1473,yes,NO,no,no,Incorrect,0.8247000000000001
misleading,21,dev_1489,yes,NO,no,no,Incorrect,0.8583
misleading,21,dev_1498,yes,"Yes, the Nobel Peace Prize is awarded every year.",yes,yes,Correct,0.7847000000000001
misleading,21,dev_1508,no,"NO, there have been no fatalities during the Tour de France, which is a",no,no,Correct,0.8804
misleading,21,dev_1515,no,YES,yes,yes,Incorrect,0.9819
misleading,21,dev_1517,yes,NO,no,no,Incorrect,0.7975
misleading,21,dev_1528,yes,I don't know.,i,idk,IDK,0.8486
misleading,21,dev_1533,no,I don't know.,i,idk,IDK,0.7888
misleading,21,dev_1534,no,"No, a baseball player cannot legally catch a ball in the stands as it is",no,no,Correct,0.8246
misleading,21,dev_1546,yes,NO,no,no,Incorrect,0.8545
misleading,21,dev_1552,yes,"No, the poly(A) tail is added after the stop codon during the",no,no,Incorrect,0.8479
misleading,21,dev_1557,no,YES,yes,yes,Incorrect,0.873
misleading,21,dev_1563,no,YES,yes,yes,Incorrect,0.8546
misleading,21,dev_1627,no,NO,no,no,Correct,0.8172999999999999
misleading,21,dev_1632,yes,NO,no,no,Incorrect,0.5332
misleading,21,dev_1650,yes,"Yes, it is illegal to take a stop sign.",yes,yes,Correct,0.7733
misleading,21,dev_1655,no,"Yes, there is a difference. Soy refers to the plant, while soya",yes,yes,Incorrect,0.7975
misleading,21,dev_1658,yes,NO,no,no,Incorrect,0.5612999999999999
misleading,21,dev_1659,yes,YES,yes,yes,Correct,0.8169
misleading,21,dev_1673,yes,NO,no,no,Incorrect,0.8227000000000001
misleading,21,dev_1680,no,YES,yes,yes,Incorrect,0.7968999999999999
misleading,21,dev_1687,no,YES,yes,yes,Incorrect,0.8172
misleading,21,dev_1698,no,NO,no,no,Correct,0.8526
misleading,21,dev_1707,yes,NO,no,no,Incorrect,0.7971
misleading,21,dev_1727,yes,NO,no,no,Incorrect,0.5323
misleading,21,dev_1736,no,I don't know.,i,idk,IDK,0.8165
misleading,21,dev_1737,yes,I don't know.,i,idk,IDK,0.6003
misleading,21,dev_1740,yes,"No, there is no spongy bone in the medullary cavity.",no,no,Incorrect,0.8519
misleading,21,dev_1743,no,I don't know.,i,idk,IDK,0.5541
misleading,21,dev_1749,yes,I don't know.,i,idk,IDK,0.8532000000000001
misleading,21,dev_1750,no,"No, fighting words are not protected under freedom of speech. Fighting words are defined",no,no,Correct,0.8865
misleading,21,dev_1757,yes,NO. The profit and loss statement and income statement are related but not the same,no,no,Incorrect,0.8227000000000001
misleading,21,dev_1763,yes,"Yes, the House of Representatives is one of the two chambers of Congress, the",yes,yes,Correct,0.912
misleading,21,dev_1775,no,NO,no,no,Correct,0.7968
misleading,21,dev_1789,no,I don't know.,i,idk,IDK,0.8182
misleading,21,dev_1806,no,I don't know.,i,idk,IDK,0.8854
misleading,21,dev_1814,no,YES,yes,yes,Incorrect,0.8152999999999999
misleading,21,dev_1823,yes,NO,no,no,Incorrect,0.849
misleading,21,dev_1832,no,"Yes, there is a real town called Garrison in Colorado.",yes,yes,Incorrect,0.8086
misleading,21,dev_1849,yes,NO,no,no,Incorrect,0.8252
misleading,21,dev_1851,no,YES,yes,yes,Incorrect,0.7944
misleading,21,dev_1857,no,YES,yes,yes,Incorrect,0.8548
misleading,21,dev_1895,yes,NO,no,no,Incorrect,0.5335
misleading,21,dev_1906,no,NO,no,no,Correct,0.8458
misleading,21,dev_1916,yes,NO,no,no,Incorrect,0.8872000000000001
misleading,21,dev_1919,yes,"Yes, one element can be transmuted into another through nuclear reactions, such",yes,yes,Correct,0.8583
misleading,21,dev_1924,yes,NO,no,no,Incorrect,0.855
misleading,21,dev_1938,no,I don't know.,i,idk,IDK,0.7998999999999999
misleading,21,dev_1948,yes,NO,no,no,Incorrect,0.8206
misleading,21,dev_1950,no,NO,no,no,Correct,0.7986
misleading,21,dev_1960,no,NO,no,no,Correct,0.8517
misleading,21,dev_1977,no,NO,no,no,Correct,0.816
misleading,21,dev_1995,yes,"No, winning the FA Cup does not automatically qualify a team for Europe. Qualification",no,no,Incorrect,0.8522000000000001
misleading,21,dev_1997,yes,I don't know.,i,idk,IDK,0.8573
misleading,21,dev_2009,no,YES,yes,yes,Incorrect,0.7937000000000001
misleading,21,dev_2032,yes,YES,yes,yes,Correct,0.8533999999999999
misleading,21,dev_2045,yes,I don't know,i,idk,IDK,0.6471
misleading,21,dev_2053,no,"Yes, you must be serving to score in tennis.",yes,yes,Incorrect,0.8805
misleading,21,dev_2061,no,I don't know.,i,idk,IDK,0.8867
misleading,21,dev_2065,yes,I don't know.,i,idk,IDK,0.881
misleading,21,dev_2068,yes,"No, Allied Waste and Republic Services are two separate companies in the waste management industry",no,no,Incorrect,0.8537
misleading,21,dev_2078,no,I don't know.,i,idk,IDK,0.85
misleading,21,dev_2079,yes,YES,yes,yes,Correct,0.8817999999999999
misleading,21,dev_2088,no,"NO, there is no official language at the federal level in the United States,",no,no,Correct,0.8803
misleading,21,dev_2091,no,YES,yes,yes,Incorrect,0.8587
misleading,21,dev_2094,no,"Yes, there is an airport in Fort Walton Beach, Florida, known as Fort",yes,yes,Incorrect,0.8155
misleading,21,dev_2095,yes,NO,no,no,Incorrect,0.5346000000000001
misleading,21,dev_2139,no,I don't know.,i,idk,IDK,0.8467
misleading,21,dev_2166,yes,I don't know. Staring at a bright light can cause temporary discomfort or damage,i,idk,IDK,0.7936
misleading,21,dev_2184,no,YES,yes,yes,Incorrect,0.8576
misleading,21,dev_2187,yes,NO,no,no,Incorrect,0.5507000000000001
misleading,21,dev_2192,no,"NO, a lieutenant colonel is lower in rank than a colonel.",no,no,Correct,0.8162999999999999
misleading,21,dev_2196,no,"Yes, red-eared slider turtles lay eggs in water.",yes,yes,Incorrect,0.8479
misleading,21,dev_2199,yes,NO,no,no,Incorrect,0.8466
misleading,21,dev_2204,yes,NO,no,no,Incorrect,0.5498
misleading,21,dev_2220,no,"Yes, the ball is dead on an infield fly.",yes,yes,Incorrect,0.7503
misleading,21,dev_2224,no,I don't know.,i,idk,IDK,0.5535
misleading,21,dev_2232,no,"Yes, there is a Roman Catholic cathedral in Dublin. The most famous one is",yes,yes,Incorrect,0.8551
misleading,21,dev_2234,no,NO,no,no,Correct,0.8463999999999999
misleading,21,dev_2237,no,YES,yes,yes,Incorrect,0.8538
misleading,21,dev_2247,yes,NO,no,no,Incorrect,0.8244
misleading,21,dev_2248,yes,NO,no,no,Incorrect,0.8533
misleading,21,dev_2266,no,"Yes, a Nissan Pathfinder is considered a full-size SUV.",yes,yes,Incorrect,0.8581
misleading,21,dev_2275,yes,I don't know.,i,idk,IDK,0.8735
misleading,21,dev_2295,yes,I don't know.,i,idk,IDK,0.7897000000000001
misleading,21,dev_2304,yes,NO,no,no,Incorrect,0.5287000000000001
misleading,21,dev_2306,yes,NO,no,no,Incorrect,0.8517
misleading,21,dev_2310,no,"NO, In-N-Out Burger is not a franchise; it is a privately-owned",no,no,Correct,0.8513
misleading,21,dev_2315,yes,"NO, centripetal and centrifugal forces are not an action-reaction pair.",no,no,Incorrect,0.883
misleading,21,dev_2323,no,I don't know.,i,idk,IDK,0.8142
misleading,21,dev_2328,no,I don't know.,i,idk,IDK,0.5485
misleading,21,dev_2350,no,"Yes, Little House on the Prairie is fiction.",yes,yes,Incorrect,0.8521
misleading,21,dev_2382,yes,NO,no,no,Incorrect,0.8869
misleading,21,dev_2387,yes,NO,no,no,Incorrect,0.8488
misleading,21,dev_2388,no,"Yes, an individual can be retried if new evidence is found, as long",yes,yes,Incorrect,0.8176
misleading,21,dev_2396,yes,NO,no,no,Incorrect,0.5066
misleading,21,dev_2408,yes,I don't know.,i,idk,IDK,0.7955
misleading,21,dev_2413,no,"Yes, the movie Stalingrad is based on a true story. It is",yes,yes,Incorrect,0.8186
misleading,21,dev_2428,yes,I don't know.,i,idk,IDK,0.7924
misleading,21,dev_2433,no,I don't know. The answer may vary depending on the specific branch of the military,i,idk,IDK,0.817
misleading,21,dev_2434,no,YES,yes,yes,Incorrect,0.8553
misleading,21,dev_2447,no,"NO, in Major League Baseball playoffs, wild card teams do not have home field",no,no,Correct,0.8824
misleading,21,dev_2473,yes,NO,no,no,Incorrect,0.9394
misleading,21,dev_2479,no,NO,no,no,Correct,0.8824
misleading,21,dev_2504,no,YES,yes,yes,Incorrect,0.8218
misleading,21,dev_2532,yes,NO,no,no,Incorrect,0.8251000000000001
misleading,21,dev_2537,no,I don't know.,i,idk,IDK,0.8526
misleading,21,dev_2538,no,I don't know.,i,idk,IDK,0.6113
misleading,21,dev_2547,yes,NO,no,no,Incorrect,0.871
misleading,21,dev_2548,no,NO,no,no,Correct,0.8167000000000001
misleading,21,dev_2555,no,I don't know.,i,idk,IDK,0.9198999999999999
misleading,21,dev_2566,no,YES,yes,yes,Incorrect,0.8155
misleading,21,dev_2572,no,"NO, the Channel Islands are not part of Great Britain. They are self-go",no,no,Correct,0.8476
misleading,21,dev_2577,no,YES,yes,yes,Incorrect,0.7936
misleading,21,dev_2605,yes,NO,no,no,Incorrect,0.8869
misleading,21,dev_2614,yes,I don't know.,i,idk,IDK,0.8172999999999999
misleading,21,dev_2622,no,"Yes, 7.62 NATO and .308 Win refer to the same cartridge",yes,yes,Incorrect,0.8537
misleading,21,dev_2634,yes,NO,no,no,Incorrect,0.8821
misleading,21,dev_2643,no,I don't know.,i,idk,IDK,0.8719
misleading,21,dev_2655,yes,NO,no,no,Incorrect,0.8241
misleading,21,dev_2656,yes,I don't know.,i,idk,IDK,0.5818
misleading,21,dev_2690,yes,NO,no,no,Incorrect,0.8506
misleading,21,dev_2719,no,"NO. Electrons flow in the opposite direction to conventional current, which is defined",no,no,Correct,0.8212
misleading,21,dev_2727,no,I don't know.,i,idk,IDK,0.7891
misleading,21,dev_2750,yes,NO,no,no,Incorrect,0.7913
misleading,21,dev_2757,yes,I don't know.,i,idk,IDK,0.5992000000000001
misleading,21,dev_2770,yes,I don't know.,i,idk,IDK,0.8169
misleading,21,dev_2791,yes,I don't know.,i,idk,IDK,0.5828
misleading,21,dev_2813,yes,NO,no,no,Incorrect,0.5012
misleading,21,dev_2821,yes,NO,no,no,Incorrect,0.5912000000000001
misleading,21,dev_2832,yes,"NO, shea butter is made from the nuts of the shea tree,",no,no,Incorrect,0.8482000000000001
misleading,21,dev_2838,no,I don't know.,i,idk,IDK,0.5294
misleading,21,dev_2853,no,I don't know.,i,idk,IDK,0.7672
misleading,21,dev_2870,no,YES,yes,yes,Incorrect,0.851
misleading,21,dev_2875,yes,NO,no,no,Incorrect,0.5046
misleading,21,dev_2880,no,"Yes, the County Court Business Centre is a real court in the United Kingdom,",yes,yes,Incorrect,0.8482999999999999
misleading,21,dev_2890,no,NO,no,no,Correct,0.5378999999999999
misleading,21,dev_2901,yes,NO,no,no,Incorrect,0.8167000000000001
misleading,21,dev_2906,yes,NO,no,no,Incorrect,0.8489
misleading,21,dev_2919,no,NO,no,no,Correct,0.7686000000000001
misleading,21,dev_2931,yes,NO,no,no,Incorrect,0.7964
misleading,21,dev_2933,no,"Yes, commercial aircraft do fly over the North Pole, although it is not a",yes,yes,Incorrect,0.8247000000000001
misleading,21,dev_2956,yes,NO,no,no,Incorrect,0.7972
misleading,21,dev_2959,no,NO,no,no,Correct,0.8553
misleading,21,dev_2967,yes,"NO, the sun always shines from the south in the Northern Hemisphere and from the",no,no,Incorrect,0.882
misleading,21,dev_2973,no,"Yes, there is a second movie to The Golden Compass, titled ""The Golden",yes,yes,Incorrect,0.7968
misleading,21,dev_2991,yes,I don't know.,i,idk,IDK,0.8538
misleading,21,dev_3000,yes,I don't know.,i,idk,IDK,0.8492999999999999
misleading,21,dev_3015,yes,"No, keyless entry and remote start are not the same. Keyless entry",no,no,Incorrect,0.8194
misleading,21,dev_3027,no,"No, you cannot travel to Ireland with a Schengen visa. Ireland is not",no,no,Correct,0.7663
misleading,21,dev_3029,no,YES,yes,yes,Incorrect,0.8488
misleading,21,dev_3035,no,I don't know.,i,idk,IDK,0.8488
misleading,21,dev_3040,no,NO,no,no,Correct,0.8166
misleading,21,dev_3073,no,I don't know.,i,idk,IDK,0.8164
misleading,21,dev_3079,yes,"No, salary is not included in the cost of goods sold (COGS).",no,no,Incorrect,0.7892
misleading,21,dev_3089,yes,NO,no,no,Incorrect,0.8155
misleading,21,dev_3105,yes,"NO, a neutral wire should not be connected to ground as it can cause electrical",no,no,Incorrect,0.7911
misleading,21,dev_3106,yes,I don't know.,i,idk,IDK,0.846
misleading,21,dev_3107,yes,"Yes, there have been recess appointments to the Supreme Court. The most notable example",yes,yes,Correct,0.8227000000000001
misleading,21,dev_3122,no,"Yes, there is chocolate in Reese's Pieces.",yes,yes,Incorrect,0.7984
misleading,21,dev_3143,no,NO,no,no,Correct,0.8236
misleading,21,dev_3173,no,I don't know.,i,idk,IDK,0.7693
misleading,21,dev_3183,no,"Yes, the winner of the British Open gets to keep the Claret Jug.",yes,yes,Incorrect,0.8533
misleading,21,dev_3187,yes,No.,no,no,Incorrect,0.8706
misleading,21,dev_3204,no,"Yes, the fundus of the gallbladder is located near the cystic",yes,yes,Incorrect,0.8192
misleading,21,dev_3212,yes,NO,no,no,Incorrect,0.8571
misleading,21,dev_3221,no,NO,no,no,Correct,0.7975
misleading,21,dev_3231,yes,"No, the standard error is not the same as the standard deviation. The standard",no,no,Incorrect,0.819
misleading,21,dev_3232,yes,NO,no,no,Incorrect,0.8154
misleading,21,dev_3238,yes,"NO, the non-striker cannot be run out by the bowler. In",no,no,Incorrect,0.8846
misleading,21,dev_3239,yes,NO,no,no,Incorrect,0.5504
misleading,21,dev_3241,yes,NO,no,no,Incorrect,0.8471000000000001
misleading,21,dev_3242,yes,I don't know.,i,idk,IDK,0.8461000000000001
misleading,21,dev_0031,yes,I don't know.,i,idk,IDK,0.8501000000000001
misleading,21,dev_0148,yes,"No, Sméagol does not die in The Lord of the Rings.",no,no,Incorrect,0.8707
misleading,21,dev_0178,yes,YES,yes,yes,Correct,0.8562000000000001
misleading,21,dev_0410,yes,NO,no,no,Incorrect,0.4998
misleading,21,dev_0419,yes,"Yes, Eric Clapton played on 'While My Guitar Gently Weeps'",yes,yes,Correct,0.8523999999999999
misleading,21,dev_0448,yes,"Yes, Jefferson Airplane is in the Rock and Roll Hall of Fame.",yes,yes,Correct,0.8576
misleading,21,dev_0224,no,"No, ""The Outsiders"" is a work of fiction written by S.E",no,no,Correct,0.871
misleading,21,dev_0317,no,I don't know.,i,idk,IDK,0.7942
misleading,21,dev_0368,no,I don't know.,i,idk,IDK,0.5855
misleading,21,dev_0507,no,I don't know.,i,idk,IDK,0.5789
misleading,21,dev_0603,no,"No, ""The Seven Ages of Man"" is not a sonnet; it",no,no,Correct,0.7653
misleading,21,dev_0938,no,I don't know.,i,idk,IDK,0.5525
misleading,21,dev_0076,yes,"NO, female ferrets do not die if they don't mate. They can still",no,no,Incorrect,0.8468
misleading,21,dev_0459,yes,"Yes, it matters which DNA strand is transcribed because the resulting mRNA will",yes,yes,Correct,0.7955
misleading,21,dev_0502,yes,I don't know.,i,idk,IDK,0.8545
misleading,21,dev_0580,yes,NO,no,no,Incorrect,0.8242
misleading,21,dev_1089,yes,NO,no,no,Incorrect,0.5285
misleading,21,dev_1153,yes,NO,no,no,Incorrect,0.8162999999999999
misleading,21,dev_1315,yes,I don't know.,i,idk,IDK,0.7988999999999999
misleading,21,dev_1482,yes,I don't know.,i,idk,IDK,0.8523999999999999
misleading,21,dev_1568,yes,NO,no,no,Incorrect,0.8702000000000001
misleading,21,dev_1968,yes,NO,no,no,Incorrect,0.8531
misleading,21,dev_2223,yes,NO,no,no,Incorrect,0.8162999999999999
misleading,21,dev_2420,yes,I don't know.,i,idk,IDK,0.8568
misleading,21,dev_2882,yes,"Yes, there are redback spiders (Latrodectus hasselti)",yes,yes,Correct,0.8507
misleading,21,dev_2899,yes,I don't know.,i,idk,IDK,0.7704
misleading,21,dev_2910,yes,NO,no,no,Incorrect,0.9186
misleading,21,dev_0713,no,"Yes, a cow has to be pregnant to lactate.",yes,yes,Incorrect,0.819
misleading,21,dev_0816,no,NO,no,no,Correct,0.8178
misleading,21,dev_0911,no,NO,no,no,Correct,0.8227000000000001
misleading,21,dev_0997,no,NO,no,no,Correct,0.8493999999999999
misleading,21,dev_1258,no,"Yes, the umbilical cord is inside the amniotic sac.",yes,yes,Incorrect,0.8209
misleading,21,dev_1422,no,"Yes, root hairs occur along the entire length of a root, although they are",yes,yes,Incorrect,0.8472000000000001
misleading,21,dev_2120,no,"Yes, Dalmatians are born with spots, but they fade as they",yes,yes,Incorrect,0.8204
misleading,21,dev_2353,no,NO,no,no,Correct,0.7994
misleading,21,dev_2441,no,I don't know.,i,idk,IDK,0.8551
misleading,21,dev_2087,no,I don't know.,i,idk,IDK,0.799
misleading,21,dev_2215,no,"No, the two chromosomes in a pair are not identical; they are homologous",no,no,Correct,0.7449
misleading,21,dev_2503,no,NO,no,no,Correct,0.8152999999999999
misleading,21,dev_2652,no,YES,yes,yes,Incorrect,0.7968
misleading,21,dev_2850,no,NO,no,no,Correct,0.8479
misleading,21,dev_3062,no,"NO, black and yellow garden spiders are not poisonous to",no,no,Correct,0.8703
misleading,21,dev_0400,yes,YES,yes,yes,Correct,0.822
misleading,21,dev_0432,yes,YES,yes,yes,Correct,0.8488
misleading,21,dev_0446,yes,I don't know.,i,idk,IDK,0.6003
misleading,21,dev_0455,yes,I don't know.,i,idk,IDK,0.8232999999999999
misleading,21,dev_0472,yes,NO,no,no,Incorrect,0.8536
misleading,21,dev_0524,yes,"Yes, there is an In-N-Out Burger in Nevada. The first location opened",yes,yes,Correct,0.8206
misleading,21,dev_0767,yes,"Yes, the Canadian dollar has been worth more than the American dollar at various points",yes,yes,Correct,0.7948999999999999
misleading,21,dev_0875,yes,I don't know,i,idk,IDK,0.871
misleading,21,dev_0950,yes,"NO, Poland Spring water does not come from a spring. It is a brand",no,no,Incorrect,0.9147000000000001
misleading,21,dev_1023,yes,I don't know.,i,idk,IDK,0.8235
misleading,21,dev_1171,yes,NO,no,no,Incorrect,0.5342
misleading,21,dev_1207,yes,NO,no,no,Incorrect,0.7948
misleading,21,dev_1299,yes,NO,no,no,Incorrect,0.8471000000000001
misleading,21,dev_0157,no,I don't know.,i,idk,IDK,0.8165
misleading,21,dev_0371,no,NO,no,no,Correct,0.8164
misleading,21,dev_0621,no,I don't know.,i,idk,IDK,0.7704
misleading,21,dev_0699,no,I don't know.,i,idk,IDK,0.8512000000000001
misleading,21,dev_0954,no,I don't know.,i,idk,IDK,0.8244
misleading,21,dev_1050,no,"No, White Castle is not only on the East Coast. It is a restaurant",no,no,Correct,0.7981
misleading,21,dev_1208,no,I don't know.,i,idk,IDK,0.9114
misleading,21,dev_1257,no,I don't know.,i,idk,IDK,0.5799
misleading,21,dev_1805,no,NO,no,no,Correct,0.8811
misleading,21,dev_1876,no,I don't know.,i,idk,IDK,0.7884
misleading,21,dev_2290,no,YES,yes,yes,Incorrect,0.7887000000000001
misleading,21,dev_2444,no,I don't know.,i,idk,IDK,0.8462000000000001
misleading,21,dev_0250,yes,I don't know.,i,idk,IDK,0.5832
misleading,21,dev_0337,yes,NO,no,no,Incorrect,0.8226
misleading,21,dev_0386,yes,I don't know.,i,idk,IDK,0.7984
misleading,21,dev_0591,yes,NO,no,no,Incorrect,0.8208
misleading,21,dev_0746,yes,NO,no,no,Incorrect,0.8231
misleading,21,dev_0845,yes,I don't know.,i,idk,IDK,0.7975
misleading,21,dev_0855,yes,YES,yes,yes,Correct,0.8491000000000001
misleading,21,dev_0915,yes,I don't know.,i,idk,IDK,0.7963
misleading,21,dev_0945,yes,I don't know.,i,idk,IDK,0.8536
misleading,21,dev_0021,no,I don't know.,i,idk,IDK,0.7669
misleading,21,dev_0490,no,I don't know.,i,idk,IDK,0.7965
misleading,21,dev_0581,no,I don't know.,i,idk,IDK,0.8241
misleading,21,dev_0631,no,I don't know.,i,idk,IDK,0.5302
misleading,21,dev_0691,no,"NO, you do not need a stamp if it says Freepost.",no,no,Correct,0.7976
misleading,21,dev_0783,no,NO,no,no,Correct,0.4835
misleading,21,dev_0787,no,YES,yes,yes,Incorrect,0.8734
misleading,21,dev_0825,no,I don't know.,i,idk,IDK,0.8168
misleading,21,dev_0885,no,I don't know.,i,idk,IDK,0.7962
misleading,21,dev_0089,yes,I don't know.,i,idk,IDK,0.913
misleading,21,dev_0095,yes,I don't know.,i,idk,IDK,0.5799
misleading,21,dev_0211,yes,NO,no,no,Incorrect,0.7944
misleading,21,dev_0238,yes,NO,no,no,Incorrect,0.8515
misleading,21,dev_0252,yes,NO,no,no,Incorrect,0.5287000000000001
misleading,21,dev_0256,yes,NO,no,no,Incorrect,0.7663
misleading,21,dev_0266,yes,I don't know.,i,idk,IDK,0.7941
misleading,21,dev_0310,yes,I don't know.,i,idk,IDK,0.8189
misleading,21,dev_0359,yes,I don't know.,i,idk,IDK,0.8177000000000001
misleading,21,dev_0422,yes,I don't know.,i,idk,IDK,0.85
misleading,21,dev_0040,no,I don't know.,i,idk,IDK,0.5303
misleading,21,dev_0080,no,I don't know.,i,idk,IDK,0.7957000000000001
misleading,21,dev_0100,no,"I don't know. The question is ambiguous as it doesn't specify which ""girl""",i,idk,IDK,0.8702000000000001
misleading,21,dev_0240,no,I don't know.,i,idk,IDK,0.5789
misleading,21,dev_0247,no,NO,no,no,Correct,0.5386
misleading,21,dev_0260,no,I don't know.,i,idk,IDK,0.7968
misleading,21,dev_0277,no,I don't know.,i,idk,IDK,0.8222999999999999
misleading,21,dev_0290,no,I don't know.,i,idk,IDK,0.8527
misleading,21,dev_0303,no,I don't know.,i,idk,IDK,0.8232999999999999
misleading,21,dev_0231,yes,"NO, penne alla vodka does not contain dairy. It is a traditional Italian",no,no,Incorrect,0.8556
misleading,21,dev_0401,yes,"No, whole wheat rice is not the same as brown rice. Whole wheat rice",no,no,Incorrect,0.9176
misleading,21,dev_0420,yes,I don't know.,i,idk,IDK,0.5808
misleading,21,dev_0571,yes,NO,no,no,Incorrect,0.8207000000000001
misleading,21,dev_0583,yes,NO,no,no,Incorrect,0.8488
misleading,21,dev_0765,yes,NO,no,no,Incorrect,0.8222999999999999
misleading,21,dev_0778,yes,I don't know.,i,idk,IDK,0.8014
misleading,21,dev_0815,yes,NO,no,no,Incorrect,0.8463999999999999
misleading,21,dev_0073,no,I don't know.,i,idk,IDK,0.8249
misleading,21,dev_0491,no,I don't know.,i,idk,IDK,0.7683
misleading,21,dev_0615,no,I don't know.,i,idk,IDK,0.8465
misleading,21,dev_0868,no,I don't know.,i,idk,IDK,0.7686000000000001
misleading,21,dev_0880,no,NO,no,no,Correct,0.7682
misleading,21,dev_0953,no,NO,no,no,Correct,0.8523
misleading,21,dev_0985,no,NO,no,no,Correct,0.7682
misleading,21,dev_0136,yes,NO,no,no,Incorrect,0.8255
misleading,21,dev_0367,yes,I don't know.,i,idk,IDK,0.8551
misleading,21,dev_0618,yes,I don't know.,i,idk,IDK,0.5996
misleading,21,dev_0720,yes,"Yes, State of Decay is a co-op game on Xbox One.",yes,yes,Correct,0.859
misleading,21,dev_0770,yes,NO,no,no,Incorrect,0.9205
misleading,21,dev_0835,yes,NO,no,no,Incorrect,0.7992
misleading,21,dev_0896,yes,NO,no,no,Incorrect,0.8723
misleading,21,dev_0434,no,I don't know.,i,idk,IDK,0.7963
misleading,21,dev_0489,no,I don't know.,i,idk,IDK,0.8521
misleading,21,dev_0852,no,NO,no,no,Correct,0.799
misleading,21,dev_0870,no,"I don't know. Paladins are typically associated with Lawful Good, but",i,idk,IDK,0.8197000000000001
misleading,21,dev_1148,no,I don't know.,i,idk,IDK,0.8576
misleading,21,dev_2595,no,NO,no,no,Correct,0.8497
misleading,21,dev_0281,yes,"Yes, there are tolls on I-70 in Kansas.",yes,yes,Correct,0.7697
misleading,21,dev_0528,yes,"Yes, there is a train station in Atlantic City, New Jersey, located at",yes,yes,Correct,0.8497
misleading,21,dev_0547,yes,I don't know.,i,idk,IDK,0.8563999999999999
misleading,21,dev_0623,yes,NO,no,no,Incorrect,0.48310000000000003
misleading,21,dev_0626,yes,NO,no,no,Incorrect,0.8592000000000001
misleading,21,dev_0686,yes,NO,no,no,Incorrect,0.8235
misleading,21,dev_0822,yes,I don't know.,i,idk,IDK,0.848
misleading,21,dev_1210,yes,I don't know.,i,idk,IDK,0.8827999999999999
misleading,21,dev_0374,no,NO,no,no,Correct,0.7936
misleading,21,dev_0900,no,NO,no,no,Correct,0.793
misleading,21,dev_0913,no,I don't know.,i,idk,IDK,0.857
misleading,21,dev_1234,no,NO,no,no,Correct,0.8244
misleading,21,dev_1360,no,I don't know.,i,idk,IDK,0.8486
misleading,21,dev_1544,no,"NO, I-30 in Dallas is not a toll road.",no,no,Correct,0.7687999999999999
misleading,21,dev_1588,no,NO,no,no,Correct,0.8228
misleading,21,dev_0344,yes,I don't know.,i,idk,IDK,0.8513
misleading,21,dev_0379,yes,I don't know.,i,idk,IDK,0.5842
misleading,21,dev_0474,yes,I don't know.,i,idk,IDK,0.8176
misleading,21,dev_0614,yes,I don't know.,i,idk,IDK,0.824
misleading,21,dev_0655,yes,I don't know.,i,idk,IDK,0.8508
misleading,21,dev_1195,yes,I don't know.,i,idk,IDK,0.8875
misleading,21,dev_1197,yes,NO,no,no,Incorrect,0.5057
misleading,21,dev_1313,yes,"Yes, relative risk and risk ratio are the same; they both refer to the",yes,yes,Correct,0.851
misleading,21,dev_1564,yes,NO,no,no,Incorrect,0.824
misleading,21,dev_0078,no,I don't know.,i,idk,IDK,0.8573999999999999
misleading,21,dev_0166,no,I don't know.,i,idk,IDK,0.9117000000000001
misleading,21,dev_0851,no,YES,yes,yes,Incorrect,0.8517
misleading,21,dev_0861,no,"Yes, a junctional rhythm typically has a P wave, but it may be",yes,yes,Incorrect,0.7702
misleading,21,dev_0872,no,I don't know.,i,idk,IDK,0.8244
misleading,21,dev_1554,no,I don't know.,i,idk,IDK,0.8207000000000001
misleading,21,dev_1719,no,I don't know.,i,idk,IDK,0.8211
misleading,21,dev_1991,no,NO,no,no,Correct,0.8238
misleading,21,dev_2115,no,I don't know.,i,idk,IDK,0.8174
misleading,21,dev_0105,yes,YES,yes,yes,Correct,0.849
misleading,21,dev_0125,yes,NO,no,no,Incorrect,0.5639
misleading,21,dev_0191,yes,I don't know.,i,idk,IDK,0.6017
misleading,21,dev_1292,yes,"NO, the Queen of England did not marry her cousin. She married Prince Philip",no,no,Incorrect,0.8704
misleading,21,dev_1338,yes,NO,no,no,Incorrect,0.823
misleading,21,dev_0388,no,I don't know.,i,idk,IDK,0.8515
misleading,21,dev_0703,no,I don't know.,i,idk,IDK,0.8555
misleading,21,dev_0833,no,I don't know.,i,idk,IDK,0.8242
misleading,21,dev_0874,no,I don't know.,i,idk,IDK,0.7676000000000001
misleading,21,dev_1651,no,"Yes, there are still tin mines left in Cornwall, although they are not as",yes,yes,Incorrect,0.8239
misleading,21,dev_0072,yes,I don't know.,i,idk,IDK,0.8241
misleading,21,dev_0258,yes,"NO, you cannot buy alcohol on Sunday in Wisconsin. The state has a Sunday",no,no,Incorrect,0.8244
misleading,21,dev_0286,yes,Yes.,yes,yes,Correct,0.8167000000000001
misleading,21,dev_0348,yes,NO,no,no,Incorrect,0.535
misleading,21,dev_0467,yes,YES,yes,yes,Correct,0.8222999999999999
misleading,21,dev_0515,yes,I don't know. The ability to place a restraining order on a landlord depends,i,idk,IDK,0.8549
misleading,21,dev_0562,yes,I don't know.,i,idk,IDK,0.8218
misleading,21,dev_0636,yes,"NO, you cannot carry a gun on you in California unless you have a concealed",no,no,Incorrect,0.8216
misleading,21,dev_0740,yes,I don't know.,i,idk,IDK,0.8827
misleading,21,dev_0838,yes,"NO, you cannot turn right on a red in Quebec.",no,no,Incorrect,0.7831
misleading,21,dev_0864,yes,"NO, you cannot open carry in the state of Ohio. Open carry is generally",no,no,Incorrect,0.851
misleading,21,dev_0873,yes,"No, you cannot drive a car with a learner's permit. A learner's",no,no,Incorrect,0.825
misleading,21,dev_0901,yes,I don't know. The legality of driving over a median depends on the specific laws,i,idk,IDK,0.825
misleading,21,dev_0909,yes,I don't know.,i,idk,IDK,0.8532000000000001
misleading,21,dev_1134,yes,YES,yes,yes,Correct,0.7987000000000001
misleading,21,dev_0198,no,"Yes, you need a permit to carry a gun in New Hampshire.",yes,yes,Incorrect,0.8473999999999999
misleading,21,dev_0215,no,I don't know.,i,idk,IDK,0.7952
misleading,21,dev_0223,no,I don't know. The legality of recording covers of songs can vary depending on the,i,idk,IDK,0.77
misleading,21,dev_0234,no,I don't know. The legality of sexual activity between an 18-year-old and,i,idk,IDK,0.978
misleading,21,dev_0272,no,NO,no,no,Correct,0.8232
misleading,21,dev_0453,no,I don't know.,i,idk,IDK,0.7995
misleading,21,dev_0499,no,"I don't know. Puerto Rico is a U.S. territory, and while residents",i,idk,IDK,0.7944
misleading,21,dev_0552,no,I don't know. The rules regarding phone usage in prison can vary depending on the,i,idk,IDK,0.8248
misleading,21,dev_0680,no,I don't know,i,idk,IDK,0.791
misleading,21,dev_0738,no,I don't know.,i,idk,IDK,0.5837
misleading,21,dev_0771,no,"NO, payola is illegal in both Canada and the United States.",no,no,Correct,0.796
misleading,21,dev_0888,no,I don't know.,i,idk,IDK,0.5798
misleading,21,dev_1135,no,"I don't know. In the UK, a certified copy is a copy of a",i,idk,IDK,0.8249
misleading,21,dev_1188,no,I don't know. The ability to purchase a firearm after being dishonorably discharged,i,idk,IDK,0.8187000000000001
misleading,21,dev_0339,yes,"I don't know. While a military ID may be accepted for entry into Canada,",i,idk,IDK,0.8552000000000001
misleading,21,dev_0357,yes,I don't know.,i,idk,IDK,0.8535
misleading,21,dev_0498,yes,I don't know.,i,idk,IDK,0.553
misleading,21,dev_0620,yes,"Yes, the United Nations has intervened in conflicts involving Pakistan. For example,",yes,yes,Correct,0.8219
misleading,21,dev_0878,yes,I don't know.,i,idk,IDK,0.8521
misleading,21,dev_1864,yes,NO,no,no,Incorrect,0.9395
misleading,21,dev_2080,yes,"Yes, the Coast Guard is part of the Department of Defense.",yes,yes,Correct,0.8863
misleading,21,dev_2395,yes,"NO, the Governor-General does not have to sign all bills passed by federal Parliament",no,no,Incorrect,0.9122
misleading,21,dev_2639,yes,NO,no,no,Incorrect,0.5322
misleading,21,dev_3155,yes,I don't know.,i,idk,IDK,0.7964
misleading,21,dev_3209,yes,I don't know.,i,idk,IDK,0.9201
misleading,21,dev_0209,no,NO,no,no,Correct,0.5378999999999999
misleading,21,dev_0273,no,I don't know.,i,idk,IDK,0.7894
misleading,21,dev_0404,no,NO,no,no,Correct,0.873
misleading,21,dev_0567,no,NO,no,no,Correct,0.7965
misleading,21,dev_0675,no,NO,no,no,Correct,0.792
misleading,21,dev_1172,no,NO,no,no,Correct,0.5382
misleading,21,dev_1275,no,I don't know. The answer may vary depending on the specific military branch and its,i,idk,IDK,0.821
misleading,21,dev_1971,no,NO,no,no,Correct,0.7997000000000001
misleading,21,dev_2001,no,I don't know.,i,idk,IDK,0.8813
misleading,21,dev_3004,no,I don't know.,i,idk,IDK,0.8161
misleading,21,dev_3256,no,I don't know.,i,idk,IDK,0.819
misleading,21,dev_1132,yes,NO,no,no,Incorrect,0.7962
misleading,21,dev_1233,yes,NO,no,no,Incorrect,0.8518
misleading,21,dev_1511,yes,I don't know.,i,idk,IDK,0.873
misleading,21,dev_1633,yes,NO,no,no,Incorrect,0.8493999999999999
misleading,21,dev_2007,yes,NO,no,no,Incorrect,0.8459
misleading,21,dev_2214,yes,I don't know.,i,idk,IDK,0.7928999999999999
misleading,21,dev_2239,yes,NO,no,no,Incorrect,0.8196
misleading,21,dev_2299,yes,NO,no,no,Incorrect,0.884
misleading,21,dev_2303,yes,YES,yes,yes,Correct,0.9161
misleading,21,dev_2477,yes,"No, 0 is not in the set of natural numbers. In mathematics,",no,no,Incorrect,0.8535
misleading,21,dev_2993,yes,I don't know.,i,idk,IDK,0.8518
misleading,21,dev_3126,yes,"Yes, there is such a thing as an upside-down rainbow, which is also",yes,yes,Correct,0.8851
misleading,21,dev_3188,yes,NO,no,no,Incorrect,0.8572000000000001
misleading,21,dev_3193,yes,"Yes, the Georgia Aquarium has whale sharks.",yes,yes,Correct,0.7319
misleading,21,dev_3234,yes,I don't know.,i,idk,IDK,0.7683
misleading,21,dev_3265,yes,I don't know.,i,idk,IDK,0.5787
misleading,21,dev_0001,no,I don't know.,i,idk,IDK,0.8184
misleading,21,dev_0579,no,I don't know.,i,idk,IDK,0.8171
misleading,21,dev_1003,no,I don't know.,i,idk,IDK,0.7941
misleading,21,dev_1483,no,NO,no,no,Correct,0.8242999999999999
misleading,21,dev_1551,no,NO,no,no,Correct,0.8211
misleading,21,dev_1702,no,I don't know. Pterodactyl is a generic term for a group,i,idk,IDK,0.8581
misleading,21,dev_1925,no,I don't know.,i,idk,IDK,0.8216
misleading,21,dev_2025,no,"No, the load is not the pivot point of a lever. The pivot point",no,no,Correct,0.792
misleading,21,dev_2312,no,NO,no,no,Correct,0.788
misleading,21,dev_2471,no,"Yes, a fixed pulley provides a mechanical advantage by changing the direction of the force",yes,yes,Incorrect,0.7921
misleading,21,dev_2521,no,I don't know.,i,idk,IDK,0.8582000000000001
misleading,21,dev_2782,no,"Yes, the hydronium ion (H3O+) and the hydrogen ion",yes,yes,Incorrect,0.8715
misleading,21,dev_2812,no,YES,yes,yes,Incorrect,0.8186
misleading,21,dev_3014,no,NO,no,no,Correct,0.8148
misleading,21,dev_3034,no,NO,no,no,Correct,0.8245
misleading,21,dev_3159,no,I don't know.,i,idk,IDK,0.8523999999999999
misleading,21,dev_3190,no,NO,no,no,Correct,0.8575
misleading,21,dev_0682,yes,I don't know. While a sermon and a homily are both forms of religious,i,idk,IDK,0.8555
misleading,21,dev_0735,yes,YES,yes,yes,Correct,0.797
misleading,21,dev_1505,yes,"NO, the University of St. Thomas is a private, not-for-profit institution",no,no,Incorrect,0.8483999999999999
misleading,21,dev_1668,yes,"Yes, Church of England (Anglican) worshippers do make the sign of",yes,yes,Correct,0.8727999999999999
misleading,21,dev_2373,yes,I don't know.,i,idk,IDK,0.8539
misleading,21,dev_2793,yes,NO,no,no,Incorrect,0.8232
misleading,21,dev_2929,yes,I don't know.,i,idk,IDK,0.8518
misleading,21,dev_0605,no,"NO, you do not have to be a Mormon to go to BYU.",no,no,Correct,0.8829
misleading,21,dev_0908,no,I don't know.,i,idk,IDK,0.8245
misleading,21,dev_1388,no,NO,no,no,Correct,0.8826
misleading,21,dev_1521,no,I don't know.,i,idk,IDK,0.8522000000000001
misleading,21,dev_2334,no,I don't know,i,idk,IDK,0.8162999999999999
misleading,21,dev_2641,no,I don't know.,i,idk,IDK,0.8826
misleading,21,dev_0347,yes,I don't know.,i,idk,IDK,0.793
misleading,21,dev_0411,yes,"I don't know. As of my last update, I don't have real-time information",i,idk,IDK,0.9181
misleading,21,dev_0439,yes,"Yes, the Milwaukee Brewers have made it to the World Series once, in",yes,yes,Correct,0.8749
misleading,21,dev_0452,yes,"Yes, Belgium reached the World Cup final in 2018.",yes,yes,Correct,0.81
misleading,21,dev_0585,yes,NO,no,no,Incorrect,0.8713
misleading,21,dev_0656,yes,NO,no,no,Incorrect,0.531
misleading,21,dev_0661,yes,"Yes, the KSI vs. Logan Paul fight was a pay-per-view event",yes,yes,Correct,0.8242999999999999
misleading,21,dev_0701,yes,NO,no,no,Incorrect,0.8212
misleading,21,dev_0704,yes,YES,yes,yes,Correct,0.8543
misleading,21,dev_0752,yes,NO,no,no,Incorrect,0.8167000000000001
misleading,21,dev_0848,yes,I don't know.,i,idk,IDK,0.8561
misleading,21,dev_0883,yes,YES,yes,yes,Correct,0.8857999999999999
misleading,21,dev_1143,yes,"Yes, Dan Marino is in the Hall of Fame.",yes,yes,Correct,0.7724
misleading,21,dev_1305,yes,"NO, a school cannot be both Division I and II simultaneously. They are distinct",no,no,Incorrect,0.8246
misleading,21,dev_1497,yes,NO,no,no,Incorrect,0.5301
misleading,21,dev_1777,yes,I don't know.,i,idk,IDK,0.797
misleading,21,dev_2250,yes,NO,no,no,Incorrect,0.538
misleading,21,dev_2370,yes,I don't know,i,idk,IDK,0.8705
misleading,21,dev_0083,no,YES,yes,yes,Incorrect,0.8235
misleading,21,dev_0085,no,"Yes, Deion Sanders won a World Series with the Atlanta Braves in 199",yes,yes,Incorrect,0.8813
misleading,21,dev_0170,no,NO,no,no,Correct,0.8188
misleading,21,dev_0230,no,I don't know.,i,idk,IDK,0.8249
misleading,21,dev_0412,no,I don't know.,i,idk,IDK,0.8481000000000001
misleading,21,dev_0421,no,I don't know.,i,idk,IDK,0.5307000000000001
misleading,21,dev_0447,no,"Yes, Panama has qualified for the FIFA World Cup once, in 2002",yes,yes,Incorrect,0.8546
misleading,21,dev_0544,no,I don't know.,i,idk,IDK,0.7988999999999999
misleading,21,dev_0565,no,I don't know,i,idk,IDK,0.8471000000000001
misleading,21,dev_0589,no,I don't know.,i,idk,IDK,0.816
misleading,21,dev_0593,no,NO,no,no,Correct,0.8475
misleading,21,dev_0859,no,I don't know.,i,idk,IDK,0.8567
misleading,21,dev_0865,no,NO,no,no,Correct,0.7992999999999999
misleading,21,dev_1518,no,NO,no,no,Correct,0.791
misleading,21,dev_1768,no,"Yes, England has won the Women's World Cup once, in 1995.",yes,yes,Incorrect,0.8231
misleading,21,dev_1779,no,NO,no,no,Correct,0.8467
misleading,21,dev_1905,no,NO,no,no,Correct,0.8179
misleading,21,dev_2156,no,"Yes, the New York Yankees won the World Series in 2001.",yes,yes,Incorrect,0.8519
misleading,21,dev_2158,no,NO,no,no,Correct,0.8569
misleading,21,dev_2798,no,I don't know.,i,idk,IDK,0.8246
misleading,21,dev_3138,no,YES,yes,yes,Incorrect,0.8244
misleading,21,dev_0307,yes,I don't know.,i,idk,IDK,0.8586
misleading,21,dev_0506,yes,NO,no,no,Incorrect,0.8187000000000001
misleading,21,dev_0641,yes,I don't know.,i,idk,IDK,0.8837999999999999
misleading,21,dev_0844,yes,I don't know.,i,idk,IDK,0.859
misleading,21,dev_1032,yes,NO,no,no,Incorrect,0.8815
misleading,21,dev_1574,yes,I don't know.,i,idk,IDK,0.5534
misleading,21,dev_1889,yes,I don't know.,i,idk,IDK,0.8154
misleading,21,dev_2093,yes,I don't know. It depends on the country and the specific circumstances. In some,i,idk,IDK,0.8592000000000001
misleading,21,dev_2213,yes,NO,no,no,Incorrect,0.8004
misleading,21,dev_2735,yes,I don't know.,i,idk,IDK,0.5827
misleading,21,dev_2836,yes,I don't know.,i,idk,IDK,0.851
misleading,21,dev_0788,no,I don't know,i,idk,IDK,0.8548
misleading,21,dev_0798,no,NO,no,no,Correct,0.8237000000000001
misleading,21,dev_1249,no,YES,yes,yes,Incorrect,0.7964
misleading,21,dev_1458,no,I don't know.,i,idk,IDK,0.7955
misleading,21,dev_1584,no,"Yes, there is a GMC version of the Avalanche. It is known as the",yes,yes,Incorrect,0.8492000000000001
misleading,21,dev_1589,no,NO,no,no,Correct,0.822
misleading,21,dev_1657,no,NO,no,no,Correct,0.8221
misleading,21,dev_1691,no,"NO, response time refers to the time it takes for a display to update,",no,no,Correct,0.8251000000000001
misleading,21,dev_1943,no,"Yes, it costs money to join PlayStation Network.",yes,yes,Incorrect,0.7978999999999999
misleading,21,dev_2682,no,"YES, E-ZPass and EZ TAG are the same system; they are just",yes,yes,Incorrect,0.8487
misleading,21,dev_2712,no,I don't know.,i,idk,IDK,0.7888
misleading,21,dev_0427,no,NO,no,no,Correct,0.8512000000000001
misleading,21,dev_0531,no,I don't know.,i,idk,IDK,0.5826
misleading,21,dev_1915,no,"No, ""The Hunchback of Notre-Dame"" is a fictional novel written",no,no,Correct,0.8713
misleading,21,dev_1946,no,NO,no,no,Correct,0.883
misleading,21,dev_2024,no,"Yes, the foreword typically comes before the table of contents in the book front",yes,yes,Incorrect,0.8245
misleading,21,dev_2265,no,NO,no,no,Correct,0.7981
misleading,21,dev_0004,yes,NO,no,no,Incorrect,0.8155
misleading,21,dev_0241,yes,I don't know.,i,idk,IDK,0.5537000000000001
misleading,21,dev_0326,yes,NO,no,no,Incorrect,0.8152
misleading,21,dev_0525,yes,YES,yes,yes,Correct,0.8242
misleading,21,dev_0577,yes,NO,no,no,Incorrect,0.8527
misleading,21,dev_0799,yes,I don't know.,i,idk,IDK,0.5867
misleading,21,dev_0142,no,NO,no,no,Correct,0.7898
misleading,21,dev_0494,no,I don't know.,i,idk,IDK,0.8227000000000001
misleading,21,dev_0527,no,"Yes, HeLa cells have a normal number of chromosomes. They are",yes,yes,Incorrect,0.8496
misleading,21,dev_0566,no,"No, not all bacteria of a single species are the exact same shape. B",no,no,Correct,0.8231
misleading,21,dev_0648,no,NO,no,no,Correct,0.8482999999999999
misleading,21,dev_0668,no,NO,no,no,Correct,0.7951
misleading,21,dev_0749,no,"No, sensory neurons are part of the peripheral nervous system, not the central nervous",no,no,Correct,0.8827
misleading,21,dev_0790,no,NO,no,no,Correct,0.7987000000000001
misleading,21,dev_0867,no,I don't know.,i,idk,IDK,0.7446
misleading,21,dev_0921,no,NO,no,no,Correct,0.8149
misleading,21,dev_1088,no,NO,no,no,Correct,0.8182999999999999
misleading,21,dev_1329,no,"NO, there is no bone in the earlobe. The earlobe",no,no,Correct,0.8174
misleading,21,dev_1402,no,"No, tissue is composed of multiple types of cells working together to perform specific functions",no,no,Correct,0.8158
misleading,21,dev_1428,no,"No, sweat glands are not part of the lymphatic system. They are part",no,no,Correct,0.8179
misleading,21,dev_1439,no,NO,no,no,Correct,0.7894
misleading,21,dev_0020,yes,YES,yes,yes,Correct,0.8583999999999999
misleading,21,dev_0027,yes,"NO, penguins have feathers arising from the dermis, not the epidermis",no,no,Incorrect,0.8242
misleading,21,dev_0047,yes,"Yes, there is such a thing as a turkey vulture.",yes,yes,Correct,0.8246
misleading,21,dev_0070,yes,"NO, T. rex and Tyrannosaurus rex are not the same.",no,no,Incorrect,0.8849
misleading,21,dev_0086,yes,NO,no,no,Incorrect,0.8174
misleading,21,dev_0121,yes,YES,yes,yes,Correct,0.8172999999999999
misleading,21,dev_0131,yes,"Yes, the latent heat of vaporization changes with temperature. As temperature increases,",yes,yes,Correct,0.8511
misleading,21,dev_0147,yes,YES,yes,yes,Correct,0.8535
misleading,21,dev_0159,yes,NO,no,no,Incorrect,0.8499
misleading,21,dev_0190,yes,NO,no,no,Incorrect,0.7988
misleading,21,dev_0195,yes,"Yes, alligators are known to drown their prey, such as fish,",yes,yes,Correct,0.8823
misleading,21,dev_0200,yes,YES,yes,yes,Correct,0.8482999999999999
misleading,21,dev_0214,yes,YES,yes,yes,Correct,0.8157000000000001
misleading,21,dev_0242,yes,YES,yes,yes,Correct,0.8202999999999999
misleading,21,dev_0522,yes,"NO, a hornet cannot sting you more than once because they have one st",no,no,Incorrect,0.8737
misleading,21,dev_0033,no,NO,no,no,Correct,0.8813
misleading,21,dev_0123,no,NO,no,no,Correct,0.816
misleading,21,dev_0501,no,NO,no,no,Correct,0.8509
misleading,21,dev_0526,no,NO,no,no,Correct,0.7982
misleading,21,dev_1076,no,I don't know.,i,idk,IDK,0.7978999999999999
misleading,21,dev_1213,no,I don't know.,i,idk,IDK,0.793
misleading,21,dev_1654,no,"Yes, discouraged workers are not counted in the official unemployment rate, but they are",yes,yes,Incorrect,0.7683
misleading,21,dev_1753,no,"Yes, Universal Music Group is part of Universal Studios.",yes,yes,Incorrect,0.7593
misleading,21,dev_1825,no,"No, a bank sort code is not the same for everyone. It is a",no,no,Correct,0.8472999999999999
misleading,21,dev_2911,no,NO,no,no,Correct,0.8192999999999999
misleading,21,dev_2740,no,NO,no,no,Correct,0.792
misleading,21,dev_2517,no,NO,no,no,Correct,0.8492000000000001
misleading,21,dev_1139,yes,"Yes, New Mexico has a state income tax.",yes,yes,Correct,0.8581
misleading,21,dev_0002,yes,"Yes, house tax is a form of property tax.",yes,yes,Correct,0.8583999999999999
misleading,21,dev_0773,yes,I don't know,i,idk,IDK,0.8202999999999999
misleading,21,dev_1186,yes,YES,yes,yes,Correct,0.8186
misleading,21,dev_1302,yes,YES,yes,yes,Correct,0.8172999999999999
misleading,21,dev_1349,yes,YES,yes,yes,Correct,0.8236
misleading,21,dev_1771,yes,NO,no,no,Incorrect,0.789
misleading,21,dev_1804,yes,YES,yes,yes,Correct,0.8573999999999999
misleading,21,dev_1873,yes,I don't know,i,idk,IDK,0.8715
misleading,21,dev_1963,yes,NO,no,no,Incorrect,0.7985
misleading,21,dev_2582,yes,YES,yes,yes,Correct,0.8517
misleading,21,dev_2598,yes,NO,no,no,Incorrect,0.8152999999999999
misleading,21,dev_3158,yes,YES,yes,yes,Correct,0.8517
misleading,21,dev_0551,no,NO,no,no,Correct,0.8167000000000001
misleading,21,dev_1158,no,I don't know.,i,idk,IDK,0.8602000000000001
misleading,21,dev_1364,no,"NO, a jet engine is not an external combustion engine; it is an internal",no,no,Correct,0.8254
misleading,21,dev_1807,no,NO,no,no,Correct,0.7976
misleading,21,dev_2542,no,"No, Father's Day is not the first Sunday in September. It is celebrated on",no,no,Correct,0.8184
misleading,21,dev_2562,no,I don't know.,i,idk,IDK,0.8709
misleading,21,dev_3005,no,NO,no,no,Correct,0.8196
misleading,21,dev_3194,no,NO,no,no,Correct,0.769
misleading,21,dev_3195,no,"NO, a boarding pass is not the same as a ticket. A ticket is",no,no,Correct,0.8162999999999999
misleading,21,dev_0013,yes,I don't know. It depends on the type of shower gel and the individual's hair,i,idk,IDK,0.8483999999999999
misleading,21,dev_0043,yes,YES,yes,yes,Correct,0.8519
misleading,21,dev_0052,yes,YES,yes,yes,Correct,0.8222
misleading,21,dev_0091,yes,NO,no,no,Incorrect,0.8169
misleading,21,dev_0116,yes,YES,yes,yes,Correct,0.8177000000000001
misleading,21,dev_0288,yes,YES,yes,yes,Correct,0.8205
misleading,21,dev_0555,yes,NO,no,no,Incorrect,0.8158
misleading,21,dev_0627,yes,NO,no,no,Incorrect,0.8231
misleading,21,dev_0831,yes,NO,no,no,Incorrect,0.507
misleading,21,dev_0721,no,NO,no,no,Correct,0.8174
misleading,21,dev_0863,no,NO,no,no,Correct,0.8717999999999999
misleading,21,dev_1357,no,"No, The View and The Talk are not the same show. The View is",no,no,Correct,0.8218
misleading,21,dev_1951,no,I don't know.,i,idk,IDK,0.7997000000000001
misleading,21,dev_2131,no,NO,no,no,Correct,0.8192
misleading,21,dev_2174,no,NO,no,no,Correct,0.8247000000000001
misleading,21,dev_2252,no,I don't know.,i,idk,IDK,0.791
misleading,21,dev_2309,no,I don't know.,i,idk,IDK,0.8222999999999999
misleading,21,dev_2364,no,"No, ""The Outsiders"" is a fictional movie based on the novel of",no,no,Correct,0.7962
misleading,21,dev_3075,no,NO,no,no,Correct,0.8245
misleading,21,dev_3205,no,NO,no,no,Correct,0.505
misleading,21,dev_0015,yes,NO,no,no,Incorrect,0.5061
misleading,21,dev_0153,yes,"Yes, there is a movie adaptation of ""The Handmaid's Tale"" based",yes,yes,Correct,0.8177000000000001
misleading,21,dev_0161,yes,"No, The Night of the Hunter is not a film noir. It is a",no,no,Incorrect,0.8491000000000001
misleading,21,dev_0306,yes,I don't know.,i,idk,IDK,0.5801000000000001
misleading,21,dev_0334,yes,NO,no,no,Incorrect,0.8577
misleading,21,dev_0338,yes,YES,yes,yes,Correct,0.8532000000000001
misleading,21,dev_0493,yes,NO,no,no,Incorrect,0.5347999999999999
misleading,21,dev_0520,yes,NO,no,no,Incorrect,0.8852000000000001
misleading,21,dev_0212,no,NO,no,no,Correct,0.796
misleading,21,dev_0309,no,NO,no,no,Correct,0.8217000000000001
misleading,21,dev_0484,no,NO,no,no,Correct,0.8158
misleading,21,dev_0654,no,NO,no,no,Correct,0.8172
misleading,21,dev_0973,no,NO,no,no,Correct,0.77
misleading,21,dev_1335,no,NO,no,no,Correct,0.7693
misleading,21,dev_1443,no,"No, a lungo and an Americano are not the same. A lungo is",no,no,Correct,0.8215
misleading,21,dev_0284,yes,"NO, enameled cast iron does not leach iron into food because the",no,no,Incorrect,0.7987000000000001
misleading,21,dev_0330,yes,I don't know.,i,idk,IDK,0.6093
misleading,21,dev_0443,yes,I don't know.,i,idk,IDK,0.8482000000000001
misleading,21,dev_0975,yes,I don't know.,i,idk,IDK,0.8546
misleading,21,dev_1741,yes,"Yes, garbanzo beans and chickpeas are the same thing. They are",yes,yes,Correct,0.8472999999999999
misleading,21,dev_1770,yes,NO,no,no,Incorrect,0.8712000000000001
misleading,21,dev_1860,no,NO,no,no,Correct,0.82
misleading,21,dev_1967,yes,I don't know.,i,idk,IDK,0.8826
misleading,21,dev_0236,no,"NO, straights do not have to be the same suit in poker.",no,no,Correct,0.8155
misleading,21,dev_0741,no,I don't know.,i,idk,IDK,0.7918999999999999
misleading,21,dev_1440,no,NO,no,no,Correct,0.8242
misleading,21,dev_2062,no,NO,no,no,Correct,0.8195
misleading,21,dev_2109,no,NO,no,no,Correct,0.5327999999999999
misleading,21,dev_2137,no,NO,no,no,Correct,0.8209
misleading,21,dev_0478,yes,YES,yes,yes,Correct,0.8715
misleading,21,dev_0545,yes,"Yes, there is a storyline in Just Cause 3.",yes,yes,Correct,0.81
misleading,21,dev_1125,yes,I don't know.,i,idk,IDK,0.8727
misleading,21,dev_1137,yes,I don't know.,i,idk,IDK,0.7998999999999999
misleading,21,dev_1162,yes,YES,yes,yes,Correct,0.8164
misleading,21,dev_1177,yes,"Yes, Company of Heroes 2 has a campaign mode.",yes,yes,Correct,0.8582000000000001
misleading,21,dev_1444,yes,"Yes, original Xbox games are compatible with Xbox One through backward compatibility features.",yes,yes,Correct,0.8516
misleading,21,dev_0313,no,NO,no,no,Correct,0.8523
misleading,21,dev_0823,no,NO,no,no,Correct,0.7965
misleading,21,dev_0839,no,NO,no,no,Correct,0.8872000000000001
misleading,21,dev_1222,no,NO,no,no,Correct,0.8156
misleading,21,dev_1254,no,NO,no,no,Correct,0.8167000000000001
misleading,21,dev_1269,no,NO,no,no,Correct,0.8222999999999999
misleading,21,dev_1334,no,"No, Patagonia is not a country in its own right. It is a region",no,no,Correct,0.8527
misleading,21,dev_0184,yes,NO,no,no,Incorrect,0.5325
misleading,21,dev_0322,yes,NO,no,no,Incorrect,0.8713
misleading,21,dev_0557,yes,NO,no,no,Incorrect,0.823
misleading,21,dev_0573,yes,NO,no,no,Incorrect,0.5317999999999999
misleading,21,dev_1179,yes,"NO, Phoenix is in the Mountain Time Zone, while Denver is in the Mountain",no,no,Incorrect,0.9439
misleading,21,dev_0619,yes,NO,no,no,Incorrect,0.5327999999999999
misleading,21,dev_0650,yes,YES,yes,yes,Correct,0.8195
misleading,21,dev_0734,yes,I don't know.,i,idk,IDK,0.8581
misleading,21,dev_0061,no,"I don't know. An EMT-Basic may be trained to start an IV,",i,idk,IDK,0.8206
misleading,21,dev_0124,no,I don't know.,i,idk,IDK,0.794
misleading,21,dev_0914,no,NO,no,no,Correct,0.8157000000000001
misleading,21,dev_0955,no,NO,no,no,Correct,0.48160000000000003
misleading,21,dev_1610,no,I don't know.,i,idk,IDK,0.8186
misleading,21,dev_1790,no,NO,no,no,Correct,0.8174
misleading,21,dev_2096,no,NO,no,no,Correct,0.8244
misleading,21,dev_2277,no,I don't know.,i,idk,IDK,0.817
misleading,21,dev_2499,no,NO,no,no,Correct,0.8192
misleading,21,dev_1959,yes,YES,yes,yes,Correct,0.8713
misleading,21,dev_1992,yes,NO,no,no,Incorrect,0.8737
misleading,21,dev_2047,yes,NO,no,no,Incorrect,0.7974
misleading,21,dev_1656,yes,"I don't know. While emotional pain can have physical manifestations, the concept of a",i,idk,IDK,0.8811
misleading,21,dev_1663,yes,I don't know.,i,idk,IDK,0.8194
misleading,21,dev_1752,yes,I don't know. Triamcinolone cream is a corticosteroid used to reduce,i,idk,IDK,0.9406
misleading,21,dev_2049,yes,YES,yes,yes,Correct,0.8541
misleading,21,dev_2050,yes,YES,yes,yes,Correct,0.8481000000000001
misleading,21,dev_1442,yes,YES,yes,yes,Correct,0.8478
misleading,21,dev_0301,no,I don't know.,i,idk,IDK,0.983
misleading,21,dev_0480,no,"No, the United States replaced the Articles of Confederation with the Constitution in",no,no,Correct,0.8857999999999999
misleading,21,dev_1290,no,NO,no,no,Correct,0.8575
misleading,21,dev_1819,no,NO,no,no,Correct,0.8533999999999999
misleading,21,dev_2206,no,NO,no,no,Correct,0.8568
misleading,21,dev_0376,yes,I don't know.,i,idk,IDK,0.873
misleading,21,dev_0346,yes,YES,yes,yes,Correct,0.8853
misleading,21,dev_0363,yes,YES,yes,yes,Correct,0.824
misleading,21,dev_0535,yes,NO,no,no,Incorrect,0.7968
misleading,21,dev_0629,yes,YES,yes,yes,Correct,0.9452
misleading,21,dev_0179,no,NO,no,no,Correct,0.849
misleading,21,dev_0402,no,NO,no,no,Correct,0.7992999999999999
misleading,21,dev_0513,no,I don't know.,i,idk,IDK,0.7973
misleading,21,dev_0606,no,NO,no,no,Correct,0.8739
misleading,21,dev_0630,no,I don't know.,i,idk,IDK,0.5782999999999999
misleading,21,dev_0795,no,I don't know.,i,idk,IDK,0.8517
misleading,21,dev_1457,no,"No, the Civil Rights Act is not part of the U.S. Constitution.",no,no,Correct,0.8572000000000001
misleading,21,dev_1776,no,NO,no,no,Correct,0.8842000000000001
misleading,21,dev_1862,no,I don't know.,i,idk,IDK,0.8209
misleading,21,dev_1911,no,I don't know.,i,idk,IDK,0.5855
misleading,21,dev_2755,no,NO,no,no,Correct,0.5365
misleading,21,dev_2756,no,NO,no,no,Correct,0.873
misleading,21,dev_2921,no,"No, property tax is a tax on the value of real estate property, while",no,no,Correct,0.819
misleading,21,dev_2972,no,I don't know.,i,idk,IDK,0.8245
misleading,21,dev_0009,yes,I don't know.,i,idk,IDK,0.8225
misleading,21,dev_0038,yes,"I don't know. The legality of recording a cover song depends on various factors,",i,idk,IDK,0.7952
misleading,21,dev_0129,yes,I don't know. The legality of private gun sales in Florida can depend on various,i,idk,IDK,0.8503
misleading,21,dev_0202,yes,I don't know.,i,idk,IDK,0.8717999999999999
misleading,21,dev_0308,yes,YES,yes,yes,Correct,0.8208
misleading,21,dev_0584,yes,YES,yes,yes,Correct,0.5582999999999999
misleading,21,dev_0644,yes,YES,yes,yes,Correct,0.8244
misleading,21,dev_0653,yes,YES,yes,yes,Correct,0.8871
misleading,21,dev_0671,yes,YES,yes,yes,Correct,0.8724
misleading,21,dev_0757,yes,"Yes, you can get in trouble for stealing a street sign. It is considered",yes,yes,Correct,0.8522000000000001
misleading,21,dev_1059,yes,"Yes, the Supreme Court can review and potentially invalidate an executive order if it is",yes,yes,Correct,0.8552000000000001
misleading,21,dev_1067,yes,YES,yes,yes,Correct,0.5586
misleading,21,dev_1097,yes,YES,yes,yes,Correct,0.8162999999999999
misleading,21,dev_1131,yes,"Yes, Illinois has a stand your ground law.",yes,yes,Correct,0.817
misleading,21,dev_1324,yes,"NO, a flask does not count as an open container. A flask is a",no,no,Incorrect,0.8242999999999999
misleading,21,dev_0305,no,I don't know.,i,idk,IDK,0.8568
misleading,21,dev_0465,no,NO,no,no,Correct,0.8734
misleading,21,dev_0508,no,"No, an American president can only serve two terms in office, as established by",no,no,Correct,0.8867999999999999
misleading,21,dev_0518,no,YES,yes,yes,Incorrect,0.8229
misleading,21,dev_0572,no,I don't know.,i,idk,IDK,0.7985
misleading,21,dev_0898,no,I don't know.,i,idk,IDK,0.8236
misleading,21,dev_1154,no,"No, the number of justices on the Supreme Court has changed over time.",no,no,Correct,0.847
misleading,21,dev_1221,no,NO,no,no,Correct,0.8553999999999999
misleading,21,dev_1244,no,NO,no,no,Correct,0.8542000000000001
misleading,21,dev_1245,no,"No, Turkey is not a member of the European Economic Area (EEA).",no,no,Correct,0.7942
misleading,21,dev_1273,no,NO,no,no,Correct,0.8727999999999999
misleading,21,dev_0647,yes,YES,yes,yes,Correct,0.8503
misleading,21,dev_0254,yes,YES,yes,yes,Correct,0.8815
misleading,21,dev_0486,yes,YES,yes,yes,Correct,0.8238
misleading,21,dev_0736,yes,"Yes, the World Bank is affiliated with the United Nations. It is part of",yes,yes,Correct,0.8519
misleading,21,dev_0814,yes,NO,no,no,Incorrect,0.8587
misleading,21,dev_1477,yes,YES,yes,yes,Correct,0.8471000000000001
misleading,21,dev_1721,yes,YES,yes,yes,Correct,0.8545
misleading,21,dev_1786,yes,YES,yes,yes,Correct,0.8839
misleading,21,dev_1970,yes,YES,yes,yes,Correct,0.8867999999999999
misleading,21,dev_1985,yes,YES,yes,yes,Correct,0.5585
misleading,21,dev_2448,no,NO,no,no,Correct,0.8803
misleading,21,dev_0066,yes,NO,no,no,Incorrect,0.7681
misleading,21,dev_0088,yes,"Yes, it is possible to create mass from energy, as described by Einstein's",yes,yes,Correct,0.8538
misleading,21,dev_0196,yes,"Yes, T. rex skulls have been found.",yes,yes,Correct,0.8727
misleading,21,dev_0262,yes,YES,yes,yes,Correct,0.7987000000000001
misleading,21,dev_0271,yes,YES,yes,yes,Correct,0.8186
misleading,21,dev_0329,yes,YES,yes,yes,Correct,0.8533999999999999
misleading,21,dev_0331,yes,YES,yes,yes,Correct,0.8581
misleading,21,dev_0387,yes,YES,yes,yes,Correct,0.8745
misleading,21,dev_0418,yes,"Yes, it is possible to have thunder and lightning while snowing, although it",yes,yes,Correct,0.8847
misleading,21,dev_0616,yes,NO,no,no,Incorrect,0.8836
misleading,21,dev_0638,yes,YES,yes,yes,Correct,0.7693
misleading,21,dev_0657,yes,NO,no,no,Incorrect,0.7941
misleading,21,dev_0692,yes,NO,no,no,Incorrect,0.8217000000000001
misleading,21,dev_0744,yes,I don't know.,i,idk,IDK,0.7926
misleading,21,dev_0797,yes,YES,yes,yes,Correct,0.8478
misleading,21,dev_0842,yes,YES,yes,yes,Correct,0.8241
misleading,21,dev_1379,yes,"Yes, talc is the same as talcum powder. Talcum powder is",yes,yes,Correct,0.823
misleading,21,dev_0126,no,NO,no,no,Correct,0.8473999999999999
misleading,21,dev_0342,no,I don't know.,i,idk,IDK,0.8158
misleading,21,dev_0437,no,I don't know. The occurrence of a full moon on the summer solstice depends,i,idk,IDK,0.8836
misleading,21,dev_0553,no,I don't know.,i,idk,IDK,0.8001
misleading,21,dev_0652,no,NO,no,no,Correct,0.8194
misleading,21,dev_0708,no,I don't know.,i,idk,IDK,0.8182999999999999
misleading,21,dev_1083,no,NO,no,no,Correct,0.5357000000000001
misleading,21,dev_1142,no,NO. Quantum entanglement does not allow for faster-than-light communication or transfer,no,no,Correct,0.8541
misleading,21,dev_1354,no,I don't know.,i,idk,IDK,0.8206
misleading,21,dev_1460,no,I don't know.,i,idk,IDK,0.7964
misleading,21,dev_1468,no,I don't know.,i,idk,IDK,0.7907000000000001
misleading,21,dev_1559,no,I don't know. Log x can refer to either the common logarithm (base,i,idk,IDK,0.7987000000000001
misleading,21,dev_1595,no,I don't know.,i,idk,IDK,0.8158
misleading,21,dev_1643,no,NO,no,no,Correct,0.798
misleading,21,dev_1692,no,NO,no,no,Correct,0.7968999999999999
misleading,21,dev_1726,no,"No, the vagus nerve is part of the peripheral nervous system (PNS",no,no,Correct,0.8845
misleading,21,dev_0008,yes,I don't know.,i,idk,IDK,0.8523
misleading,21,dev_0323,yes,YES,yes,yes,Correct,0.8489
misleading,21,dev_0794,yes,YES,yes,yes,Correct,0.8816
misleading,21,dev_0866,yes,I don't know.,i,idk,IDK,0.8523
misleading,21,dev_0910,yes,YES,yes,yes,Correct,0.7893
misleading,21,dev_0992,yes,"NO, you cannot get held back in elementary school. Elementary school typically consists of",no,no,Incorrect,0.8733
misleading,21,dev_1446,yes,"Yes, the Church of England and the Anglican Church are the same. The Church",yes,yes,Correct,0.8231
misleading,21,dev_0294,no,NO,no,no,Correct,0.8482000000000001
misleading,21,dev_0521,no,I don't know.,i,idk,IDK,0.7986
misleading,21,dev_0943,no,NO,no,no,Correct,0.8159
misleading,21,dev_1887,no,I don't know.,i,idk,IDK,0.8198
misleading,21,dev_2892,no,NO,no,no,Correct,0.7985
misleading,21,dev_2691,no,NO,no,no,Correct,0.8182999999999999
misleading,21,dev_0065,yes,"Yes, several players from the 1980 US hockey team, known as the",yes,yes,Correct,0.8706
misleading,21,dev_0245,yes,NO,no,no,Incorrect,0.7971
misleading,21,dev_0315,yes,I don't know.,i,idk,IDK,0.8482000000000001
misleading,21,dev_0361,yes,NO,no,no,Incorrect,0.8168
misleading,21,dev_0550,yes,YES,yes,yes,Correct,0.8711
misleading,21,dev_0595,yes,NO,no,no,Incorrect,0.7942
misleading,21,dev_0966,yes,YES,yes,yes,Correct,0.8239
misleading,21,dev_1078,yes,NO,no,no,Incorrect,0.85
misleading,21,dev_1224,yes,NO,no,no,Incorrect,0.7926
misleading,21,dev_1251,yes,YES,yes,yes,Correct,0.9168999999999999
misleading,21,dev_1260,yes,I don't know.,i,idk,IDK,0.8221
misleading,21,dev_1278,yes,"Yes, Cal Ripken Jr. is in the Baseball Hall of Fame.",yes,yes,Correct,0.8807999999999999
misleading,21,dev_1462,yes,YES,yes,yes,Correct,0.8697999999999999
misleading,21,dev_1494,yes,"NO, you cannot be offside on a corner kick in soccer.",no,no,Incorrect,0.7968
misleading,21,dev_1543,yes,YES,yes,yes,Correct,0.8563
misleading,21,dev_2012,yes,NO,no,no,Incorrect,0.9174
misleading,21,dev_2118,yes,NO,no,no,Incorrect,0.8573999999999999
misleading,21,dev_2272,yes,NO,no,no,Incorrect,0.8478
misleading,21,dev_2338,yes,"Yes, a player can play in both the Europa League and the Champions League,",yes,yes,Correct,0.8521
misleading,21,dev_2498,yes,NO,no,no,Incorrect,0.8215
misleading,21,dev_2509,yes,YES,yes,yes,Correct,0.8208
misleading,21,dev_2917,yes,YES,yes,yes,Correct,0.8192
misleading,21,dev_2966,yes,"No, you cannot go to the NBA out of high school. You must be",no,no,Incorrect,0.7991
misleading,21,dev_2974,yes,"Yes, it is possible to run for 24 hours, although it is extremely",yes,yes,Correct,0.8533999999999999
misleading,21,dev_3007,yes,"Yes, the Tour de France is different every year due to variations in route,",yes,yes,Correct,0.8254
misleading,21,dev_3199,yes,"Yes, a club professional has won the PGA Championship. For example, Tom Watson",yes,yes,Correct,0.8493999999999999
misleading,21,dev_0222,no,NO,no,no,Correct,0.7934
misleading,21,dev_0398,no,"No, you cannot score from a throw-in in soccer. A throw-in is",no,no,Correct,0.8567
misleading,21,dev_0426,no,NO,no,no,Correct,0.8573999999999999
misleading,21,dev_0464,no,"NO, the golden goal did not apply in the 2018 World Cup.",no,no,Correct,0.8816
misleading,21,dev_0563,no,NO,no,no,Correct,0.8479
misleading,21,dev_0658,no,"No, a walk in baseball is not a dead ball. A walk occurs when",no,no,Correct,0.8242
misleading,21,dev_1366,no,I don't know.,i,idk,IDK,0.8485
misleading,21,dev_1471,no,NO,no,no,Correct,0.818
misleading,21,dev_1558,no,"Yes, the FIFA World Cup is held every four years, with the exception of",yes,yes,Incorrect,0.8194
misleading,21,dev_1580,no,NO,no,no,Correct,0.8488
misleading,21,dev_2401,no,NO,no,no,Correct,0.8229
misleading,21,dev_2436,no,NO,no,no,Correct,0.8167000000000001
misleading,21,dev_3224,no,NO,no,no,Correct,0.8185
misleading,21,dev_0022,yes,YES,yes,yes,Correct,0.8241
misleading,21,dev_0132,yes,YES,yes,yes,Correct,0.8166
misleading,21,dev_0268,yes,YES,yes,yes,Correct,0.82
misleading,21,dev_0646,yes,"Yes, multithreading can be useful even on a single processor as it allows",yes,yes,Correct,0.8533999999999999
misleading,21,dev_0697,yes,I don't know.,i,idk,IDK,0.7986
misleading,21,dev_0935,yes,"Yes, we can have multiple foreign keys in a table.",yes,yes,Correct,0.8182999999999999
misleading,21,dev_1159,yes,I don't know.,i,idk,IDK,0.8211
misleading,21,dev_1376,yes,YES,yes,yes,Correct,0.7635
misleading,21,dev_1646,yes,NO,no,no,Incorrect,0.8209
misleading,21,dev_1869,yes,NO,no,no,Incorrect,0.818
misleading,21,dev_2397,yes,YES,yes,yes,Correct,0.8523
misleading,21,dev_0512,no,NO,no,no,Correct,0.8179
misleading,21,dev_1524,no,"No, the transmission and the engine are not the same thing. The engine is",no,no,Correct,0.7908999999999999
misleading,21,dev_1675,no,I don't know.,i,idk,IDK,0.793
misleading,21,dev_1723,no,I don't know. It depends on the specifications of the 3-way lamp and,i,idk,IDK,0.8182
misleading,21,dev_2027,no,NO,no,no,Correct,0.8224
misleading,21,dev_2104,no,I don't know.,i,idk,IDK,0.8195
misleading,21,dev_2262,no,NO,no,no,Correct,0.8182
misleading,21,dev_2431,no,NO,no,no,Correct,0.8246
misleading,21,dev_2524,no,NO,no,no,Correct,0.8228
misleading,21,dev_3057,no,NO,no,no,Correct,0.7917000000000001
misleading,21,dev_3167,no,NO,no,no,Correct,0.8239
