scaffold,L,boolq_id,gold,reply,first_token,pred_label,acc_type,timing_s
semantic,6,dev_0023,yes,"NO, a cape and a cloak are not the same. A cape is typically",no,no,Incorrect,0.42510000000000003
semantic,6,dev_0039,no,YES,yes,yes,Incorrect,0.14930000000000002
semantic,6,dev_0055,no,YES,yes,yes,Incorrect,0.1659
semantic,6,dev_0059,no,YES,yes,yes,Incorrect,0.44210000000000005
semantic,6,dev_0068,no,NO,no,no,Correct,0.4317
semantic,6,dev_0087,yes,NO,no,no,Incorrect,0.4422
semantic,6,dev_0107,no,YES,yes,yes,Incorrect,0.1509
semantic,6,dev_0120,yes,NO,no,no,Incorrect,0.4253
semantic,6,dev_0138,no,"NO, the drinking age is the same in every state due to the National Minimum",no,no,Correct,0.44289999999999996
semantic,6,dev_0151,no,NO,no,no,Correct,0.44010000000000005
semantic,6,dev_0163,yes,NO,no,no,Incorrect,0.15159999999999998
semantic,6,dev_0165,no,YES,yes,yes,Incorrect,0.42360000000000003
semantic,6,dev_0207,no,"NO, France is not in the same time zone as the UK. France primarily",no,no,Correct,0.4408
semantic,6,dev_0210,no,"NO, The Three Little Pigs is not a nursery rhyme. It is a",no,no,Correct,0.442
semantic,6,dev_0221,no,YES,yes,yes,Incorrect,0.1504
semantic,6,dev_0229,yes,YES,yes,yes,Correct,0.4412
semantic,6,dev_0237,no,I don't know.,i,idk,IDK,0.443
semantic,6,dev_0243,no,YES,yes,yes,Incorrect,0.42760000000000004
semantic,6,dev_0248,yes,NO,no,no,Incorrect,0.44260000000000005
semantic,6,dev_0249,yes,YES,yes,yes,Correct,0.4423
semantic,6,dev_0251,yes,YES,yes,yes,Correct,0.42260000000000003
semantic,6,dev_0257,yes,YES,yes,yes,Correct,0.42660000000000003
semantic,6,dev_0270,no,YES,yes,yes,Incorrect,0.4446
semantic,6,dev_0287,yes,"NO, only the receiving team can call a fair catch on a kickoff.",no,no,Incorrect,0.44489999999999996
semantic,6,dev_0295,no,"YES, there is a difference between doves and pigeons. Doves are",yes,yes,Incorrect,0.4259
semantic,6,dev_0298,yes,NO,no,no,Incorrect,0.4244
semantic,6,dev_0312,no,I don't know.,i,idk,IDK,0.19119999999999998
semantic,6,dev_0316,yes,"NO, the internal intercostal muscles contract during expiration, not inspiration. During",no,no,Incorrect,0.449
semantic,6,dev_0318,yes,YES,yes,yes,Correct,0.153
semantic,6,dev_0321,yes,YES,yes,yes,Correct,0.44380000000000003
semantic,6,dev_0333,yes,"NO, .22 Magnum and .22 WMR are not the same. .",no,no,Incorrect,0.448
semantic,6,dev_0336,no,"YES, Muay Thai and Thai boxing are different. Muay Thai is a",yes,yes,Incorrect,0.4299
semantic,6,dev_0343,yes,NO,no,no,Incorrect,0.44360000000000005
semantic,6,dev_0352,no,"NO, you cannot score off a throw-in in soccer. The throw-in is",no,no,Correct,0.444
semantic,6,dev_0355,no,NO,no,no,Correct,0.42669999999999997
semantic,6,dev_0364,no,"NO, a wicket keeper is not a mandatory position in cricket. However, it",no,no,Correct,0.45330000000000004
semantic,6,dev_0366,no,"YES, the pelvic brim (also known as the pelvic inlet) separates the abdominal",yes,yes,Incorrect,0.44360000000000005
semantic,6,dev_0406,no,YES,yes,yes,Incorrect,0.42269999999999996
semantic,6,dev_0428,no,"NO, peroxide and hydrogen peroxide are not the same thing. Peroxide refers to",no,no,Correct,0.4264
semantic,6,dev_0429,yes,"YES, flax oil and linseed oil are the same. They are different names",yes,yes,Correct,0.4253
semantic,6,dev_0430,yes,NO,no,no,Incorrect,0.445
semantic,6,dev_0436,no,YES,yes,yes,Incorrect,0.4634
semantic,6,dev_0441,no,I don't know.,i,idk,IDK,0.21059999999999998
semantic,6,dev_0442,yes,YES,yes,yes,Correct,0.15
semantic,6,dev_0479,no,YES,yes,yes,Incorrect,0.45030000000000003
semantic,6,dev_0481,no,"NO, there is no 6th borough in New York City. The five",no,no,Correct,0.4275
semantic,6,dev_0482,no,NO,no,no,Correct,0.42660000000000003
semantic,6,dev_0487,no,I don't know.,i,idk,IDK,0.1951
semantic,6,dev_0504,yes,NO,no,no,Incorrect,0.44310000000000005
semantic,6,dev_0509,no,"YES, the AR-15 is used in the military.",yes,yes,Incorrect,0.44189999999999996
semantic,6,dev_0532,no,YES,yes,yes,Incorrect,0.44539999999999996
semantic,6,dev_0534,no,I don't know.,i,idk,IDK,0.21180000000000002
semantic,6,dev_0536,yes,NO,no,no,Incorrect,0.44310000000000005
semantic,6,dev_0537,no,YES,yes,yes,Incorrect,0.449
semantic,6,dev_0546,yes,NO,no,no,Incorrect,0.44289999999999996
semantic,6,dev_0560,no,I don't know.,i,idk,IDK,0.4405
semantic,6,dev_0568,no,NO,no,no,Correct,0.42319999999999997
semantic,6,dev_0569,no,"NO, the NBA salary cap is a soft cap system.",no,no,Correct,0.36219999999999997
semantic,6,dev_0588,yes,NO,no,no,Incorrect,0.4456
semantic,6,dev_0594,no,YES,yes,yes,Incorrect,0.44239999999999996
semantic,6,dev_0596,no,"NO, C# is the programming language, while Visual C# is an integrated",no,no,Correct,0.4425
semantic,6,dev_0598,yes,"NO, the Vice President is not the head of the Senate. The Senate is",no,no,Incorrect,0.4258
semantic,6,dev_0612,yes,NO,no,no,Incorrect,0.4417
semantic,6,dev_0617,yes,YES,yes,yes,Correct,0.44239999999999996
semantic,6,dev_0662,yes,NO,no,no,Incorrect,0.441
semantic,6,dev_0678,no,NO,no,no,Correct,0.4233
semantic,6,dev_0696,no,"YES, there is a seat belt law in New Hampshire. Drivers and front-seat",yes,yes,Incorrect,0.44730000000000003
semantic,6,dev_0711,yes,NO,no,no,Incorrect,0.4254
semantic,6,dev_0718,yes,"NO, Chicago is the second largest city in the United States, after New York",no,no,Incorrect,0.44089999999999996
semantic,6,dev_0724,no,YES,yes,yes,Incorrect,0.4435
semantic,6,dev_0731,no,I don't know.,i,idk,IDK,0.1948
semantic,6,dev_0737,no,YES,yes,yes,Incorrect,0.42569999999999997
semantic,6,dev_0754,yes,NO,no,no,Incorrect,0.4432
semantic,6,dev_0759,no,"YES, North and South Korea speak the same language, which is Korean. However",yes,yes,Incorrect,0.4213
semantic,6,dev_0764,yes,NO,no,no,Incorrect,0.1515
semantic,6,dev_0782,yes,"NO, AC Milan and Inter Milan do not share a stadium. AC Milan plays",no,no,Incorrect,0.4249
semantic,6,dev_0817,no,YES,yes,yes,Incorrect,0.44989999999999997
semantic,6,dev_0829,no,NO,no,no,Correct,0.1692
semantic,6,dev_0832,no,YES,yes,yes,Incorrect,0.4383
semantic,6,dev_0837,yes,"NO, universal healthcare and socialized medicine are not the same thing. Universal healthcare",no,no,Incorrect,0.4512
semantic,6,dev_0853,no,NO,no,no,Correct,0.4437
semantic,6,dev_0854,no,"NO, elephants are not at the top of the food chain. They are herb",no,no,Correct,0.4258
semantic,6,dev_0862,no,"YES, in chess, players must announce 'check' when their opponent's king",yes,yes,Incorrect,0.4447
semantic,6,dev_0871,yes,NO,no,no,Incorrect,0.4255
semantic,6,dev_0916,yes,NO,no,no,Incorrect,0.445
semantic,6,dev_0922,yes,NO,no,no,Incorrect,0.45230000000000004
semantic,6,dev_0933,no,YES,yes,yes,Incorrect,0.169
semantic,6,dev_0934,yes,NO,no,no,Incorrect,0.15259999999999999
semantic,6,dev_0940,yes,NO,no,no,Incorrect,0.1505
semantic,6,dev_0944,no,"NO, Greece and Rome were not around at the same time. Ancient Greece flour",no,no,Correct,0.4486
semantic,6,dev_0952,yes,NO,no,no,Incorrect,0.44239999999999996
semantic,6,dev_0958,yes,"YES, the eyes are part of the nervous system as they contain specialized cells called",yes,yes,Correct,0.42710000000000004
semantic,6,dev_0981,no,"NO, pyruvic acid and pyruvate are not the same thing.",no,no,Correct,0.44239999999999996
semantic,6,dev_0991,yes,YES,yes,yes,Correct,0.44430000000000003
semantic,6,dev_0994,yes,NO,no,no,Incorrect,0.4451
semantic,6,dev_0996,no,"NO, Radiator Springs is a fictional town from the Pixar Cars (2006",no,no,Correct,0.42710000000000004
semantic,6,dev_1006,no,I don't know,i,idk,IDK,0.4213
semantic,6,dev_1011,no,YES,yes,yes,Incorrect,0.427
semantic,6,dev_1022,yes,"YES, enterprise value is often used interchangeably with firm value, as both represent",yes,yes,Correct,0.4487
semantic,6,dev_1049,no,"YES, a red panda is related to a panda. Both belong to the family",yes,yes,Incorrect,0.4269
semantic,6,dev_1062,yes,"NO, a wheel and axle is a different type of simple machine that operates on",no,no,Incorrect,0.4433
semantic,6,dev_1075,yes,NO,no,no,Incorrect,0.431
semantic,6,dev_1102,no,I don't know.,i,idk,IDK,0.427
semantic,6,dev_1110,yes,NO,no,no,Incorrect,0.4224
semantic,6,dev_1112,no,"NO, nuclear power is the use of nuclear reactions to generate electricity, while nuclear",no,no,Correct,0.44410000000000005
semantic,6,dev_1113,yes,"NO, a ball python is not the same as a royal python. They are",no,no,Incorrect,0.42360000000000003
semantic,6,dev_1121,no,NO,no,no,Correct,0.44339999999999996
semantic,6,dev_1133,no,I don't know.,i,idk,IDK,0.449
semantic,6,dev_1138,yes,NO,no,no,Incorrect,0.42619999999999997
semantic,6,dev_1146,yes,YES,yes,yes,Correct,0.42569999999999997
semantic,6,dev_1155,yes,YES,yes,yes,Correct,0.4442
semantic,6,dev_1175,no,"YES, Michigan was a state during the Civil War.",yes,yes,Incorrect,0.37289999999999995
semantic,6,dev_1178,no,YES,yes,yes,Incorrect,0.4433
semantic,6,dev_1183,yes,NO,no,no,Incorrect,0.4248
semantic,6,dev_1196,no,"NO, India does not allow dual citizenship. However, it does offer OCI status",no,no,Correct,0.4233
semantic,6,dev_1204,yes,NO,no,no,Incorrect,0.1696
semantic,6,dev_1205,no,"YES, you can take out the king in chess by putting it in a position",yes,yes,Incorrect,0.44289999999999996
semantic,6,dev_1209,yes,"NO, it is not possible to turn lead into gold through nuclear transmutation,",no,no,Incorrect,0.4275
semantic,6,dev_1227,no,"NO, 1 is not considered a prime factor of any number because prime factors",no,no,Correct,0.4274
semantic,6,dev_1229,no,NO,no,no,Correct,0.42360000000000003
semantic,6,dev_1230,yes,YES,yes,yes,Correct,0.42669999999999997
semantic,6,dev_1235,no,YES,yes,yes,Incorrect,0.44160000000000005
semantic,6,dev_1239,yes,NO,no,no,Incorrect,0.42560000000000003
semantic,6,dev_1241,no,"NO, there are no main-group elements in period 6. The main-group",no,no,Correct,0.42719999999999997
semantic,6,dev_1250,yes,YES,yes,yes,Correct,0.1685
semantic,6,dev_1256,yes,YES,yes,yes,Correct,0.1515
semantic,6,dev_1261,no,"YES, Louisiana has a state income tax.",yes,yes,Incorrect,0.3196
semantic,6,dev_1267,no,"NO, Better Call Saul is set before Breaking Bad.",no,no,Correct,0.3583
semantic,6,dev_1271,no,YES,yes,yes,Incorrect,0.4457
semantic,6,dev_1283,yes,NO,no,no,Incorrect,0.42360000000000003
semantic,6,dev_1285,no,"YES, Shirley Muldowney is the only woman to have won the Indianapolis",yes,yes,Incorrect,0.4527
semantic,6,dev_1286,no,"YES, there is a difference between lightning bugs and fireflies. Lightning bugs belong",yes,yes,Incorrect,0.4466
semantic,6,dev_1294,yes,"NO, a terminating decimal cannot be written as a recurring decimal. A terminating decimal",no,no,Incorrect,0.4268
semantic,6,dev_1296,yes,NO,no,no,Incorrect,0.4612
semantic,6,dev_1303,no,"NO, you do not have to touch the ball to be offside in soccer",no,no,Correct,0.4445
semantic,6,dev_1307,yes,NO,no,no,Incorrect,0.44360000000000005
semantic,6,dev_1311,yes,"NO, the crankshaft pulley and harmonic balancer are not the same thing.",no,no,Incorrect,0.4437
semantic,6,dev_1316,yes,"NO, the Gateway Arch in St. Louis is not a national park. It",no,no,Incorrect,0.4278
semantic,6,dev_1317,no,"NO, planets are not involved in the formation of an actual planetary nebula.",no,no,Correct,0.4491
semantic,6,dev_1333,yes,NO,no,no,Incorrect,0.4245
semantic,6,dev_1336,yes,"NO, the central nervous system (CNS) consists of the brain and spinal",no,no,Incorrect,0.4447
semantic,6,dev_1345,no,YES,yes,yes,Incorrect,0.42260000000000003
semantic,6,dev_1359,no,"NO, you cannot give yourself an assist in basketball because an assist is credited to",no,no,Correct,0.44260000000000005
semantic,6,dev_1370,yes,YES,yes,yes,Correct,0.427
semantic,6,dev_1371,no,YES,yes,yes,Incorrect,0.1676
semantic,6,dev_1372,yes,"NO, a kilowatt-hour is a unit of energy, not power. Power",no,no,Incorrect,0.442
semantic,6,dev_1382,no,"NO, a catcher cannot block home plate without the ball in baseball. The catcher",no,no,Correct,0.44239999999999996
semantic,6,dev_1406,no,YES,yes,yes,Incorrect,0.45039999999999997
semantic,6,dev_1408,yes,"NO, you cannot run on a caught foul ball in baseball. If a bas",no,no,Incorrect,0.4433
semantic,6,dev_1413,yes,NO,no,no,Incorrect,0.4446
semantic,6,dev_1419,yes,NO,no,no,Incorrect,0.151
semantic,6,dev_1420,yes,I don't know.,i,idk,IDK,0.19469999999999998
semantic,6,dev_1423,no,NO,no,no,Correct,0.1534
semantic,6,dev_1424,no,NO,no,no,Correct,0.4418
semantic,6,dev_1436,no,"NO, equity in your home is not a liquid asset because it cannot be easily",no,no,Correct,0.4258
semantic,6,dev_1438,yes,NO,no,no,Incorrect,0.44780000000000003
semantic,6,dev_1452,no,I don't know.,i,idk,IDK,0.2097
semantic,6,dev_1455,yes,"NO, the abdomen refers to the entire region of the body between the chest and",no,no,Incorrect,0.42610000000000003
semantic,6,dev_1464,no,"NO, a sweet potato is not part of the potato family. Sweet potatoes belong",no,no,Correct,0.4669
semantic,6,dev_1467,yes,I don't know. The answer may vary depending on the specific university or institution's,i,idk,IDK,0.4433
semantic,6,dev_1473,yes,"NO, a sailboat cannot travel faster than the wind. It can only move",no,no,Incorrect,0.4273
semantic,6,dev_1489,yes,YES,yes,yes,Correct,0.4425
semantic,6,dev_1498,yes,YES,yes,yes,Correct,0.44530000000000003
semantic,6,dev_1508,no,YES,yes,yes,Incorrect,0.4467
semantic,6,dev_1515,no,"YES, there is a law that requires individuals and businesses to pay federal income taxes",yes,yes,Incorrect,0.4505
semantic,6,dev_1517,yes,"NO, hydraulic fluid is not suitable as brake fluid because it has different properties and",no,no,Incorrect,0.44439999999999996
semantic,6,dev_1528,yes,NO,no,no,Incorrect,0.4418
semantic,6,dev_1533,no,YES,yes,yes,Incorrect,0.17
semantic,6,dev_1534,no,NO,no,no,Correct,0.428
semantic,6,dev_1546,yes,"NO, a passport card cannot be used for REAL ID purposes. The REAL ID",no,no,Incorrect,0.44880000000000003
semantic,6,dev_1552,yes,"NO, the poly(A) tail is added after the stop codon during the",no,no,Incorrect,0.44139999999999996
semantic,6,dev_1557,no,"YES, New York State has the death penalty.",yes,yes,Incorrect,0.32180000000000003
semantic,6,dev_1563,no,YES,yes,yes,Incorrect,0.42869999999999997
semantic,6,dev_1627,no,"NO, the esophagus is not in front of the heart; it is located",no,no,Correct,0.4433
semantic,6,dev_1632,yes,"NO, the World Health Organization (WHO) is not a government organization. It",no,no,Incorrect,0.4433
semantic,6,dev_1650,yes,"YES, it is illegal to take a stop sign.",yes,yes,Correct,0.3529
semantic,6,dev_1655,no,"YES, there is a difference between soy and soya sauce. Soy sauce is",yes,yes,Incorrect,0.4437
semantic,6,dev_1658,yes,"NO, the Nazca Lines cannot be seen from the ground as they are only",no,no,Incorrect,0.4467
semantic,6,dev_1659,yes,YES,yes,yes,Correct,0.4408
semantic,6,dev_1673,yes,YES,yes,yes,Correct,0.4423
semantic,6,dev_1680,no,YES,yes,yes,Incorrect,0.44380000000000003
semantic,6,dev_1687,no,YES,yes,yes,Incorrect,0.44489999999999996
semantic,6,dev_1698,no,NO,no,no,Correct,0.45089999999999997
semantic,6,dev_1707,yes,YES,yes,yes,Correct,0.4466
semantic,6,dev_1727,yes,"NO, a digital audio cable and an optical audio cable are not the same.",no,no,Incorrect,0.4357
semantic,6,dev_1736,no,NO,no,no,Correct,0.1519
semantic,6,dev_1737,yes,"NO, you cannot take a jump shot on a free throw. Free throws are",no,no,Incorrect,0.4695
semantic,6,dev_1740,yes,"NO, the medullary cavity is filled with marrow, not spongy",no,no,Incorrect,0.445
semantic,6,dev_1743,no,I don't know.,i,idk,IDK,0.19469999999999998
semantic,6,dev_1749,yes,NO,no,no,Incorrect,0.4456
semantic,6,dev_1750,no,"NO, fighting words are not protected under freedom of speech.",no,no,Correct,0.45089999999999997
semantic,6,dev_1757,yes,"NO, the profit and loss statement and income statement are not the same thing.",no,no,Incorrect,0.4283
semantic,6,dev_1763,yes,YES,yes,yes,Correct,0.44260000000000005
semantic,6,dev_1775,no,"NO, the NBA playoffs are not played in a 2-3-2",no,no,Correct,0.4678
semantic,6,dev_1789,no,"NO, the spleen is part of the lymphatic system, not the circul",no,no,Correct,0.4422
semantic,6,dev_1806,no,"NO, the U.S. stopped issuing $1,000 bills in 198",no,no,Correct,0.44389999999999996
semantic,6,dev_1814,no,YES,yes,yes,Incorrect,0.44289999999999996
semantic,6,dev_1823,yes,NO,no,no,Incorrect,0.44680000000000003
semantic,6,dev_1832,no,YES,yes,yes,Incorrect,0.44389999999999996
semantic,6,dev_1849,yes,YES,yes,yes,Correct,0.4442
semantic,6,dev_1851,no,YES,yes,yes,Incorrect,0.44589999999999996
semantic,6,dev_1857,no,YES,yes,yes,Incorrect,0.4427
semantic,6,dev_1895,yes,"NO, the empty set is not an element of itself. It is a set",no,no,Incorrect,0.4214
semantic,6,dev_1906,no,"NO, college football players do not have to enter the NFL Draft to play professionally",no,no,Correct,0.44580000000000003
semantic,6,dev_1916,yes,"NO, Pokémon: Let's Go, Pikachu! and Let's Go, Eevee",no,no,Incorrect,0.44680000000000003
semantic,6,dev_1919,yes,"YES, one element can be transmuted into another through nuclear reactions such as",yes,yes,Correct,0.445
semantic,6,dev_1924,yes,"NO, a car's serial number is not the same as its VIN. The",no,no,Incorrect,0.44589999999999996
semantic,6,dev_1938,no,"NO, the empty set is not an element of the set that contains the empty",no,no,Correct,0.42269999999999996
semantic,6,dev_1948,yes,NO,no,no,Incorrect,0.4586
semantic,6,dev_1950,no,NO,no,no,Correct,0.1495
semantic,6,dev_1960,no,NO,no,no,Correct,0.44730000000000003
semantic,6,dev_1977,no,NO,no,no,Correct,0.44780000000000003
semantic,6,dev_1995,yes,NO,no,no,Incorrect,0.435
semantic,6,dev_1997,yes,NO,no,no,Incorrect,0.4481
semantic,6,dev_2009,no,I don't know.,i,idk,IDK,0.4432
semantic,6,dev_2032,yes,YES,yes,yes,Correct,0.44210000000000005
semantic,6,dev_2045,yes,I don't know,i,idk,IDK,0.445
semantic,6,dev_2053,no,NO,no,no,Correct,0.4437
semantic,6,dev_2061,no,YES,yes,yes,Incorrect,0.4447
semantic,6,dev_2065,yes,NO,no,no,Incorrect,0.426
semantic,6,dev_2068,yes,NO,no,no,Incorrect,0.42719999999999997
semantic,6,dev_2078,no,"YES, black cumin seed and black seed refer to the same spice derived from the",yes,yes,Incorrect,0.4475
semantic,6,dev_2079,yes,YES,yes,yes,Correct,0.4457
semantic,6,dev_2088,no,"NO, there is no official language of the U.S. at the federal level",no,no,Correct,0.44839999999999997
semantic,6,dev_2091,no,YES,yes,yes,Incorrect,0.4455
semantic,6,dev_2094,no,YES,yes,yes,Incorrect,0.44439999999999996
semantic,6,dev_2095,yes,YES,yes,yes,Correct,0.4269
semantic,6,dev_2139,no,"NO, you cannot travel internationally with a U.S. passport card. It is",no,no,Correct,0.4457
semantic,6,dev_2166,yes,YES,yes,yes,Correct,0.42660000000000003
semantic,6,dev_2184,no,YES,yes,yes,Incorrect,0.4445
semantic,6,dev_2187,yes,"NO, players cannot jump while taking a free throw. They must release the ball",no,no,Incorrect,0.444
semantic,6,dev_2192,no,YES,yes,yes,Incorrect,0.4265
semantic,6,dev_2196,no,"NO, red-eared slider turtles do not lay eggs in water; they typically",no,no,Correct,0.4265
semantic,6,dev_2199,yes,NO,no,no,Incorrect,0.4259
semantic,6,dev_2204,yes,"NO, it is not safe or ethical to pick someone up by their hair,",no,no,Incorrect,0.4481
semantic,6,dev_2220,no,"YES, the ball is dead on an infield fly. An infield fly",yes,yes,Incorrect,0.4461
semantic,6,dev_2224,no,"YES, there is such a thing as a blue ruby. Blue rubies are",yes,yes,Incorrect,0.4455
semantic,6,dev_2232,no,YES,yes,yes,Incorrect,0.44739999999999996
semantic,6,dev_2234,no,"NO, Pokémon: Let's Go, Eevee! is not a spin-off;",no,no,Correct,0.4512
semantic,6,dev_2237,no,"NO, the Riviera Maya is not on the Gulf of Mexico. It is located",no,no,Correct,0.4591
semantic,6,dev_2247,yes,NO,no,no,Incorrect,0.15330000000000002
semantic,6,dev_2248,yes,"NO, pixel density and resolution are related but not the same thing. Pixel density",no,no,Incorrect,0.4298
semantic,6,dev_2266,no,"NO, a Nissan Pathfinder is a mid-size SUV.",no,no,Correct,0.3574
semantic,6,dev_2275,yes,"NO, it is not legal to count cards in Las Vegas or any other casino",no,no,Incorrect,0.4446
semantic,6,dev_2295,yes,"NO, a unanimous vote requires all members to vote in favor, while an abst",no,no,Incorrect,0.428
semantic,6,dev_2304,yes,"NO, the House of Representatives is one chamber of Congress, not the entire Congress",no,no,Incorrect,0.442
semantic,6,dev_2306,yes,"NO, because the Martingale system is not a guaranteed way to win and can",no,no,Incorrect,0.42710000000000004
semantic,6,dev_2310,no,"NO, In-N-Out Burger is not a franchise; it is a privately-owned",no,no,Correct,0.4418
semantic,6,dev_2315,yes,"NO, centripetal and centrifugal forces are not an action-reaction pair.",no,no,Incorrect,0.4457
semantic,6,dev_2323,no,"NO, Tully is not based on a book. It is an original screenplay",no,no,Correct,0.4304
semantic,6,dev_2328,no,I don't know.,i,idk,IDK,0.19469999999999998
semantic,6,dev_2350,no,YES,yes,yes,Incorrect,0.44389999999999996
semantic,6,dev_2382,yes,NO,no,no,Incorrect,0.1517
semantic,6,dev_2387,yes,NO,no,no,Incorrect,0.42360000000000003
semantic,6,dev_2388,no,I don't know.,i,idk,IDK,0.2115
semantic,6,dev_2396,yes,NO,no,no,Incorrect,0.4255
semantic,6,dev_2408,yes,"YES, employment termination and being fired are essentially the same, as both refer to",yes,yes,Correct,0.4193
semantic,6,dev_2413,no,YES,yes,yes,Incorrect,0.44530000000000003
semantic,6,dev_2428,yes,YES,yes,yes,Correct,0.4317
semantic,6,dev_2433,no,I don't know. The answer depends on the specific branch of the military and its,i,idk,IDK,0.4239
semantic,6,dev_2434,no,NO,no,no,Correct,0.4255
semantic,6,dev_2447,no,"NO, in Major League Baseball (MLB) playoffs, wild card teams do",no,no,Correct,0.44839999999999997
semantic,6,dev_2473,yes,NO,no,no,Incorrect,0.4204
semantic,6,dev_2479,no,"NO, Hong Kong is not inside the Great Firewall of China. Hong Kong is",no,no,Correct,0.449
semantic,6,dev_2504,no,YES,yes,yes,Incorrect,0.1671
semantic,6,dev_2532,yes,"NO, a twin cannot be born inside the other. Twins are two separate embryos",no,no,Incorrect,0.44680000000000003
semantic,6,dev_2537,no,I don't know.,i,idk,IDK,0.21059999999999998
semantic,6,dev_2538,no,"NO, War Room is not based on a true story. It is a fictional",no,no,Correct,0.44730000000000003
semantic,6,dev_2547,yes,NO,no,no,Incorrect,0.4476
semantic,6,dev_2548,no,NO,no,no,Correct,0.44310000000000005
semantic,6,dev_2555,no,"NO, lymphoma refers to a group of blood cancers that affect the lymphatic system",no,no,Correct,0.44060000000000005
semantic,6,dev_2566,no,YES,yes,yes,Incorrect,0.4435
semantic,6,dev_2572,no,"NO, the Channel Isles are not part of Great Britain. They are Crown dependencies",no,no,Correct,0.42410000000000003
semantic,6,dev_2577,no,YES,yes,yes,Incorrect,0.44339999999999996
semantic,6,dev_2605,yes,YES,yes,yes,Correct,0.44430000000000003
semantic,6,dev_2614,yes,"NO, Snow-on-the-Mountain (Aegopodium podagraria)",no,no,Incorrect,0.44260000000000005
semantic,6,dev_2622,no,YES,yes,yes,Incorrect,0.44310000000000005
semantic,6,dev_2634,yes,NO,no,no,Incorrect,0.4253
semantic,6,dev_2643,no,"NO, elements of the periodic table are not capitalized.",no,no,Correct,0.4428
semantic,6,dev_2655,yes,NO,no,no,Incorrect,0.4254
semantic,6,dev_2656,yes,I don't know.,i,idk,IDK,0.4418
semantic,6,dev_2690,yes,NO,no,no,Incorrect,0.42469999999999997
semantic,6,dev_2719,no,"NO, electrons flow in the opposite direction to conventional current, which is defined as",no,no,Correct,0.423
semantic,6,dev_2727,no,"NO, the AR-10 is not an assault rifle; it is a battle",no,no,Correct,0.4238
semantic,6,dev_2750,yes,"NO, cows do not need to get pregnant to give milk. They can produce",no,no,Incorrect,0.42510000000000003
semantic,6,dev_2757,yes,YES,yes,yes,Correct,0.44260000000000005
semantic,6,dev_2770,yes,I don't know.,i,idk,IDK,0.4239
semantic,6,dev_2791,yes,"NO, the gut refers to the entire gastrointestinal tract, which includes the stomach,",no,no,Incorrect,0.4437
semantic,6,dev_2813,yes,NO,no,no,Incorrect,0.1682
semantic,6,dev_2821,yes,"NO, nicotine is not classified as a ganglion blocker. It primarily acts as",no,no,Incorrect,0.42360000000000003
semantic,6,dev_2832,yes,YES,yes,yes,Correct,0.1522
semantic,6,dev_2838,no,NO,no,no,Correct,0.1699
semantic,6,dev_2853,no,I don't know.,i,idk,IDK,0.1946
semantic,6,dev_2870,no,YES,yes,yes,Incorrect,0.151
semantic,6,dev_2875,yes,NO,no,no,Incorrect,0.151
semantic,6,dev_2880,no,YES,yes,yes,Incorrect,0.15130000000000002
semantic,6,dev_2890,no,"NO, non-permanent members of the Security Council do not have veto power.",no,no,Correct,0.44139999999999996
semantic,6,dev_2901,yes,NO,no,no,Incorrect,0.425
semantic,6,dev_2906,yes,"NO, a fidelity bond and crime insurance are not the same. A fidelity bond",no,no,Incorrect,0.4418
semantic,6,dev_2919,no,I don't know.,i,idk,IDK,0.1915
semantic,6,dev_2931,yes,NO,no,no,Incorrect,0.423
semantic,6,dev_2933,no,YES,yes,yes,Incorrect,0.15009999999999998
semantic,6,dev_2956,yes,"NO, a .17 HMR is smaller than a .22 LR.",no,no,Incorrect,0.42560000000000003
semantic,6,dev_2959,no,"NO, there is no bridge between Morocco and Spain. The two countries are separated",no,no,Correct,0.4427
semantic,6,dev_2967,yes,"NO, the sun always shines from the south in the Northern Hemisphere and from the",no,no,Incorrect,0.4233
semantic,6,dev_2973,no,"NO, there is no second movie to The Golden Compass. The film adaptation of",no,no,Correct,0.4279
semantic,6,dev_2991,yes,I don't know.,i,idk,IDK,0.1946
semantic,6,dev_3000,yes,"NO, back ribs and baby back ribs are different cuts of pork ribs. Back",no,no,Incorrect,0.4269
semantic,6,dev_3015,yes,NO,no,no,Incorrect,0.42469999999999997
semantic,6,dev_3027,no,"NO, Ireland is not part of the Schengen Area, so a Schengen",no,no,Correct,0.452
semantic,6,dev_3029,no,YES,yes,yes,Incorrect,0.1685
semantic,6,dev_3035,no,YES,yes,yes,Incorrect,0.43889999999999996
semantic,6,dev_3040,no,"NO, a no-insurance ticket is not a moving violation. It is a",no,no,Correct,0.42760000000000004
semantic,6,dev_3073,no,NO,no,no,Correct,0.44139999999999996
semantic,6,dev_3079,yes,"NO, salary is not included in the cost of goods sold. Salary is considered",no,no,Incorrect,0.42219999999999996
semantic,6,dev_3089,yes,"NO, a peach is not part of the almond family. Peaches belong to",no,no,Incorrect,0.4304
semantic,6,dev_3105,yes,"NO, a neutral wire should not be connected to ground in a properly designed electrical",no,no,Incorrect,0.4259
semantic,6,dev_3106,yes,"NO, high-rise and high-waisted jeans are not the same. High-rise",no,no,Incorrect,0.4427
semantic,6,dev_3107,yes,YES,yes,yes,Correct,0.42269999999999996
semantic,6,dev_3122,no,YES,yes,yes,Incorrect,0.42210000000000003
semantic,6,dev_3143,no,"NO, the Republic of Ireland is not part of the Schengen visa area.",no,no,Correct,0.4495
semantic,6,dev_3173,no,"NO, a private equity fund is not a financial institution. It is a pooled",no,no,Correct,0.42510000000000003
semantic,6,dev_3183,no,YES,yes,yes,Incorrect,0.15009999999999998
semantic,6,dev_3187,yes,"NO, Batman Forever is not a sequel to Batman Returns. It is a separate",no,no,Incorrect,0.44539999999999996
semantic,6,dev_3204,no,YES,yes,yes,Incorrect,0.15330000000000002
semantic,6,dev_3212,yes,YES,yes,yes,Correct,0.1487
semantic,6,dev_3221,no,I don't know.,i,idk,IDK,0.2099
semantic,6,dev_3231,yes,NO,no,no,Incorrect,0.1514
semantic,6,dev_3232,yes,I don't know.,i,idk,IDK,0.19119999999999998
semantic,6,dev_3238,yes,"NO, the non-striker cannot be run out by the bowler in cricket",no,no,Incorrect,0.4452
semantic,6,dev_3239,yes,"NO, the Conn Smythe Trophy is awarded to the MVP of the winning team",no,no,Incorrect,0.44160000000000005
semantic,6,dev_3241,yes,NO,no,no,Incorrect,0.44380000000000003
semantic,6,dev_3242,yes,YES,yes,yes,Correct,0.42619999999999997
semantic,6,dev_0031,yes,"NO, Deadpool does not have a kid in the comics.",no,no,Incorrect,0.4011
semantic,6,dev_0148,yes,YES,yes,yes,Correct,0.44439999999999996
semantic,6,dev_0178,yes,NO,no,no,Incorrect,0.42760000000000004
semantic,6,dev_0410,yes,NO,no,no,Incorrect,0.1519
semantic,6,dev_0419,yes,YES,yes,yes,Correct,0.44439999999999996
semantic,6,dev_0448,yes,YES,yes,yes,Correct,0.4456
semantic,6,dev_0224,no,"NO, 'The Outsiders' is a work of fiction.",no,no,Correct,0.4034
semantic,6,dev_0317,no,I don't know.,i,idk,IDK,0.4255
semantic,6,dev_0368,no,"NO, ""The Color Purple"" is a work of fiction, although it draws",no,no,Correct,0.4467
semantic,6,dev_0507,no,I don't know.,i,idk,IDK,0.21380000000000002
semantic,6,dev_0603,no,NO,no,no,Correct,0.4461
semantic,6,dev_0938,no,NO,no,no,Correct,0.42719999999999997
semantic,6,dev_0076,yes,"NO, female ferrets do not die if they don't mate. However, they",no,no,Incorrect,0.4461
semantic,6,dev_0459,yes,"YES, it matters which DNA strand is transcribed because the template strand serves as",yes,yes,Correct,0.4279
semantic,6,dev_0502,yes,I don't know.,i,idk,IDK,0.2122
semantic,6,dev_0580,yes,NO,no,no,Incorrect,0.4452
semantic,6,dev_1089,yes,"NO, venom glands are an integral part of a snake's anatomy and cannot be",no,no,Incorrect,0.4452
semantic,6,dev_1153,yes,"NO, melaleuca and tea tree are not the same thing. Melale",no,no,Incorrect,0.4253
semantic,6,dev_1315,yes,I don't know.,i,idk,IDK,0.21209999999999998
semantic,6,dev_1482,yes,"YES, muscle fibers are the same as muscle cells.",yes,yes,Correct,0.3428
semantic,6,dev_1568,yes,"NO, a vulture is not the same as a buzzard. Vult",no,no,Incorrect,0.42569999999999997
semantic,6,dev_1968,yes,"NO, a turtle and a tortoise are not the same. Turtles have",no,no,Incorrect,0.442
semantic,6,dev_2223,yes,YES,yes,yes,Correct,0.44530000000000003
semantic,6,dev_2420,yes,I don't know.,i,idk,IDK,0.20980000000000001
semantic,6,dev_2882,yes,NO,no,no,Incorrect,0.4437
semantic,6,dev_2899,yes,I don't know.,i,idk,IDK,0.4245
semantic,6,dev_2910,yes,"YES, taro root and elephant ears refer to the same plant, Coloc",yes,yes,Correct,0.44880000000000003
semantic,6,dev_0713,no,"NO, a cow does not have to be pregnant to lactate. Lactation",no,no,Correct,0.4417
semantic,6,dev_0816,no,"NO, the spinal cord and vertebral column are not the same length. The",no,no,Correct,0.4451
semantic,6,dev_0911,no,NO,no,no,Correct,0.44289999999999996
semantic,6,dev_0997,no,"YES, surgical spirit and rubbing alcohol are the same thing, as they both refer",yes,yes,Incorrect,0.4264
semantic,6,dev_1258,no,"NO, the umbilical cord is not inside the amniotic sac.",no,no,Correct,0.4395
semantic,6,dev_1422,no,"NO, root hairs typically occur along the elongation zone of a root, not",no,no,Correct,0.45
semantic,6,dev_2120,no,YES,yes,yes,Incorrect,0.426
semantic,6,dev_2353,no,NO,no,no,Correct,0.42560000000000003
semantic,6,dev_2441,no,NO,no,no,Correct,0.44789999999999996
semantic,6,dev_2087,no,"NO, sperm whales are not currently listed as endangered on the IUCN Red",no,no,Correct,0.44939999999999997
semantic,6,dev_2215,no,"No, the two chromosomes in a pair are not identical; they are homologous",no,no,Correct,0.4249
semantic,6,dev_2503,no,"NO, a catbird and a mockingbird are different species within the Mimidae",no,no,Correct,0.44260000000000005
semantic,6,dev_2652,no,YES,yes,yes,Incorrect,0.4427
semantic,6,dev_2850,no,"NO, not all bee stings leave a stinger behind. Some species,",no,no,Correct,0.44239999999999996
semantic,6,dev_3062,no,"NO, black and yellow garden spiders are not poisonous to",no,no,Correct,0.448
semantic,6,dev_0400,yes,YES,yes,yes,Correct,0.153
semantic,6,dev_0432,yes,NO,no,no,Incorrect,0.427
semantic,6,dev_0446,yes,I don't know.,i,idk,IDK,0.2109
semantic,6,dev_0455,yes,I don't know.,i,idk,IDK,0.20959999999999998
semantic,6,dev_0472,yes,NO,no,no,Incorrect,0.44930000000000003
semantic,6,dev_0524,yes,NO,no,no,Incorrect,0.42019999999999996
semantic,6,dev_0767,yes,"YES, the Canadian dollar has been worth more than the American dollar at times in",yes,yes,Correct,0.42719999999999997
semantic,6,dev_0875,yes,I don't know.,i,idk,IDK,0.42960000000000004
semantic,6,dev_0950,yes,NO,no,no,Incorrect,0.4388
semantic,6,dev_1023,yes,"NO, a mortgage loan originator is a specialized type of loan officer who focuses",no,no,Incorrect,0.42560000000000003
semantic,6,dev_1171,yes,NO,no,no,Incorrect,0.4435
semantic,6,dev_1207,yes,NO,no,no,Incorrect,0.151
semantic,6,dev_1299,yes,"Yes, net earnings and net income are the same. Both terms refer to the",yes,yes,Correct,0.448
semantic,6,dev_0157,no,NO,no,no,Correct,0.4451
semantic,6,dev_0371,no,"NO, National and Enterprise car rental are not the same company. National is a",no,no,Correct,0.4279
semantic,6,dev_0621,no,YES,yes,yes,Incorrect,0.4253
semantic,6,dev_0699,no,NO,no,no,Correct,0.15130000000000002
semantic,6,dev_0954,no,I don't know.,i,idk,IDK,0.19319999999999998
semantic,6,dev_1050,no,NO,no,no,Correct,0.42919999999999997
semantic,6,dev_1208,no,NO,no,no,Correct,0.4592
semantic,6,dev_1257,no,NO,no,no,Correct,0.438
semantic,6,dev_1805,no,NO,no,no,Correct,0.42769999999999997
semantic,6,dev_1876,no,I don't know.,i,idk,IDK,0.443
semantic,6,dev_2290,no,YES,yes,yes,Incorrect,0.42319999999999997
semantic,6,dev_2444,no,YES,yes,yes,Incorrect,0.15280000000000002
semantic,6,dev_0250,yes,YES,yes,yes,Correct,0.43539999999999995
semantic,6,dev_0337,yes,YES,yes,yes,Correct,0.42710000000000004
semantic,6,dev_0386,yes,I don't know.,i,idk,IDK,0.44210000000000005
semantic,6,dev_0591,yes,"NO, Copa Airlines is not part of the Star Alliance. It is a member",no,no,Incorrect,0.44380000000000003
semantic,6,dev_0746,yes,YES,yes,yes,Correct,0.4418
semantic,6,dev_0845,yes,YES,yes,yes,Correct,0.4243
semantic,6,dev_0855,yes,"YES, flight paths do go over the North Pole, but they usually follow a",yes,yes,Correct,0.44589999999999996
semantic,6,dev_0915,yes,NO,no,no,Incorrect,0.425
semantic,6,dev_0945,yes,YES,yes,yes,Correct,0.425
semantic,6,dev_0021,no,YES,yes,yes,Incorrect,0.42619999999999997
semantic,6,dev_0490,no,"NO, American citizens do not need a visa for Georgia.",no,no,Correct,0.4457
semantic,6,dev_0581,no,NO,no,no,Correct,0.4263
semantic,6,dev_0631,no,"NO, the post office does not run on Memorial Day. Memorial Day is a",no,no,Correct,0.446
semantic,6,dev_0691,no,"NO, you do not need a stamp if it says Freepost. Freepost",no,no,Correct,0.4269
semantic,6,dev_0783,no,NO,no,no,Correct,0.42269999999999996
semantic,6,dev_0787,no,NO,no,no,Correct,0.4279
semantic,6,dev_0825,no,I don't know.,i,idk,IDK,0.2114
semantic,6,dev_0885,no,"NO, UK citizens do not need a visa for Albania.",no,no,Correct,0.36210000000000003
semantic,6,dev_0089,yes,"YES, there are movies with 0% on Rotten Tomatoes, indicating that none",yes,yes,Correct,0.44539999999999996
semantic,6,dev_0095,yes,"YES, Anne with an E was filmed on Prince Edward Island (PEI)",yes,yes,Correct,0.4481
semantic,6,dev_0211,yes,YES,yes,yes,Correct,0.4425
semantic,6,dev_0238,yes,"NO, Beau Abbott does not die in A Quiet Place. He survives the events",no,no,Incorrect,0.42710000000000004
semantic,6,dev_0252,yes,NO,no,no,Incorrect,0.15130000000000002
semantic,6,dev_0256,yes,NO,no,no,Incorrect,0.149
semantic,6,dev_0266,yes,I don't know.,i,idk,IDK,0.1921
semantic,6,dev_0310,yes,I don't know.,i,idk,IDK,0.19490000000000002
semantic,6,dev_0359,yes,"I don't know. The rules for taking the money in ""Who Wants to Be",i,idk,IDK,0.4315
semantic,6,dev_0422,yes,I don't know.,i,idk,IDK,0.1945
semantic,6,dev_0040,no,NO,no,no,Correct,0.44310000000000005
semantic,6,dev_0080,no,I don't know,i,idk,IDK,0.44630000000000003
semantic,6,dev_0100,no,I don't know.,i,idk,IDK,0.2109
semantic,6,dev_0240,no,NO,no,no,Correct,0.153
semantic,6,dev_0247,no,"NO, 'Let There Be Light' is not a true story. It is",no,no,Correct,0.44489999999999996
semantic,6,dev_0260,no,I don't know.,i,idk,IDK,0.195
semantic,6,dev_0277,no,NO,no,no,Correct,0.42669999999999997
semantic,6,dev_0290,no,NO,no,no,Correct,0.44489999999999996
semantic,6,dev_0303,no,I don't know.,i,idk,IDK,0.211
semantic,6,dev_0231,yes,"YES, penne alla vodka typically contains dairy, as it is a creamy sauce",yes,yes,Correct,0.42760000000000004
semantic,6,dev_0401,yes,"NO, whole wheat rice is not the same as brown rice. Whole wheat rice",no,no,Incorrect,0.4423
semantic,6,dev_0420,yes,NO,no,no,Incorrect,0.42619999999999997
semantic,6,dev_0571,yes,"NO, chicken cordon bleu is not made with blue cheese. It is a",no,no,Incorrect,0.446
semantic,6,dev_0583,yes,NO,no,no,Incorrect,0.4269
semantic,6,dev_0765,yes,YES,yes,yes,Correct,0.42769999999999997
semantic,6,dev_0778,yes,YES,yes,yes,Correct,0.44260000000000005
semantic,6,dev_0815,yes,NO,no,no,Incorrect,0.4275
semantic,6,dev_0073,no,I don't know.,i,idk,IDK,0.1918
semantic,6,dev_0491,no,NO,no,no,Correct,0.4218
semantic,6,dev_0615,no,NO,no,no,Correct,0.1689
semantic,6,dev_0868,no,I don't know.,i,idk,IDK,0.19219999999999998
semantic,6,dev_0880,no,NO,no,no,Correct,0.42419999999999997
semantic,6,dev_0953,no,NO,no,no,Correct,0.4268
semantic,6,dev_0985,no,NO,no,no,Correct,0.422
semantic,6,dev_0136,yes,"NO, Battlefield 1 does not have a single-player campaign. It is primarily",no,no,Incorrect,0.428
semantic,6,dev_0367,yes,YES,yes,yes,Correct,0.44680000000000003
semantic,6,dev_0618,yes,I don't know.,i,idk,IDK,0.42610000000000003
semantic,6,dev_0720,yes,I don't know.,i,idk,IDK,0.2125
semantic,6,dev_0770,yes,NO,no,no,Incorrect,0.1702
semantic,6,dev_0835,yes,YES,yes,yes,Correct,0.42760000000000004
semantic,6,dev_0896,yes,"NO, Naruto Ultimate Ninja Storm does not have a story mode. It is primarily",no,no,Incorrect,0.44160000000000005
semantic,6,dev_0434,no,I don't know.,i,idk,IDK,0.44360000000000005
semantic,6,dev_0489,no,NO,no,no,Correct,0.4477
semantic,6,dev_0852,no,NO,no,no,Correct,0.42410000000000003
semantic,6,dev_0870,no,YES,yes,yes,Incorrect,0.44489999999999996
semantic,6,dev_1148,no,NO,no,no,Correct,0.1699
semantic,6,dev_2595,no,"NO, A Way Out is a co-operative multiplayer game.",no,no,Correct,0.3623
semantic,6,dev_0281,yes,"YES, there are tolls on I-70 in Kansas. The Kansas Turn",yes,yes,Correct,0.4294
semantic,6,dev_0528,yes,YES,yes,yes,Correct,0.4417
semantic,6,dev_0547,yes,"NO, there is no toll on the Battery Tunnel.",no,no,Incorrect,0.36119999999999997
semantic,6,dev_0623,yes,"NO, the George Washington Bridge is not a one-way toll; it is a",no,no,Incorrect,0.42819999999999997
semantic,6,dev_0626,yes,"NO, Skyline Drive is not part of the Blue Ridge Parkway. Skyline Drive is",no,no,Incorrect,0.4275
semantic,6,dev_0686,yes,NO,no,no,Incorrect,0.4275
semantic,6,dev_0822,yes,YES,yes,yes,Correct,0.1672
semantic,6,dev_1210,yes,I don't know.,i,idk,IDK,0.21159999999999998
semantic,6,dev_0374,no,NO,no,no,Correct,0.4417
semantic,6,dev_0900,no,"NO, Fort Walton Beach and Destin are two separate cities in Okaloosa",no,no,Correct,0.42510000000000003
semantic,6,dev_0913,no,"NO, Porpoise Spit is not a real place in Australia. It",no,no,Correct,0.44689999999999996
semantic,6,dev_1234,no,YES,yes,yes,Incorrect,0.444
semantic,6,dev_1360,no,NO,no,no,Correct,0.42569999999999997
semantic,6,dev_1544,no,"NO, I-30 in Dallas is not a toll road.",no,no,Correct,0.3832
semantic,6,dev_1588,no,"NO, Lake George is a natural lake.",no,no,Correct,0.44539999999999996
semantic,6,dev_0344,yes,NO,no,no,Incorrect,0.42519999999999997
semantic,6,dev_0379,yes,I don't know.,i,idk,IDK,0.2149
semantic,6,dev_0474,yes,I don't know.,i,idk,IDK,0.4278
semantic,6,dev_0614,yes,I don't know.,i,idk,IDK,0.42710000000000004
semantic,6,dev_0655,yes,I don't know.,i,idk,IDK,0.4253
semantic,6,dev_1195,yes,"NO, it is very unlikely to survive a blue-ringed octopus bite due",no,no,Incorrect,0.4626
semantic,6,dev_1197,yes,"NO, an ectopic pregnancy cannot be carried to term as it occurs outside the",no,no,Incorrect,0.4477
semantic,6,dev_1313,yes,"YES, relative risk and risk ratio are the same. They both refer to the",yes,yes,Correct,0.446
semantic,6,dev_1564,yes,"YES, PCP and angel dust are the same thing. They are just different names",yes,yes,Correct,0.4268
semantic,6,dev_0078,no,"NO, there is only one brachiocephalic artery, which branches off",no,no,Correct,0.447
semantic,6,dev_0166,no,"Yes, the five-a-day guideline refers to consuming five portions of fruit and five",yes,yes,Incorrect,0.42610000000000003
semantic,6,dev_0851,no,YES,yes,yes,Incorrect,0.44139999999999996
semantic,6,dev_0861,no,"NO, a junctional rhythm typically does not have a P wave because the electrical",no,no,Correct,0.42510000000000003
semantic,6,dev_0872,no,"YES, a first-degree burn is worse than a third-degree burn.",yes,yes,Incorrect,0.44189999999999996
semantic,6,dev_1554,no,I don't know.,i,idk,IDK,0.44360000000000005
semantic,6,dev_1719,no,"YES, extended-release and sustained-release are essentially the same concept in pharmacology,",yes,yes,Incorrect,0.4418
semantic,6,dev_1991,no,I don't know.,i,idk,IDK,0.2091
semantic,6,dev_2115,no,I don't know.,i,idk,IDK,0.4407
semantic,6,dev_0105,yes,"NO, there was no draft during the Revolutionary War. The Continental Army relied on",no,no,Incorrect,0.4407
semantic,6,dev_0125,yes,YES,yes,yes,Correct,0.4445
semantic,6,dev_0191,yes,"NO, the Tomb of the Unknown Soldier does not contain actual bodies, as it",no,no,Incorrect,0.4452
semantic,6,dev_1292,yes,NO,no,no,Incorrect,0.4423
semantic,6,dev_1338,yes,NO,no,no,Incorrect,0.4427
semantic,6,dev_0388,no,NO,no,no,Correct,0.44
semantic,6,dev_0703,no,I don't know,i,idk,IDK,0.4451
semantic,6,dev_0833,no,I don't know.,i,idk,IDK,0.21
semantic,6,dev_0874,no,NO,no,no,Correct,0.42660000000000003
semantic,6,dev_1651,no,I don't know.,i,idk,IDK,0.19490000000000002
semantic,6,dev_0072,yes,I don't know.,i,idk,IDK,0.2094
semantic,6,dev_0258,yes,"YES, you can buy alcohol on Sunday in Wisconsin, as the state allows alcohol",yes,yes,Correct,0.42569999999999997
semantic,6,dev_0286,yes,"YES, an administrative law judge is a real judge who presides over agency hearings",yes,yes,Correct,0.42419999999999997
semantic,6,dev_0348,yes,NO,no,no,Incorrect,0.42269999999999996
semantic,6,dev_0467,yes,YES,yes,yes,Correct,0.4215
semantic,6,dev_0515,yes,I don't know. While restraining orders are typically used to protect individuals from harassment,i,idk,IDK,0.4407
semantic,6,dev_0562,yes,I don't know.,i,idk,IDK,0.1951
semantic,6,dev_0636,yes,"NO, you cannot carry a gun on you in California unless you have a concealed",no,no,Incorrect,0.44310000000000005
semantic,6,dev_0740,yes,I don't know.,i,idk,IDK,0.4461
semantic,6,dev_0838,yes,"NO, you cannot turn right on a red in Quebec unless there is a sign",no,no,Incorrect,0.44239999999999996
semantic,6,dev_0864,yes,I don't know.,i,idk,IDK,0.1921
semantic,6,dev_0873,yes,NO,no,no,Incorrect,0.44689999999999996
semantic,6,dev_0901,yes,I don't know,i,idk,IDK,0.44489999999999996
semantic,6,dev_0909,yes,I don't know.,i,idk,IDK,0.1956
semantic,6,dev_1134,yes,YES,yes,yes,Correct,0.4243
semantic,6,dev_0198,no,"NO, New Hampshire has constitutional carry laws, which means you do not need a",no,no,Correct,0.4452
semantic,6,dev_0215,no,I don't know.,i,idk,IDK,0.1938
semantic,6,dev_0223,no,I don't know.,i,idk,IDK,0.4423
semantic,6,dev_0234,no,I don't know. The legality of sexual activities between an 18-year-old and,i,idk,IDK,0.44530000000000003
semantic,6,dev_0272,no,"NO, trucks are not allowed on the Taconic State Parkway.",no,no,Correct,0.3851
semantic,6,dev_0453,no,"NO, in all states, marriage between siblings is prohibited due to incest laws.",no,no,Correct,0.4275
semantic,6,dev_0499,no,"NO, Puerto Ricans are U.S. citizens, but they cannot vote in",no,no,Correct,0.42710000000000004
semantic,6,dev_0552,no,I don't know. The rules regarding phone usage in prison can vary depending on the,i,idk,IDK,0.42560000000000003
semantic,6,dev_0680,no,I don't know,i,idk,IDK,0.443
semantic,6,dev_0738,no,"NO, Taiwan is not a member of the Paris Convention.",no,no,Correct,0.36219999999999997
semantic,6,dev_0771,no,I don't know.,i,idk,IDK,0.4259
semantic,6,dev_0888,no,YES,yes,yes,Incorrect,0.15109999999999998
semantic,6,dev_1135,no,"NO, a certified copy is not the same as an original in the UK.",no,no,Correct,0.44260000000000005
semantic,6,dev_1188,no,I don't know.,i,idk,IDK,0.21109999999999998
semantic,6,dev_0339,yes,NO,no,no,Incorrect,0.4437
semantic,6,dev_0357,yes,I don't know.,i,idk,IDK,0.2112
semantic,6,dev_0498,yes,YES,yes,yes,Correct,0.44689999999999996
semantic,6,dev_0620,yes,YES,yes,yes,Correct,0.4486
semantic,6,dev_0878,yes,I don't know.,i,idk,IDK,0.5598
semantic,6,dev_1864,yes,NO,no,no,Incorrect,0.5224
semantic,6,dev_2080,yes,"NO, the Coast Guard is not part of the Department of Defense. It is",no,no,Incorrect,0.44730000000000003
semantic,6,dev_2395,yes,I don't know.,i,idk,IDK,0.1935
semantic,6,dev_2639,yes,"NO, Canada is not part of the",no,no,Incorrect,0.4423
semantic,6,dev_3155,yes,I don't know.,i,idk,IDK,0.1931
semantic,6,dev_3209,yes,"NO, attending the United States Naval Academy does not automatically mean you are in the",no,no,Incorrect,0.441
semantic,6,dev_0209,no,"NO, Israel is not part of the European Economic Area (EEA). The",no,no,Correct,0.44139999999999996
semantic,6,dev_0273,no,NO,no,no,Correct,0.4259
semantic,6,dev_0404,no,"NO, Puerto Rico is not a protectorate of the US; it is a",no,no,Correct,0.4535
semantic,6,dev_0567,no,"NO, Romania is not part of the Visa Waiver Program.",no,no,Correct,0.3841
semantic,6,dev_0675,no,I don't know.,i,idk,IDK,0.44239999999999996
semantic,6,dev_1172,no,NO,no,no,Correct,0.1688
semantic,6,dev_1275,no,I don't know. The answer may vary depending on the specific state awards and the,i,idk,IDK,0.44989999999999997
semantic,6,dev_1971,no,"NO, Bosnia and Herzegovina is not part of the European Union. It",no,no,Correct,0.4423
semantic,6,dev_2001,no,"NO, the President's pardon power only applies to federal offenses, not state crimes",no,no,Correct,0.4412
semantic,6,dev_3004,no,NO,no,no,Correct,0.4273
semantic,6,dev_3256,no,I don't know.,i,idk,IDK,0.42619999999999997
semantic,6,dev_1132,yes,"YES, pink quartz is the same as rose quartz.",yes,yes,Correct,0.3379
semantic,6,dev_1233,yes,NO,no,no,Incorrect,0.4512
semantic,6,dev_1511,yes,NO,no,no,Incorrect,0.428
semantic,6,dev_1633,yes,"NO, nail acetone and paint acetone are not the same. Nail acet",no,no,Incorrect,0.4275
semantic,6,dev_2007,yes,"YES, liquefied petroleum gas (LPG) is the same as propane",yes,yes,Correct,0.4253
semantic,6,dev_2214,yes,"NO, there is no such thing as dry water. Water is a compound made",no,no,Incorrect,0.44439999999999996
semantic,6,dev_2239,yes,"NO, the speed of sound at a constant temperature does not vary with frequency.",no,no,Incorrect,0.44539999999999996
semantic,6,dev_2299,yes,NO,no,no,Incorrect,0.44289999999999996
semantic,6,dev_2303,yes,YES,yes,yes,Correct,0.4471
semantic,6,dev_2477,yes,"NO, 0 is not in the set of natural numbers. In most definitions",no,no,Incorrect,0.42519999999999997
semantic,6,dev_2993,yes,"NO, eidetic memory and photographic memory are not the same. Eidetic memory",no,no,Incorrect,0.42760000000000004
semantic,6,dev_3126,yes,"YES, an upside-down rainbow, also known as a 360-degree rainbow,",yes,yes,Correct,0.4268
semantic,6,dev_3188,yes,"YES, a turkey vulture and a buzzard are the same bird, as",yes,yes,Correct,0.4258
semantic,6,dev_3193,yes,"NO, the Georgia Aquarium does not have whale sharks. As of my knowledge cutoff",no,no,Incorrect,0.44739999999999996
semantic,6,dev_3234,yes,I don't know.,i,idk,IDK,0.1906
semantic,6,dev_3265,yes,I don't know.,i,idk,IDK,0.21030000000000001
semantic,6,dev_0001,no,I don't know.,i,idk,IDK,0.42669999999999997
semantic,6,dev_0579,no,I don't know.,i,idk,IDK,0.4269
semantic,6,dev_1003,no,YES,yes,yes,Incorrect,0.1527
semantic,6,dev_1483,no,NO,no,no,Correct,0.42719999999999997
semantic,6,dev_1551,no,"NO, Australia is not part of the Ring of Fire. The Ring of Fire",no,no,Correct,0.42660000000000003
semantic,6,dev_1702,no,YES,yes,yes,Incorrect,0.4435
semantic,6,dev_1925,no,"NO, percent difference and percent change are not the same. Percent difference is a",no,no,Correct,0.4428
semantic,6,dev_2025,no,"NO, the load is not the pivot point of a lever. The pivot point",no,no,Correct,0.42619999999999997
semantic,6,dev_2312,no,NO,no,no,Correct,0.4273
semantic,6,dev_2471,no,"NO, a fixed pulley does not provide a mechanical advantage in terms of force reduction",no,no,Correct,0.4243
semantic,6,dev_2521,no,NO,no,no,Correct,0.44589999999999996
semantic,6,dev_2782,no,"YES, the hydronium ion (H3O+) and the hydrogen ion",yes,yes,Incorrect,0.44930000000000003
semantic,6,dev_2812,no,"NO, the ocean is generally less salty at the bottom compared to the surface due",no,no,Correct,0.425
semantic,6,dev_3014,no,NO,no,no,Correct,0.1519
semantic,6,dev_3034,no,NO,no,no,Correct,0.4258
semantic,6,dev_3159,no,"NO, a chipmunk is a member of the Sciuridae family,",no,no,Correct,0.4367
semantic,6,dev_3190,no,NO,no,no,Correct,0.44480000000000003
semantic,6,dev_0682,yes,I don't know.,i,idk,IDK,0.4268
semantic,6,dev_0735,yes,YES,yes,yes,Correct,0.4255
semantic,6,dev_1505,yes,I don't know.,i,idk,IDK,0.19219999999999998
semantic,6,dev_1668,yes,"YES, Church of England (Anglican) worshippers do make the sign of",yes,yes,Correct,0.4457
semantic,6,dev_2373,yes,NO,no,no,Incorrect,0.1686
semantic,6,dev_2793,yes,NO,no,no,Incorrect,0.4335
semantic,6,dev_2929,yes,I don't know.,i,idk,IDK,0.19419999999999998
semantic,6,dev_0605,no,"NO, you do not have to be a Mormon to go to Brigham",no,no,Correct,0.428
semantic,6,dev_0908,no,I don't know.,i,idk,IDK,0.1946
semantic,6,dev_1388,no,NO,no,no,Correct,0.426
semantic,6,dev_1521,no,I don't know.,i,idk,IDK,0.21309999999999998
semantic,6,dev_2334,no,I don't know.,i,idk,IDK,0.44789999999999996
semantic,6,dev_2641,no,I don't know.,i,idk,IDK,0.2119
semantic,6,dev_0347,yes,NO,no,no,Incorrect,0.456
semantic,6,dev_0411,yes,"NO, the Washington Redskins (now known as the Washington Football Team) do not",no,no,Incorrect,0.44530000000000003
semantic,6,dev_0439,yes,"Yes, the Milwaukee Brewers have made it to the World Series once, in",yes,yes,Correct,0.44730000000000003
semantic,6,dev_0452,yes,YES,yes,yes,Correct,0.171
semantic,6,dev_0585,yes,NO,no,no,Incorrect,0.44439999999999996
semantic,6,dev_0656,yes,YES,yes,yes,Correct,0.443
semantic,6,dev_0661,yes,I don't know,i,idk,IDK,0.4457
semantic,6,dev_0701,yes,YES,yes,yes,Correct,0.15330000000000002
semantic,6,dev_0704,yes,YES,yes,yes,Correct,0.4442
semantic,6,dev_0752,yes,NO,no,no,Incorrect,0.44310000000000005
semantic,6,dev_0848,yes,I don't know.,i,idk,IDK,0.42719999999999997
semantic,6,dev_0883,yes,"YES, there have been instances where NBA teams have come back from a 3",yes,yes,Correct,0.42560000000000003
semantic,6,dev_1143,yes,"YES, Dan Marino is in the Hall of Fame.",yes,yes,Correct,0.3604
semantic,6,dev_1305,yes,NO,no,no,Incorrect,0.426
semantic,6,dev_1497,yes,"NO, Alphonse Areola did not play in the 2018 World",no,no,Incorrect,0.44239999999999996
semantic,6,dev_1777,yes,I don't know.,i,idk,IDK,0.21180000000000002
semantic,6,dev_2250,yes,NO,no,no,Incorrect,0.42310000000000003
semantic,6,dev_2370,yes,I don't know,i,idk,IDK,0.44160000000000005
semantic,6,dev_0083,no,YES,yes,yes,Incorrect,0.44239999999999996
semantic,6,dev_0085,no,NO,no,no,Correct,0.4428
semantic,6,dev_0170,no,NO,no,no,Correct,0.4415
semantic,6,dev_0230,no,"NO, in Little League, a dropped third strike does not result in a run",no,no,Correct,0.4491
semantic,6,dev_0412,no,I don't know.,i,idk,IDK,0.1951
semantic,6,dev_0421,no,I don't know.,i,idk,IDK,0.1921
semantic,6,dev_0447,no,YES,yes,yes,Incorrect,0.4273
semantic,6,dev_0544,no,I don't know.,i,idk,IDK,0.19419999999999998
semantic,6,dev_0565,no,"NO, walks are not counted in the batting average. Batting average is calculated",no,no,Correct,0.4546
semantic,6,dev_0589,no,I don't know.,i,idk,IDK,0.21530000000000002
semantic,6,dev_0593,no,NO,no,no,Correct,0.42510000000000003
semantic,6,dev_0859,no,NO,no,no,Correct,0.15309999999999999
semantic,6,dev_0865,no,NO,no,no,Correct,0.15230000000000002
semantic,6,dev_1518,no,NO,no,no,Correct,0.4264
semantic,6,dev_1768,no,"NO, England has never won the FIFA Women's World Cup.",no,no,Correct,0.36369999999999997
semantic,6,dev_1779,no,NO,no,no,Correct,0.4258
semantic,6,dev_1905,no,"NO, a player cannot be offside directly from a goal kick.",no,no,Correct,0.4457
semantic,6,dev_2156,no,NO,no,no,Correct,0.43539999999999995
semantic,6,dev_2158,no,NO,no,no,Correct,0.4264
semantic,6,dev_2798,no,YES,yes,yes,Incorrect,0.4249
semantic,6,dev_3138,no,YES,yes,yes,Incorrect,0.4244
semantic,6,dev_0307,yes,NO,no,no,Incorrect,0.42710000000000004
semantic,6,dev_0506,yes,"YES, drywall mud and joint compound are the same product, used for filling gaps",yes,yes,Correct,0.42769999999999997
semantic,6,dev_0641,yes,I don't know.,i,idk,IDK,0.194
semantic,6,dev_0844,yes,I don't know.,i,idk,IDK,0.42760000000000004
semantic,6,dev_1032,yes,"NO, 1-844 is not a toll-free number in Canada. In",no,no,Incorrect,0.4507
semantic,6,dev_1574,yes,YES,yes,yes,Correct,0.4435
semantic,6,dev_1889,yes,NO,no,no,Incorrect,0.426
semantic,6,dev_2093,yes,"NO, you cannot call the police without a SIM card, as it requires a",no,no,Incorrect,0.45289999999999997
semantic,6,dev_2213,yes,NO,no,no,Incorrect,0.15009999999999998
semantic,6,dev_2735,yes,I don't know.,i,idk,IDK,0.21430000000000002
semantic,6,dev_2836,yes,NO,no,no,Incorrect,0.44580000000000003
semantic,6,dev_0788,no,NO,no,no,Correct,0.4467
semantic,6,dev_0798,no,"NO, area code 669 is not a toll-free number. It is a",no,no,Correct,0.44839999999999997
semantic,6,dev_1249,no,"NO, C++ strings do not need to be null-terminated because they are",no,no,Correct,0.42810000000000004
semantic,6,dev_1458,no,NO,no,no,Correct,0.15209999999999999
semantic,6,dev_1584,no,NO,no,no,Correct,0.1524
semantic,6,dev_1589,no,"NO, a SIM-free phone does not lock to a network because it does not",no,no,Correct,0.426
semantic,6,dev_1657,no,NO,no,no,Correct,0.44780000000000003
semantic,6,dev_1691,no,I don't know.,i,idk,IDK,0.19219999999999998
semantic,6,dev_1943,no,YES,yes,yes,Incorrect,0.44160000000000005
semantic,6,dev_2682,no,YES,yes,yes,Incorrect,0.4433
semantic,6,dev_2712,no,"NO, A23 batteries and N batteries are not the same. A23 batteries",no,no,Correct,0.4258
semantic,6,dev_0427,no,NO,no,no,Correct,0.4455
semantic,6,dev_0531,no,NO,no,no,Correct,0.44580000000000003
semantic,6,dev_1915,no,"NO, ""The Hunchback of Notre-Dame"" is a work of fiction",no,no,Correct,0.44210000000000005
semantic,6,dev_1946,no,NO,no,no,Correct,0.44339999999999996
semantic,6,dev_2024,no,NO,no,no,Correct,0.42760000000000004
semantic,6,dev_2265,no,YES,yes,yes,Incorrect,0.4259
semantic,6,dev_0004,yes,NO,no,no,Incorrect,0.1714
semantic,6,dev_0241,yes,"YES, Mariah Carey wrote “All I Want for Christmas Is You” with",yes,yes,Correct,0.444
semantic,6,dev_0326,yes,NO,no,no,Incorrect,0.4452
semantic,6,dev_0525,yes,YES,yes,yes,Correct,0.4427
semantic,6,dev_0577,yes,YES,yes,yes,Correct,0.4447
semantic,6,dev_0799,yes,I don't know.,i,idk,IDK,0.2107
semantic,6,dev_0142,no,NO,no,no,Correct,0.4418
semantic,6,dev_0494,no,"NO, fitness in biology refers to an organism's ability to survive and reproduce in",no,no,Correct,0.438
semantic,6,dev_0527,no,NO,no,no,Correct,0.4427
semantic,6,dev_0566,no,NO,no,no,Correct,0.4248
semantic,6,dev_0648,no,"NO, evergreen trees do not lose their leaves in the winter.",no,no,Correct,0.42719999999999997
semantic,6,dev_0668,no,NO,no,no,Correct,0.443
semantic,6,dev_0749,no,"NO, sensory neurons are part of the peripheral nervous system, not the central nervous",no,no,Correct,0.446
semantic,6,dev_0790,no,"NO, great white sharks are typically found in the pelagic zone, not at",no,no,Correct,0.4537
semantic,6,dev_0867,no,I don't know.,i,idk,IDK,0.42369999999999997
semantic,6,dev_0921,no,NO,no,no,Correct,0.459
semantic,6,dev_1088,no,NO,no,no,Correct,0.4425
semantic,6,dev_1329,no,"NO, there is no bone in the earlobe. The earlobe",no,no,Correct,0.44289999999999996
semantic,6,dev_1402,no,NO,no,no,Correct,0.1497
semantic,6,dev_1428,no,"NO, sweat glands are not part of the lymphatic system. They are ex",no,no,Correct,0.42669999999999997
semantic,6,dev_1439,no,"NO, a groundhog and a mole are not the same thing. Groundh",no,no,Correct,0.44939999999999997
semantic,6,dev_0020,yes,YES,yes,yes,Correct,0.4219
semantic,6,dev_0027,yes,"YES, penguins have feathers arising from the epidermis, which is the outer",yes,yes,Correct,0.4225
semantic,6,dev_0047,yes,"YES, there is such a thing as a turkey vulture.",yes,yes,Correct,0.38239999999999996
semantic,6,dev_0070,yes,"YES, T. rex and Tyrannosaurus rex refer to the same dinosaur",yes,yes,Correct,0.4303
semantic,6,dev_0086,yes,"YES, a German Shepherd is the same as an Alsatian. Both terms refer",yes,yes,Correct,0.426
semantic,6,dev_0121,yes,YES,yes,yes,Correct,0.4413
semantic,6,dev_0131,yes,YES,yes,yes,Correct,0.44489999999999996
semantic,6,dev_0147,yes,"YES, the navel is the same as the belly button.",yes,yes,Correct,0.4001
semantic,6,dev_0159,yes,YES,yes,yes,Correct,0.449
semantic,6,dev_0190,yes,YES,yes,yes,Correct,0.42710000000000004
semantic,6,dev_0195,yes,"NO, alligators do not drown their prey and eat it later. They",no,no,Incorrect,0.4455
semantic,6,dev_0200,yes,YES,yes,yes,Correct,0.15159999999999998
semantic,6,dev_0214,yes,"YES, animal cells have a cell membrane.",yes,yes,Correct,0.4425
semantic,6,dev_0242,yes,YES,yes,yes,Correct,0.15259999999999999
semantic,6,dev_0522,yes,YES,yes,yes,Correct,0.4445
semantic,6,dev_0033,no,"NO, federal income tax and Social Security are different. Federal income tax is a",no,no,Correct,0.4258
semantic,6,dev_0123,no,"NO, public limited companies are not in the private sector; they are publicly traded",no,no,Correct,0.4432
semantic,6,dev_0501,no,NO,no,no,Correct,0.4446
semantic,6,dev_0526,no,"NO, Canadian dollars and American dollars are different currencies, with their own unique values",no,no,Correct,0.4209
semantic,6,dev_1076,no,"NO, while commercial banks are the most common targets of bank runs, other financial",no,no,Correct,0.44439999999999996
semantic,6,dev_1213,no,NO,no,no,Correct,0.4224
semantic,6,dev_1654,no,"NO, discouraged workers are not counted in the unemployment rate because they are not actively",no,no,Correct,0.4233
semantic,6,dev_1753,no,NO,no,no,Correct,0.4461
semantic,6,dev_1825,no,NO,no,no,Correct,0.4515
semantic,6,dev_2911,no,"NO, the United States has a floating exchange rate system.",no,no,Correct,0.37989999999999996
semantic,6,dev_2740,no,NO,no,no,Correct,0.426
semantic,6,dev_2517,no,NO,no,no,Correct,0.41869999999999996
semantic,6,dev_1139,yes,"YES, New Mexico has a state income tax.",yes,yes,Correct,0.3222
semantic,6,dev_0002,yes,YES,yes,yes,Correct,0.14909999999999998
semantic,6,dev_0773,yes,"YES, a company can be public but not listed. This typically refers to a",yes,yes,Correct,0.4258
semantic,6,dev_1186,yes,YES,yes,yes,Correct,0.4214
semantic,6,dev_1302,yes,YES,yes,yes,Correct,0.4254
semantic,6,dev_1349,yes,YES,yes,yes,Correct,0.4437
semantic,6,dev_1771,yes,YES,yes,yes,Correct,0.42119999999999996
semantic,6,dev_1804,yes,"YES, a two-dollar bill has monetary value and is legal tender in the United",yes,yes,Correct,0.42410000000000003
semantic,6,dev_1873,yes,YES,yes,yes,Correct,0.4452
semantic,6,dev_1963,yes,YES,yes,yes,Correct,0.1682
semantic,6,dev_2582,yes,YES,yes,yes,Correct,0.4295
semantic,6,dev_2598,yes,NO,no,no,Incorrect,0.43060000000000004
semantic,6,dev_3158,yes,I don't know.,i,idk,IDK,0.19319999999999998
semantic,6,dev_0551,no,NO,no,no,Correct,0.4235
semantic,6,dev_1158,no,I don't know.,i,idk,IDK,0.42519999999999997
semantic,6,dev_1364,no,NO,no,no,Correct,0.151
semantic,6,dev_1807,no,NO,no,no,Correct,0.4407
semantic,6,dev_2542,no,NO,no,no,Correct,0.14930000000000002
semantic,6,dev_2562,no,NO,no,no,Correct,0.4446
semantic,6,dev_3005,no,"NO, an English Bull Terrier is not a Pit Bull. They are distinct breeds",no,no,Correct,0.44039999999999996
semantic,6,dev_3194,no,NO,no,no,Correct,0.42460000000000003
semantic,6,dev_3195,no,"Yes, a boarding pass is the same as a ticket in the context of airline",yes,yes,Incorrect,0.44189999999999996
semantic,6,dev_0013,yes,I don't know.,i,idk,IDK,0.4278
semantic,6,dev_0043,yes,YES,yes,yes,Correct,0.444
semantic,6,dev_0052,yes,YES,yes,yes,Correct,0.15309999999999999
semantic,6,dev_0091,yes,"NO, a tablespoon is not bigger than a dessert spoon. A tablespoon is typically",no,no,Incorrect,0.42019999999999996
semantic,6,dev_0116,yes,YES,yes,yes,Correct,0.4435
semantic,6,dev_0288,yes,"NO, the UK primarily uses the 12-hour clock format, although the",no,no,Incorrect,0.4466
semantic,6,dev_0555,yes,"NO, ZIP code and postal code are not the same. ZIP code is a",no,no,Incorrect,0.4253
semantic,6,dev_0627,yes,I don't know.,i,idk,IDK,0.44380000000000003
semantic,6,dev_0831,yes,YES,yes,yes,Correct,0.4435
semantic,6,dev_0721,no,"NO, ""Night of the Living Dead"" is a work of fiction and not",no,no,Correct,0.44539999999999996
semantic,6,dev_0863,no,"NO, The Closer and Major Crimes are not the same. The Closer",no,no,Correct,0.4273
semantic,6,dev_1357,no,NO,no,no,Correct,0.4278
semantic,6,dev_1951,no,YES,yes,yes,Incorrect,0.4455
semantic,6,dev_2131,no,NO,no,no,Correct,0.4269
semantic,6,dev_2174,no,NO,no,no,Correct,0.4273
semantic,6,dev_2252,no,NO,no,no,Correct,0.42519999999999997
semantic,6,dev_2309,no,NO,no,no,Correct,0.44239999999999996
semantic,6,dev_2364,no,NO,no,no,Correct,0.42719999999999997
semantic,6,dev_3075,no,NO,no,no,Correct,0.4274
semantic,6,dev_3205,no,NO,no,no,Correct,0.1694
semantic,6,dev_0015,yes,"NO, Fantastic Beasts and Where to Find Them is not a prequel;",no,no,Incorrect,0.4482
semantic,6,dev_0153,yes,YES,yes,yes,Correct,0.4447
semantic,6,dev_0161,yes,NO,no,no,Incorrect,0.153
semantic,6,dev_0306,yes,I don't know.,i,idk,IDK,0.1951
semantic,6,dev_0334,yes,NO,no,no,Incorrect,0.15280000000000002
semantic,6,dev_0338,yes,YES,yes,yes,Correct,0.1675
semantic,6,dev_0493,yes,"NO, Love Child is not based on a true story. It is a fictional",no,no,Incorrect,0.4255
semantic,6,dev_0520,yes,YES,yes,yes,Correct,0.446
semantic,6,dev_0212,no,NO,no,no,Correct,0.4234
semantic,6,dev_0309,no,NO,no,no,Correct,0.4224
semantic,6,dev_0484,no,NO,no,no,Correct,0.1687
semantic,6,dev_0654,no,NO,no,no,Correct,0.4274
semantic,6,dev_0973,no,NO,no,no,Correct,0.4433
semantic,6,dev_1335,no,NO,no,no,Correct,0.4239
semantic,6,dev_1443,no,"NO, a lungo and an Americano are not the same. A lungo is",no,no,Correct,0.42610000000000003
semantic,6,dev_0284,yes,"NO, enameled cast iron does not leach iron into food because the",no,no,Incorrect,0.43789999999999996
semantic,6,dev_0330,yes,"YES, the white cover on brie cheese is an edible rind known as the",yes,yes,Correct,0.4263
semantic,6,dev_0443,yes,YES,yes,yes,Correct,0.425
semantic,6,dev_0975,yes,YES,yes,yes,Correct,0.4412
semantic,6,dev_1741,yes,YES,yes,yes,Correct,0.44110000000000005
semantic,6,dev_1770,yes,YES,yes,yes,Correct,0.427
semantic,6,dev_1860,no,NO,no,no,Correct,0.4275
semantic,6,dev_1967,yes,"NO, a caffe latte is not the same as a latte. A caffe latte",no,no,Incorrect,0.4412
semantic,6,dev_0236,no,"NO, straights do not have to be the same suit in poker.",no,no,Correct,0.42469999999999997
semantic,6,dev_0741,no,I don't know.,i,idk,IDK,0.1931
semantic,6,dev_1440,no,YES,yes,yes,Incorrect,0.4244
semantic,6,dev_2062,no,"NO, a queen cannot move like a knight. The queen moves any number of",no,no,Correct,0.434
semantic,6,dev_2109,no,"NO, Call of Duty: World at War is based on World War II,",no,no,Correct,0.4428
semantic,6,dev_2137,no,"NO, it is not possible to win chess with only a king, as the",no,no,Correct,0.42569999999999997
semantic,6,dev_0478,yes,YES,yes,yes,Correct,0.1677
semantic,6,dev_0545,yes,"YES, there is a storyline in Just Cause 3. The game follows the",yes,yes,Correct,0.4472
semantic,6,dev_1125,yes,"NO, Need for Speed games do not have a traditional story mode, but they",no,no,Incorrect,0.45280000000000004
semantic,6,dev_1137,yes,NO,no,no,Incorrect,0.4258
semantic,6,dev_1162,yes,YES,yes,yes,Correct,0.425
semantic,6,dev_1177,yes,YES,yes,yes,Correct,0.44480000000000003
semantic,6,dev_1444,yes,YES,yes,yes,Correct,0.4279
semantic,6,dev_0313,no,"NO, St. Kitts and Nevis is not a U.S. territory",no,no,Correct,0.445
semantic,6,dev_0823,no,NO,no,no,Correct,0.44489999999999996
semantic,6,dev_0839,no,NO,no,no,Correct,0.1693
semantic,6,dev_1222,no,NO,no,no,Correct,0.42710000000000004
semantic,6,dev_1254,no,NO,no,no,Correct,0.4259
semantic,6,dev_1269,no,NO,no,no,Correct,0.4476
semantic,6,dev_1334,no,"NO, Patagonia is not a country in its own right. It is a region",no,no,Correct,0.42819999999999997
semantic,6,dev_0184,yes,YES,yes,yes,Correct,0.1527
semantic,6,dev_0322,yes,YES,yes,yes,Correct,0.15319999999999998
semantic,6,dev_0557,yes,YES,yes,yes,Correct,0.42769999999999997
semantic,6,dev_0573,yes,YES,yes,yes,Correct,0.42610000000000003
semantic,6,dev_1179,yes,"NO, Phoenix is in the Mountain Time Zone, while Denver is in the Mountain",no,no,Incorrect,0.4452
semantic,6,dev_0619,yes,YES,yes,yes,Correct,0.1502
semantic,6,dev_0650,yes,YES,yes,yes,Correct,0.4428
semantic,6,dev_0734,yes,YES,yes,yes,Correct,0.42819999999999997
semantic,6,dev_0061,no,"NO, an EMT-Basic typically cannot start an IV as it requires more advanced",no,no,Correct,0.4269
semantic,6,dev_0124,no,NO,no,no,Correct,0.15309999999999999
semantic,6,dev_0914,no,"NO, stroke volume refers to the amount of blood pumped by the heart with each",no,no,Correct,0.4279
semantic,6,dev_0955,no,"NO, mycosis fungoides is not caused by a fungal infection.",no,no,Correct,0.4274
semantic,6,dev_1610,no,"NO, soft-tissue damage can refer to a variety of injuries, including spr",no,no,Correct,0.44089999999999996
semantic,6,dev_1790,no,"NO, the lining of the uterus does not shed during implantation. The shedding of",no,no,Correct,0.4407
semantic,6,dev_2096,no,NO,no,no,Correct,0.44310000000000005
semantic,6,dev_2277,no,"NO, high dependency and intensive care are not the same. High dependency units provide",no,no,Correct,0.44139999999999996
semantic,6,dev_2499,no,NO,no,no,Correct,0.4437
semantic,6,dev_1959,yes,YES,yes,yes,Correct,0.42369999999999997
semantic,6,dev_1992,yes,"NO, rabies cannot be transmitted from person to person. Rabies is primarily",no,no,Incorrect,0.4427
semantic,6,dev_2047,yes,I don't know.,i,idk,IDK,0.4259
semantic,6,dev_1656,yes,I don't know.,i,idk,IDK,0.1951
semantic,6,dev_1663,yes,YES,yes,yes,Correct,0.4482
semantic,6,dev_1752,yes,"YES, triamcinolone cream can be used for poison ivy as it is",yes,yes,Correct,0.4427
semantic,6,dev_2049,yes,"YES, the common femoral vein is a deep vein.",yes,yes,Correct,0.3851
semantic,6,dev_2050,yes,YES,yes,yes,Correct,0.4467
semantic,6,dev_1442,yes,YES,yes,yes,Correct,0.42260000000000003
semantic,6,dev_0301,no,"NO, the Berlin Wall and the Berlin Blockade are not the same. The",no,no,Correct,0.4472
semantic,6,dev_0480,no,"NO, we do not still follow the Articles of Confederation. The Articles of",no,no,Correct,0.4683
semantic,6,dev_1290,no,NO,no,no,Correct,0.4615
semantic,6,dev_1819,no,NO,no,no,Correct,0.4456
semantic,6,dev_2206,no,"NO, the Emancipation Proclamation, issued by President Abraham Lincoln in",no,no,Correct,0.4472
semantic,6,dev_0376,yes,I don't know.,i,idk,IDK,0.20959999999999998
semantic,6,dev_0346,yes,YES,yes,yes,Correct,0.4512
semantic,6,dev_0363,yes,YES,yes,yes,Correct,0.42710000000000004
semantic,6,dev_0535,yes,NO,no,no,Incorrect,0.4445
semantic,6,dev_0629,yes,YES,yes,yes,Correct,0.44789999999999996
semantic,6,dev_0179,no,"NO, U.S. courts of appeals do not have original jurisdiction. They primarily",no,no,Correct,0.4274
semantic,6,dev_0402,no,"NO, polygamy is illegal in the UK and having more than one wife",no,no,Correct,0.4254
semantic,6,dev_0513,no,I don't know.,i,idk,IDK,0.2115
semantic,6,dev_0606,no,"NO, it is not legal to escape from prison in Germany. Escaping from",no,no,Correct,0.4259
semantic,6,dev_0630,no,YES,yes,yes,Incorrect,0.44160000000000005
semantic,6,dev_0795,no,NO,no,no,Correct,0.459
semantic,6,dev_1457,no,"NO, the Civil Rights Act is not part of the U.S. Constitution.",no,no,Correct,0.45080000000000003
semantic,6,dev_1776,no,NO,no,no,Correct,0.42710000000000004
semantic,6,dev_1862,no,NO,no,no,Correct,0.42619999999999997
semantic,6,dev_1911,no,"NO, there is no mandatory retirement age for U.S. Supreme Court justices",no,no,Correct,0.448
semantic,6,dev_2755,no,NO,no,no,Correct,0.44480000000000003
semantic,6,dev_2756,no,NO,no,no,Correct,0.4535
semantic,6,dev_2921,no,I don't know.,i,idk,IDK,0.4573
semantic,6,dev_2972,no,"NO, commercial law and corporate law are not the same. Commercial law deals with",no,no,Correct,0.4363
semantic,6,dev_0009,yes,"YES, with certain conditions. You can drive in Canada with a US license for",yes,yes,Correct,0.44439999999999996
semantic,6,dev_0038,yes,I don't know.,i,idk,IDK,0.42710000000000004
semantic,6,dev_0129,yes,I don't know. The answer may depend on specific circumstances and local laws.,i,idk,IDK,0.42369999999999997
semantic,6,dev_0202,yes,YES,yes,yes,Correct,0.15
semantic,6,dev_0308,yes,YES,yes,yes,Correct,0.15319999999999998
semantic,6,dev_0584,yes,YES,yes,yes,Correct,0.42719999999999997
semantic,6,dev_0644,yes,YES,yes,yes,Correct,0.1709
semantic,6,dev_0653,yes,YES,yes,yes,Correct,0.4268
semantic,6,dev_0671,yes,"YES, the state of Kansas has the death penalty.",yes,yes,Correct,0.34
semantic,6,dev_0757,yes,YES,yes,yes,Correct,0.4259
semantic,6,dev_1059,yes,YES,yes,yes,Correct,0.429
semantic,6,dev_1067,yes,"YES, the Preamble is a part of the Indian Constitution. It serves as",yes,yes,Correct,0.45080000000000003
semantic,6,dev_1097,yes,YES,yes,yes,Correct,0.4428
semantic,6,dev_1131,yes,YES,yes,yes,Correct,0.43089999999999995
semantic,6,dev_1324,yes,"YES, a flask typically counts as an open container under public possession laws.",yes,yes,Correct,0.4238
semantic,6,dev_0305,no,NO,no,no,Correct,0.4273
semantic,6,dev_0465,no,NO,no,no,Correct,0.45339999999999997
semantic,6,dev_0508,no,"NO, according to the 22nd Amendment to the U.S. Constitution,",no,no,Correct,0.42710000000000004
semantic,6,dev_0518,no,"NO, the Justice Department is part of the executive branch, specifically under the Department",no,no,Correct,0.426
semantic,6,dev_0572,no,I don't know.,i,idk,IDK,0.44189999999999996
semantic,6,dev_0898,no,NO,no,no,Correct,0.44289999999999996
semantic,6,dev_1154,no,NO,no,no,Correct,0.42769999999999997
semantic,6,dev_1221,no,"NO, a filibuster is not possible in the House of Representatives because it",no,no,Correct,0.4482
semantic,6,dev_1244,no,NO,no,no,Correct,0.1495
semantic,6,dev_1245,no,NO,no,no,Correct,0.1699
semantic,6,dev_1273,no,"NO, Guam is not part of the U.S. Virgin Islands. They are",no,no,Correct,0.4481
semantic,6,dev_0647,yes,YES,yes,yes,Correct,0.4218
semantic,6,dev_0254,yes,YES,yes,yes,Correct,0.44830000000000003
semantic,6,dev_0486,yes,YES,yes,yes,Correct,0.44789999999999996
semantic,6,dev_0736,yes,YES,yes,yes,Correct,0.444
semantic,6,dev_0814,yes,"NO, the Air Force does not have ground combat troops. It primarily focuses on",no,no,Incorrect,0.4536
semantic,6,dev_1477,yes,YES,yes,yes,Correct,0.14980000000000002
semantic,6,dev_1721,yes,YES,yes,yes,Correct,0.44339999999999996
semantic,6,dev_1786,yes,"YES, New York City still has rent control.",yes,yes,Correct,0.3381
semantic,6,dev_1970,yes,YES,yes,yes,Correct,0.4466
semantic,6,dev_1985,yes,YES,yes,yes,Correct,0.4571
semantic,6,dev_2448,no,NO,no,no,Correct,0.439
semantic,6,dev_0066,yes,YES,yes,yes,Correct,0.13019999999999998
semantic,6,dev_0088,yes,"YES, it is possible to create mass from energy according to Einstein's equation E",yes,yes,Correct,0.42719999999999997
semantic,6,dev_0196,yes,"YES, T. rex skulls have been found, with the most famous being",yes,yes,Correct,0.4382
semantic,6,dev_0262,yes,"YES, a real image can be projected onto a screen. A real image is",yes,yes,Correct,0.4258
semantic,6,dev_0271,yes,YES,yes,yes,Correct,0.1514
semantic,6,dev_0329,yes,YES,yes,yes,Correct,0.44480000000000003
semantic,6,dev_0331,yes,"YES, a wheel and axle is a simple machine.",yes,yes,Correct,0.3609
semantic,6,dev_0387,yes,YES,yes,yes,Correct,0.4228
semantic,6,dev_0418,yes,"Yes, it is possible to have thunder and lightning while snowing, although it",yes,yes,Correct,0.42769999999999997
semantic,6,dev_0616,yes,YES,yes,yes,Correct,0.42760000000000004
semantic,6,dev_0638,yes,"YES, all rhombuses have two pairs of parallel sides.",yes,yes,Correct,0.4012
semantic,6,dev_0657,yes,YES,yes,yes,Correct,0.4418
semantic,6,dev_0692,yes,YES,yes,yes,Correct,0.4462
semantic,6,dev_0744,yes,I don't know.,i,idk,IDK,0.192
semantic,6,dev_0797,yes,"YES, average velocity has a direction associated with it, as it is a vector",yes,yes,Correct,0.42660000000000003
semantic,6,dev_0842,yes,"YES, diffraction effects can be seen in sound waves, just as they can in",yes,yes,Correct,0.4308
semantic,6,dev_1379,yes,"NO, talc is a mineral composed of magnesium, silicon, and oxygen,",no,no,Incorrect,0.4274
semantic,6,dev_0126,no,"NO, according to the theory of relativity, nothing with mass can travel faster",no,no,Correct,0.45139999999999997
semantic,6,dev_0342,no,NO,no,no,Correct,0.42810000000000004
semantic,6,dev_0437,no,I don't know,i,idk,IDK,0.4238
semantic,6,dev_0553,no,"NO, not all angles are equal in a parallelogram. Opposite angles",no,no,Correct,0.44360000000000005
semantic,6,dev_0652,no,"NO, the square root of 3 is not a rational number.",no,no,Correct,0.448
semantic,6,dev_0708,no,"NO, a negative number cannot be a perfect square because the square of any real",no,no,Correct,0.4248
semantic,6,dev_1083,no,NO,no,no,Correct,0.44489999999999996
semantic,6,dev_1142,no,"NO, quantum entanglement cannot transfer information faster than light. While entangled",no,no,Correct,0.45039999999999997
semantic,6,dev_1354,no,I don't know.,i,idk,IDK,0.4265
semantic,6,dev_1460,no,I don't know.,i,idk,IDK,0.2109
semantic,6,dev_1468,no,NO,no,no,Correct,0.1681
semantic,6,dev_1559,no,"YES, log x is the same as ln x when the base of the logarith",yes,yes,Incorrect,0.4265
semantic,6,dev_1595,no,NO,no,no,Correct,0.4265
semantic,6,dev_1643,no,"NO, static pressure is not the same as atmospheric pressure. Static pressure refers to",no,no,Correct,0.42610000000000003
semantic,6,dev_1692,no,NO,no,no,Correct,0.442
semantic,6,dev_1726,no,"NO, the vagus nerve is part of the peripheral nervous system (PNS",no,no,Correct,0.44430000000000003
semantic,6,dev_0008,yes,"YES, the word ""quay"" is an example of an English word with",yes,yes,Correct,0.42719999999999997
semantic,6,dev_0323,yes,YES,yes,yes,Correct,0.44339999999999996
semantic,6,dev_0794,yes,YES,yes,yes,Correct,0.4279
semantic,6,dev_0866,yes,YES,yes,yes,Correct,0.42219999999999996
semantic,6,dev_0910,yes,YES,yes,yes,Correct,0.4265
semantic,6,dev_0992,yes,YES,yes,yes,Correct,0.4442
semantic,6,dev_1446,yes,"NO, the Church of England and the Anglican Church are not the same. The",no,no,Incorrect,0.445
semantic,6,dev_0294,no,NO,no,no,Correct,0.427
semantic,6,dev_0521,no,NO,no,no,Correct,0.44380000000000003
semantic,6,dev_0943,no,NO,no,no,Correct,0.44339999999999996
semantic,6,dev_1887,no,NO,no,no,Correct,0.44380000000000003
semantic,6,dev_2892,no,YES,yes,yes,Incorrect,0.44380000000000003
semantic,6,dev_2691,no,NO,no,no,Correct,0.151
semantic,6,dev_0065,yes,YES,yes,yes,Correct,0.44989999999999997
semantic,6,dev_0245,yes,"NO, in American football, a player can only advance the ball once per play",no,no,Incorrect,0.42860000000000004
semantic,6,dev_0315,yes,NO,no,no,Incorrect,0.43110000000000004
semantic,6,dev_0361,yes,YES,yes,yes,Correct,0.42760000000000004
semantic,6,dev_0550,yes,"NO, there have never been tie games in baseball. The game is always decided",no,no,Incorrect,0.44439999999999996
semantic,6,dev_0595,yes,"NO, the Ivy League does not have a basketball tournament. Instead, Ivy League",no,no,Incorrect,0.426
semantic,6,dev_0966,yes,YES,yes,yes,Correct,0.4465
semantic,6,dev_1078,yes,YES,yes,yes,Correct,0.42410000000000003
semantic,6,dev_1224,yes,I don't know.,i,idk,IDK,0.2109
semantic,6,dev_1251,yes,"YES, Croatia has placed in the World Cup. They reached the quarter-finals in",yes,yes,Correct,0.44930000000000003
semantic,6,dev_1260,yes,I don't know.,i,idk,IDK,0.19080000000000003
semantic,6,dev_1278,yes,YES,yes,yes,Correct,0.44360000000000005
semantic,6,dev_1462,yes,YES,yes,yes,Correct,0.4422
semantic,6,dev_1494,yes,YES,yes,yes,Correct,0.44930000000000003
semantic,6,dev_1543,yes,YES,yes,yes,Correct,0.42710000000000004
semantic,6,dev_2012,yes,"NO, Dwight Howard did not play for the Houston Rockets. He played for the",no,no,Incorrect,0.4465
semantic,6,dev_2118,yes,"YES, with enough force and leverage, it is possible to break someone's wrist by",yes,yes,Correct,0.43289999999999995
semantic,6,dev_2272,yes,YES,yes,yes,Correct,0.42760000000000004
semantic,6,dev_2338,yes,I don't know.,i,idk,IDK,0.42769999999999997
semantic,6,dev_2498,yes,YES,yes,yes,Correct,0.4452
semantic,6,dev_2509,yes,YES,yes,yes,Correct,0.44489999999999996
semantic,6,dev_2917,yes,YES,yes,yes,Correct,0.4244
semantic,6,dev_2966,yes,NO,no,no,Incorrect,0.4041
semantic,6,dev_2974,yes,YES,yes,yes,Correct,0.445
semantic,6,dev_3007,yes,YES,yes,yes,Correct,0.4432
semantic,6,dev_3199,yes,"YES, club professionals have won the PGA Championship. For example, Tom Watson,",yes,yes,Correct,0.42660000000000003
semantic,6,dev_0222,no,"NO, NCAA basketballs are smaller than NBA basketballs.",no,no,Correct,0.36219999999999997
semantic,6,dev_0398,no,"NO, you cannot score directly from a throw-in in soccer. The ball must",no,no,Correct,0.44439999999999996
semantic,6,dev_0426,no,"NO, a soccer goalie cannot pick up a throw-in, as only the player",no,no,Correct,0.44930000000000003
semantic,6,dev_0464,no,NO,no,no,Correct,0.4253
semantic,6,dev_0563,no,NO,no,no,Correct,0.442
semantic,6,dev_0658,no,"NO, a walk in baseball is not a dead ball situation. It is a",no,no,Correct,0.44739999999999996
semantic,6,dev_1366,no,NO,no,no,Correct,0.15009999999999998
semantic,6,dev_1471,no,"NO, a player cannot be offside on a throw-in, as the off",no,no,Correct,0.45089999999999997
semantic,6,dev_1558,no,"NO, the FIFA World Cup is not held every year. It is a quad",no,no,Correct,0.42719999999999997
semantic,6,dev_1580,no,NO,no,no,Correct,0.4283
semantic,6,dev_2401,no,"NO, a batsman cannot be run out on a no-ball. A no",no,no,Correct,0.4451
semantic,6,dev_2436,no,NO,no,no,Correct,0.44380000000000003
semantic,6,dev_3224,no,NO,no,no,Correct,0.4422
semantic,6,dev_0022,yes,"NO, a spark plug alone cannot keep an engine running. It is just one",no,no,Incorrect,0.4254
semantic,6,dev_0132,yes,YES,yes,yes,Correct,0.42760000000000004
semantic,6,dev_0268,yes,YES,yes,yes,Correct,0.44480000000000003
semantic,6,dev_0646,yes,"YES, multithreading can still be useful on a single processor as it allows",yes,yes,Correct,0.43339999999999995
semantic,6,dev_0697,yes,YES,yes,yes,Correct,0.426
semantic,6,dev_0935,yes,"YES, we can have multiple foreign keys in a table. A foreign key is",yes,yes,Correct,0.4275
semantic,6,dev_1159,yes,YES,yes,yes,Correct,0.425
semantic,6,dev_1376,yes,YES,yes,yes,Correct,0.42819999999999997
semantic,6,dev_1646,yes,YES,yes,yes,Correct,0.4475
semantic,6,dev_1869,yes,"Yes, a database table can have multiple foreign keys. Each foreign key establishes a",yes,yes,Correct,0.444
semantic,6,dev_2397,yes,YES,yes,yes,Correct,0.42510000000000003
semantic,6,dev_0512,no,NO,no,no,Correct,0.4435
semantic,6,dev_1524,no,NO,no,no,Correct,0.4259
semantic,6,dev_1675,no,I don't know.,i,idk,IDK,0.2107
semantic,6,dev_1723,no,I don't know.,i,idk,IDK,0.4447
semantic,6,dev_2027,no,NO,no,no,Correct,0.4582
semantic,6,dev_2104,no,YES,yes,yes,Incorrect,0.4284
semantic,6,dev_2262,no,NO,no,no,Correct,0.42710000000000004
semantic,6,dev_2431,no,"NO, in a tree, each node can have at most one parent.",no,no,Correct,0.4254
semantic,6,dev_2524,no,NO,no,no,Correct,0.44380000000000003
semantic,6,dev_3057,no,"NO, Windows Subsystem for Linux (WSL) is not a virtual machine",no,no,Correct,0.42319999999999997
semantic,6,dev_3167,no,"NO, gear oil and motor oil are not the same. Gear oil is specifically",no,no,Correct,0.44260000000000005
semantic,11,dev_0023,yes,NO,no,no,Incorrect,0.5199
semantic,11,dev_0039,no,YES,yes,yes,Incorrect,0.2557
semantic,11,dev_0055,no,YES,yes,yes,Incorrect,0.25839999999999996
semantic,11,dev_0059,no,YES,yes,yes,Incorrect,0.5676
semantic,11,dev_0068,no,NO,no,no,Correct,0.5268999999999999
semantic,11,dev_0087,yes,NO,no,no,Incorrect,0.2616
semantic,11,dev_0107,no,YES,yes,yes,Incorrect,0.2596
semantic,11,dev_0120,yes,NO,no,no,Incorrect,0.5461
semantic,11,dev_0138,no,YES,yes,yes,Incorrect,0.572
semantic,11,dev_0151,no,NO,no,no,Correct,0.5492
semantic,11,dev_0163,yes,NO,no,no,Incorrect,0.24330000000000002
semantic,11,dev_0165,no,YES,yes,yes,Incorrect,0.5307999999999999
semantic,11,dev_0207,no,NO,no,no,Correct,0.281
semantic,11,dev_0210,no,NO,no,no,Correct,0.5707000000000001
semantic,11,dev_0221,no,YES,yes,yes,Incorrect,0.2595
semantic,11,dev_0229,yes,YES,yes,yes,Correct,0.5509
semantic,11,dev_0237,no,I don't know.,i,idk,IDK,0.5705
semantic,11,dev_0243,no,YES,yes,yes,Incorrect,0.5501
semantic,11,dev_0248,yes,YES,yes,yes,Correct,0.5539
semantic,11,dev_0249,yes,NO,no,no,Incorrect,0.5532999999999999
semantic,11,dev_0251,yes,NO,no,no,Incorrect,0.5468
semantic,11,dev_0257,yes,NO,no,no,Incorrect,0.5569
semantic,11,dev_0270,no,"NO, there is no U.S. state where the drinking age is 18",no,no,Correct,0.5532
semantic,11,dev_0287,yes,"NO, a fair catch cannot be called on a kickoff. A fair catch is",no,no,Incorrect,0.58
semantic,11,dev_0295,no,"YES, there is a difference between doves and pigeons. Doves are",yes,yes,Incorrect,0.5456
semantic,11,dev_0298,yes,NO,no,no,Incorrect,0.5552999999999999
semantic,11,dev_0312,no,I don't know.,i,idk,IDK,0.5265
semantic,11,dev_0316,yes,"NO, the internal intercostal muscles contract during forced exhalation, not",no,no,Incorrect,0.5755
semantic,11,dev_0318,yes,YES,yes,yes,Correct,0.2605
semantic,11,dev_0321,yes,YES,yes,yes,Correct,0.5747000000000001
semantic,11,dev_0333,yes,NO,no,no,Incorrect,0.5792
semantic,11,dev_0336,no,YES,yes,yes,Incorrect,0.5512999999999999
semantic,11,dev_0343,yes,NO,no,no,Incorrect,0.5525
semantic,11,dev_0352,no,"NO, you cannot score off a throw-in in soccer.",no,no,Correct,0.5754
semantic,11,dev_0355,no,NO,no,no,Correct,0.5477000000000001
semantic,11,dev_0364,no,"NO, a wicket keeper is not mandatory in cricket. However, it is a",no,no,Correct,0.5702
semantic,11,dev_0366,no,YES,yes,yes,Incorrect,0.5745
semantic,11,dev_0406,no,YES,yes,yes,Incorrect,0.5378999999999999
semantic,11,dev_0428,no,"NO, peroxide and hydrogen peroxide are not the same thing. Peroxide refers to",no,no,Correct,0.5471
semantic,11,dev_0429,yes,YES,yes,yes,Correct,0.55
semantic,11,dev_0430,yes,NO,no,no,Incorrect,0.5742
semantic,11,dev_0436,no,YES,yes,yes,Incorrect,0.2853
semantic,11,dev_0441,no,NO,no,no,Correct,0.5741
semantic,11,dev_0442,yes,YES,yes,yes,Correct,0.24259999999999998
semantic,11,dev_0479,no,YES,yes,yes,Incorrect,0.573
semantic,11,dev_0481,no,NO,no,no,Correct,0.5492
semantic,11,dev_0482,no,NO,no,no,Correct,0.5524
semantic,11,dev_0487,no,YES,yes,yes,Incorrect,0.5467000000000001
semantic,11,dev_0504,yes,NO,no,no,Incorrect,0.5528
semantic,11,dev_0509,no,"Yes, the AR-15 is used in the military.",yes,yes,Incorrect,0.5529
semantic,11,dev_0532,no,YES,yes,yes,Incorrect,0.5782
semantic,11,dev_0534,no,I don't know.,i,idk,IDK,0.32639999999999997
semantic,11,dev_0536,yes,NO,no,no,Incorrect,0.5511
semantic,11,dev_0537,no,YES,yes,yes,Incorrect,0.578
semantic,11,dev_0546,yes,NO,no,no,Incorrect,0.579
semantic,11,dev_0560,no,NO,no,no,Correct,0.5572
semantic,11,dev_0568,no,NO,no,no,Correct,0.546
semantic,11,dev_0569,no,NO,no,no,Correct,0.5305
semantic,11,dev_0588,yes,NO,no,no,Incorrect,0.5728
semantic,11,dev_0594,no,YES,yes,yes,Incorrect,0.5746
semantic,11,dev_0596,no,"NO, C# is a programming language, while Visual C# is an integrated",no,no,Correct,0.551
semantic,11,dev_0598,yes,NO,no,no,Incorrect,0.5463
semantic,11,dev_0612,yes,NO,no,no,Incorrect,0.2591
semantic,11,dev_0617,yes,YES,yes,yes,Correct,0.5734
semantic,11,dev_0662,yes,NO,no,no,Incorrect,0.5492
semantic,11,dev_0678,no,NO,no,no,Correct,0.5474
semantic,11,dev_0696,no,"YES, there is a seat belt law in New Hampshire.",yes,yes,Incorrect,0.5281
semantic,11,dev_0711,yes,NO,no,no,Incorrect,0.5466
semantic,11,dev_0718,yes,"NO, Chicago is the third largest city in Illinois, not the United States.",no,no,Incorrect,0.547
semantic,11,dev_0724,no,YES,yes,yes,Incorrect,0.5526
semantic,11,dev_0731,no,"NO, egg drop soup typically contains cooked eggs, not raw eggs.",no,no,Correct,0.5255
semantic,11,dev_0737,no,NO,no,no,Correct,0.5461
semantic,11,dev_0754,yes,NO,no,no,Incorrect,0.571
semantic,11,dev_0759,no,NO,no,no,Correct,0.5293
semantic,11,dev_0764,yes,NO,no,no,Incorrect,0.529
semantic,11,dev_0782,yes,NO,no,no,Incorrect,0.25889999999999996
semantic,11,dev_0817,no,I don't know,i,idk,IDK,0.5953999999999999
semantic,11,dev_0829,no,YES,yes,yes,Incorrect,0.26389999999999997
semantic,11,dev_0832,no,YES,yes,yes,Incorrect,0.5549
semantic,11,dev_0837,yes,"NO, universal healthcare and socialized medicine are not the same thing. Universal healthcare",no,no,Incorrect,0.5742
semantic,11,dev_0853,no,NO,no,no,Correct,0.5739
semantic,11,dev_0854,no,"NO, elephants are not at the top of the food chain; they are herb",no,no,Correct,0.5477000000000001
semantic,11,dev_0862,no,"YES, we have to say 'check' in chess when a player's king is",yes,yes,Incorrect,0.5726
semantic,11,dev_0871,yes,NO,no,no,Incorrect,0.5318999999999999
semantic,11,dev_0916,yes,NO,no,no,Incorrect,0.5512
semantic,11,dev_0922,yes,NO,no,no,Incorrect,0.5705
semantic,11,dev_0933,no,YES,yes,yes,Incorrect,0.5777
semantic,11,dev_0934,yes,NO,no,no,Incorrect,0.2616
semantic,11,dev_0940,yes,NO,no,no,Incorrect,0.244
semantic,11,dev_0944,no,NO,no,no,Correct,0.5948
semantic,11,dev_0952,yes,NO,no,no,Incorrect,0.5556
semantic,11,dev_0958,yes,YES,yes,yes,Correct,0.24380000000000002
semantic,11,dev_0981,no,NO,no,no,Correct,0.5508
semantic,11,dev_0991,yes,"NO, you do not need a license to watch TV in England, but you",no,no,Incorrect,0.5536
semantic,11,dev_0994,yes,NO,no,no,Incorrect,0.5748
semantic,11,dev_0996,no,NO,no,no,Correct,0.5521
semantic,11,dev_1006,no,I don't know,i,idk,IDK,0.5241
semantic,11,dev_1011,no,YES,yes,yes,Incorrect,0.5528
semantic,11,dev_1022,yes,"NO, enterprise value and firm value are not the same. Enterprise value is a",no,no,Incorrect,0.5766
semantic,11,dev_1049,no,"NO, a red panda is not related to a panda. They are different species",no,no,Correct,0.5512
semantic,11,dev_1062,yes,NO,no,no,Incorrect,0.5514
semantic,11,dev_1075,yes,NO,no,no,Incorrect,0.5498
semantic,11,dev_1102,no,"YES, there is a difference between sweating and perspiring. Sweating is the",yes,yes,Incorrect,0.5516
semantic,11,dev_1110,yes,NO,no,no,Incorrect,0.5262
semantic,11,dev_1112,no,"NO, nuclear power is the use of nuclear reactions, such as nuclear fission",no,no,Correct,0.5777
semantic,11,dev_1113,yes,NO,no,no,Incorrect,0.5288999999999999
semantic,11,dev_1121,no,NO,no,no,Correct,0.5527000000000001
semantic,11,dev_1133,no,NO,no,no,Correct,0.5772999999999999
semantic,11,dev_1138,yes,NO,no,no,Incorrect,0.2424
semantic,11,dev_1146,yes,NO,no,no,Incorrect,0.5308999999999999
semantic,11,dev_1155,yes,NO,no,no,Incorrect,0.5532999999999999
semantic,11,dev_1175,no,"YES, Michigan was a state during the Civil War.",yes,yes,Incorrect,0.5062
semantic,11,dev_1178,no,YES,yes,yes,Incorrect,0.5702999999999999
semantic,11,dev_1183,yes,NO,no,no,Incorrect,0.5526
semantic,11,dev_1196,no,YES,yes,yes,Incorrect,0.5341
semantic,11,dev_1204,yes,NO,no,no,Incorrect,0.5724
semantic,11,dev_1205,no,"NO, you cannot take out the king in chess. The king is the most",no,no,Correct,0.5476
semantic,11,dev_1209,yes,NO,no,no,Incorrect,0.5527000000000001
semantic,11,dev_1227,no,"NO, 1 is not considered a prime factor of any number in number theory",no,no,Correct,0.5448999999999999
semantic,11,dev_1229,no,NO,no,no,Correct,0.2396
semantic,11,dev_1230,yes,YES,yes,yes,Correct,0.5458999999999999
semantic,11,dev_1235,no,YES,yes,yes,Incorrect,0.5464
semantic,11,dev_1239,yes,NO,no,no,Incorrect,0.5308999999999999
semantic,11,dev_1241,no,YES,yes,yes,Incorrect,0.5483
semantic,11,dev_1250,yes,YES,yes,yes,Correct,0.5696
semantic,11,dev_1256,yes,YES,yes,yes,Correct,0.2582
semantic,11,dev_1261,no,"YES, Louisiana has a state income tax.",yes,yes,Incorrect,0.4403
semantic,11,dev_1267,no,YES,yes,yes,Incorrect,0.5487000000000001
semantic,11,dev_1271,no,YES,yes,yes,Incorrect,0.5754
semantic,11,dev_1283,yes,NO,no,no,Incorrect,0.5266000000000001
semantic,11,dev_1285,no,YES,yes,yes,Incorrect,0.572
semantic,11,dev_1286,no,"YES, there is a difference between lightning bugs and fireflies. Lightning bugs belong",yes,yes,Incorrect,0.5716
semantic,11,dev_1294,yes,NO,no,no,Incorrect,0.2417
semantic,11,dev_1296,yes,NO,no,no,Incorrect,0.573
semantic,11,dev_1303,no,"NO, you do not have to touch the ball to be offside in soccer",no,no,Correct,0.5483
semantic,11,dev_1307,yes,NO,no,no,Incorrect,0.5702999999999999
semantic,11,dev_1311,yes,NO,no,no,Incorrect,0.5497000000000001
semantic,11,dev_1316,yes,NO,no,no,Incorrect,0.553
semantic,11,dev_1317,no,"NO, planets are not involved in the formation of an actual planetary nebula.",no,no,Correct,0.5722
semantic,11,dev_1333,yes,YES,yes,yes,Correct,0.551
semantic,11,dev_1336,yes,"NO, the central nervous system (CNS) consists of the brain and spinal",no,no,Incorrect,0.5767
semantic,11,dev_1345,no,YES,yes,yes,Incorrect,0.5285
semantic,11,dev_1359,no,"NO, you cannot give yourself an assist in basketball because an assist is credited to",no,no,Correct,0.5529
semantic,11,dev_1370,yes,YES,yes,yes,Correct,0.531
semantic,11,dev_1371,no,YES,yes,yes,Incorrect,0.552
semantic,11,dev_1372,yes,NO,no,no,Incorrect,0.5504
semantic,11,dev_1382,no,NO,no,no,Correct,0.5505
semantic,11,dev_1406,no,"NO, the Postmaster General is not appointed by the president. They are appointed",no,no,Correct,0.5707000000000001
semantic,11,dev_1408,yes,"NO, in baseball, a baserunner cannot advance to the next base on",no,no,Incorrect,0.5704
semantic,11,dev_1413,yes,NO,no,no,Incorrect,0.5698
semantic,11,dev_1419,yes,NO,no,no,Incorrect,0.26039999999999996
semantic,11,dev_1420,yes,NO,no,no,Incorrect,0.5502
semantic,11,dev_1423,no,YES,yes,yes,Incorrect,0.5492999999999999
semantic,11,dev_1424,no,YES,yes,yes,Incorrect,0.5509
semantic,11,dev_1436,no,NO,no,no,Correct,0.5291
semantic,11,dev_1438,yes,NO,no,no,Incorrect,0.5768
semantic,11,dev_1452,no,I don't know,i,idk,IDK,0.3063
semantic,11,dev_1455,yes,"NO, the abdomen is the entire body region that includes the stomach, but it",no,no,Incorrect,0.5461
semantic,11,dev_1464,no,"NO, a sweet potato is not part of the potato family. Sweet potatoes belong",no,no,Correct,0.5992999999999999
semantic,11,dev_1467,yes,YES,yes,yes,Correct,0.5719
semantic,11,dev_1473,yes,YES,yes,yes,Correct,0.5521
semantic,11,dev_1489,yes,NO,no,no,Incorrect,0.554
semantic,11,dev_1498,yes,YES,yes,yes,Correct,0.553
semantic,11,dev_1508,no,YES,yes,yes,Incorrect,0.5752999999999999
semantic,11,dev_1515,no,YES,yes,yes,Incorrect,0.3075
semantic,11,dev_1517,yes,"NO, hydraulic fluid and brake fluid have different properties and are not interchangeable. Using",no,no,Incorrect,0.5502
semantic,11,dev_1528,yes,NO,no,no,Incorrect,0.5504
semantic,11,dev_1533,no,YES,yes,yes,Incorrect,0.26339999999999997
semantic,11,dev_1534,no,NO,no,no,Correct,0.548
semantic,11,dev_1546,yes,NO,no,no,Incorrect,0.5768
semantic,11,dev_1552,yes,NO,no,no,Incorrect,0.5519
semantic,11,dev_1557,no,YES,yes,yes,Incorrect,0.5304
semantic,11,dev_1563,no,YES,yes,yes,Incorrect,0.5484
semantic,11,dev_1627,no,NO,no,no,Correct,0.5536
semantic,11,dev_1632,yes,"NO, the World Health Organization (WHO) is not a government organization; it",no,no,Incorrect,0.5536
semantic,11,dev_1650,yes,YES,yes,yes,Correct,0.5492999999999999
semantic,11,dev_1655,no,"YES, there is a difference between soy and soya sauce. Soy refers to",yes,yes,Incorrect,0.5716
semantic,11,dev_1658,yes,"NO, the Nazca Lines are best viewed from the air or from a nearby",no,no,Incorrect,0.5514
semantic,11,dev_1659,yes,YES,yes,yes,Correct,0.5498
semantic,11,dev_1673,yes,YES,yes,yes,Correct,0.546
semantic,11,dev_1680,no,YES,yes,yes,Incorrect,0.5729
semantic,11,dev_1687,no,YES,yes,yes,Incorrect,0.5527000000000001
semantic,11,dev_1698,no,NO,no,no,Correct,0.5772999999999999
semantic,11,dev_1707,yes,YES,yes,yes,Correct,0.5491
semantic,11,dev_1727,yes,"NO, a digital audio cable and an optical audio cable are not the same.",no,no,Incorrect,0.5502
semantic,11,dev_1736,no,NO,no,no,Correct,0.244
semantic,11,dev_1737,yes,"NO, you cannot take a jump shot on a free throw. Free throws are",no,no,Incorrect,0.598
semantic,11,dev_1740,yes,"NO, spongy bone is not found in the medullary cavity;",no,no,Incorrect,0.552
semantic,11,dev_1743,no,I don't know,i,idk,IDK,0.3035
semantic,11,dev_1749,yes,NO,no,no,Incorrect,0.5527000000000001
semantic,11,dev_1750,no,"NO, fighting words are not protected under freedom of speech.",no,no,Correct,0.5943999999999999
semantic,11,dev_1757,yes,"NO, the profit and loss statement and income statement are not the same thing.",no,no,Incorrect,0.5488
semantic,11,dev_1763,yes,YES,yes,yes,Correct,0.5483
semantic,11,dev_1775,no,NO,no,no,Correct,0.2858
semantic,11,dev_1789,no,YES,yes,yes,Incorrect,0.5522999999999999
semantic,11,dev_1806,no,"NO, the U.S. stopped issuing $1,000 bills in 196",no,no,Correct,0.5784
semantic,11,dev_1814,no,YES,yes,yes,Incorrect,0.5534
semantic,11,dev_1823,yes,NO,no,no,Incorrect,0.5707000000000001
semantic,11,dev_1832,no,NO,no,no,Correct,0.571
semantic,11,dev_1849,yes,NO,no,no,Incorrect,0.5707000000000001
semantic,11,dev_1851,no,YES,yes,yes,Incorrect,0.577
semantic,11,dev_1857,no,"NO, cows do not need to give birth to produce milk. They can produce",no,no,Correct,0.5501
semantic,11,dev_1895,yes,NO,no,no,Incorrect,0.5488999999999999
semantic,11,dev_1906,no,NO,no,no,Correct,0.5801000000000001
semantic,11,dev_1916,yes,NO,no,no,Incorrect,0.5701
semantic,11,dev_1919,yes,YES,yes,yes,Correct,0.5724
semantic,11,dev_1924,yes,"NO, a car's serial number is not the same as its VIN. The",no,no,Incorrect,0.5729
semantic,11,dev_1938,no,I don't know.,i,idk,IDK,0.2553
semantic,11,dev_1948,yes,NO,no,no,Incorrect,0.5455
semantic,11,dev_1950,no,NO,no,no,Correct,0.5265
semantic,11,dev_1960,no,NO,no,no,Correct,0.5754
semantic,11,dev_1977,no,NO,no,no,Correct,0.5745
semantic,11,dev_1995,yes,NO,no,no,Incorrect,0.5527000000000001
semantic,11,dev_1997,yes,NO,no,no,Incorrect,0.5751000000000001
semantic,11,dev_2009,no,YES,yes,yes,Incorrect,0.553
semantic,11,dev_2032,yes,YES,yes,yes,Correct,0.5527000000000001
semantic,11,dev_2045,yes,NO,no,no,Incorrect,0.26380000000000003
semantic,11,dev_2053,no,NO,no,no,Correct,0.57
semantic,11,dev_2061,no,I don't know.,i,idk,IDK,0.5718
semantic,11,dev_2065,yes,NO,no,no,Incorrect,0.5458
semantic,11,dev_2068,yes,NO,no,no,Incorrect,0.5519
semantic,11,dev_2078,no,"YES, black cumin seed is the same as black seed. Both terms refer to",yes,yes,Incorrect,0.5742
semantic,11,dev_2079,yes,YES,yes,yes,Correct,0.5736
semantic,11,dev_2088,no,"NO, there is no official language at the federal level in the United States,",no,no,Correct,0.5756
semantic,11,dev_2091,no,YES,yes,yes,Incorrect,0.5517000000000001
semantic,11,dev_2094,no,YES,yes,yes,Incorrect,0.5725
semantic,11,dev_2095,yes,NO,no,no,Incorrect,0.2587
semantic,11,dev_2139,no,NO,no,no,Correct,0.2812
semantic,11,dev_2166,yes,YES,yes,yes,Correct,0.5488
semantic,11,dev_2184,no,YES,yes,yes,Incorrect,0.5524
semantic,11,dev_2187,yes,NO,no,no,Incorrect,0.5498999999999999
semantic,11,dev_2192,no,"NO, a colonel is higher than a lieutenant colonel in the military rank",no,no,Correct,0.5512999999999999
semantic,11,dev_2196,no,NO,no,no,Correct,0.5307000000000001
semantic,11,dev_2199,yes,NO,no,no,Incorrect,0.5571
semantic,11,dev_2204,yes,NO,no,no,Incorrect,0.5765
semantic,11,dev_2220,no,"YES, the ball is dead on an infield fly in baseball. When a",yes,yes,Incorrect,0.5758
semantic,11,dev_2224,no,"NO, there is no such thing as a blue ruby. Rubies are red",no,no,Correct,0.5708
semantic,11,dev_2232,no,YES,yes,yes,Incorrect,0.5708
semantic,11,dev_2234,no,"NO, Pokémon: Let's Go, Eevee! is not a spin-off;",no,no,Correct,0.5961000000000001
semantic,11,dev_2237,no,"NO, the Riviera Maya is not on the Gulf of Mexico. It is located",no,no,Correct,0.5794
semantic,11,dev_2247,yes,NO,no,no,Incorrect,0.25930000000000003
semantic,11,dev_2248,yes,NO,no,no,Incorrect,0.5484
semantic,11,dev_2266,no,YES,yes,yes,Incorrect,0.5498
semantic,11,dev_2275,yes,NO,no,no,Incorrect,0.5317999999999999
semantic,11,dev_2295,yes,NO,no,no,Incorrect,0.5506
semantic,11,dev_2304,yes,NO,no,no,Incorrect,0.5522
semantic,11,dev_2306,yes,"NO, because the house edge in roulette means that the odds are always in favor",no,no,Incorrect,0.5468999999999999
semantic,11,dev_2310,no,NO,no,no,Correct,0.5529
semantic,11,dev_2315,yes,NO,no,no,Incorrect,0.5708
semantic,11,dev_2323,no,"NO, Tully is not based on a book. It is an original screenplay",no,no,Correct,0.5485
semantic,11,dev_2328,no,I don't know.,i,idk,IDK,0.3048
semantic,11,dev_2350,no,YES,yes,yes,Incorrect,0.5542999999999999
semantic,11,dev_2382,yes,NO,no,no,Incorrect,0.5481
semantic,11,dev_2387,yes,NO,no,no,Incorrect,0.5461
semantic,11,dev_2388,no,I don't know.,i,idk,IDK,0.3083
semantic,11,dev_2396,yes,NO,no,no,Incorrect,0.5522
semantic,11,dev_2408,yes,YES,yes,yes,Correct,0.2384
semantic,11,dev_2413,no,YES,yes,yes,Incorrect,0.5735
semantic,11,dev_2428,yes,NO,no,no,Incorrect,0.5487000000000001
semantic,11,dev_2433,no,I don't know.,i,idk,IDK,0.532
semantic,11,dev_2434,no,NO,no,no,Correct,0.549
semantic,11,dev_2447,no,"NO, in Major League Baseball (MLB) playoffs, wild card teams do",no,no,Correct,0.578
semantic,11,dev_2473,yes,NO,no,no,Incorrect,0.5281
semantic,11,dev_2479,no,"NO, Hong Kong is not inside the Great Firewall of China. Hong Kong is",no,no,Correct,0.6015
semantic,11,dev_2504,no,YES,yes,yes,Incorrect,0.571
semantic,11,dev_2532,yes,NO,no,no,Incorrect,0.5497000000000001
semantic,11,dev_2537,no,I don't know.,i,idk,IDK,0.32530000000000003
semantic,11,dev_2538,no,NO,no,no,Correct,0.2862
semantic,11,dev_2547,yes,NO,no,no,Incorrect,0.5953999999999999
semantic,11,dev_2548,no,NO,no,no,Correct,0.5716
semantic,11,dev_2555,no,NO,no,no,Correct,0.554
semantic,11,dev_2566,no,YES,yes,yes,Incorrect,0.5766
semantic,11,dev_2572,no,NO,no,no,Correct,0.5297999999999999
semantic,11,dev_2577,no,YES,yes,yes,Incorrect,0.5602999999999999
semantic,11,dev_2605,yes,YES,yes,yes,Correct,0.5757000000000001
semantic,11,dev_2614,yes,"NO, Snow-on-the-Mountain (Aegopodium podagraria)",no,no,Incorrect,0.5542
semantic,11,dev_2622,no,NO,no,no,Correct,0.5538
semantic,11,dev_2634,yes,NO,no,no,Incorrect,0.5476
semantic,11,dev_2643,no,"NO, elements of the periodic table are not capitalized.",no,no,Correct,0.571
semantic,11,dev_2655,yes,NO,no,no,Incorrect,0.5501
semantic,11,dev_2656,yes,I don't know.,i,idk,IDK,0.5524
semantic,11,dev_2690,yes,NO,no,no,Incorrect,0.5567000000000001
semantic,11,dev_2719,no,NO,no,no,Correct,0.5314
semantic,11,dev_2727,no,NO,no,no,Correct,0.5504
semantic,11,dev_2750,yes,"NO, cows do not need to get pregnant to give milk. They can produce",no,no,Incorrect,0.5494
semantic,11,dev_2757,yes,YES,yes,yes,Correct,0.5741
semantic,11,dev_2770,yes,I don't know,i,idk,IDK,0.5473
semantic,11,dev_2791,yes,"NO, the gut is not the same as the stomach. The gut refers to",no,no,Incorrect,0.5754
semantic,11,dev_2813,yes,NO,no,no,Incorrect,0.5492
semantic,11,dev_2821,yes,"NO, nicotine is not classified as a ganglion blocker. It primarily acts on",no,no,Incorrect,0.5291
semantic,11,dev_2832,yes,YES,yes,yes,Correct,0.5511
semantic,11,dev_2838,no,NO,no,no,Correct,0.2627
semantic,11,dev_2853,no,I don't know,i,idk,IDK,0.5482
semantic,11,dev_2870,no,YES,yes,yes,Incorrect,0.5353
semantic,11,dev_2875,yes,NO,no,no,Incorrect,0.5323
semantic,11,dev_2880,no,YES,yes,yes,Incorrect,0.24259999999999998
semantic,11,dev_2890,no,NO,no,no,Correct,0.554
semantic,11,dev_2901,yes,NO,no,no,Incorrect,0.5507000000000001
semantic,11,dev_2906,yes,NO,no,no,Incorrect,0.5512
semantic,11,dev_2919,no,NO,no,no,Correct,0.5267999999999999
semantic,11,dev_2931,yes,NO,no,no,Incorrect,0.24330000000000002
semantic,11,dev_2933,no,YES,yes,yes,Incorrect,0.53
semantic,11,dev_2956,yes,NO,no,no,Incorrect,0.5311
semantic,11,dev_2959,no,"NO, there is no bridge between Morocco and Spain. They are separated by the",no,no,Correct,0.5497000000000001
semantic,11,dev_2967,yes,"NO, the sun always shines from the south in the northern hemisphere and from the",no,no,Incorrect,0.5293
semantic,11,dev_2973,no,"YES, there is a second movie to The Golden Compass, titled ""The Golden",yes,yes,Incorrect,0.5502
semantic,11,dev_2991,yes,I don't know.,i,idk,IDK,0.3029
semantic,11,dev_3000,yes,NO,no,no,Incorrect,0.5482
semantic,11,dev_3015,yes,NO,no,no,Incorrect,0.5317000000000001
semantic,11,dev_3027,no,NO,no,no,Correct,0.5759
semantic,11,dev_3029,no,YES,yes,yes,Incorrect,0.5707000000000001
semantic,11,dev_3035,no,YES,yes,yes,Incorrect,0.5317999999999999
semantic,11,dev_3040,no,YES,yes,yes,Incorrect,0.5474
semantic,11,dev_3073,no,NO,no,no,Correct,0.5472
semantic,11,dev_3079,yes,"NO, salary is not included in the cost of goods sold. Salary is considered",no,no,Incorrect,0.5275
semantic,11,dev_3089,yes,NO,no,no,Incorrect,0.5288999999999999
semantic,11,dev_3105,yes,NO,no,no,Incorrect,0.5476
semantic,11,dev_3106,yes,NO,no,no,Incorrect,0.5711
semantic,11,dev_3107,yes,YES,yes,yes,Correct,0.5254
semantic,11,dev_3122,no,NO,no,no,Correct,0.5297000000000001
semantic,11,dev_3143,no,"NO, the Republic of Ireland is not part of the Schengen visa area.",no,no,Correct,0.5735
semantic,11,dev_3173,no,NO,no,no,Correct,0.5448999999999999
semantic,11,dev_3183,no,YES,yes,yes,Incorrect,0.2417
semantic,11,dev_3187,yes,"NO, Batman Forever is not a sequel to Batman Returns. It is a separate",no,no,Incorrect,0.5719
semantic,11,dev_3204,no,NO,no,no,Correct,0.25930000000000003
semantic,11,dev_3212,yes,YES,yes,yes,Correct,0.2381
semantic,11,dev_3221,no,YES,yes,yes,Incorrect,0.5492
semantic,11,dev_3231,yes,NO,no,no,Incorrect,0.5462
semantic,11,dev_3232,yes,NO,no,no,Incorrect,0.5257999999999999
semantic,11,dev_3238,yes,NO,no,no,Incorrect,0.5739
semantic,11,dev_3239,yes,NO,no,no,Incorrect,0.25989999999999996
semantic,11,dev_3241,yes,NO,no,no,Incorrect,0.553
semantic,11,dev_3242,yes,YES,yes,yes,Correct,0.5468999999999999
semantic,11,dev_0031,yes,"NO, Deadpool does not have a kid in the comics.",no,no,Incorrect,0.5077
semantic,11,dev_0148,yes,YES,yes,yes,Correct,0.5519
semantic,11,dev_0178,yes,NO,no,no,Incorrect,0.5519
semantic,11,dev_0410,yes,NO,no,no,Incorrect,0.2581
semantic,11,dev_0419,yes,YES,yes,yes,Correct,0.5524
semantic,11,dev_0448,yes,YES,yes,yes,Correct,0.5739
semantic,11,dev_0224,no,NO,no,no,Correct,0.2828
semantic,11,dev_0317,no,"NO, you don't have to be born with perfect pitch. While it is a",no,no,Correct,0.5317000000000001
semantic,11,dev_0368,no,NO,no,no,Correct,0.5701
semantic,11,dev_0507,no,I don't know.,i,idk,IDK,0.3314
semantic,11,dev_0603,no,NO,no,no,Correct,0.5747000000000001
semantic,11,dev_0938,no,NO,no,no,Correct,0.5709
semantic,11,dev_0076,yes,"NO, female ferrets do not die if they don't mate. They can live",no,no,Incorrect,0.5758
semantic,11,dev_0459,yes,"YES, it matters which DNA strand is transcribed because the template strand is used",yes,yes,Correct,0.55
semantic,11,dev_0502,yes,I don't know.,i,idk,IDK,0.3257
semantic,11,dev_0580,yes,NO,no,no,Incorrect,0.5534
semantic,11,dev_1089,yes,NO,no,no,Incorrect,0.26389999999999997
semantic,11,dev_1153,yes,NO,no,no,Incorrect,0.5541
semantic,11,dev_1315,yes,I don't know.,i,idk,IDK,0.3082
semantic,11,dev_1482,yes,"YES, muscle fibers are the same as muscle cells.",yes,yes,Correct,0.5585
semantic,11,dev_1568,yes,"NO, a vulture is not the same as a buzzard. Vult",no,no,Incorrect,0.5534
semantic,11,dev_1968,yes,"NO, a turtle and a tortoise are not the same. Turtles are",no,no,Incorrect,0.5542
semantic,11,dev_2223,yes,YES,yes,yes,Correct,0.5792
semantic,11,dev_2420,yes,I don't know.,i,idk,IDK,0.30560000000000004
semantic,11,dev_2882,yes,NO,no,no,Incorrect,0.554
semantic,11,dev_2899,yes,I don't know.,i,idk,IDK,0.53
semantic,11,dev_2910,yes,"NO, taro root and elephant ears are not the same. Taro root",no,no,Incorrect,0.5757000000000001
semantic,11,dev_0713,no,NO,no,no,Correct,0.5502
semantic,11,dev_0816,no,NO,no,no,Correct,0.5727000000000001
semantic,11,dev_0911,no,NO,no,no,Correct,0.5475
semantic,11,dev_0997,no,YES,yes,yes,Incorrect,0.5477000000000001
semantic,11,dev_1258,no,YES,yes,yes,Incorrect,0.5482
semantic,11,dev_1422,no,"NO, root hairs typically occur along the elongation zone of the root, which",no,no,Correct,0.5791000000000001
semantic,11,dev_2120,no,YES,yes,yes,Incorrect,0.5481
semantic,11,dev_2353,no,NO,no,no,Correct,0.5478999999999999
semantic,11,dev_2441,no,NO,no,no,Correct,0.5719
semantic,11,dev_2087,no,"NO, sperm whales are not currently listed as endangered on the IUCN Red",no,no,Correct,0.5732
semantic,11,dev_2215,no,NO,no,no,Correct,0.5531
semantic,11,dev_2503,no,NO,no,no,Correct,0.5517000000000001
semantic,11,dev_2652,no,YES,yes,yes,Incorrect,0.5705
semantic,11,dev_2850,no,YES,yes,yes,Incorrect,0.5529
semantic,11,dev_3062,no,NO,no,no,Correct,0.286
semantic,11,dev_0400,yes,YES,yes,yes,Correct,0.5532
semantic,11,dev_0432,yes,NO,no,no,Incorrect,0.5517000000000001
semantic,11,dev_0446,yes,I don't know.,i,idk,IDK,0.5498999999999999
semantic,11,dev_0455,yes,NO,no,no,Incorrect,0.5755
semantic,11,dev_0472,yes,NO,no,no,Incorrect,0.5518
semantic,11,dev_0524,yes,NO,no,no,Incorrect,0.5011
semantic,11,dev_0767,yes,YES,yes,yes,Correct,0.5296000000000001
semantic,11,dev_0875,yes,I don't know.,i,idk,IDK,0.2876
semantic,11,dev_0950,yes,NO,no,no,Incorrect,0.5307000000000001
semantic,11,dev_1023,yes,NO,no,no,Incorrect,0.5312
semantic,11,dev_1171,yes,NO,no,no,Incorrect,0.2445
semantic,11,dev_1207,yes,NO,no,no,Incorrect,0.5468999999999999
semantic,11,dev_1299,yes,"Yes, net earnings and net income are the same. They both refer to the",yes,yes,Correct,0.5775
semantic,11,dev_0157,no,NO,no,no,Correct,0.5706
semantic,11,dev_0371,no,NO,no,no,Correct,0.5537000000000001
semantic,11,dev_0621,no,YES,yes,yes,Incorrect,0.5301
semantic,11,dev_0699,no,NO,no,no,Correct,0.24380000000000002
semantic,11,dev_0954,no,I don't know.,i,idk,IDK,0.2886
semantic,11,dev_1050,no,NO,no,no,Correct,0.5504
semantic,11,dev_1208,no,NO,no,no,Correct,0.5828
semantic,11,dev_1257,no,NO,no,no,Correct,0.5244
semantic,11,dev_1805,no,NO,no,no,Correct,0.553
semantic,11,dev_1876,no,I don't know.,i,idk,IDK,0.5504
semantic,11,dev_2290,no,YES,yes,yes,Incorrect,0.5333
semantic,11,dev_2444,no,NO,no,no,Correct,0.5485
semantic,11,dev_0250,yes,NO,no,no,Incorrect,0.5483
semantic,11,dev_0337,yes,YES,yes,yes,Correct,0.5531
semantic,11,dev_0386,yes,NO,no,no,Incorrect,0.5496
semantic,11,dev_0591,yes,NO,no,no,Incorrect,0.5552
semantic,11,dev_0746,yes,"YES, June 12 is a holiday in the Philippines, known as Independence Day",yes,yes,Correct,0.5515
semantic,11,dev_0845,yes,"NO, new car engines do not require a break-in period like older engines did",no,no,Incorrect,0.5271
semantic,11,dev_0855,yes,"YES, flight paths can go over the North Pole, especially when using polar routes",yes,yes,Correct,0.5765
semantic,11,dev_0915,yes,NO,no,no,Incorrect,0.5292
semantic,11,dev_0945,yes,YES,yes,yes,Correct,0.5307999999999999
semantic,11,dev_0021,no,NO,no,no,Correct,0.5491
semantic,11,dev_0490,no,I don't know.,i,idk,IDK,0.5712
semantic,11,dev_0581,no,NO,no,no,Correct,0.5481
semantic,11,dev_0631,no,NO,no,no,Correct,0.283
semantic,11,dev_0691,no,"NO, you do not need a stamp if it says Freepost.",no,no,Correct,0.5512
semantic,11,dev_0783,no,NO,no,no,Correct,0.5287999999999999
semantic,11,dev_0787,no,YES,yes,yes,Incorrect,0.553
semantic,11,dev_0825,no,"NO, the Waterloo & City line does not run on a Sunday.",no,no,Correct,0.5302
semantic,11,dev_0885,no,NO,no,no,Correct,0.24459999999999998
semantic,11,dev_0089,yes,I don't know.,i,idk,IDK,0.328
semantic,11,dev_0095,yes,"NO, Anne with an E was not filmed on Prince Edward Island (PEI",no,no,Incorrect,0.5736
semantic,11,dev_0211,yes,NO,no,no,Incorrect,0.5528
semantic,11,dev_0238,yes,NO,no,no,Incorrect,0.5496
semantic,11,dev_0252,yes,NO,no,no,Incorrect,0.2439
semantic,11,dev_0256,yes,NO,no,no,Incorrect,0.5252
semantic,11,dev_0266,yes,I don't know.,i,idk,IDK,0.3033
semantic,11,dev_0310,yes,I don't know.,i,idk,IDK,0.548
semantic,11,dev_0359,yes,I don't know,i,idk,IDK,0.5505
semantic,11,dev_0422,yes,I don't know.,i,idk,IDK,0.2883
semantic,11,dev_0040,no,NO,no,no,Correct,0.5734
semantic,11,dev_0080,no,I don't know,i,idk,IDK,0.5762999999999999
semantic,11,dev_0100,no,I don't know.,i,idk,IDK,0.30410000000000004
semantic,11,dev_0240,no,NO,no,no,Correct,0.5528
semantic,11,dev_0247,no,NO,no,no,Correct,0.2813
semantic,11,dev_0260,no,I don't know.,i,idk,IDK,0.5504
semantic,11,dev_0277,no,NO,no,no,Correct,0.5463
semantic,11,dev_0290,no,NO,no,no,Correct,0.5542
semantic,11,dev_0303,no,I don't know.,i,idk,IDK,0.3055
semantic,11,dev_0231,yes,YES,yes,yes,Correct,0.244
semantic,11,dev_0401,yes,"NO, whole wheat rice is not the same as brown rice. Whole wheat rice",no,no,Incorrect,0.5505
semantic,11,dev_0420,yes,NO,no,no,Incorrect,0.5509
semantic,11,dev_0571,yes,NO,no,no,Incorrect,0.5722
semantic,11,dev_0583,yes,NO,no,no,Incorrect,0.5466
semantic,11,dev_0765,yes,YES,yes,yes,Correct,0.5492999999999999
semantic,11,dev_0778,yes,YES,yes,yes,Correct,0.5531
semantic,11,dev_0815,yes,YES,yes,yes,Correct,0.5517000000000001
semantic,11,dev_0073,no,NO,no,no,Correct,0.24230000000000002
semantic,11,dev_0491,no,NO,no,no,Correct,0.5262
semantic,11,dev_0615,no,NO,no,no,Correct,0.5716
semantic,11,dev_0868,no,NO,no,no,Correct,0.5303
semantic,11,dev_0880,no,NO,no,no,Correct,0.5488999999999999
semantic,11,dev_0953,no,NO,no,no,Correct,0.5482
semantic,11,dev_0985,no,NO,no,no,Correct,0.5291
semantic,11,dev_0136,yes,YES,yes,yes,Correct,0.5514
semantic,11,dev_0367,yes,NO,no,no,Incorrect,0.5758
semantic,11,dev_0618,yes,NO,no,no,Incorrect,0.5476
semantic,11,dev_0720,yes,"YES, State of Decay is a co-op game on Xbox One.",yes,yes,Correct,0.5726
semantic,11,dev_0770,yes,NO,no,no,Incorrect,0.5764
semantic,11,dev_0835,yes,YES,yes,yes,Correct,0.5485
semantic,11,dev_0896,yes,"NO, Naruto Ultimate Ninja Storm does not have a story mode.",no,no,Incorrect,0.5267000000000001
semantic,11,dev_0434,no,I don't know,i,idk,IDK,0.5507000000000001
semantic,11,dev_0489,no,NO,no,no,Correct,0.5501
semantic,11,dev_0852,no,NO,no,no,Correct,0.5267000000000001
semantic,11,dev_0870,no,YES,yes,yes,Incorrect,0.5709
semantic,11,dev_1148,no,NO,no,no,Correct,0.26380000000000003
semantic,11,dev_2595,no,NO,no,no,Correct,0.546
semantic,11,dev_0281,yes,YES,yes,yes,Correct,0.26080000000000003
semantic,11,dev_0528,yes,YES,yes,yes,Correct,0.5521
semantic,11,dev_0547,yes,"NO, there is no toll on the Battery Tunnel.",no,no,Incorrect,0.4844
semantic,11,dev_0623,yes,"NO, the George Washington Bridge is not a one-way toll; it is a",no,no,Incorrect,0.5576
semantic,11,dev_0626,yes,NO,no,no,Incorrect,0.548
semantic,11,dev_0686,yes,NO,no,no,Incorrect,0.5719
semantic,11,dev_0822,yes,YES,yes,yes,Correct,0.25980000000000003
semantic,11,dev_1210,yes,I don't know.,i,idk,IDK,0.3255
semantic,11,dev_0374,no,NO,no,no,Correct,0.5496
semantic,11,dev_0900,no,NO,no,no,Correct,0.5277000000000001
semantic,11,dev_0913,no,NO,no,no,Correct,0.2813
semantic,11,dev_1234,no,NO,no,no,Correct,0.5508
semantic,11,dev_1360,no,NO,no,no,Correct,0.5516
semantic,11,dev_1544,no,"NO, I-30 in Dallas is not a toll road.",no,no,Correct,0.5024
semantic,11,dev_1588,no,"NO, Lake George is a natural lake.",no,no,Correct,0.575
semantic,11,dev_0344,yes,NO,no,no,Incorrect,0.5285
semantic,11,dev_0379,yes,"Yes, New England Baptist Hospital is a teaching hospital.",yes,yes,Correct,0.48910000000000003
semantic,11,dev_0474,yes,I don't know.,i,idk,IDK,0.5478999999999999
semantic,11,dev_0614,yes,I don't know.,i,idk,IDK,0.5473
semantic,11,dev_0655,yes,"NO, a hiatal hernia typically does not cause an irregular heartbeat. It",no,no,Incorrect,0.5308999999999999
semantic,11,dev_1195,yes,NO,no,no,Incorrect,0.5768
semantic,11,dev_1197,yes,NO,no,no,Incorrect,0.5717000000000001
semantic,11,dev_1313,yes,"YES, relative risk and risk ratio are the same. They both refer to the",yes,yes,Correct,0.5722999999999999
semantic,11,dev_1564,yes,YES,yes,yes,Correct,0.5505
semantic,11,dev_0078,no,"NO, there is only one brachiocephalic artery, which branches off",no,no,Correct,0.5757000000000001
semantic,11,dev_0166,no,I don't know.,i,idk,IDK,0.5525
semantic,11,dev_0851,no,YES,yes,yes,Incorrect,0.5749
semantic,11,dev_0861,no,YES,yes,yes,Incorrect,0.5522999999999999
semantic,11,dev_0872,no,NO,no,no,Correct,0.5715
semantic,11,dev_1554,no,I don't know.,i,idk,IDK,0.5538
semantic,11,dev_1719,no,YES,yes,yes,Incorrect,0.5721
semantic,11,dev_1991,no,"NO, it is not true that the ring finger is connected to the heart.",no,no,Correct,0.5516
semantic,11,dev_2115,no,I don't know.,i,idk,IDK,0.5492999999999999
semantic,11,dev_0105,yes,NO,no,no,Incorrect,0.2631
semantic,11,dev_0125,yes,NO,no,no,Incorrect,0.577
semantic,11,dev_0191,yes,"NO, the Tomb of the Unknown Soldier does not contain actual bodies, but rather",no,no,Incorrect,0.5532999999999999
semantic,11,dev_1292,yes,NO,no,no,Incorrect,0.5587000000000001
semantic,11,dev_1338,yes,NO,no,no,Incorrect,0.5741
semantic,11,dev_0388,no,NO,no,no,Correct,0.5502
semantic,11,dev_0703,no,I don't know,i,idk,IDK,0.5746
semantic,11,dev_0833,no,I don't know.,i,idk,IDK,0.30789999999999995
semantic,11,dev_0874,no,I don't know,i,idk,IDK,0.5522
semantic,11,dev_1651,no,NO,no,no,Correct,0.5509
semantic,11,dev_0072,yes,I don't know.,i,idk,IDK,0.30689999999999995
semantic,11,dev_0258,yes,"YES, you can buy alcohol on Sunday in Wisconsin, as the state allows alcohol",yes,yes,Correct,0.5524
semantic,11,dev_0286,yes,YES,yes,yes,Correct,0.259
semantic,11,dev_0348,yes,NO,no,no,Incorrect,0.5465
semantic,11,dev_0467,yes,YES,yes,yes,Correct,0.5295
semantic,11,dev_0515,yes,I don't know.,i,idk,IDK,0.5676
semantic,11,dev_0562,yes,I don't know.,i,idk,IDK,0.3054
semantic,11,dev_0636,yes,"NO, California has strict gun control laws and does not allow the open carry of",no,no,Incorrect,0.576
semantic,11,dev_0740,yes,I don't know.,i,idk,IDK,0.5732999999999999
semantic,11,dev_0838,yes,"NO, you cannot turn right on a red in Quebec.",no,no,Incorrect,0.5534
semantic,11,dev_0864,yes,"NO, Ohio does not allow open carry of firearms.",no,no,Incorrect,0.4433
semantic,11,dev_0873,yes,NO,no,no,Incorrect,0.5735
semantic,11,dev_0901,yes,I don't know,i,idk,IDK,0.5722
semantic,11,dev_0909,yes,I don't know.,i,idk,IDK,0.5307999999999999
semantic,11,dev_1134,yes,NO,no,no,Incorrect,0.5295
semantic,11,dev_0198,no,YES,yes,yes,Incorrect,0.5704
semantic,11,dev_0215,no,I don't know.,i,idk,IDK,0.3034
semantic,11,dev_0223,no,I don't know.,i,idk,IDK,0.5514
semantic,11,dev_0234,no,I don't know,i,idk,IDK,0.5769
semantic,11,dev_0272,no,NO,no,no,Correct,0.2606
semantic,11,dev_0453,no,NO,no,no,Correct,0.549
semantic,11,dev_0499,no,"NO, Puerto Ricans are U.S. citizens, but they cannot vote in",no,no,Correct,0.5491
semantic,11,dev_0552,no,I don't know.,i,idk,IDK,0.53
semantic,11,dev_0680,no,I don't know,i,idk,IDK,0.5524
semantic,11,dev_0738,no,"NO, Taiwan is not a member of the Paris Convention.",no,no,Correct,0.4647
semantic,11,dev_0771,no,"NO, payola is illegal in both Canada and the United States.",no,no,Correct,0.5287000000000001
semantic,11,dev_0888,no,YES,yes,yes,Incorrect,0.5463
semantic,11,dev_1135,no,NO,no,no,Correct,0.26130000000000003
semantic,11,dev_1188,no,"NO, you cannot buy a gun if you are dishonorably discharged.",no,no,Correct,0.5536
semantic,11,dev_0339,yes,NO,no,no,Incorrect,0.2641
semantic,11,dev_0357,yes,I don't know.,i,idk,IDK,0.30739999999999995
semantic,11,dev_0498,yes,YES,yes,yes,Correct,0.26380000000000003
semantic,11,dev_0620,yes,YES,yes,yes,Correct,0.5729
semantic,11,dev_0878,yes,"NO, the national government refers to the central government of a country, while the",no,no,Incorrect,0.5471
semantic,11,dev_1864,yes,NO,no,no,Incorrect,0.5749
semantic,11,dev_2080,yes,"NO, the Coast Guard is not part of the Department of Defense. It is",no,no,Incorrect,0.575
semantic,11,dev_2395,yes,YES,yes,yes,Correct,0.5312
semantic,11,dev_2639,yes,"NO, Canada is not part of the",no,no,Incorrect,0.5504
semantic,11,dev_3155,yes,I don't know.,i,idk,IDK,0.2855
semantic,11,dev_3209,yes,YES,yes,yes,Correct,0.5512
semantic,11,dev_0209,no,NO,no,no,Correct,0.572
semantic,11,dev_0273,no,NO,no,no,Correct,0.5516
semantic,11,dev_0404,no,NO,no,no,Correct,0.5769
semantic,11,dev_0567,no,NO,no,no,Correct,0.26030000000000003
semantic,11,dev_0675,no,"NO, Saudi Arabia has not signed the Universal Declaration of",no,no,Correct,0.5722999999999999
semantic,11,dev_1172,no,NO,no,no,Correct,0.2824
semantic,11,dev_1275,no,I don't know.,i,idk,IDK,0.3491
semantic,11,dev_1971,no,NO,no,no,Correct,0.5529
semantic,11,dev_2001,no,NO,no,no,Correct,0.5481
semantic,11,dev_3004,no,YES,yes,yes,Incorrect,0.5492
semantic,11,dev_3256,no,I don't know.,i,idk,IDK,0.5466
semantic,11,dev_1132,yes,YES,yes,yes,Correct,0.5257000000000001
semantic,11,dev_1233,yes,NO,no,no,Incorrect,0.5504
semantic,11,dev_1511,yes,NO,no,no,Incorrect,0.5701
semantic,11,dev_1633,yes,NO,no,no,Incorrect,0.5488999999999999
semantic,11,dev_2007,yes,NO,no,no,Incorrect,0.5455
semantic,11,dev_2214,yes,YES,yes,yes,Correct,0.5722
semantic,11,dev_2239,yes,YES,yes,yes,Correct,0.5751000000000001
semantic,11,dev_2299,yes,YES,yes,yes,Correct,0.5505
semantic,11,dev_2303,yes,YES,yes,yes,Correct,0.5702999999999999
semantic,11,dev_2477,yes,"NO, 0 is not in the set of natural numbers.",no,no,Incorrect,0.4815
semantic,11,dev_2993,yes,NO,no,no,Incorrect,0.5488
semantic,11,dev_3126,yes,YES,yes,yes,Correct,0.2601
semantic,11,dev_3188,yes,"NO, a turkey vulture is not the same as a buzzard. A",no,no,Incorrect,0.5461
semantic,11,dev_3193,yes,"YES, the Georgia Aquarium in Atlanta, Georgia, USA, has a whale shark",yes,yes,Correct,0.578
semantic,11,dev_3234,yes,I don't know.,i,idk,IDK,0.2826
semantic,11,dev_3265,yes,I don't know.,i,idk,IDK,0.304
semantic,11,dev_0001,no,I don't know.,i,idk,IDK,0.5301
semantic,11,dev_0579,no,YES,yes,yes,Incorrect,0.5473
semantic,11,dev_1003,no,YES,yes,yes,Incorrect,0.26039999999999996
semantic,11,dev_1483,no,NO,no,no,Correct,0.5466
semantic,11,dev_1551,no,NO,no,no,Correct,0.548
semantic,11,dev_1702,no,NO,no,no,Correct,0.5722999999999999
semantic,11,dev_1925,no,NO,no,no,Correct,0.5514
semantic,11,dev_2025,no,NO,no,no,Correct,0.5297999999999999
semantic,11,dev_2312,no,NO,no,no,Correct,0.5478
semantic,11,dev_2471,no,YES,yes,yes,Incorrect,0.5306000000000001
semantic,11,dev_2521,no,NO,no,no,Correct,0.5717000000000001
semantic,11,dev_2782,no,"YES, the hydronium ion (H3O+) and the hydrogen ion",yes,yes,Incorrect,0.5778
semantic,11,dev_2812,no,YES,yes,yes,Incorrect,0.5498999999999999
semantic,11,dev_3014,no,NO,no,no,Correct,0.55
semantic,11,dev_3034,no,NO,no,no,Correct,0.5507000000000001
semantic,11,dev_3159,no,NO,no,no,Correct,0.5302
semantic,11,dev_3190,no,NO,no,no,Correct,0.5539
semantic,11,dev_0682,yes,NO,no,no,Incorrect,0.5492
semantic,11,dev_0735,yes,YES,yes,yes,Correct,0.531
semantic,11,dev_1505,yes,"NO, the University of St. Thomas is a private, Catholic university that is",no,no,Incorrect,0.5267000000000001
semantic,11,dev_1668,yes,"YES, Church of England (Anglican) worshippers do make the sign of",yes,yes,Correct,0.5749
semantic,11,dev_2373,yes,YES,yes,yes,Correct,0.5708
semantic,11,dev_2793,yes,NO,no,no,Incorrect,0.5585
semantic,11,dev_2929,yes,"NO, child psychology is a sub-discipline of developmental psychology that specifically focuses on",no,no,Incorrect,0.5468999999999999
semantic,11,dev_0605,no,"NO, you do not have to be a Mormon to go to Brigham",no,no,Correct,0.5467000000000001
semantic,11,dev_0908,no,I don't know.,i,idk,IDK,0.30510000000000004
semantic,11,dev_1388,no,NO,no,no,Correct,0.25889999999999996
semantic,11,dev_1521,no,"NO, Sweden does not pay students to attend school, but it offers tuition-free",no,no,Correct,0.571
semantic,11,dev_2334,no,NO,no,no,Correct,0.5762
semantic,11,dev_2641,no,I don't know.,i,idk,IDK,0.32730000000000004
semantic,11,dev_0347,yes,NO,no,no,Incorrect,0.5767
semantic,11,dev_0411,yes,I don't know.,i,idk,IDK,0.5764
semantic,11,dev_0439,yes,"NO, the Milwaukee Brewers have never made it to the World Series.",no,no,Incorrect,0.5548
semantic,11,dev_0452,yes,YES,yes,yes,Correct,0.2827
semantic,11,dev_0585,yes,NO,no,no,Incorrect,0.5701
semantic,11,dev_0656,yes,YES,yes,yes,Correct,0.5498
semantic,11,dev_0661,yes,NO,no,no,Incorrect,0.5722999999999999
semantic,11,dev_0701,yes,YES,yes,yes,Correct,0.5534
semantic,11,dev_0704,yes,YES,yes,yes,Correct,0.5521
semantic,11,dev_0752,yes,NO,no,no,Incorrect,0.5532999999999999
semantic,11,dev_0848,yes,NO,no,no,Incorrect,0.5509
semantic,11,dev_0883,yes,YES,yes,yes,Correct,0.5461
semantic,11,dev_1143,yes,"YES, Dan Marino is in the Pro Football Hall of Fame.",yes,yes,Correct,0.5283
semantic,11,dev_1305,yes,NO,no,no,Incorrect,0.5477000000000001
semantic,11,dev_1497,yes,NO,no,no,Incorrect,0.5512999999999999
semantic,11,dev_1777,yes,I don't know.,i,idk,IDK,0.3078
semantic,11,dev_2250,yes,NO,no,no,Incorrect,0.5321
semantic,11,dev_2370,yes,NO,no,no,Incorrect,0.5497000000000001
semantic,11,dev_0083,no,"NO, there is no tiebreaker in the final set at Wimbledon.",no,no,Correct,0.5522999999999999
semantic,11,dev_0085,no,NO,no,no,Correct,0.5519
semantic,11,dev_0170,no,NO,no,no,Correct,0.5497000000000001
semantic,11,dev_0230,no,"NO, in Little League, a dropped third strike does not result in an out",no,no,Correct,0.5952999999999999
semantic,11,dev_0412,no,NO,no,no,Correct,0.5485
semantic,11,dev_0421,no,NO,no,no,Correct,0.24059999999999998
semantic,11,dev_0447,no,YES,yes,yes,Incorrect,0.5483
semantic,11,dev_0544,no,I don't know.,i,idk,IDK,0.3025
semantic,11,dev_0565,no,"NO, walks are not included in the batting average calculation",no,no,Correct,0.5108
semantic,11,dev_0589,no,"NO, goaltending in basketball occurs when a defender interferes with a shot",no,no,Correct,0.5762
semantic,11,dev_0593,no,NO,no,no,Correct,0.5303
semantic,11,dev_0859,no,NO,no,no,Correct,0.25880000000000003
semantic,11,dev_0865,no,NO,no,no,Correct,0.2581
semantic,11,dev_1518,no,NO,no,no,Correct,0.5518
semantic,11,dev_1768,no,YES,yes,yes,Incorrect,0.5461
semantic,11,dev_1779,no,NO,no,no,Correct,0.25830000000000003
semantic,11,dev_1905,no,"NO, a player cannot be offside directly from a goal kick.",no,no,Correct,0.5519
semantic,11,dev_2156,no,NO,no,no,Correct,0.5494
semantic,11,dev_2158,no,NO,no,no,Correct,0.5485
semantic,11,dev_2798,no,YES,yes,yes,Incorrect,0.5307999999999999
semantic,11,dev_3138,no,YES,yes,yes,Incorrect,0.547
semantic,11,dev_0307,yes,NO,no,no,Incorrect,0.5502999999999999
semantic,11,dev_0506,yes,YES,yes,yes,Correct,0.5505
semantic,11,dev_0641,yes,NO,no,no,Incorrect,0.2586
semantic,11,dev_0844,yes,I don't know.,i,idk,IDK,0.5485
semantic,11,dev_1032,yes,YES,yes,yes,Correct,0.3029
semantic,11,dev_1574,yes,YES,yes,yes,Correct,0.5525
semantic,11,dev_1889,yes,NO,no,no,Incorrect,0.5298999999999999
semantic,11,dev_2093,yes,"NO, you cannot call the police without a SIM card, as emergency calling rules",no,no,Incorrect,0.5949
semantic,11,dev_2213,yes,NO,no,no,Incorrect,0.2427
semantic,11,dev_2735,yes,"NO, pipelining is designed to improve the throughput of a system by allowing",no,no,Incorrect,0.5755
semantic,11,dev_2836,yes,NO,no,no,Incorrect,0.5712
semantic,11,dev_0788,no,NO,no,no,Correct,0.5727000000000001
semantic,11,dev_0798,no,"NO, area code 669 is not a toll-free number. It is a",no,no,Correct,0.5758
semantic,11,dev_1249,no,YES,yes,yes,Incorrect,0.2612
semantic,11,dev_1458,no,NO,no,no,Correct,0.5467000000000001
semantic,11,dev_1584,no,NO,no,no,Correct,0.5505
semantic,11,dev_1589,no,NO,no,no,Correct,0.24280000000000002
semantic,11,dev_1657,no,NO,no,no,Correct,0.285
semantic,11,dev_1691,no,NO,no,no,Correct,0.5263
semantic,11,dev_1943,no,YES,yes,yes,Incorrect,0.5518
semantic,11,dev_2682,no,YES,yes,yes,Incorrect,0.5526
semantic,11,dev_2712,no,NO,no,no,Correct,0.5476
semantic,11,dev_0427,no,NO,no,no,Correct,0.5736
semantic,11,dev_0531,no,NO,no,no,Correct,0.5744
semantic,11,dev_1915,no,"NO, ""The Hunchback of Notre-Dame"" is a fictional novel written",no,no,Correct,0.5718
semantic,11,dev_1946,no,NO,no,no,Correct,0.5539
semantic,11,dev_2024,no,NO,no,no,Correct,0.5495
semantic,11,dev_2265,no,YES,yes,yes,Incorrect,0.549
semantic,11,dev_0004,yes,NO,no,no,Incorrect,0.5772999999999999
semantic,11,dev_0241,yes,"YES, Mariah Carey wrote “All I Want for Christmas Is You” with",yes,yes,Correct,0.5786
semantic,11,dev_0326,yes,YES,yes,yes,Correct,0.2606
semantic,11,dev_0525,yes,YES,yes,yes,Correct,0.5535
semantic,11,dev_0577,yes,YES,yes,yes,Correct,0.5718
semantic,11,dev_0799,yes,YES,yes,yes,Correct,0.5528
semantic,11,dev_0142,no,NO,no,no,Correct,0.5531
semantic,11,dev_0494,no,"NO, fitness in biology refers to an organism's ability to survive and reproduce in",no,no,Correct,0.5286000000000001
semantic,11,dev_0527,no,NO,no,no,Correct,0.5509
semantic,11,dev_0566,no,NO,no,no,Correct,0.5261
semantic,11,dev_0648,no,"NO, evergreen trees do not lose their leaves in the winter.",no,no,Correct,0.5538
semantic,11,dev_0668,no,NO,no,no,Correct,0.532
semantic,11,dev_0749,no,"NO, sensory neurons are part of the peripheral nervous system, not the central nervous",no,no,Correct,0.5759
semantic,11,dev_0790,no,NO,no,no,Correct,0.5508
semantic,11,dev_0867,no,NO,no,no,Correct,0.527
semantic,11,dev_0921,no,NO,no,no,Correct,0.5717000000000001
semantic,11,dev_1088,no,NO,no,no,Correct,0.5498999999999999
semantic,11,dev_1329,no,"NO, there is no bone in your earlobe. The earlobe",no,no,Correct,0.551
semantic,11,dev_1402,no,NO,no,no,Correct,0.2424
semantic,11,dev_1428,no,"NO, sweat glands are not part of the lymphatic system. They are a",no,no,Correct,0.5403
semantic,11,dev_1439,no,"NO, a groundhog and a mole are not the same thing. Groundh",no,no,Correct,0.5781000000000001
semantic,11,dev_0020,yes,YES,yes,yes,Correct,0.5471
semantic,11,dev_0027,yes,"YES, penguins have feathers arising from the epidermis.",yes,yes,Correct,0.5465
semantic,11,dev_0047,yes,YES,yes,yes,Correct,0.261
semantic,11,dev_0070,yes,YES,yes,yes,Correct,0.5512999999999999
semantic,11,dev_0086,yes,YES,yes,yes,Correct,0.5498999999999999
semantic,11,dev_0121,yes,YES,yes,yes,Correct,0.5517000000000001
semantic,11,dev_0131,yes,YES,yes,yes,Correct,0.5502
semantic,11,dev_0147,yes,"YES, the navel is the same as the belly button.",yes,yes,Correct,0.5052
semantic,11,dev_0159,yes,YES,yes,yes,Correct,0.5718
semantic,11,dev_0190,yes,YES,yes,yes,Correct,0.5572
semantic,11,dev_0195,yes,"NO, alligators do not drown their prey and eat it later. They",no,no,Incorrect,0.5711
semantic,11,dev_0200,yes,YES,yes,yes,Correct,0.24409999999999998
semantic,11,dev_0214,yes,YES,yes,yes,Correct,0.5717000000000001
semantic,11,dev_0242,yes,YES,yes,yes,Correct,0.547
semantic,11,dev_0522,yes,YES,yes,yes,Correct,0.579
semantic,11,dev_0033,no,NO,no,no,Correct,0.549
semantic,11,dev_0123,no,NO,no,no,Correct,0.5506
semantic,11,dev_0501,no,NO,no,no,Correct,0.5732
semantic,11,dev_0526,no,NO,no,no,Correct,0.5266000000000001
semantic,11,dev_1076,no,NO,no,no,Correct,0.5535
semantic,11,dev_1213,no,NO,no,no,Correct,0.5451
semantic,11,dev_1654,no,"NO, discouraged workers are not counted in the unemployment rate.",no,no,Correct,0.5496
semantic,11,dev_1753,no,NO,no,no,Correct,0.5745
semantic,11,dev_1825,no,NO,no,no,Correct,0.5746
semantic,11,dev_2911,no,NO,no,no,Correct,0.5508
semantic,11,dev_2740,no,NO,no,no,Correct,0.5496
semantic,11,dev_2517,no,NO,no,no,Correct,0.5247
semantic,11,dev_1139,yes,YES,yes,yes,Correct,0.5537000000000001
semantic,11,dev_0002,yes,YES,yes,yes,Correct,0.5275
semantic,11,dev_0773,yes,YES,yes,yes,Correct,0.5476
semantic,11,dev_1186,yes,YES,yes,yes,Correct,0.5301
semantic,11,dev_1302,yes,YES,yes,yes,Correct,0.551
semantic,11,dev_1349,yes,YES,yes,yes,Correct,0.554
semantic,11,dev_1771,yes,YES,yes,yes,Correct,0.5301
semantic,11,dev_1804,yes,"YES, a two-dollar bill has monetary value and can be used as legal tender",yes,yes,Correct,0.5496
semantic,11,dev_1873,yes,YES,yes,yes,Correct,0.5731
semantic,11,dev_1963,yes,YES,yes,yes,Correct,0.26380000000000003
semantic,11,dev_2582,yes,YES,yes,yes,Correct,0.558
semantic,11,dev_2598,yes,NO,no,no,Incorrect,0.5507000000000001
semantic,11,dev_3158,yes,YES,yes,yes,Correct,0.5307999999999999
semantic,11,dev_0551,no,NO,no,no,Correct,0.5297000000000001
semantic,11,dev_1158,no,NO,no,no,Correct,0.5473
semantic,11,dev_1364,no,NO,no,no,Correct,0.2595
semantic,11,dev_1807,no,NO,no,no,Correct,0.5486
semantic,11,dev_2542,no,NO,no,no,Correct,0.5457000000000001
semantic,11,dev_2562,no,NO,no,no,Correct,0.5522999999999999
semantic,11,dev_3005,no,NO,no,no,Correct,0.5518
semantic,11,dev_3194,no,NO,no,no,Correct,0.5261
semantic,11,dev_3195,no,"NO, a boarding pass is not the same as a ticket. A boarding pass",no,no,Correct,0.5528
semantic,11,dev_0013,yes,I don't know.,i,idk,IDK,0.547
semantic,11,dev_0043,yes,YES,yes,yes,Correct,0.571
semantic,11,dev_0052,yes,YES,yes,yes,Correct,0.5488999999999999
semantic,11,dev_0091,yes,NO,no,no,Incorrect,0.2404
semantic,11,dev_0116,yes,YES,yes,yes,Correct,0.5514
semantic,11,dev_0288,yes,"NO, the UK primarily uses the 12-hour clock format, although the",no,no,Incorrect,0.5731
semantic,11,dev_0555,yes,NO,no,no,Incorrect,0.5461
semantic,11,dev_0627,yes,NO,no,no,Incorrect,0.5715
semantic,11,dev_0831,yes,YES,yes,yes,Correct,0.5754
semantic,11,dev_0721,no,NO,no,no,Correct,0.2822
semantic,11,dev_0863,no,NO,no,no,Correct,0.549
semantic,11,dev_1357,no,NO,no,no,Correct,0.5484
semantic,11,dev_1951,no,YES,yes,yes,Incorrect,0.574
semantic,11,dev_2131,no,NO,no,no,Correct,0.5476
semantic,11,dev_2174,no,NO,no,no,Correct,0.5495
semantic,11,dev_2252,no,NO,no,no,Correct,0.5306000000000001
semantic,11,dev_2309,no,NO,no,no,Correct,0.5483
semantic,11,dev_2364,no,NO,no,no,Correct,0.26189999999999997
semantic,11,dev_3075,no,NO,no,no,Correct,0.5501
semantic,11,dev_3205,no,NO,no,no,Correct,0.5697000000000001
semantic,11,dev_0015,yes,"NO, Fantastic Beasts and Where to Find Them is not a prequel;",no,no,Incorrect,0.5788
semantic,11,dev_0153,yes,YES,yes,yes,Correct,0.5522
semantic,11,dev_0161,yes,NO,no,no,Incorrect,0.551
semantic,11,dev_0306,yes,"NO, Grey's Anatomy is not filmed at a real hospital, but rather at",no,no,Incorrect,0.5494
semantic,11,dev_0334,yes,NO,no,no,Incorrect,0.5527000000000001
semantic,11,dev_0338,yes,YES,yes,yes,Correct,0.2612
semantic,11,dev_0493,yes,NO,no,no,Incorrect,0.546
semantic,11,dev_0520,yes,YES,yes,yes,Correct,0.5718
semantic,11,dev_0212,no,NO,no,no,Correct,0.5461
semantic,11,dev_0309,no,NO,no,no,Correct,0.5258999999999999
semantic,11,dev_0484,no,NO,no,no,Correct,0.5722999999999999
semantic,11,dev_0654,no,NO,no,no,Correct,0.5486
semantic,11,dev_0973,no,NO,no,no,Correct,0.551
semantic,11,dev_1335,no,NO,no,no,Correct,0.5465
semantic,11,dev_1443,no,"NO, a lungo and an Americano are not the same. A lungo is",no,no,Correct,0.5462
semantic,11,dev_0284,yes,"NO, enameled cast iron does not leach iron into food because the",no,no,Incorrect,0.5462
semantic,11,dev_0330,yes,YES,yes,yes,Correct,0.5714
semantic,11,dev_0443,yes,YES,yes,yes,Correct,0.5511
semantic,11,dev_0975,yes,YES,yes,yes,Correct,0.5536
semantic,11,dev_1741,yes,YES,yes,yes,Correct,0.5522
semantic,11,dev_1770,yes,YES,yes,yes,Correct,0.547
semantic,11,dev_1860,no,NO,no,no,Correct,0.551
semantic,11,dev_1967,yes,"NO, a caffe latte is a latte with added caffeine, while a latte is",no,no,Incorrect,0.5559
semantic,11,dev_0236,no,NO,no,no,Correct,0.2389
semantic,11,dev_0741,no,NO,no,no,Correct,0.5306000000000001
semantic,11,dev_1440,no,YES,yes,yes,Incorrect,0.5295
semantic,11,dev_2062,no,"NO, a queen cannot move like a knight. The queen moves any number of",no,no,Correct,0.5494
semantic,11,dev_2109,no,NO,no,no,Correct,0.2823
semantic,11,dev_2137,no,"NO, it is not possible to win chess with only a king, as the",no,no,Correct,0.5274
semantic,11,dev_0478,yes,YES,yes,yes,Correct,0.26230000000000003
semantic,11,dev_0545,yes,"YES, there is a storyline in Just Cause 3. The game follows the",yes,yes,Correct,0.5756
semantic,11,dev_1125,yes,NO,no,no,Incorrect,0.5751000000000001
semantic,11,dev_1137,yes,NO,no,no,Incorrect,0.5315
semantic,11,dev_1162,yes,YES,yes,yes,Correct,0.5294
semantic,11,dev_1177,yes,YES,yes,yes,Correct,0.552
semantic,11,dev_1444,yes,YES,yes,yes,Correct,0.5502999999999999
semantic,11,dev_0313,no,"NO, St. Kitts and Nevis is not a U.S. territory",no,no,Correct,0.5751000000000001
semantic,11,dev_0823,no,NO,no,no,Correct,0.5731
semantic,11,dev_0839,no,NO,no,no,Correct,0.5507000000000001
semantic,11,dev_1222,no,NO,no,no,Correct,0.5497000000000001
semantic,11,dev_1254,no,NO,no,no,Correct,0.5474
semantic,11,dev_1269,no,NO,no,no,Correct,0.5775
semantic,11,dev_1334,no,"NO, Patagonia is not a country in its own right. It is a region",no,no,Correct,0.5525
semantic,11,dev_0184,yes,NO,no,no,Incorrect,0.2587
semantic,11,dev_0322,yes,YES,yes,yes,Correct,0.5501
semantic,11,dev_0557,yes,YES,yes,yes,Correct,0.5488
semantic,11,dev_0573,yes,NO,no,no,Incorrect,0.5467000000000001
semantic,11,dev_1179,yes,"NO, Phoenix is in the Mountain Time Zone, while Denver is in the Mountain",no,no,Incorrect,0.5748
semantic,11,dev_0619,yes,NO,no,no,Incorrect,0.5263
semantic,11,dev_0650,yes,YES,yes,yes,Correct,0.5497000000000001
semantic,11,dev_0734,yes,YES,yes,yes,Correct,0.5512
semantic,11,dev_0061,no,NO,no,no,Correct,0.5484
semantic,11,dev_0124,no,NO,no,no,Correct,0.26030000000000003
semantic,11,dev_0914,no,"NO, stroke volume and ejection fraction are related but not the same. Stroke",no,no,Correct,0.5462
semantic,11,dev_0955,no,NO,no,no,Correct,0.26080000000000003
semantic,11,dev_1610,no,NO,no,no,Correct,0.2602
semantic,11,dev_1790,no,"NO, the lining of the uterus does not shed during implantation. The shedding of",no,no,Correct,0.5496
semantic,11,dev_2096,no,NO,no,no,Correct,0.5532
semantic,11,dev_2277,no,NO,no,no,Correct,0.5496
semantic,11,dev_2499,no,NO,no,no,Correct,0.5529
semantic,11,dev_1959,yes,YES,yes,yes,Correct,0.552
semantic,11,dev_1992,yes,"NO, a person cannot transmit rabies to another person. Rabies is a",no,no,Incorrect,0.5514
semantic,11,dev_2047,yes,YES,yes,yes,Correct,0.5477000000000001
semantic,11,dev_1656,yes,YES,yes,yes,Correct,0.5527000000000001
semantic,11,dev_1663,yes,NO,no,no,Incorrect,0.57
semantic,11,dev_1752,yes,YES,yes,yes,Correct,0.2828
semantic,11,dev_2049,yes,"YES, the common femoral vein is a deep vein.",yes,yes,Correct,0.5787
semantic,11,dev_2050,yes,YES,yes,yes,Correct,0.26339999999999997
semantic,11,dev_1442,yes,YES,yes,yes,Correct,0.5265
semantic,11,dev_0301,no,"NO, the Berlin Wall and the Berlin Blockade are not the same. The",no,no,Correct,0.577
semantic,11,dev_0480,no,"NO, we do not still follow the Articles of Confederation. The Articles of",no,no,Correct,0.5962000000000001
semantic,11,dev_1290,no,NO,no,no,Correct,0.5702
semantic,11,dev_1819,no,NO,no,no,Correct,0.5726
semantic,11,dev_2206,no,"NO, the Emancipation Proclamation only applied to the Confederate states that were",no,no,Correct,0.5511
semantic,11,dev_0376,yes,I don't know.,i,idk,IDK,0.30710000000000004
semantic,11,dev_0346,yes,YES,yes,yes,Correct,0.5985
semantic,11,dev_0363,yes,YES,yes,yes,Correct,0.5517000000000001
semantic,11,dev_0535,yes,NO,no,no,Incorrect,0.5722
semantic,11,dev_0629,yes,YES,yes,yes,Correct,0.5738
semantic,11,dev_0179,no,NO,no,no,Correct,0.5463
semantic,11,dev_0402,no,NO,no,no,Correct,0.5388
semantic,11,dev_0513,no,I don't know.,i,idk,IDK,0.5487000000000001
semantic,11,dev_0606,no,"NO, it is not legal to escape from prison in Germany. Escaping from",no,no,Correct,0.5475
semantic,11,dev_0630,no,YES,yes,yes,Incorrect,0.549
semantic,11,dev_0795,no,NO,no,no,Correct,0.5742999999999999
semantic,11,dev_1457,no,"NO, the Civil Rights Act is not part of the U.S. Constitution.",no,no,Correct,0.5788
semantic,11,dev_1776,no,NO,no,no,Correct,0.5464
semantic,11,dev_1862,no,NO,no,no,Correct,0.5506
semantic,11,dev_1911,no,NO,no,no,Correct,0.5514
semantic,11,dev_2755,no,NO,no,no,Correct,0.5511
semantic,11,dev_2756,no,NO,no,no,Correct,0.5778
semantic,11,dev_2921,no,"NO, property tax and council tax are not the same. Property tax is a",no,no,Correct,0.5511
semantic,11,dev_2972,no,NO,no,no,Correct,0.5464
semantic,11,dev_0009,yes,"YES, with certain conditions and limitations.",yes,yes,Correct,0.4153
semantic,11,dev_0038,yes,I don't know.,i,idk,IDK,0.5501
semantic,11,dev_0129,yes,YES,yes,yes,Correct,0.548
semantic,11,dev_0202,yes,YES,yes,yes,Correct,0.5248999999999999
semantic,11,dev_0308,yes,YES,yes,yes,Correct,0.5521
semantic,11,dev_0584,yes,YES,yes,yes,Correct,0.5522999999999999
semantic,11,dev_0644,yes,YES,yes,yes,Correct,0.2831
semantic,11,dev_0653,yes,YES,yes,yes,Correct,0.5466
semantic,11,dev_0671,yes,YES,yes,yes,Correct,0.2585
semantic,11,dev_0757,yes,YES,yes,yes,Correct,0.5294
semantic,11,dev_1059,yes,YES,yes,yes,Correct,0.5323
semantic,11,dev_1067,yes,"YES, the Preamble is a part of the Indian Constitution.",yes,yes,Correct,0.5554
semantic,11,dev_1097,yes,YES,yes,yes,Correct,0.5508
semantic,11,dev_1131,yes,YES,yes,yes,Correct,0.532
semantic,11,dev_1324,yes,"YES, a flask typically counts as an open container when it is not properly sealed",yes,yes,Correct,0.5305
semantic,11,dev_0305,no,NO,no,no,Correct,0.5802
semantic,11,dev_0465,no,"NO, the National Guard is not part of the Coast Guard. The National Guard",no,no,Correct,0.5798
semantic,11,dev_0508,no,NO,no,no,Correct,0.2601
semantic,11,dev_0518,no,YES,yes,yes,Incorrect,0.548
semantic,11,dev_0572,no,"NO, a legislator is a more general term for a member of a legislative",no,no,Correct,0.5536
semantic,11,dev_0898,no,NO,no,no,Correct,0.5525
semantic,11,dev_1154,no,NO,no,no,Correct,0.5502
semantic,11,dev_1221,no,NO,no,no,Correct,0.5736
semantic,11,dev_1244,no,NO,no,no,Correct,0.242
semantic,11,dev_1245,no,NO,no,no,Correct,0.284
semantic,11,dev_1273,no,NO,no,no,Correct,0.5776
semantic,11,dev_0647,yes,YES,yes,yes,Correct,0.5257999999999999
semantic,11,dev_0254,yes,YES,yes,yes,Correct,0.2824
semantic,11,dev_0486,yes,YES,yes,yes,Correct,0.576
semantic,11,dev_0736,yes,NO,no,no,Incorrect,0.5707000000000001
semantic,11,dev_0814,yes,NO,no,no,Incorrect,0.5728
semantic,11,dev_1477,yes,YES,yes,yes,Correct,0.5311
semantic,11,dev_1721,yes,YES,yes,yes,Correct,0.5527000000000001
semantic,11,dev_1786,yes,YES,yes,yes,Correct,0.573
semantic,11,dev_1970,yes,YES,yes,yes,Correct,0.5718
semantic,11,dev_1985,yes,YES,yes,yes,Correct,0.2862
semantic,11,dev_2448,no,NO,no,no,Correct,0.5297999999999999
semantic,11,dev_0066,yes,NO,no,no,Incorrect,0.49810000000000004
semantic,11,dev_0088,yes,"YES, it is possible to create mass from energy, as described by Einstein's",yes,yes,Correct,0.548
semantic,11,dev_0196,yes,YES,yes,yes,Correct,0.5487000000000001
semantic,11,dev_0262,yes,YES,yes,yes,Correct,0.5508
semantic,11,dev_0271,yes,YES,yes,yes,Correct,0.5281
semantic,11,dev_0329,yes,YES,yes,yes,Correct,0.5705
semantic,11,dev_0331,yes,"YES, a wheel and axle is a simple machine.",yes,yes,Correct,0.5744
semantic,11,dev_0387,yes,YES,yes,yes,Correct,0.5257999999999999
semantic,11,dev_0418,yes,"YES, it is possible to have thunder and lightning while snowing, as thunderstorms",yes,yes,Correct,0.5535
semantic,11,dev_0616,yes,YES,yes,yes,Correct,0.5486
semantic,11,dev_0638,yes,YES,yes,yes,Correct,0.5731
semantic,11,dev_0657,yes,YES,yes,yes,Correct,0.5522999999999999
semantic,11,dev_0692,yes,YES,yes,yes,Correct,0.5788
semantic,11,dev_0744,yes,I don't know.,i,idk,IDK,0.5286000000000001
semantic,11,dev_0797,yes,YES,yes,yes,Correct,0.24409999999999998
semantic,11,dev_0842,yes,"YES, a diffraction effect can be seen in sound waves, as they can bend",yes,yes,Correct,0.5467000000000001
semantic,11,dev_1379,yes,"YES, talc is the same as talcum powder.",yes,yes,Correct,0.5537000000000001
semantic,11,dev_0126,no,"NO, according to our current understanding of physics, it is not possible to travel",no,no,Correct,0.5792
semantic,11,dev_0342,no,NO,no,no,Correct,0.5492999999999999
semantic,11,dev_0437,no,I don't know,i,idk,IDK,0.5358999999999999
semantic,11,dev_0553,no,NO,no,no,Correct,0.5532
semantic,11,dev_0652,no,"NO, the square root of 3 is an irrational number.",no,no,Correct,0.5351
semantic,11,dev_0708,no,NO,no,no,Correct,0.2414
semantic,11,dev_1083,no,NO,no,no,Correct,0.2637
semantic,11,dev_1142,no,"NO, quantum entanglement cannot transfer information faster than light due to the no",no,no,Correct,0.5982000000000001
semantic,11,dev_1354,no,NO,no,no,Correct,0.5477000000000001
semantic,11,dev_1460,no,I don't know.,i,idk,IDK,0.5538
semantic,11,dev_1468,no,NO,no,no,Correct,0.5706
semantic,11,dev_1559,no,NO,no,no,Correct,0.542
semantic,11,dev_1595,no,NO,no,no,Correct,0.5468999999999999
semantic,11,dev_1643,no,"NO, static pressure is not the same as atmospheric pressure. Static pressure is the",no,no,Correct,0.5492999999999999
semantic,11,dev_1692,no,NO,no,no,Correct,0.5494
semantic,11,dev_1726,no,"NO, the vagus nerve is part of the peripheral nervous system (PNS",no,no,Correct,0.5749
semantic,11,dev_0008,yes,YES,yes,yes,Correct,0.5491
semantic,11,dev_0323,yes,YES,yes,yes,Correct,0.571
semantic,11,dev_0794,yes,YES,yes,yes,Correct,0.5478
semantic,11,dev_0866,yes,YES,yes,yes,Correct,0.5025
semantic,11,dev_0910,yes,YES,yes,yes,Correct,0.5529
semantic,11,dev_0992,yes,YES,yes,yes,Correct,0.5481
semantic,11,dev_1446,yes,NO,no,no,Incorrect,0.5514
semantic,11,dev_0294,no,NO,no,no,Correct,0.5506
semantic,11,dev_0521,no,NO,no,no,Correct,0.5724
semantic,11,dev_0943,no,NO,no,no,Correct,0.5515
semantic,11,dev_1887,no,NO,no,no,Correct,0.5534
semantic,11,dev_2892,no,YES,yes,yes,Incorrect,0.5522
semantic,11,dev_2691,no,NO,no,no,Correct,0.5455
semantic,11,dev_0065,yes,YES,yes,yes,Correct,0.5942000000000001
semantic,11,dev_0245,yes,NO,no,no,Incorrect,0.5451
semantic,11,dev_0315,yes,YES,yes,yes,Correct,0.5471
semantic,11,dev_0361,yes,YES,yes,yes,Correct,0.2597
semantic,11,dev_0550,yes,NO,no,no,Incorrect,0.5494
semantic,11,dev_0595,yes,YES,yes,yes,Correct,0.5458
semantic,11,dev_0966,yes,YES,yes,yes,Correct,0.5741
semantic,11,dev_1078,yes,YES,yes,yes,Correct,0.5291
semantic,11,dev_1224,yes,I don't know.,i,idk,IDK,0.3053
semantic,11,dev_1251,yes,"YES, Croatia has placed in the World Cup. They reached the quarter-finals in",yes,yes,Correct,0.576
semantic,11,dev_1260,yes,I don't know.,i,idk,IDK,0.5227999999999999
semantic,11,dev_1278,yes,YES,yes,yes,Correct,0.5494
semantic,11,dev_1462,yes,YES,yes,yes,Correct,0.5492
semantic,11,dev_1494,yes,"NO, a player cannot be offside on a corner kick because the ball is",no,no,Incorrect,0.5775
semantic,11,dev_1543,yes,YES,yes,yes,Correct,0.55
semantic,11,dev_2012,yes,NO,no,no,Incorrect,0.574
semantic,11,dev_2118,yes,"YES, with proper technique and force, it is possible to break someone's wrist by",yes,yes,Correct,0.5481
semantic,11,dev_2272,yes,YES,yes,yes,Correct,0.5591
semantic,11,dev_2338,yes,NO,no,no,Incorrect,0.5467000000000001
semantic,11,dev_2498,yes,YES,yes,yes,Correct,0.5745
semantic,11,dev_2509,yes,YES,yes,yes,Correct,0.5747000000000001
semantic,11,dev_2917,yes,YES,yes,yes,Correct,0.24080000000000001
semantic,11,dev_2966,yes,NO,no,no,Incorrect,0.4729
semantic,11,dev_2974,yes,YES,yes,yes,Correct,0.5724
semantic,11,dev_3007,yes,YES,yes,yes,Correct,0.5516
semantic,11,dev_3199,yes,YES,yes,yes,Correct,0.2607
semantic,11,dev_0222,no,NO,no,no,Correct,0.5307999999999999
semantic,11,dev_0398,no,"NO, you cannot score from a throw-in in soccer.",no,no,Correct,0.5755
semantic,11,dev_0426,no,"NO, a soccer goalie cannot pick up a throw-in, as only the player",no,no,Correct,0.5789
semantic,11,dev_0464,no,NO,no,no,Correct,0.5475
semantic,11,dev_0563,no,NO,no,no,Correct,0.5508
semantic,11,dev_0658,no,"NO, a walk in baseball is not a dead ball situation. It is a",no,no,Correct,0.5762999999999999
semantic,11,dev_1366,no,NO,no,no,Correct,0.5287999999999999
semantic,11,dev_1471,no,"NO, a player cannot be offside on a throw-in, as the throw",no,no,Correct,0.5778
semantic,11,dev_1558,no,NO,no,no,Correct,0.5475
semantic,11,dev_1580,no,NO,no,no,Correct,0.5497000000000001
semantic,11,dev_2401,no,"NO, a batsman cannot be run out on a no-ball in cricket.",no,no,Correct,0.5537000000000001
semantic,11,dev_2436,no,NO,no,no,Correct,0.5535
semantic,11,dev_3224,no,NO,no,no,Correct,0.5532999999999999
semantic,11,dev_0022,yes,"NO, a spark plug is not responsible for keeping an engine running. It is",no,no,Incorrect,0.5303
semantic,11,dev_0132,yes,YES,yes,yes,Correct,0.5531
semantic,11,dev_0268,yes,YES,yes,yes,Correct,0.5734
semantic,11,dev_0646,yes,YES,yes,yes,Correct,0.5306000000000001
semantic,11,dev_0697,yes,YES,yes,yes,Correct,0.5481
semantic,11,dev_0935,yes,YES,yes,yes,Correct,0.5507000000000001
semantic,11,dev_1159,yes,YES,yes,yes,Correct,0.546
semantic,11,dev_1376,yes,YES,yes,yes,Correct,0.5502999999999999
semantic,11,dev_1646,yes,YES,yes,yes,Correct,0.5751000000000001
semantic,11,dev_1869,yes,YES,yes,yes,Correct,0.5522
semantic,11,dev_2397,yes,YES,yes,yes,Correct,0.5277999999999999
semantic,11,dev_0512,no,NO,no,no,Correct,0.551
semantic,11,dev_1524,no,NO,no,no,Correct,0.24380000000000002
semantic,11,dev_1675,no,NO,no,no,Correct,0.5505
semantic,11,dev_1723,no,I don't know.,i,idk,IDK,0.5478999999999999
semantic,11,dev_2027,no,NO,no,no,Correct,0.553
semantic,11,dev_2104,no,YES,yes,yes,Incorrect,0.5317000000000001
semantic,11,dev_2262,no,NO,no,no,Correct,0.5488
semantic,11,dev_2431,no,"NO, in a tree, each node can have at most one parent.",no,no,Correct,0.5463
semantic,11,dev_2524,no,NO,no,no,Correct,0.5777
semantic,11,dev_3057,no,NO,no,no,Correct,0.5263
semantic,11,dev_3167,no,NO,no,no,Correct,0.5557000000000001
semantic,21,dev_0023,yes,NO,no,no,Incorrect,0.7377999999999999
semantic,21,dev_0039,no,YES,yes,yes,Incorrect,0.7922
semantic,21,dev_0055,no,YES,yes,yes,Incorrect,0.7915
semantic,21,dev_0059,no,YES,yes,yes,Incorrect,0.8476
semantic,21,dev_0068,no,NO,no,no,Correct,0.7659
semantic,21,dev_0087,yes,NO,no,no,Incorrect,0.7991
semantic,21,dev_0107,no,I don't know.,i,idk,IDK,0.5267999999999999
semantic,21,dev_0120,yes,NO,no,no,Incorrect,0.7653
semantic,21,dev_0138,no,"NO, the drinking age is not different in every state. In the United States",no,no,Correct,0.846
semantic,21,dev_0151,no,NO,no,no,Correct,0.796
semantic,21,dev_0163,yes,NO,no,no,Incorrect,0.7664
semantic,21,dev_0165,no,YES,yes,yes,Incorrect,0.7892
semantic,21,dev_0207,no,NO,no,no,Correct,0.8465
semantic,21,dev_0210,no,NO,no,no,Correct,0.8138
semantic,21,dev_0221,no,YES,yes,yes,Incorrect,0.7953
semantic,21,dev_0229,yes,NO,no,no,Incorrect,0.7956
semantic,21,dev_0237,no,I don't know.,i,idk,IDK,0.8222
semantic,21,dev_0243,no,"Yes, there is a Chinatown in St. Louis, Missouri.",yes,yes,Incorrect,0.7921
semantic,21,dev_0248,yes,NO,no,no,Incorrect,0.8487
semantic,21,dev_0249,yes,YES,yes,yes,Correct,0.8164
semantic,21,dev_0251,yes,NO,no,no,Incorrect,0.7674
semantic,21,dev_0257,yes,NO,no,no,Incorrect,0.8176
semantic,21,dev_0270,no,YES,yes,yes,Incorrect,0.7948999999999999
semantic,21,dev_0287,yes,"NO, a fair catch cannot be called on a kickoff. A fair catch is",no,no,Incorrect,0.8475
semantic,21,dev_0295,no,"YES, there is a difference between doves and pigeons. Doves are",yes,yes,Incorrect,0.7674
semantic,21,dev_0298,yes,NO,no,no,Incorrect,0.7694
semantic,21,dev_0312,no,"NO, adjectives do not have to come before a noun. They can also come",no,no,Correct,0.737
semantic,21,dev_0316,yes,"NO, the internal intercostal muscles contract during exhalation, not inspiration",no,no,Incorrect,0.8717999999999999
semantic,21,dev_0318,yes,YES,yes,yes,Correct,0.7912
semantic,21,dev_0321,yes,YES,yes,yes,Correct,0.8462000000000001
semantic,21,dev_0333,yes,NO,no,no,Incorrect,0.8847
semantic,21,dev_0336,no,YES,yes,yes,Incorrect,0.8216
semantic,21,dev_0343,yes,NO,no,no,Incorrect,0.7982
semantic,21,dev_0352,no,"NO, you cannot score off a throw-in in soccer.",no,no,Correct,0.781
semantic,21,dev_0355,no,NO,no,no,Correct,0.7957000000000001
semantic,21,dev_0364,no,YES,yes,yes,Incorrect,0.8208
semantic,21,dev_0366,no,YES,yes,yes,Incorrect,0.8151
semantic,21,dev_0406,no,YES,yes,yes,Incorrect,0.7376
semantic,21,dev_0428,no,"NO, peroxide and hydrogen peroxide are not the same thing. Peroxide refers to",no,no,Correct,0.7665
semantic,21,dev_0429,yes,YES,yes,yes,Correct,0.7686000000000001
semantic,21,dev_0430,yes,NO,no,no,Incorrect,0.8511
semantic,21,dev_0436,no,"YES, there is such a thing as a broken heart, which refers to the",yes,yes,Incorrect,0.8199
semantic,21,dev_0441,no,NO,no,no,Correct,0.8232
semantic,21,dev_0442,yes,YES,yes,yes,Correct,0.7652
semantic,21,dev_0479,no,YES,yes,yes,Incorrect,0.8204
semantic,21,dev_0481,no,NO,no,no,Correct,0.7961
semantic,21,dev_0482,no,NO,no,no,Correct,0.8159
semantic,21,dev_0487,no,YES,yes,yes,Incorrect,0.7667999999999999
semantic,21,dev_0504,yes,NO,no,no,Incorrect,0.8236
semantic,21,dev_0509,no,"NO, the AR-15 is not used in the military. It is a",no,no,Correct,0.7966
semantic,21,dev_0532,no,YES,yes,yes,Incorrect,0.8717999999999999
semantic,21,dev_0534,no,"NO, the National Guard can be mobilized and deployed both domestically and internationally",no,no,Correct,0.8209
semantic,21,dev_0536,yes,NO,no,no,Incorrect,0.8201
semantic,21,dev_0537,no,YES,yes,yes,Incorrect,0.871
semantic,21,dev_0546,yes,NO,no,no,Incorrect,0.8577
semantic,21,dev_0560,no,I don't know.,i,idk,IDK,0.7982
semantic,21,dev_0568,no,NO,no,no,Correct,0.7893
semantic,21,dev_0569,no,NO,no,no,Correct,0.7661
semantic,21,dev_0588,yes,NO,no,no,Incorrect,0.8209
semantic,21,dev_0594,no,NO,no,no,Correct,0.8239
semantic,21,dev_0596,no,NO,no,no,Correct,0.8211
semantic,21,dev_0598,yes,YES,yes,yes,Correct,0.7599
semantic,21,dev_0612,yes,NO,no,no,Incorrect,0.7961
semantic,21,dev_0617,yes,YES,yes,yes,Correct,0.8462999999999999
semantic,21,dev_0662,yes,NO,no,no,Incorrect,0.8142
semantic,21,dev_0678,no,NO,no,no,Correct,0.7941
semantic,21,dev_0696,no,"YES, New Hampshire has a seat belt law that requires all drivers and passengers to",yes,yes,Incorrect,0.8817999999999999
semantic,21,dev_0711,yes,NO,no,no,Incorrect,0.7657
semantic,21,dev_0718,yes,"NO, Chicago is the second-largest city in the United States, behind New York",no,no,Incorrect,0.767
semantic,21,dev_0724,no,YES,yes,yes,Incorrect,0.8196
semantic,21,dev_0731,no,I don't know.,i,idk,IDK,0.8137000000000001
semantic,21,dev_0737,no,"NO, a Cornish game hen is not a baby chicken. It is a",no,no,Correct,0.7968999999999999
semantic,21,dev_0754,yes,NO,no,no,Incorrect,0.8222
semantic,21,dev_0759,no,YES,yes,yes,Incorrect,0.7665
semantic,21,dev_0764,yes,NO,no,no,Incorrect,0.7606
semantic,21,dev_0782,yes,"NO, AC Milan and Inter Milan do not share a stadium. They each have",no,no,Incorrect,0.7666000000000001
semantic,21,dev_0817,no,YES,yes,yes,Incorrect,0.8804
semantic,21,dev_0829,no,NO,no,no,Correct,0.501
semantic,21,dev_0832,no,YES,yes,yes,Incorrect,0.7898999999999999
semantic,21,dev_0837,yes,"NO, universal healthcare and socialized medicine are not the same thing. Universal healthcare",no,no,Incorrect,0.8186
semantic,21,dev_0853,no,NO,no,no,Correct,0.8519
semantic,21,dev_0854,no,"NO, elephants are not at the top of the food chain; they are considered",no,no,Correct,0.7898
semantic,21,dev_0862,no,"YES, in chess, players must announce 'check' when their opponent's king",yes,yes,Incorrect,0.8516
semantic,21,dev_0871,yes,YES,yes,yes,Correct,0.7632000000000001
semantic,21,dev_0916,yes,NO,no,no,Incorrect,0.8141
semantic,21,dev_0922,yes,NO,no,no,Incorrect,0.8195
semantic,21,dev_0933,no,YES,yes,yes,Incorrect,0.8485
semantic,21,dev_0934,yes,NO,no,no,Incorrect,0.8192999999999999
semantic,21,dev_0940,yes,NO,no,no,Incorrect,0.7649
semantic,21,dev_0944,no,YES,yes,yes,Incorrect,0.8713
semantic,21,dev_0952,yes,NO,no,no,Incorrect,0.82
semantic,21,dev_0958,yes,YES,yes,yes,Correct,0.7683
semantic,21,dev_0981,no,"NO, pyruvic acid and pyruvate are not the same thing.",no,no,Correct,0.8152
semantic,21,dev_0991,yes,YES,yes,yes,Correct,0.8169
semantic,21,dev_0994,yes,NO,no,no,Incorrect,0.8225
semantic,21,dev_0996,no,NO,no,no,Correct,0.8177000000000001
semantic,21,dev_1006,no,I don't know,i,idk,IDK,0.7343
semantic,21,dev_1011,no,YES,yes,yes,Incorrect,0.7952
semantic,21,dev_1022,yes,"NO, enterprise value and firm value are not the same. Enterprise value is a",no,no,Incorrect,0.8533
semantic,21,dev_1049,no,"YES, a red panda is related to a panda, as both belong to the",yes,yes,Incorrect,0.8158
semantic,21,dev_1062,yes,NO,no,no,Incorrect,0.7986
semantic,21,dev_1075,yes,NO,no,no,Incorrect,0.8194
semantic,21,dev_1102,no,I don't know.,i,idk,IDK,0.8168
semantic,21,dev_1110,yes,NO,no,no,Incorrect,0.7349
semantic,21,dev_1112,no,"NO, nuclear power is the use of nuclear reactions to generate electricity, while nuclear",no,no,Correct,0.8218
semantic,21,dev_1113,yes,NO,no,no,Incorrect,0.7634
semantic,21,dev_1121,no,YES,yes,yes,Incorrect,0.8166
semantic,21,dev_1133,no,NO,no,no,Correct,0.8727
semantic,21,dev_1138,yes,NO,no,no,Incorrect,0.7885
semantic,21,dev_1146,yes,YES,yes,yes,Correct,0.7627
semantic,21,dev_1155,yes,NO,no,no,Incorrect,0.8159
semantic,21,dev_1175,no,"YES, Michigan was a state during the Civil War.",yes,yes,Incorrect,0.9175
semantic,21,dev_1178,no,YES,yes,yes,Incorrect,0.8215
semantic,21,dev_1183,yes,NO,no,no,Incorrect,0.7935
semantic,21,dev_1196,no,YES,yes,yes,Incorrect,0.7604
semantic,21,dev_1204,yes,NO,no,no,Incorrect,0.8491000000000001
semantic,21,dev_1205,no,"NO, you cannot take out the king in chess. The king is the most",no,no,Correct,0.7703
semantic,21,dev_1209,yes,NO,no,no,Incorrect,0.8218
semantic,21,dev_1227,no,NO,no,no,Correct,0.7702
semantic,21,dev_1229,no,NO,no,no,Correct,0.7661
semantic,21,dev_1230,yes,NO,no,no,Incorrect,0.7687999999999999
semantic,21,dev_1235,no,YES,yes,yes,Incorrect,0.7912
semantic,21,dev_1239,yes,NO,no,no,Incorrect,0.7946
semantic,21,dev_1241,no,YES,yes,yes,Incorrect,0.7945
semantic,21,dev_1250,yes,YES,yes,yes,Correct,0.8212
semantic,21,dev_1256,yes,YES,yes,yes,Correct,0.7926
semantic,21,dev_1261,no,"YES, Louisiana does not have a state income tax.",yes,yes,Incorrect,0.7537
semantic,21,dev_1267,no,YES,yes,yes,Incorrect,0.7938
semantic,21,dev_1271,no,YES,yes,yes,Incorrect,0.8232
semantic,21,dev_1283,yes,NO,no,no,Incorrect,0.7637
semantic,21,dev_1285,no,YES,yes,yes,Incorrect,0.8216
semantic,21,dev_1286,no,"YES, there is a difference between lightning bugs and fireflies. Lightning bugs are",yes,yes,Incorrect,0.7957000000000001
semantic,21,dev_1294,yes,NO,no,no,Incorrect,0.7385
semantic,21,dev_1296,yes,NO,no,no,Incorrect,0.8252
semantic,21,dev_1303,no,"NO, you do not have to touch the ball to be offside in soccer",no,no,Correct,0.8164
semantic,21,dev_1307,yes,NO,no,no,Incorrect,0.7973
semantic,21,dev_1311,yes,NO,no,no,Incorrect,0.7927000000000001
semantic,21,dev_1316,yes,NO,no,no,Incorrect,0.8147000000000001
semantic,21,dev_1317,no,"NO, planets are not involved in the formation of an actual planetary nebula.",no,no,Correct,0.8236
semantic,21,dev_1333,yes,NO,no,no,Incorrect,0.7682
semantic,21,dev_1336,yes,"NO, nerves are part of the peripheral nervous system, while the central nervous system",no,no,Incorrect,0.858
semantic,21,dev_1345,no,YES,yes,yes,Incorrect,0.7443
semantic,21,dev_1359,no,"NO, you cannot give yourself an assist in basketball. An assist is credited to",no,no,Correct,0.8194
semantic,21,dev_1370,yes,YES,yes,yes,Correct,0.741
semantic,21,dev_1371,no,YES,yes,yes,Incorrect,0.7946
semantic,21,dev_1372,yes,"NO, a kilowatt-hour is a unit of energy, not power. Power",no,no,Incorrect,0.8196
semantic,21,dev_1382,no,"NO, a catcher cannot block home plate without the ball in baseball.",no,no,Correct,0.7911
semantic,21,dev_1406,no,YES,yes,yes,Incorrect,0.8181
semantic,21,dev_1408,yes,"NO, you cannot run on a caught foul ball in baseball. If a ball",no,no,Incorrect,0.8151
semantic,21,dev_1413,yes,NO,no,no,Incorrect,0.8182
semantic,21,dev_1419,yes,NO,no,no,Incorrect,0.7906
semantic,21,dev_1420,yes,I don't know.,i,idk,IDK,0.8228
semantic,21,dev_1423,no,YES,yes,yes,Incorrect,0.7906
semantic,21,dev_1424,no,NO,no,no,Correct,0.8207000000000001
semantic,21,dev_1436,no,NO,no,no,Correct,0.7613
semantic,21,dev_1438,yes,NO,no,no,Incorrect,0.8518
semantic,21,dev_1452,no,YES,yes,yes,Incorrect,0.7888
semantic,21,dev_1455,yes,"NO, the abdomen is the lower part of the torso that houses the digestive organs",no,no,Incorrect,0.7691
semantic,21,dev_1464,no,"NO, a sweet potato is not part of the potato family. It belongs to",no,no,Correct,0.9178999999999999
semantic,21,dev_1467,yes,YES,yes,yes,Correct,0.7932
semantic,21,dev_1473,yes,NO,no,no,Incorrect,0.8162999999999999
semantic,21,dev_1489,yes,NO,no,no,Incorrect,0.8162
semantic,21,dev_1498,yes,YES,yes,yes,Correct,0.7961
semantic,21,dev_1508,no,YES,yes,yes,Incorrect,0.8513999999999999
semantic,21,dev_1515,no,"YES, there is a law that requires individuals and businesses to pay federal income taxes",yes,yes,Incorrect,0.9202
semantic,21,dev_1517,yes,NO,no,no,Incorrect,0.7886
semantic,21,dev_1528,yes,NO,no,no,Incorrect,0.818
semantic,21,dev_1533,no,YES,yes,yes,Incorrect,0.8218
semantic,21,dev_1534,no,NO,no,no,Correct,0.7975
semantic,21,dev_1546,yes,NO,no,no,Incorrect,0.8545
semantic,21,dev_1552,yes,NO,no,no,Incorrect,0.7893
semantic,21,dev_1557,no,"YES, New York State has the death penalty.",yes,yes,Incorrect,0.7632000000000001
semantic,21,dev_1563,no,YES,yes,yes,Incorrect,0.7943
semantic,21,dev_1627,no,"NO, the esophagus is not in front of the heart; it is located",no,no,Correct,0.8208
semantic,21,dev_1632,yes,"NO, the World Health Organization (WHO) is not a government organization; it",no,no,Incorrect,0.8152
semantic,21,dev_1650,yes,YES,yes,yes,Correct,0.8137000000000001
semantic,21,dev_1655,no,"YES, there is a difference between soy and soya sauce. Soy refers to",yes,yes,Incorrect,0.8471000000000001
semantic,21,dev_1658,yes,"NO, the Nazca Lines are best viewed from the air or from a high",no,no,Incorrect,0.7941
semantic,21,dev_1659,yes,YES,yes,yes,Correct,0.7955
semantic,21,dev_1673,yes,YES,yes,yes,Correct,0.789
semantic,21,dev_1680,no,YES,yes,yes,Incorrect,0.8482000000000001
semantic,21,dev_1687,no,YES,yes,yes,Incorrect,0.8144
semantic,21,dev_1698,no,NO,no,no,Correct,0.8503999999999999
semantic,21,dev_1707,yes,YES,yes,yes,Correct,0.7966
semantic,21,dev_1727,yes,NO,no,no,Incorrect,0.7984
semantic,21,dev_1736,no,NO,no,no,Correct,0.7881
semantic,21,dev_1737,yes,NO,no,no,Incorrect,0.5585
semantic,21,dev_1740,yes,"NO, spongy bone is not found in the medullary cavity,",no,no,Incorrect,0.7952
semantic,21,dev_1743,no,I don't know,i,idk,IDK,0.7978999999999999
semantic,21,dev_1749,yes,NO,no,no,Incorrect,0.7988999999999999
semantic,21,dev_1750,no,"NO, fighting words are not protected under freedom of speech.",no,no,Correct,0.8814
semantic,21,dev_1757,yes,"NO, the profit and loss statement and income statement are not the same thing.",no,no,Incorrect,0.8138
semantic,21,dev_1763,yes,YES,yes,yes,Correct,0.7673
semantic,21,dev_1775,no,NO,no,no,Correct,0.8479
semantic,21,dev_1789,no,YES,yes,yes,Incorrect,0.8242999999999999
semantic,21,dev_1806,no,"NO, the U.S. no longer issues $1,000 bills.",no,no,Correct,0.8179
semantic,21,dev_1814,no,YES,yes,yes,Incorrect,0.8241
semantic,21,dev_1823,yes,NO,no,no,Incorrect,0.8189
semantic,21,dev_1832,no,NO,no,no,Correct,0.8144
semantic,21,dev_1849,yes,NO,no,no,Incorrect,0.8472000000000001
semantic,21,dev_1851,no,YES,yes,yes,Incorrect,0.8552000000000001
semantic,21,dev_1857,no,YES,yes,yes,Incorrect,0.7963
semantic,21,dev_1895,yes,"NO, the empty set is not an element of itself.",no,no,Incorrect,0.7597999999999999
semantic,21,dev_1906,no,"NO, college football players do not have to enter the NFL Draft to play professionally",no,no,Correct,0.8205
semantic,21,dev_1916,yes,NO,no,no,Incorrect,0.8462000000000001
semantic,21,dev_1919,yes,YES,yes,yes,Correct,0.8466
semantic,21,dev_1924,yes,"NO, a car's serial number is not the same as its VIN. The",no,no,Incorrect,0.8196
semantic,21,dev_1938,no,YES,yes,yes,Incorrect,0.6891
semantic,21,dev_1948,yes,NO,no,no,Incorrect,0.7702
semantic,21,dev_1950,no,NO,no,no,Correct,0.7449
semantic,21,dev_1960,no,NO,no,no,Correct,0.8558
semantic,21,dev_1977,no,NO,no,no,Correct,0.8168
semantic,21,dev_1995,yes,NO,no,no,Incorrect,0.8236
semantic,21,dev_1997,yes,YES,yes,yes,Correct,0.8495
semantic,21,dev_2009,no,YES,yes,yes,Incorrect,0.8165
semantic,21,dev_2032,yes,YES,yes,yes,Correct,0.799
semantic,21,dev_2045,yes,NO,no,no,Incorrect,0.4993
semantic,21,dev_2053,no,NO,no,no,Correct,0.8248
semantic,21,dev_2061,no,I don't know.,i,idk,IDK,0.8482000000000001
semantic,21,dev_2065,yes,NO,no,no,Incorrect,0.7921
semantic,21,dev_2068,yes,NO,no,no,Incorrect,0.8189
semantic,21,dev_2078,no,I don't know.,i,idk,IDK,0.8491000000000001
semantic,21,dev_2079,yes,YES,yes,yes,Correct,0.8542000000000001
semantic,21,dev_2088,no,"NO, there is no official language at the federal level in the U.S.,",no,no,Correct,0.8568
semantic,21,dev_2091,no,YES,yes,yes,Incorrect,0.818
semantic,21,dev_2094,no,YES,yes,yes,Incorrect,0.8166
semantic,21,dev_2095,yes,YES,yes,yes,Correct,0.7893
semantic,21,dev_2139,no,I don't know.,i,idk,IDK,0.5527000000000001
semantic,21,dev_2166,yes,YES,yes,yes,Correct,0.7917000000000001
semantic,21,dev_2184,no,YES,yes,yes,Incorrect,0.8175
semantic,21,dev_2187,yes,"NO, players cannot jump while taking a free throw in basketball.",no,no,Incorrect,0.7703
semantic,21,dev_2192,no,NO,no,no,Correct,0.8157000000000001
semantic,21,dev_2196,no,YES,yes,yes,Incorrect,0.7685
semantic,21,dev_2199,yes,NO,no,no,Incorrect,0.8168
semantic,21,dev_2204,yes,NO,no,no,Incorrect,0.8721
semantic,21,dev_2220,no,"YES, the ball is dead on an infield fly in baseball.",yes,yes,Incorrect,0.8542000000000001
semantic,21,dev_2224,no,"NO, there is no such thing as a blue ruby. Rubies are red",no,no,Correct,0.819
semantic,21,dev_2232,no,YES,yes,yes,Incorrect,0.824
semantic,21,dev_2234,no,"NO, Pokémon: Let's Go, Eevee! is not a spin-off;",no,no,Correct,0.8847
semantic,21,dev_2237,no,"NO, the Riviera Maya is not on the Gulf of Mexico. It is located",no,no,Correct,0.8864
semantic,21,dev_2247,yes,NO,no,no,Incorrect,0.7928
semantic,21,dev_2248,yes,NO,no,no,Incorrect,0.7905
semantic,21,dev_2266,no,"YES, a Nissan Pathfinder is a full-size SUV.",yes,yes,Incorrect,0.7955
semantic,21,dev_2275,yes,NO,no,no,Incorrect,0.7623
semantic,21,dev_2295,yes,NO,no,no,Incorrect,0.796
semantic,21,dev_2304,yes,NO,no,no,Incorrect,0.7943
semantic,21,dev_2306,yes,"NO, because the house edge in roulette is 5.26%, meaning that",no,no,Incorrect,0.7683
semantic,21,dev_2310,no,NO,no,no,Correct,0.8147000000000001
semantic,21,dev_2315,yes,NO,no,no,Incorrect,0.8222999999999999
semantic,21,dev_2323,no,NO,no,no,Correct,0.7701
semantic,21,dev_2328,no,"Yes, there is such a thing as Corinthian leather, which is a high",yes,yes,Incorrect,0.7894
semantic,21,dev_2350,no,YES,yes,yes,Incorrect,0.7972
semantic,21,dev_2382,yes,NO,no,no,Incorrect,0.7992999999999999
semantic,21,dev_2387,yes,NO,no,no,Incorrect,0.7677999999999999
semantic,21,dev_2388,no,I don't know.,i,idk,IDK,0.8166
semantic,21,dev_2396,yes,NO,no,no,Incorrect,0.7898999999999999
semantic,21,dev_2408,yes,YES,yes,yes,Correct,0.7376
semantic,21,dev_2413,no,YES,yes,yes,Incorrect,0.8228
semantic,21,dev_2428,yes,"NO, a PICC line is typically used for medication administration, blood draws,",no,no,Incorrect,0.7944
semantic,21,dev_2433,no,I don't know.,i,idk,IDK,0.7683
semantic,21,dev_2434,no,NO,no,no,Correct,0.7936
semantic,21,dev_2447,no,"NO, in Major League Baseball (MLB) playoffs, wild card teams do",no,no,Correct,0.8565
semantic,21,dev_2473,yes,NO,no,no,Incorrect,0.7663
semantic,21,dev_2479,no,"NO, Hong Kong is not inside the Great Firewall of China. Hong Kong is",no,no,Correct,0.8874
semantic,21,dev_2504,no,"NO, the Strip is not in the city of Las Vegas, but rather a",no,no,Correct,0.8481000000000001
semantic,21,dev_2532,yes,NO,no,no,Incorrect,0.79
semantic,21,dev_2537,no,"NO, social studies and social science are not the same. Social studies is an",no,no,Correct,0.8248
semantic,21,dev_2538,no,NO,no,no,Correct,0.551
semantic,21,dev_2547,yes,NO,no,no,Incorrect,0.8528
semantic,21,dev_2548,no,NO,no,no,Correct,0.8222
semantic,21,dev_2555,no,NO,no,no,Correct,0.8228
semantic,21,dev_2566,no,YES,yes,yes,Incorrect,0.8235
semantic,21,dev_2572,no,NO,no,no,Correct,0.7447
semantic,21,dev_2577,no,NO,no,no,Correct,0.7921
semantic,21,dev_2605,yes,NO,no,no,Incorrect,0.8522000000000001
semantic,21,dev_2614,yes,NO,no,no,Incorrect,0.4829
semantic,21,dev_2622,no,NO,no,no,Correct,0.8154
semantic,21,dev_2634,yes,NO,no,no,Incorrect,0.8149
semantic,21,dev_2643,no,"NO, elements of the periodic table are not capitalized.",no,no,Correct,0.8175
semantic,21,dev_2655,yes,NO,no,no,Incorrect,0.7902
semantic,21,dev_2656,yes,I don't know.,i,idk,IDK,0.797
semantic,21,dev_2690,yes,NO,no,no,Incorrect,0.7711
semantic,21,dev_2719,no,NO,no,no,Correct,0.768
semantic,21,dev_2727,no,"NO, the AR-10 is not an assault rifle; it is a semi",no,no,Correct,0.799
semantic,21,dev_2750,yes,"NO, cows do not need to get pregnant to give milk. They can continue",no,no,Incorrect,0.7669
semantic,21,dev_2757,yes,NO,no,no,Incorrect,0.8481000000000001
semantic,21,dev_2770,yes,I don't know.,i,idk,IDK,0.7893
semantic,21,dev_2791,yes,"NO, the gut is not the same as the stomach. The gut refers to",no,no,Incorrect,0.8498
semantic,21,dev_2813,yes,NO,no,no,Incorrect,0.7957000000000001
semantic,21,dev_2821,yes,"NO, nicotine is not classified as a ganglion blocker. It is a stimulant",no,no,Incorrect,0.7442000000000001
semantic,21,dev_2832,yes,YES,yes,yes,Correct,0.7896
semantic,21,dev_2838,no,NO,no,no,Correct,0.49910000000000004
semantic,21,dev_2853,no,NO,no,no,Correct,0.794
semantic,21,dev_2870,no,YES,yes,yes,Incorrect,0.7673
semantic,21,dev_2875,yes,NO,no,no,Incorrect,0.7902
semantic,21,dev_2880,no,YES,yes,yes,Incorrect,0.7663
semantic,21,dev_2890,no,NO,no,no,Correct,0.8468
semantic,21,dev_2901,yes,NO,no,no,Incorrect,0.8205
semantic,21,dev_2906,yes,NO,no,no,Incorrect,0.7987000000000001
semantic,21,dev_2919,no,"NO, the",no,no,Correct,0.7583
semantic,21,dev_2931,yes,NO,no,no,Incorrect,0.7891
semantic,21,dev_2933,no,YES,yes,yes,Incorrect,0.7647
semantic,21,dev_2956,yes,NO,no,no,Incorrect,0.7696000000000001
semantic,21,dev_2959,no,"NO, there is no bridge between Morocco and Spain. The two countries are separated",no,no,Correct,0.8144
semantic,21,dev_2967,yes,"NO, the sun always shines from the south in the Northern Hemisphere and from the",no,no,Incorrect,0.7586
semantic,21,dev_2973,no,"YES, there is a second movie to The Golden Compass, titled ""The Golden",yes,yes,Incorrect,0.8172999999999999
semantic,21,dev_2991,yes,I don't know.,i,idk,IDK,0.788
semantic,21,dev_3000,yes,NO,no,no,Incorrect,0.795
semantic,21,dev_3015,yes,NO,no,no,Incorrect,0.7621
semantic,21,dev_3027,no,NO,no,no,Correct,0.8162999999999999
semantic,21,dev_3029,no,YES,yes,yes,Incorrect,0.8181
semantic,21,dev_3035,no,YES,yes,yes,Incorrect,0.7599
semantic,21,dev_3040,no,NO,no,no,Correct,0.7878
semantic,21,dev_3073,no,NO,no,no,Correct,0.77
semantic,21,dev_3079,yes,"NO, salary is not included in the cost of goods sold. Salary is considered",no,no,Incorrect,0.7611
semantic,21,dev_3089,yes,NO,no,no,Incorrect,0.7597
semantic,21,dev_3105,yes,"NO, a neutral wire should not be connected to ground as it can create a",no,no,Incorrect,0.7961
semantic,21,dev_3106,yes,NO,no,no,Incorrect,0.8215
semantic,21,dev_3107,yes,YES,yes,yes,Correct,0.7361
semantic,21,dev_3122,no,YES,yes,yes,Incorrect,0.7614
semantic,21,dev_3143,no,"NO, the Republic of Ireland is not part of the Schengen visa area.",no,no,Correct,0.8522000000000001
semantic,21,dev_3173,no,NO,no,no,Correct,0.7619
semantic,21,dev_3183,no,YES,yes,yes,Incorrect,0.741
semantic,21,dev_3187,yes,"NO, Batman Forever is not a sequel to Batman Returns. It is a separate",no,no,Incorrect,0.8571
semantic,21,dev_3204,no,NO,no,no,Correct,0.766
semantic,21,dev_3212,yes,YES,yes,yes,Correct,0.706
semantic,21,dev_3221,no,NO,no,no,Correct,0.7918
semantic,21,dev_3231,yes,NO,no,no,Incorrect,0.7904
semantic,21,dev_3232,yes,NO,no,no,Incorrect,0.7359
semantic,21,dev_3238,yes,NO,no,no,Incorrect,0.8483999999999999
semantic,21,dev_3239,yes,NO,no,no,Incorrect,0.7682
semantic,21,dev_3241,yes,NO,no,no,Incorrect,0.7948
semantic,21,dev_3242,yes,NO,no,no,Incorrect,0.7886
semantic,21,dev_0031,yes,"NO, Deadpool does not have a kid in the comics.",no,no,Incorrect,0.7977000000000001
semantic,21,dev_0148,yes,NO,no,no,Incorrect,0.7928999999999999
semantic,21,dev_0178,yes,YES,yes,yes,Correct,0.8168
semantic,21,dev_0410,yes,NO,no,no,Incorrect,0.767
semantic,21,dev_0419,yes,YES,yes,yes,Correct,0.796
semantic,21,dev_0448,yes,YES,yes,yes,Correct,0.8527
semantic,21,dev_0224,no,NO,no,no,Correct,0.5017
semantic,21,dev_0317,no,"NO, you don't have to be born with perfect pitch. While it is a",no,no,Correct,0.7931
semantic,21,dev_0368,no,NO,no,no,Correct,0.8242
semantic,21,dev_0507,no,I don't know.,i,idk,IDK,0.6101
semantic,21,dev_0603,no,NO,no,no,Correct,0.8523999999999999
semantic,21,dev_0938,no,NO,no,no,Correct,0.8208
semantic,21,dev_0076,yes,"NO, female ferrets do not die if they don't mate, as they can",no,no,Incorrect,0.8717
semantic,21,dev_0459,yes,"YES, it matters which DNA strand is transcribed because the template strand determines the",yes,yes,Correct,0.77
semantic,21,dev_0502,yes,"NO, a kingsnake is not immune to rattlesnake venom. While some",no,no,Incorrect,0.8162999999999999
semantic,21,dev_0580,yes,NO,no,no,Incorrect,0.7973
semantic,21,dev_1089,yes,NO,no,no,Incorrect,0.7981
semantic,21,dev_1153,yes,NO,no,no,Incorrect,0.7908
semantic,21,dev_1315,yes,I don't know.,i,idk,IDK,0.8232
semantic,21,dev_1482,yes,"YES, muscle fibers are the same as muscle cells.",yes,yes,Correct,0.815
semantic,21,dev_1568,yes,NO,no,no,Incorrect,0.7702
semantic,21,dev_1968,yes,"NO, a turtle and a tortoise are not the same. Turtles are",no,no,Incorrect,0.8251000000000001
semantic,21,dev_2223,yes,YES,yes,yes,Correct,0.8863
semantic,21,dev_2420,yes,"NO, there is no bird called a rain crow.",no,no,Incorrect,0.8152
semantic,21,dev_2882,yes,YES,yes,yes,Correct,0.8164
semantic,21,dev_2899,yes,I don't know.,i,idk,IDK,0.763
semantic,21,dev_2910,yes,"NO, taro root and elephant ears are not the same. Taro root",no,no,Incorrect,0.823
semantic,21,dev_0713,no,"NO, a cow does not have to be pregnant to lactate. Lactation",no,no,Correct,0.8172999999999999
semantic,21,dev_0816,no,NO,no,no,Correct,0.8467
semantic,21,dev_0911,no,NO,no,no,Correct,0.7901
semantic,21,dev_0997,no,NO,no,no,Correct,0.7933
semantic,21,dev_1258,no,YES,yes,yes,Incorrect,0.7667999999999999
semantic,21,dev_1422,no,"NO, root hairs typically occur along the elongation zone of a root, which",no,no,Correct,0.8807
semantic,21,dev_2120,no,YES,yes,yes,Incorrect,0.7927000000000001
semantic,21,dev_2353,no,NO,no,no,Correct,0.7964
semantic,21,dev_2441,no,NO,no,no,Correct,0.8475
semantic,21,dev_2087,no,"NO, sperm whales are not currently listed as endangered on the IUCN Red",no,no,Correct,0.8519
semantic,21,dev_2215,no,"NO, the two chromosomes in a pair are not identical; they are homologous",no,no,Correct,0.7904
semantic,21,dev_2503,no,NO,no,no,Correct,0.8165
semantic,21,dev_2652,no,YES,yes,yes,Incorrect,0.8202
semantic,21,dev_2850,no,YES,yes,yes,Incorrect,0.821
semantic,21,dev_3062,no,"NO, black and yellow garden spiders (Argiope aurantia) are not",no,no,Correct,0.8573999999999999
semantic,21,dev_0400,yes,YES,yes,yes,Correct,0.7967000000000001
semantic,21,dev_0432,yes,NO,no,no,Incorrect,0.7928
semantic,21,dev_0446,yes,I don't know.,i,idk,IDK,0.7926
semantic,21,dev_0455,yes,I don't know.,i,idk,IDK,0.8242
semantic,21,dev_0472,yes,NO,no,no,Incorrect,0.7961
semantic,21,dev_0524,yes,NO,no,no,Incorrect,0.7351
semantic,21,dev_0767,yes,YES,yes,yes,Correct,0.7407
semantic,21,dev_0875,yes,NO,no,no,Incorrect,0.7647
semantic,21,dev_0950,yes,NO,no,no,Incorrect,0.7665
semantic,21,dev_1023,yes,NO,no,no,Incorrect,0.7617999999999999
semantic,21,dev_1171,yes,NO,no,no,Incorrect,0.7677999999999999
semantic,21,dev_1207,yes,NO,no,no,Incorrect,0.7707
semantic,21,dev_1299,yes,"Yes, net earnings and net income are the same. Both terms refer to the",yes,yes,Correct,0.8588
semantic,21,dev_0157,no,NO,no,no,Correct,0.8177000000000001
semantic,21,dev_0371,no,NO,no,no,Correct,0.7948999999999999
semantic,21,dev_0621,no,YES,yes,yes,Incorrect,0.7706000000000001
semantic,21,dev_0699,no,NO,no,no,Correct,0.7627
semantic,21,dev_0954,no,I don't know.,i,idk,IDK,0.7907000000000001
semantic,21,dev_1050,no,NO,no,no,Correct,0.7978
semantic,21,dev_1208,no,NO,no,no,Correct,0.8517
semantic,21,dev_1257,no,NO,no,no,Correct,0.7367999999999999
semantic,21,dev_1805,no,NO,no,no,Correct,0.8184
semantic,21,dev_1876,no,I don't know.,i,idk,IDK,0.7661
semantic,21,dev_2290,no,YES,yes,yes,Incorrect,0.7685
semantic,21,dev_2444,no,NO,no,no,Correct,0.8148
semantic,21,dev_0250,yes,YES,yes,yes,Correct,0.798
semantic,21,dev_0337,yes,YES,yes,yes,Correct,0.8162999999999999
semantic,21,dev_0386,yes,I don't know.,i,idk,IDK,0.8146
semantic,21,dev_0591,yes,"NO, Copa Airlines is not part of the Star Alliance. It is a member",no,no,Incorrect,0.818
semantic,21,dev_0746,yes,YES,yes,yes,Correct,0.8159
semantic,21,dev_0845,yes,YES,yes,yes,Correct,0.7345
semantic,21,dev_0855,yes,"YES, flight paths do go over the North Pole, especially for polar routes that",yes,yes,Correct,0.8822000000000001
semantic,21,dev_0915,yes,NO,no,no,Incorrect,0.7611
semantic,21,dev_0945,yes,YES,yes,yes,Correct,0.7693
semantic,21,dev_0021,no,NO,no,no,Correct,0.7705
semantic,21,dev_0490,no,I don't know.,i,idk,IDK,0.8242999999999999
semantic,21,dev_0581,no,NO,no,no,Correct,0.7666000000000001
semantic,21,dev_0631,no,NO,no,no,Correct,0.5065
semantic,21,dev_0691,no,"NO, you do not need a stamp if it says Freepost.",no,no,Correct,0.7941
semantic,21,dev_0783,no,YES,yes,yes,Incorrect,0.763
semantic,21,dev_0787,no,YES,yes,yes,Incorrect,0.7986
semantic,21,dev_0825,no,"NO, the Waterloo & City line does not run on a Sunday.",no,no,Correct,0.7922
semantic,21,dev_0885,no,NO,no,no,Correct,0.7673
semantic,21,dev_0089,yes,YES,yes,yes,Correct,0.8522000000000001
semantic,21,dev_0095,yes,"NO, Anne with an E was not filmed on Prince Edward Island (PEI",no,no,Incorrect,0.8497
semantic,21,dev_0211,yes,NO,no,no,Incorrect,0.8161
semantic,21,dev_0238,yes,NO,no,no,Incorrect,0.7888
semantic,21,dev_0252,yes,NO,no,no,Incorrect,0.7683
semantic,21,dev_0256,yes,NO,no,no,Incorrect,0.7436
semantic,21,dev_0266,yes,NO,no,no,Incorrect,0.7637999999999999
semantic,21,dev_0310,yes,I don't know.,i,idk,IDK,0.7702
semantic,21,dev_0359,yes,I don't know.,i,idk,IDK,0.7955
semantic,21,dev_0422,yes,I don't know.,i,idk,IDK,0.7633
semantic,21,dev_0040,no,NO,no,no,Correct,0.8177000000000001
semantic,21,dev_0080,no,I don't know.,i,idk,IDK,0.8242999999999999
semantic,21,dev_0100,no,I don't know.,i,idk,IDK,0.7696000000000001
semantic,21,dev_0240,no,NO,no,no,Correct,0.815
semantic,21,dev_0247,no,NO,no,no,Correct,0.7948
semantic,21,dev_0260,no,I don't know.,i,idk,IDK,0.7991
semantic,21,dev_0277,no,NO,no,no,Correct,0.7656000000000001
semantic,21,dev_0290,no,NO,no,no,Correct,0.8198
semantic,21,dev_0303,no,NO,no,no,Correct,0.8149
semantic,21,dev_0231,yes,"NO, penne alla vodka does not contain dairy as it is a vodka-based",no,no,Incorrect,0.7918999999999999
semantic,21,dev_0401,yes,"NO, whole wheat rice is not the same as brown rice. Whole wheat rice",no,no,Incorrect,0.816
semantic,21,dev_0420,yes,NO,no,no,Incorrect,0.8152999999999999
semantic,21,dev_0571,yes,"NO, chicken cordon bleu is not made with blue cheese. It is a",no,no,Incorrect,0.8205
semantic,21,dev_0583,yes,NO,no,no,Incorrect,0.7942
semantic,21,dev_0765,yes,YES,yes,yes,Correct,0.7931
semantic,21,dev_0778,yes,YES,yes,yes,Correct,0.8154
semantic,21,dev_0815,yes,NO,no,no,Incorrect,0.8147000000000001
semantic,21,dev_0073,no,NO,no,no,Correct,0.7607999999999999
semantic,21,dev_0491,no,NO,no,no,Correct,0.736
semantic,21,dev_0615,no,NO,no,no,Correct,0.8197000000000001
semantic,21,dev_0868,no,NO,no,no,Correct,0.7436
semantic,21,dev_0880,no,NO,no,no,Correct,0.8158
semantic,21,dev_0953,no,NO,no,no,Correct,0.815
semantic,21,dev_0985,no,NO,no,no,Correct,0.7097
semantic,21,dev_0136,yes,YES,yes,yes,Correct,0.8171
semantic,21,dev_0367,yes,I don't know,i,idk,IDK,0.8561
semantic,21,dev_0618,yes,NO,no,no,Incorrect,0.7685
semantic,21,dev_0720,yes,YES,yes,yes,Correct,0.824
semantic,21,dev_0770,yes,NO,no,no,Incorrect,0.849
semantic,21,dev_0835,yes,YES,yes,yes,Correct,0.7936
semantic,21,dev_0896,yes,NO,no,no,Incorrect,0.8175
semantic,21,dev_0434,no,NO,no,no,Correct,0.8162
semantic,21,dev_0489,no,NO,no,no,Correct,0.8132
semantic,21,dev_0852,no,NO,no,no,Correct,0.7365
semantic,21,dev_0870,no,I don't know,i,idk,IDK,0.8506
semantic,21,dev_1148,no,NO,no,no,Correct,0.5032
semantic,21,dev_2595,no,NO,no,no,Correct,0.7907000000000001
semantic,21,dev_0281,yes,YES,yes,yes,Correct,0.4569
semantic,21,dev_0528,yes,YES,yes,yes,Correct,0.8182999999999999
semantic,21,dev_0547,yes,YES,yes,yes,Correct,0.8466
semantic,21,dev_0623,yes,"NO, the George Washington Bridge is not a one-way toll bridge. It is",no,no,Incorrect,0.7924
semantic,21,dev_0626,yes,NO,no,no,Incorrect,0.7971
semantic,21,dev_0686,yes,NO,no,no,Incorrect,0.8149
semantic,21,dev_0822,yes,YES,yes,yes,Correct,0.7683
semantic,21,dev_1210,yes,I don't know.,i,idk,IDK,0.5554
semantic,21,dev_0374,no,NO,no,no,Correct,0.8151
semantic,21,dev_0900,no,NO,no,no,Correct,0.7423
semantic,21,dev_0913,no,NO,no,no,Correct,0.8237000000000001
semantic,21,dev_1234,no,NO,no,no,Correct,0.8172999999999999
semantic,21,dev_1360,no,NO,no,no,Correct,0.8174
semantic,21,dev_1544,no,"NO, I-30 in Dallas is not a toll road.",no,no,Correct,0.7954
semantic,21,dev_1588,no,"NO, Lake George is a natural lake.",no,no,Correct,0.8563
semantic,21,dev_0344,yes,NO,no,no,Incorrect,0.7663
semantic,21,dev_0379,yes,"Yes, New England Baptist Hospital is a teaching hospital.",yes,yes,Correct,0.7828999999999999
semantic,21,dev_0474,yes,I don't know.,i,idk,IDK,0.7978999999999999
semantic,21,dev_0614,yes,I don't know.,i,idk,IDK,0.7675
semantic,21,dev_0655,yes,NO,no,no,Incorrect,0.7916
semantic,21,dev_1195,yes,I don't know.,i,idk,IDK,0.8549
semantic,21,dev_1197,yes,NO,no,no,Incorrect,0.8198
semantic,21,dev_1313,yes,"YES, relative risk and risk ratio are the same. They both refer to the",yes,yes,Correct,0.8482000000000001
semantic,21,dev_1564,yes,YES,yes,yes,Correct,0.7689
semantic,21,dev_0078,no,"NO, there is only one brachiocephalic artery, which branches off",no,no,Correct,0.8237000000000001
semantic,21,dev_0166,no,I don't know.,i,idk,IDK,0.769
semantic,21,dev_0851,no,YES,yes,yes,Incorrect,0.8473999999999999
semantic,21,dev_0861,no,"NO, a junctional rhythm does not have a P wave.",no,no,Correct,0.7958999999999999
semantic,21,dev_0872,no,"NO, a third-degree burn is worse than a first-degree burn.",no,no,Correct,0.8214
semantic,21,dev_1554,no,I don't know.,i,idk,IDK,0.8157000000000001
semantic,21,dev_1719,no,"NO, extended release and sustained release are similar but not the same. Extended release",no,no,Correct,0.8194
semantic,21,dev_1991,no,"NO, it is not true that the ring finger is connected to the heart.",no,no,Correct,0.7677
semantic,21,dev_2115,no,I don't know.,i,idk,IDK,0.7963
semantic,21,dev_0105,yes,"NO, there was no draft during the Revolutionary War. Enlistment was voluntary",no,no,Incorrect,0.7978
semantic,21,dev_0125,yes,YES,yes,yes,Correct,0.872
semantic,21,dev_0191,yes,"NO, the Tomb of the Unknown Soldier does not contain actual bodies, but rather",no,no,Incorrect,0.8186
semantic,21,dev_1292,yes,I don't know.,i,idk,IDK,0.8194
semantic,21,dev_1338,yes,NO,no,no,Incorrect,0.8468
semantic,21,dev_0388,no,NO,no,no,Correct,0.8198
semantic,21,dev_0703,no,I don't know,i,idk,IDK,0.8491000000000001
semantic,21,dev_0833,no,I don't know.,i,idk,IDK,0.8196
semantic,21,dev_0874,no,NO,no,no,Correct,0.8151
semantic,21,dev_1651,no,NO,no,no,Correct,0.8166
semantic,21,dev_0072,yes,I don't know.,i,idk,IDK,0.8152
semantic,21,dev_0258,yes,NO,no,no,Incorrect,0.8224
semantic,21,dev_0286,yes,"YES, an administrative law judge is a real judge who presides over administrative hearings",yes,yes,Correct,0.7704
semantic,21,dev_0348,yes,NO,no,no,Incorrect,0.7914
semantic,21,dev_0467,yes,YES,yes,yes,Correct,0.74
semantic,21,dev_0515,yes,I don't know.,i,idk,IDK,0.816
semantic,21,dev_0562,yes,I don't know.,i,idk,IDK,0.7973
semantic,21,dev_0636,yes,"NO, in California, it is illegal to carry a gun on your person without",no,no,Incorrect,0.8473999999999999
semantic,21,dev_0740,yes,"YES, there is a time limit for ratification of an amendment. According to",yes,yes,Correct,0.8483999999999999
semantic,21,dev_0838,yes,"NO, you cannot turn right on a red in Quebec.",no,no,Incorrect,0.7985
semantic,21,dev_0864,yes,"NO, Ohio does not allow open carry without a permit.",no,no,Incorrect,0.7634
semantic,21,dev_0873,yes,NO,no,no,Incorrect,0.824
semantic,21,dev_0901,yes,I don't know,i,idk,IDK,0.8465
semantic,21,dev_0909,yes,"YES, an X can be used as a signature, especially in cases where an",yes,yes,Correct,0.7695
semantic,21,dev_1134,yes,"NO, New York State is not a common law state; it is a civil",no,no,Incorrect,0.761
semantic,21,dev_0198,no,YES,yes,yes,Incorrect,0.8216
semantic,21,dev_0215,no,I don't know.,i,idk,IDK,0.7697999999999999
semantic,21,dev_0223,no,I don't know.,i,idk,IDK,0.799
semantic,21,dev_0234,no,NO,no,no,Correct,0.8489
semantic,21,dev_0272,no,"NO, trucks are not allowed on the Taconic State Parkway.",no,no,Correct,0.7494
semantic,21,dev_0453,no,"NO, in the United States, marriage between siblings is prohibited under incest laws in",no,no,Correct,0.7942
semantic,21,dev_0499,no,"NO, Puerto Ricans are U.S. citizens, but they cannot vote in",no,no,Correct,0.7948999999999999
semantic,21,dev_0552,no,I don't know.,i,idk,IDK,0.7611
semantic,21,dev_0680,no,YES,yes,yes,Incorrect,0.8221
semantic,21,dev_0738,no,"NO, Taiwan is not a member of the Paris Convention.",no,no,Correct,0.6972999999999999
semantic,21,dev_0771,no,"NO, payola is illegal in both Canada and the United States.",no,no,Correct,0.7917000000000001
semantic,21,dev_0888,no,YES,yes,yes,Incorrect,0.792
semantic,21,dev_1135,no,NO,no,no,Correct,0.8159
semantic,21,dev_1188,no,"NO, you cannot buy a gun if you are dishonorably discharged.",no,no,Correct,0.8192
semantic,21,dev_0339,yes,NO,no,no,Incorrect,0.8152999999999999
semantic,21,dev_0357,yes,I don't know.,i,idk,IDK,0.8149
semantic,21,dev_0498,yes,I don't know.,i,idk,IDK,0.5551
semantic,21,dev_0620,yes,YES,yes,yes,Correct,0.8198
semantic,21,dev_0878,yes,I don't know.,i,idk,IDK,0.7697999999999999
semantic,21,dev_1864,yes,NO,no,no,Incorrect,0.857
semantic,21,dev_2080,yes,"NO, the Coast Guard is not part of the Department of Defense. It is",no,no,Incorrect,0.8539
semantic,21,dev_2395,yes,"NO, the Governor-General does not have to sign all bills passed by federal Parliament",no,no,Incorrect,0.7886
semantic,21,dev_2639,yes,"NO, Canada is not a member of the",no,no,Incorrect,0.8149
semantic,21,dev_3155,yes,I don't know.,i,idk,IDK,0.7607
semantic,21,dev_3209,yes,YES,yes,yes,Correct,0.7902
semantic,21,dev_0209,no,NO,no,no,Correct,0.8478
semantic,21,dev_0273,no,"NO, you only have to pay the toll when you are traveling in one direction",no,no,Correct,0.8149
semantic,21,dev_0404,no,NO,no,no,Correct,0.8469
semantic,21,dev_0567,no,"NO, Romania is not part of the Visa Waiver Program.",no,no,Correct,0.7975
semantic,21,dev_0675,no,"NO, Saudi Arabia has not signed the Universal Declaration of",no,no,Correct,0.8227000000000001
semantic,21,dev_1172,no,NO,no,no,Correct,0.8227000000000001
semantic,21,dev_1275,no,I don't know.,i,idk,IDK,0.8882000000000001
semantic,21,dev_1971,no,NO,no,no,Correct,0.8513
semantic,21,dev_2001,no,NO,no,no,Correct,0.7938
semantic,21,dev_3004,no,NO,no,no,Correct,0.7925
semantic,21,dev_3256,no,I don't know.,i,idk,IDK,0.7891
semantic,21,dev_1132,yes,I don't know.,i,idk,IDK,0.7637
semantic,21,dev_1233,yes,NO,no,no,Incorrect,0.7992
semantic,21,dev_1511,yes,NO,no,no,Incorrect,0.8525
semantic,21,dev_1633,yes,NO,no,no,Incorrect,0.8192999999999999
semantic,21,dev_2007,yes,YES,yes,yes,Correct,0.7898
semantic,21,dev_2214,yes,"NO, there is no such thing as dry water. Water is a liquid at",no,no,Incorrect,0.8485
semantic,21,dev_2239,yes,NO,no,no,Incorrect,0.8471000000000001
semantic,21,dev_2299,yes,NO,no,no,Incorrect,0.7904
semantic,21,dev_2303,yes,YES,yes,yes,Correct,0.8248
semantic,21,dev_2477,yes,"NO, 0 is not in the set of natural numbers.",no,no,Incorrect,0.6937000000000001
semantic,21,dev_2993,yes,NO,no,no,Incorrect,0.7968
semantic,21,dev_3126,yes,"NO, an upside-down rainbow is not possible because it would require the light to",no,no,Incorrect,0.7928999999999999
semantic,21,dev_3188,yes,"NO, a turkey vulture is not the same as a buzzard. A",no,no,Incorrect,0.7665
semantic,21,dev_3193,yes,YES,yes,yes,Correct,0.8729
semantic,21,dev_3234,yes,YES,yes,yes,Correct,0.7121000000000001
semantic,21,dev_3265,yes,I don't know.,i,idk,IDK,0.7912
semantic,21,dev_0001,no,I don't know.,i,idk,IDK,0.7617
semantic,21,dev_0579,no,I don't know.,i,idk,IDK,0.5291
semantic,21,dev_1003,no,"Yes, least squares is a method used in linear regression to estimate the coefficients of",yes,yes,Incorrect,0.796
semantic,21,dev_1483,no,NO,no,no,Correct,0.7663
semantic,21,dev_1551,no,NO,no,no,Correct,0.7903
semantic,21,dev_1702,no,NO,no,no,Correct,0.7991
semantic,21,dev_1925,no,NO,no,no,Correct,0.8148
semantic,21,dev_2025,no,NO,no,no,Correct,0.7881
semantic,21,dev_2312,no,NO,no,no,Correct,0.7988999999999999
semantic,21,dev_2471,no,NO,no,no,Correct,0.76
semantic,21,dev_2521,no,NO,no,no,Correct,0.8479
semantic,21,dev_2782,no,"YES, the hydronium ion (H3O+) and the hydrogen ion",yes,yes,Incorrect,0.8722000000000001
semantic,21,dev_2812,no,NO,no,no,Correct,0.7895
semantic,21,dev_3014,no,NO,no,no,Correct,0.7928
semantic,21,dev_3034,no,NO,no,no,Correct,0.7912
semantic,21,dev_3159,no,NO,no,no,Correct,0.7373
semantic,21,dev_3190,no,NO,no,no,Correct,0.8199
semantic,21,dev_0682,yes,"NO, a sermon is a broader term for a religious or spiritual discourse, while",no,no,Incorrect,0.7962
semantic,21,dev_0735,yes,NO,no,no,Incorrect,0.77
semantic,21,dev_1505,yes,"YES, the University of St. Thomas is a nonprofit institution.",yes,yes,Correct,0.7643
semantic,21,dev_1668,yes,"Yes, Church of England (Anglican) worshippers do make the sign of",yes,yes,Correct,0.8535
semantic,21,dev_2373,yes,NO,no,no,Incorrect,0.8219
semantic,21,dev_2793,yes,NO,no,no,Incorrect,0.8169
semantic,21,dev_2929,yes,I don't know.,i,idk,IDK,0.7649
semantic,21,dev_0605,no,"NO, you do not have to be a Mormon to go to BYU.",no,no,Correct,0.7706000000000001
semantic,21,dev_0908,no,I don't know.,i,idk,IDK,0.8148
semantic,21,dev_1388,no,NO,no,no,Correct,0.7913
semantic,21,dev_1521,no,"NO, Sweden does not pay students to attend school, but it provides free or",no,no,Correct,0.7966
semantic,21,dev_2334,no,NO,no,no,Correct,0.8241
semantic,21,dev_2641,no,I don't know.,i,idk,IDK,0.5814
semantic,21,dev_0347,yes,I don't know,i,idk,IDK,0.8546
semantic,21,dev_0411,yes,I don't know.,i,idk,IDK,0.8511
semantic,21,dev_0439,yes,"NO, the Milwaukee Brewers have never made it to the World Series.",no,no,Incorrect,0.8314
semantic,21,dev_0452,yes,YES,yes,yes,Correct,0.8547
semantic,21,dev_0585,yes,NO,no,no,Incorrect,0.8186
semantic,21,dev_0656,yes,NO,no,no,Incorrect,0.7927000000000001
semantic,21,dev_0661,yes,"NO, the KSI vs. Logan Paul fight was not a pay-per-view",no,no,Incorrect,0.8487
semantic,21,dev_0701,yes,YES,yes,yes,Correct,0.8154
semantic,21,dev_0704,yes,YES,yes,yes,Correct,0.8495
semantic,21,dev_0752,yes,NO,no,no,Incorrect,0.8251000000000001
semantic,21,dev_0848,yes,I don't know.,i,idk,IDK,0.8158
semantic,21,dev_0883,yes,"YES, there have been instances where a team has come back from a 3",yes,yes,Correct,0.7886
semantic,21,dev_1143,yes,"YES, Dan Marino is in the Pro Football Hall of Fame.",yes,yes,Correct,0.7704
semantic,21,dev_1305,yes,NO,no,no,Incorrect,0.7923
semantic,21,dev_1497,yes,NO,no,no,Incorrect,0.7958999999999999
semantic,21,dev_1777,yes,I don't know.,i,idk,IDK,0.5474
semantic,21,dev_2250,yes,NO,no,no,Incorrect,0.7372000000000001
semantic,21,dev_2370,yes,YES,yes,yes,Correct,0.7954
semantic,21,dev_0083,no,YES,yes,yes,Incorrect,0.817
semantic,21,dev_0085,no,NO,no,no,Correct,0.7958
semantic,21,dev_0170,no,NO,no,no,Correct,0.7947000000000001
semantic,21,dev_0230,no,"NO, in Little League, a dropped third strike does not result in an out",no,no,Correct,0.8853
semantic,21,dev_0412,no,I don't know.,i,idk,IDK,0.7694
semantic,21,dev_0421,no,NO,no,no,Correct,0.7641
semantic,21,dev_0447,no,YES,yes,yes,Incorrect,0.7634
semantic,21,dev_0544,no,I don't know.,i,idk,IDK,0.5262
semantic,21,dev_0565,no,"NO, walks are not counted in the batting average. Batting average only considers",no,no,Correct,0.8741
semantic,21,dev_0589,no,I don't know.,i,idk,IDK,0.8546
semantic,21,dev_0593,no,NO,no,no,Correct,0.7894
semantic,21,dev_0859,no,NO,no,no,Correct,0.765
semantic,21,dev_0865,no,NO,no,no,Correct,0.7632000000000001
semantic,21,dev_1518,no,NO,no,no,Correct,0.8228
semantic,21,dev_1768,no,YES,yes,yes,Incorrect,0.7894
semantic,21,dev_1779,no,NO,no,no,Correct,0.7898
semantic,21,dev_1905,no,"NO, you cannot be offside directly from a goal kick.",no,no,Correct,0.804
semantic,21,dev_2156,no,NO,no,no,Correct,0.7996
semantic,21,dev_2158,no,NO,no,no,Correct,0.7904
semantic,21,dev_2798,no,NO,no,no,Correct,0.7683
semantic,21,dev_3138,no,YES,yes,yes,Incorrect,0.7985
semantic,21,dev_0307,yes,NO,no,no,Incorrect,0.794
semantic,21,dev_0506,yes,NO,no,no,Incorrect,0.816
semantic,21,dev_0641,yes,NO,no,no,Incorrect,0.7892
semantic,21,dev_0844,yes,I don't know.,i,idk,IDK,0.8171
semantic,21,dev_1032,yes,"NO, 1-844 is not a toll-free number in Canada. In",no,no,Incorrect,0.8711
semantic,21,dev_1574,yes,YES,yes,yes,Correct,0.8154
semantic,21,dev_1889,yes,NO,no,no,Incorrect,0.7641
semantic,21,dev_2093,yes,"YES, you can call the police without a SIM card using a SIM-less call",yes,yes,Correct,0.8847999999999999
semantic,21,dev_2213,yes,NO,no,no,Incorrect,0.7635
semantic,21,dev_2735,yes,"NO, pipelining is a technique used to improve throughput, not latency.",no,no,Incorrect,0.8549
semantic,21,dev_2836,yes,NO,no,no,Incorrect,0.7991
semantic,21,dev_0788,no,NO,no,no,Correct,0.8482000000000001
semantic,21,dev_0798,no,"NO, area code 669 is not a toll-free number. It is a",no,no,Correct,0.847
semantic,21,dev_1249,no,YES,yes,yes,Incorrect,0.7992999999999999
semantic,21,dev_1458,no,NO,no,no,Correct,0.7691
semantic,21,dev_1584,no,NO,no,no,Correct,0.7985
semantic,21,dev_1589,no,NO,no,no,Correct,0.7667999999999999
semantic,21,dev_1657,no,NO,no,no,Correct,0.872
semantic,21,dev_1691,no,NO,no,no,Correct,0.7369
semantic,21,dev_1943,no,YES,yes,yes,Incorrect,0.8142
semantic,21,dev_2682,no,"YES, E-ZPass and EZ TAG are the same toll collection system used in",yes,yes,Incorrect,0.82
semantic,21,dev_2712,no,NO,no,no,Correct,0.7894
semantic,21,dev_0427,no,NO,no,no,Correct,0.8482999999999999
semantic,21,dev_0531,no,NO,no,no,Correct,0.8563
semantic,21,dev_1915,no,NO,no,no,Correct,0.8234
semantic,21,dev_1946,no,NO,no,no,Correct,0.8224
semantic,21,dev_2024,no,NO,no,no,Correct,0.7988
semantic,21,dev_2265,no,NO,no,no,Correct,0.7971
semantic,21,dev_0004,yes,NO,no,no,Incorrect,0.8726
semantic,21,dev_0241,yes,YES,yes,yes,Correct,0.8719
semantic,21,dev_0326,yes,NO,no,no,Incorrect,0.7978999999999999
semantic,21,dev_0525,yes,YES,yes,yes,Correct,0.8149
semantic,21,dev_0577,yes,NO,no,no,Incorrect,0.8236
semantic,21,dev_0799,yes,I don't know.,i,idk,IDK,0.8154
semantic,21,dev_0142,no,NO,no,no,Correct,0.815
semantic,21,dev_0494,no,"NO, fitness in biology refers to an organism's ability to survive and reproduce,",no,no,Correct,0.7607
semantic,21,dev_0527,no,"NO, HeLa cells are aneuploid and have an abnormal number of",no,no,Correct,0.7938999999999999
semantic,21,dev_0566,no,NO,no,no,Correct,0.7439
semantic,21,dev_0648,no,"NO, evergreen trees do not lose their leaves in the winter.",no,no,Correct,0.8172999999999999
semantic,21,dev_0668,no,NO,no,no,Correct,0.7933
semantic,21,dev_0749,no,"NO, sensory neurons are part of the peripheral nervous system, not the central nervous",no,no,Correct,0.8727999999999999
semantic,21,dev_0790,no,NO,no,no,Correct,0.7937000000000001
semantic,21,dev_0867,no,NO,no,no,Correct,0.7596
semantic,21,dev_0921,no,NO,no,no,Correct,0.8469
semantic,21,dev_1088,no,NO,no,no,Correct,0.7936
semantic,21,dev_1329,no,"NO, there is no bone in the earlobe. The earlobe",no,no,Correct,0.7924
semantic,21,dev_1402,no,NO,no,no,Correct,0.7636000000000001
semantic,21,dev_1428,no,NO,no,no,Correct,0.7432000000000001
semantic,21,dev_1439,no,NO,no,no,Correct,0.8485
semantic,21,dev_0020,yes,YES,yes,yes,Correct,0.7893
semantic,21,dev_0027,yes,"YES, penguins have feathers arising from the epidermis.",yes,yes,Correct,0.7687
semantic,21,dev_0047,yes,YES,yes,yes,Correct,0.7629
semantic,21,dev_0070,yes,YES,yes,yes,Correct,0.7938999999999999
semantic,21,dev_0086,yes,YES,yes,yes,Correct,0.7987000000000001
semantic,21,dev_0121,yes,YES,yes,yes,Correct,0.7935
semantic,21,dev_0131,yes,YES,yes,yes,Correct,0.8158
semantic,21,dev_0147,yes,"YES, the navel and belly button refer to the same scar left on the",yes,yes,Correct,0.7694
semantic,21,dev_0159,yes,YES,yes,yes,Correct,0.8244
semantic,21,dev_0190,yes,YES,yes,yes,Correct,0.7931
semantic,21,dev_0195,yes,"NO, alligators do not drown their prey and eat it later. They",no,no,Incorrect,0.8168
semantic,21,dev_0200,yes,YES,yes,yes,Correct,0.7435
semantic,21,dev_0214,yes,YES,yes,yes,Correct,0.8482999999999999
semantic,21,dev_0242,yes,YES,yes,yes,Correct,0.7908
semantic,21,dev_0522,yes,YES,yes,yes,Correct,0.8732000000000001
semantic,21,dev_0033,no,NO,no,no,Correct,0.793
semantic,21,dev_0123,no,"NO, public limited companies are not in the private sector; they are publicly traded",no,no,Correct,0.8169
semantic,21,dev_0501,no,NO,no,no,Correct,0.8471000000000001
semantic,21,dev_0526,no,NO,no,no,Correct,0.7667
semantic,21,dev_1076,no,NO,no,no,Correct,0.8194
semantic,21,dev_1213,no,NO,no,no,Correct,0.7373
semantic,21,dev_1654,no,NO,no,no,Correct,0.798
semantic,21,dev_1753,no,NO,no,no,Correct,0.8255
semantic,21,dev_1825,no,NO,no,no,Correct,0.8479
semantic,21,dev_2911,no,"NO, the United States does not have a fixed exchange rate. The US dollar",no,no,Correct,0.7944
semantic,21,dev_2740,no,NO,no,no,Correct,0.7941
semantic,21,dev_2517,no,NO,no,no,Correct,0.7127
semantic,21,dev_1139,yes,YES,yes,yes,Correct,0.767
semantic,21,dev_0002,yes,YES,yes,yes,Correct,0.7624
semantic,21,dev_0773,yes,YES,yes,yes,Correct,0.7667
semantic,21,dev_1186,yes,YES,yes,yes,Correct,0.7607
semantic,21,dev_1302,yes,YES,yes,yes,Correct,0.8157000000000001
semantic,21,dev_1349,yes,YES,yes,yes,Correct,0.8188
semantic,21,dev_1771,yes,NO,no,no,Incorrect,0.7663
semantic,21,dev_1804,yes,YES,yes,yes,Correct,0.7926
semantic,21,dev_1873,yes,YES,yes,yes,Correct,0.8469
semantic,21,dev_1963,yes,YES,yes,yes,Correct,0.8162
semantic,21,dev_2582,yes,YES,yes,yes,Correct,0.7944
semantic,21,dev_2598,yes,NO,no,no,Incorrect,0.8139
semantic,21,dev_3158,yes,YES,yes,yes,Correct,0.7664
semantic,21,dev_0551,no,NO,no,no,Correct,0.7687
semantic,21,dev_1158,no,I don't know.,i,idk,IDK,0.7657
semantic,21,dev_1364,no,NO,no,no,Correct,0.4781
semantic,21,dev_1807,no,NO,no,no,Correct,0.7921
semantic,21,dev_2542,no,NO,no,no,Correct,0.7882
semantic,21,dev_2562,no,NO,no,no,Correct,0.8207000000000001
semantic,21,dev_3005,no,NO,no,no,Correct,0.7954
semantic,21,dev_3194,no,NO,no,no,Correct,0.7432000000000001
semantic,21,dev_3195,no,"YES, a boarding pass is essentially the same as a ticket, as it serves",yes,yes,Incorrect,0.8232999999999999
semantic,21,dev_0013,yes,I don't know.,i,idk,IDK,0.7921
semantic,21,dev_0043,yes,YES,yes,yes,Correct,0.8166
semantic,21,dev_0052,yes,YES,yes,yes,Correct,0.7908
semantic,21,dev_0091,yes,NO,no,no,Incorrect,0.7409
semantic,21,dev_0116,yes,YES,yes,yes,Correct,0.8187000000000001
semantic,21,dev_0288,yes,"YES, the UK uses a 24-hour clock.",yes,yes,Correct,0.8462000000000001
semantic,21,dev_0555,yes,YES,yes,yes,Correct,0.7897000000000001
semantic,21,dev_0627,yes,NO,no,no,Incorrect,0.8238
semantic,21,dev_0831,yes,YES,yes,yes,Correct,0.8189
semantic,21,dev_0721,no,NO,no,no,Correct,0.8537
semantic,21,dev_0863,no,NO,no,no,Correct,0.795
semantic,21,dev_1357,no,NO,no,no,Correct,0.7677
semantic,21,dev_1951,no,YES,yes,yes,Incorrect,0.824
semantic,21,dev_2131,no,NO,no,no,Correct,0.7961
semantic,21,dev_2174,no,NO,no,no,Correct,0.7946
semantic,21,dev_2252,no,NO,no,no,Correct,0.7642
semantic,21,dev_2309,no,NO,no,no,Correct,0.7956
semantic,21,dev_2364,no,NO,no,no,Correct,0.8195
semantic,21,dev_3075,no,NO,no,no,Correct,0.7971
semantic,21,dev_3205,no,NO,no,no,Correct,0.8172999999999999
semantic,21,dev_0015,yes,"NO, Fantastic Beasts and Where to Find Them is not a prequel;",no,no,Incorrect,0.8154
semantic,21,dev_0153,yes,YES,yes,yes,Correct,0.8204
semantic,21,dev_0161,yes,NO,no,no,Incorrect,0.7933
semantic,21,dev_0306,yes,"YES, Grey's Anatomy is filmed at a real hospital, specifically the fictional Seattle",yes,yes,Correct,0.7975
semantic,21,dev_0334,yes,NO,no,no,Incorrect,0.8246
semantic,21,dev_0338,yes,YES,yes,yes,Correct,0.7976
semantic,21,dev_0493,yes,NO,no,no,Incorrect,0.8157000000000001
semantic,21,dev_0520,yes,YES,yes,yes,Correct,0.8241
semantic,21,dev_0212,no,NO,no,no,Correct,0.7945
semantic,21,dev_0309,no,NO,no,no,Correct,0.7423
semantic,21,dev_0484,no,NO,no,no,Correct,0.8235
semantic,21,dev_0654,no,NO,no,no,Correct,0.8212
semantic,21,dev_0973,no,NO,no,no,Correct,0.816
semantic,21,dev_1335,no,NO,no,no,Correct,0.768
semantic,21,dev_1443,no,"NO, a lungo and an Americano are not the same. A lungo is",no,no,Correct,0.7677
semantic,21,dev_0284,yes,YES,yes,yes,Correct,0.79
semantic,21,dev_0330,yes,YES,yes,yes,Correct,0.7916
semantic,21,dev_0443,yes,YES,yes,yes,Correct,0.7921
semantic,21,dev_0975,yes,YES,yes,yes,Correct,0.797
semantic,21,dev_1741,yes,YES,yes,yes,Correct,0.7987000000000001
semantic,21,dev_1770,yes,YES,yes,yes,Correct,0.7966
semantic,21,dev_1860,no,NO,no,no,Correct,0.8228
semantic,21,dev_1967,yes,NO,no,no,Incorrect,0.7976
semantic,21,dev_0236,no,NO,no,no,Correct,0.7337
semantic,21,dev_0741,no,NO,no,no,Correct,0.7656000000000001
semantic,21,dev_1440,no,YES,yes,yes,Incorrect,0.7464
semantic,21,dev_2062,no,"NO, a queen cannot move like a knight. The queen moves any number of",no,no,Correct,0.7976
semantic,21,dev_2109,no,"NO, Call of Duty: World at War is based on World War II,",no,no,Correct,0.8212
semantic,21,dev_2137,no,NO,no,no,Correct,0.7376
semantic,21,dev_0478,yes,YES,yes,yes,Correct,0.7936
semantic,21,dev_0545,yes,I don't know,i,idk,IDK,0.855
semantic,21,dev_1125,yes,NO,no,no,Incorrect,0.8227000000000001
semantic,21,dev_1137,yes,YES,yes,yes,Correct,0.7641
semantic,21,dev_1162,yes,YES,yes,yes,Correct,0.7667999999999999
semantic,21,dev_1177,yes,YES,yes,yes,Correct,0.7945
semantic,21,dev_1444,yes,YES,yes,yes,Correct,0.7904
semantic,21,dev_0313,no,"NO, St. Kitts and Nevis is not a U.S. territory",no,no,Correct,0.8487
semantic,21,dev_0823,no,NO,no,no,Correct,0.8255
semantic,21,dev_0839,no,NO,no,no,Correct,0.7933
semantic,21,dev_1222,no,NO,no,no,Correct,0.7906
semantic,21,dev_1254,no,NO,no,no,Correct,0.7966
semantic,21,dev_1269,no,NO,no,no,Correct,0.8578
semantic,21,dev_1334,no,"NO, Patagonia is not a country in its own right. It is a region",no,no,Correct,0.824
semantic,21,dev_0184,yes,NO,no,no,Incorrect,0.7672
semantic,21,dev_0322,yes,NO,no,no,Incorrect,0.7928999999999999
semantic,21,dev_0557,yes,YES,yes,yes,Correct,0.8152
semantic,21,dev_0573,yes,YES,yes,yes,Correct,0.7871
semantic,21,dev_1179,yes,"NO, Phoenix is in the Mountain Time Zone, while Denver is in the Mountain",no,no,Incorrect,0.8719
semantic,21,dev_0619,yes,NO,no,no,Incorrect,0.7619
semantic,21,dev_0650,yes,YES,yes,yes,Correct,0.7981
semantic,21,dev_0734,yes,YES,yes,yes,Correct,0.8145
semantic,21,dev_0061,no,NO,no,no,Correct,0.7933
semantic,21,dev_0124,no,NO,no,no,Correct,0.4778
semantic,21,dev_0914,no,"NO, stroke volume refers to the amount of blood pumped with each heartbeat, while",no,no,Correct,0.7951
semantic,21,dev_0955,no,NO,no,no,Correct,0.48260000000000003
semantic,21,dev_1610,no,NO,no,no,Correct,0.7657999999999999
semantic,21,dev_1790,no,NO,no,no,Correct,0.7974
semantic,21,dev_2096,no,NO,no,no,Correct,0.8493999999999999
semantic,21,dev_2277,no,NO,no,no,Correct,0.7918
semantic,21,dev_2499,no,NO,no,no,Correct,0.818
semantic,21,dev_1959,yes,YES,yes,yes,Correct,0.7892
semantic,21,dev_1992,yes,NO,no,no,Incorrect,0.8162999999999999
semantic,21,dev_2047,yes,"YES, organs in the digestive system, such as the liver, pancreas, and",yes,yes,Correct,0.7968
semantic,21,dev_1656,yes,I don't know.,i,idk,IDK,0.825
semantic,21,dev_1663,yes,YES,yes,yes,Correct,0.7982
semantic,21,dev_1752,yes,"YES, triamcinolone cream can be used for poison ivy, as it",yes,yes,Correct,0.8187000000000001
semantic,21,dev_2049,yes,"YES, the common femoral vein is a deep vein.",yes,yes,Correct,0.884
semantic,21,dev_2050,yes,YES,yes,yes,Correct,0.8192999999999999
semantic,21,dev_1442,yes,YES,yes,yes,Correct,0.7616
semantic,21,dev_0301,no,NO,no,no,Correct,0.8815
semantic,21,dev_0480,no,"NO, we do not still follow the Articles of Confederation. The Articles of",no,no,Correct,0.9125
semantic,21,dev_1290,no,NO,no,no,Correct,0.8182
semantic,21,dev_1819,no,NO,no,no,Correct,0.8496
semantic,21,dev_2206,no,"NO, the Emancipation Proclamation only applied to the Confederate states that were",no,no,Correct,0.7975
semantic,21,dev_0376,yes,I don't know.,i,idk,IDK,0.5514
semantic,21,dev_0346,yes,NO,no,no,Incorrect,0.8876000000000001
semantic,21,dev_0363,yes,YES,yes,yes,Correct,0.798
semantic,21,dev_0535,yes,NO,no,no,Incorrect,0.8472000000000001
semantic,21,dev_0629,yes,YES,yes,yes,Correct,0.853
semantic,21,dev_0179,no,NO,no,no,Correct,0.7646000000000001
semantic,21,dev_0402,no,"NO, polygamy is illegal in the UK and individuals are only allowed to",no,no,Correct,0.7435
semantic,21,dev_0513,no,I don't know.,i,idk,IDK,0.7675
semantic,21,dev_0606,no,"NO, it is not legal to escape from prison in Germany. Escaping from",no,no,Correct,0.7932
semantic,21,dev_0630,no,YES,yes,yes,Incorrect,0.7964
semantic,21,dev_0795,no,NO,no,no,Correct,0.8507
semantic,21,dev_1457,no,"NO, the Civil Rights Act is not part of the U.S. Constitution.",no,no,Correct,0.8583999999999999
semantic,21,dev_1776,no,NO,no,no,Correct,0.7705
semantic,21,dev_1862,no,"NO, the FCC's equal-time rule does not apply to newspapers. It applies",no,no,Correct,0.7977000000000001
semantic,21,dev_1911,no,"NO, there is no mandatory retirement age for U.S. Supreme Court justices",no,no,Correct,0.7968999999999999
semantic,21,dev_2755,no,NO,no,no,Correct,0.7964
semantic,21,dev_2756,no,NO,no,no,Correct,0.8538
semantic,21,dev_2921,no,"NO, property tax and council tax are not the same. Property tax is a",no,no,Correct,0.7986
semantic,21,dev_2972,no,NO,no,no,Correct,0.767
semantic,21,dev_0009,yes,I don't know.,i,idk,IDK,0.8234
semantic,21,dev_0038,yes,I don't know.,i,idk,IDK,0.8157000000000001
semantic,21,dev_0129,yes,"Yes, you can sell a gun privately in Florida, but you must comply with",yes,yes,Correct,0.794
semantic,21,dev_0202,yes,I don't know.,i,idk,IDK,0.7456
semantic,21,dev_0308,yes,YES,yes,yes,Correct,0.8192999999999999
semantic,21,dev_0584,yes,YES,yes,yes,Correct,0.8154
semantic,21,dev_0644,yes,YES,yes,yes,Correct,0.8503
semantic,21,dev_0653,yes,YES,yes,yes,Correct,0.7906
semantic,21,dev_0671,yes,"YES, the state of Kansas has the death penalty.",yes,yes,Correct,0.7695
semantic,21,dev_0757,yes,YES,yes,yes,Correct,0.7441
semantic,21,dev_1059,yes,YES,yes,yes,Correct,0.7699
semantic,21,dev_1067,yes,"YES, the Preamble is a part of the Indian Constitution.",yes,yes,Correct,0.8697
semantic,21,dev_1097,yes,YES,yes,yes,Correct,0.7944
semantic,21,dev_1131,yes,YES,yes,yes,Correct,0.7892
semantic,21,dev_1324,yes,"YES, a flask typically counts as an open container because it is not securely closed",yes,yes,Correct,0.7614
semantic,21,dev_0305,no,NO,no,no,Correct,0.8245
semantic,21,dev_0465,no,NO,no,no,Correct,0.883
semantic,21,dev_0508,no,"NO, according to the 22nd Amendment to the U.S. Constitution,",no,no,Correct,0.7704
semantic,21,dev_0518,no,NO,no,no,Correct,0.7975
semantic,21,dev_0572,no,I don't know.,i,idk,IDK,0.8227000000000001
semantic,21,dev_0898,no,I don't know.,i,idk,IDK,0.8206
semantic,21,dev_1154,no,NO,no,no,Correct,0.7978999999999999
semantic,21,dev_1221,no,NO,no,no,Correct,0.8228
semantic,21,dev_1244,no,NO,no,no,Correct,0.7665
semantic,21,dev_1245,no,NO,no,no,Correct,0.8579
semantic,21,dev_1273,no,NO,no,no,Correct,0.8811
semantic,21,dev_0647,yes,YES,yes,yes,Correct,0.713
semantic,21,dev_0254,yes,YES,yes,yes,Correct,0.8249
semantic,21,dev_0486,yes,YES,yes,yes,Correct,0.8511
semantic,21,dev_0736,yes,YES,yes,yes,Correct,0.8509
semantic,21,dev_0814,yes,NO,no,no,Incorrect,0.8247000000000001
semantic,21,dev_1477,yes,YES,yes,yes,Correct,0.76
semantic,21,dev_1721,yes,YES,yes,yes,Correct,0.8471000000000001
semantic,21,dev_1786,yes,YES,yes,yes,Correct,0.8196
semantic,21,dev_1970,yes,YES,yes,yes,Correct,0.8523
semantic,21,dev_1985,yes,YES,yes,yes,Correct,0.8488
semantic,21,dev_2448,no,NO,no,no,Correct,0.763
semantic,21,dev_0066,yes,NO,no,no,Incorrect,0.7057
semantic,21,dev_0088,yes,"YES, it is possible to create mass from energy, as described by Einstein's",yes,yes,Correct,0.7964
semantic,21,dev_0196,yes,YES,yes,yes,Correct,0.7908
semantic,21,dev_0262,yes,YES,yes,yes,Correct,0.8208
semantic,21,dev_0271,yes,YES,yes,yes,Correct,0.7622000000000001
semantic,21,dev_0329,yes,YES,yes,yes,Correct,0.8467
semantic,21,dev_0331,yes,"YES, a wheel and axle is a simple machine.",yes,yes,Correct,0.8536
semantic,21,dev_0387,yes,YES,yes,yes,Correct,0.7358
semantic,21,dev_0418,yes,"YES, it is possible to have thunder and lightning while snowing, as these",yes,yes,Correct,0.8162999999999999
semantic,21,dev_0616,yes,YES,yes,yes,Correct,0.7962
semantic,21,dev_0638,yes,YES,yes,yes,Correct,0.8189
semantic,21,dev_0657,yes,YES,yes,yes,Correct,0.7952
semantic,21,dev_0692,yes,YES,yes,yes,Correct,0.8523999999999999
semantic,21,dev_0744,yes,"NO, a polynomial cannot have a square root of a variable, as polynomials",no,no,Incorrect,0.7622000000000001
semantic,21,dev_0797,yes,YES,yes,yes,Correct,0.7427999999999999
semantic,21,dev_0842,yes,"YES, diffraction effects can be seen in sound waves, as they can bend around",yes,yes,Correct,0.7957000000000001
semantic,21,dev_1379,yes,YES,yes,yes,Correct,0.7984
semantic,21,dev_0126,no,"NO, according to our current understanding of physics, it is not possible to travel",no,no,Correct,0.8816
semantic,21,dev_0342,no,NO,no,no,Correct,0.7942
semantic,21,dev_0437,no,NO,no,no,Correct,0.7404
semantic,21,dev_0553,no,"NO, not all angles are equal in a parallelogram. Opposite angles",no,no,Correct,0.8209
semantic,21,dev_0652,no,NO,no,no,Correct,0.873
semantic,21,dev_0708,no,NO,no,no,Correct,0.4283
semantic,21,dev_1083,no,NO,no,no,Correct,0.8254
semantic,21,dev_1142,no,"NO, quantum entanglement cannot transfer information faster than light, as the measurement",no,no,Correct,0.8876000000000001
semantic,21,dev_1354,no,NO,no,no,Correct,0.768
semantic,21,dev_1460,no,I don't know.,i,idk,IDK,0.7971
semantic,21,dev_1468,no,NO,no,no,Correct,0.8462000000000001
semantic,21,dev_1559,no,NO,no,no,Correct,0.7635
semantic,21,dev_1595,no,NO,no,no,Correct,0.7932
semantic,21,dev_1643,no,NO,no,no,Correct,0.7917000000000001
semantic,21,dev_1692,no,NO,no,no,Correct,0.7984
semantic,21,dev_1726,no,"NO, the vagus nerve is part of the peripheral nervous system (PNS",no,no,Correct,0.8222
semantic,21,dev_0008,yes,YES,yes,yes,Correct,0.8152
semantic,21,dev_0323,yes,YES,yes,yes,Correct,0.798
semantic,21,dev_0794,yes,YES,yes,yes,Correct,0.7988
semantic,21,dev_0866,yes,YES,yes,yes,Correct,0.711
semantic,21,dev_0910,yes,YES,yes,yes,Correct,0.8168
semantic,21,dev_0992,yes,"NO, you cannot get held back in elementary school as it is a mandatory level",no,no,Incorrect,0.7961
semantic,21,dev_1446,yes,YES,yes,yes,Correct,0.7998
semantic,21,dev_0294,no,NO,no,no,Correct,0.8216
semantic,21,dev_0521,no,NO,no,no,Correct,0.8222999999999999
semantic,21,dev_0943,no,NO,no,no,Correct,0.7977000000000001
semantic,21,dev_1887,no,NO,no,no,Correct,0.8199
semantic,21,dev_2892,no,NO,no,no,Correct,0.82
semantic,21,dev_2691,no,NO,no,no,Correct,0.7944
semantic,21,dev_0065,yes,YES,yes,yes,Correct,0.824
semantic,21,dev_0245,yes,NO,no,no,Incorrect,0.7659
semantic,21,dev_0315,yes,NO,no,no,Incorrect,0.7918999999999999
semantic,21,dev_0361,yes,"NO, chewing tobacco is not banned in Major League Baseball.",no,no,Incorrect,0.7886
semantic,21,dev_0550,yes,YES,yes,yes,Correct,0.8197000000000001
semantic,21,dev_0595,yes,NO,no,no,Incorrect,0.7942
semantic,21,dev_0966,yes,YES,yes,yes,Correct,0.8525
semantic,21,dev_1078,yes,YES,yes,yes,Correct,0.7657999999999999
semantic,21,dev_1224,yes,I don't know.,i,idk,IDK,0.7988999999999999
semantic,21,dev_1251,yes,"YES, Croatia has placed in the FIFA World Cup, reaching the quarter-finals in",yes,yes,Correct,0.8812000000000001
semantic,21,dev_1260,yes,YES,yes,yes,Correct,0.7123999999999999
semantic,21,dev_1278,yes,YES,yes,yes,Correct,0.8192999999999999
semantic,21,dev_1462,yes,YES,yes,yes,Correct,0.8148
semantic,21,dev_1494,yes,NO,no,no,Incorrect,0.8699
semantic,21,dev_1543,yes,YES,yes,yes,Correct,0.7984
semantic,21,dev_2012,yes,NO,no,no,Incorrect,0.8501000000000001
semantic,21,dev_2118,yes,YES,yes,yes,Correct,0.8156
semantic,21,dev_2272,yes,YES,yes,yes,Correct,0.8194
semantic,21,dev_2338,yes,NO,no,no,Incorrect,0.7674
semantic,21,dev_2498,yes,"NO, there has never been two grand slams in one inning in baseball history",no,no,Incorrect,0.8227000000000001
semantic,21,dev_2509,yes,YES,yes,yes,Correct,0.8531
semantic,21,dev_2917,yes,YES,yes,yes,Correct,0.7447999999999999
semantic,21,dev_2966,yes,YES,yes,yes,Correct,0.6512
semantic,21,dev_2974,yes,YES,yes,yes,Correct,0.8511
semantic,21,dev_3007,yes,YES,yes,yes,Correct,0.8466
semantic,21,dev_3199,yes,YES,yes,yes,Correct,0.7707
semantic,21,dev_0222,no,NO,no,no,Correct,0.769
semantic,21,dev_0398,no,"NO, you cannot score from a throw-in in soccer.",no,no,Correct,0.7827000000000001
semantic,21,dev_0426,no,"NO, a soccer goalie cannot pick up a throw-in, as it is a",no,no,Correct,0.8839
semantic,21,dev_0464,no,NO,no,no,Correct,0.7942
semantic,21,dev_0563,no,NO,no,no,Correct,0.7991
semantic,21,dev_0658,no,"NO, a walk in baseball is not a dead ball situation. A walk occurs",no,no,Correct,0.8518
semantic,21,dev_1366,no,NO,no,no,Correct,0.7631
semantic,21,dev_1471,no,NO,no,no,Correct,0.8505
semantic,21,dev_1558,no,NO,no,no,Correct,0.7665
semantic,21,dev_1580,no,NO,no,no,Correct,0.8151
semantic,21,dev_2401,no,NO,no,no,Correct,0.8159
semantic,21,dev_2436,no,NO,no,no,Correct,0.8195
semantic,21,dev_3224,no,NO,no,no,Correct,0.8172
semantic,21,dev_0022,yes,"NO, a spark plug is responsible for igniting the air-fuel mixture in",no,no,Incorrect,0.7652
semantic,21,dev_0132,yes,YES,yes,yes,Correct,0.8217000000000001
semantic,21,dev_0268,yes,YES,yes,yes,Correct,0.8206
semantic,21,dev_0646,yes,"YES, multithreading can still be useful on a single processor as it allows",yes,yes,Correct,0.7702
semantic,21,dev_0697,yes,YES,yes,yes,Correct,0.7961
semantic,21,dev_0935,yes,"NO, a table can only have one primary key, but it can have multiple",no,no,Incorrect,0.7923
semantic,21,dev_1159,yes,YES,yes,yes,Correct,0.7901
semantic,21,dev_1376,yes,YES,yes,yes,Correct,0.7955
semantic,21,dev_1646,yes,YES,yes,yes,Correct,0.8238
semantic,21,dev_1869,yes,"NO, a database table cannot have multiple foreign keys. Each foreign key in a",no,no,Incorrect,0.8221
semantic,21,dev_2397,yes,YES,yes,yes,Correct,0.7429
semantic,21,dev_0512,no,NO,no,no,Correct,0.7956
semantic,21,dev_1524,no,NO,no,no,Correct,0.7884
semantic,21,dev_1675,no,NO,no,no,Correct,0.7991
semantic,21,dev_1723,no,NO,no,no,Correct,0.8218
semantic,21,dev_2027,no,NO,no,no,Correct,0.8197000000000001
semantic,21,dev_2104,no,NO,no,no,Correct,0.7662
semantic,21,dev_2262,no,NO,no,no,Correct,0.7892
semantic,21,dev_2431,no,"NO, a node in a tree cannot have two parents.",no,no,Correct,0.797
semantic,21,dev_2524,no,NO,no,no,Correct,0.8231
semantic,21,dev_3057,no,NO,no,no,Correct,0.7343999999999999
semantic,21,dev_3167,no,NO,no,no,Correct,0.8172999999999999
semantic,16,dev_0023,yes,NO,no,no,Incorrect,0.6263
semantic,16,dev_0039,no,YES,yes,yes,Incorrect,0.6547999999999999
semantic,16,dev_0055,no,YES,yes,yes,Incorrect,0.6826
semantic,16,dev_0059,no,YES,yes,yes,Incorrect,0.6907000000000001
semantic,16,dev_0068,no,NO,no,no,Correct,0.6471
semantic,16,dev_0087,yes,NO,no,no,Incorrect,0.683
semantic,16,dev_0107,no,YES,yes,yes,Incorrect,0.3532
semantic,16,dev_0120,yes,NO,no,no,Incorrect,0.65
semantic,16,dev_0138,no,YES,yes,yes,Incorrect,0.6891
semantic,16,dev_0151,no,NO,no,no,Correct,0.6814
semantic,16,dev_0163,yes,NO,no,no,Incorrect,0.6483
semantic,16,dev_0165,no,YES,yes,yes,Incorrect,0.652
semantic,16,dev_0207,no,NO,no,no,Correct,0.7029
semantic,16,dev_0210,no,NO,no,no,Correct,0.6842
semantic,16,dev_0221,no,NO,no,no,Correct,0.3537
semantic,16,dev_0229,yes,YES,yes,yes,Correct,0.6831
semantic,16,dev_0237,no,I don't know.,i,idk,IDK,0.689
semantic,16,dev_0243,no,YES,yes,yes,Incorrect,0.6547999999999999
semantic,16,dev_0248,yes,NO,no,no,Incorrect,0.6895
semantic,16,dev_0249,yes,NO,no,no,Incorrect,0.6871
semantic,16,dev_0251,yes,NO,no,no,Incorrect,0.6477
semantic,16,dev_0257,yes,NO,no,no,Incorrect,0.6871
semantic,16,dev_0270,no,"NO, there is no U.S. state where the drinking age is 18",no,no,Correct,0.6824
semantic,16,dev_0287,yes,"NO, a fair catch can only be called on a punt or a kickoff,",no,no,Incorrect,0.7066
semantic,16,dev_0295,no,"YES, there is a difference between doves and pigeons. Doves are",yes,yes,Incorrect,0.6498999999999999
semantic,16,dev_0298,yes,NO,no,no,Incorrect,0.6514
semantic,16,dev_0312,no,"YES, adjectives typically come before a noun in English grammar.",yes,yes,Incorrect,0.6262000000000001
semantic,16,dev_0316,yes,"NO, the internal intercostal muscles contract during exhalation, not inspiration",no,no,Incorrect,0.7138
semantic,16,dev_0318,yes,YES,yes,yes,Correct,0.6557999999999999
semantic,16,dev_0321,yes,YES,yes,yes,Correct,0.7038
semantic,16,dev_0333,yes,NO,no,no,Incorrect,0.7387999999999999
semantic,16,dev_0336,no,YES,yes,yes,Incorrect,0.6892999999999999
semantic,16,dev_0343,yes,NO,no,no,Incorrect,0.6824
semantic,16,dev_0352,no,"NO, you cannot score off a throw-in in soccer.",no,no,Correct,0.6389
semantic,16,dev_0355,no,NO,no,no,Correct,0.6557000000000001
semantic,16,dev_0364,no,YES,yes,yes,Incorrect,0.6892999999999999
semantic,16,dev_0366,no,YES,yes,yes,Incorrect,0.687
semantic,16,dev_0406,no,YES,yes,yes,Incorrect,0.6297999999999999
semantic,16,dev_0428,no,"NO, peroxide and hydrogen peroxide are not the same thing. Peroxide refers to",no,no,Correct,0.6524
semantic,16,dev_0429,yes,YES,yes,yes,Correct,0.6807000000000001
semantic,16,dev_0430,yes,NO,no,no,Incorrect,0.7085
semantic,16,dev_0436,no,YES,yes,yes,Incorrect,0.703
semantic,16,dev_0441,no,NO,no,no,Correct,0.706
semantic,16,dev_0442,yes,YES,yes,yes,Correct,0.6457
semantic,16,dev_0479,no,YES,yes,yes,Incorrect,0.6884
semantic,16,dev_0481,no,"NO, there is no 6th borough in New York City. The five",no,no,Correct,0.6817000000000001
semantic,16,dev_0482,no,NO,no,no,Correct,0.6841
semantic,16,dev_0487,no,YES,yes,yes,Incorrect,0.6487999999999999
semantic,16,dev_0504,yes,NO,no,no,Incorrect,0.7026
semantic,16,dev_0509,no,"NO, the AR-15 is not used in the military. It is a",no,no,Correct,0.6838
semantic,16,dev_0532,no,YES,yes,yes,Incorrect,0.7101000000000001
semantic,16,dev_0534,no,"NO, the National Guard can be activated for both domestic and overseas missions, depending",no,no,Correct,0.688
semantic,16,dev_0536,yes,NO,no,no,Incorrect,0.6848
semantic,16,dev_0537,no,YES,yes,yes,Incorrect,0.711
semantic,16,dev_0546,yes,NO,no,no,Incorrect,0.7108
semantic,16,dev_0560,no,I don't know.,i,idk,IDK,0.6799
semantic,16,dev_0568,no,NO,no,no,Correct,0.6516000000000001
semantic,16,dev_0569,no,NO,no,no,Correct,0.6476000000000001
semantic,16,dev_0588,yes,NO,no,no,Incorrect,0.6888
semantic,16,dev_0594,no,YES,yes,yes,Incorrect,0.7034
semantic,16,dev_0596,no,"NO, C# is a programming language, while Visual C# is an integrated",no,no,Correct,0.6872
semantic,16,dev_0598,yes,YES,yes,yes,Correct,0.6464
semantic,16,dev_0612,yes,NO,no,no,Incorrect,0.6536000000000001
semantic,16,dev_0617,yes,YES,yes,yes,Correct,0.7042
semantic,16,dev_0662,yes,NO,no,no,Incorrect,0.6812
semantic,16,dev_0678,no,NO,no,no,Correct,0.6522
semantic,16,dev_0696,no,"YES, New Hampshire has a seat belt law that requires all drivers and passengers to",yes,yes,Incorrect,0.7373999999999999
semantic,16,dev_0711,yes,NO,no,no,Incorrect,0.6477
semantic,16,dev_0718,yes,YES,yes,yes,Correct,0.6463
semantic,16,dev_0724,no,YES,yes,yes,Incorrect,0.6874
semantic,16,dev_0731,no,"NO, egg drop soup is typically cooked with eggs, so there is no raw",no,no,Correct,0.6827000000000001
semantic,16,dev_0737,no,"NO, a Cornish game hen is not a baby chicken. It is a",no,no,Correct,0.6535
semantic,16,dev_0754,yes,NO,no,no,Incorrect,0.688
semantic,16,dev_0759,no,YES,yes,yes,Incorrect,0.6472
semantic,16,dev_0764,yes,NO,no,no,Incorrect,0.6311
semantic,16,dev_0782,yes,"NO, AC Milan and Inter Milan do not share a stadium. They each have",no,no,Incorrect,0.6501
semantic,16,dev_0817,no,I don't know,i,idk,IDK,0.7365
semantic,16,dev_0829,no,NO,no,no,Correct,0.381
semantic,16,dev_0832,no,YES,yes,yes,Incorrect,0.6552
semantic,16,dev_0837,yes,NO,no,no,Incorrect,0.7032
semantic,16,dev_0853,no,NO,no,no,Correct,0.7062
semantic,16,dev_0854,no,"NO, elephants are not at the top of the food chain; they are herb",no,no,Correct,0.6565
semantic,16,dev_0862,no,"YES, in chess, players must verbally announce 'check' when their opponent's",yes,yes,Incorrect,0.7072
semantic,16,dev_0871,yes,NO,no,no,Incorrect,0.6487
semantic,16,dev_0916,yes,NO,no,no,Incorrect,0.6851
semantic,16,dev_0922,yes,NO,no,no,Incorrect,0.6872999999999999
semantic,16,dev_0933,no,YES,yes,yes,Incorrect,0.7068
semantic,16,dev_0934,yes,NO,no,no,Incorrect,0.6871
semantic,16,dev_0940,yes,NO,no,no,Incorrect,0.6307
semantic,16,dev_0944,no,"NO, Greece and Rome were not around at the same time. Greece reached its",no,no,Correct,0.7341
semantic,16,dev_0952,yes,NO,no,no,Incorrect,0.6842999999999999
semantic,16,dev_0958,yes,YES,yes,yes,Correct,0.6464
semantic,16,dev_0981,no,"NO, pyruvic acid and pyruvate are not the same thing.",no,no,Correct,0.6812999999999999
semantic,16,dev_0991,yes,YES,yes,yes,Correct,0.6908
semantic,16,dev_0994,yes,NO,no,no,Incorrect,0.7036
semantic,16,dev_0996,no,NO,no,no,Correct,0.6818
semantic,16,dev_1006,no,I don't know,i,idk,IDK,0.6227
semantic,16,dev_1011,no,YES,yes,yes,Incorrect,0.6804
semantic,16,dev_1022,yes,"NO, enterprise value and firm value are not the same. Enterprise value is a",no,no,Incorrect,0.7036
semantic,16,dev_1049,no,YES,yes,yes,Incorrect,0.6852
semantic,16,dev_1062,yes,NO,no,no,Incorrect,0.6822999999999999
semantic,16,dev_1075,yes,NO,no,no,Incorrect,0.683
semantic,16,dev_1102,no,I don't know.,i,idk,IDK,0.6849
semantic,16,dev_1110,yes,NO,no,no,Incorrect,0.6226
semantic,16,dev_1112,no,"NO, nuclear power is the use of nuclear reactions to generate electricity, while nuclear",no,no,Correct,0.7027
semantic,16,dev_1113,yes,NO,no,no,Incorrect,0.648
semantic,16,dev_1121,no,NO,no,no,Correct,0.6897000000000001
semantic,16,dev_1133,no,NO,no,no,Correct,0.7336
semantic,16,dev_1138,yes,NO,no,no,Incorrect,0.6307
semantic,16,dev_1146,yes,YES,yes,yes,Correct,0.6475
semantic,16,dev_1155,yes,NO,no,no,Incorrect,0.6858
semantic,16,dev_1175,no,"YES, Michigan was a state during the Civil War.",yes,yes,Incorrect,0.7447999999999999
semantic,16,dev_1178,no,YES,yes,yes,Incorrect,0.6896
semantic,16,dev_1183,yes,NO,no,no,Incorrect,0.655
semantic,16,dev_1196,no,YES,yes,yes,Incorrect,0.6297
semantic,16,dev_1204,yes,NO,no,no,Incorrect,0.705
semantic,16,dev_1205,no,"NO, you cannot take out the king in chess. The king is the most",no,no,Correct,0.6512
semantic,16,dev_1209,yes,NO,no,no,Incorrect,0.6884
semantic,16,dev_1227,no,NO,no,no,Correct,0.6489
semantic,16,dev_1229,no,NO,no,no,Correct,0.6277999999999999
semantic,16,dev_1230,yes,YES,yes,yes,Correct,0.6547000000000001
semantic,16,dev_1235,no,YES,yes,yes,Incorrect,0.6527000000000001
semantic,16,dev_1239,yes,NO,no,no,Incorrect,0.6536000000000001
semantic,16,dev_1241,no,NO,no,no,Correct,0.6547999999999999
semantic,16,dev_1250,yes,YES,yes,yes,Correct,0.6852
semantic,16,dev_1256,yes,YES,yes,yes,Correct,0.6515
semantic,16,dev_1261,no,"YES, Louisiana has a state income tax.",yes,yes,Incorrect,0.5649
semantic,16,dev_1267,no,YES,yes,yes,Incorrect,0.6545
semantic,16,dev_1271,no,YES,yes,yes,Incorrect,0.6887000000000001
semantic,16,dev_1283,yes,NO,no,no,Incorrect,0.6306
semantic,16,dev_1285,no,YES,yes,yes,Incorrect,0.702
semantic,16,dev_1286,no,"YES, there is a difference between lightning bugs and fireflies. Lightning bugs are",yes,yes,Incorrect,0.6842999999999999
semantic,16,dev_1294,yes,NO,no,no,Incorrect,0.6247999999999999
semantic,16,dev_1296,yes,NO,no,no,Incorrect,0.6892999999999999
semantic,16,dev_1303,no,"NO, you do not have to touch the ball to be offside in soccer",no,no,Correct,0.6819
semantic,16,dev_1307,yes,NO,no,no,Incorrect,0.6851
semantic,16,dev_1311,yes,NO,no,no,Incorrect,0.6815
semantic,16,dev_1316,yes,"NO, the arch in St. Louis is not a national park; it is",no,no,Incorrect,0.6854
semantic,16,dev_1317,no,"NO, planets are not involved in the formation of an actual planetary nebula.",no,no,Correct,0.6869
semantic,16,dev_1333,yes,NO,no,no,Incorrect,0.6497999999999999
semantic,16,dev_1336,yes,"NO, nerves are part of the peripheral nervous system, while the central nervous system",no,no,Incorrect,0.7077
semantic,16,dev_1345,no,YES,yes,yes,Incorrect,0.6295
semantic,16,dev_1359,no,"NO, you cannot give yourself an assist in basketball because an assist is credited to",no,no,Correct,0.686
semantic,16,dev_1370,yes,YES,yes,yes,Correct,0.6287999999999999
semantic,16,dev_1371,no,YES,yes,yes,Incorrect,0.6845
semantic,16,dev_1372,yes,"NO, a kilowatt-hour is a unit of energy, not power. Power",no,no,Incorrect,0.6842999999999999
semantic,16,dev_1382,no,NO,no,no,Correct,0.6905
semantic,16,dev_1406,no,YES,yes,yes,Incorrect,0.6881
semantic,16,dev_1408,yes,"NO, you cannot run on a caught foul ball in baseball.",no,no,Incorrect,0.6895
semantic,16,dev_1413,yes,NO,no,no,Incorrect,0.6878
semantic,16,dev_1419,yes,NO,no,no,Incorrect,0.6538999999999999
semantic,16,dev_1420,yes,I don't know.,i,idk,IDK,0.6886
semantic,16,dev_1423,no,YES,yes,yes,Incorrect,0.6517999999999999
semantic,16,dev_1424,no,"YES, it can get cold at night in Hawaii, especially at higher elevations like",yes,yes,Incorrect,0.6872999999999999
semantic,16,dev_1436,no,NO,no,no,Correct,0.628
semantic,16,dev_1438,yes,NO,no,no,Incorrect,0.7064
semantic,16,dev_1452,no,NO,no,no,Correct,0.3529
semantic,16,dev_1455,yes,"No, the abdomen is the lower part of the torso that houses the digestive organs",no,no,Incorrect,0.653
semantic,16,dev_1464,no,"NO, a sweet potato is not part of the potato family. It belongs to",no,no,Correct,0.7609
semantic,16,dev_1467,yes,YES,yes,yes,Correct,0.6841
semantic,16,dev_1473,yes,"NO, a sailboat cannot travel faster than the wind.",no,no,Incorrect,0.6861
semantic,16,dev_1489,yes,NO,no,no,Incorrect,0.6862
semantic,16,dev_1498,yes,YES,yes,yes,Correct,0.6554
semantic,16,dev_1508,no,YES,yes,yes,Incorrect,0.7082
semantic,16,dev_1515,no,"YES, there is a law that requires individuals and businesses to pay federal income taxes",yes,yes,Incorrect,0.7606
semantic,16,dev_1517,yes,NO,no,no,Incorrect,0.6538999999999999
semantic,16,dev_1528,yes,NO,no,no,Incorrect,0.6835
semantic,16,dev_1533,no,YES,yes,yes,Incorrect,0.7032999999999999
semantic,16,dev_1534,no,NO,no,no,Correct,0.6554
semantic,16,dev_1546,yes,NO,no,no,Incorrect,0.7121000000000001
semantic,16,dev_1552,yes,NO,no,no,Incorrect,0.6805
semantic,16,dev_1557,no,YES,yes,yes,Incorrect,0.6459
semantic,16,dev_1563,no,YES,yes,yes,Incorrect,0.6553
semantic,16,dev_1627,no,NO,no,no,Correct,0.7026
semantic,16,dev_1632,yes,"NO, the World Health Organization (WHO) is not a government organization; it",no,no,Incorrect,0.6886
semantic,16,dev_1650,yes,YES,yes,yes,Correct,0.6834
semantic,16,dev_1655,no,"YES, there is a difference between soy and soya sauce. Soy refers to",yes,yes,Incorrect,0.7038
semantic,16,dev_1658,yes,"NO, the Nazca Lines are best viewed from the air or from a high",no,no,Incorrect,0.6834
semantic,16,dev_1659,yes,YES,yes,yes,Correct,0.6835
semantic,16,dev_1673,yes,YES,yes,yes,Correct,0.6517999999999999
semantic,16,dev_1680,no,YES,yes,yes,Incorrect,0.7026
semantic,16,dev_1687,no,YES,yes,yes,Incorrect,0.6812999999999999
semantic,16,dev_1698,no,NO,no,no,Correct,0.7107
semantic,16,dev_1707,yes,YES,yes,yes,Correct,0.6822999999999999
semantic,16,dev_1727,yes,NO,no,no,Incorrect,0.3527
semantic,16,dev_1736,no,NO,no,no,Correct,0.6554
semantic,16,dev_1737,yes,NO,no,no,Incorrect,0.4285
semantic,16,dev_1740,yes,"NO, spongy bone is not found in the medullary cavity;",no,no,Incorrect,0.6847000000000001
semantic,16,dev_1743,no,I don't know,i,idk,IDK,0.6834
semantic,16,dev_1749,yes,NO,no,no,Incorrect,0.6862
semantic,16,dev_1750,no,"NO, fighting words are not protected under freedom of speech.",no,no,Correct,0.7376
semantic,16,dev_1757,yes,"NO, the profit and loss statement and income statement are not the same thing.",no,no,Incorrect,0.6877000000000001
semantic,16,dev_1763,yes,YES,yes,yes,Correct,0.6514
semantic,16,dev_1775,no,NO,no,no,Correct,0.709
semantic,16,dev_1789,no,YES,yes,yes,Incorrect,0.6888
semantic,16,dev_1806,no,"NO, the U.S. no longer issues $1,000 bills.",no,no,Correct,0.6901
semantic,16,dev_1814,no,YES,yes,yes,Incorrect,0.7069
semantic,16,dev_1823,yes,NO,no,no,Incorrect,0.7046
semantic,16,dev_1832,no,NO,no,no,Correct,0.6831
semantic,16,dev_1849,yes,NO,no,no,Incorrect,0.6874
semantic,16,dev_1851,no,YES,yes,yes,Incorrect,0.71
semantic,16,dev_1857,no,"NO, cows do not need to give birth to produce milk. They can produce",no,no,Correct,0.6812
semantic,16,dev_1895,yes,"NO, the empty set is not an element of itself.",no,no,Incorrect,0.6515
semantic,16,dev_1906,no,"NO, college football players do not have to enter the NFL Draft to play professionally",no,no,Correct,0.7038
semantic,16,dev_1916,yes,NO,no,no,Incorrect,0.7045
semantic,16,dev_1919,yes,YES,yes,yes,Correct,0.706
semantic,16,dev_1924,yes,NO,no,no,Incorrect,0.6901
semantic,16,dev_1938,no,NO,no,no,Correct,0.5952000000000001
semantic,16,dev_1948,yes,NO,no,no,Incorrect,0.6457999999999999
semantic,16,dev_1950,no,NO,no,no,Correct,0.6292000000000001
semantic,16,dev_1960,no,NO,no,no,Correct,0.7061000000000001
semantic,16,dev_1977,no,NO,no,no,Correct,0.6878
semantic,16,dev_1995,yes,NO,no,no,Incorrect,0.6864
semantic,16,dev_1997,yes,NO,no,no,Incorrect,0.7072999999999999
semantic,16,dev_2009,no,YES,yes,yes,Incorrect,0.6864
semantic,16,dev_2032,yes,YES,yes,yes,Correct,0.6851
semantic,16,dev_2045,yes,NO,no,no,Incorrect,0.6869
semantic,16,dev_2053,no,NO,no,no,Correct,0.6908
semantic,16,dev_2061,no,I don't know.,i,idk,IDK,0.7037
semantic,16,dev_2065,yes,NO,no,no,Incorrect,0.6516000000000001
semantic,16,dev_2068,yes,NO,no,no,Incorrect,0.6875
semantic,16,dev_2078,no,I don't know.,i,idk,IDK,0.7071000000000001
semantic,16,dev_2079,yes,YES,yes,yes,Correct,0.7075
semantic,16,dev_2088,no,"NO, there is no official language at the federal level in the U.S.",no,no,Correct,0.71
semantic,16,dev_2091,no,YES,yes,yes,Incorrect,0.6866
semantic,16,dev_2094,no,YES,yes,yes,Incorrect,0.6891
semantic,16,dev_2095,yes,YES,yes,yes,Correct,0.6537000000000001
semantic,16,dev_2139,no,I don't know.,i,idk,IDK,0.4327
semantic,16,dev_2166,yes,YES,yes,yes,Correct,0.6536000000000001
semantic,16,dev_2184,no,YES,yes,yes,Incorrect,0.6841
semantic,16,dev_2187,yes,"NO, players cannot jump while taking a free throw in basketball.",no,no,Incorrect,0.6561
semantic,16,dev_2192,no,"NO, a colonel is higher than a lieutenant colonel in the military rank",no,no,Correct,0.6875
semantic,16,dev_2196,no,NO,no,no,Correct,0.6315
semantic,16,dev_2199,yes,NO,no,no,Incorrect,0.6812
semantic,16,dev_2204,yes,NO,no,no,Incorrect,0.7126
semantic,16,dev_2220,no,"YES, the ball is dead on an infield fly in baseball.",yes,yes,Incorrect,0.7118
semantic,16,dev_2224,no,"NO, there is no such thing as a blue ruby. Rubies are red",no,no,Correct,0.6886
semantic,16,dev_2232,no,YES,yes,yes,Incorrect,0.6882999999999999
semantic,16,dev_2234,no,"NO, Pokémon: Let's Go, Eevee! is not a spin-off;",no,no,Correct,0.739
semantic,16,dev_2237,no,"NO, the Riviera Maya is not on the Gulf of Mexico. It is located",no,no,Correct,0.7387
semantic,16,dev_2247,yes,NO,no,no,Incorrect,0.6535
semantic,16,dev_2248,yes,NO,no,no,Incorrect,0.6528999999999999
semantic,16,dev_2266,no,"YES, a Nissan Pathfinder is a full-size SUV.",yes,yes,Incorrect,0.6837000000000001
semantic,16,dev_2275,yes,NO,no,no,Incorrect,0.6459
semantic,16,dev_2295,yes,NO,no,no,Incorrect,0.6806
semantic,16,dev_2304,yes,NO,no,no,Incorrect,0.6552
semantic,16,dev_2306,yes,"NO, because the house edge in roulette is 5.26%, which means",no,no,Incorrect,0.6524
semantic,16,dev_2310,no,YES,yes,yes,Incorrect,0.6868
semantic,16,dev_2315,yes,NO,no,no,Incorrect,0.7042999999999999
semantic,16,dev_2323,no,I don't know,i,idk,IDK,0.6521
semantic,16,dev_2328,no,"Yes, there is such a thing as Corinthian leather, which is a type",yes,yes,Incorrect,0.6558999999999999
semantic,16,dev_2350,no,YES,yes,yes,Incorrect,0.685
semantic,16,dev_2382,yes,NO,no,no,Incorrect,0.6557000000000001
semantic,16,dev_2387,yes,NO,no,no,Incorrect,0.6487999999999999
semantic,16,dev_2388,no,"NO, according to the principle of double jeopardy, an individual cannot be retr",no,no,Correct,0.6859
semantic,16,dev_2396,yes,NO,no,no,Incorrect,0.6557999999999999
semantic,16,dev_2408,yes,YES,yes,yes,Correct,0.6246
semantic,16,dev_2413,no,YES,yes,yes,Incorrect,0.6901
semantic,16,dev_2428,yes,"NO, a PICC line is typically used for medication administration, blood draws,",no,no,Incorrect,0.6557999999999999
semantic,16,dev_2433,no,I don't know,i,idk,IDK,0.65
semantic,16,dev_2434,no,NO,no,no,Correct,0.6537999999999999
semantic,16,dev_2447,no,"NO, in Major League Baseball (MLB) playoffs, wild card teams do",no,no,Correct,0.7123999999999999
semantic,16,dev_2473,yes,NO,no,no,Incorrect,0.6309
semantic,16,dev_2479,no,"NO, Hong Kong is not inside the Great Firewall of China. Hong Kong is",no,no,Correct,0.7391
semantic,16,dev_2504,no,YES,yes,yes,Incorrect,0.6909
semantic,16,dev_2532,yes,NO,no,no,Incorrect,0.651
semantic,16,dev_2537,no,I don't know.,i,idk,IDK,0.4327
semantic,16,dev_2538,no,NO,no,no,Correct,0.7135
semantic,16,dev_2547,yes,NO,no,no,Incorrect,0.7111000000000001
semantic,16,dev_2548,no,"NO, the queen bee does not die after she stings. She has a",no,no,Correct,0.6889
semantic,16,dev_2555,no,NO,no,no,Correct,0.6886
semantic,16,dev_2566,no,YES,yes,yes,Incorrect,0.6908
semantic,16,dev_2572,no,NO,no,no,Correct,0.6456000000000001
semantic,16,dev_2577,no,YES,yes,yes,Incorrect,0.6839
semantic,16,dev_2605,yes,YES,yes,yes,Correct,0.706
semantic,16,dev_2614,yes,"NO, Snow-on-the-Mountain (Aegopodium podagraria)",no,no,Incorrect,0.6826
semantic,16,dev_2622,no,NO,no,no,Correct,0.6841
semantic,16,dev_2634,yes,"NO, in 8-ball, players do not have the option of ball in",no,no,Incorrect,0.6832999999999999
semantic,16,dev_2643,no,"NO, elements of the periodic table are not capitalized in chemical nomenclature.",no,no,Correct,0.6861
semantic,16,dev_2655,yes,NO,no,no,Incorrect,0.656
semantic,16,dev_2656,yes,I don't know.,i,idk,IDK,0.683
semantic,16,dev_2690,yes,NO,no,no,Incorrect,0.6511
semantic,16,dev_2719,no,NO,no,no,Correct,0.6494
semantic,16,dev_2727,no,"NO, the AR-10 is not an assault rifle; it is a semi",no,no,Correct,0.6819
semantic,16,dev_2750,yes,"NO, cows do not need to get pregnant to give milk. They can produce",no,no,Incorrect,0.6496000000000001
semantic,16,dev_2757,yes,NO,no,no,Incorrect,0.4016
semantic,16,dev_2770,yes,NO,no,no,Incorrect,0.6518999999999999
semantic,16,dev_2791,yes,"NO, the gut is not the same as the stomach. The gut refers to",no,no,Incorrect,0.7079
semantic,16,dev_2813,yes,NO,no,no,Incorrect,0.6806
semantic,16,dev_2821,yes,"NO, nicotine is not classified as a ganglion blocker. It primarily acts on",no,no,Incorrect,0.6307999999999999
semantic,16,dev_2832,yes,YES,yes,yes,Correct,0.6536000000000001
semantic,16,dev_2838,no,NO,no,no,Correct,0.38380000000000003
semantic,16,dev_2853,no,I don't know.,i,idk,IDK,0.6807000000000001
semantic,16,dev_2870,no,YES,yes,yes,Incorrect,0.653
semantic,16,dev_2875,yes,NO,no,no,Incorrect,0.6506000000000001
semantic,16,dev_2880,no,YES,yes,yes,Incorrect,0.6464
semantic,16,dev_2890,no,NO,no,no,Correct,0.6907000000000001
semantic,16,dev_2901,yes,NO,no,no,Incorrect,0.6876
semantic,16,dev_2906,yes,NO,no,no,Incorrect,0.6828
semantic,16,dev_2919,no,NO,no,no,Correct,0.6277999999999999
semantic,16,dev_2931,yes,NO,no,no,Incorrect,0.6497
semantic,16,dev_2933,no,YES,yes,yes,Incorrect,0.6467999999999999
semantic,16,dev_2956,yes,NO,no,no,Incorrect,0.6497
semantic,16,dev_2959,no,"NO, there is no bridge between Morocco and Spain. The two countries are separated",no,no,Correct,0.6817000000000001
semantic,16,dev_2967,yes,"NO, the sun always shines from the south in the Northern Hemisphere and from the",no,no,Incorrect,0.6305
semantic,16,dev_2973,no,"YES, there is a second movie to The Golden Compass, titled ""The Golden",yes,yes,Incorrect,0.6862
semantic,16,dev_2991,yes,I don't know.,i,idk,IDK,0.6507000000000001
semantic,16,dev_3000,yes,NO,no,no,Incorrect,0.6814
semantic,16,dev_3015,yes,NO,no,no,Incorrect,0.6481
semantic,16,dev_3027,no,NO,no,no,Correct,0.38139999999999996
semantic,16,dev_3029,no,YES,yes,yes,Incorrect,0.6865
semantic,16,dev_3035,no,YES,yes,yes,Incorrect,0.6309
semantic,16,dev_3040,no,YES,yes,yes,Incorrect,0.6522
semantic,16,dev_3073,no,NO,no,no,Correct,0.6507999999999999
semantic,16,dev_3079,yes,"NO, salary is not included in the cost of goods sold (COGS).",no,no,Incorrect,0.6306
semantic,16,dev_3089,yes,NO,no,no,Incorrect,0.6289
semantic,16,dev_3105,yes,"NO, a neutral wire should not be connected to ground as it can create a",no,no,Incorrect,0.6812
semantic,16,dev_3106,yes,"NO, high-rise and high-waisted jeans are not the same. High-rise",no,no,Incorrect,0.6905
semantic,16,dev_3107,yes,YES,yes,yes,Correct,0.6213
semantic,16,dev_3122,no,NO,no,no,Correct,0.6307
semantic,16,dev_3143,no,"NO, the Republic of Ireland is not part of the Schengen visa area.",no,no,Correct,0.7065
semantic,16,dev_3173,no,NO,no,no,Correct,0.6463
semantic,16,dev_3183,no,YES,yes,yes,Incorrect,0.6297
semantic,16,dev_3187,yes,"NO, Batman Forever is not a sequel to Batman Returns. It is a separate",no,no,Incorrect,0.7061000000000001
semantic,16,dev_3204,no,NO,no,no,Correct,0.6507000000000001
semantic,16,dev_3212,yes,NO,no,no,Incorrect,0.6033999999999999
semantic,16,dev_3221,no,NO,no,no,Correct,0.6809
semantic,16,dev_3231,yes,NO,no,no,Incorrect,0.6525
semantic,16,dev_3232,yes,NO,no,no,Incorrect,0.628
semantic,16,dev_3238,yes,"NO, the non-striker cannot be run out by the bowler, as",no,no,Incorrect,0.7062999999999999
semantic,16,dev_3239,yes,"NO, the Conn Smythe Trophy is awarded to the playoff MVP, which is",no,no,Incorrect,0.6517999999999999
semantic,16,dev_3241,yes,YES,yes,yes,Correct,0.6832
semantic,16,dev_3242,yes,NO,no,no,Incorrect,0.6525
semantic,16,dev_0031,yes,"NO, Deadpool does not have a kid in the comics.",no,no,Incorrect,0.6844
semantic,16,dev_0148,yes,NO,no,no,Incorrect,0.6874
semantic,16,dev_0178,yes,YES,yes,yes,Correct,0.687
semantic,16,dev_0410,yes,NO,no,no,Incorrect,0.349
semantic,16,dev_0419,yes,YES,yes,yes,Correct,0.683
semantic,16,dev_0448,yes,YES,yes,yes,Correct,0.7089
semantic,16,dev_0224,no,NO,no,no,Correct,0.7038
semantic,16,dev_0317,no,NO,no,no,Correct,0.651
semantic,16,dev_0368,no,"NO, ""The Color Purple"" is a work of fiction, although it is",no,no,Correct,0.6902999999999999
semantic,16,dev_0507,no,I don't know.,i,idk,IDK,0.4767
semantic,16,dev_0603,no,NO,no,no,Correct,0.7089
semantic,16,dev_0938,no,NO,no,no,Correct,0.6894
semantic,16,dev_0076,yes,"NO, female ferrets do not die if they don't mate, as they can",no,no,Incorrect,0.7112
semantic,16,dev_0459,yes,"YES, it matters which DNA strand is transcribed because the template strand is used",yes,yes,Correct,0.6518999999999999
semantic,16,dev_0502,yes,I don't know.,i,idk,IDK,0.4289
semantic,16,dev_0580,yes,NO,no,no,Incorrect,0.6835
semantic,16,dev_1089,yes,NO,no,no,Incorrect,0.6866
semantic,16,dev_1153,yes,NO,no,no,Incorrect,0.6533
semantic,16,dev_1315,yes,I don't know.,i,idk,IDK,0.6879
semantic,16,dev_1482,yes,"YES, muscle fibers are the same as muscle cells.",yes,yes,Correct,0.6835
semantic,16,dev_1568,yes,NO,no,no,Incorrect,0.6503
semantic,16,dev_1968,yes,"NO, a turtle and a tortoise are not the same. Turtles are",no,no,Incorrect,0.6899
semantic,16,dev_2223,yes,YES,yes,yes,Correct,0.7375
semantic,16,dev_2420,yes,NO,no,no,Incorrect,0.6822
semantic,16,dev_2882,yes,NO,no,no,Incorrect,0.6851
semantic,16,dev_2899,yes,NO,no,no,Incorrect,0.645
semantic,16,dev_2910,yes,"NO, taro root (Colocasia esculenta) and elephant ears",no,no,Incorrect,0.7045
semantic,16,dev_0713,no,YES,yes,yes,Incorrect,0.6841
semantic,16,dev_0816,no,NO,no,no,Correct,0.6905
semantic,16,dev_0911,no,NO,no,no,Correct,0.651
semantic,16,dev_0997,no,NO,no,no,Correct,0.6527999999999999
semantic,16,dev_1258,no,YES,yes,yes,Incorrect,0.6535
semantic,16,dev_1422,no,"NO, root hairs typically occur along the elongation zone of a root, which",no,no,Correct,0.7343
semantic,16,dev_2120,no,YES,yes,yes,Incorrect,0.6521
semantic,16,dev_2353,no,NO,no,no,Correct,0.6809
semantic,16,dev_2441,no,NO,no,no,Correct,0.7026
semantic,16,dev_2087,no,I don't know,i,idk,IDK,0.7062999999999999
semantic,16,dev_2215,no,NO,no,no,Correct,0.6806
semantic,16,dev_2503,no,NO,no,no,Correct,0.6836
semantic,16,dev_2652,no,YES,yes,yes,Incorrect,0.6888
semantic,16,dev_2850,no,"NO, not all bees have stingers. Only female bees, such as honey",no,no,Correct,0.6892999999999999
semantic,16,dev_3062,no,"NO, black and yellow garden spiders, also known as Argiope aurantia",no,no,Correct,0.7127
semantic,16,dev_0400,yes,YES,yes,yes,Correct,0.6812
semantic,16,dev_0432,yes,NO,no,no,Incorrect,0.6792999999999999
semantic,16,dev_0446,yes,I don't know.,i,idk,IDK,0.6531
semantic,16,dev_0455,yes,NO,no,no,Incorrect,0.7024
semantic,16,dev_0472,yes,NO,no,no,Incorrect,0.6841
semantic,16,dev_0524,yes,NO,no,no,Incorrect,0.6224
semantic,16,dev_0767,yes,YES,yes,yes,Correct,0.6295
semantic,16,dev_0875,yes,NO,no,no,Incorrect,0.6453
semantic,16,dev_0950,yes,NO,no,no,Incorrect,0.6496000000000001
semantic,16,dev_1023,yes,NO,no,no,Incorrect,0.6463
semantic,16,dev_1171,yes,NO,no,no,Incorrect,0.6477999999999999
semantic,16,dev_1207,yes,NO,no,no,Incorrect,0.65
semantic,16,dev_1299,yes,"Yes, net earnings and net income are the same. They both refer to the",yes,yes,Correct,0.7084
semantic,16,dev_0157,no,NO,no,no,Correct,0.686
semantic,16,dev_0371,no,NO,no,no,Correct,0.6804
semantic,16,dev_0621,no,YES,yes,yes,Incorrect,0.6467
semantic,16,dev_0699,no,NO,no,no,Correct,0.6302000000000001
semantic,16,dev_0954,no,I don't know.,i,idk,IDK,0.6485
semantic,16,dev_1050,no,NO,no,no,Correct,0.6799
semantic,16,dev_1208,no,NO,no,no,Correct,0.7058
semantic,16,dev_1257,no,NO,no,no,Correct,0.6205
semantic,16,dev_1805,no,NO,no,no,Correct,0.6829
semantic,16,dev_1876,no,I don't know.,i,idk,IDK,0.6494
semantic,16,dev_2290,no,YES,yes,yes,Incorrect,0.6473
semantic,16,dev_2444,no,NO,no,no,Correct,0.6818
semantic,16,dev_0250,yes,YES,yes,yes,Correct,0.6525
semantic,16,dev_0337,yes,YES,yes,yes,Correct,0.6832999999999999
semantic,16,dev_0386,yes,"NO, Brussels does not have a traditional red light district like some other cities,",no,no,Incorrect,0.6827000000000001
semantic,16,dev_0591,yes,"NO, Copa Airlines is not part of the Star Alliance. It is a member",no,no,Incorrect,0.6878
semantic,16,dev_0746,yes,"YES, June 12 is a holiday in the Philippines, known as Independence Day",yes,yes,Correct,0.686
semantic,16,dev_0845,yes,YES,yes,yes,Correct,0.6233
semantic,16,dev_0855,yes,"YES, flight paths do go over the North Pole, especially when following polar routes",yes,yes,Correct,0.7336
semantic,16,dev_0915,yes,NO,no,no,Incorrect,0.6277
semantic,16,dev_0945,yes,YES,yes,yes,Correct,0.649
semantic,16,dev_0021,no,NO,no,no,Correct,0.6485
semantic,16,dev_0490,no,I don't know.,i,idk,IDK,0.6894
semantic,16,dev_0581,no,NO,no,no,Correct,0.6498999999999999
semantic,16,dev_0631,no,"NO, the post office does not run on Memorial Day. It is a federal",no,no,Correct,0.7017
semantic,16,dev_0691,no,"NO, you do not need a stamp if it says Freepost. Freepost",no,no,Correct,0.6557000000000001
semantic,16,dev_0783,no,NO,no,no,Correct,0.6283
semantic,16,dev_0787,no,YES,yes,yes,Incorrect,0.6849
semantic,16,dev_0825,no,"NO, the Waterloo & City line does not run on a Sunday.",no,no,Correct,0.6631
semantic,16,dev_0885,no,NO,no,no,Correct,0.647
semantic,16,dev_0089,yes,I don't know.,i,idk,IDK,0.7055
semantic,16,dev_0095,yes,"NO, Anne with an E was not filmed on Prince Edward Island (PEI",no,no,Incorrect,0.7041000000000001
semantic,16,dev_0211,yes,YES,yes,yes,Correct,0.6859
semantic,16,dev_0238,yes,NO,no,no,Incorrect,0.6525
semantic,16,dev_0252,yes,NO,no,no,Incorrect,0.6484
semantic,16,dev_0256,yes,NO,no,no,Incorrect,0.625
semantic,16,dev_0266,yes,NO,no,no,Incorrect,0.6465
semantic,16,dev_0310,yes,I don't know.,i,idk,IDK,0.6495
semantic,16,dev_0359,yes,YES,yes,yes,Correct,0.6808
semantic,16,dev_0422,yes,I don't know.,i,idk,IDK,0.6457
semantic,16,dev_0040,no,NO,no,no,Correct,0.6842
semantic,16,dev_0080,no,I don't know.,i,idk,IDK,0.44739999999999996
semantic,16,dev_0100,no,I don't know.,i,idk,IDK,0.3951
semantic,16,dev_0240,no,NO,no,no,Correct,0.6832
semantic,16,dev_0247,no,NO,no,no,Correct,0.684
semantic,16,dev_0260,no,I don't know.,i,idk,IDK,0.6825
semantic,16,dev_0277,no,NO,no,no,Correct,0.6506000000000001
semantic,16,dev_0290,no,NO,no,no,Correct,0.6864
semantic,16,dev_0303,no,I don't know.,i,idk,IDK,0.6826
semantic,16,dev_0231,yes,"NO, penne alla vodka does not contain dairy as it is a vodka-based",no,no,Incorrect,0.652
semantic,16,dev_0401,yes,"NO, whole wheat rice is not the same as brown rice. Whole wheat rice",no,no,Incorrect,0.6854
semantic,16,dev_0420,yes,NO,no,no,Incorrect,0.6834
semantic,16,dev_0571,yes,"NO, chicken cordon bleu is not made with blue cheese. It is a",no,no,Incorrect,0.7017
semantic,16,dev_0583,yes,NO,no,no,Incorrect,0.6548999999999999
semantic,16,dev_0765,yes,YES,yes,yes,Correct,0.6822999999999999
semantic,16,dev_0778,yes,YES,yes,yes,Correct,0.6839
semantic,16,dev_0815,yes,YES,yes,yes,Correct,0.6832
semantic,16,dev_0073,no,NO,no,no,Correct,0.6304
semantic,16,dev_0491,no,NO,no,no,Correct,0.6255
semantic,16,dev_0615,no,NO,no,no,Correct,0.6898
semantic,16,dev_0868,no,NO,no,no,Correct,0.6277999999999999
semantic,16,dev_0880,no,NO,no,no,Correct,0.6831
semantic,16,dev_0953,no,NO,no,no,Correct,0.6804
semantic,16,dev_0985,no,NO,no,no,Correct,0.6009
semantic,16,dev_0136,yes,YES,yes,yes,Correct,0.6822999999999999
semantic,16,dev_0367,yes,I don't know,i,idk,IDK,0.7111000000000001
semantic,16,dev_0618,yes,NO,no,no,Incorrect,0.6526000000000001
semantic,16,dev_0720,yes,"Yes, State of Decay is a co-op game on Xbox One.",yes,yes,Correct,0.7022999999999999
semantic,16,dev_0770,yes,NO,no,no,Incorrect,0.7074
semantic,16,dev_0835,yes,YES,yes,yes,Correct,0.6806
semantic,16,dev_0896,yes,NO,no,no,Incorrect,0.6869
semantic,16,dev_0434,no,I don't know.,i,idk,IDK,0.6857000000000001
semantic,16,dev_0489,no,NO,no,no,Correct,0.6809
semantic,16,dev_0852,no,NO,no,no,Correct,0.6243
semantic,16,dev_0870,no,I don't know,i,idk,IDK,0.6901
semantic,16,dev_1148,no,NO,no,no,Correct,0.6889
semantic,16,dev_2595,no,NO,no,no,Correct,0.6508999999999999
semantic,16,dev_0281,yes,YES,yes,yes,Correct,0.3526
semantic,16,dev_0528,yes,YES,yes,yes,Correct,0.6839
semantic,16,dev_0547,yes,I don't know.,i,idk,IDK,0.4475
semantic,16,dev_0623,yes,"NO, the George Washington Bridge is not a one-way toll. It is a",no,no,Incorrect,0.6565
semantic,16,dev_0626,yes,NO,no,no,Incorrect,0.6558999999999999
semantic,16,dev_0686,yes,NO,no,no,Incorrect,0.6878
semantic,16,dev_0822,yes,YES,yes,yes,Correct,0.3499
semantic,16,dev_1210,yes,I don't know.,i,idk,IDK,0.432
semantic,16,dev_0374,no,NO,no,no,Correct,0.6817000000000001
semantic,16,dev_0900,no,NO,no,no,Correct,0.6274
semantic,16,dev_0913,no,NO,no,no,Correct,0.6905
semantic,16,dev_1234,no,NO,no,no,Correct,0.6849
semantic,16,dev_1360,no,NO,no,no,Correct,0.6882999999999999
semantic,16,dev_1544,no,"NO, I-30 in Dallas is not a toll road.",no,no,Correct,0.6088
semantic,16,dev_1588,no,"NO, Lake George is a natural lake.",no,no,Correct,0.5681
semantic,16,dev_0344,yes,NO,no,no,Incorrect,0.6469
semantic,16,dev_0379,yes,"Yes, New England Baptist Hospital is a teaching hospital.",yes,yes,Correct,0.6407999999999999
semantic,16,dev_0474,yes,I don't know.,i,idk,IDK,0.6835
semantic,16,dev_0614,yes,I don't know.,i,idk,IDK,0.6487999999999999
semantic,16,dev_0655,yes,NO,no,no,Incorrect,0.6528999999999999
semantic,16,dev_1195,yes,NO,no,no,Incorrect,0.7105
semantic,16,dev_1197,yes,NO,no,no,Incorrect,0.6886
semantic,16,dev_1313,yes,"YES, relative risk and risk ratio are the same.",yes,yes,Correct,0.6116
semantic,16,dev_1564,yes,YES,yes,yes,Correct,0.6515
semantic,16,dev_0078,no,"NO, there is only one brachiocephalic artery, which branches off",no,no,Correct,0.7049
semantic,16,dev_0166,no,I don't know.,i,idk,IDK,0.6538999999999999
semantic,16,dev_0851,no,YES,yes,yes,Incorrect,0.7026
semantic,16,dev_0861,no,NO,no,no,Correct,0.6822999999999999
semantic,16,dev_0872,no,"NO, a third-degree burn is worse than a first-degree burn.",no,no,Correct,0.7027
semantic,16,dev_1554,no,I don't know.,i,idk,IDK,0.6887000000000001
semantic,16,dev_1719,no,"YES, extended release and sustained release are essentially the same concept in pharmacology,",yes,yes,Incorrect,0.6907000000000001
semantic,16,dev_1991,no,"NO, it is not true that the ring finger is connected to the heart.",no,no,Correct,0.6536000000000001
semantic,16,dev_2115,no,I don't know.,i,idk,IDK,0.6805
semantic,16,dev_0105,yes,"NO, there was no draft during the Revolutionary War. The Continental Army was primarily",no,no,Incorrect,0.6851
semantic,16,dev_0125,yes,YES,yes,yes,Correct,0.7089
semantic,16,dev_0191,yes,"NO, the Tomb of the Unknown Soldier does not contain actual bodies, but rather",no,no,Incorrect,0.688
semantic,16,dev_1292,yes,NO,no,no,Incorrect,0.6849
semantic,16,dev_1338,yes,NO,no,no,Incorrect,0.7031000000000001
semantic,16,dev_0388,no,NO,no,no,Correct,0.6842
semantic,16,dev_0703,no,I don't know,i,idk,IDK,0.7046
semantic,16,dev_0833,no,I don't know.,i,idk,IDK,0.6872999999999999
semantic,16,dev_0874,no,NO,no,no,Correct,0.6865
semantic,16,dev_1651,no,NO,no,no,Correct,0.6831
semantic,16,dev_0072,yes,I don't know.,i,idk,IDK,0.42610000000000003
semantic,16,dev_0258,yes,"NO, alcohol sales are prohibited on Sundays in Wisconsin.",no,no,Incorrect,0.5932999999999999
semantic,16,dev_0286,yes,YES,yes,yes,Correct,0.6502
semantic,16,dev_0348,yes,NO,no,no,Incorrect,0.6522
semantic,16,dev_0467,yes,YES,yes,yes,Correct,0.6247999999999999
semantic,16,dev_0515,yes,I don't know.,i,idk,IDK,0.6852
semantic,16,dev_0562,yes,I don't know.,i,idk,IDK,0.6812
semantic,16,dev_0636,yes,"NO, California has strict gun control laws and does not allow the open carry of",no,no,Incorrect,0.704
semantic,16,dev_0740,yes,I don't know.,i,idk,IDK,0.7064
semantic,16,dev_0838,yes,"NO, you cannot turn right on a red in Quebec.",no,no,Incorrect,0.6811
semantic,16,dev_0864,yes,"NO, Ohio does not allow open carry without a permit.",no,no,Incorrect,0.649
semantic,16,dev_0873,yes,NO,no,no,Incorrect,0.7032
semantic,16,dev_0901,yes,I don't know,i,idk,IDK,0.7041000000000001
semantic,16,dev_0909,yes,I don't know.,i,idk,IDK,0.6469
semantic,16,dev_1134,yes,YES,yes,yes,Correct,0.6314
semantic,16,dev_0198,no,"YES, you need a permit to carry a gun in New Hampshire.",yes,yes,Incorrect,0.6641
semantic,16,dev_0215,no,I don't know.,i,idk,IDK,0.6516000000000001
semantic,16,dev_0223,no,I don't know.,i,idk,IDK,0.6826
semantic,16,dev_0234,no,I don't know,i,idk,IDK,0.7078
semantic,16,dev_0272,no,"NO, trucks are not allowed on the Taconic State Parkway.",no,no,Correct,0.6362000000000001
semantic,16,dev_0453,no,"NO, in the United States, marriage between siblings is prohibited in all states.",no,no,Correct,0.6547999999999999
semantic,16,dev_0499,no,"NO, Puerto Ricans are U.S. citizens, but they cannot vote for",no,no,Correct,0.6798
semantic,16,dev_0552,no,I don't know. The answer may vary depending on the specific prison and its rules,i,idk,IDK,0.6463
semantic,16,dev_0680,no,"Yes, there is a time limit on trade secrets. Trade secrets can be protected",yes,yes,Incorrect,0.6889
semantic,16,dev_0738,no,"YES, Taiwan is a member of the Paris Convention.",yes,yes,Incorrect,0.6507000000000001
semantic,16,dev_0771,no,"NO, payola is illegal in both Canada and the United States.",no,no,Correct,0.6525
semantic,16,dev_0888,no,NO,no,no,Correct,0.6525
semantic,16,dev_1135,no,NO,no,no,Correct,0.6848
semantic,16,dev_1188,no,"NO, you cannot buy a gun if you are dishonorably discharged.",no,no,Correct,0.6872
semantic,16,dev_0339,yes,NO,no,no,Incorrect,0.6842999999999999
semantic,16,dev_0357,yes,I don't know.,i,idk,IDK,0.6834
semantic,16,dev_0498,yes,"YES, the Florida Constitution sets a minimum age requirement for legislators, which is",yes,yes,Correct,0.6902999999999999
semantic,16,dev_0620,yes,YES,yes,yes,Correct,0.6906
semantic,16,dev_0878,yes,I don't know.,i,idk,IDK,0.6484
semantic,16,dev_1864,yes,NO,no,no,Incorrect,0.7087
semantic,16,dev_2080,yes,"NO, the Coast Guard is not part of the Department of Defense. It is",no,no,Incorrect,0.7068
semantic,16,dev_2395,yes,"NO, the Governor-General does not have to sign all bills passed by the federal",no,no,Incorrect,0.6496000000000001
semantic,16,dev_2639,yes,"NO, Canada is not part of the",no,no,Incorrect,0.6832999999999999
semantic,16,dev_3155,yes,I don't know.,i,idk,IDK,0.6297999999999999
semantic,16,dev_3209,yes,YES,yes,yes,Correct,0.6542
semantic,16,dev_0209,no,NO,no,no,Correct,0.7069
semantic,16,dev_0273,no,"NO, you only have to pay the toll when you are driving in one direction",no,no,Correct,0.6844
semantic,16,dev_0404,no,NO,no,no,Correct,0.7074
semantic,16,dev_0567,no,NO,no,no,Correct,0.3785
semantic,16,dev_0675,no,I don't know.,i,idk,IDK,0.7029
semantic,16,dev_1172,no,NO,no,no,Correct,0.6866
semantic,16,dev_1275,no,I don't know.,i,idk,IDK,0.7391
semantic,16,dev_1971,no,NO,no,no,Correct,0.6892
semantic,16,dev_2001,no,NO,no,no,Correct,0.6527999999999999
semantic,16,dev_3004,no,NO,no,no,Correct,0.6521
semantic,16,dev_3256,no,I don't know.,i,idk,IDK,0.6527000000000001
semantic,16,dev_1132,yes,"Yes, pink quartz is another name for rose quartz.",yes,yes,Correct,0.6299
semantic,16,dev_1233,yes,NO,no,no,Incorrect,0.6826
semantic,16,dev_1511,yes,NO,no,no,Incorrect,0.7064
semantic,16,dev_1633,yes,NO,no,no,Incorrect,0.6812999999999999
semantic,16,dev_2007,yes,YES,yes,yes,Correct,0.6504
semantic,16,dev_2214,yes,"NO, there is no such thing as dry water. Water is a liquid at",no,no,Incorrect,0.7061000000000001
semantic,16,dev_2239,yes,"NO, the speed of sound does not vary with frequency at constant temperature. The",no,no,Incorrect,0.7044
semantic,16,dev_2299,yes,NO,no,no,Incorrect,0.6545
semantic,16,dev_2303,yes,YES,yes,yes,Correct,0.6886
semantic,16,dev_2477,yes,"NO, 0 is not in the set of natural numbers.",no,no,Incorrect,0.625
semantic,16,dev_2993,yes,NO,no,no,Incorrect,0.6795
semantic,16,dev_3126,yes,"YES, there is such a thing as an upside-down rainbow, which is also",yes,yes,Correct,0.6534
semantic,16,dev_3188,yes,"NO, a turkey vulture is not the same as a buzzard. A",no,no,Incorrect,0.6489
semantic,16,dev_3193,yes,"YES, the Georgia Aquarium has whale sharks.",yes,yes,Correct,0.7121000000000001
semantic,16,dev_3234,yes,YES,yes,yes,Correct,0.6209
semantic,16,dev_3265,yes,I don't know.,i,idk,IDK,0.3969
semantic,16,dev_0001,no,I don't know.,i,idk,IDK,0.6292000000000001
semantic,16,dev_0579,no,I don't know.,i,idk,IDK,0.3992
semantic,16,dev_1003,no,"Yes, least squares is a method used in linear regression to find the best-fitting",yes,yes,Incorrect,0.6567999999999999
semantic,16,dev_1483,no,NO,no,no,Correct,0.6516000000000001
semantic,16,dev_1551,no,NO,no,no,Correct,0.6528999999999999
semantic,16,dev_1702,no,NO,no,no,Correct,0.6928
semantic,16,dev_1925,no,NO,no,no,Correct,0.6828
semantic,16,dev_2025,no,"NO, the load is the object being moved or lifted by the lever, not",no,no,Correct,0.6463
semantic,16,dev_2312,no,NO,no,no,Correct,0.6821
semantic,16,dev_2471,no,YES,yes,yes,Incorrect,0.6284
semantic,16,dev_2521,no,NO,no,no,Correct,0.704
semantic,16,dev_2782,no,YES,yes,yes,Incorrect,0.7328
semantic,16,dev_2812,no,"NO, the bottom of the ocean is not saltier than the surface. In",no,no,Correct,0.6497999999999999
semantic,16,dev_3014,no,NO,no,no,Correct,0.6812999999999999
semantic,16,dev_3034,no,NO,no,no,Correct,0.6543
semantic,16,dev_3159,no,NO,no,no,Correct,0.6241
semantic,16,dev_3190,no,NO,no,no,Correct,0.687
semantic,16,dev_0682,yes,NO,no,no,Incorrect,0.6807000000000001
semantic,16,dev_0735,yes,YES,yes,yes,Correct,0.6496000000000001
semantic,16,dev_1505,yes,"NO, the University of St. Thomas is a private, not-for-profit institution",no,no,Incorrect,0.6273
semantic,16,dev_1668,yes,"Yes, Church of England (Anglican) worshippers do make the sign of",yes,yes,Correct,0.709
semantic,16,dev_2373,yes,YES,yes,yes,Correct,0.6897000000000001
semantic,16,dev_2793,yes,NO,no,no,Incorrect,0.6892999999999999
semantic,16,dev_2929,yes,"NO, child psychology is a sub-discipline of developmental psychology that specifically focuses on",no,no,Incorrect,0.6495
semantic,16,dev_0605,no,"NO, you do not have to be a Mormon to go to Brigham",no,no,Correct,0.6505
semantic,16,dev_0908,no,I don't know.,i,idk,IDK,0.6842999999999999
semantic,16,dev_1388,no,NO,no,no,Correct,0.6524
semantic,16,dev_1521,no,"NO, Sweden does not pay students to attend school, but it provides tuition-free",no,no,Correct,0.6842
semantic,16,dev_2334,no,NO,no,no,Correct,0.7031000000000001
semantic,16,dev_2641,no,I don't know.,i,idk,IDK,0.447
semantic,16,dev_0347,yes,NO,no,no,Incorrect,0.71
semantic,16,dev_0411,yes,I don't know.,i,idk,IDK,0.708
semantic,16,dev_0439,yes,"NO, the Milwaukee Brewers have never made it to the World Series.",no,no,Incorrect,0.6876
semantic,16,dev_0452,yes,"NO, Belgium has never reached the FIFA World Cup final.",no,no,Incorrect,0.637
semantic,16,dev_0585,yes,NO,no,no,Incorrect,0.69
semantic,16,dev_0656,yes,NO,no,no,Incorrect,0.6812999999999999
semantic,16,dev_0661,yes,NO,no,no,Incorrect,0.7062999999999999
semantic,16,dev_0701,yes,YES,yes,yes,Correct,0.6852999999999999
semantic,16,dev_0704,yes,YES,yes,yes,Correct,0.7055
semantic,16,dev_0752,yes,NO,no,no,Incorrect,0.6902
semantic,16,dev_0848,yes,I don't know.,i,idk,IDK,0.685
semantic,16,dev_0883,yes,YES,yes,yes,Correct,0.6537999999999999
semantic,16,dev_1143,yes,"YES, Dan Marino is in the Pro Football Hall of Fame.",yes,yes,Correct,0.6415
semantic,16,dev_1305,yes,NO,no,no,Incorrect,0.6557000000000001
semantic,16,dev_1497,yes,NO,no,no,Incorrect,0.6802999999999999
semantic,16,dev_1777,yes,I don't know.,i,idk,IDK,0.4313
semantic,16,dev_2250,yes,NO,no,no,Incorrect,0.6237999999999999
semantic,16,dev_2370,yes,YES,yes,yes,Correct,0.6806
semantic,16,dev_0083,no,"NO, there is no tiebreaker in the final set at Wimbledon.",no,no,Correct,0.6852999999999999
semantic,16,dev_0085,no,NO,no,no,Correct,0.6807000000000001
semantic,16,dev_0170,no,NO,no,no,Correct,0.6547999999999999
semantic,16,dev_0230,no,"NO, in Little League, a dropped third strike does not allow the batter to",no,no,Correct,0.7383
semantic,16,dev_0412,no,I don't know.,i,idk,IDK,0.6493
semantic,16,dev_0421,no,NO,no,no,Correct,0.3473
semantic,16,dev_0447,no,YES,yes,yes,Incorrect,0.6482
semantic,16,dev_0544,no,I don't know.,i,idk,IDK,0.3964
semantic,16,dev_0565,no,"NO, walks are not counted in the batting average.",no,no,Correct,0.6403
semantic,16,dev_0589,no,I don't know.,i,idk,IDK,0.4496
semantic,16,dev_0593,no,NO,no,no,Correct,0.651
semantic,16,dev_0859,no,NO,no,no,Correct,0.6492
semantic,16,dev_0865,no,NO,no,no,Correct,0.6476000000000001
semantic,16,dev_1518,no,NO,no,no,Correct,0.6877000000000001
semantic,16,dev_1768,no,YES,yes,yes,Incorrect,0.6568999999999999
semantic,16,dev_1779,no,NO,no,no,Correct,0.6515
semantic,16,dev_1905,no,"NO, you cannot be offside directly from a goal kick.",no,no,Correct,0.6606000000000001
semantic,16,dev_2156,no,NO,no,no,Correct,0.6841
semantic,16,dev_2158,no,NO,no,no,Correct,0.6801
semantic,16,dev_2798,no,YES,yes,yes,Incorrect,0.6484
semantic,16,dev_3138,no,YES,yes,yes,Incorrect,0.6826
semantic,16,dev_0307,yes,NO,no,no,Incorrect,0.6817000000000001
semantic,16,dev_0506,yes,"NO, drywall mud and joint compound are not the same. Drywall mud is",no,no,Incorrect,0.6857000000000001
semantic,16,dev_0641,yes,NO,no,no,Incorrect,0.6498999999999999
semantic,16,dev_0844,yes,I don't know.,i,idk,IDK,0.6855
semantic,16,dev_1032,yes,NO,no,no,Incorrect,0.7366
semantic,16,dev_1574,yes,YES,yes,yes,Correct,0.6877000000000001
semantic,16,dev_1889,yes,NO,no,no,Incorrect,0.6501
semantic,16,dev_2093,yes,"YES, you can call the police without a SIM card using a SIM-less call",yes,yes,Correct,0.7395
semantic,16,dev_2213,yes,NO,no,no,Incorrect,0.6463
semantic,16,dev_2735,yes,"NO, pipelining is designed to improve throughput by allowing multiple tasks to be",no,no,Incorrect,0.7084
semantic,16,dev_2836,yes,NO,no,no,Incorrect,0.6867000000000001
semantic,16,dev_0788,no,NO,no,no,Correct,0.705
semantic,16,dev_0798,no,"NO, area code 669 is not a toll-free number; it is a",no,no,Correct,0.7042
semantic,16,dev_1249,no,YES,yes,yes,Incorrect,0.6807000000000001
semantic,16,dev_1458,no,NO,no,no,Correct,0.6504
semantic,16,dev_1584,no,NO,no,no,Correct,0.6795
semantic,16,dev_1589,no,NO,no,no,Correct,0.6496000000000001
semantic,16,dev_1657,no,NO,no,no,Correct,0.712
semantic,16,dev_1691,no,NO,no,no,Correct,0.6247
semantic,16,dev_1943,no,YES,yes,yes,Incorrect,0.6819
semantic,16,dev_2682,no,"YES, E-ZPass and EZ TAG are the same system, just different names",yes,yes,Incorrect,0.6866
semantic,16,dev_2712,no,NO,no,no,Correct,0.6528999999999999
semantic,16,dev_0427,no,NO,no,no,Correct,0.7082999999999999
semantic,16,dev_0531,no,NO,no,no,Correct,0.7105
semantic,16,dev_1915,no,"NO, ""The Hunchback of Notre-Dame"" is a fictional novel written",no,no,Correct,0.6902999999999999
semantic,16,dev_1946,no,NO,no,no,Correct,0.6878
semantic,16,dev_2024,no,NO,no,no,Correct,0.6542
semantic,16,dev_2265,no,"NO, G major and E minor are not the same. G major is a",no,no,Correct,0.6807000000000001
semantic,16,dev_0004,yes,NO,no,no,Incorrect,0.4057
semantic,16,dev_0241,yes,YES,yes,yes,Correct,0.711
semantic,16,dev_0326,yes,NO,no,no,Incorrect,0.6557999999999999
semantic,16,dev_0525,yes,YES,yes,yes,Correct,0.687
semantic,16,dev_0577,yes,YES,yes,yes,Correct,0.7029
semantic,16,dev_0799,yes,YES,yes,yes,Correct,0.682
semantic,16,dev_0142,no,NO,no,no,Correct,0.6858
semantic,16,dev_0494,no,"NO, fitness in biology refers to an organism's ability to survive and reproduce in",no,no,Correct,0.6307
semantic,16,dev_0527,no,NO,no,no,Correct,0.6545
semantic,16,dev_0566,no,NO,no,no,Correct,0.6255
semantic,16,dev_0648,no,"NO, evergreen trees do not lose their leaves in the winter.",no,no,Correct,0.6846
semantic,16,dev_0668,no,NO,no,no,Correct,0.6523
semantic,16,dev_0749,no,"NO, sensory neurons are part of the peripheral nervous system, not the central nervous",no,no,Correct,0.71
semantic,16,dev_0790,no,NO,no,no,Correct,0.68
semantic,16,dev_0867,no,NO,no,no,Correct,0.6281
semantic,16,dev_0921,no,NO,no,no,Correct,0.6895
semantic,16,dev_1088,no,NO,no,no,Correct,0.6807000000000001
semantic,16,dev_1329,no,"NO, there is no bone in the earlobe. The earlobe",no,no,Correct,0.6806
semantic,16,dev_1402,no,NO,no,no,Correct,0.3324
semantic,16,dev_1428,no,"NO, sweat glands are not part of the lymphatic system. They are a",no,no,Correct,0.631
semantic,16,dev_1439,no,NO,no,no,Correct,0.7066
semantic,16,dev_0020,yes,YES,yes,yes,Correct,0.6486000000000001
semantic,16,dev_0027,yes,"YES, penguins have feathers arising from the epidermis.",yes,yes,Correct,0.6506000000000001
semantic,16,dev_0047,yes,YES,yes,yes,Correct,0.6515
semantic,16,dev_0070,yes,YES,yes,yes,Correct,0.68
semantic,16,dev_0086,yes,YES,yes,yes,Correct,0.6845
semantic,16,dev_0121,yes,YES,yes,yes,Correct,0.6825
semantic,16,dev_0131,yes,YES,yes,yes,Correct,0.6836
semantic,16,dev_0147,yes,"YES, the navel and belly button refer to the same scar left on the",yes,yes,Correct,0.6505
semantic,16,dev_0159,yes,YES,yes,yes,Correct,0.6894
semantic,16,dev_0190,yes,YES,yes,yes,Correct,0.6807000000000001
semantic,16,dev_0195,yes,"NO, alligators do not drown their prey and eat it later. They",no,no,Incorrect,0.6839
semantic,16,dev_0200,yes,YES,yes,yes,Correct,0.6294
semantic,16,dev_0214,yes,YES,yes,yes,Correct,0.7074
semantic,16,dev_0242,yes,YES,yes,yes,Correct,0.6525
semantic,16,dev_0522,yes,YES,yes,yes,Correct,0.7107
semantic,16,dev_0033,no,NO,no,no,Correct,0.6535
semantic,16,dev_0123,no,NO,no,no,Correct,0.6826
semantic,16,dev_0501,no,NO,no,no,Correct,0.7032999999999999
semantic,16,dev_0526,no,NO,no,no,Correct,0.6497
semantic,16,dev_1076,no,NO,no,no,Correct,0.6876
semantic,16,dev_1213,no,NO,no,no,Correct,0.6267
semantic,16,dev_1654,no,NO,no,no,Correct,0.6844
semantic,16,dev_1753,no,NO,no,no,Correct,0.7061000000000001
semantic,16,dev_1825,no,NO,no,no,Correct,0.7042999999999999
semantic,16,dev_2911,no,"NO, the United States does not have a fixed exchange rate. The US dollar",no,no,Correct,0.6811
semantic,16,dev_2740,no,NO,no,no,Correct,0.6537000000000001
semantic,16,dev_2517,no,NO,no,no,Correct,0.6214
semantic,16,dev_1139,yes,YES,yes,yes,Correct,0.6482
semantic,16,dev_0002,yes,YES,yes,yes,Correct,0.6309
semantic,16,dev_0773,yes,YES,yes,yes,Correct,0.6504
semantic,16,dev_1186,yes,YES,yes,yes,Correct,0.6304
semantic,16,dev_1302,yes,YES,yes,yes,Correct,0.6842
semantic,16,dev_1349,yes,YES,yes,yes,Correct,0.6868
semantic,16,dev_1771,yes,NO,no,no,Incorrect,0.6465
semantic,16,dev_1804,yes,YES,yes,yes,Correct,0.6544
semantic,16,dev_1873,yes,NO,no,no,Incorrect,0.6902999999999999
semantic,16,dev_1963,yes,YES,yes,yes,Correct,0.6882
semantic,16,dev_2582,yes,YES,yes,yes,Correct,0.6555
semantic,16,dev_2598,yes,NO,no,no,Incorrect,0.6835
semantic,16,dev_3158,yes,I don't know.,i,idk,IDK,0.6497999999999999
semantic,16,dev_0551,no,NO,no,no,Correct,0.6543
semantic,16,dev_1158,no,NO,no,no,Correct,0.6491
semantic,16,dev_1364,no,NO,no,no,Correct,0.3525
semantic,16,dev_1807,no,NO,no,no,Correct,0.6512
semantic,16,dev_2542,no,NO,no,no,Correct,0.6513
semantic,16,dev_2562,no,NO,no,no,Correct,0.6864
semantic,16,dev_3005,no,NO,no,no,Correct,0.6827000000000001
semantic,16,dev_3194,no,NO,no,no,Correct,0.6287999999999999
semantic,16,dev_3195,no,"YES, a boarding pass is the same as a ticket in the context of airline",yes,yes,Incorrect,0.69
semantic,16,dev_0013,yes,I don't know.,i,idk,IDK,0.6547999999999999
semantic,16,dev_0043,yes,YES,yes,yes,Correct,0.6902
semantic,16,dev_0052,yes,YES,yes,yes,Correct,0.655
semantic,16,dev_0091,yes,NO,no,no,Incorrect,0.6274
semantic,16,dev_0116,yes,YES,yes,yes,Correct,0.6872999999999999
semantic,16,dev_0288,yes,"NO, the UK primarily uses the 12-hour clock format, with AM and",no,no,Incorrect,0.7061000000000001
semantic,16,dev_0555,yes,YES,yes,yes,Correct,0.6497999999999999
semantic,16,dev_0627,yes,NO,no,no,Incorrect,0.7017
semantic,16,dev_0831,yes,YES,yes,yes,Correct,0.7018
semantic,16,dev_0721,no,NO,no,no,Correct,0.7077
semantic,16,dev_0863,no,NO,no,no,Correct,0.6812
semantic,16,dev_1357,no,NO,no,no,Correct,0.6521
semantic,16,dev_1951,no,YES,yes,yes,Incorrect,0.7061000000000001
semantic,16,dev_2131,no,NO,no,no,Correct,0.6815
semantic,16,dev_2174,no,NO,no,no,Correct,0.6819
semantic,16,dev_2252,no,NO,no,no,Correct,0.6471
semantic,16,dev_2309,no,NO,no,no,Correct,0.68
semantic,16,dev_2364,no,NO,no,no,Correct,0.6862
semantic,16,dev_3075,no,NO,no,no,Correct,0.6832999999999999
semantic,16,dev_3205,no,NO,no,no,Correct,0.6885
semantic,16,dev_0015,yes,"NO, Fantastic Beasts and Where to Find Them is not a prequel;",no,no,Incorrect,0.703
semantic,16,dev_0153,yes,YES,yes,yes,Correct,0.688
semantic,16,dev_0161,yes,NO,no,no,Incorrect,0.6544
semantic,16,dev_0306,yes,"NO, Grey's Anatomy is not filmed at a real hospital, but rather at",no,no,Incorrect,0.683
semantic,16,dev_0334,yes,NO,no,no,Incorrect,0.6881
semantic,16,dev_0338,yes,YES,yes,yes,Correct,0.6829
semantic,16,dev_0493,yes,NO,no,no,Incorrect,0.6851
semantic,16,dev_0520,yes,YES,yes,yes,Correct,0.7064
semantic,16,dev_0212,no,NO,no,no,Correct,0.6538999999999999
semantic,16,dev_0309,no,NO,no,no,Correct,0.6273
semantic,16,dev_0484,no,NO,no,no,Correct,0.7039
semantic,16,dev_0654,no,NO,no,no,Correct,0.6852
semantic,16,dev_0973,no,NO,no,no,Correct,0.6809
semantic,16,dev_1335,no,NO,no,no,Correct,0.6501
semantic,16,dev_1443,no,NO,no,no,Correct,0.6498999999999999
semantic,16,dev_0284,yes,"NO, enameled cast iron does not leach iron into food because the",no,no,Incorrect,0.6526000000000001
semantic,16,dev_0330,yes,YES,yes,yes,Correct,0.6861
semantic,16,dev_0443,yes,YES,yes,yes,Correct,0.6506000000000001
semantic,16,dev_0975,yes,YES,yes,yes,Correct,0.6838
semantic,16,dev_1741,yes,YES,yes,yes,Correct,0.6832
semantic,16,dev_1770,yes,YES,yes,yes,Correct,0.6805
semantic,16,dev_1860,no,NO,no,no,Correct,0.689
semantic,16,dev_1967,yes,NO,no,no,Incorrect,0.6842
semantic,16,dev_0236,no,NO,no,no,Correct,0.6028
semantic,16,dev_0741,no,NO,no,no,Correct,0.6457999999999999
semantic,16,dev_1440,no,YES,yes,yes,Incorrect,0.6274
semantic,16,dev_2062,no,"NO, a queen cannot move like a knight. The queen moves any number of",no,no,Correct,0.6822
semantic,16,dev_2109,no,"NO, Call of Duty: World at War is based on World War II,",no,no,Correct,0.6868
semantic,16,dev_2137,no,NO,no,no,Correct,0.6255
semantic,16,dev_0478,yes,YES,yes,yes,Correct,0.6806
semantic,16,dev_0545,yes,YES,yes,yes,Correct,0.7095
semantic,16,dev_1125,yes,NO,no,no,Incorrect,0.69
semantic,16,dev_1137,yes,NO,no,no,Incorrect,0.649
semantic,16,dev_1162,yes,YES,yes,yes,Correct,0.6464
semantic,16,dev_1177,yes,YES,yes,yes,Correct,0.6837000000000001
semantic,16,dev_1444,yes,YES,yes,yes,Correct,0.6528999999999999
semantic,16,dev_0313,no,"NO, St. Kitts and Nevis is not a U.S. territory",no,no,Correct,0.7054
semantic,16,dev_0823,no,NO,no,no,Correct,0.7066
semantic,16,dev_0839,no,NO,no,no,Correct,0.6557999999999999
semantic,16,dev_1222,no,NO,no,no,Correct,0.6812
semantic,16,dev_1254,no,NO,no,no,Correct,0.6524
semantic,16,dev_1269,no,NO,no,no,Correct,0.7102
semantic,16,dev_1334,no,"NO, Patagonia is not a country in its own right; it is a region",no,no,Correct,0.6892
semantic,16,dev_0184,yes,YES,yes,yes,Correct,0.6521
semantic,16,dev_0322,yes,NO,no,no,Incorrect,0.6816
semantic,16,dev_0557,yes,YES,yes,yes,Correct,0.6855
semantic,16,dev_0573,yes,NO,no,no,Incorrect,0.6524
semantic,16,dev_1179,yes,"NO, Phoenix is in the Mountain Time Zone, while Denver is in the Mountain",no,no,Incorrect,0.7361
semantic,16,dev_0619,yes,NO,no,no,Incorrect,0.6297999999999999
semantic,16,dev_0650,yes,YES,yes,yes,Correct,0.6812999999999999
semantic,16,dev_0734,yes,YES,yes,yes,Correct,0.682
semantic,16,dev_0061,no,NO,no,no,Correct,0.6531
semantic,16,dev_0124,no,NO,no,no,Correct,0.6585
semantic,16,dev_0914,no,NO,no,no,Correct,0.682
semantic,16,dev_0955,no,"NO, mycosis fungoides is not caused by a fungal infection;",no,no,Correct,0.6812
semantic,16,dev_1610,no,NO,no,no,Correct,0.6477999999999999
semantic,16,dev_1790,no,"NO, the lining of the uterus does not shed during implantation. Implantation is",no,no,Correct,0.6824
semantic,16,dev_2096,no,NO,no,no,Correct,0.6904
semantic,16,dev_2277,no,NO,no,no,Correct,0.6817000000000001
semantic,16,dev_2499,no,NO,no,no,Correct,0.6874
semantic,16,dev_1959,yes,YES,yes,yes,Correct,0.6531
semantic,16,dev_1992,yes,NO,no,no,Incorrect,0.6826
semantic,16,dev_2047,yes,YES,yes,yes,Correct,0.6524
semantic,16,dev_1656,yes,I don't know.,i,idk,IDK,0.6907000000000001
semantic,16,dev_1663,yes,NO,no,no,Incorrect,0.6832
semantic,16,dev_1752,yes,"YES, triamcinolone cream can be used for poison ivy, as it",yes,yes,Correct,0.6907000000000001
semantic,16,dev_2049,yes,"YES, the common femoral vein is a deep vein.",yes,yes,Correct,0.7367999999999999
semantic,16,dev_2050,yes,YES,yes,yes,Correct,0.6878
semantic,16,dev_1442,yes,YES,yes,yes,Correct,0.6443
semantic,16,dev_0301,no,NO,no,no,Correct,0.7345
semantic,16,dev_0480,no,"NO, we do not still follow the Articles of Confederation. The Articles of",no,no,Correct,0.7397
semantic,16,dev_1290,no,NO,no,no,Correct,0.6855
semantic,16,dev_1819,no,NO,no,no,Correct,0.7014
semantic,16,dev_2206,no,NO,no,no,Correct,0.681
semantic,16,dev_0376,yes,YES,yes,yes,Correct,0.3851
semantic,16,dev_0346,yes,YES,yes,yes,Correct,0.741
semantic,16,dev_0363,yes,YES,yes,yes,Correct,0.6838
semantic,16,dev_0535,yes,NO,no,no,Incorrect,0.7032
semantic,16,dev_0629,yes,YES,yes,yes,Correct,0.7069
semantic,16,dev_0179,no,NO,no,no,Correct,0.6467
semantic,16,dev_0402,no,NO,no,no,Correct,0.6272000000000001
semantic,16,dev_0513,no,I don't know.,i,idk,IDK,0.6497999999999999
semantic,16,dev_0606,no,"NO, it is not legal to escape from prison in Germany. Escaping from",no,no,Correct,0.6574
semantic,16,dev_0630,no,YES,yes,yes,Incorrect,0.6542
semantic,16,dev_0795,no,NO,no,no,Correct,0.7094
semantic,16,dev_1457,no,"NO, the Civil Rights Act is not part of the U.S. Constitution.",no,no,Correct,0.7346
semantic,16,dev_1776,no,NO,no,no,Correct,0.6487999999999999
semantic,16,dev_1862,no,NO,no,no,Correct,0.6804
semantic,16,dev_1911,no,"NO, there is no mandatory retirement age for U.S. Supreme Court justices",no,no,Correct,0.6832
semantic,16,dev_2755,no,NO,no,no,Correct,0.6826
semantic,16,dev_2756,no,NO,no,no,Correct,0.7097
semantic,16,dev_2921,no,"NO, property tax and council tax are not the same. Property tax is a",no,no,Correct,0.6822999999999999
semantic,16,dev_2972,no,NO,no,no,Correct,0.6497999999999999
semantic,16,dev_0009,yes,I don't know.,i,idk,IDK,0.6916
semantic,16,dev_0038,yes,I don't know.,i,idk,IDK,0.6868
semantic,16,dev_0129,yes,"Yes, you can sell a gun privately in Florida, but you must comply with",yes,yes,Correct,0.654
semantic,16,dev_0202,yes,I don't know.,i,idk,IDK,0.6295
semantic,16,dev_0308,yes,YES,yes,yes,Correct,0.6854
semantic,16,dev_0584,yes,YES,yes,yes,Correct,0.6841
semantic,16,dev_0644,yes,"YES, it is a law in many places that you must pull over for an",yes,yes,Correct,0.7062999999999999
semantic,16,dev_0653,yes,YES,yes,yes,Correct,0.6532
semantic,16,dev_0671,yes,"YES, the state of Kansas has the death penalty.",yes,yes,Correct,0.6497
semantic,16,dev_0757,yes,YES,yes,yes,Correct,0.6281
semantic,16,dev_1059,yes,YES,yes,yes,Correct,0.6503
semantic,16,dev_1067,yes,"YES, the Preamble is a part of the Indian Constitution.",yes,yes,Correct,0.713
semantic,16,dev_1097,yes,YES,yes,yes,Correct,0.6563
semantic,16,dev_1131,yes,"YES, Illinois has a stand your ground law that allows individuals to use force in",yes,yes,Correct,0.649
semantic,16,dev_1324,yes,"YES, a flask typically counts as an open container because it is not securely closed",yes,yes,Correct,0.648
semantic,16,dev_0305,no,NO,no,no,Correct,0.7022
semantic,16,dev_0465,no,"NO, the National Guard is not part of the Coast Guard. The National Guard",no,no,Correct,0.7366
semantic,16,dev_0508,no,NO,no,no,Correct,0.6507000000000001
semantic,16,dev_0518,no,"NO, the Justice Department is part of the executive branch, not the judicial branch",no,no,Correct,0.6805
semantic,16,dev_0572,no,NO,no,no,Correct,0.7026
semantic,16,dev_0898,no,NO,no,no,Correct,0.6882999999999999
semantic,16,dev_1154,no,NO,no,no,Correct,0.6829
semantic,16,dev_1221,no,NO,no,no,Correct,0.6896
semantic,16,dev_1244,no,NO,no,no,Correct,0.6456000000000001
semantic,16,dev_1245,no,NO,no,no,Correct,0.7084
semantic,16,dev_1273,no,NO,no,no,Correct,0.7352000000000001
semantic,16,dev_0647,yes,YES,yes,yes,Correct,0.6225
semantic,16,dev_0254,yes,YES,yes,yes,Correct,0.7027
semantic,16,dev_0486,yes,YES,yes,yes,Correct,0.7055
semantic,16,dev_0736,yes,YES,yes,yes,Correct,0.7058
semantic,16,dev_0814,yes,NO,no,no,Incorrect,0.7052999999999999
semantic,16,dev_1477,yes,YES,yes,yes,Correct,0.6315
semantic,16,dev_1721,yes,YES,yes,yes,Correct,0.6908
semantic,16,dev_1786,yes,YES,yes,yes,Correct,0.6887000000000001
semantic,16,dev_1970,yes,YES,yes,yes,Correct,0.7036
semantic,16,dev_1985,yes,YES,yes,yes,Correct,0.7058
semantic,16,dev_2448,no,NO,no,no,Correct,0.6319
semantic,16,dev_0066,yes,NO,no,no,Incorrect,0.5986
semantic,16,dev_0088,yes,"YES, it is possible to create mass from energy, as described by Einstein's",yes,yes,Correct,0.6525
semantic,16,dev_0196,yes,YES,yes,yes,Correct,0.6528999999999999
semantic,16,dev_0262,yes,YES,yes,yes,Correct,0.6849
semantic,16,dev_0271,yes,YES,yes,yes,Correct,0.6297
semantic,16,dev_0329,yes,YES,yes,yes,Correct,0.6896
semantic,16,dev_0331,yes,"YES, a wheel and axle is a simple machine.",yes,yes,Correct,0.7095
semantic,16,dev_0387,yes,YES,yes,yes,Correct,0.6232000000000001
semantic,16,dev_0418,yes,"YES, it is possible to have thunder and lightning while snowing, as these",yes,yes,Correct,0.6872999999999999
semantic,16,dev_0616,yes,YES,yes,yes,Correct,0.6535
semantic,16,dev_0638,yes,YES,yes,yes,Correct,0.6901
semantic,16,dev_0657,yes,YES,yes,yes,Correct,0.6551
semantic,16,dev_0692,yes,YES,yes,yes,Correct,0.7059
semantic,16,dev_0744,yes,"NO, a polynomial cannot have a square root of a variable as it is not",no,no,Incorrect,0.6291
semantic,16,dev_0797,yes,"NO, average velocity is a scalar quantity and does not have a direction associated with",no,no,Incorrect,0.6299
semantic,16,dev_0842,yes,YES,yes,yes,Correct,0.6838
semantic,16,dev_1379,yes,"YES, talc is the same as talcum powder.",yes,yes,Correct,0.6557000000000001
semantic,16,dev_0126,no,"NO, according to our current understanding of physics, it is not possible for any",no,no,Correct,0.7365
semantic,16,dev_0342,no,NO,no,no,Correct,0.6822999999999999
semantic,16,dev_0437,no,NO,no,no,Correct,0.6257
semantic,16,dev_0553,no,NO,no,no,Correct,0.6555
semantic,16,dev_0652,no,NO,no,no,Correct,0.7347
semantic,16,dev_0708,no,NO,no,no,Correct,0.3285
semantic,16,dev_1083,no,NO,no,no,Correct,0.7056
semantic,16,dev_1142,no,"NO, quantum entanglement cannot transfer information faster than light, as the measurement",no,no,Correct,0.7397
semantic,16,dev_1354,no,NO,no,no,Correct,0.6506000000000001
semantic,16,dev_1460,no,I don't know.,i,idk,IDK,0.6832
semantic,16,dev_1468,no,NO,no,no,Correct,0.6868
semantic,16,dev_1559,no,NO,no,no,Correct,0.6471
semantic,16,dev_1595,no,NO,no,no,Correct,0.6523
semantic,16,dev_1643,no,"NO, static pressure is not the same as atmospheric pressure. Static pressure is the",no,no,Correct,0.6532
semantic,16,dev_1692,no,NO,no,no,Correct,0.6829
semantic,16,dev_1726,no,"NO, the vagus nerve is part of the peripheral nervous system (PNS",no,no,Correct,0.6885
semantic,16,dev_0008,yes,YES,yes,yes,Correct,0.6839
semantic,16,dev_0323,yes,YES,yes,yes,Correct,0.6834
semantic,16,dev_0794,yes,YES,yes,yes,Correct,0.6837000000000001
semantic,16,dev_0866,yes,YES,yes,yes,Correct,0.6214
semantic,16,dev_0910,yes,YES,yes,yes,Correct,0.6862999999999999
semantic,16,dev_0992,yes,NO,no,no,Incorrect,0.681
semantic,16,dev_1446,yes,YES,yes,yes,Correct,0.6832
semantic,16,dev_0294,no,NO,no,no,Correct,0.6857000000000001
semantic,16,dev_0521,no,NO,no,no,Correct,0.7061000000000001
semantic,16,dev_0943,no,NO,no,no,Correct,0.6866
semantic,16,dev_1887,no,NO,no,no,Correct,0.6839
semantic,16,dev_2892,no,NO,no,no,Correct,0.6889
semantic,16,dev_2691,no,NO,no,no,Correct,0.6555
semantic,16,dev_0065,yes,YES,yes,yes,Correct,0.7092999999999999
semantic,16,dev_0245,yes,"NO, in American football, a player can only advance the ball once before it",no,no,Incorrect,0.6466000000000001
semantic,16,dev_0315,yes,YES,yes,yes,Correct,0.6541
semantic,16,dev_0361,yes,YES,yes,yes,Correct,0.6517000000000001
semantic,16,dev_0550,yes,NO,no,no,Incorrect,0.6847000000000001
semantic,16,dev_0595,yes,NO,no,no,Incorrect,0.6517000000000001
semantic,16,dev_0966,yes,YES,yes,yes,Correct,0.7078
semantic,16,dev_1078,yes,YES,yes,yes,Correct,0.646
semantic,16,dev_1224,yes,I don't know.,i,idk,IDK,0.6839
semantic,16,dev_1251,yes,YES,yes,yes,Correct,0.7351
semantic,16,dev_1260,yes,NO,no,no,Incorrect,0.6221
semantic,16,dev_1278,yes,YES,yes,yes,Correct,0.6867000000000001
semantic,16,dev_1462,yes,YES,yes,yes,Correct,0.6824
semantic,16,dev_1494,yes,NO,no,no,Incorrect,0.7126
semantic,16,dev_1543,yes,YES,yes,yes,Correct,0.6851
semantic,16,dev_2012,yes,NO,no,no,Incorrect,0.7049
semantic,16,dev_2118,yes,"YES, twisting someone's wrist can potentially cause a fracture, depending on the force applied",yes,yes,Correct,0.6546000000000001
semantic,16,dev_2272,yes,YES,yes,yes,Correct,0.689
semantic,16,dev_2338,yes,NO,no,no,Incorrect,0.6504
semantic,16,dev_2498,yes,YES,yes,yes,Correct,0.7026
semantic,16,dev_2509,yes,YES,yes,yes,Correct,0.7091000000000001
semantic,16,dev_2917,yes,YES,yes,yes,Correct,0.6283
semantic,16,dev_2966,yes,NO,no,no,Incorrect,0.5762999999999999
semantic,16,dev_2974,yes,"YES, it is possible to run for 24 hours, although it is extremely",yes,yes,Correct,0.7072999999999999
semantic,16,dev_3007,yes,YES,yes,yes,Correct,0.6882
semantic,16,dev_3199,yes,YES,yes,yes,Correct,0.6527999999999999
semantic,16,dev_0222,no,NO,no,no,Correct,0.6484
semantic,16,dev_0398,no,"NO, you cannot score from a throw-in in soccer.",no,no,Correct,0.638
semantic,16,dev_0426,no,"NO, a soccer goalie cannot pick up a throw-in, as it is a",no,no,Correct,0.7384
semantic,16,dev_0464,no,NO,no,no,Correct,0.6528999999999999
semantic,16,dev_0563,no,NO,no,no,Correct,0.6812
semantic,16,dev_0658,no,NO,no,no,Correct,0.7092
semantic,16,dev_1366,no,NO,no,no,Correct,0.6295
semantic,16,dev_1471,no,NO,no,no,Correct,0.7094
semantic,16,dev_1558,no,NO,no,no,Correct,0.6497
semantic,16,dev_1580,no,NO,no,no,Correct,0.6824
semantic,16,dev_2401,no,NO,no,no,Correct,0.6868
semantic,16,dev_2436,no,NO,no,no,Correct,0.6859
semantic,16,dev_3224,no,NO,no,no,Correct,0.6821
semantic,16,dev_0022,yes,"NO, a spark plug is responsible for igniting the air-fuel mixture in",no,no,Incorrect,0.6443
semantic,16,dev_0132,yes,YES,yes,yes,Correct,0.6857000000000001
semantic,16,dev_0268,yes,YES,yes,yes,Correct,0.6882999999999999
semantic,16,dev_0646,yes,"YES, multithreading can still be useful on a single processor as it allows",yes,yes,Correct,0.6492
semantic,16,dev_0697,yes,YES,yes,yes,Correct,0.6542
semantic,16,dev_0935,yes,"NO, a table can only have one primary key, but it can have multiple",no,no,Incorrect,0.6545
semantic,16,dev_1159,yes,YES,yes,yes,Correct,0.6507000000000001
semantic,16,dev_1376,yes,YES,yes,yes,Correct,0.6804
semantic,16,dev_1646,yes,YES,yes,yes,Correct,0.7038
semantic,16,dev_1869,yes,"YES, a database table can have multiple foreign keys.",yes,yes,Correct,0.6876
semantic,16,dev_2397,yes,YES,yes,yes,Correct,0.6272000000000001
semantic,16,dev_0512,no,NO,no,no,Correct,0.6815
semantic,16,dev_1524,no,NO,no,no,Correct,0.6517999999999999
semantic,16,dev_1675,no,NO,no,no,Correct,0.6848
semantic,16,dev_1723,no,NO,no,no,Correct,0.6846
semantic,16,dev_2027,no,NO,no,no,Correct,0.6892
semantic,16,dev_2104,no,NO,no,no,Correct,0.6483
semantic,16,dev_2262,no,NO,no,no,Correct,0.6542
semantic,16,dev_2431,no,"NO, in a tree, each node can have at most one parent.",no,no,Correct,0.6552
semantic,16,dev_2524,no,NO,no,no,Correct,0.7034
semantic,16,dev_3057,no,NO,no,no,Correct,0.6224
semantic,16,dev_3167,no,NO,no,no,Correct,0.6844
