scaffold,L,boolq_id,gold,reply,first_token,pred_label,acc_type,timing_s
meta,16,dev_0023,yes,"No, a cape and a cloak are not the same. A cape is a",no,no,Incorrect,1.5479
meta,16,dev_0039,no,Yes.,yes,yes,Incorrect,0.8862000000000001
meta,16,dev_0055,no,"No, Wisconsin has never been in the Little League World Series.",no,no,Correct,1.4472
meta,16,dev_0059,no,No.,no,no,Correct,0.8877
meta,16,dev_0068,no,"No, minors cannot receive the death penalty. In most countries, the minimum age",no,no,Correct,1.5485
meta,16,dev_0087,yes,"No, a frog does not jump out of boiling water. The heat would cause",no,no,Incorrect,1.5482
meta,16,dev_0107,no,I don't know.,i,idk,IDK,1.0900999999999998
meta,16,dev_0120,yes,No.,no,no,Incorrect,0.8855
meta,16,dev_0138,no,No.,no,no,Correct,0.8853
meta,16,dev_0151,no,"No, numbers do not look the same in all languages. Different languages have their",no,no,Correct,1.5488
meta,16,dev_0163,yes,No.,no,no,Incorrect,0.8882000000000001
meta,16,dev_0165,no,Yes.,yes,yes,Incorrect,0.8865
meta,16,dev_0207,no,No.,no,no,Correct,0.8875
meta,16,dev_0210,no,"No, ""The Three Little Pigs"" is not a nursery rhyme. It",no,no,Correct,1.5467
meta,16,dev_0221,no,No.,no,no,Correct,0.8863
meta,16,dev_0229,yes,"No, all UK National Insurance numbers do not have a letter at the end.",no,no,Incorrect,1.5469000000000002
meta,16,dev_0237,no,No.,no,no,Correct,0.888
meta,16,dev_0243,no,"Yes, there is a Chinatown in St. Louis, Missouri.",yes,yes,Incorrect,1.5488
meta,16,dev_0248,yes,"No, there is no bird that is faster than a cheetah.",no,no,Incorrect,1.5482
meta,16,dev_0249,yes,"No, queen ants do not give birth to other queen ants. Instead, they",no,no,Incorrect,1.5479
meta,16,dev_0251,yes,"No, one sister chromatid does not have half the DNA of a chromosome",no,no,Incorrect,1.5474
meta,16,dev_0257,yes,NO. A glass window cannot break on its own unless it is subjected to an,no,no,Incorrect,1.5467
meta,16,dev_0270,no,No.,no,no,Correct,0.8877999999999999
meta,16,dev_0287,yes,"No, I cannot call a fair catch on a kickoff. A fair catch",no,no,Incorrect,2.8909000000000002
meta,16,dev_0295,no,"No, I don't know.",no,no,Correct,1.1907999999999999
meta,16,dev_0298,yes,"No, sheet metal gauge and wire gauge are not the same. Sheet metal gauge",no,no,Incorrect,1.5492000000000001
meta,16,dev_0312,no,"No, adjectives do not have to come before a noun. They can be placed",no,no,Correct,1.5478
meta,16,dev_0316,yes,No.,no,no,Incorrect,0.8864
meta,16,dev_0318,yes,"No, an Ace-2-3-4-5 is not a straight",no,no,Incorrect,1.5486
meta,16,dev_0321,yes,"No, a filibuster cannot stop a Supreme Court nominee from being confirmed.",no,no,Incorrect,2.8617
meta,16,dev_0333,yes,"No, .22 Magnum and .22 WMR are not the",no,no,Incorrect,1.5494
meta,16,dev_0336,no,"No, there is no difference between Muay Thai and Thai boxing. Muay",no,no,Correct,1.547
meta,16,dev_0343,yes,"No, the president is not the only member of the executive branch. The executive",no,no,Incorrect,1.5471
meta,16,dev_0352,no,"No, I don't know.",no,no,Correct,1.1924000000000001
meta,16,dev_0355,no,No. Father's Day is celebrated on the third Sunday of June every year,no,no,Correct,1.5468
meta,16,dev_0364,no,"No, you do not have to have a wicket keeper in cricket. However,",no,no,Correct,1.5475999999999999
meta,16,dev_0366,no,No.,no,no,Correct,0.8867999999999999
meta,16,dev_0406,no,"No, a California roll does not have fish in it. It is typically made",no,no,Correct,1.548
meta,16,dev_0428,no,"No, peroxide and hydrogen peroxide are not the same thing. Peroxide",no,no,Correct,1.5474
meta,16,dev_0429,yes,"No, flax oil and linseed oil are not the same. Flax oil",no,no,Incorrect,1.5492000000000001
meta,16,dev_0430,yes,"No, the Banaue Rice Terraces are not one of the 7",no,no,Incorrect,1.549
meta,16,dev_0436,no,"I'm sorry, but I am not able to answer that question. As",i,other,NC,1.5483
meta,16,dev_0441,no,NO.,no,no,Correct,0.8871
meta,16,dev_0442,yes,NO.,no,no,Incorrect,0.8874
meta,16,dev_0479,no,"Yes, there is such a thing as a miniature pig. Miniature pigs,",yes,yes,Incorrect,1.5482
meta,16,dev_0481,no,"No, there was not a 6th borough in New York. The five",no,no,Correct,1.5478
meta,16,dev_0482,no,"No, a bumblebee does not die after stinging someone. Bumblebees",no,no,Correct,1.5482
meta,16,dev_0487,no,"NO, you cannot grow banana trees from a banana. Banana trees, also known",no,no,Correct,1.5466
meta,16,dev_0504,yes,"No, friction tape is not the same as electrical tape. Friction tape is",no,no,Incorrect,1.5483
meta,16,dev_0509,no,"No, the AR-15 is not used in the military. It is",no,no,Correct,1.5474
meta,16,dev_0532,no,"No, it is not possible to connect your brain directly to a computer. While",no,no,Correct,1.5494
meta,16,dev_0534,no,"No, I don't know.",no,no,Correct,1.1912
meta,16,dev_0536,yes,No.,no,no,Incorrect,0.887
meta,16,dev_0537,no,"No, I cannot get a caution without being arrested. A caution is a type",no,no,Correct,1.5485
meta,16,dev_0546,yes,"No, the College of William & Mary is not an Ivy League school.",no,no,Incorrect,1.5484
meta,16,dev_0560,no,"Yes, the University of Tampa has a football team.",yes,yes,Incorrect,1.3439
meta,16,dev_0568,no,"No, the movie Heat was not based on a book. It was written and",no,no,Correct,1.548
meta,16,dev_0569,no,NO.,no,no,Correct,0.8867999999999999
meta,16,dev_0588,yes,NO. Boost Mobile and Virgin Mobile are two separate mobile network providers. Boost Mobile,no,no,Incorrect,2.8617
meta,16,dev_0594,no,"No, bee stingers do not fall out on their own. Once a bee",no,no,Correct,1.5474
meta,16,dev_0596,no,"No, C# and Visual C# are not the same. C# is",no,no,Correct,1.5467
meta,16,dev_0598,yes,No. The Vice President is not the head of the Senate. In the United,no,no,Incorrect,1.5479
meta,16,dev_0612,yes,"No. Popcorn is made from corn kernels, which are small, round grains",no,no,Incorrect,1.5477
meta,16,dev_0617,yes,"Yes, France and England have competed in the World Cup.",yes,yes,Correct,1.3959000000000001
meta,16,dev_0662,yes,"No, LensCrafters and Pearle Vision are not the same company. Lens",no,no,Incorrect,1.5491
meta,16,dev_0678,no,NO. It is not safe to wash your child's mouth out with soap,no,no,Correct,1.5486
meta,16,dev_0696,no,"Yes, there is a seat belt law in New Hampshire.",yes,yes,Incorrect,1.3936
meta,16,dev_0711,yes,NO. Musician's Friend and Guitar Center are two different companies that specialize,no,no,Incorrect,1.5497
meta,16,dev_0718,yes,No.,no,no,Incorrect,0.8874
meta,16,dev_0724,no,No.,no,no,Correct,0.887
meta,16,dev_0731,no,NO.,no,no,Correct,0.8869
meta,16,dev_0737,no,NO.,no,no,Correct,0.8872000000000001
meta,16,dev_0754,yes,"No, ""World at War"" is not part of the ""Black Ops""",no,no,Incorrect,1.5495999999999999
meta,16,dev_0759,no,"No, North and South Korea do not speak the same language. North Korea primarily",no,no,Correct,1.5511
meta,16,dev_0764,yes,"No, sampling error and standard deviation are not the same thing.",no,no,Incorrect,1.5475999999999999
meta,16,dev_0782,yes,No.,no,no,Incorrect,0.8867999999999999
meta,16,dev_0817,no,No.,no,no,Correct,0.8877
meta,16,dev_0829,no,No.,no,no,Correct,0.8889
meta,16,dev_0832,no,No.,no,no,Correct,0.8871
meta,16,dev_0837,yes,"No, universal healthcare and socialized medicine are not the same. Universal healthcare refers",no,no,Incorrect,1.5469000000000002
meta,16,dev_0853,no,"No, a Girl Scout cannot be an Eagle Scout. Eagle Scouts are members of",no,no,Correct,1.5471
meta,16,dev_0854,no,No.,no,no,Correct,0.8864
meta,16,dev_0862,no,"No, you do not have to say ""check"" in chess. The term",no,no,Correct,1.5478
meta,16,dev_0871,yes,No.,no,no,Incorrect,0.8864
meta,16,dev_0916,yes,"No, the Ryman and Grand Ole Opry are not the same thing.",no,no,Incorrect,1.5484
meta,16,dev_0922,yes,No.,no,no,Incorrect,0.8874
meta,16,dev_0933,no,No.,no,no,Correct,0.8869
meta,16,dev_0934,yes,No.,no,no,Incorrect,0.8886000000000001
meta,16,dev_0940,yes,"No, you cannot use a passport card to fly domestically. The passport card",no,no,Incorrect,2.8923
meta,16,dev_0944,no,"No, Greece and Rome were not around at the same time. Rome was founded",no,no,Correct,1.5471
meta,16,dev_0952,yes,"No, Merrill Lynch and Bank of America are not the same. Merrill Lynch is",no,no,Incorrect,1.5478
meta,16,dev_0958,yes,No.,no,no,Incorrect,0.8886000000000001
meta,16,dev_0981,no,"No, pyruvic acid and pyruvate are not the same thing",no,no,Correct,1.5482
meta,16,dev_0991,yes,"No, you do not need a license to watch TV in England. However,",no,no,Incorrect,1.5477
meta,16,dev_0994,yes,"No, you cannot use a white background as a green screen. A green screen",no,no,Incorrect,1.5488
meta,16,dev_0996,no,"No, there is no town called Radiator Springs on Route 66.",no,no,Correct,1.5500999999999998
meta,16,dev_1006,no,"No, you do not have to be literate to vote. However, you",no,no,Correct,1.5468
meta,16,dev_1011,no,"No, the World Cup trophy does not have a name. It is commonly referred",no,no,Correct,1.5480999999999998
meta,16,dev_1022,yes,"No, enterprise value and firm value are not the same. Enterprise value is the",no,no,Incorrect,1.5483
meta,16,dev_1049,no,"No, a red panda is not related to a panda. While they",no,no,Correct,1.5486
meta,16,dev_1062,yes,"No, a wheel and axle is not a lever. A lever is a simple",no,no,Incorrect,1.5473
meta,16,dev_1075,yes,"No, all NHL ice rinks are not the same size. The size of",no,no,Incorrect,1.5488
meta,16,dev_1102,no,"NO. The terms ""sweating"" and ""perspiring"" are often",no,no,Correct,1.5483
meta,16,dev_1110,yes,"No, there are not only two rounds in the NBA draft. The NBA draft",no,no,Incorrect,1.5484
meta,16,dev_1112,no,"No, nuclear power and nuclear energy are not the same thing. Nuclear power refers",no,no,Correct,1.5472000000000001
meta,16,dev_1113,yes,"No, a ball python (Python regius) and a royal python (Python",no,no,Incorrect,2.8945
meta,16,dev_1121,no,No.,no,no,Correct,0.886
meta,16,dev_1133,no,"No, The Crew 2 does not have a storyline.",no,no,Correct,1.3956
meta,16,dev_1138,yes,"No, anaerobic respiration does not have an electron transport chain.",no,no,Incorrect,1.4969000000000001
meta,16,dev_1146,yes,No.,no,no,Incorrect,0.8882000000000001
meta,16,dev_1155,yes,"No, GMC Sierra and Chevy Silverado are not the same. They are both",no,no,Incorrect,1.5478
meta,16,dev_1175,no,"Yes, Michigan was a state during the Civil War. It became the 2",yes,yes,Incorrect,2.8897
meta,16,dev_1178,no,"No, no Major League Baseball team has ever gone undefeated.",no,no,Correct,1.4456
meta,16,dev_1183,yes,No. Pork loin ribs and baby back ribs are not the same. Pork,no,no,Incorrect,1.5462
meta,16,dev_1196,no,No. A person cannot have dual citizenship in India. According to the Indian Citizens,no,no,Correct,1.5477
meta,16,dev_1204,yes,"No, the Eye of Agamotto is not the Time Stone. The Time",no,no,Incorrect,1.5488
meta,16,dev_1205,no,NO,no,no,Correct,0.8352999999999999
meta,16,dev_1209,yes,NO,no,no,Incorrect,2.179
meta,16,dev_1227,no,"No, 1 is not a prime factor of every number. For example,",no,no,Correct,1.5469000000000002
meta,16,dev_1229,no,"No, the fruit orange is not named after the color. The name ""orange",no,no,Correct,1.5465
meta,16,dev_1230,yes,"No, a double eagle is not the same as an albatross. A",no,no,Incorrect,1.5472000000000001
meta,16,dev_1235,no,No.,no,no,Correct,0.8876000000000001
meta,16,dev_1239,yes,No.,no,no,Incorrect,0.8884
meta,16,dev_1241,no,"No, there is no main-group element in period 6.",no,no,Correct,2.8407
meta,16,dev_1250,yes,No.,no,no,Incorrect,0.8879
meta,16,dev_1256,yes,No.,no,no,Incorrect,0.8866
meta,16,dev_1261,no,"Yes, there is a state income tax in Louisiana.",yes,yes,Incorrect,1.3445
meta,16,dev_1267,no,No.,no,no,Correct,0.888
meta,16,dev_1271,no,No.,no,no,Correct,0.8861
meta,16,dev_1283,yes,"No, lock nuts and stop nuts are not the same. Lock nuts are used",no,no,Incorrect,2.8903000000000003
meta,16,dev_1285,no,"No, a woman has never won the Indianapolis 500.",no,no,Correct,1.4967000000000001
meta,16,dev_1286,no,"Yes, there is a difference between lightning bugs and fireflies. Lightning bugs are",yes,yes,Incorrect,1.5487
meta,16,dev_1294,yes,No.,no,no,Incorrect,0.8881
meta,16,dev_1296,yes,NO.,no,no,Incorrect,0.8877999999999999
meta,16,dev_1303,no,"No, you do not have to touch the ball to be offside in soccer",no,no,Correct,1.5497
meta,16,dev_1307,yes,"No, I cannot score directly from a kickoff in football.",no,no,Incorrect,2.7895
meta,16,dev_1311,yes,No. The crankshaft pulley and the harmonic balancer are not the,no,no,Incorrect,1.5482
meta,16,dev_1316,yes,"No, the arch in St. Louis is not a national park. It is",no,no,Incorrect,1.5475999999999999
meta,16,dev_1317,no,No.,no,no,Correct,0.8883
meta,16,dev_1333,yes,"No, a Dame is not the same as a Knight. A Dame is a",no,no,Incorrect,1.5468
meta,16,dev_1336,yes,"No, I don't know.",no,no,Incorrect,1.1929
meta,16,dev_1345,no,"No, there is no difference between a confidentiality agreement and a non-disclosure",no,no,Correct,2.8968000000000003
meta,16,dev_1359,no,"No, I cannot give myself an assist in basketball. In basketball, an assist",no,no,Correct,1.5500999999999998
meta,16,dev_1370,yes,"No, A-2-3-4-5 is not a straight.",no,no,Incorrect,1.5485
meta,16,dev_1371,no,Yes.,yes,yes,Incorrect,0.8881
meta,16,dev_1372,yes,"No, a kilowatt-hour is not a unit of power. It",no,no,Incorrect,1.5479
meta,16,dev_1382,no,"No, a catcher cannot block home plate without the ball. In baseball, home",no,no,Correct,1.5502
meta,16,dev_1406,no,"No. The Postmaster General is appointed by the President of the United States,",no,no,Correct,1.5486
meta,16,dev_1408,yes,NO.,no,no,Incorrect,0.8872000000000001
meta,16,dev_1413,yes,"No, Brazil has never won the World Cup in Europe. The World Cup is",no,no,Incorrect,1.5479
meta,16,dev_1419,yes,"No, there is no Las Vegas in New Mexico.",no,no,Incorrect,1.3453
meta,16,dev_1420,yes,"No, 4x4 refers to a vehicle's drivetrain,",no,no,Incorrect,1.5484
meta,16,dev_1423,no,"No, ""Take Me Home, Country Roads"" is not about Virginia. The",no,no,Correct,1.5484
meta,16,dev_1424,no,No.,no,no,Correct,0.8874
meta,16,dev_1436,no,No.,no,no,Correct,0.8876000000000001
meta,16,dev_1438,yes,No.,no,no,Incorrect,0.8883
meta,16,dev_1452,no,"No, a neurotransmitter cannot be both excitatory and inhibitory.",no,no,Correct,1.5493
meta,16,dev_1455,yes,"NO. The abdomen is the area that contains the stomach, while the stomach is",no,no,Incorrect,1.5483
meta,16,dev_1464,no,Yes.,yes,yes,Incorrect,0.8865
meta,16,dev_1467,yes,"No, a grade D at A-level is not considered a pass. Gr",no,no,Incorrect,1.549
meta,16,dev_1473,yes,NO.,no,no,Incorrect,0.8857
meta,16,dev_1489,yes,"No, not all the songs in Mamma Mia! Here We Go Again are by",no,no,Incorrect,1.5483
meta,16,dev_1498,yes,"No. The Nobel Peace Prize is awarded annually, but the actual ceremony is held",no,no,Incorrect,1.5480999999999998
meta,16,dev_1508,no,"Yes, I confirm that I will start my final reply with either ""YES"",",yes,yes,Incorrect,1.5488
meta,16,dev_1515,no,No.,no,no,Correct,0.8884
meta,16,dev_1517,yes,NO. You should not use hydraulic fluid as brake fluid. Brake fluid is specifically,no,no,Incorrect,1.5474
meta,16,dev_1528,yes,"No, a J.D. (Juris Doctor) is not the same",no,no,Incorrect,1.5495
meta,16,dev_1533,no,Yes.,yes,yes,Incorrect,0.8883
meta,16,dev_1534,no,NO. A baseball player cannot legally catch a ball in the stands because they are,no,no,Correct,1.5495999999999999
meta,16,dev_1546,yes,"No, I don't know.",no,no,Incorrect,1.1925
meta,16,dev_1552,yes,No. The poly(A) tail is added to mRNA molecules after translation has,no,no,Incorrect,1.5502
meta,16,dev_1557,no,No.,no,no,Correct,0.8879
meta,16,dev_1563,no,Yes.,yes,yes,Incorrect,0.8886000000000001
meta,16,dev_1627,no,NO.,no,no,Correct,0.8879
meta,16,dev_1632,yes,No.,no,no,Incorrect,0.8876000000000001
meta,16,dev_1650,yes,"NO. It is not illegal to take a stop sign in most cases, as",no,no,Incorrect,1.5462
meta,16,dev_1655,no,"No, there is no difference between soy and soya sauce. Soy sauce is",no,no,Correct,1.5471
meta,16,dev_1658,yes,"No, I don't know.",no,no,Incorrect,1.1915
meta,16,dev_1659,yes,Yes.,yes,yes,Correct,0.8877999999999999
meta,16,dev_1673,yes,"No, a grizzly bear cannot mate with a polar bear. They are two",no,no,Incorrect,1.5486
meta,16,dev_1680,no,I don't know.,i,idk,IDK,1.0896
meta,16,dev_1687,no,Yes.,yes,yes,Incorrect,0.8879
meta,16,dev_1698,no,No.,no,no,Correct,0.8883
meta,16,dev_1707,yes,NO. A PLC (Public Limited Company) and a limited company are similar in,no,no,Incorrect,1.5479
meta,16,dev_1727,yes,NO,no,no,Incorrect,0.8352999999999999
meta,16,dev_1736,no,No.,no,no,Correct,0.887
meta,16,dev_1737,yes,"No, I don't know.",no,no,Incorrect,1.193
meta,16,dev_1740,yes,"No, there is no spongy bone in the medullary cavity.",no,no,Incorrect,1.5491
meta,16,dev_1743,no,I don't know.,i,idk,IDK,1.0906
meta,16,dev_1749,yes,"No, Delhi University and the University of Delhi are not the same. Delhi University",no,no,Incorrect,1.5493
meta,16,dev_1750,no,"No, fighting words are not protected under freedom of speech. The Supreme Court has",no,no,Correct,1.5477
meta,16,dev_1757,yes,No.,no,no,Incorrect,0.8876000000000001
meta,16,dev_1763,yes,No. The House of Representatives and Congress are not the same. The House of,no,no,Incorrect,1.549
meta,16,dev_1775,no,"No. The NBA playoffs are played in a best-of-seven format,",no,no,Correct,1.548
meta,16,dev_1789,no,No.,no,no,Correct,0.8876000000000001
meta,16,dev_1806,no,"No, the U.S. does not issue $1,000",no,no,Correct,1.5493
meta,16,dev_1814,no,"No, none of the North American area codes start with the digit 1.",no,no,Correct,1.5483
meta,16,dev_1823,yes,"No, the MLB All-Star Game does not determine World Series home-field",no,no,Incorrect,1.5484
meta,16,dev_1832,no,"No, there is not a real town called Garrison in Colorado. Garrison is the",no,no,Correct,1.5477
meta,16,dev_1849,yes,"No, in a RACI chart, one person cannot be both Responsible and Account",no,no,Incorrect,1.5487
meta,16,dev_1851,no,Yes.,yes,yes,Incorrect,0.8876000000000001
meta,16,dev_1857,no,"No, cows do not need to give birth in order to produce milk. Milk",no,no,Correct,1.5487
meta,16,dev_1895,yes,"No, the empty set is not an element of itself. The empty set is",no,no,Incorrect,1.5503
meta,16,dev_1906,no,"No, college football players do not have to enter the NFL Draft to play professionally",no,no,Correct,1.5497
meta,16,dev_1916,yes,Yes.,yes,yes,Correct,0.8917999999999999
meta,16,dev_1919,yes,No.,no,no,Incorrect,0.8863
meta,16,dev_1924,yes,"No, a car's serial number is not the same as its VIN (",no,no,Incorrect,1.5495
meta,16,dev_1938,no,NO,no,no,Correct,0.8367
meta,16,dev_1948,yes,No. A chicken and a rooster are not the same thing. A chicken,no,no,Incorrect,1.5487
meta,16,dev_1950,no,NO.,no,no,Correct,0.8887999999999999
meta,16,dev_1960,no,No. The Republic of the Congo and the Democratic Republic of the Congo are two,no,no,Correct,1.5493
meta,16,dev_1977,no,"NO. According to the U.S. Constitution, the President of the United",no,no,Correct,1.5482
meta,16,dev_1995,yes,No. Winning the FA Cup does not automatically qualify a team for Europe. However,no,no,Incorrect,1.5491
meta,16,dev_1997,yes,"No. The Alphabet Song and Twinkle, Twinkle, Little Star are two",no,no,Incorrect,1.5500999999999998
meta,16,dev_2009,no,NO,no,no,Correct,0.8362999999999999
meta,16,dev_2032,yes,NO. Flies do not lay eggs in,no,no,Incorrect,1.549
meta,16,dev_2045,yes,NO. A Supreme Court justice is not allowed to run for President. According to,no,no,Incorrect,1.5486
meta,16,dev_2053,no,"No, you do not have to be serving to score in tennis. Players can",no,no,Correct,1.5463
meta,16,dev_2061,no,"No, you cannot choose who is listed as your next of kin. This information",no,no,Correct,1.5503
meta,16,dev_2065,yes,"No, ""RealFeel"" is not the same as the heat index. """,no,no,Incorrect,1.5486
meta,16,dev_2068,yes,No.,no,no,Incorrect,0.8875
meta,16,dev_2078,no,"No, black cumin seed and black seed are not the same thing. Black",no,no,Correct,1.5485
meta,16,dev_2079,yes,No.,no,no,Incorrect,0.8893
meta,16,dev_2088,no,"No. English is one of the two official languages of the United States, along",no,no,Correct,1.5493
meta,16,dev_2091,no,"Yes, the home team can win by two runs in extra innings. In extra",yes,yes,Incorrect,2.8913
meta,16,dev_2094,no,"Yes, there is an airport in Fort Walton Beach, Florida. The airport is",yes,yes,Incorrect,1.5482
meta,16,dev_2095,yes,NO,no,no,Incorrect,0.8362999999999999
meta,16,dev_2139,no,NO.,no,no,Correct,0.8886000000000001
meta,16,dev_2166,yes,"No, staring at a bright light cannot cause blindness. While it is true that",no,no,Incorrect,1.5489000000000002
meta,16,dev_2184,no,"Yes, the U.S. has military bases in Saudi Arabia.",yes,yes,Incorrect,1.4966
meta,16,dev_2187,yes,"No, I cannot jump while taking a free throw.",no,no,Incorrect,2.6877
meta,16,dev_2192,no,NO,no,no,Correct,0.8356
meta,16,dev_2196,no,Yes.,yes,yes,Incorrect,0.8872000000000001
meta,16,dev_2199,yes,No.,no,no,Incorrect,0.8876000000000001
meta,16,dev_2204,yes,"No, you cannot pick someone up by their hair. Picking someone up by",no,no,Incorrect,1.5494
meta,16,dev_2220,no,No.,no,no,Correct,0.8882000000000001
meta,16,dev_2224,no,"No, there is not such a thing as a blue ruby. Rubies are",no,no,Correct,1.5474
meta,16,dev_2232,no,"Yes, there is a Roman Catholic cathedral in Dublin. The cathedral is called St",yes,yes,Incorrect,1.5477
meta,16,dev_2234,no,Yes.,yes,yes,Incorrect,0.8883
meta,16,dev_2237,no,No.,no,no,Correct,0.8869
meta,16,dev_2247,yes,"No, I cannot go into a liquor store under 21 in New Jersey",no,no,Incorrect,1.5513
meta,16,dev_2248,yes,"No, pixel density and resolution are not the same thing. Pixel density refers to",no,no,Incorrect,1.549
meta,16,dev_2266,no,No.,no,no,Correct,0.8922
meta,16,dev_2275,yes,I don't know.,i,idk,IDK,1.0909
meta,16,dev_2295,yes,"No, it is not possible to have a unanimous vote with an abstention.",no,no,Incorrect,1.5480999999999998
meta,16,dev_2304,yes,No.,no,no,Incorrect,0.8863
meta,16,dev_2306,yes,"No, I cannot keep doubling my bet on roulette. In roulette, players can",no,no,Incorrect,1.5471
meta,16,dev_2310,no,No.,no,no,Correct,0.8876000000000001
meta,16,dev_2315,yes,"No, centripetal and centrifugal forces are not an action-reaction pair.",no,no,Incorrect,1.55
meta,16,dev_2323,no,"No, the film Tully is not based on a book. It is a",no,no,Correct,1.5491
meta,16,dev_2328,no,"No, there is not such a thing as Corinthian leather.",no,no,Correct,1.4467999999999999
meta,16,dev_2350,no,"No, Little House on the Prairie is a historical fiction series of novels written by",no,no,Correct,1.5472000000000001
meta,16,dev_2382,yes,NO.,no,no,Incorrect,0.8875
meta,16,dev_2387,yes,"No, Northern Ireland does not have a World Cup team.",no,no,Incorrect,1.3962999999999999
meta,16,dev_2388,no,"I'm sorry, but I cannot answer that question. As an AI language",i,other,NC,2.8918000000000004
meta,16,dev_2396,yes,"No, semolina flour and Cream of Wheat are not the same. Semolina",no,no,Incorrect,1.5475999999999999
meta,16,dev_2408,yes,NO. Employment termination and being fired are similar but not the same. Employment termination,no,no,Incorrect,1.5474
meta,16,dev_2413,no,"No, the movie Stalingrad is not based on a true story. It",no,no,Correct,1.5486
meta,16,dev_2428,yes,No.,no,no,Incorrect,0.8864
meta,16,dev_2433,no,"I'm sorry, but I am not able to answer that question. I",i,other,NC,1.5475999999999999
meta,16,dev_2434,no,"Yes, the national anthem of Spain has words. The name of the anthem is",yes,yes,Incorrect,1.5479
meta,16,dev_2447,no,"No, a wild card team cannot have home field advantage in MLB playoffs.",no,no,Correct,1.5475999999999999
meta,16,dev_2473,yes,"No, Pokémon Gold, Silver, and Crystal are not the same.",no,no,Incorrect,1.5480999999999998
meta,16,dev_2479,no,No.,no,no,Correct,0.8876000000000001
meta,16,dev_2504,no,Yes.,yes,yes,Incorrect,0.8873
meta,16,dev_2532,yes,"No, a twin cannot be born inside the other. Twins are two separate individuals",no,no,Incorrect,1.5475999999999999
meta,16,dev_2537,no,"No, social studies and social science are not the same. Social studies is a",no,no,Correct,1.5475
meta,16,dev_2538,no,"No, the film War Room is not based on a true story. It is",no,no,Correct,1.5489000000000002
meta,16,dev_2547,yes,"No, you cannot use .224 bullets in a .223",no,no,Incorrect,1.5482
meta,16,dev_2548,no,"No, the queen bee does not die after she stings. While all bees",no,no,Correct,1.5475
meta,16,dev_2555,no,"No, lymphoma is not the same as lymph node cancer. Lymphoma",no,no,Correct,1.5489000000000002
meta,16,dev_2566,no,Yes.,yes,yes,Incorrect,0.8871
meta,16,dev_2572,no,No.,no,no,Correct,0.8871
meta,16,dev_2577,no,No.,no,no,Correct,0.8867
meta,16,dev_2605,yes,"No, .45 Colt and .45 Long Colt are not",no,no,Incorrect,1.5492000000000001
meta,16,dev_2614,yes,"No, Snow-on-the-Mountain and Bishop's weed are not",no,no,Incorrect,1.5499
meta,16,dev_2622,no,No. 7.62 NATO and .308 Win are different,no,no,Correct,1.5493
meta,16,dev_2634,yes,"No, there is no ball in hand in 8-ball.",no,no,Incorrect,1.4975999999999998
meta,16,dev_2643,no,"No, I don't capitalize elements of the periodic table.",no,no,Correct,1.4469
meta,16,dev_2655,yes,No.,no,no,Incorrect,0.8879
meta,16,dev_2656,yes,No. Right of abode refers to the permanent right to live and work in a,no,no,Incorrect,1.5466
meta,16,dev_2690,yes,NO. Parcelforce and Royal Mail are two separate companies that operate in the,no,no,Incorrect,1.5484
meta,16,dev_2719,no,"No, electrons do not flow in the same direction as current. In an electrical",no,no,Correct,1.5494
meta,16,dev_2727,no,NO.,no,no,Correct,0.8869
meta,16,dev_2750,yes,"No, cows do not need to get pregnant to give milk. They produce milk",no,no,Incorrect,1.5497999999999998
meta,16,dev_2757,yes,"No, there is no evidence of a Dodo in Alice in Wonderland.",no,no,Incorrect,1.5478
meta,16,dev_2770,yes,No. A 40-hour workweek is typically defined as 4,no,no,Incorrect,1.5495999999999999
meta,16,dev_2791,yes,"NO. The gut refers to the digestive system, which includes the stomach, small",no,no,Incorrect,1.5484
meta,16,dev_2813,yes,"No, the movie The Greatest Showman is not based on a true story.",no,no,Incorrect,1.5486
meta,16,dev_2821,yes,"No, I don't know.",no,no,Incorrect,2.5359000000000003
meta,16,dev_2832,yes,Yes.,yes,yes,Correct,0.888
meta,16,dev_2838,no,"No, The Prince of Tides is a work of fiction and is not based",no,no,Correct,1.5497
meta,16,dev_2853,no,No.,no,no,Correct,0.887
meta,16,dev_2870,no,No.,no,no,Correct,0.8879
meta,16,dev_2875,yes,"No, Aldi is not affiliated with Trader Joe's. Aldi is",no,no,Incorrect,1.5487
meta,16,dev_2880,no,"No, I don't know. The County Court Business Centre is not a",no,no,Correct,2.8915
meta,16,dev_2890,no,"No, non-permanent members of the Security Council do not have veto power.",no,no,Correct,1.5495
meta,16,dev_2901,yes,"No, VW, Audi, and Porsche are not the same company. They are",no,no,Incorrect,1.5493
meta,16,dev_2906,yes,"No, a fidelity bond and crime insurance are not the same thing. A fidelity",no,no,Incorrect,1.5485
meta,16,dev_2919,no,"No, the",no,no,Correct,1.5478
meta,16,dev_2931,yes,"No, I cannot drink under the age of 21.",no,no,Incorrect,1.4458
meta,16,dev_2933,no,No.,no,no,Correct,0.8877999999999999
meta,16,dev_2956,yes,"No, a .17 HMR is not bigger than a .22",no,no,Incorrect,1.5493
meta,16,dev_2959,no,No.,no,no,Correct,0.8876000000000001
meta,16,dev_2967,yes,"No, the sun does not ever shine from the north. The sun rises in",no,no,Incorrect,1.5471
meta,16,dev_2973,no,No.,no,no,Correct,0.888
meta,16,dev_2991,yes,"No, gamblers cannot acquire a statistical advantage over the house in casino games.",no,no,Incorrect,1.5488
meta,16,dev_3000,yes,No.,no,no,Incorrect,0.8863
meta,16,dev_3015,yes,No.,no,no,Incorrect,0.8876000000000001
meta,16,dev_3027,no,"No, a Schengen visa is not valid for travel to Ireland. Ireland",no,no,Correct,1.5482
meta,16,dev_3029,no,Yes.,yes,yes,Incorrect,0.8872000000000001
meta,16,dev_3035,no,Yes.,yes,yes,Incorrect,0.8887999999999999
meta,16,dev_3040,no,No.,no,no,Correct,0.8866
meta,16,dev_3073,no,NO. Top sirloin steak and sirloin steak are similar cuts of,no,no,Correct,2.885
meta,16,dev_3079,yes,No.,no,no,Incorrect,0.8886000000000001
meta,16,dev_3089,yes,"No, a peach is not part of the almond family. Peaches are a",no,no,Incorrect,1.5478
meta,16,dev_3105,yes,"No, a neutral wire should not be connected to ground. In a typical electrical",no,no,Incorrect,1.5483
meta,16,dev_3106,yes,"No, high-rise and high-waisted jeans are not the same.",no,no,Incorrect,1.5489000000000002
meta,16,dev_3107,yes,"No, I don't know.",no,no,Incorrect,1.1924000000000001
meta,16,dev_3122,no,NO.,no,no,Correct,2.2294
meta,16,dev_3143,no,No.,no,no,Correct,0.8887999999999999
meta,16,dev_3173,no,No.,no,no,Correct,0.8886000000000001
meta,16,dev_3183,no,Yes.,yes,yes,Incorrect,0.8876000000000001
meta,16,dev_3187,yes,No.,no,no,Incorrect,0.8883
meta,16,dev_3204,no,NO.,no,no,Correct,0.8882000000000001
meta,16,dev_3212,yes,No.,no,no,Incorrect,0.8881
meta,16,dev_3221,no,NO,no,no,Correct,0.8355
meta,16,dev_3231,yes,"No, the standard error is not the same as the standard deviation. The standard",no,no,Incorrect,1.5471
meta,16,dev_3232,yes,"No, corn starch and corn flour are not the same. Corn starch is a",no,no,Incorrect,1.5480999999999998
meta,16,dev_3238,yes,NO,no,no,Incorrect,0.8371000000000001
meta,16,dev_3239,yes,"No, the Conn Smythe Trophy has never been awarded to a player on the",no,no,Incorrect,1.5508
meta,16,dev_3241,yes,No.,no,no,Incorrect,0.8879
meta,16,dev_3242,yes,No. A Ruby and a Sapphire do not make a Garnet. A,no,no,Incorrect,1.5486
meta,16,dev_0031,yes,I don't know.,i,idk,IDK,1.0933
meta,16,dev_0148,yes,"No, Sméagol does not die in The Lord of the Rings.",no,no,Incorrect,1.5493
meta,16,dev_0178,yes,"No. ""Eye of the Tiger"" was written for the movie ""Rocky",no,no,Incorrect,1.5487
meta,16,dev_0410,yes,NO.,no,no,Incorrect,0.887
meta,16,dev_0419,yes,No.,no,no,Incorrect,0.8884
meta,16,dev_0448,yes,"No, Jefferson Airplane is not in the Rock and Roll Hall of Fame.",no,no,Incorrect,1.5488
meta,16,dev_0224,no,"No, the book ""The Outsiders"" is a work of fiction and",no,no,Correct,1.5493
meta,16,dev_0317,no,"No, you do not have to be born with perfect pitch. While some people",no,no,Correct,1.5477
meta,16,dev_0368,no,"No, The Color Purple is a work of fiction, not based on a true",no,no,Correct,1.5466
meta,16,dev_0507,no,"No, the girl does not die in Brain on Fire. The film follows the",no,no,Correct,1.5479
meta,16,dev_0603,no,"No. The Seven Ages of Man is a speech, not a sonnet.",no,no,Correct,1.5475999999999999
meta,16,dev_0938,no,"No, ""House of the Rising Sun"" is not about Vietnam. It is",no,no,Correct,1.548
meta,16,dev_0076,yes,"No, female ferrets do not die if they don't mate. However",no,no,Incorrect,1.5479
meta,16,dev_0459,yes,"No, it does not matter which DNA strand is transcribed during transcription. During",no,no,Incorrect,1.5472000000000001
meta,16,dev_0502,yes,"No, kingsnakes are not immune to rattlesnake venom. While",no,no,Incorrect,1.5495999999999999
meta,16,dev_0580,yes,"No, female and male blue jays do not look the same. Male blue",no,no,Incorrect,1.5500999999999998
meta,16,dev_1089,yes,NO.,no,no,Incorrect,0.8877
meta,16,dev_1153,yes,"No, melaleuca and tea tree are not the same thing. Melale",no,no,Incorrect,1.5484
meta,16,dev_1315,yes,No.,no,no,Incorrect,0.8887
meta,16,dev_1482,yes,"No, muscle fibers are not the same as muscle cells. Muscle fibers are the",no,no,Incorrect,1.5479
meta,16,dev_1568,yes,NO. A vulture and a buzzard are not the same. They are,no,no,Incorrect,1.5488
meta,16,dev_1968,yes,NO.,no,no,Incorrect,0.8865
meta,16,dev_2223,yes,"No, there is no type of jellyfish that lives forever. While some species",no,no,Incorrect,1.5475
meta,16,dev_2420,yes,"No, there is no bird called a rain crow.",no,no,Incorrect,1.3446
meta,16,dev_2882,yes,No.,no,no,Incorrect,0.8879
meta,16,dev_2899,yes,"No, Dalmatians do not get more spots as they grow. The spots",no,no,Incorrect,1.5488
meta,16,dev_2910,yes,"No, taro root is not the same as elephant ears. Taro root",no,no,Incorrect,1.5493
meta,16,dev_0713,no,"No, a cow does not have to be pregnant to lactate. Lactation",no,no,Correct,1.5478
meta,16,dev_0816,no,"No, the spinal cord and vertebral column are not the same length. The",no,no,Correct,1.5495
meta,16,dev_0911,no,"No, the ring finger does not connect directly to the heart. The ring finger",no,no,Correct,1.549
meta,16,dev_0997,no,"No, surgical spirit and rubbing alcohol are not the same thing. Surgical spirit,",no,no,Correct,1.5484
meta,16,dev_1258,no,NO.,no,no,Correct,0.8867
meta,16,dev_1422,no,NO,no,no,Correct,0.8371000000000001
meta,16,dev_2120,no,Yes.,yes,yes,Incorrect,0.8885
meta,16,dev_2353,no,"No, bees and hornets do not have the same venom. Bees produce a",no,no,Correct,1.5485
meta,16,dev_2441,no,"Yes, it is possible to have boy and girl identical twins. Identical twins",yes,yes,Incorrect,1.549
meta,16,dev_2087,no,"No, sperm whales are not currently on the endangered species list. However, they",no,no,Correct,1.5477
meta,16,dev_2215,no,No.,no,no,Correct,0.8883
meta,16,dev_2503,no,"No, a catbird is not the same as a mockingbird. Catbirds",no,no,Correct,1.5489000000000002
meta,16,dev_2652,no,"No, I don't know.",no,no,Correct,1.1930999999999998
meta,16,dev_2850,no,"No, there is not always a stinger in a bee sting. The st",no,no,Correct,1.5486
meta,16,dev_3062,no,"No, black and yellow garden spiders are not poisonous to",no,no,Correct,1.5474
meta,16,dev_0400,yes,"No. A profit and loss account is a financial statement that shows the revenue,",no,no,Incorrect,1.5497999999999998
meta,16,dev_0432,yes,No.,no,no,Incorrect,0.8875
meta,16,dev_0446,yes,"No, you do not need a membership for Bi-Mart. However, Bi",no,no,Incorrect,1.5471
meta,16,dev_0455,yes,No.,no,no,Incorrect,0.8877
meta,16,dev_0472,yes,"No, Toys R Us and Babies R Us are not the same company. Toys",no,no,Incorrect,1.5484
meta,16,dev_0524,yes,I don't know.,i,idk,IDK,1.0917999999999999
meta,16,dev_0767,yes,"No, the Canadian dollar has never been worth more than the American dollar.",no,no,Incorrect,1.5489000000000002
meta,16,dev_0875,yes,"No, there are not any thousand-dollar bills in circulation. The United States",no,no,Incorrect,1.5487
meta,16,dev_0950,yes,Yes.,yes,yes,Correct,0.8877
meta,16,dev_1023,yes,No.,no,no,Incorrect,0.8875
meta,16,dev_1171,yes,"No, money from Guernsey is not legal tender in the UK.",no,no,Incorrect,1.5485
meta,16,dev_1207,yes,No.,no,no,Incorrect,0.8877999999999999
meta,16,dev_1299,yes,"No, net earnings and net income are not the same. Net earnings refer to",no,no,Incorrect,1.5482
meta,16,dev_0157,no,"No, not all eyeglasses are made by the same company. There are",no,no,Correct,1.5482
meta,16,dev_0371,no,"No, National and Enterprise car rental are not the same company. National Car Rental",no,no,Correct,1.5487
meta,16,dev_0621,no,NO.,no,no,Correct,0.8894
meta,16,dev_0699,no,"No, Aldi is not the largest grocer in the world.",no,no,Correct,1.4475
meta,16,dev_0954,no,NO,no,no,Correct,0.835
meta,16,dev_1050,no,"No, White Castle is not only on the East Coast. The chain has locations",no,no,Correct,1.5462
meta,16,dev_1208,no,No.,no,no,Correct,0.8867999999999999
meta,16,dev_1257,no,"No, Home Bargains and Quality Save are not the same. Home Bargains",no,no,Correct,1.5488
meta,16,dev_1805,no,I don't know.,i,idk,IDK,1.0923
meta,16,dev_1876,no,I don't know.,i,idk,IDK,1.0905
meta,16,dev_2290,no,"No, GDP per capita and per capita income are not the same thing. GDP",no,no,Correct,1.5475
meta,16,dev_2444,no,No.,no,no,Correct,0.8884
meta,16,dev_0250,yes,"Yes, they celebrate Father's Day in the Netherlands. Father's Day",yes,yes,Correct,1.5493
meta,16,dev_0337,yes,No.,no,no,Incorrect,0.8874
meta,16,dev_0386,yes,"Yes, there is a red light district in Brussels.",yes,yes,Correct,1.3465
meta,16,dev_0591,yes,NO.,no,no,Incorrect,0.8872000000000001
meta,16,dev_0746,yes,No.,no,no,Incorrect,0.8869
meta,16,dev_0845,yes,"No, you do not have to break in new car engines. New car engines",no,no,Incorrect,1.5463
meta,16,dev_0855,yes,No.,no,no,Incorrect,0.8861
meta,16,dev_0915,yes,No.,no,no,Incorrect,0.8881
meta,16,dev_0945,yes,"No, thread seal tape and Teflon tape are not the same. Thread",no,no,Incorrect,1.5482
meta,16,dev_0021,no,No.,no,no,Correct,0.8877999999999999
meta,16,dev_0490,no,"No, I don't know.",no,no,Correct,1.1919000000000002
meta,16,dev_0581,no,"No, a peck is not the same as a bushel. A pe",no,no,Correct,1.5483
meta,16,dev_0631,no,I don't know.,i,idk,IDK,1.0908
meta,16,dev_0691,no,"No, you do not need a stamp if it says ""Freepost.""",no,no,Correct,1.5489000000000002
meta,16,dev_0783,no,NO.,no,no,Correct,0.8887
meta,16,dev_0787,no,NO.,no,no,Correct,0.8881
meta,16,dev_0825,no,I don't know.,i,idk,IDK,1.0907
meta,16,dev_0885,no,"No, UK citizens do not need a visa for Albania.",no,no,Correct,1.4472
meta,16,dev_0089,yes,"No, there is no movie with a 0% rating on Rotten Tomatoes.",no,no,Incorrect,1.5484
meta,16,dev_0095,yes,"No, Anne with an E is not filmed on Prince Edward Island (PEI",no,no,Incorrect,1.5467
meta,16,dev_0211,yes,"No, Murphy Brown did not have a baby on the show.",no,no,Incorrect,1.4444000000000001
meta,16,dev_0238,yes,NO.,no,no,Incorrect,0.888
meta,16,dev_0252,yes,Yes.,yes,yes,Correct,0.887
meta,16,dev_0256,yes,"No, the",no,no,Incorrect,1.5483
meta,16,dev_0266,yes,NO.,no,no,Incorrect,0.8869
meta,16,dev_0310,yes,"I don't know. As an AI language model, I am not involved",i,idk,IDK,1.5485
meta,16,dev_0359,yes,"No, I don't know.",no,no,Incorrect,1.1927
meta,16,dev_0422,yes,"No, Lucas and Peyton do not come back to One Tree Hill in the series",no,no,Incorrect,1.547
meta,16,dev_0040,no,No.,no,no,Correct,0.888
meta,16,dev_0080,no,No.,no,no,Correct,0.8875
meta,16,dev_0100,no,I don't know.,i,idk,IDK,1.0909
meta,16,dev_0240,no,No.,no,no,Correct,0.8889
meta,16,dev_0247,no,I don't know.,i,idk,IDK,1.0911
meta,16,dev_0260,no,"No, a real gorilla was not used in the movie ""Mighty Joe",no,no,Correct,1.5491
meta,16,dev_0277,no,Yes.,yes,yes,Incorrect,0.8874
meta,16,dev_0290,no,I don't know.,i,idk,IDK,1.0912
meta,16,dev_0303,no,No.,no,no,Correct,0.8887
meta,16,dev_0231,yes,NO,no,no,Incorrect,0.8347
meta,16,dev_0401,yes,"No, whole wheat rice is not the same as brown rice. Whole wheat rice",no,no,Incorrect,1.5477
meta,16,dev_0420,yes,"No, red velvet cake is not chocolate cake with red dye. Red velvet cake",no,no,Incorrect,1.5482
meta,16,dev_0571,yes,No.,no,no,Incorrect,0.8872000000000001
meta,16,dev_0583,yes,No.,no,no,Incorrect,0.8877
meta,16,dev_0765,yes,"No, salted duck eggs do not need to be cooked. They are typically cured",no,no,Incorrect,1.549
meta,16,dev_0778,yes,No.,no,no,Incorrect,0.8886000000000001
meta,16,dev_0815,yes,"No, Sprite does not have lemon and lime in it. It is a lemon",no,no,Incorrect,1.5472000000000001
meta,16,dev_0073,no,I don't know.,i,idk,IDK,1.0914000000000001
meta,16,dev_0491,no,"No, picante sauce and taco sauce are not the same thing. Pic",no,no,Correct,1.5483
meta,16,dev_0615,no,"No, rice noodles and glass noodles are not the same. Rice noodles are noodles",no,no,Correct,1.5475
meta,16,dev_0868,no,NO.,no,no,Correct,0.8869
meta,16,dev_0880,no,"No, Thousand Island and French dressing are not the same. Thousand Island dressing is",no,no,Correct,1.5479
meta,16,dev_0953,no,"No, Monster energy drinks do not have alcohol in them. They are a c",no,no,Correct,1.549
meta,16,dev_0985,no,"No, Long Island Iced Teas do not have tea in them.",no,no,Correct,1.5489000000000002
meta,16,dev_0136,yes,Yes.,yes,yes,Correct,0.8882000000000001
meta,16,dev_0367,yes,"No, Devil May Cry 5 is not set after Devil May Cry 2",no,no,Incorrect,1.5491
meta,16,dev_0618,yes,Yes.,yes,yes,Correct,0.8893
meta,16,dev_0720,yes,Yes.,yes,yes,Correct,0.8866
meta,16,dev_0770,yes,"No, not all the numbers on a roulette wheel add up to 66",no,no,Incorrect,1.5505
meta,16,dev_0835,yes,No.,no,no,Incorrect,0.8881
meta,16,dev_0896,yes,Yes.,yes,yes,Correct,0.8877999999999999
meta,16,dev_0434,no,NO,no,no,Correct,0.8366
meta,16,dev_0489,no,NO.,no,no,Correct,2.226
meta,16,dev_0852,no,"No, I cannot play Phase 10 with 7 players. The game",no,no,Correct,1.5492000000000001
meta,16,dev_0870,no,"No, a paladin does not have to be Lawful Good. Palad",no,no,Correct,1.5497
meta,16,dev_1148,no,NO,no,no,Correct,0.8369
meta,16,dev_2595,no,"No, ""A Way Out"" is not a single-player game. It",no,no,Correct,1.5475
meta,16,dev_0281,yes,No.,no,no,Incorrect,0.8867999999999999
meta,16,dev_0528,yes,No.,no,no,Incorrect,2.2321999999999997
meta,16,dev_0547,yes,No.,no,no,Incorrect,0.8882000000000001
meta,16,dev_0623,yes,No.,no,no,Incorrect,0.8884
meta,16,dev_0626,yes,NO.,no,no,Incorrect,0.887
meta,16,dev_0686,yes,NO. Edinburgh Castle is not built on top of a volcano. It is located,no,no,Incorrect,1.548
meta,16,dev_0822,yes,I don't know.,i,idk,IDK,1.0897999999999999
meta,16,dev_1210,yes,"No, there is no town under Caesar's Creek.",no,no,Incorrect,1.3945999999999998
meta,16,dev_0374,no,"No, San Pedro, Laguna is not part of Metro Manila. It is a",no,no,Correct,1.5492000000000001
meta,16,dev_0900,no,"No, Fort Walton Beach is a city in the state of Florida, while Dest",no,no,Correct,1.5484
meta,16,dev_0913,no,"Yes, there is a Porpoise Spit in Australia. It is a",yes,yes,Incorrect,1.5483
meta,16,dev_1234,no,No.,no,no,Correct,0.888
meta,16,dev_1360,no,No.,no,no,Correct,0.8869
meta,16,dev_1544,no,No.,no,no,Correct,0.8872000000000001
meta,16,dev_1588,no,"No, Lake George is not a man-made lake. It is a natural",no,no,Correct,1.5491
meta,16,dev_0344,yes,"No, you cannot build up an immunity to arsenic. Arsenic is",no,no,Incorrect,1.5486
meta,16,dev_0379,yes,I don't know.,i,idk,IDK,1.0893
meta,16,dev_0474,yes,I don't know.,i,idk,IDK,1.0888
meta,16,dev_0614,yes,NO.,no,no,Incorrect,0.8877
meta,16,dev_0655,yes,I don't know.,i,idk,IDK,1.0914000000000001
meta,16,dev_1195,yes,I don't know.,i,idk,IDK,1.0911
meta,16,dev_1197,yes,"No, an ectopic pregnancy cannot be carried to term. It is a medical",no,no,Incorrect,1.5492000000000001
meta,16,dev_1313,yes,"No, relative risk and risk ratio are not the same.",no,no,Incorrect,1.5475
meta,16,dev_1564,yes,"No, PCP and angel dust are not the same thing. PCP,",no,no,Incorrect,1.548
meta,16,dev_0078,no,"No, there is no right and left brachiocephalic artery.",no,no,Correct,1.5482
meta,16,dev_0166,no,No.,no,no,Correct,2.2325999999999997
meta,16,dev_0851,no,No.,no,no,Correct,0.8879
meta,16,dev_0861,no,"No, a junctional rhythm does not have a P wave.",no,no,Correct,1.4454
meta,16,dev_0872,no,"No, a first-degree burn is not worse than a third-degree burn",no,no,Correct,1.5484
meta,16,dev_1554,no,No.,no,no,Correct,0.8882000000000001
meta,16,dev_1719,no,NO. Extended release and sustained release are similar but not the same. Extended release,no,no,Correct,1.5474
meta,16,dev_1991,no,"No, the ring finger is not connected to the heart. The ring finger is",no,no,Correct,2.893
meta,16,dev_2115,no,I don't know.,i,idk,IDK,1.0909
meta,16,dev_0105,yes,No.,no,no,Incorrect,0.8877999999999999
meta,16,dev_0125,yes,"No, there were no survivors of the Pompeii eruption. The eruption of Mount",no,no,Incorrect,1.5494
meta,16,dev_0191,yes,"No, there are no actual bodies in the Tomb of the Unknown Soldier. The",no,no,Incorrect,1.5468
meta,16,dev_1292,yes,No.,no,no,Incorrect,0.8871
meta,16,dev_1338,yes,"No, it did not rain oil during the Gulf War.",no,no,Incorrect,2.7438000000000002
meta,16,dev_0388,no,No.,no,no,Correct,0.8884
meta,16,dev_0703,no,I don't know.,i,idk,IDK,1.0911
meta,16,dev_0833,no,"No, no bodies were found from the Edmund Fitzgerald. The ship sank in a",no,no,Correct,1.5478
meta,16,dev_0874,no,"No, there has never been a confirmed escape from Alcatraz and the prisoner",no,no,Correct,1.5497999999999998
meta,16,dev_1651,no,No.,no,no,Correct,0.8859
meta,16,dev_0072,yes,"No, you do not need a PAL (Possessors' Accreditation",no,no,Incorrect,2.8928000000000003
meta,16,dev_0258,yes,"Yes, you can buy alcohol on Sunday in Wisconsin. However, there are some",yes,yes,Correct,1.5479
meta,16,dev_0286,yes,"No, an administrative law judge is not a real judge in the traditional sense.",no,no,Incorrect,1.5482
meta,16,dev_0348,yes,"No, I cannot own a skunk in the UK. In the UK,",no,no,Incorrect,1.5494
meta,16,dev_0467,yes,"No, a certification of birth is not the same as a birth certificate. A",no,no,Incorrect,1.5480999999999998
meta,16,dev_0515,yes,"I'm sorry, but I cannot answer that question. As an AI language",i,other,NC,1.5483
meta,16,dev_0562,yes,"Yes, Texas concealed carry is valid in New Mexico. However, it is important",yes,yes,Correct,1.5482
meta,16,dev_0636,yes,"I'm sorry, but I am not able to answer that question. As",i,other,NC,1.5491
meta,16,dev_0740,yes,"No, there is no specific time limit for ratification of an amendment to the",no,no,Incorrect,1.5483
meta,16,dev_0838,yes,No.,no,no,Incorrect,0.8874
meta,16,dev_0864,yes,No.,no,no,Incorrect,0.8876000000000001
meta,16,dev_0873,yes,No.,no,no,Incorrect,0.8879
meta,16,dev_0901,yes,No.,no,no,Incorrect,0.8877999999999999
meta,16,dev_0909,yes,I don't know. Can you please provide more context or information about what,i,idk,IDK,1.5472000000000001
meta,16,dev_1134,yes,No.,no,no,Incorrect,0.8877
meta,16,dev_0198,no,"No, I don't need a permit to carry a gun in New Hampshire",no,no,Correct,1.5497999999999998
meta,16,dev_0215,no,I don't know.,i,idk,IDK,1.0917000000000001
meta,16,dev_0223,no,NO. It is not illegal to record covers of songs in most cases. However,no,no,Correct,1.5492000000000001
meta,16,dev_0234,no,"I'm sorry, but I cannot answer that question. As an AI language",i,other,NC,1.5519
meta,16,dev_0272,no,NO.,no,no,Correct,0.8879
meta,16,dev_0453,no,"No, there are no states where it is legal to marry a sibling. Mar",no,no,Correct,1.5469000000000002
meta,16,dev_0499,no,"No, a Puerto Rican resident cannot vote for president. Puerto Rico is a",no,no,Correct,1.5484
meta,16,dev_0552,no,"I'm sorry, but I am not able to answer that question as it",i,other,NC,1.5489000000000002
meta,16,dev_0680,no,"No, there is no specific time limit on trade secrets. Trade secrets can be",no,no,Correct,1.5492000000000001
meta,16,dev_0738,no,I don't know.,i,idk,IDK,1.0925
meta,16,dev_0771,no,No.,no,no,Correct,0.8894
meta,16,dev_0888,no,"No, Supreme Court justices are appointed for life and are not removable by the",no,no,Correct,1.5480999999999998
meta,16,dev_1135,no,"No, a certified copy is not the same as an original in the UK.",no,no,Correct,1.5499
meta,16,dev_1188,no,"I'm sorry, but I am not able to answer that question. As",i,other,NC,1.5475999999999999
meta,16,dev_0339,yes,I don't know. The entry requirements for Canada are subject to change and,i,idk,IDK,1.5502
meta,16,dev_0357,yes,I don't know.,i,idk,IDK,1.0903
meta,16,dev_0498,yes,"No, the Florida Constitution does not have a minimum age for legislators.",no,no,Incorrect,1.4977
meta,16,dev_0620,yes,"No, I don't know.",no,no,Incorrect,1.1944000000000001
meta,16,dev_0878,yes,No. The national government and the federal government are not the same thing. The,no,no,Incorrect,1.5487
meta,16,dev_1864,yes,No.,no,no,Incorrect,0.8883
meta,16,dev_2080,yes,No.,no,no,Incorrect,0.8892
meta,16,dev_2395,yes,"No, the Governor-General does not have to sign all bills passed by federal",no,no,Incorrect,1.5495999999999999
meta,16,dev_2639,yes,"No, Canada is not part of the",no,no,Incorrect,1.5489000000000002
meta,16,dev_3155,yes,"No, I don't get overseas service bars for Korea.",no,no,Incorrect,1.4457
meta,16,dev_3209,yes,"No, attending the Naval Academy does not automatically make someone a member of the Navy",no,no,Incorrect,1.5468
meta,16,dev_0209,no,"No, Israel is not part of the European Economic Area (EEA).",no,no,Correct,1.5483
meta,16,dev_0273,no,"No, you do not have to pay both ways on the George Washington Bridge.",no,no,Correct,1.5485
meta,16,dev_0404,no,"No, Puerto Rico is not a protectorate of the US. It is a",no,no,Correct,1.5486
meta,16,dev_0567,no,"No, Romania is not part of the Visa Waiver Program.",no,no,Correct,1.4462000000000002
meta,16,dev_0675,no,I don't know.,i,idk,IDK,1.0908
meta,16,dev_1172,no,No.,no,no,Correct,0.8877
meta,16,dev_1275,no,No.,no,no,Correct,0.8867999999999999
meta,16,dev_1971,no,"No, Bosnia and Herzegovina is not part of the European Union.",no,no,Correct,1.5485
meta,16,dev_2001,no,No.,no,no,Correct,0.8872000000000001
meta,16,dev_3004,no,"No, I cannot buy my council house before 1979. Council",no,no,Correct,1.5485
meta,16,dev_3256,no,I don't know.,i,idk,IDK,1.09
meta,16,dev_1132,yes,"No, pink quartz and rose quartz are not the same. Pink quartz is a",no,no,Incorrect,1.5485
meta,16,dev_1233,yes,NO.,no,no,Incorrect,0.8876000000000001
meta,16,dev_1511,yes,"No, the heat index and ""RealFeel"" are not the same thing.",no,no,Incorrect,1.5492000000000001
meta,16,dev_1633,yes,"No, nail acetone and paint acetone are not the same. Nail acet",no,no,Incorrect,1.5492000000000001
meta,16,dev_2007,yes,No.,no,no,Incorrect,0.8885
meta,16,dev_2214,yes,"No, there is no such thing as dry water. Water is a liquid,",no,no,Incorrect,1.5475999999999999
meta,16,dev_2239,yes,NO.,no,no,Incorrect,0.8887
meta,16,dev_2299,yes,"No, it cannot rain if there are no clouds. Rain requires the presence of",no,no,Incorrect,1.5487
meta,16,dev_2303,yes,"No, all life does not require the same essential elements. Different forms of life",no,no,Incorrect,2.8907
meta,16,dev_2477,yes,No.,no,no,Incorrect,0.8872000000000001
meta,16,dev_2993,yes,"No, eidetic memory and photographic memory are not the same. Eid",no,no,Incorrect,1.5488
meta,16,dev_3126,yes,"No, there is not such a thing as an upside-down rainbow. A",no,no,Incorrect,1.5483
meta,16,dev_3188,yes,"NO. A turkey vulture and a buzzard are both birds of prey,",no,no,Incorrect,1.5505
meta,16,dev_3193,yes,"No, I don't know.",no,no,Incorrect,1.1918
meta,16,dev_3234,yes,"No, a rhombus and a diamond are not the same. A rh",no,no,Incorrect,2.892
meta,16,dev_3265,yes,No.,no,no,Incorrect,0.8894
meta,16,dev_0001,no,I don't know.,i,idk,IDK,1.0902
meta,16,dev_0579,no,"No, you cannot really hear the ocean in a seashell. Seashells",no,no,Correct,1.5483
meta,16,dev_1003,no,No.,no,no,Correct,0.8867999999999999
meta,16,dev_1483,no,No.,no,no,Correct,0.8881
meta,16,dev_1551,no,"No, Australia is not part of the Ring of Fire. The Ring of Fire",no,no,Correct,2.8913
meta,16,dev_1702,no,"No, a pterodactyl is not the same as a Pter",no,no,Correct,1.5500999999999998
meta,16,dev_1925,no,"No, percent difference and percent change are not the same thing.",no,no,Correct,1.5492000000000001
meta,16,dev_2025,no,No.,no,no,Correct,0.8874
meta,16,dev_2312,no,"No, turpentine and white spirit are not the same thing. Turpent",no,no,Correct,1.5487
meta,16,dev_2471,no,"No, there is no mechanical advantage for a fixed pulley.",no,no,Correct,1.4473
meta,16,dev_2521,no,"No, the t-distribution does not have a standard deviation of 1.",no,no,Correct,1.5488
meta,16,dev_2782,no,"No, the hydronium ion and the hydrogen ion are not the same.",no,no,Correct,1.5486
meta,16,dev_2812,no,"No, it is not saltier at the bottom of the ocean. The salt",no,no,Correct,1.5491
meta,16,dev_3014,no,No.,no,no,Correct,0.8877999999999999
meta,16,dev_3034,no,"No, hydraulic lime is not the same as hydrated lime. Hydrated lime is",no,no,Correct,1.5483
meta,16,dev_3159,no,"No, a chipmunk is not the same as a ground squirrel. Chip",no,no,Correct,1.5497
meta,16,dev_3190,no,"No, mahi-mahi is not the same as ahi tuna. Mah",no,no,Correct,1.5480999999999998
meta,16,dev_0682,yes,NO.,no,no,Incorrect,0.8881
meta,16,dev_0735,yes,No.,no,no,Incorrect,0.8895
meta,16,dev_1505,yes,No.,no,no,Incorrect,0.8877
meta,16,dev_1668,yes,No.,no,no,Incorrect,0.8885
meta,16,dev_2373,yes,"No, ""Lord of All Hopefulness"" is not a funeral hymn. It",no,no,Incorrect,1.5482
meta,16,dev_2793,yes,Yes.,yes,yes,Correct,0.8897999999999999
meta,16,dev_2929,yes,No.,no,no,Incorrect,0.888
meta,16,dev_0605,no,"No, you do not have to be a Mormon to go to BYU.",no,no,Correct,1.5494
meta,16,dev_0908,no,"No, the American College of Education is not accredited in New York.",no,no,Correct,1.4988
meta,16,dev_1388,no,"No, UCL (University College London) and the University of London are not",no,no,Correct,1.5485
meta,16,dev_1521,no,No.,no,no,Correct,0.8886000000000001
meta,16,dev_2334,no,"No, the Book of Jasher is not in the Bible. The Bible consists",no,no,Correct,1.5486
meta,16,dev_2641,no,"No, a double-barrel surname does not have to be hyphenated.",no,no,Correct,1.5503
meta,16,dev_0347,yes,No.,no,no,Incorrect,0.8886000000000001
meta,16,dev_0411,yes,No.,no,no,Incorrect,0.8881
meta,16,dev_0439,yes,"No, the Milwaukee Brewers have never made it to the World Series.",no,no,Incorrect,1.549
meta,16,dev_0452,yes,"No, I don't know.",no,no,Incorrect,1.1932
meta,16,dev_0585,yes,"No, I don't know.",no,no,Incorrect,1.1930999999999998
meta,16,dev_0656,yes,"No, I don't know.",no,no,Incorrect,1.1916
meta,16,dev_0661,yes,No.,no,no,Incorrect,0.8896000000000001
meta,16,dev_0701,yes,"No, the Kentucky Derby is not always the first weekend in May. The Kentucky",no,no,Incorrect,1.5505
meta,16,dev_0704,yes,Yes.,yes,yes,Correct,0.8892
meta,16,dev_0752,yes,No.,no,no,Incorrect,0.8877
meta,16,dev_0848,yes,"No, I cannot sign free agents outside the transfer window.",no,no,Incorrect,1.3956
meta,16,dev_0883,yes,"Yes, a team has come back from a 3-1 deficit in a",yes,yes,Correct,1.549
meta,16,dev_1143,yes,Yes.,yes,yes,Correct,0.8891
meta,16,dev_1305,yes,No. A school cannot be both Division I and Division II at the same time,no,no,Incorrect,1.5466
meta,16,dev_1497,yes,"No, I don't know.",no,no,Incorrect,1.1944000000000001
meta,16,dev_1777,yes,No.,no,no,Incorrect,0.8876000000000001
meta,16,dev_2250,yes,No.,no,no,Incorrect,0.8882000000000001
meta,16,dev_2370,yes,I don't know.,i,idk,IDK,1.0916
meta,16,dev_0083,no,"No, there is no tiebreaker in the final set at Wimbledon. The tradition",no,no,Correct,1.5487
meta,16,dev_0085,no,"No, Deion Sanders never won a World Series.",no,no,Correct,1.3447
meta,16,dev_0170,no,"No, the Czech Republic has never won the FIFA World Cup.",no,no,Correct,1.4457
meta,16,dev_0230,no,"No, I don't know.",no,no,Correct,1.1938
meta,16,dev_0412,no,I don't know.,i,idk,IDK,1.0897999999999999
meta,16,dev_0421,no,"No, penalty shoot-out goals do not count in the Golden Boot. The",no,no,Correct,1.5482
meta,16,dev_0447,no,"No, Panama has not qualified for the World Cup.",no,no,Correct,1.3446
meta,16,dev_0544,no,No.,no,no,Correct,0.8877
meta,16,dev_0565,no,"No, I don't know.",no,no,Correct,1.1938
meta,16,dev_0589,no,No.,no,no,Correct,0.8875
meta,16,dev_0593,no,"No, teams do not keep the FIFA World Cup trophy. The trophy is permanently",no,no,Correct,2.8952
meta,16,dev_0859,no,"No, the U.S. Open is not played on the same course every",no,no,Correct,1.5500999999999998
meta,16,dev_0865,no,"No, the San Jose Sharks have not won a Stanley Cup.",no,no,Correct,1.4458
meta,16,dev_1518,no,No.,no,no,Correct,0.8874
meta,16,dev_1768,no,"Yes, England has won the Women's World Cup.",yes,yes,Incorrect,1.3972
meta,16,dev_1779,no,"No, India did not qualify for the 2018 FIFA World Cup",no,no,Correct,1.55
meta,16,dev_1905,no,"No, I don't know.",no,no,Correct,1.1925999999999999
meta,16,dev_2156,no,Yes.,yes,yes,Incorrect,0.888
meta,16,dev_2158,no,"No, the Cincinnati Bengals have never won a Super Bowl.",no,no,Correct,1.4465999999999999
meta,16,dev_2798,no,"No, the Super Bowl loser does not get a ring. Only the team that",no,no,Correct,1.5482
meta,16,dev_3138,no,NO.,no,no,Correct,0.8875
meta,16,dev_0307,yes,No.,no,no,Incorrect,0.8876000000000001
meta,16,dev_0506,yes,No.,no,no,Incorrect,0.8871
meta,16,dev_0641,yes,I don't know.,i,idk,IDK,1.0904
meta,16,dev_0844,yes,"No, Bell and Telus do not use the same towers. Bell and Tel",no,no,Incorrect,1.5494
meta,16,dev_1032,yes,No.,no,no,Incorrect,0.8883
meta,16,dev_1574,yes,"No, there is no chip in Apple Lightning cables.",no,no,Incorrect,1.3437999999999999
meta,16,dev_1889,yes,NO. The Mazda Tribute and Ford Escape are not essentially the same vehicle. While,no,no,Incorrect,1.5479
meta,16,dev_2093,yes,"No, you cannot call the police without a SIM card. A SIM card is",no,no,Incorrect,1.5475999999999999
meta,16,dev_2213,yes,No.,no,no,Incorrect,0.8867
meta,16,dev_2735,yes,"No, pipelining cannot help to reduce the latency of a single task.",no,no,Incorrect,1.5487
meta,16,dev_2836,yes,"No, the F-4 Phantom is not currently in service.",no,no,Incorrect,1.445
meta,16,dev_0788,no,"No, MiniDV tapes and 8mm are not the same. MiniDV",no,no,Correct,1.5482
meta,16,dev_0798,no,"No, area code 669 is not a toll-free number.",no,no,Correct,1.5494
meta,16,dev_1249,no,"No, C++ strings do not need to be null-terminated. In",no,no,Correct,1.5477
meta,16,dev_1458,no,"No, powered speakers do not need an external amplifier. They are equipped with a",no,no,Correct,1.547
meta,16,dev_1584,no,"No, I don't know.",no,no,Correct,1.1934
meta,16,dev_1589,no,No. A SIM-free phone does not lock to a specific network. This,no,no,Correct,1.5477
meta,16,dev_1657,no,No.,no,no,Correct,0.8864
meta,16,dev_1691,no,"No, response time and input lag are not the same thing. Response time refers",no,no,Correct,1.5479
meta,16,dev_1943,no,"No, it does not cost money to join PlayStation Network.",no,no,Correct,1.3962
meta,16,dev_2682,no,"No, E-ZPass and EZ TAG are not the same. E-",no,no,Correct,1.5495999999999999
meta,16,dev_2712,no,"No, A23 batteries are not the same as N batteries. A2",no,no,Correct,1.5471
meta,16,dev_0427,no,"No, ""The Barber of Seville"" and ""Sweeney Todd""",no,no,Correct,1.5491
meta,16,dev_0531,no,"No, I don't know.",no,no,Correct,1.1935
meta,16,dev_1915,no,"No, The Hunchback of Notre-Dame is not based on a true",no,no,Correct,2.9124
meta,16,dev_1946,no,"No, Snake Eyes and Storm Shadow are not the same person. They are two",no,no,Correct,1.5494
meta,16,dev_2024,no,No.,no,no,Correct,0.888
meta,16,dev_2265,no,"No, G major and E minor are not the same. G major is a",no,no,Correct,1.5484
meta,16,dev_0004,yes,No.,no,no,Incorrect,0.8893
meta,16,dev_0241,yes,Yes.,yes,yes,Correct,0.8872000000000001
meta,16,dev_0326,yes,No.,no,no,Incorrect,0.888
meta,16,dev_0525,yes,"Yes, Queen had several number one hits throughout their career. Some of their most",yes,yes,Correct,1.5479
meta,16,dev_0577,yes,"No, Phil Collins and Peter Gabriel were not in Genesis at the same time.",no,no,Incorrect,1.5506
meta,16,dev_0799,yes,"No, as a computer program, I do not participate in the game show Je",no,no,Incorrect,1.5489000000000002
meta,16,dev_0142,no,"No, denatured alcohol and acetone are not the same thing. Den",no,no,Correct,1.5480999999999998
meta,16,dev_0494,no,No. While fitness is an important concept in biology that refers to an individual',no,no,Correct,1.5475
meta,16,dev_0527,no,"No, I don't know.",no,no,Correct,2.5315
meta,16,dev_0566,no,"No, all bacteria of a single species are not the exact same shape. B",no,no,Correct,1.5483
meta,16,dev_0648,no,"No, evergreen trees do not lose their leaves in the winter.",no,no,Correct,1.4463
meta,16,dev_0668,no,NO. Red-eared sliders are a type of turtle and cannot live in,no,no,Correct,1.5484
meta,16,dev_0749,no,Yes.,yes,yes,Incorrect,0.8871
meta,16,dev_0790,no,"No, great white sharks do not live at the bottom of the sea. They",no,no,Correct,1.5492000000000001
meta,16,dev_0867,no,"No, the same genotype does not always result in the same phenotype.",no,no,Correct,1.5480999999999998
meta,16,dev_0921,no,"NO, you cannot get eaten by a whale shark. Whale sharks are filter feed",no,no,Correct,1.5500999999999998
meta,16,dev_1088,no,NO.,no,no,Correct,0.8883
meta,16,dev_1329,no,I don't know.,i,idk,IDK,1.0925
meta,16,dev_1402,no,No. Tissue is composed of multiple types of cells that work together to perform,no,no,Correct,1.5475
meta,16,dev_1428,no,"No, I don't know.",no,no,Correct,1.1927
meta,16,dev_1439,no,"No, a groundhog and a mole are not the same thing. A ground",no,no,Correct,1.5489000000000002
meta,16,dev_0020,yes,"No, magnesium citrate does not contain citric acid. It contains magnesium and",no,no,Incorrect,1.5483
meta,16,dev_0027,yes,"No, penguins do not have feathers arising from the epidermis. Instead,",no,no,Incorrect,1.5469000000000002
meta,16,dev_0047,yes,"Yes, there is such a thing as a turkey vulture.",yes,yes,Correct,1.4467
meta,16,dev_0070,yes,Yes.,yes,yes,Correct,0.8884
meta,16,dev_0086,yes,Yes.,yes,yes,Correct,0.888
meta,16,dev_0121,yes,"No, St. Bernards and Bernese Mountain Dogs are not related. They",no,no,Incorrect,1.5525
meta,16,dev_0131,yes,No.,no,no,Incorrect,0.8867
meta,16,dev_0147,yes,NO. The navel is the physical protrusion on the abdomen where the umb,no,no,Incorrect,1.5482
meta,16,dev_0159,yes,"No, a tree cannot have more than one trunk. A tree typically has a",no,no,Incorrect,1.5475999999999999
meta,16,dev_0190,yes,"No, bees do not die if they lose their stinger. The stinger",no,no,Incorrect,1.5487
meta,16,dev_0195,yes,"No, alligators do not drown their prey and eat it later. Instead,",no,no,Incorrect,1.5485
meta,16,dev_0200,yes,No.,no,no,Incorrect,0.8887
meta,16,dev_0214,yes,Yes.,yes,yes,Correct,0.8877999999999999
meta,16,dev_0242,yes,"Yes, both male and female bighorn sheep have horns.",yes,yes,Correct,1.4478
meta,16,dev_0522,yes,"NO, a hornet can only sting you once. After stinging, the",no,no,Incorrect,1.5487
meta,16,dev_0033,no,"No, federal income tax and Social Security are not the same thing. Federal income",no,no,Correct,1.5478
meta,16,dev_0123,no,No. Public limited companies are a type of company that is publicly traded and has,no,no,Correct,1.5486
meta,16,dev_0501,no,"No, Comcast and Time Warner are not the same company. Comcast is an American",no,no,Correct,1.5483
meta,16,dev_0526,no,"No, Canadian dollars and American dollars are not the same. They are two different",no,no,Correct,1.549
meta,16,dev_1076,no,"No, not only commercial banks are subject to runs. Savings and loan associations,",no,no,Correct,1.5479
meta,16,dev_1213,no,NO. Discretionary income is the amount of money left after paying for necessities,no,no,Correct,1.5483
meta,16,dev_1654,no,No.,no,no,Correct,0.8875
meta,16,dev_1753,no,"No, Universal Music Group is not part of Universal Studios. They are two separate",no,no,Correct,2.8905
meta,16,dev_1825,no,"No, a bank sort code is not the same for everyone. It is a",no,no,Correct,1.5474
meta,16,dev_2911,no,"No, the United States does not have a fixed exchange rate. The US dollar",no,no,Correct,1.5491
meta,16,dev_2740,no,"No, the Better Business Bureau (BBB) is not part of the government",no,no,Correct,1.5495
meta,16,dev_2517,no,"No, the Bank of England is not a private company. It is a central",no,no,Correct,1.5458
meta,16,dev_1139,yes,"Yes, there are state income taxes in New Mexico.",yes,yes,Correct,1.3431
meta,16,dev_0002,yes,NO. House tax and property tax are not the same. House tax is a,no,no,Incorrect,1.5483
meta,16,dev_0773,yes,"No. A company cannot be public but not listed. To be considered public,",no,no,Incorrect,1.5486
meta,16,dev_1186,yes,Yes.,yes,yes,Correct,0.8875
meta,16,dev_1302,yes,"No, Dodge and Jeep are not made by the same company. Dodge is a",no,no,Incorrect,1.5478
meta,16,dev_1349,yes,"No, NPV does not account for the time value of money.",no,no,Incorrect,1.4972999999999999
meta,16,dev_1771,yes,No. A news release and a press release are not the same thing. A,no,no,Incorrect,1.5479
meta,16,dev_1804,yes,"Yes, a two-dollar bill does have monetary value. It is a form",yes,yes,Correct,1.5479
meta,16,dev_1873,yes,"No, Stop & Shop and Giant are not owned by the same parent company.",no,no,Incorrect,1.548
meta,16,dev_1963,yes,"No, there is no state sales tax in New Hampshire, but some cities and",no,no,Incorrect,1.5480999999999998
meta,16,dev_2582,yes,No.,no,no,Incorrect,0.8885
meta,16,dev_2598,yes,"No, Hellmann's and Best Foods are not the same company. Hell",no,no,Incorrect,1.5489000000000002
meta,16,dev_3158,yes,"Yes, there is a direct link between economic development and social development. Economic development",yes,yes,Correct,1.5487
meta,16,dev_0551,no,"No, an oz and a fl oz are not the same. An oz is",no,no,Correct,1.5486
meta,16,dev_1158,no,NO.,no,no,Correct,0.8877999999999999
meta,16,dev_1364,no,No.,no,no,Correct,0.8877999999999999
meta,16,dev_1807,no,No. 8.5×11 (US Letter) is slightly larger,no,no,Correct,1.5502
meta,16,dev_2542,no,"No, Father's Day is celebrated on the third Sunday in June.",no,no,Correct,1.5640999999999998
meta,16,dev_2562,no,NO.,no,no,Correct,0.888
meta,16,dev_3005,no,"No, an English Bull Terrier is not a Pit Bull. English Bull Ter",no,no,Correct,1.5474
meta,16,dev_3194,no,No.,no,no,Correct,0.8915
meta,16,dev_3195,no,NO. A boarding pass is a document or electronic ticket that confirms a passenger',no,no,Correct,1.5480999999999998
meta,16,dev_0013,yes,NO. It is not recommended to wash your hair with shower gel as it is,no,no,Incorrect,1.5483
meta,16,dev_0043,yes,"Yes, there is an interstate highway that goes coast-to-coast in the",yes,yes,Correct,1.5491
meta,16,dev_0052,yes,NO,no,no,Incorrect,0.8351000000000001
meta,16,dev_0091,yes,No.,no,no,Incorrect,0.8862000000000001
meta,16,dev_0116,yes,Yes.,yes,yes,Correct,0.8872000000000001
meta,16,dev_0288,yes,Yes.,yes,yes,Correct,0.8874
meta,16,dev_0555,yes,"No, ZIP code and postal code are not the same. ZIP code is a",no,no,Incorrect,1.5485
meta,16,dev_0627,yes,"No, being called ""Sir"" is typically a title of respect given to men",no,no,Incorrect,1.5478
meta,16,dev_0831,yes,NO. A U.S. passport card is not a valid form of ID,no,no,Incorrect,1.5478
meta,16,dev_0721,no,"No, Night of the Living Dead is not a true story. It is a",no,no,Correct,1.5468
meta,16,dev_0863,no,"No, The Closer and Major Crimes are not the same. The Cl",no,no,Correct,1.5475
meta,16,dev_1357,no,"No, The View and The Talk are not the same show. The View is",no,no,Correct,1.5486
meta,16,dev_1951,no,"No, the film The Bridge on the River Kwai is not based on a",no,no,Correct,1.5472000000000001
meta,16,dev_2131,no,NO. Nacho Varga is a character from the AMC television series Better,no,no,Correct,1.5483
meta,16,dev_2174,no,NO. Fear the Walking Dead and The Walking Dead are both television shows about a,no,no,Correct,2.8745
meta,16,dev_2252,no,"No, you do not have to be from America to be on America's",no,no,Correct,1.5500999999999998
meta,16,dev_2309,no,"No, Maleficent and the Evil Queen are not the same character. Mal",no,no,Correct,1.5486
meta,16,dev_2364,no,"No, The Outsiders is a movie based on a novel of the same",no,no,Correct,1.5483
meta,16,dev_3075,no,"No, Pulp Fiction is not based on a true story. It is a",no,no,Correct,1.5457
meta,16,dev_3205,no,"No, the movie ""Lady Bird"" is not about Lady Bird Johnson. It",no,no,Correct,1.5471
meta,16,dev_0015,yes,Yes.,yes,yes,Correct,0.8874
meta,16,dev_0153,yes,"Yes, there is a movie adaptation of The Handmaid's Tale. The",yes,yes,Correct,1.5479
meta,16,dev_0161,yes,"No, The Night of the Hunter is not a film noir.",no,no,Incorrect,1.4955
meta,16,dev_0306,yes,"No, Grey's Anatomy is not filmed at a real hospital. The medical",no,no,Incorrect,1.5467
meta,16,dev_0334,yes,No.,no,no,Incorrect,0.8862000000000001
meta,16,dev_0338,yes,Yes.,yes,yes,Correct,0.8874
meta,16,dev_0493,yes,"No, Love Child is not based on a true story. It is a fictional",no,no,Incorrect,1.5486
meta,16,dev_0520,yes,No.,no,no,Incorrect,0.8872000000000001
meta,16,dev_0212,no,"No, maple syrup does not come straight from the tree. It is produced by",no,no,Correct,1.5469000000000002
meta,16,dev_0309,no,"No, ground coriander and cumin are not the same thing. Ground cori",no,no,Correct,1.5478
meta,16,dev_0484,no,"No, salt water taffy does not have salt water in it. It",no,no,Correct,1.5474
meta,16,dev_0654,no,NO. Beef short ribs and spare ribs are not the same. Beef short ribs,no,no,Correct,1.5471
meta,16,dev_0973,no,"No, salt water taffy is not made with ocean water. It is",no,no,Correct,1.5474
meta,16,dev_1335,no,No.,no,no,Correct,0.8876000000000001
meta,16,dev_1443,no,No.,no,no,Correct,0.8882000000000001
meta,16,dev_0284,yes,"No, enameled cast iron does not leach iron into food. The enamel",no,no,Incorrect,1.5480999999999998
meta,16,dev_0330,yes,NO,no,no,Incorrect,0.8359
meta,16,dev_0443,yes,"No, powdered sugar and confectioners' sugar are not the same thing.",no,no,Incorrect,1.5495
meta,16,dev_0975,yes,No.,no,no,Incorrect,0.8889
meta,16,dev_1741,yes,Yes.,yes,yes,Correct,0.8867999999999999
meta,16,dev_1770,yes,Yes.,yes,yes,Correct,0.887
meta,16,dev_1860,no,NO. Pinot Noir and Pinot Gris are two different grape varieties. Pinot Noir is,no,no,Correct,1.547
meta,16,dev_1967,yes,No.,no,no,Incorrect,0.8865
meta,16,dev_0236,no,"No, in poker, straights require five consecutive cards of the same suit,",no,no,Correct,1.5484
meta,16,dev_0741,no,NO.,no,no,Correct,0.8872000000000001
meta,16,dev_1440,no,No.,no,no,Correct,0.8866
meta,16,dev_2062,no,"No, a queen cannot move like a knight. The primary difference between a queen",no,no,Correct,1.547
meta,16,dev_2109,no,"No, Call of Duty: World at War is not based on World War I",no,no,Correct,1.5464
meta,16,dev_2137,no,No.,no,no,Correct,0.8864
meta,16,dev_0478,yes,NO.,no,no,Incorrect,0.8867
meta,16,dev_0545,yes,No.,no,no,Incorrect,2.2119
meta,16,dev_1125,yes,NO.,no,no,Incorrect,0.8862000000000001
meta,16,dev_1137,yes,No.,no,no,Incorrect,0.8876000000000001
meta,16,dev_1162,yes,NO.,no,no,Incorrect,0.8873
meta,16,dev_1177,yes,Yes.,yes,yes,Correct,0.8873
meta,16,dev_1444,yes,NO,no,no,Incorrect,0.8349
meta,16,dev_0313,no,No. St. Kitts and Nevis is a sovereign state and a member,no,no,Correct,1.5546
meta,16,dev_0823,no,"No, the Ogallala Aquifer is not the largest in the world.",no,no,Correct,1.5488
meta,16,dev_0839,no,"No, West Virginia and Virginia are not the same state. West Virginia is a",no,no,Correct,1.548
meta,16,dev_1222,no,No.,no,no,Correct,0.8876000000000001
meta,16,dev_1254,no,"No, Sudan and South Sudan are not the same country. Sudan is a country",no,no,Correct,1.547
meta,16,dev_1269,no,"NO. The Mississippi River flows into the Gulf of Mexico, which is a body",no,no,Correct,1.5474
meta,16,dev_1334,no,"No, Patagonia is not a country in its own right. Patagon",no,no,Correct,2.9069000000000003
meta,16,dev_0184,yes,NO.,no,no,Incorrect,0.8867999999999999
meta,16,dev_0322,yes,No.,no,no,Incorrect,0.8859
meta,16,dev_0557,yes,"No, the water in the Amazon River is not fresh. It is classified as",no,no,Incorrect,1.5473
meta,16,dev_0573,yes,NO,no,no,Incorrect,0.8357
meta,16,dev_1179,yes,"No. Phoenix is in the Mountain Time Zone, while Denver is in the Mountain",no,no,Incorrect,1.5472000000000001
meta,16,dev_0619,yes,"Yes, the state of Texas is bigger than Germany. Texas has an area of",yes,yes,Correct,2.8962
meta,16,dev_0650,yes,Yes.,yes,yes,Correct,0.8872000000000001
meta,16,dev_0734,yes,NO.,no,no,Incorrect,0.8867999999999999
meta,16,dev_0061,no,"No, an EMT-Basic is not authorized to start an IV. Starting",no,no,Correct,1.5473
meta,16,dev_0124,no,No.,no,no,Correct,0.8857999999999999
meta,16,dev_0914,no,"No, stroke volume and ejection fraction are not the same. Stroke volume refers",no,no,Correct,1.5492000000000001
meta,16,dev_0955,no,"No, mycosis fungoides is not caused by a fungal infection",no,no,Correct,1.548
meta,16,dev_1610,no,"No, soft-tissue damage and a sprain are not the same thing",no,no,Correct,1.5482
meta,16,dev_1790,no,I don't know.,i,idk,IDK,1.0893
meta,16,dev_2096,no,No.,no,no,Correct,0.8867
meta,16,dev_2277,no,No. High dependency units (HDUs) and intensive care units (ICUs,no,no,Correct,1.5479
meta,16,dev_2499,no,"No, a Doctor of Physical Therapy (DPT) is not an MD.",no,no,Correct,1.5478
meta,16,dev_1959,yes,"No, normal body temperature does not vary significantly throughout the day. On average,",no,no,Incorrect,2.8898
meta,16,dev_1992,yes,"No, a person cannot transmit rabies to another person. Rabies is a",no,no,Incorrect,1.5473
meta,16,dev_2047,yes,Yes.,yes,yes,Correct,0.8872000000000001
meta,16,dev_1656,yes,"I'm sorry, but I cannot answer that question. As an AI language",i,other,NC,1.5472000000000001
meta,16,dev_1663,yes,"No, I confirm that I will not guess or make up answers. Instead,",no,no,Incorrect,1.5485
meta,16,dev_1752,yes,NO.,no,no,Incorrect,0.8877999999999999
meta,16,dev_2049,yes,NO.,no,no,Incorrect,2.2047
meta,16,dev_2050,yes,"Yes, drug tolerance can be caused by receptor upregulation and downregulation. When",yes,yes,Correct,1.5486
meta,16,dev_1442,yes,No.,no,no,Incorrect,0.888
meta,16,dev_0301,no,"No, the Berlin Wall and the Berlin Blockade were two separate events that occurred",no,no,Correct,1.5474
meta,16,dev_0480,no,"No, we no longer follow the Articles of Confederation. The United States switched",no,no,Correct,1.5468
meta,16,dev_1290,no,"No, Nova Scotia was not part of the 13 Colonies. The",no,no,Correct,1.5474
meta,16,dev_1819,no,"No, the Czech Republic and Czechoslovakia are not the same country. Czech",no,no,Correct,1.5468
meta,16,dev_2206,no,No. The Emancipation Proclamation was a presidential proclamation issued by Abraham Lincoln,no,no,Correct,1.5482
meta,16,dev_0376,yes,"No, William the Conqueror did not have a legitimate claim to the English throne",no,no,Incorrect,1.5502
meta,16,dev_0346,yes,"Yes, there were helicopters in the Second World War.",yes,yes,Correct,1.3451
meta,16,dev_0363,yes,Yes.,yes,yes,Correct,0.8874
meta,16,dev_0535,yes,No.,no,no,Incorrect,0.8867
meta,16,dev_0629,yes,Yes.,yes,yes,Correct,0.887
meta,16,dev_0179,no,No.,no,no,Correct,0.8875
meta,16,dev_0402,no,"No, I cannot have more than one wife in the UK. In the UK",no,no,Correct,1.5475999999999999
meta,16,dev_0513,no,"No, a purchase price alone is not considered to be proof of part performance in",no,no,Correct,1.549
meta,16,dev_0606,no,I don't know.,i,idk,IDK,1.091
meta,16,dev_0630,no,"No, ""under honorable conditions"" does not necessarily mean the same as an """,no,no,Correct,1.5487
meta,16,dev_0795,no,No.,no,no,Correct,0.8874
meta,16,dev_1457,no,"No, the Civil Rights Act is not part of the U.S. Constitution",no,no,Correct,1.5492000000000001
meta,16,dev_1776,no,No.,no,no,Correct,0.8871
meta,16,dev_1862,no,"No, the FCC's equal-time rule does not apply to newspapers.",no,no,Correct,1.5482
meta,16,dev_1911,no,No.,no,no,Correct,0.8882000000000001
meta,16,dev_2755,no,"No, I cannot be an attorney without taking the bar exam. The bar exam",no,no,Correct,1.549
meta,16,dev_2756,no,No.,no,no,Correct,0.8881
meta,16,dev_2921,no,"No, property tax and council tax are not the same. Property tax is a",no,no,Correct,1.5469000000000002
meta,16,dev_2972,no,"No, commercial law and corporate law are not the same. Commercial law refers to",no,no,Correct,1.5482
meta,16,dev_0009,yes,"Yes, you can drive in Canada with a US license. However, there are",yes,yes,Correct,1.5480999999999998
meta,16,dev_0038,yes,NO.,no,no,Incorrect,0.8873
meta,16,dev_0129,yes,NO.,no,no,Incorrect,0.8862000000000001
meta,16,dev_0202,yes,I don't know.,i,idk,IDK,1.0904
meta,16,dev_0308,yes,NO.,no,no,Incorrect,0.8867999999999999
meta,16,dev_0584,yes,Yes.,yes,yes,Correct,0.8887999999999999
meta,16,dev_0644,yes,"No, it is not a law that you have to pull over for an ambulance",no,no,Incorrect,1.5459
meta,16,dev_0653,yes,Yes.,yes,yes,Correct,0.8892
meta,16,dev_0671,yes,"Yes, the state of Kansas has the death penalty.",yes,yes,Correct,1.3447
meta,16,dev_0757,yes,NO. While it may be considered illegal or disrespectful to steal a street sign,no,no,Incorrect,2.8895999999999997
meta,16,dev_1059,yes,I don't know.,i,idk,IDK,1.0897999999999999
meta,16,dev_1067,yes,No.,no,no,Incorrect,0.887
meta,16,dev_1097,yes,"No, I don't have the right to remain silent in Canada. In",no,no,Incorrect,1.5478
meta,16,dev_1131,yes,No.,no,no,Incorrect,0.8871
meta,16,dev_1324,yes,NO.,no,no,Incorrect,0.8861
meta,16,dev_0305,no,"No, language is not the only criterion for classifying states in India. Other factors",no,no,Correct,2.9001
meta,16,dev_0465,no,"NO. The National Guard is a part of the United States military, but it",no,no,Correct,1.5473
meta,16,dev_0508,no,"No, an American president cannot run for three terms. According to the 2",no,no,Correct,1.5473
meta,16,dev_0518,no,No.,no,no,Correct,0.8889
meta,16,dev_0572,no,"No, a legislator is not the same as a senator. A legislator",no,no,Correct,1.548
meta,16,dev_0898,no,"No, I don't know. As an AI language model, I do",no,no,Correct,1.5497
meta,16,dev_1154,no,No.,no,no,Correct,2.2353
meta,16,dev_1221,no,"No, a filibuster cannot take place in the House. The filib",no,no,Correct,1.5483
meta,16,dev_1244,no,"No, Canada and Australia are not part of the UK. They are separate countries",no,no,Correct,1.5475
meta,16,dev_1245,no,"No, Turkey is not a member of the European Economic Area.",no,no,Correct,1.4458
meta,16,dev_1273,no,"No, Guam is not part of the U.S. Virgin Islands.",no,no,Correct,1.5487
meta,16,dev_0647,yes,Yes.,yes,yes,Correct,0.8859
meta,16,dev_0254,yes,"No. The Vice President is the President of the United States, but the President",no,no,Incorrect,1.5471
meta,16,dev_0486,yes,Yes.,yes,yes,Correct,0.8883
meta,16,dev_0736,yes,No.,no,no,Incorrect,0.8881
meta,16,dev_0814,yes,No.,no,no,Incorrect,0.8863
meta,16,dev_1477,yes,NO.,no,no,Incorrect,0.8885
meta,16,dev_1721,yes,"Yes, there are U.S. military bases in the UK. One example",yes,yes,Correct,1.5475999999999999
meta,16,dev_1786,yes,No.,no,no,Incorrect,2.2186999999999997
meta,16,dev_1970,yes,Yes.,yes,yes,Correct,0.8885
meta,16,dev_1985,yes,"No, a constitutional right to privacy does not exist in the United States. The",no,no,Incorrect,1.5479
meta,16,dev_2448,no,"No, Puerto Rico does not have the right to vote for the U.S",no,no,Correct,1.5480999999999998
meta,16,dev_0066,yes,No.,no,no,Incorrect,0.8872000000000001
meta,16,dev_0088,yes,NO. It is not possible to create mass from energy. According to the law,no,no,Incorrect,1.5474
meta,16,dev_0196,yes,No.,no,no,Incorrect,2.2303
meta,16,dev_0262,yes,Yes.,yes,yes,Correct,0.8872000000000001
meta,16,dev_0271,yes,"No, an outcome variable is not the same as a dependent variable. An outcome",no,no,Incorrect,1.5482
meta,16,dev_0329,yes,"No, the Sun does not orbit around the Milky Way. The Milky Way is",no,no,Incorrect,1.5475999999999999
meta,16,dev_0331,yes,Yes.,yes,yes,Correct,0.8872000000000001
meta,16,dev_0387,yes,"No, density does not depend on the type of material. It is a property",no,no,Incorrect,1.5480999999999998
meta,16,dev_0418,yes,"No, it is not possible to have thunder and lightning while snowing. Thunder",no,no,Incorrect,2.8891
meta,16,dev_0616,yes,"No, bicarb soda and baking soda are not the same. Bicarbon",no,no,Incorrect,1.5488
meta,16,dev_0638,yes,"No, I don't know.",no,no,Incorrect,1.1917
meta,16,dev_0657,yes,"No, yield stress and yield strength are not the same thing.",no,no,Incorrect,1.5480999999999998
meta,16,dev_0692,yes,"No, we cannot use a hydrometer to measure the density of milk. A",no,no,Incorrect,1.5482
meta,16,dev_0744,yes,"No, a polynomial cannot have a square root of a variable as its term.",no,no,Incorrect,1.5484
meta,16,dev_0797,yes,NO.,no,no,Incorrect,0.8875
meta,16,dev_0842,yes,"No, a diffraction effect is not seen in sound waves. Sound waves are disturbances",no,no,Incorrect,1.5477
meta,16,dev_1379,yes,"No, I don't know.",no,no,Incorrect,1.1914
meta,16,dev_0126,no,"No, it is not possible for a material object to travel faster than the speed",no,no,Correct,1.5471
meta,16,dev_0342,no,NO. The speed of sound is not constant for all materials. It varies depending,no,no,Correct,1.5475
meta,16,dev_0437,no,"No, there is not always a full moon on the summer solstice. The",no,no,Correct,1.5493
meta,16,dev_0553,no,No.,no,no,Correct,1.5475999999999999
meta,16,dev_0652,no,"No, the square root of 3 is an irrational number.",no,no,Correct,1.447
meta,16,dev_0708,no,"No, a negative number cannot be a perfect square. Perfect squares are numbers that",no,no,Correct,1.5478
meta,16,dev_1083,no,NO. Carbon-14 dating is a method used to determine the age of,no,no,Correct,1.5479
meta,16,dev_1142,no,I don't know.,i,idk,IDK,1.0900999999999998
meta,16,dev_1354,no,"No, I don't know.",no,no,Correct,1.1929
meta,16,dev_1460,no,"No, a single-subject research design is not suitable for all studies. It",no,no,Correct,1.5480999999999998
meta,16,dev_1468,no,"No, sodium lactate is not the same as lactic acid. Sodium lact",no,no,Correct,1.5483
meta,16,dev_1559,no,"No, log x is not the same as ln x. Log x refers to",no,no,Correct,1.5484
meta,16,dev_1595,no,No.,no,no,Correct,0.8876000000000001
meta,16,dev_1643,no,"No, static pressure is not the same as atmospheric pressure. Static pressure is the",no,no,Correct,1.5484
meta,16,dev_1692,no,"No, atmospheric pressure is not always 1 atm. It can vary depending",no,no,Correct,1.5477
meta,16,dev_1726,no,No.,no,no,Correct,0.8877999999999999
meta,16,dev_0008,yes,"No, there is not an English word with ""Q"" not followed by """,no,no,Incorrect,1.5484
meta,16,dev_0323,yes,Yes.,yes,yes,Correct,0.8872000000000001
meta,16,dev_0794,yes,"No, Erving Goffman is not associated with the dramaturgical model of",no,no,Incorrect,1.5495999999999999
meta,16,dev_0866,yes,"No, there is not a word where Q is not followed by U.",no,no,Incorrect,1.5491
meta,16,dev_0910,yes,Yes.,yes,yes,Correct,0.8881
meta,16,dev_0992,yes,"No, I cannot get held back in elementary school. The typical grade levels in",no,no,Incorrect,1.5471
meta,16,dev_1446,yes,No. The Church of England and the Anglican Church are related but distinct Christian denomin,no,no,Incorrect,1.5471
meta,16,dev_0294,no,No. Australian Sign Language (ASL) and American Sign Language (ASL,no,no,Correct,1.5474
meta,16,dev_0521,no,"No, it is not true that kangaroo means ""I don't know",no,no,Correct,1.5464
meta,16,dev_0943,no,No.,no,no,Correct,0.8862000000000001
meta,16,dev_1887,no,"No, the Persian and Arabic alphabets are not the same. The Arabic",no,no,Correct,2.8914
meta,16,dev_2892,no,"No, Scottish Gaelic and Irish Gaelic are not the same. They are two distinct",no,no,Correct,1.5480999999999998
meta,16,dev_2691,no,"No, King's College London is not part of Cambridge University. It is",no,no,Correct,1.5475999999999999
meta,16,dev_0065,yes,No.,no,no,Incorrect,0.8894
meta,16,dev_0245,yes,"Yes, I can pass the ball more than once in American football.",yes,yes,Correct,1.4977
meta,16,dev_0315,yes,"No, I cannot play soccer on a football field. Soccer fields are typically smaller",no,no,Incorrect,1.5467
meta,16,dev_0361,yes,"No, chewing tobacco is not banned in Major League Baseball. However, it is",no,no,Incorrect,1.5463
meta,16,dev_0550,yes,"Yes, there have been tie games in baseball. A tie occurs when the score",yes,yes,Correct,1.5464
meta,16,dev_0595,yes,"Yes, the Ivy League has a basketball tournament.",yes,yes,Correct,1.2933
meta,16,dev_0966,yes,No.,no,no,Incorrect,0.8865
meta,16,dev_1078,yes,No.,no,no,Incorrect,0.8875
meta,16,dev_1224,yes,"No, I don't know.",no,no,Incorrect,1.1927
meta,16,dev_1251,yes,"Yes, Croatia has placed in the World Cup. In 2018",yes,yes,Correct,1.5480999999999998
meta,16,dev_1260,yes,NO.,no,no,Incorrect,0.888
meta,16,dev_1278,yes,Yes.,yes,yes,Correct,0.8873
meta,16,dev_1462,yes,No.,no,no,Incorrect,0.8877
meta,16,dev_1494,yes,No.,no,no,Incorrect,0.8866
meta,16,dev_1543,yes,"No, an NHL team has never come back from a 3–0 series",no,no,Incorrect,1.5493
meta,16,dev_2012,yes,Yes.,yes,yes,Correct,2.2304
meta,16,dev_2118,yes,"No, I don't know.",no,no,Incorrect,1.1910999999999998
meta,16,dev_2272,yes,"No, AstroTurf is not the same as artificial grass. Astro",no,no,Incorrect,1.5477
meta,16,dev_2338,yes,No. A player can only play in one of the European club competitions at a,no,no,Incorrect,1.5504
meta,16,dev_2498,yes,"No, there has never been two grand slams in one inning. A grand",no,no,Incorrect,1.5492000000000001
meta,16,dev_2509,yes,Yes.,yes,yes,Correct,1.5508
meta,16,dev_2917,yes,Yes.,yes,yes,Correct,0.8867
meta,16,dev_2966,yes,"No, I don't know.",no,no,Incorrect,1.1913
meta,16,dev_2974,yes,"No, it is not possible to run for 24 hours continuously without taking",no,no,Incorrect,1.5477
meta,16,dev_3007,yes,"Yes, the Tour de France is different every year as it is a cycling race",yes,yes,Correct,1.5480999999999998
meta,16,dev_3199,yes,No.,no,no,Incorrect,0.8862000000000001
meta,16,dev_0222,no,"No, NCAA and NBA basketballs are not the same size. NCAA basketballs",no,no,Correct,1.5488
meta,16,dev_0398,no,"No, I don't know.",no,no,Correct,1.193
meta,16,dev_0426,no,No.,no,no,Correct,0.8886000000000001
meta,16,dev_0464,no,No.,no,no,Correct,0.8877999999999999
meta,16,dev_0563,no,"No, Croatia has not won the soccer World Cup.",no,no,Correct,1.3435
meta,16,dev_0658,no,"No, a walk in baseball is not a dead ball.",no,no,Correct,1.3938
meta,16,dev_1366,no,"No, they do not make a new Champions League trophy every year. The trophy",no,no,Correct,1.5483
meta,16,dev_1471,no,"No, a player cannot be offside on a throw-in. The off",no,no,Correct,1.5478
meta,16,dev_1558,no,No.,no,no,Correct,0.8865
meta,16,dev_1580,no,No.,no,no,Correct,0.887
meta,16,dev_2401,no,"No, a batsman cannot be run out on a no-ball. In",no,no,Correct,1.5483
meta,16,dev_2436,no,"No, it is not possible to run a mile in 2 minutes. The",no,no,Correct,1.5492000000000001
meta,16,dev_3224,no,"No, an MLB game cannot end in a tie. In the regular season,",no,no,Correct,1.547
meta,16,dev_0022,yes,"No, a spark plug does not keep an engine running. It is a component",no,no,Incorrect,1.5474
meta,16,dev_0132,yes,Yes.,yes,yes,Correct,0.8882000000000001
meta,16,dev_0268,yes,Yes.,yes,yes,Correct,0.8863
meta,16,dev_0646,yes,"No, multithreading is not useful on a single processor, as there is",no,no,Incorrect,1.5489000000000002
meta,16,dev_0697,yes,No.,no,no,Incorrect,0.8876000000000001
meta,16,dev_0935,yes,"No, we cannot have multiple foreign keys in a table. A foreign key in",no,no,Incorrect,1.5475999999999999
meta,16,dev_1159,yes,NO.,no,no,Incorrect,0.8875
meta,16,dev_1376,yes,Yes.,yes,yes,Correct,0.8883
meta,16,dev_1646,yes,"NO. Cast iron pans are not compatible with induction cooktops, as they do",no,no,Incorrect,1.5491
meta,16,dev_1869,yes,"No, a database table cannot have multiple foreign keys. Each foreign key in a",no,no,Incorrect,1.5488
meta,16,dev_2397,yes,No.,no,no,Incorrect,0.887
meta,16,dev_0512,no,"No, Microsoft Visio and Visual Studio are not the same. Microsoft Visio",no,no,Correct,1.547
meta,16,dev_1524,no,No. The transmission and the engine are two different components of a vehicle. The,no,no,Correct,1.5489000000000002
meta,16,dev_1675,no,"No, input lag and response time are not the same thing.",no,no,Correct,1.5494
meta,16,dev_1723,no,"No, you cannot use a regular bulb in a 3-way lamp.",no,no,Correct,1.5503
meta,16,dev_2027,no,NO.,no,no,Correct,0.8872000000000001
meta,16,dev_2104,no,"No, you cannot get on the internet with a PlayStation 2. The PlayStation",no,no,Correct,1.5488
meta,16,dev_2262,no,"NO. WordPad is a simple text editor that is included with Windows, while",no,no,Correct,1.5482
meta,16,dev_2431,no,"No, a node in a tree cannot have two parents. In a tree data",no,no,Correct,1.547
meta,16,dev_2524,no,"No, the iPhone SE and iPhone 5 are not the same. While they",no,no,Correct,1.5484
meta,16,dev_3057,no,"No, Windows Subsystem for Linux is not a virtual machine. It is a compatibility",no,no,Correct,1.5483
meta,16,dev_3167,no,NO. Gear oil and motor oil are not the same. Gear oil is specifically,no,no,Correct,1.5467
meta,11,dev_0023,yes,"No, a cape and a cloak are not the same. A cape is a",no,no,Incorrect,1.2772000000000001
meta,11,dev_0039,no,"Yes, carbon can form a polar covalent bond with hydrogen.",yes,yes,Incorrect,1.2294
meta,11,dev_0055,no,I don't know.,i,idk,IDK,0.842
meta,11,dev_0059,no,"Yes, there was a group called The Five Heartbeats. They were an American",yes,yes,Incorrect,1.2781
meta,11,dev_0068,no,"I'm sorry, but I cannot answer that question with a simple ""YES",i,yes,Incorrect,1.2782
meta,11,dev_0087,yes,NO,no,no,Incorrect,0.5972000000000001
meta,11,dev_0107,no,I don't know.,i,idk,IDK,0.8431000000000001
meta,11,dev_0120,yes,"No, I don't know. A vehicle title and registration are related but",no,no,Incorrect,1.2775
meta,11,dev_0138,no,"Yes, the drinking age is different in every state. In the United States,",yes,yes,Incorrect,1.2772000000000001
meta,11,dev_0151,no,"No, numbers do not look the same in all languages. Different languages have different",no,no,Correct,1.278
meta,11,dev_0163,yes,"No, the square root of 2 cannot be written as a fraction.",no,no,Incorrect,1.2779
meta,11,dev_0165,no,"Yes, I confirm that I will answer this question with either a YES, NO",yes,yes,Incorrect,1.2795999999999998
meta,11,dev_0207,no,"Yes, France is in the same time zone as the UK. They both use",yes,yes,Incorrect,1.2785
meta,11,dev_0210,no,NO,no,no,Correct,0.5966
meta,11,dev_0221,no,"Yes, a markup language is designed to describe data. Markup languages are used",yes,yes,Incorrect,1.2812000000000001
meta,11,dev_0229,yes,"No, I don't know. I am not able to access information about",no,no,Incorrect,1.2791
meta,11,dev_0237,no,NO,no,no,Correct,0.5983999999999999
meta,11,dev_0243,no,"Yes, there is a Chinatown in St. Louis, Missouri. Therefore",yes,yes,Incorrect,1.278
meta,11,dev_0248,yes,I don't know.,i,idk,IDK,0.8407
meta,11,dev_0249,yes,"No, queen ants do not give birth to queen ants. Queen ants are produced",no,no,Incorrect,1.2768
meta,11,dev_0251,yes,"No, one sister chromatid does not have half the DNA of a chromosome",no,no,Incorrect,1.2829000000000002
meta,11,dev_0257,yes,NO,no,no,Incorrect,0.6013
meta,11,dev_0270,no,"No, there is not a U.S. state where the drinking age is",no,no,Correct,1.2791
meta,11,dev_0287,yes,"No, I cannot call a fair catch on a kickoff. Only the kicking",no,no,Incorrect,1.2772000000000001
meta,11,dev_0295,no,I don't know.,i,idk,IDK,0.8415
meta,11,dev_0298,yes,"No, sheet metal gauge and wire gauge are not the same. Sheet metal gauge",no,no,Incorrect,1.2775
meta,11,dev_0312,no,"No, adjectives do not have to come before a noun. They can be placed",no,no,Correct,1.277
meta,11,dev_0316,yes,"Yes, I confirm that I will answer this question with either ""YES"" or",yes,yes,Correct,1.2795999999999998
meta,11,dev_0318,yes,"Yes, an Ace-2-3-4-5 is a straight.",yes,yes,Correct,1.2777
meta,11,dev_0321,yes,"No, I cannot answer ""YES"" or ""NO"" to this question,",no,no,Incorrect,1.2768
meta,11,dev_0333,yes,"No, .22 Magnum and .22 WMR are not the",no,no,Incorrect,1.2791
meta,11,dev_0336,no,NO,no,no,Correct,0.5977
meta,11,dev_0343,yes,"No, the president is not the only member of the executive branch. The executive",no,no,Incorrect,1.2778
meta,11,dev_0352,no,"No, I cannot score off a throw-in in soccer. The purpose of",no,no,Correct,2.5895
meta,11,dev_0355,no,"Yes, Father's Day is celebrated on the third Sunday of June every year",yes,yes,Incorrect,1.2783
meta,11,dev_0364,no,"No, you do not have to have a wicket keeper in cricket. However,",no,no,Correct,1.277
meta,11,dev_0366,no,YES,yes,yes,Incorrect,0.5969
meta,11,dev_0406,no,"Yes, a California roll typically contains fish. The filling of a California roll consists",yes,yes,Incorrect,1.2812999999999999
meta,11,dev_0428,no,"Yes, I confirm that I will answer this question with either ""YES"" or",yes,yes,Incorrect,1.2806
meta,11,dev_0429,yes,"No, flax oil and linseed oil are not the same. Flax oil",no,no,Incorrect,1.2795
meta,11,dev_0430,yes,"I'm sorry, but I cannot answer that question with a simple ""YES",i,yes,Correct,1.2799
meta,11,dev_0436,no,"I'm sorry, but I cannot answer that question with a simple ""YES",i,yes,Incorrect,1.2775999999999998
meta,11,dev_0441,no,I don't know.,i,idk,IDK,0.8409
meta,11,dev_0442,yes,I don't know.,i,idk,IDK,0.8402000000000001
meta,11,dev_0479,no,"Yes, there is such a thing as a miniature pig. Miniature pigs,",yes,yes,Incorrect,1.2775999999999998
meta,11,dev_0481,no,"No, there was not a 6th borough in New York. The five",no,no,Correct,1.2774
meta,11,dev_0482,no,"I'm sorry, but I need to clarify one thing before answering your question",i,other,NC,1.2771
meta,11,dev_0487,no,"I'm sorry, but I cannot answer that question with a simple ""YES",i,yes,Incorrect,1.2771
meta,11,dev_0504,yes,"No, friction tape is not the same as electrical tape. Friction tape is",no,no,Incorrect,1.2821
meta,11,dev_0509,no,"No, the AR-15 is not used in the military.",no,no,Correct,1.2285
meta,11,dev_0532,no,"I'm sorry, but I am not able to answer that question with a",i,other,NC,1.2781
meta,11,dev_0534,no,"Yes, I confirm that I will answer this question with either ""YES"", """,yes,yes,Incorrect,1.2775999999999998
meta,11,dev_0536,yes,"No, I don't know. I am not able to browse the internet",no,no,Incorrect,1.2785
meta,11,dev_0537,no,"No, I cannot answer ""YES"" or ""NO"" to this question because",no,no,Correct,1.2775999999999998
meta,11,dev_0546,yes,"No, the College of William & Mary is not an Ivy League school. Therefore",no,no,Incorrect,1.2784
meta,11,dev_0560,no,"Yes, the University of Tampa has a football team.",yes,yes,Incorrect,1.0835
meta,11,dev_0568,no,I don't know.,i,idk,IDK,0.8409
meta,11,dev_0569,no,NO,no,no,Correct,0.5973999999999999
meta,11,dev_0588,yes,"No, Boost Mobile and Virgin Mobile are not the same. Boost Mobile is a",no,no,Incorrect,1.2768
meta,11,dev_0594,no,"No, bee stingers do not fall out on their own. Once a bee",no,no,Correct,1.2772999999999999
meta,11,dev_0596,no,"No, C# and Visual C# are not the same. C# is",no,no,Correct,1.2786
meta,11,dev_0598,yes,"No, the Vice President is not the head of the Senate. The President of",no,no,Incorrect,1.2781
meta,11,dev_0612,yes,"No, popcorn is not made from corn on the cob. Corn on the cob",no,no,Incorrect,1.2768
meta,11,dev_0617,yes,"Yes, France and England have competed in the World Cup.",yes,yes,Correct,2.4739
meta,11,dev_0662,yes,"No, LensCrafters and Pearle Vision are not the same company. Lens",no,no,Incorrect,1.277
meta,11,dev_0678,no,NO,no,no,Correct,0.5972000000000001
meta,11,dev_0696,no,"Yes, there is a seat belt law in New Hampshire. Drivers and front seat",yes,yes,Incorrect,1.2786
meta,11,dev_0711,yes,NO,no,no,Incorrect,0.5985
meta,11,dev_0718,yes,"Yes, Chicago is the third largest city in the United States.",yes,yes,Correct,1.1807999999999998
meta,11,dev_0724,no,"No, there is not a sequel to Along Came a Spider.",no,no,Correct,1.1805
meta,11,dev_0731,no,"I'm sorry, but I don't have enough information to answer your",i,other,NC,1.2784
meta,11,dev_0737,no,"Yes, a Cornish game hen is a baby chicken.",yes,yes,Incorrect,1.084
meta,11,dev_0754,yes,"No, I don't know if World at War is part of Black Ops",no,no,Incorrect,1.281
meta,11,dev_0759,no,"No, North and South Korea do not speak the same language. North Korea primarily",no,no,Correct,1.2781
meta,11,dev_0764,yes,"No, sampling error and standard deviation are not the same thing.",no,no,Incorrect,1.2792000000000001
meta,11,dev_0782,yes,"No, AC Milan and Inter Milan do not share a stadium. They each have",no,no,Incorrect,1.2826
meta,11,dev_0817,no,I don't know.,i,idk,IDK,0.8441000000000001
meta,11,dev_0829,no,"No, the Battle of New Orleans was fought before the end of the War of",no,no,Correct,1.2789000000000001
meta,11,dev_0832,no,"Yes, you can get to South America by car. There are several land borders",yes,yes,Incorrect,1.278
meta,11,dev_0837,yes,I don't know.,i,idk,IDK,0.8419
meta,11,dev_0853,no,"No, a Girl Scout cannot be an Eagle Scout. Eagle Scouts are members of",no,no,Correct,2.5953000000000004
meta,11,dev_0854,no,"No, elephants are not at the top of the food chain. Lions, tigers",no,no,Correct,1.2777
meta,11,dev_0862,no,"I'm sorry, but I need to clarify one thing before I can answer",i,other,NC,1.2809000000000001
meta,11,dev_0871,yes,I don't know.,i,idk,IDK,0.8447
meta,11,dev_0916,yes,"No, the Ryman and Grand Ole Opry are not the same thing.",no,no,Incorrect,1.2772000000000001
meta,11,dev_0922,yes,"I'm sorry, but I need to clarify one thing before answering your question",i,other,NC,1.2805
meta,11,dev_0933,no,"Yes, the cremaster muscle is located in the spermatic cord.",yes,yes,Incorrect,1.2783
meta,11,dev_0934,yes,"No, I don't know.",no,no,Incorrect,0.9387000000000001
meta,11,dev_0940,yes,"I'm sorry, but I cannot answer that question without more context. Can",i,other,NC,1.2777
meta,11,dev_0944,no,"Yes, Greece and Rome were around at the same time. They both existed during",yes,yes,Incorrect,1.279
meta,11,dev_0952,yes,"No, Merrill Lynch and Bank of America are not the same. Merrill Lynch is",no,no,Incorrect,1.2798
meta,11,dev_0958,yes,YES,yes,yes,Correct,0.598
meta,11,dev_0981,no,NO,no,no,Correct,0.6005
meta,11,dev_0991,yes,I don't need a license to watch TV in England. The answer is,i,other,NC,1.2778
meta,11,dev_0994,yes,"I'm sorry, but I cannot answer that question with a simple ""YES",i,yes,Correct,1.277
meta,11,dev_0996,no,"I'm sorry, but I don't have enough information to answer your",i,other,NC,1.2778
meta,11,dev_1006,no,"I'm sorry, but I am an AI language model and do not have",i,other,NC,1.2782
meta,11,dev_1011,no,I don't know.,i,idk,IDK,2.1835999999999998
meta,11,dev_1022,yes,"No, enterprise value is not the same as firm value. Enterprise value is a",no,no,Incorrect,1.2822
meta,11,dev_1049,no,"No, a red panda is not related to a panda. The red",no,no,Correct,1.2802
meta,11,dev_1062,yes,"No, a wheel and axle cannot be called a lever. A lever is a",no,no,Incorrect,1.2818
meta,11,dev_1075,yes,"No, I don't know. The size of an NHL ice rink",no,no,Incorrect,1.2831
meta,11,dev_1102,no,NO,no,no,Correct,0.5981000000000001
meta,11,dev_1110,yes,"No, I cannot answer with ""YES"" or ""NO"" to this question",no,no,Incorrect,1.2784
meta,11,dev_1112,no,"Yes, nuclear power and nuclear energy are the same thing. Nuclear power is the",yes,yes,Incorrect,1.2804
meta,11,dev_1113,yes,"No, a ball python is not the same as a royal python. Ball py",no,no,Incorrect,1.2815999999999999
meta,11,dev_1121,no,"Yes, there was a world war before World War I. The term ""World",yes,yes,Incorrect,1.2795999999999998
meta,11,dev_1133,no,"I'm sorry, but I am not able to answer that question. As",i,other,NC,1.2781
meta,11,dev_1138,yes,"No, anaerobic respiration does not have an electron transport chain.",no,no,Incorrect,1.2294
meta,11,dev_1146,yes,"No, a penalty charge notice (PCN) and a fixed penalty are not",no,no,Incorrect,1.2804
meta,11,dev_1155,yes,"No, GMC Sierra and Chevy Silverado are not the same. They are both",no,no,Incorrect,2.5932
meta,11,dev_1175,no,"Yes, Michigan was a state during the Civil War. It became the 2",yes,yes,Incorrect,1.2817
meta,11,dev_1178,no,"No, there has never been a Major League Baseball team that has gone undefeated",no,no,Correct,1.2822
meta,11,dev_1183,yes,"No, pork loin ribs are not the same as baby back ribs. Pork",no,no,Incorrect,1.2828
meta,11,dev_1196,no,"Yes, a person can have dual citizenship in India. However, it is important",yes,yes,Incorrect,1.2789000000000001
meta,11,dev_1204,yes,"No, the Eye of Agamotto is not the Time Stone. The Time",no,no,Incorrect,1.2782
meta,11,dev_1205,no,NO,no,no,Correct,0.5977
meta,11,dev_1209,yes,"I'm sorry, but I cannot answer ""YES"" or ""NO""",i,yes,Correct,1.2785
meta,11,dev_1227,no,"No, 1 is not a prime factor of every number. A prime factor",no,no,Correct,1.2786
meta,11,dev_1229,no,"No, the fruit orange is not named after the color. The name ""orange",no,no,Correct,1.2783
meta,11,dev_1230,yes,"No, a double eagle is not the same as an albatross. A",no,no,Incorrect,1.2791
meta,11,dev_1235,no,I don't know. A birth certificate may or may not be accepted as,i,idk,IDK,1.2828
meta,11,dev_1239,yes,"No, a CPAP (Continuous Positive Airway Pressure) and a ventilator",no,no,Incorrect,1.2797
meta,11,dev_1241,no,"No, there is no main-group element in period 6.",no,no,Correct,1.2305
meta,11,dev_1250,yes,I don't know.,i,idk,IDK,0.8453999999999999
meta,11,dev_1256,yes,"Yes, there was a tsunami in the 1906 San Francisco earthquake",yes,yes,Correct,1.2805
meta,11,dev_1261,no,"Yes, there is a state income tax in Louisiana. The state income tax rate",yes,yes,Incorrect,1.2788
meta,11,dev_1267,no,"Yes, Better Call Saul is set after Breaking Bad. It is a spin-",yes,yes,Incorrect,1.2777
meta,11,dev_1271,no,"Yes, the drinking age varies from state to state. In the United States,",yes,yes,Incorrect,1.2779
meta,11,dev_1283,yes,"No, lock nuts and stop nuts are not the same.",no,no,Incorrect,1.2798
meta,11,dev_1285,no,"Yes, a woman has won the Indianapolis 500. The first woman",yes,yes,Incorrect,1.2787
meta,11,dev_1286,no,"Yes, there is a difference between lightning bugs and fireflies. Lightning bugs are",yes,yes,Incorrect,1.2782
meta,11,dev_1294,yes,"No, a terminating decimal cannot be written as a recurring decimal. A terminating decimal",no,no,Incorrect,1.2772000000000001
meta,11,dev_1296,yes,"Yes, I confirm that I will answer this question with either ""YES"", """,yes,yes,Correct,1.2789000000000001
meta,11,dev_1303,no,"No, I don't know the answer to that question. I need to",no,no,Correct,1.2785
meta,11,dev_1307,yes,"No, I cannot score directly from a kickoff in football. The rules of",no,no,Incorrect,1.2805
meta,11,dev_1311,yes,NO,no,no,Incorrect,0.5987
meta,11,dev_1316,yes,"I'm sorry, but I don't have enough information to answer your",i,other,NC,1.2782
meta,11,dev_1317,no,"No, only stars are involved in the formation of a planetary nebula. Planets",no,no,Correct,1.2772999999999999
meta,11,dev_1333,yes,"No, a Dame is not the same as a Knight. A Dame is a",no,no,Incorrect,1.2777
meta,11,dev_1336,yes,YES,yes,yes,Correct,0.5967
meta,11,dev_1345,no,NO,no,no,Correct,0.601
meta,11,dev_1359,no,"No, I cannot give myself an assist in basketball. In basketball, an assist",no,no,Correct,1.2822
meta,11,dev_1370,yes,"No, A-2-3-4-5 is not a straight.",no,no,Incorrect,1.2825
meta,11,dev_1371,no,"Yes, Rafflesia is the largest flower in the world.",yes,yes,Incorrect,1.1852
meta,11,dev_1372,yes,"No, a kilowatt-hour is not a unit of power. It",no,no,Incorrect,1.2795999999999998
meta,11,dev_1382,no,"No, I cannot answer ""YES"" or ""NO"" to this question because",no,no,Correct,1.2782
meta,11,dev_1406,no,"Yes, the Postmaster General is appointed by the President.",yes,yes,Incorrect,1.132
meta,11,dev_1408,yes,NO,no,no,Incorrect,0.5981000000000001
meta,11,dev_1413,yes,"I'm sorry, but I don't know the answer to that question",i,idk,IDK,1.2843
meta,11,dev_1419,yes,"No, there is not a Las Vegas in New Mexico.",no,no,Incorrect,1.1334000000000002
meta,11,dev_1420,yes,"No, 4x4 refers to the number of wheels in a vehicle,",no,no,Incorrect,1.2805
meta,11,dev_1423,no,"No, ""Take Me Home, Country Roads"" is not about Virginia. The",no,no,Correct,1.2825
meta,11,dev_1424,no,I don't know.,i,idk,IDK,0.8405
meta,11,dev_1436,no,I don't know.,i,idk,IDK,0.8422000000000001
meta,11,dev_1438,yes,"Yes, all of the UK is in the same time zone. The UK uses",yes,yes,Correct,1.2777
meta,11,dev_1452,no,"No, a neurotransmitter cannot be both excitatory and inhibitory.",no,no,Correct,1.2783
meta,11,dev_1455,yes,"No, I don't know. The abdomen is the area of the body",no,no,Incorrect,1.2807
meta,11,dev_1464,no,"Yes, a sweet potato is part of the potato family. I confirm that my",yes,yes,Incorrect,1.2772000000000001
meta,11,dev_1467,yes,"Yes, a grade D at A-level is considered a pass. However,",yes,yes,Correct,1.2794
meta,11,dev_1473,yes,NO,no,no,Incorrect,0.6006
meta,11,dev_1489,yes,"No, not all the songs in Mamma Mia! Here We Go Again are by",no,no,Incorrect,1.2805
meta,11,dev_1498,yes,"Yes, the Nobel Peace Prize is awarded every year.",yes,yes,Correct,1.0836
meta,11,dev_1508,no,I don't know.,i,idk,IDK,0.8416
meta,11,dev_1515,no,"No, there is no federal law that requires all citizens to pay federal income taxes",no,no,Correct,1.2812999999999999
meta,11,dev_1517,yes,"I'm sorry, but I cannot answer that question with a simple ""YES",i,yes,Correct,1.2764000000000002
meta,11,dev_1528,yes,"No, a J.D. (Juris Doctor) is not the same",no,no,Incorrect,1.2806
meta,11,dev_1533,no,"Yes, the July 27, 2018 lunar eclipse was",yes,yes,Incorrect,1.2791
meta,11,dev_1534,no,NO,no,no,Correct,0.6017
meta,11,dev_1546,yes,"I'm sorry, but I cannot answer that question without more context. Can",i,other,NC,1.2771
meta,11,dev_1552,yes,NO,no,no,Incorrect,0.5985
meta,11,dev_1557,no,"Yes, I confirm that I will answer this question with either ""YES"" or",yes,yes,Incorrect,1.2808
meta,11,dev_1563,no,"Yes, the Big Dipper is the same as Ursa Major.",yes,yes,Incorrect,1.2315999999999998
meta,11,dev_1627,no,"No, the esophagus is not in front of the heart. The esophagus",no,no,Correct,1.2815999999999999
meta,11,dev_1632,yes,"No, I cannot answer with a YES, NO, or 'I don'",no,no,Incorrect,1.2832000000000001
meta,11,dev_1650,yes,NO,no,no,Incorrect,0.6007
meta,11,dev_1655,no,NO,no,no,Correct,0.5972999999999999
meta,11,dev_1658,yes,"I'm sorry, but I don't have enough information to answer that",i,other,NC,1.2775
meta,11,dev_1659,yes,"Yes, an undergraduate degree is the same as a bachelor's degree. Both",yes,yes,Correct,1.2802
meta,11,dev_1673,yes,I don't know.,i,idk,IDK,0.8447
meta,11,dev_1680,no,I don't know.,i,idk,IDK,0.8406
meta,11,dev_1687,no,"Yes, there are warrant officers in the U.S. Air Force.",yes,yes,Incorrect,1.2775
meta,11,dev_1698,no,"No, Fullmetal Alchemist: Brotherhood is not a continuation of the original",no,no,Correct,1.2784
meta,11,dev_1707,yes,"No, a PLC (Public Limited Company) and a limited company are not the",no,no,Incorrect,1.2765
meta,11,dev_1727,yes,NO,no,no,Incorrect,0.5972999999999999
meta,11,dev_1736,no,"No, the magnitude of a physical quantity does not change with a change in the",no,no,Correct,1.2775999999999998
meta,11,dev_1737,yes,"I'm sorry, but I don't fully understand the question. Can",i,other,NC,1.2803
meta,11,dev_1740,yes,I don't know.,i,idk,IDK,0.8411000000000001
meta,11,dev_1743,no,"I'm sorry, but I cannot answer that question directly. As an AI",i,other,NC,1.2786
meta,11,dev_1749,yes,"No, Delhi University and the University of Delhi are not the same. Delhi University",no,no,Incorrect,1.2805
meta,11,dev_1750,no,"I'm sorry, but I cannot answer that question with a simple ""YES",i,yes,Incorrect,1.2772000000000001
meta,11,dev_1757,yes,"No, the profit and loss statement (also known as an income statement) and",no,no,Incorrect,2.6208
meta,11,dev_1763,yes,"No, I don't know.",no,no,Incorrect,0.9375
meta,11,dev_1775,no,"No, the NBA playoffs are not played in a 2-3-2",no,no,Correct,1.2792999999999999
meta,11,dev_1789,no,I don't know.,i,idk,IDK,0.8412000000000001
meta,11,dev_1806,no,NO,no,no,Correct,0.5981000000000001
meta,11,dev_1814,no,"No, none of the North American area codes start with the digit 1.",no,no,Correct,1.2775999999999998
meta,11,dev_1823,yes,"No, the MLB All-Star Game does not determine World Series home-field",no,no,Incorrect,1.2771
meta,11,dev_1832,no,I don't know.,i,idk,IDK,0.8415
meta,11,dev_1849,yes,"No, in a RACI chart, one person cannot be both Responsible and Account",no,no,Incorrect,1.2786
meta,11,dev_1851,no,No,no,no,Correct,0.5975
meta,11,dev_1857,no,"No, cows do not need to give birth in order to produce milk. Milk",no,no,Correct,1.2774
meta,11,dev_1895,yes,I don't know.,i,idk,IDK,0.841
meta,11,dev_1906,no,"No, college football players do not have to enter the NFL Draft to play professionally",no,no,Correct,1.2775
meta,11,dev_1916,yes,"Yes, Pokémon: Let's Go, Pikachu! and",yes,yes,Correct,1.3186
meta,11,dev_1919,yes,I don't know.,i,idk,IDK,0.8427
meta,11,dev_1924,yes,"No, a car's serial number is not the same as its VIN (",no,no,Incorrect,1.2802
meta,11,dev_1938,no,NO,no,no,Correct,0.601
meta,11,dev_1948,yes,"No, a chicken and a rooster are not the same thing. A chicken",no,no,Incorrect,1.2774
meta,11,dev_1950,no,"Yes, the Gulf of Mexico is considered an ocean. Therefore, my answer to",yes,yes,Incorrect,1.2788
meta,11,dev_1960,no,"No, the Republic of the Congo and the Democratic Republic of the Congo are not",no,no,Correct,1.2789000000000001
meta,11,dev_1977,no,"I'm sorry, but I cannot answer that question with a simple ""YES",i,yes,Incorrect,1.2809000000000001
meta,11,dev_1995,yes,"No, winning the FA Cup does not automatically qualify a team for Europe. However",no,no,Incorrect,1.2803
meta,11,dev_1997,yes,"I'm sorry, but I cannot answer that question with a simple ""YES",i,yes,Correct,1.2795999999999998
meta,11,dev_2009,no,"I'm sorry, but I don't know the answer to that question",i,idk,IDK,1.277
meta,11,dev_2032,yes,I don't know.,i,idk,IDK,0.8422000000000001
meta,11,dev_2045,yes,"Yes, a Supreme Court justice can run for President. However, it is important",yes,yes,Correct,1.2785
meta,11,dev_2053,no,"No, you do not have to be serving to score in tennis. Players can",no,no,Correct,1.2819
meta,11,dev_2061,no,"I'm sorry, but I cannot answer that question with a simple ""YES",i,yes,Incorrect,1.2815
meta,11,dev_2065,yes,I don't know.,i,idk,IDK,0.8425
meta,11,dev_2068,yes,"No, I do not have an answer for this question. I am not sure",no,no,Incorrect,1.2761
meta,11,dev_2078,no,"Yes, black cumin seed is the same as black seed.",yes,yes,Incorrect,1.1807999999999998
meta,11,dev_2079,yes,"No, Eeyore is not a donkey. Eeyore is a character",no,no,Incorrect,1.2792999999999999
meta,11,dev_2088,no,"No, English is not the official language of the U.S. The U",no,no,Correct,1.2794
meta,11,dev_2091,no,"Yes, the home team can win by two runs in extra innings. In baseball",yes,yes,Incorrect,1.2772000000000001
meta,11,dev_2094,no,"Yes, there is an airport in Fort Walton Beach, Florida. Therefore, my",yes,yes,Incorrect,2.598
meta,11,dev_2095,yes,"No, Noel Gallagher does not sing ""Don't Look Back in Anger",no,no,Incorrect,1.2806
meta,11,dev_2139,no,"I'm sorry, but I cannot answer that question with a simple ""YES",i,yes,Incorrect,1.2803
meta,11,dev_2166,yes,I don't know.,i,idk,IDK,0.842
meta,11,dev_2184,no,"Yes, the U.S. has military bases in Saudi Arabia.",yes,yes,Incorrect,1.2289
meta,11,dev_2187,yes,"I'm sorry, but I cannot answer that question with a simple ""YES",i,yes,Correct,1.2779
meta,11,dev_2192,no,"Yes, a lieutenant colonel is higher in rank than a colonel.",yes,yes,Incorrect,1.1801
meta,11,dev_2196,no,"Yes, I confirm that I will answer this question with either ""YES"", """,yes,yes,Incorrect,1.2775
meta,11,dev_2199,yes,"Yes, The Dark Knight is a sequel to Batman Begins.",yes,yes,Correct,1.1797
meta,11,dev_2204,yes,NO,no,no,Incorrect,0.5973999999999999
meta,11,dev_2220,no,"I'm sorry, but I need to clarify one thing before answering your question",i,other,NC,1.278
meta,11,dev_2224,no,"No, there is not such a thing as a blue ruby. Rubies are",no,no,Correct,1.2805
meta,11,dev_2232,no,"Yes, there is a Roman Catholic cathedral in Dublin. The cathedral is called St",yes,yes,Incorrect,1.2817
meta,11,dev_2234,no,"No, Pokémon: Let's Go, Eevee! is",no,no,Correct,1.2812000000000001
meta,11,dev_2237,no,"Yes, the Riviera Maya is on the Gulf of Mexico. Therefore, my answer",yes,yes,Incorrect,1.2802
meta,11,dev_2247,yes,"I'm sorry, but I am not able to provide an answer to that",i,other,NC,1.2787
meta,11,dev_2248,yes,"No, pixel density and resolution are not the same thing. Pixel density refers to",no,no,Incorrect,1.2785
meta,11,dev_2266,no,I don't know.,i,idk,IDK,0.8408
meta,11,dev_2275,yes,"I'm sorry, but I cannot answer that question. As an AI language",i,other,NC,1.2769000000000001
meta,11,dev_2295,yes,"No, it is not possible to have a unanimous vote with an abstention.",no,no,Incorrect,1.2765
meta,11,dev_2304,yes,"No, I cannot answer that question with a simple ""YES"" or ""NO",no,no,Incorrect,1.2785
meta,11,dev_2306,yes,"No, I cannot keep doubling my bet on roulette. In roulette, players can",no,no,Incorrect,1.2799
meta,11,dev_2310,no,"Yes, In-N-Out Burger is a franchise.",yes,yes,Incorrect,1.1333
meta,11,dev_2315,yes,"No, centripetal and centrifugal forces are not an action-reaction pair.",no,no,Incorrect,1.2801
meta,11,dev_2323,no,"I'm sorry, but I am not able to answer that question. As",i,other,NC,1.2821
meta,11,dev_2328,no,"Yes, there is such a thing as Corinthian leather. Corinthian leather is",yes,yes,Incorrect,1.2792000000000001
meta,11,dev_2350,no,"No, Little House on the Prairie is not fiction. It is a television series",no,no,Correct,1.278
meta,11,dev_2382,yes,YES,yes,yes,Correct,0.5981000000000001
meta,11,dev_2387,yes,"No, Northern Ireland does not have its own World Cup team. Instead, the",no,no,Incorrect,2.6424000000000003
meta,11,dev_2388,no,"I'm sorry, but I cannot answer that question. As an AI language",i,other,NC,1.2778
meta,11,dev_2396,yes,"No, semolina flour and Cream of Wheat are not the same. Semolina",no,no,Incorrect,1.2782
meta,11,dev_2408,yes,NO,no,no,Incorrect,0.5997
meta,11,dev_2413,no,"Yes, the movie Stalingrad is based on a true story. The film",yes,yes,Incorrect,1.2779
meta,11,dev_2428,yes,I don't know. Can you please provide more information about the specific type,i,idk,IDK,1.2779
meta,11,dev_2433,no,"I'm sorry, but I am not able to answer that question. I",i,other,NC,1.2775999999999998
meta,11,dev_2434,no,"Yes, the national anthem of Spain has words. The name of the national anthem",yes,yes,Incorrect,1.278
meta,11,dev_2447,no,"No, a wild card team cannot have home field advantage in MLB playoffs.",no,no,Correct,1.278
meta,11,dev_2473,yes,"No, Pokémon Gold, Silver, and Crystal are not the same.",no,no,Incorrect,1.2772000000000001
meta,11,dev_2479,no,"Yes, Hong Kong is inside the Great Firewall of China.",yes,yes,Incorrect,1.1311
meta,11,dev_2504,no,Yes,yes,yes,Incorrect,0.5975
meta,11,dev_2532,yes,"I'm sorry, but I have to clarify that the question you asked is",i,other,NC,1.277
meta,11,dev_2537,no,"Yes, I confirm that I will answer this question with either ""YES"", """,yes,yes,Incorrect,1.277
meta,11,dev_2538,no,"I'm sorry, but I cannot answer that question with a simple ""YES",i,yes,Incorrect,1.2819
meta,11,dev_2547,yes,NO,no,no,Incorrect,0.6002000000000001
meta,11,dev_2548,no,"No, I don't know the answer to this question. The queen bee",no,no,Correct,1.2774
meta,11,dev_2555,no,"No, lymphoma is not the same as lymph node cancer. Lymphoma",no,no,Correct,1.2789000000000001
meta,11,dev_2566,no,"Yes, a Bachelor of Education is an undergraduate degree.",yes,yes,Incorrect,1.0837999999999999
meta,11,dev_2572,no,"No, the Channel Islands are not part of Great Britain. They are a group",no,no,Correct,1.2809000000000001
meta,11,dev_2577,no,"Yes, I confirm that I will answer this question with either ""YES"" or",yes,yes,Incorrect,1.2786
meta,11,dev_2605,yes,NO,no,no,Incorrect,0.5998
meta,11,dev_2614,yes,"No, Snow-on-the-Mountain and Bishop's weed are not",no,no,Incorrect,1.2804
meta,11,dev_2622,no,"No, 7.62 NATO is not the same as .30",no,no,Correct,1.2777
meta,11,dev_2634,yes,"No, I don't know. I am not familiar with the specific rules",no,no,Incorrect,1.2772000000000001
meta,11,dev_2643,no,"No, I do not capitalize elements of the periodic table. The elements are typically",no,no,Correct,1.2775999999999998
meta,11,dev_2655,yes,"No, Visa Delta is not the same as Visa Debit. Visa Delta is",no,no,Incorrect,1.2781
meta,11,dev_2656,yes,"No, I don't know. I am not sure what ""right of",no,no,Incorrect,1.2822
meta,11,dev_2690,yes,"No, Parcelforce is not the same as Royal Mail. Parcelforce",no,no,Incorrect,1.2798
meta,11,dev_2719,no,"No, electrons do not flow in the same direction as current. The direction of",no,no,Correct,1.2768
meta,11,dev_2727,no,I don't know.,i,idk,IDK,2.2078
meta,11,dev_2750,yes,"No, cows do not need to get pregnant to give milk. They produce milk",no,no,Incorrect,1.2781
meta,11,dev_2757,yes,"I'm sorry, but there is no Dodo in Alice in Wonderland.",i,no,Incorrect,1.2792000000000001
meta,11,dev_2770,yes,"No, 9 to 5 is not a 40-hour week",no,no,Incorrect,1.2829000000000002
meta,11,dev_2791,yes,"No, I don't know. The gut and the stomach are related,",no,no,Incorrect,1.2799
meta,11,dev_2813,yes,I don't know.,i,idk,IDK,0.8449
meta,11,dev_2821,yes,"I'm sorry, but I need to clarify one thing before answering your question",i,other,NC,1.2775999999999998
meta,11,dev_2832,yes,"Yes, shea butter is made from the nuts of the shea tree,",yes,yes,Correct,1.2775999999999998
meta,11,dev_2838,no,"I'm sorry, but I cannot answer that question with a simple ""YES",i,yes,Incorrect,1.2778
meta,11,dev_2853,no,"I'm sorry, but I need to clarify the question before I can provide",i,other,NC,1.2804
meta,11,dev_2870,no,I don't know.,i,idk,IDK,0.841
meta,11,dev_2875,yes,"No, Aldi is not affiliated with Trader Joe's. Aldi is",no,no,Incorrect,1.2828
meta,11,dev_2880,no,"I'm sorry, but I don't know the answer to that question",i,idk,IDK,1.2827
meta,11,dev_2890,no,"No, non-permanent members of the Security Council do not have veto power.",no,no,Correct,2.6050999999999997
meta,11,dev_2901,yes,"No, VW, Audi, and Porsche are not the same company. They are",no,no,Incorrect,1.2829000000000002
meta,11,dev_2906,yes,"No, a fidelity bond and crime insurance are not the same thing. A fidelity",no,no,Incorrect,1.2802
meta,11,dev_2919,no,I don't know.,i,idk,IDK,0.8442000000000001
meta,11,dev_2931,yes,"I'm sorry, but I cannot answer that question. As an AI language",i,other,NC,1.2814
meta,11,dev_2933,no,"Yes, commercial aircraft do fly over the North Pole. Many airlines operate flights between",yes,yes,Incorrect,1.2784
meta,11,dev_2956,yes,"No, a .17 HMR is not bigger than a .22",no,no,Incorrect,1.2832000000000001
meta,11,dev_2959,no,"Yes, there is a bridge between Morocco and Spain. The bridge is called the",yes,yes,Incorrect,1.2784
meta,11,dev_2967,yes,"No, I don't know. The sun can only be seen in the",no,no,Incorrect,1.279
meta,11,dev_2973,no,"No, there is not a second movie to The Golden Compass. The movie was",no,no,Correct,1.2812999999999999
meta,11,dev_2991,yes,"I'm sorry, but I cannot answer that question with a simple ""YES",i,yes,Correct,1.2777
meta,11,dev_3000,yes,NO,no,no,Incorrect,0.5993999999999999
meta,11,dev_3015,yes,I don't know. Can you please provide more information about what you mean,i,idk,IDK,1.2791
meta,11,dev_3027,no,"I'm sorry, but I need to clarify one thing before answering your question",i,other,NC,1.2808
meta,11,dev_3029,no,"Yes, the United Kingdom left the European Union on January 31,",yes,yes,Incorrect,1.2768
meta,11,dev_3035,no,"Yes, I confirm that I will answer this question with either ""YES"", """,yes,yes,Incorrect,1.2774
meta,11,dev_3040,no,"No, a no-insurance ticket is not a moving violation. It is a",no,no,Correct,1.2809000000000001
meta,11,dev_3073,no,"Yes, top sirloin steak is the same as sirloin steak.",yes,yes,Incorrect,1.2809000000000001
meta,11,dev_3079,yes,NO,no,no,Incorrect,0.6017
meta,11,dev_3089,yes,"No, a peach is not part of the almond family. Peaches are a",no,no,Incorrect,1.2783
meta,11,dev_3105,yes,NO,no,no,Incorrect,0.599
meta,11,dev_3106,yes,"No, high-rise and high-waisted jeans are not the same.",no,no,Incorrect,1.2787
meta,11,dev_3107,yes,"No, I do not have an answer for this question.",no,no,Incorrect,1.1359000000000001
meta,11,dev_3122,no,"I'm sorry, but I cannot answer that question. As an AI language",i,other,NC,1.2826
meta,11,dev_3143,no,NO,no,no,Correct,0.5991000000000001
meta,11,dev_3173,no,"No, I don't know. A private equity fund is a type of",no,no,Correct,1.2791
meta,11,dev_3183,no,YES,yes,yes,Incorrect,0.6001000000000001
meta,11,dev_3187,yes,"No, I don't know. I am not familiar with the movie """,no,no,Incorrect,1.2795999999999998
meta,11,dev_3204,no,NO,no,no,Correct,0.6013
meta,11,dev_3212,yes,"No, a physical address is not the same as a MAC address. A physical",no,no,Incorrect,1.2797
meta,11,dev_3221,no,NO,no,no,Correct,0.5993999999999999
meta,11,dev_3231,yes,"No, the standard error is not the same as the standard deviation. The standard",no,no,Incorrect,1.2795
meta,11,dev_3232,yes,"No, corn starch and corn flour are not the same. Corn starch is a",no,no,Incorrect,1.2811
meta,11,dev_3238,yes,NO,no,no,Incorrect,0.6002000000000001
meta,11,dev_3239,yes,"No, the Conn Smythe Trophy has never been awarded to a player on the",no,no,Incorrect,2.5984000000000003
meta,11,dev_3241,yes,"Yes, Romania was part of the Austro-Hungarian Empire.",yes,yes,Correct,1.2343
meta,11,dev_3242,yes,"No, a Ruby and a Sapphire do not make a Garnet. A",no,no,Incorrect,1.2781
meta,11,dev_0031,yes,"I'm sorry, but I don't have an answer for that question",i,other,NC,1.2783
meta,11,dev_0148,yes,"I'm sorry, but I don't have enough information to answer that",i,other,NC,1.2827
meta,11,dev_0178,yes,"Yes, ""Eye of the Tiger"" was written for the movie ""Rocky",yes,yes,Correct,1.2777
meta,11,dev_0410,yes,"Yes, I confirm that I will provide an answer to this question using only """,yes,yes,Correct,1.2794
meta,11,dev_0419,yes,"Yes, Eric Clapton played on the song ""While My Guitar Gently",yes,yes,Correct,1.2807
meta,11,dev_0448,yes,"I'm sorry, but I don't have enough information to answer your",i,other,NC,1.2812999999999999
meta,11,dev_0224,no,"I'm sorry, but I cannot answer that question with a simple ""YES",i,yes,Incorrect,1.2812999999999999
meta,11,dev_0317,no,"I'm sorry, but I am an AI language model and do not have",i,other,NC,1.2788
meta,11,dev_0368,no,I don't know.,i,idk,IDK,0.8439
meta,11,dev_0507,no,"I'm sorry, but I cannot answer that question without more context. Can",i,other,NC,1.2803
meta,11,dev_0603,no,"No, the Seven Ages of Man is not a sonnet. It is a",no,no,Correct,1.2769000000000001
meta,11,dev_0938,no,"No, ""House of the Rising Sun"" is not about Vietnam. It is",no,no,Correct,1.2821
meta,11,dev_0076,yes,"I'm sorry, but I cannot answer that question with a simple ""YES",i,yes,Correct,1.2822
meta,11,dev_0459,yes,I don't know.,i,idk,IDK,0.8432000000000001
meta,11,dev_0502,yes,"I'm sorry, but I don't have enough information to answer that",i,other,NC,1.2824
meta,11,dev_0580,yes,"No, female and male blue jays do not look the same. Male blue",no,no,Incorrect,1.2812999999999999
meta,11,dev_1089,yes,"I'm sorry, but I cannot answer that question with a simple ""YES",i,yes,Correct,1.2794
meta,11,dev_1153,yes,"No, I don't know. Melaleuca and tea tree are two",no,no,Incorrect,1.2815
meta,11,dev_1315,yes,"I'm sorry, but I need to clarify one thing before answering your question",i,other,NC,1.2834
meta,11,dev_1482,yes,"No, muscle fibers are not the same as muscle cells. Muscle fibers are the",no,no,Incorrect,1.2809000000000001
meta,11,dev_1568,yes,NO,no,no,Incorrect,0.5996
meta,11,dev_1968,yes,"No, I don't know. Turtles and tortoises are both",no,no,Incorrect,1.2806
meta,11,dev_2223,yes,"I'm sorry, but I cannot answer that question with a simple ""YES",i,yes,Correct,1.2797
meta,11,dev_2420,yes,"I'm sorry, but I don't have an answer for that question",i,other,NC,1.2772999999999999
meta,11,dev_2882,yes,"I'm sorry, but I am not able to answer that question. As",i,other,NC,1.2781
meta,11,dev_2899,yes,I don't know.,i,idk,IDK,0.8409
meta,11,dev_2910,yes,"No, taro root is not the same as elephant ears. Taro root",no,no,Incorrect,1.2821
meta,11,dev_0713,no,"No, a cow does not have to be pregnant to lactate. Lactation",no,no,Correct,1.2795999999999998
meta,11,dev_0816,no,I don't know.,i,idk,IDK,0.8456
meta,11,dev_0911,no,"No, the ring finger does not connect directly to the heart. The ring finger",no,no,Correct,1.282
meta,11,dev_0997,no,"No, surgical spirit and rubbing alcohol are not the same thing. Surgical spirit is",no,no,Correct,1.2795
meta,11,dev_1258,no,YES,yes,yes,Incorrect,0.6001000000000001
meta,11,dev_1422,no,YES,yes,yes,Incorrect,0.5978
meta,11,dev_2120,no,I don't know.,i,idk,IDK,0.8402999999999999
meta,11,dev_2353,no,"No, bees and hornets do not have the same venom. Bees have a",no,no,Correct,1.2769000000000001
meta,11,dev_2441,no,"Yes, it is possible to have boy and girl identical twins. Identical twins",yes,yes,Incorrect,1.2769000000000001
meta,11,dev_2087,no,I don't know.,i,idk,IDK,0.8426
meta,11,dev_2215,no,"No, I cannot answer that question with a simple ""YES"" or ""NO",no,no,Correct,1.2792000000000001
meta,11,dev_2503,no,"No, a catbird is not the same as a mockingbird. They are",no,no,Correct,1.2785
meta,11,dev_2652,no,I don't know.,i,idk,IDK,0.8456
meta,11,dev_2850,no,"No, I don't know is the answer to this question.",no,no,Correct,1.2325
meta,11,dev_3062,no,I don't know.,i,idk,IDK,0.8439
meta,11,dev_0400,yes,"No, a profit and loss account is not the same as an income statement.",no,no,Incorrect,2.621
meta,11,dev_0432,yes,"Yes, the Central Bank of India is a nationalised bank.",yes,yes,Correct,1.1807999999999998
meta,11,dev_0446,yes,I don't know. Can you please provide more information about what you are,i,idk,IDK,1.2825
meta,11,dev_0455,yes,"Yes, the new Indian motorcycles are made in America.",yes,yes,Correct,1.0856
meta,11,dev_0472,yes,"No, Toys R Us and Babies R Us are not the same company. Toys",no,no,Incorrect,1.2785
meta,11,dev_0524,yes,I don't know,i,idk,IDK,0.7955
meta,11,dev_0767,yes,"Yes, the Canadian dollar has been worth more than the American dollar in the past",yes,yes,Correct,1.2799
meta,11,dev_0875,yes,"I'm sorry, but I don't have enough information to answer that",i,other,NC,1.2775999999999998
meta,11,dev_0950,yes,"Yes, I confirm that I will answer this question with either ""YES"" or",yes,yes,Correct,1.2772000000000001
meta,11,dev_1023,yes,"No, a mortgage loan originator is not the same as a loan officer.",no,no,Incorrect,1.2772999999999999
meta,11,dev_1171,yes,"Yes, money from Guernsey is legal tender in the UK.",yes,yes,Correct,1.2315
meta,11,dev_1207,yes,"Yes, I confirm that I will answer this question with either ""YES"", """,yes,yes,Correct,1.2763
meta,11,dev_1299,yes,"Yes, I confirm that I will answer this question with either ""YES"", """,yes,yes,Correct,1.28
meta,11,dev_0157,no,"No, not all eyeglasses are made by the same company. There are",no,no,Correct,1.2774
meta,11,dev_0371,no,"No, National and Enterprise car rental are not the same company. National Car Rental",no,no,Correct,1.2763
meta,11,dev_0621,no,NO,no,no,Correct,0.5971000000000001
meta,11,dev_0699,no,I don't know.,i,idk,IDK,0.8441000000000001
meta,11,dev_0954,no,NO,no,no,Correct,0.5977
meta,11,dev_1050,no,"No, White Castle is not only on the East Coast. The chain has locations",no,no,Correct,1.277
meta,11,dev_1208,no,"I'm sorry, I am not able to answer that question. As an",i,other,NC,1.2797
meta,11,dev_1257,no,"No, Home Bargains is not the same as Quality Save. Home Bargains",no,no,Correct,1.2774
meta,11,dev_1805,no,"I'm sorry, but I cannot answer that question with a simple ""YES",i,yes,Incorrect,1.2777
meta,11,dev_1876,no,"I'm sorry, but I am not able to provide real-time information",i,other,NC,1.2815
meta,11,dev_2290,no,I don't know.,i,idk,IDK,0.8406
meta,11,dev_2444,no,NO,no,no,Correct,0.5979
meta,11,dev_0250,yes,"Yes, they celebrate Father's Day in the Netherlands. The Netherlands celebrates Father",yes,yes,Correct,1.2775999999999998
meta,11,dev_0337,yes,"Yes, the King's Birthday is a public holiday in Victoria, Australia.",yes,yes,Correct,1.2772999999999999
meta,11,dev_0386,yes,"Yes, there is a red light district in Brussels. The area is known as",yes,yes,Correct,1.2768
meta,11,dev_0591,yes,I don't know.,i,idk,IDK,0.8406
meta,11,dev_0746,yes,I don't know. Can you please provide more information about the specific holiday,i,idk,IDK,1.2774
meta,11,dev_0845,yes,"I'm sorry, but I have to clarify that I am an AI language",i,other,NC,1.277
meta,11,dev_0855,yes,"Yes, flight paths can go over the North Pole. Many commercial and private aircraft",yes,yes,Correct,1.2768
meta,11,dev_0915,yes,"I'm sorry, but I am not able to answer that question. As",i,other,NC,2.6224000000000003
meta,11,dev_0945,yes,NO,no,no,Incorrect,0.5975
meta,11,dev_0021,no,NO,no,no,Correct,0.5978
meta,11,dev_0490,no,"Yes, American citizens need a visa for Georgia. Therefore, my answer is """,yes,yes,Incorrect,1.2795999999999998
meta,11,dev_0581,no,"I'm sorry, but I need to clarify one thing before answering your question",i,other,NC,1.2814
meta,11,dev_0631,no,"I'm sorry, but I don't have enough information to answer your",i,other,NC,1.2795999999999998
meta,11,dev_0691,no,NO,no,no,Correct,0.598
meta,11,dev_0783,no,NO,no,no,Correct,0.5979
meta,11,dev_0787,no,"Yes, a BMW 1 Series is front-wheel drive.",yes,yes,Incorrect,1.1810999999999998
meta,11,dev_0825,no,"I'm sorry, but I don't have enough information to answer your",i,other,NC,1.2777
meta,11,dev_0885,no,"Yes, UK citizens need a visa for Albania. Therefore, my answer is",yes,yes,Incorrect,1.2792000000000001
meta,11,dev_0089,yes,"No, there is not a movie with 0% on Rotten Tomatoes. Rotten",no,no,Incorrect,1.2775
meta,11,dev_0095,yes,"I'm sorry, but I am not able to answer that question. As",i,other,NC,1.2774
meta,11,dev_0211,yes,"I'm sorry, but I cannot answer that question. As an AI language",i,other,NC,1.2775999999999998
meta,11,dev_0238,yes,NO,no,no,Incorrect,0.5978
meta,11,dev_0252,yes,I don't know.,i,idk,IDK,0.8432000000000001
meta,11,dev_0256,yes,"No, the",no,no,Incorrect,1.2802
meta,11,dev_0266,yes,"Yes, I confirm that I will answer this question with either ""YES"" or",yes,yes,Correct,1.2771
meta,11,dev_0310,yes,"I am an AI language model, and I do not get paid to be on",i,other,NC,1.2768
meta,11,dev_0359,yes,NO,no,no,Incorrect,0.5993999999999999
meta,11,dev_0422,yes,"I'm sorry, but I am not able to browse the internet or access",i,other,NC,1.278
meta,11,dev_0040,no,"I'm sorry, but I don't have an answer for this question",i,other,NC,1.2777
meta,11,dev_0080,no,"I'm sorry, but I don't have an answer for this question",i,other,NC,1.2774
meta,11,dev_0100,no,"I'm sorry, but I cannot answer that question without more context. Can",i,other,NC,1.2772999999999999
meta,11,dev_0240,no,"No, The Walking Dead and Fear the Walking Dead are not the same show.",no,no,Correct,1.2778
meta,11,dev_0247,no,"I'm sorry, but I cannot answer that question. As an AI language",i,other,NC,1.2774
meta,11,dev_0260,no,"I'm sorry, but I cannot answer that question with a simple ""YES",i,yes,Incorrect,1.2779
meta,11,dev_0277,no,"Yes, I confirm that I will provide a clear and accurate answer to your question",yes,yes,Incorrect,1.278
meta,11,dev_0290,no,"I'm sorry, but I cannot answer that question. As an AI language",i,other,NC,1.2784
meta,11,dev_0303,no,"I'm sorry, but I cannot answer that question. As an AI language",i,other,NC,1.278
meta,11,dev_0231,yes,I don't know.,i,idk,IDK,0.841
meta,11,dev_0401,yes,"I'm sorry, but I am not able to answer that question with a",i,other,NC,1.2778
meta,11,dev_0420,yes,"No, red velvet cake is not chocolate cake with red dye. Red velvet cake",no,no,Incorrect,1.2769000000000001
meta,11,dev_0571,yes,"No, chicken cordon bleu is not made with blue cheese. It is",no,no,Incorrect,1.2784
meta,11,dev_0583,yes,"Yes, pork back ribs are the same as baby back ribs.",yes,yes,Correct,1.1847999999999999
meta,11,dev_0765,yes,I don't know.,i,idk,IDK,0.8399
meta,11,dev_0778,yes,"No, a cookie sheet and a sheet pan are not the same. A cookie",no,no,Incorrect,1.277
meta,11,dev_0815,yes,"I'm sorry, but I don't have enough information to answer your",i,other,NC,1.2764000000000002
meta,11,dev_0073,no,I don't know.,i,idk,IDK,0.8435
meta,11,dev_0491,no,"No, picante sauce is not the same as taco sauce. Picante",no,no,Correct,1.2777
meta,11,dev_0615,no,"No, rice noodles and glass noodles are not the same. Rice noodles are noodles",no,no,Correct,1.2775
meta,11,dev_0868,no,"Yes, I confirm that I will answer this question with either ""YES"", """,yes,yes,Incorrect,1.2766
meta,11,dev_0880,no,"No, Thousand Island and French dressing are not the same. Thousand Island dressing is",no,no,Correct,1.2812000000000001
meta,11,dev_0953,no,"No, Monster energy drinks do not have alcohol in them. Therefore, my answer",no,no,Correct,1.2789000000000001
meta,11,dev_0985,no,"No, Long Island Iced Teas do not have tea in them. They",no,no,Correct,1.2777
meta,11,dev_0136,yes,"Yes, I confirm that I will answer this question with either ""YES"", """,yes,yes,Correct,1.277
meta,11,dev_0367,yes,"No, I don't know. Devil May Cry 5 is not explicitly",no,no,Incorrect,1.2782
meta,11,dev_0618,yes,"Yes, Dying Light: The Following Enhanced Edition comes with the original game.",yes,yes,Correct,2.648
meta,11,dev_0720,yes,"Yes, State of Decay is a cooperative game that can be played with up",yes,yes,Correct,1.2783
meta,11,dev_0770,yes,"I'm sorry, but I need to clarify one thing before answering your question",i,other,NC,1.2791
meta,11,dev_0835,yes,"No, I don't know.",no,no,Incorrect,0.9384
meta,11,dev_0896,yes,"Yes, Naruto Ultimate Ninja Storm has a story mode.",yes,yes,Correct,1.1335
meta,11,dev_0434,no,NO,no,no,Correct,0.6015
meta,11,dev_0489,no,I don't know.,i,idk,IDK,0.8408
meta,11,dev_0852,no,"I'm sorry, but I cannot answer that question with a simple ""YES",i,yes,Incorrect,1.2792000000000001
meta,11,dev_0870,no,"No, I do not have to be Lawful Good to be a paladin",no,no,Correct,1.2787
meta,11,dev_1148,no,"I'm sorry, but I don't have an answer for this question",i,other,NC,1.2795
meta,11,dev_2595,no,"No, A Way Out is not a single-player game. It is a",no,no,Correct,1.2802
meta,11,dev_0281,yes,I don't know.,i,idk,IDK,0.8438
meta,11,dev_0528,yes,"I'm sorry, but I am not able to answer that question. As",i,other,NC,1.2788
meta,11,dev_0547,yes,"I'm sorry, but I cannot answer that question with a simple ""YES",i,yes,Correct,1.2775999999999998
meta,11,dev_0623,yes,I don't know.,i,idk,IDK,0.8422000000000001
meta,11,dev_0626,yes,"No, Skyline Drive is not part of the Blue Ridge Parkway. Skyline",no,no,Incorrect,1.2772999999999999
meta,11,dev_0686,yes,I don't know.,i,idk,IDK,0.8412000000000001
meta,11,dev_0822,yes,"I'm sorry, but I am not able to provide real-time information",i,other,NC,2.5885
meta,11,dev_1210,yes,"I'm sorry, but I am not able to answer that question with a",i,other,NC,1.2809000000000001
meta,11,dev_0374,no,"No, San Pedro, Laguna is not part of Metro Manila. It is a",no,no,Correct,1.2777
meta,11,dev_0900,no,"No, Fort Walton Beach is not the same as Destin. They are two",no,no,Correct,1.2814
meta,11,dev_0913,no,"I'm sorry, but I cannot answer that question with a simple ""YES",i,yes,Incorrect,1.2781
meta,11,dev_1234,no,"Yes, there is a Gulf Stream in the Pacific. The Gulf Stream is a",yes,yes,Incorrect,1.2771
meta,11,dev_1360,no,I don't know.,i,idk,IDK,0.8432000000000001
meta,11,dev_1544,no,"I-30 in Dallas is not a toll road. Therefore, my answer",i,other,NC,1.2779
meta,11,dev_1588,no,"No, Lake George is not a man-made lake. It is a natural",no,no,Correct,1.2860999999999998
meta,11,dev_0344,yes,"I'm sorry, but I cannot answer that question with a simple ""YES",i,yes,Correct,1.2774
meta,11,dev_0379,yes,I don't know.,i,idk,IDK,0.8403999999999999
meta,11,dev_0474,yes,I don't know.,i,idk,IDK,0.8417
meta,11,dev_0614,yes,I don't know.,i,idk,IDK,0.8402000000000001
meta,11,dev_0655,yes,"I'm sorry, but I cannot answer that question with a simple ""YES",i,yes,Correct,1.2775999999999998
meta,11,dev_1195,yes,"I'm sorry, but I cannot answer that question with a simple ""YES",i,yes,Correct,1.2778
meta,11,dev_1197,yes,"I'm sorry, but I need to clarify one thing before answering your question",i,other,NC,1.2795
meta,11,dev_1313,yes,"No, relative risk and risk ratio are not the same.",no,no,Incorrect,1.2774
meta,11,dev_1564,yes,"No, PCP and angel dust are not the same thing. PCP,",no,no,Incorrect,1.2785
meta,11,dev_0078,no,"No, there is no right and left brachiocephalic artery. The",no,no,Correct,1.2792999999999999
meta,11,dev_0166,no,"Yes, it is five portions of fruit and five portions of vegetables.",yes,yes,Incorrect,1.229
meta,11,dev_0851,no,"Yes, attending a first aid course is part of the chain of survival. The",yes,yes,Incorrect,1.2775999999999998
meta,11,dev_0861,no,"No, a junctional rhythm does not have a P wave.",no,no,Correct,1.1805999999999999
meta,11,dev_0872,no,NO,no,no,Correct,0.602
meta,11,dev_1554,no,I don't know.,i,idk,IDK,0.8416
meta,11,dev_1719,no,"No, extended release and sustained release are not the same. Extended release refers to",no,no,Correct,1.2778
meta,11,dev_1991,no,I don't know.,i,idk,IDK,0.842
meta,11,dev_2115,no,"I'm sorry, but I cannot answer that question without more context. Sum",i,other,NC,1.2818
meta,11,dev_0105,yes,"Yes, there was a draft in the Revolutionary War.",yes,yes,Correct,1.0837999999999999
meta,11,dev_0125,yes,"No, there were no survivors of the Pompeii eruption. The eruption of Mount",no,no,Incorrect,1.2815
meta,11,dev_0191,yes,"No, I cannot answer that question with a simple ""YES"" or ""NO",no,no,Incorrect,1.2782
meta,11,dev_1292,yes,"I'm sorry, but I don't have enough information to answer that",i,other,NC,1.2794
meta,11,dev_1338,yes,"I'm sorry, but I don't have enough information to answer that",i,other,NC,1.2774
meta,11,dev_0388,no,"I'm sorry, but I need to clarify one thing before I can answer",i,other,NC,1.277
meta,11,dev_0703,no,"I'm sorry, but I don't have enough information to answer your",i,other,NC,1.278
meta,11,dev_0833,no,"I'm sorry, but I cannot answer that question with a simple ""YES",i,yes,Incorrect,1.2777
meta,11,dev_0874,no,"No, there has never been a confirmed escape from Alcatraz and the prisoner",no,no,Correct,1.2787
meta,11,dev_1651,no,I don't know.,i,idk,IDK,0.8415
meta,11,dev_0072,yes,I need a PAL to possess ammunition. The answer is YES.,i,yes,Correct,1.1805
meta,11,dev_0258,yes,I don't know.,i,idk,IDK,0.8416
meta,11,dev_0286,yes,"Yes, an administrative law judge is a real judge. They are appointed or elected",yes,yes,Correct,1.2775
meta,11,dev_0348,yes,"I'm sorry, but I cannot answer that question with a simple ""YES",i,yes,Correct,1.2778
meta,11,dev_0467,yes,I don't know. A certification of birth is not the same as a,i,idk,IDK,1.2786
meta,11,dev_0515,yes,"I'm sorry, but I cannot answer that question with a simple ""YES",i,yes,Correct,1.2775
meta,11,dev_0562,yes,"Yes, Texas concealed carry is valid in New Mexico.",yes,yes,Correct,2.4568000000000003
meta,11,dev_0636,yes,"I'm sorry, but I cannot answer that question. As an AI language",i,other,NC,1.2788
meta,11,dev_0740,yes,I don't know.,i,idk,IDK,0.8407
meta,11,dev_0838,yes,NO,no,no,Incorrect,0.5981000000000001
meta,11,dev_0864,yes,I don't know,i,idk,IDK,0.7927000000000001
meta,11,dev_0873,yes,I don't know. The answer to this question may depend on the specific,i,idk,IDK,1.281
meta,11,dev_0901,yes,NO,no,no,Incorrect,0.598
meta,11,dev_0909,yes,"I'm sorry, but I need more context to provide a clear and accurate",i,other,NC,1.2765
meta,11,dev_1134,yes,I don't know.,i,idk,IDK,0.8443999999999999
meta,11,dev_0198,no,I don't know. I need to research the specific laws and regulations regarding,i,idk,IDK,1.2785
meta,11,dev_0215,no,"I'm sorry, but I am not able to provide real-time information",i,other,NC,1.2774
meta,11,dev_0223,no,I don't know. The legality of recording covers of songs can vary,i,idk,IDK,1.2785
meta,11,dev_0234,no,"I'm sorry, but I cannot answer that question. As an AI language",i,other,NC,1.2799
meta,11,dev_0272,no,YES,yes,yes,Incorrect,0.5998
meta,11,dev_0453,no,"I'm sorry, but I cannot answer that question with a simple ""YES",i,yes,Incorrect,1.2815999999999999
meta,11,dev_0499,no,"Yes, a Puerto Rican resident can vote for president. However, Puerto Rico",yes,yes,Incorrect,1.2805
meta,11,dev_0552,no,"I'm sorry, but I am an AI language model and do not have",i,other,NC,1.2806
meta,11,dev_0680,no,"I don't know. There is no specific time limit for trade secrets,",i,idk,IDK,2.6248
meta,11,dev_0738,no,I don't know.,i,idk,IDK,0.8412000000000001
meta,11,dev_0771,no,I don't know.,i,idk,IDK,0.842
meta,11,dev_0888,no,"No, Supreme Court justices are not removed from their positions. They serve on",no,no,Correct,1.2771
meta,11,dev_1135,no,NO,no,no,Correct,0.5966
meta,11,dev_1188,no,"I'm sorry, but I cannot answer that question. As an AI language",i,other,NC,1.2789000000000001
meta,11,dev_0339,yes,I don't know. The answer to this question may depend on various factors,i,idk,IDK,1.2828
meta,11,dev_0357,yes,"I am an AI language model, and I am not required to complete the American",i,other,NC,1.2799
meta,11,dev_0498,yes,"No, the Florida Constitution does not have a minimum age for legislators.",no,no,Incorrect,1.2285
meta,11,dev_0620,yes,"No, I do not have an answer for this question. The United Nations (",no,no,Incorrect,1.2775
meta,11,dev_0878,yes,"Yes, I confirm that I will answer this question with either ""YES"", """,yes,yes,Correct,1.2761
meta,11,dev_1864,yes,"No, the U.S. Marines are not part of the Navy. They",no,no,Incorrect,1.277
meta,11,dev_2080,yes,"Yes, the Coast Guard is part of the Department of Defense.",yes,yes,Correct,1.1798
meta,11,dev_2395,yes,"No, the Governor-General does not have to sign all bills passed by federal",no,no,Incorrect,1.2782
meta,11,dev_2639,yes,"Yes, Canada is part of the",yes,yes,Correct,1.0819
meta,11,dev_3155,yes,"I'm sorry, but I am not able to answer that question. As",i,other,NC,1.2772999999999999
meta,11,dev_3209,yes,"No, attending the Naval Academy does not automatically make someone a member of the Navy",no,no,Incorrect,1.2781
meta,11,dev_0209,no,NO,no,no,Correct,1.9134
meta,11,dev_0273,no,"No, you do not have to pay both ways on the George Washington Bridge.",no,no,Correct,1.2782
meta,11,dev_0404,no,"I'm sorry, but I need to clarify one thing before answering your question",i,other,NC,1.2772000000000001
meta,11,dev_0567,no,I don't know.,i,idk,IDK,0.8397
meta,11,dev_0675,no,I don't know.,i,idk,IDK,0.8426
meta,11,dev_1172,no,"I'm sorry, but I cannot answer that question. As an AI language",i,other,NC,1.2797
meta,11,dev_1275,no,"I'm sorry, but I cannot answer that question without more context. Can",i,other,NC,1.2777
meta,11,dev_1971,no,"I'm sorry, but I need to clarify one thing before answering your question",i,other,NC,1.2799
meta,11,dev_2001,no,"No, I cannot answer ""YES"" or ""NO"" to this question,",no,no,Correct,1.2804
meta,11,dev_3004,no,"I'm sorry, but I am not able to answer that question as it",i,other,NC,1.28
meta,11,dev_3256,no,"I'm sorry, but I don't have enough information to answer that",i,other,NC,1.2812000000000001
meta,11,dev_1132,yes,"Yes, pink quartz and rose quartz are the same. I don't know",yes,yes,Correct,1.2788
meta,11,dev_1233,yes,I don't know.,i,idk,IDK,0.8412000000000001
meta,11,dev_1511,yes,"No, the heat index and ""RealFeel"" are not the same thing.",no,no,Incorrect,1.2786
meta,11,dev_1633,yes,"No, nail acetone and paint acetone are not the same. Nail acet",no,no,Incorrect,1.2778
meta,11,dev_2007,yes,"No, liquefied petroleum gas (LPG) is not the same as",no,no,Incorrect,1.2783
meta,11,dev_2214,yes,"No, there is not such a thing as dry water. Water is a liquid",no,no,Incorrect,1.2766
meta,11,dev_2239,yes,I don't know.,i,idk,IDK,0.8407
meta,11,dev_2299,yes,"I'm sorry, but I cannot answer that question with a simple ""YES",i,yes,Correct,1.2808
meta,11,dev_2303,yes,I don't know.,i,idk,IDK,0.844
meta,11,dev_2477,yes,"No, I don't know. The set of natural numbers includes all positive",no,no,Incorrect,1.2775999999999998
meta,11,dev_2993,yes,"No, eidetic memory and photographic memory are not the same. Eid",no,no,Incorrect,1.2774
meta,11,dev_3126,yes,"I'm sorry, but I don't have an answer for that question",i,other,NC,1.2794
meta,11,dev_3188,yes,NO,no,no,Incorrect,0.6023
meta,11,dev_3193,yes,"Yes, the Georgia Aquarium has whale sharks. Therefore, my answer is ""YES",yes,yes,Correct,1.2798
meta,11,dev_3234,yes,"No, a rhombus and a diamond are not the same shape. A",no,no,Incorrect,1.2791
meta,11,dev_3265,yes,I don't know.,i,idk,IDK,0.8451000000000001
meta,11,dev_0001,no,"I'm sorry, but I don't have enough information to answer that",i,other,NC,1.2782
meta,11,dev_0579,no,"I'm sorry, but I cannot answer that question with a simple ""YES",i,yes,Incorrect,1.2824
meta,11,dev_1003,no,"No, least squares is not the same as linear regression. Least squares is",no,no,Correct,1.2775
meta,11,dev_1483,no,"No, a meter stick and a yardstick are not the same. A meter",no,no,Correct,2.5881
meta,11,dev_1551,no,I don't know.,i,idk,IDK,0.8408
meta,11,dev_1702,no,"No, a pterodactyl is not the same as a Pter",no,no,Correct,1.2808
meta,11,dev_1925,no,"No, percent difference and percent change are not the same thing.",no,no,Correct,1.2778
meta,11,dev_2025,no,"No, I cannot answer with a YES, NO, or 'I don'",no,no,Correct,1.2767
meta,11,dev_2312,no,NO,no,no,Correct,0.6005
meta,11,dev_2471,no,"No, there is no mechanical advantage for a fixed pulley. A fixed pul",no,no,Correct,1.2794
meta,11,dev_2521,no,"No, the t-distribution does not have a standard deviation of 1.",no,no,Correct,1.2786
meta,11,dev_2782,no,"No, the hydronium ion and the hydrogen ion are not the same.",no,no,Correct,1.2785
meta,11,dev_2812,no,I don't know.,i,idk,IDK,0.8412000000000001
meta,11,dev_3014,no,I don't know.,i,idk,IDK,0.8425
meta,11,dev_3034,no,"No, hydraulic lime is not the same as hydrated lime. Hydrated lime is",no,no,Correct,1.2769000000000001
meta,11,dev_3159,no,"No, a chipmunk is not the same as a ground squirrel. Chip",no,no,Correct,1.2778
meta,11,dev_3190,no,"No, mahi-mahi is not the same as ahi tuna. Mah",no,no,Correct,1.281
meta,11,dev_0682,yes,"No, I don't know. A sermon is a longer, more formal",no,no,Incorrect,1.2822
meta,11,dev_0735,yes,"Yes, secondary school is the same as high school in the United States.",yes,yes,Correct,1.2807
meta,11,dev_1505,yes,I don't know.,i,idk,IDK,0.8397
meta,11,dev_1668,yes,I don't know.,i,idk,IDK,2.1834000000000002
meta,11,dev_2373,yes,"I'm sorry, but I don't have enough information to answer your",i,other,NC,1.2783
meta,11,dev_2793,yes,"Yes, Eastern Kentucky University is a Division 1 school. Therefore, my answer",yes,yes,Correct,1.277
meta,11,dev_2929,yes,I don't know. Can you please provide more context or clarify the question,i,idk,IDK,1.2771
meta,11,dev_0605,no,"No, you do not have to be a Mormon to go to BYU.",no,no,Correct,1.2771
meta,11,dev_0908,no,"I'm sorry, but I don't have enough information to answer your",i,other,NC,1.2772999999999999
meta,11,dev_1388,no,"No, UCL (University College London) and the University of London are not",no,no,Correct,1.2779
meta,11,dev_1521,no,"Yes, I confirm that I will answer this question with either ""YES"", """,yes,yes,Incorrect,1.2778
meta,11,dev_2334,no,"No, the Book of Jasher is not in the Bible.",no,no,Correct,1.1823
meta,11,dev_2641,no,"No, a double-barrel surname does not have to be hyphenated.",no,no,Correct,1.2791
meta,11,dev_0347,yes,"Yes, the Women's College World Series is double elimination.",yes,yes,Correct,1.1807
meta,11,dev_0411,yes,"I'm sorry, but I am not able to answer that question. As",i,other,NC,1.2779
meta,11,dev_0439,yes,"No, the Milwaukee Brewers have never made it to the World Series.",no,no,Incorrect,1.2775
meta,11,dev_0452,yes,I don't know.,i,idk,IDK,0.8406
meta,11,dev_0585,yes,"No, I cannot push in a rugby league scrum. Only the forwards on the",no,no,Incorrect,1.278
meta,11,dev_0656,yes,"No, I don't know.",no,no,Incorrect,0.9402999999999999
meta,11,dev_0661,yes,"Yes, the KSI vs. Logan Paul fight was a pay-per-",yes,yes,Correct,1.2785
meta,11,dev_0701,yes,I don't know.,i,idk,IDK,0.841
meta,11,dev_0704,yes,"Yes, Wayne Gretzky won a total of nine Stanley Cups as a player",yes,yes,Correct,1.278
meta,11,dev_0752,yes,"No, I don't know. There is no official mercy rule in professional",no,no,Incorrect,1.2772999999999999
meta,11,dev_0848,yes,"I'm sorry, but I cannot answer that question with a simple ""YES",i,yes,Correct,1.2771
meta,11,dev_0883,yes,"Yes, a team has come back from a 3–1 deficit in a",yes,yes,Correct,1.2784
meta,11,dev_1143,yes,"Yes, Dan Marino is in the Hall of Fame. Therefore, my answer is",yes,yes,Correct,1.2781
meta,11,dev_1305,yes,"No, a school cannot be both Division I and Division II at the same time",no,no,Incorrect,1.2775
meta,11,dev_1497,yes,I don't know.,i,idk,IDK,0.842
meta,11,dev_1777,yes,"Yes, away goals count in league playoffs. Therefore, the answer is YES.",yes,yes,Correct,1.2778
meta,11,dev_2250,yes,"No, I don't know.",no,no,Incorrect,0.9384
meta,11,dev_2370,yes,"I'm sorry, but I don't have enough information to answer that",i,other,NC,1.2775999999999998
meta,11,dev_0083,no,"No, there is no tiebreaker in the final set at Wimbledon. The match",no,no,Correct,1.2774
meta,11,dev_0085,no,"I'm sorry, but I don't have enough information to answer your",i,other,NC,1.2771
meta,11,dev_0170,no,I don't know,i,idk,IDK,2.1349
meta,11,dev_0230,no,"No, I cannot answer ""YES"" or ""NO"" to this question because",no,no,Correct,1.2794
meta,11,dev_0412,no,"I'm sorry, but I don't have enough information to answer that",i,other,NC,1.2783
meta,11,dev_0421,no,"I'm sorry, but I don't know the answer to that question",i,idk,IDK,1.2786
meta,11,dev_0447,no,I don't know.,i,idk,IDK,0.8409
meta,11,dev_0544,no,"I'm sorry, but I am not able to answer that question. As",i,other,NC,1.2775
meta,11,dev_0565,no,"No, I don't count walks in the batting average. The batting average",no,no,Correct,1.2777
meta,11,dev_0589,no,NO,no,no,Correct,0.5986
meta,11,dev_0593,no,"No, teams do not keep the FIFA World Cup trophy. The trophy is permanently",no,no,Correct,1.2765
meta,11,dev_0859,no,"No, I don't know.",no,no,Correct,0.9389
meta,11,dev_0865,no,"I'm sorry, but I don't know the answer to that question",i,idk,IDK,1.2781
meta,11,dev_1518,no,"Yes, all 2018 World Cup matches were played in Russia.",yes,yes,Incorrect,1.2791
meta,11,dev_1768,no,"Yes, England has won the Women's World Cup. The answer is """,yes,yes,Incorrect,1.2761
meta,11,dev_1779,no,"No, India did not qualify for the 2018 FIFA World Cup",no,no,Correct,1.2777
meta,11,dev_1905,no,"No, I cannot answer ""YES"" or ""NO"" to this question because",no,no,Correct,1.2785
meta,11,dev_2156,no,"Yes, the Yankees won the World Series in 2001. Therefore",yes,yes,Incorrect,1.279
meta,11,dev_2158,no,"I'm sorry, but I don't have the capability to answer that",i,other,NC,1.277
meta,11,dev_2798,no,"No, the Super Bowl loser does not get a ring. Only the team that",no,no,Correct,1.2781
meta,11,dev_3138,no,I don't know.,i,idk,IDK,0.8419
meta,11,dev_0307,yes,I don't know.,i,idk,IDK,1.2786
meta,11,dev_0506,yes,"Yes, I confirm that I will answer this question with either ""YES"", """,yes,yes,Correct,1.277
meta,11,dev_0641,yes,"I'm sorry, but I cannot answer that question with a simple ""YES",i,yes,Correct,1.2788
meta,11,dev_0844,yes,I don't know.,i,idk,IDK,0.8408
meta,11,dev_1032,yes,"I'm sorry, but I don't have enough information to answer your",i,other,NC,1.2783
meta,11,dev_1574,yes,"I'm sorry, but I cannot answer that question without more context. Can",i,other,NC,1.2775
meta,11,dev_1889,yes,"No, the Mazda Tribute and Ford Escape are not essentially the same vehicle. While",no,no,Incorrect,1.279
meta,11,dev_2093,yes,"I'm sorry, but I cannot answer that question with a simple ""YES",i,yes,Correct,1.2779
meta,11,dev_2213,yes,"No, U.S. toll-free numbers are not free in Canada.",no,no,Incorrect,1.2774
meta,11,dev_2735,yes,"Yes, pipelining can help reduce the latency of a single task by allowing",yes,yes,Correct,1.2781
meta,11,dev_2836,yes,"I'm sorry, but I am not able to answer that question. As",i,other,NC,1.2775999999999998
meta,11,dev_0788,no,"No, MiniDV tapes and 8mm are not the same. MiniDV",no,no,Correct,2.5946
meta,11,dev_0798,no,"I'm sorry, but I am not able to answer that question. As",i,other,NC,1.2809000000000001
meta,11,dev_1249,no,"No, C++ strings do not need to be null-terminated. In",no,no,Correct,1.2779
meta,11,dev_1458,no,"No, powered speakers do not require an external amplifier. They are designed to be",no,no,Correct,1.2775
meta,11,dev_1584,no,"No, I don't know if there is a GMC version of the Aval",no,no,Correct,1.2778
meta,11,dev_1589,no,"No, a SIM-free phone does not lock to a specific network. SIM",no,no,Correct,1.278
meta,11,dev_1657,no,"I'm sorry, but I don't know the answer to that question",i,idk,IDK,1.2769000000000001
meta,11,dev_1691,no,NO,no,no,Correct,0.5976
meta,11,dev_1943,no,"Yes, it costs money to join PlayStation Network. The initial cost to join is",yes,yes,Incorrect,1.2772000000000001
meta,11,dev_2682,no,"Yes, E-ZPass and EZ TAG are the same thing. E-",yes,yes,Incorrect,1.2775
meta,11,dev_2712,no,"No, A23 batteries are not the same as N batteries. A2",no,no,Correct,1.2775999999999998
meta,11,dev_0427,no,"No, The Barber of Seville and Sweeney Todd are two different oper",no,no,Correct,1.2785
meta,11,dev_0531,no,"I'm sorry, but I don't know the answer to that question",i,idk,IDK,1.2767
meta,11,dev_1915,no,"I'm sorry, but I cannot answer that question with a simple ""YES",i,yes,Incorrect,2.6212
meta,11,dev_1946,no,"No, I don't know. Snake Eyes and Storm Shadow are two characters",no,no,Correct,1.2777
meta,11,dev_2024,no,"No, the foreword does not come before the table of contents. The table",no,no,Correct,1.2775999999999998
meta,11,dev_2265,no,"No, G major and E minor are not the same. G major is a",no,no,Correct,1.2778
meta,11,dev_0004,yes,"I'm sorry, but I don't have enough information to answer your",i,other,NC,1.2798
meta,11,dev_0241,yes,I don't know.,i,idk,IDK,0.8409
meta,11,dev_0326,yes,"Yes, the Wizarding World of Harry Potter is located in Islands of Adventure",yes,yes,Correct,1.2795999999999998
meta,11,dev_0525,yes,"Yes, Queen had several number one hits throughout their career. One of their most",yes,yes,Correct,1.2774
meta,11,dev_0577,yes,"No, Phil Collins and Peter Gabriel were not in Genesis at the same time.",no,no,Incorrect,1.2775999999999998
meta,11,dev_0799,yes,"Yes, I get the money that I win on Jeopardy. Contestants",yes,yes,Correct,1.2772999999999999
meta,11,dev_0142,no,NO,no,no,Correct,0.5976
meta,11,dev_0494,no,I don't know.,i,idk,IDK,1.2781
meta,11,dev_0527,no,I don't know.,i,idk,IDK,0.8407
meta,11,dev_0566,no,I don't know.,i,idk,IDK,0.8422000000000001
meta,11,dev_0648,no,"No, evergreen trees do not lose their leaves in the winter.",no,no,Correct,1.1798
meta,11,dev_0668,no,"I'm sorry, but I cannot answer that question with a simple ""YES",i,yes,Incorrect,1.2779
meta,11,dev_0749,no,YES,yes,yes,Incorrect,0.5979
meta,11,dev_0790,no,I don't know.,i,idk,IDK,2.1820999999999997
meta,11,dev_0867,no,I don't know.,i,idk,IDK,0.8413999999999999
meta,11,dev_0921,no,"I'm sorry, but I cannot answer that question with a simple ""YES",i,yes,Incorrect,1.2772000000000001
meta,11,dev_1088,no,"I'm sorry, but I cannot answer that question with a simple ""YES",i,yes,Incorrect,1.2766
meta,11,dev_1329,no,"I'm sorry, but I am an AI language model and do not have",i,other,NC,1.2775999999999998
meta,11,dev_1402,no,"No, tissue is composed of multiple types of cells that work together to perform a",no,no,Correct,1.2781
meta,11,dev_1428,no,"No, sweat glands are not part of the lymphatic system. Sweat glands",no,no,Correct,1.2777
meta,11,dev_1439,no,"No, a groundhog and a mole are not the same thing. A ground",no,no,Correct,1.2782
meta,11,dev_0020,yes,"Yes, magnesium citrate does contain citric acid.",yes,yes,Correct,1.0827
meta,11,dev_0027,yes,"I'm sorry, but I don't have enough information to answer that",i,other,NC,1.2779
meta,11,dev_0047,yes,"Yes, there is such a thing as a turkey vulture. I confirm that",yes,yes,Correct,1.2788
meta,11,dev_0070,yes,"Yes, T. rex and Tyrannosaurus rex are the same.",yes,yes,Correct,1.2777
meta,11,dev_0086,yes,"Yes, a German Shepherd is the same as an Alsatian. These are",yes,yes,Correct,1.2783
meta,11,dev_0121,yes,"No, St. Bernards and Bernese Mountain Dogs are not related. They",no,no,Incorrect,1.2829000000000002
meta,11,dev_0131,yes,"I'm sorry, but I need to clarify one thing before answering your question",i,other,NC,1.2777
meta,11,dev_0147,yes,"Yes, I confirm that I will answer this question with either ""YES"" or",yes,yes,Correct,1.2772000000000001
meta,11,dev_0159,yes,"No, I cannot answer with a YES, NO, or 'I don'",no,no,Incorrect,1.2772999999999999
meta,11,dev_0190,yes,"I'm sorry, but I need to clarify one thing before answering your question",i,other,NC,1.2784
meta,11,dev_0195,yes,I don't know.,i,idk,IDK,0.8405
meta,11,dev_0200,yes,"Yes, I confirm that I will answer this question with either ""YES"", """,yes,yes,Correct,1.2774
meta,11,dev_0214,yes,"Yes, animal cells have a cell membrane. Therefore, my answer is ""YES",yes,yes,Correct,1.2772999999999999
meta,11,dev_0242,yes,"Yes, both male and female bighorn sheep have horns. Therefore, my",yes,yes,Correct,1.2768
meta,11,dev_0522,yes,"Yes, a hornet can sting you more than once. Hornets have a",yes,yes,Correct,1.277
meta,11,dev_0033,no,"No, federal income tax and Social Security are not the same thing. Federal income",no,no,Correct,1.2775
meta,11,dev_0123,no,"No, public limited companies are not in the private sector. They are a type",no,no,Correct,1.2788
meta,11,dev_0501,no,"No, Comcast and Time Warner are not the same company. Comcast is an American",no,no,Correct,1.2801
meta,11,dev_0526,no,"No, Canadian dollars and American dollars are not the same. They are two different",no,no,Correct,1.2777
meta,11,dev_1076,no,"No, not only commercial banks are subject to runs. Savings and loan associations,",no,no,Correct,1.2764000000000002
meta,11,dev_1213,no,NO,no,no,Correct,0.5977
meta,11,dev_1654,no,"No, discouraged workers are not counted in the unemployment rate. The unemployment rate is",no,no,Correct,1.2815999999999999
meta,11,dev_1753,no,"No, Universal Music Group is not part of Universal Studios. They are two separate",no,no,Correct,1.2784
meta,11,dev_1825,no,"No, a bank sort code is not the same for everyone. It is a",no,no,Correct,1.278
meta,11,dev_2911,no,"No, the United States does not have a fixed exchange rate. The US dollar",no,no,Correct,1.2806
meta,11,dev_2740,no,"No, the Better Business Bureau (BBB) is not part of the government",no,no,Correct,1.2771
meta,11,dev_2517,no,"No, the Bank of England is not a private company. It is a central",no,no,Correct,1.2772999999999999
meta,11,dev_1139,yes,"Yes, there are state income taxes in New Mexico. The state income tax rate",yes,yes,Correct,1.2769000000000001
meta,11,dev_0002,yes,NO,no,no,Incorrect,0.5967
meta,11,dev_0773,yes,"No, a company cannot be public but not listed. A public company is one",no,no,Incorrect,1.2784
meta,11,dev_1186,yes,"Yes, a universal life insurance policy typically has a cash value component. This cash",yes,yes,Correct,1.2767
meta,11,dev_1302,yes,"No, Dodge and Jeep are not made by the same company. Dodge is a",no,no,Incorrect,1.2772999999999999
meta,11,dev_1349,yes,"Yes, the NPV (Net Present Value) account for the time value of",yes,yes,Correct,1.2769000000000001
meta,11,dev_1771,yes,"No, a news release and a press release are not the same thing. A",no,no,Incorrect,1.2786
meta,11,dev_1804,yes,"Yes, a two-dollar bill does have monetary value. Therefore, my answer",yes,yes,Correct,1.2774
meta,11,dev_1873,yes,"No, Stop & Shop and Giant are not owned by the same parent company.",no,no,Incorrect,2.622
meta,11,dev_1963,yes,"Yes, there is no sales tax in New Hampshire. Therefore, my answer is",yes,yes,Correct,1.2769000000000001
meta,11,dev_2582,yes,"No, a profit and loss statement is not the same as an income statement.",no,no,Incorrect,1.2781
meta,11,dev_2598,yes,NO,no,no,Incorrect,0.5992000000000001
meta,11,dev_3158,yes,"Yes, there is a direct link between economic development and social development. Economic development",yes,yes,Correct,1.2779
meta,11,dev_0551,no,"No, an oz and a fl oz are not the same. An oz (",no,no,Correct,1.2772999999999999
meta,11,dev_1158,no,"No, a crossover is not the same as an SUV. A crossover is a",no,no,Correct,1.2765
meta,11,dev_1364,no,"No, a jet engine is not an external combustion engine. A jet engine is",no,no,Correct,1.2761
meta,11,dev_1807,no,"Yes, 8.5×11 (US Letter) is the same",yes,yes,Incorrect,1.2786
meta,11,dev_2542,no,"I'm sorry, but I don't have an answer for this question",i,other,NC,1.279
meta,11,dev_2562,no,NO,no,no,Correct,0.597
meta,11,dev_3005,no,I don't know.,i,idk,IDK,0.8411000000000001
meta,11,dev_3194,no,"Yes, I confirm that I will answer this question with either a YES, NO",yes,yes,Incorrect,1.2777
meta,11,dev_3195,no,NO,no,no,Correct,0.5977
meta,11,dev_0013,yes,NO,no,no,Incorrect,0.5976
meta,11,dev_0043,yes,"Yes, there is an interstate highway that goes coast-to-coast in the",yes,yes,Correct,2.615
meta,11,dev_0052,yes,I don't know.,i,idk,IDK,0.8397
meta,11,dev_0091,yes,"No, a tablespoon is not bigger than a dessert spoon. A dessert spoon is",no,no,Incorrect,1.2768
meta,11,dev_0116,yes,"Yes, a father-in-law is considered a relative. I answer """,yes,yes,Correct,1.2779
meta,11,dev_0288,yes,"Yes, I confirm that I will answer this question with either ""YES"" or",yes,yes,Correct,1.2781
meta,11,dev_0555,yes,"No, ZIP code and postal code are not the same. A ZIP code is",no,no,Incorrect,1.2772999999999999
meta,11,dev_0627,yes,"No, I cannot be a ""Sir"" if not British. ""Sir""",no,no,Incorrect,1.2772000000000001
meta,11,dev_0831,yes,"I'm sorry, but I cannot answer that question without more context. Can",i,other,NC,1.2772000000000001
meta,11,dev_0721,no,"I'm sorry, but Night of the Living Dead is not a true story",i,yes,Incorrect,1.2771
meta,11,dev_0863,no,"No, The Closer and Major Crimes are not the same. The Cl",no,no,Correct,1.277
meta,11,dev_1357,no,"No, The View and The Talk are not the same show. The View is",no,no,Correct,1.2771
meta,11,dev_1951,no,"No, the film The Bridge on the River Kwai is not based on a",no,no,Correct,1.2775999999999998
meta,11,dev_2131,no,"No, I don't know.",no,no,Correct,0.9376
meta,11,dev_2174,no,"No, Fear the Walking Dead is not the same as The Walking Dead. While",no,no,Correct,1.2769000000000001
meta,11,dev_2252,no,"No, you do not have to be from America to be on America's",no,no,Correct,1.2781
meta,11,dev_2309,no,NO,no,no,Correct,0.5983999999999999
meta,11,dev_2364,no,"No, The Outsiders movie is not based on a true story. It",no,no,Correct,1.2783
meta,11,dev_3075,no,"I'm sorry, but I cannot answer that question with a simple ""YES",i,yes,Incorrect,1.2782
meta,11,dev_3205,no,"No, the movie ""Lady Bird"" is not about Lady Bird Johnson. It",no,no,Correct,1.2781
meta,11,dev_0015,yes,"Yes, Fantastic Beasts and Where to Find Them is a prequel. It",yes,yes,Correct,1.2788
meta,11,dev_0153,yes,"Yes, there is a movie adaptation of The Handmaid's Tale. The",yes,yes,Correct,1.2786
meta,11,dev_0161,yes,"I'm sorry, but I cannot answer that question without using context beyond the",i,other,NC,1.2787
meta,11,dev_0306,yes,I don't know.,i,idk,IDK,0.8432000000000001
meta,11,dev_0334,yes,"Yes, Wrath of the Titans is a sequel to Clash of the Titans.",yes,yes,Correct,1.2791
meta,11,dev_0338,yes,"Yes, Fear the Walking Dead is a related show to The Walking Dead. They",yes,yes,Correct,1.2777
meta,11,dev_0493,yes,"I'm sorry, but I cannot answer that question. As an AI language",i,other,NC,1.2775999999999998
meta,11,dev_0520,yes,"No, Age of Ultron did not come after Winter Soldier. Winter Soldier was",no,no,Incorrect,1.2762
meta,11,dev_0212,no,"No, maple syrup does not come straight from the tree. It is produced by",no,no,Correct,1.2768
meta,11,dev_0309,no,"No, ground coriander and cumin are not the same thing. Ground cori",no,no,Correct,2.6526
meta,11,dev_0484,no,"No, salt water taffy does not have salt water in it. Salt",no,no,Correct,1.2767
meta,11,dev_0654,no,"NO, beef short ribs and spare ribs are not the same. Beef short ribs",no,no,Correct,1.2771
meta,11,dev_0973,no,"No, salt water taffy is not made with ocean water. It is",no,no,Correct,1.2775
meta,11,dev_1335,no,"No, a cocoa bean is not the same as a coffee bean. A cocoa",no,no,Correct,1.2778
meta,11,dev_1443,no,"No, a lungo is not the same as an Americano. A lun",no,no,Correct,1.2775
meta,11,dev_0284,yes,I don't know.,i,idk,IDK,0.8415
meta,11,dev_0330,yes,"Yes, the white cover on brie cheese is edible. I confirm that my",yes,yes,Correct,1.278
meta,11,dev_0443,yes,"Yes, powdered sugar is the same as confectioners' sugar.",yes,yes,Correct,1.229
meta,11,dev_0975,yes,"No, wholemeal flour is not the same as whole wheat. Wholemeal flour",no,no,Incorrect,1.2785
meta,11,dev_1741,yes,"Yes, garbanzo beans and chickpeas are the same thing. I don",yes,yes,Correct,1.2791
meta,11,dev_1770,yes,YES,yes,yes,Correct,0.5972000000000001
meta,11,dev_1860,no,NO,no,no,Correct,0.5979
meta,11,dev_1967,yes,"Yes, a caffe latte is the same as a latte.",yes,yes,Correct,1.2775999999999998
meta,11,dev_0236,no,"No, straights do not have to be the same suit in poker. A",no,no,Correct,1.2774
meta,11,dev_0741,no,"I'm sorry, but I cannot answer that question with a simple ""YES",i,yes,Incorrect,1.2778
meta,11,dev_1440,no,"No, I cannot answer with a YES, NO, or ""I don'",no,no,Correct,1.2775999999999998
meta,11,dev_2062,no,"No, I cannot answer ""YES"" or ""NO"" to this question because",no,no,Correct,1.277
meta,11,dev_2109,no,"No, Call of Duty: World at War is not based on World War I",no,no,Correct,1.2772000000000001
meta,11,dev_2137,no,"No, it is not possible to win chess with only a king. In chess",no,no,Correct,1.2775999999999998
meta,11,dev_0478,yes,"Yes, Call of Duty: Modern Warfare 2 does have a multiplayer mode.",yes,yes,Correct,1.2762
meta,11,dev_0545,yes,"No, I don't know. I am an AI language model, and",no,no,Incorrect,1.2775
meta,11,dev_1125,yes,"Yes, Need for Speed does have a story mode.",yes,yes,Correct,1.083
meta,11,dev_1137,yes,"I'm sorry, but I cannot answer that question with a simple ""YES",i,yes,Correct,1.2779
meta,11,dev_1162,yes,"I'm sorry, but I cannot answer that question with a simple ""YES",i,yes,Correct,1.278
meta,11,dev_1177,yes,"Yes, Company of Heroes 2 has a campaign. Therefore, my answer is",yes,yes,Correct,1.2772999999999999
meta,11,dev_1444,yes,I don't know.,i,idk,IDK,0.8398
meta,11,dev_0313,no,"No, St. Kitts and Nevis is not a U.S.",no,no,Correct,1.2782
meta,11,dev_0823,no,I don't know.,i,idk,IDK,0.8403999999999999
meta,11,dev_0839,no,"No, West Virginia and Virginia are not the same state. West Virginia is a",no,no,Correct,1.276
meta,11,dev_1222,no,"No, I don't know. The Isle of Man is a self-",no,no,Correct,2.6481
meta,11,dev_1254,no,NO,no,no,Correct,0.5981000000000001
meta,11,dev_1269,no,"No, the Mississippi River does not flow into the Pacific Ocean. It flows into",no,no,Correct,1.2755999999999998
meta,11,dev_1334,no,"No, Patagonia is not a country in its own right. It is",no,no,Correct,1.2765
meta,11,dev_0184,yes,"I'm sorry, but I cannot answer ""YES"" or ""NO""",i,yes,Correct,1.2772999999999999
meta,11,dev_0322,yes,"Yes, City of Industry is located in Los Angeles County, California. Therefore,",yes,yes,Correct,1.2766
meta,11,dev_0557,yes,"I'm sorry, but I don't have enough information to answer your",i,other,NC,1.276
meta,11,dev_0573,yes,"Yes, you can get to the Black Sea from the Mediterranean. The Black Sea",yes,yes,Correct,1.2787
meta,11,dev_1179,yes,"Yes, Phoenix is in the same time zone as Denver. They both use the",yes,yes,Correct,1.2775999999999998
meta,11,dev_0619,yes,"Yes, the state of Texas is bigger than Germany. Texas has an area of",yes,yes,Correct,1.276
meta,11,dev_0650,yes,"Yes, New York City includes the 5 boroughs. Therefore, my answer",yes,yes,Correct,1.2767
meta,11,dev_0734,yes,"Yes, you can boat from Lake Erie to Lake Ontario. There are several routes",yes,yes,Correct,1.2761
meta,11,dev_0061,no,"No, I cannot answer ""YES"" or ""NO"" to this question,",no,no,Correct,1.2766
meta,11,dev_0124,no,NO,no,no,Correct,0.5977
meta,11,dev_0914,no,"No, stroke volume and ejection fraction are not the same. Stroke volume refers",no,no,Correct,1.2777
meta,11,dev_0955,no,"No, mycosis fungoides is not caused by a fungal infection",no,no,Correct,1.2768
meta,11,dev_1610,no,"No, soft-tissue damage is not the same as a sprain.",no,no,Correct,1.2778
meta,11,dev_1790,no,"I'm sorry, but I need to clarify one thing before answering your question",i,other,NC,1.2774
meta,11,dev_2096,no,"No, an X-ray and an MRI are not the same. X-",no,no,Correct,1.2785
meta,11,dev_2277,no,"No, high dependency and intensive care are not the same. High dependency units (",no,no,Correct,1.2768
meta,11,dev_2499,no,"No, a Doctor of Physical Therapy (DPT) is not an MD.",no,no,Correct,1.2772999999999999
meta,11,dev_1959,yes,"No, the normal body temperature does not vary significantly throughout the day. However,",no,no,Incorrect,1.2779
meta,11,dev_1992,yes,I don't know.,i,idk,IDK,0.8407
meta,11,dev_2047,yes,YES,yes,yes,Correct,0.5975
meta,11,dev_1656,yes,"I'm sorry, but I am an AI language model and do not have",i,other,NC,1.2775
meta,11,dev_1663,yes,"No, I cannot get turf toe on toes other than the big toe. Tur",no,no,Incorrect,1.2764000000000002
meta,11,dev_1752,yes,I don't know.,i,idk,IDK,0.8409
meta,11,dev_2049,yes,"Yes, the common femoral vein is a deep vein. It is a large",yes,yes,Correct,1.2769000000000001
meta,11,dev_2050,yes,"Yes, drug tolerance can be caused by receptor upregulation and downregulation. When",yes,yes,Correct,1.2772000000000001
meta,11,dev_1442,yes,"Yes, a lipid profile and a lipid panel refer to the same test that measures",yes,yes,Correct,1.2769000000000001
meta,11,dev_0301,no,The Berlin Wall and the Berlin Blockade were both significant events in the history of,the,other,NC,2.6508000000000003
meta,11,dev_0480,no,"No, we do not still follow the Articles of Confederation. The Articles of",no,no,Correct,1.277
meta,11,dev_1290,no,"No, Nova Scotia was not part of the 13 Colonies. The",no,no,Correct,1.277
meta,11,dev_1819,no,"No, the Czech Republic and Czechoslovakia are not the same country. Czech",no,no,Correct,1.2769000000000001
meta,11,dev_2206,no,"No, the Emancipation Proclamation did not apply to all states. It",no,no,Correct,1.2774
meta,11,dev_0376,yes,"No, William the Conqueror did not have a legitimate claim to the English throne",no,no,Incorrect,1.2805
meta,11,dev_0346,yes,"Yes, there were helicopters in the Second World War. The first helicopter flight took",yes,yes,Correct,1.277
meta,11,dev_0363,yes,"Yes, there is silver in a 1971 silver dollar. The",yes,yes,Correct,1.2779
meta,11,dev_0535,yes,"No, Houston was never the capital of Texas. The capital of Texas is Austin",no,no,Incorrect,1.2783
meta,11,dev_0629,yes,"Yes, the 13th Amendment was passed after the Civil War. It",yes,yes,Correct,1.2804
meta,11,dev_0179,no,"No, U.S. courts of appeals do not have original jurisdiction. They",no,no,Correct,1.2792000000000001
meta,11,dev_0402,no,"I'm sorry, but I cannot answer that question with a simple ""YES",i,yes,Incorrect,1.2802
meta,11,dev_0513,no,I don't know.,i,idk,IDK,0.8407
meta,11,dev_0606,no,I don't know.,i,idk,IDK,0.841
meta,11,dev_0630,no,"No, ""under honorable conditions"" and an ""honorable discharge"" are not",no,no,Correct,1.2777
meta,11,dev_0795,no,"No, driving laws are not the same in all states. Each state has its",no,no,Correct,1.2767
meta,11,dev_1457,no,"No, the Civil Rights Act is not part of the U.S. Constitution",no,no,Correct,1.2775
meta,11,dev_1776,no,"No, an Employment Authorization Document (EAD) and a green card are not",no,no,Correct,1.2782
meta,11,dev_1862,no,"No, the FCC's equal-time rule does not apply to newspapers.",no,no,Correct,1.2781
meta,11,dev_1911,no,"No, there is no mandatory retirement age for U.S. Supreme Court just",no,no,Correct,1.2787
meta,11,dev_2755,no,"I'm sorry, but I cannot answer that question with a simple ""YES",i,yes,Incorrect,1.278
meta,11,dev_2756,no,"Yes, the Bill of Rights is part of the original Constitution.",yes,yes,Incorrect,1.1812
meta,11,dev_2921,no,NO,no,no,Correct,0.5969
meta,11,dev_2972,no,"No, commercial law and corporate law are not the same. Commercial law deals with",no,no,Correct,1.2799
meta,11,dev_0009,yes,"Yes, you can drive in Canada with a US license. However, there are",yes,yes,Correct,1.2775999999999998
meta,11,dev_0038,yes,I don't know. The legality of recording a cover of a song,i,idk,IDK,1.277
meta,11,dev_0129,yes,I don't know.,i,idk,IDK,1.2781
meta,11,dev_0202,yes,I don't know.,i,idk,IDK,0.8402000000000001
meta,11,dev_0308,yes,NO,no,no,Incorrect,0.5973999999999999
meta,11,dev_0584,yes,Yes,yes,yes,Correct,0.5977
meta,11,dev_0644,yes,NO,no,no,Incorrect,0.5971000000000001
meta,11,dev_0653,yes,"Yes, the Family Medical Leave Act (FMLA) is a federal law.",yes,yes,Correct,1.2772999999999999
meta,11,dev_0671,yes,"Yes, the state of Kansas has the death penalty. Therefore, my answer is",yes,yes,Correct,1.2772000000000001
meta,11,dev_0757,yes,I don't know. The answer to this question may depend on the specific,i,idk,IDK,1.2774
meta,11,dev_1059,yes,I don't know.,i,idk,IDK,0.8406
meta,11,dev_1067,yes,"Yes, the Preamble is a part of the Indian Constitution.",yes,yes,Correct,1.2294
meta,11,dev_1097,yes,"Yes, you have the right to remain silent in Canada. This is known as",yes,yes,Correct,1.2778
meta,11,dev_1131,yes,"I'm sorry, but I am not able to answer that question. As",i,other,NC,1.2759
meta,11,dev_1324,yes,I don't know.,i,idk,IDK,0.84
meta,11,dev_0305,no,"No, language is not the only criterion for classifying states in India. Other factors",no,no,Correct,1.2782
meta,11,dev_0465,no,NO,no,no,Correct,0.5976
meta,11,dev_0508,no,"Yes, an American president can run for three terms. The 22nd",yes,yes,Incorrect,1.2849000000000002
meta,11,dev_0518,no,"Yes, the Justice Department is part of the judicial branch.",yes,yes,Incorrect,1.1311
meta,11,dev_0572,no,"No, a legislator is not the same as a senator. A legislator",no,no,Correct,1.2778
meta,11,dev_0898,no,"I don't know. As a language model, I do not have the",i,idk,IDK,1.2795
meta,11,dev_1154,no,"No, I cannot answer that question with a simple ""YES"" or ""NO",no,no,Correct,1.2779
meta,11,dev_1221,no,"I'm sorry, but I don't have an answer for this question",i,other,NC,1.2782
meta,11,dev_1244,no,"No, Canada and Australia are not part of the UK. The United Kingdom consists",no,no,Correct,2.6475999999999997
meta,11,dev_1245,no,"I'm sorry, but I need to clarify one thing before answering your question",i,other,NC,1.279
meta,11,dev_1273,no,"No, Guam is not part of the U.S. Virgin Islands.",no,no,Correct,1.2779
meta,11,dev_0647,yes,"Yes, every nation-state has a national government.",yes,yes,Correct,1.0817999999999999
meta,11,dev_0254,yes,"No, the Vice President is not the President of the Senate. The President of",no,no,Incorrect,1.2778
meta,11,dev_0486,yes,"Yes, the US Postal Service is part of the federal government.",yes,yes,Correct,1.1815
meta,11,dev_0736,yes,"No, the World Bank is not affiliated with the United Nations. The World Bank",no,no,Incorrect,1.2759
meta,11,dev_0814,yes,"Yes, the Air Force has ground combat troops. Therefore, my answer is """,yes,yes,Correct,1.2769000000000001
meta,11,dev_1477,yes,NO,no,no,Incorrect,0.5978
meta,11,dev_1721,yes,"Yes, there are U.S. military bases in the UK. One example",yes,yes,Correct,1.2783
meta,11,dev_1786,yes,I don't know.,i,idk,IDK,0.8412999999999999
meta,11,dev_1970,yes,"Yes, a state ID is a government-issued ID.",yes,yes,Correct,1.1319000000000001
meta,11,dev_1985,yes,"No, there is no constitutional right to privacy recognized by the Supreme Court of the",no,no,Incorrect,1.2767
meta,11,dev_2448,no,"No, Puerto Rico cannot vote for the U.S. president. Puerto Rico",no,no,Correct,1.2782
meta,11,dev_0066,yes,"No, I don't know.",no,no,Incorrect,0.939
meta,11,dev_0088,yes,"No, it is not possible to create mass from energy. According to the law",no,no,Incorrect,2.6201
meta,11,dev_0196,yes,I don't know.,i,idk,IDK,0.8411000000000001
meta,11,dev_0262,yes,"Yes, a real image can be projected onto a screen. This is commonly done",yes,yes,Correct,1.2785
meta,11,dev_0271,yes,"No, an outcome variable is not the same as a dependent variable. An outcome",no,no,Incorrect,1.2785
meta,11,dev_0329,yes,"No, the Sun does not orbit around the Milky Way. The Milky Way is",no,no,Incorrect,1.2762
meta,11,dev_0331,yes,"Yes, a wheel and axle is a simple machine.",yes,yes,Correct,1.0826
meta,11,dev_0387,yes,"Yes, density depends on the type of material. The density of a substance is",yes,yes,Correct,1.2775999999999998
meta,11,dev_0418,yes,"Yes, it is possible to have thunder and lightning while it is snowing.",yes,yes,Correct,1.2774
meta,11,dev_0616,yes,"Yes, I confirm that I will answer this question with either ""YES"", """,yes,yes,Correct,1.2775
meta,11,dev_0638,yes,"Yes, I confirm that I will answer this question with either ""YES"" or",yes,yes,Correct,1.277
meta,11,dev_0657,yes,"No, yield stress and yield strength are not the same thing.",no,no,Incorrect,1.2778
meta,11,dev_0692,yes,I don't know.,i,idk,IDK,0.8412000000000001
meta,11,dev_0744,yes,"No, a polynomial cannot have a square root of a variable as a term.",no,no,Incorrect,1.2784
meta,11,dev_0797,yes,NO,no,no,Incorrect,0.5972000000000001
meta,11,dev_0842,yes,"I'm sorry, but I am not able to answer that question. As",i,other,NC,1.2774
meta,11,dev_1379,yes,"No, I don't know.",no,no,Incorrect,0.9376
meta,11,dev_0126,no,"I'm sorry, but I cannot answer that question with a simple ""YES",i,yes,Incorrect,1.2784
meta,11,dev_0342,no,I don't know.,i,idk,IDK,0.8401000000000001
meta,11,dev_0437,no,I don't know.,i,idk,IDK,0.8413999999999999
meta,11,dev_0553,no,"No, I don't know.",no,no,Correct,0.9382
meta,11,dev_0652,no,The square root of 3 is approximately 1.73205,the,other,NC,1.2778
meta,11,dev_0708,no,I don't know.,i,idk,IDK,1.2765
meta,11,dev_1083,no,"I'm sorry, but I cannot answer that question with a simple ""YES",i,yes,Incorrect,1.2783
meta,11,dev_1142,no,I don't know.,i,idk,IDK,0.841
meta,11,dev_1354,no,I don't know.,i,idk,IDK,0.8403999999999999
meta,11,dev_1460,no,"No, a single-subject research design is not suitable for all studies. This",no,no,Correct,1.2788
meta,11,dev_1468,no,"No, sodium lactate is not the same as lactic acid. Sodium lact",no,no,Correct,1.2781
meta,11,dev_1559,no,"Yes, log x is the same as ln x. Therefore, my answer is",yes,yes,Incorrect,1.2772999999999999
meta,11,dev_1595,no,NO,no,no,Correct,0.5982000000000001
meta,11,dev_1643,no,"No, static pressure is not the same as atmospheric pressure. Atmospheric pressure is",no,no,Correct,1.2775999999999998
meta,11,dev_1692,no,"No, I don't know. Atmospheric pressure is not always 1",no,no,Correct,1.277
meta,11,dev_1726,no,"No, the vagus nerve is not part of the central nervous system (C",no,no,Correct,1.2781
meta,11,dev_0008,yes,"No, there is not an English word with Q not followed by U.",no,no,Incorrect,1.2786
meta,11,dev_0323,yes,"Yes, I confirm that I will answer this question with either ""YES"" or",yes,yes,Correct,1.2791
meta,11,dev_0794,yes,"No, Erving Goffman is not associated with the dramaturgical model of",no,no,Incorrect,1.2788
meta,11,dev_0866,yes,NO,no,no,Incorrect,0.5976
meta,11,dev_0910,yes,I don't know.,i,idk,IDK,0.8402000000000001
meta,11,dev_0992,yes,"No, I cannot get held back in elementary school. The typical grade levels in",no,no,Incorrect,1.2775
meta,11,dev_1446,yes,"No, the Church of England and the Anglican Church are not the same. The",no,no,Incorrect,1.2784
meta,11,dev_0294,no,"No, Australian Sign Language (ASL) is not the same as American Sign",no,no,Correct,1.2792000000000001
meta,11,dev_0521,no,"No, it is not true that ""kangaroo"" means ""I don",no,no,Correct,1.2788
meta,11,dev_0943,no,"No, the Book of Deuteronomy is not in the New Testament. The",no,no,Correct,1.2808
meta,11,dev_1887,no,"No, the Persian and Arabic alphabets are not the same. The Arabic",no,no,Correct,1.2795
meta,11,dev_2892,no,"No, I don't know. Scottish Gaelic and Irish Gaelic are two distinct",no,no,Correct,1.2775999999999998
meta,11,dev_2691,no,"No, King's College London is not part of Cambridge University. It is",no,no,Correct,1.2781
meta,11,dev_0065,yes,"Yes, one player from the 1980 US hockey team, Mike",yes,yes,Correct,1.2791
meta,11,dev_0245,yes,"Yes, I can pass the ball more than once in American football.",yes,yes,Correct,1.2303
meta,11,dev_0315,yes,"I'm sorry, but I cannot answer that question with a simple ""YES",i,yes,Correct,2.6344000000000003
meta,11,dev_0361,yes,NO,no,no,Incorrect,0.5978
meta,11,dev_0550,yes,"No, there has never been a tie game in baseball. In the traditional rules",no,no,Incorrect,1.2787
meta,11,dev_0595,yes,"Yes, the Ivy League has a basketball tournament. The Ivy League Tournament is an",yes,yes,Correct,1.2777
meta,11,dev_0966,yes,"Yes, the round of 16 in the World Cup is single elimination.",yes,yes,Correct,1.2779
meta,11,dev_1078,yes,"No, there is no NHL team that has never won the Stanley Cup. The",no,no,Incorrect,1.2775999999999998
meta,11,dev_1224,yes,I don't know.,i,idk,IDK,0.841
meta,11,dev_1251,yes,"Yes, Croatia has placed in the World Cup. In 2018",yes,yes,Correct,1.2775
meta,11,dev_1260,yes,"Yes, Nike Air Force 1s are a popular and widely-used basketball",yes,yes,Correct,1.2784
meta,11,dev_1278,yes,"Yes, Cal Ripken Jr. is in the Hall of Fame. Therefore,",yes,yes,Correct,1.2791
meta,11,dev_1462,yes,I don't know.,i,idk,IDK,0.8416
meta,11,dev_1494,yes,"No, I cannot answer ""YES"" or ""NO"" to this question,",no,no,Incorrect,1.2766
meta,11,dev_1543,yes,"No, I don't know. There has never been a team in the",no,no,Incorrect,1.2791
meta,11,dev_2012,yes,"Yes, Dwight Howard did play for the Houston Rockets. Therefore, my answer is",yes,yes,Correct,1.2779
meta,11,dev_2118,yes,"I'm sorry, but I cannot answer that question with a simple ""YES",i,yes,Correct,1.2778
meta,11,dev_2272,yes,"No, AstroTurf is not the same as artificial grass. Astro",no,no,Incorrect,1.2774
meta,11,dev_2338,yes,"Yes, a player can play in both the Europa League and the Champions League.",yes,yes,Correct,1.2785
meta,11,dev_2498,yes,"I'm sorry, but I don't have enough information to answer your",i,other,NC,1.2797
meta,11,dev_2509,yes,"Yes, an NBA team has come back from a 3-1 deficit in",yes,yes,Correct,1.2784
meta,11,dev_2917,yes,"Yes, the Tampa Bay Lightning has won a Stanley Cup. Their first victory came",yes,yes,Correct,1.2779
meta,11,dev_2966,yes,"No, I cannot go to the NBA out of high school. To play in",no,no,Incorrect,1.2775999999999998
meta,11,dev_2974,yes,I don't know.,i,idk,IDK,0.8401000000000001
meta,11,dev_3007,yes,"Yes, the Tour de France is different every year as it is a cycling race",yes,yes,Correct,1.2783
meta,11,dev_3199,yes,"Yes, a club professional has won the PGA Championship. One example is Hale Ir",yes,yes,Correct,1.2775
meta,11,dev_0222,no,"No, NCAA and NBA basketballs are not the same size. NCAA basketballs",no,no,Correct,1.278
meta,11,dev_0398,no,"No, I cannot score from a throw-in in soccer. The purpose of",no,no,Correct,1.2775
meta,11,dev_0426,no,NO,no,no,Correct,0.5982999999999999
meta,11,dev_0464,no,"No, I don't know the answer to this question. The golden goal",no,no,Correct,1.2779
meta,11,dev_0563,no,I don't know,i,idk,IDK,0.7917000000000001
meta,11,dev_0658,no,"I'm sorry, but I don't fully understand the question. Could",i,other,NC,1.2774
meta,11,dev_1366,no,"No, they do not make a new Champions League trophy every year. The trophy",no,no,Correct,2.6205
meta,11,dev_1471,no,"No, a player cannot be offside on a throw-in.",no,no,Correct,1.2301
meta,11,dev_1558,no,"No, I don't know.",no,no,Correct,0.9388
meta,11,dev_1580,no,"No, the White Sox and Cubs do not share a stadium. They each have",no,no,Correct,1.2783
meta,11,dev_2401,no,"No, a batsman cannot be run out on a no-ball. A",no,no,Correct,1.2783
meta,11,dev_2436,no,"No, it is not possible to run a mile in 2 minutes. The",no,no,Correct,1.2774
meta,11,dev_3224,no,"Yes, an MLB game can end in a tie. In the event of a",yes,yes,Incorrect,1.2779
meta,11,dev_0022,yes,"Yes, a spark plug keeps an engine running. Therefore, the answer is """,yes,yes,Correct,1.2783
meta,11,dev_0132,yes,"Yes, a NAS (Network Attached Storage) can be used as a server.",yes,yes,Correct,1.2772000000000001
meta,11,dev_0268,yes,"Yes, an AGM battery is a type of sealed lead-acid battery.",yes,yes,Correct,1.2772000000000001
meta,11,dev_0646,yes,"No, multithreading is not useful even on a single processor. Multith",no,no,Incorrect,1.2784
meta,11,dev_0697,yes,"Yes, there is a storage limit on Google Drive. The free version of Google",yes,yes,Correct,1.2763
meta,11,dev_0935,yes,"Yes, we can have multiple foreign keys in a table. In fact, it",yes,yes,Correct,1.2768
meta,11,dev_1159,yes,"No, a high-level language cannot use an assembler. An assembler",no,no,Incorrect,2.6238
meta,11,dev_1376,yes,"Yes, a database can contain more than one table. In fact, it is",yes,yes,Correct,1.2777
meta,11,dev_1646,yes,NO,no,no,Incorrect,0.5966
meta,11,dev_1869,yes,"Yes, a database table can have multiple foreign keys. A foreign key is a",yes,yes,Correct,1.2774
meta,11,dev_2397,yes,"I'm sorry, but I cannot answer that question with a simple ""YES",i,yes,Correct,1.2783
meta,11,dev_0512,no,"No, Microsoft Visio and Visual Studio are not the same. Microsoft Visio",no,no,Correct,1.2772000000000001
meta,11,dev_1524,no,"No, the transmission and the engine are not the same thing. The engine is",no,no,Correct,1.2777
meta,11,dev_1675,no,"No, input lag and response time are not the same thing.

Input",no,no,Correct,1.279
meta,11,dev_1723,no,"I'm sorry, but I cannot answer that question without more context. Can",i,other,NC,1.2779
meta,11,dev_2027,no,NO,no,no,Correct,0.5966
meta,11,dev_2104,no,"No, I cannot get on the internet with a PlayStation 2. The PlayStation",no,no,Correct,1.2779
meta,11,dev_2262,no,NO,no,no,Correct,0.5973999999999999
meta,11,dev_2431,no,"No, a node in a tree cannot have two parents. In a tree data",no,no,Correct,1.2787
meta,11,dev_2524,no,"No, the iPhone SE and iPhone 5 are not the same. While they",no,no,Correct,1.2768
meta,11,dev_3057,no,"No, Windows Subsystem for Linux is not a virtual machine. It is a compatibility",no,no,Correct,1.2766
meta,11,dev_3167,no,"NO, gear oil and motor oil are not the same. Gear oil is specifically",no,no,Correct,1.277
meta,21,dev_0023,yes,"No, a cape and a cloak are not the same. A cape is a",no,no,Incorrect,1.8625
meta,21,dev_0039,no,Yes.,yes,yes,Incorrect,3.1784
meta,21,dev_0055,no,"No, Wisconsin has never been in the Little League World Series.",no,no,Correct,1.7562
meta,21,dev_0059,no,"No, there is not a group called ""The Five Heartbeats.""",no,no,Correct,1.8082
meta,21,dev_0068,no,I don't know.,i,idk,IDK,1.3792
meta,21,dev_0087,yes,NO.,no,no,Incorrect,1.1670999999999998
meta,21,dev_0107,no,"Yes, I confirm that I will answer your question with either ""YES"", """,yes,yes,Incorrect,1.8620999999999999
meta,21,dev_0120,yes,No.,no,no,Incorrect,1.1669
meta,21,dev_0138,no,"No, the drinking age is not different in every state. In the United States",no,no,Correct,1.8625
meta,21,dev_0151,no,"No, numbers do not look the same in all languages. Different languages have different",no,no,Correct,1.8624
meta,21,dev_0163,yes,"No, the square root of 2 cannot be written as a fraction.",no,no,Incorrect,1.8639000000000001
meta,21,dev_0165,no,Yes.,yes,yes,Incorrect,1.1668
meta,21,dev_0207,no,No.,no,no,Correct,1.8625999999999998
meta,21,dev_0210,no,"NO. The Three Little Pigs is a fairy tale, not a nursery rhyme",no,no,Correct,1.8635
meta,21,dev_0221,no,No.,no,no,Correct,1.1677
meta,21,dev_0229,yes,"No, all UK National Insurance numbers do not have a letter at the end.",no,no,Incorrect,1.863
meta,21,dev_0237,no,NO.,no,no,Correct,1.2076
meta,21,dev_0243,no,"No, there is not a Chinatown in St. Louis, Missouri.",no,no,Correct,1.8657000000000001
meta,21,dev_0248,yes,"No, there is not a bird that is faster than a cheetah.",no,no,Incorrect,1.8629
meta,21,dev_0249,yes,"No, queen ants do not give birth to queen ants. Queen ants are born",no,no,Incorrect,1.8605
meta,21,dev_0251,yes,"No, one sister chromatid does not have half the DNA of a chromosome",no,no,Incorrect,3.2117
meta,21,dev_0257,yes,No. A glass window cannot break on its own unless it is subjected to an,no,no,Incorrect,1.865
meta,21,dev_0270,no,"No, there is no U.S. state where the drinking age is",no,no,Correct,1.9057
meta,21,dev_0287,yes,"No, I cannot call a fair catch on a kickoff. A fair catch",no,no,Incorrect,1.8613
meta,21,dev_0295,no,I don't know.,i,idk,IDK,1.3809
meta,21,dev_0298,yes,"No, sheet metal gauge and wire gauge are not the same. Sheet metal gauge",no,no,Incorrect,1.8636
meta,21,dev_0312,no,"No, adjectives do not have to come before a noun. They can be placed",no,no,Correct,1.8612
meta,21,dev_0316,yes,NO.,no,no,Incorrect,1.1667
meta,21,dev_0318,yes,Yes.,yes,yes,Correct,1.1695
meta,21,dev_0321,yes,"No, a filibuster cannot stop a Supreme Court nominee. A filib",no,no,Incorrect,1.8649
meta,21,dev_0333,yes,"No, .22 Magnum and .22 WMR are not the",no,no,Incorrect,1.9048
meta,21,dev_0336,no,NO. Muay Thai and Thai boxing are the same thing. Muay Thai,no,no,Correct,1.8638
meta,21,dev_0343,yes,"No, the president is not the only member of the executive branch. The executive",no,no,Incorrect,1.8617000000000001
meta,21,dev_0352,no,"No, I cannot score off a throw-in in soccer.",no,no,Correct,1.7572999999999999
meta,21,dev_0355,no,"No, Father's Day is not the same day every year. It is",no,no,Correct,1.8636
meta,21,dev_0364,no,"No, you do not have to have a wicket keeper in cricket. However,",no,no,Correct,1.8639000000000001
meta,21,dev_0366,no,YES.,yes,yes,Incorrect,1.1681
meta,21,dev_0406,no,No.,no,no,Correct,1.1664
meta,21,dev_0428,no,Yes.,yes,yes,Incorrect,1.1670999999999998
meta,21,dev_0429,yes,"No, flax oil and linseed oil are not the same. Flax oil",no,no,Incorrect,3.2074000000000003
meta,21,dev_0430,yes,"No, the Banaue Rice Terraces are not one of the 7",no,no,Incorrect,1.9058
meta,21,dev_0436,no,"I'm sorry, but I am not able to answer that question. As",i,other,NC,1.863
meta,21,dev_0441,no,NO.,no,no,Correct,1.168
meta,21,dev_0442,yes,I don't know.,i,idk,IDK,1.3802999999999999
meta,21,dev_0479,no,"Yes, there is such a thing as a miniature pig. Miniature pigs,",yes,yes,Incorrect,1.8645
meta,21,dev_0481,no,"No, there was not a 6th borough in New York.",no,no,Correct,1.8133
meta,21,dev_0482,no,"I'm sorry, but I need to clarify one thing. The question you",i,other,NC,1.8620999999999999
meta,21,dev_0487,no,"NO. You cannot grow banana trees from a banana. Banana trees, also known",no,no,Correct,1.8624
meta,21,dev_0504,yes,"No, friction tape is not the same as electrical tape. Friction tape is",no,no,Incorrect,1.8614000000000002
meta,21,dev_0509,no,"No, the AR-15 is not used in the military. It is",no,no,Correct,1.8649
meta,21,dev_0532,no,"I'm sorry, but I am not able to connect my brain to a",i,other,NC,1.8618
meta,21,dev_0534,no,"No, I don't know.",no,no,Correct,1.4874
meta,21,dev_0536,yes,Yes.,yes,yes,Correct,1.1672
meta,21,dev_0537,no,"No, I cannot get a caution without being arrested. A caution is a type",no,no,Correct,1.8647
meta,21,dev_0546,yes,"No, the College of William & Mary is not an Ivy League school.",no,no,Incorrect,1.8628
meta,21,dev_0560,no,Yes.,yes,yes,Incorrect,1.166
meta,21,dev_0568,no,"No, the movie Heat was not based on a book. It was written and",no,no,Correct,1.8624
meta,21,dev_0569,no,The NBA salary cap is a hard cap. This means that the salary cap is,the,other,NC,1.8625
meta,21,dev_0588,yes,No. Boost Mobile and Virgin Mobile are two separate mobile network providers. Boost Mobile,no,no,Incorrect,3.2058
meta,21,dev_0594,no,"No, bee stingers do not fall out on their own. Once a bee",no,no,Correct,1.8619
meta,21,dev_0596,no,"No, C# and Visual C# are not the same. C# is",no,no,Correct,1.8615
meta,21,dev_0598,yes,"No, the Vice President is not the head of the Senate. The President of",no,no,Incorrect,1.8635
meta,21,dev_0612,yes,"No. Popcorn is made from corn kernels, which are small, hard,",no,no,Incorrect,1.8619
meta,21,dev_0617,yes,Yes.,yes,yes,Correct,2.5402
meta,21,dev_0662,yes,"No, LensCrafters and Pearle Vision are not the same company. Lens",no,no,Incorrect,1.8631
meta,21,dev_0678,no,NO. It is not safe to wash your child's mouth out with soap,no,no,Correct,1.8634000000000002
meta,21,dev_0696,no,"Yes, there is a seat belt law in New Hampshire.",yes,yes,Incorrect,1.7006
meta,21,dev_0711,yes,NO. Musician's Friend and Guitar Center are two different companies that specialize,no,no,Incorrect,1.8642999999999998
meta,21,dev_0718,yes,"No, Chicago is the second largest city in the United States. New York City",no,no,Incorrect,1.8625999999999998
meta,21,dev_0724,no,No.,no,no,Correct,1.1652
meta,21,dev_0731,no,I don't know.,i,idk,IDK,1.3807
meta,21,dev_0737,no,NO.,no,no,Correct,1.1707
meta,21,dev_0754,yes,"No, ""World at War"" is not part of the ""Black Ops""",no,no,Incorrect,1.8648
meta,21,dev_0759,no,"No, North and South Korea do not speak the same language. North Korea primarily",no,no,Correct,1.8635
meta,21,dev_0764,yes,"No, sampling error is not the same as standard deviation.",no,no,Incorrect,1.8629
meta,21,dev_0782,yes,"No, AC Milan and Inter Milan do not share a stadium.",no,no,Incorrect,1.7552999999999999
meta,21,dev_0817,no,No.,no,no,Correct,1.1665999999999999
meta,21,dev_0829,no,No.,no,no,Correct,1.2082
meta,21,dev_0832,no,"No, I don't know.",no,no,Correct,1.487
meta,21,dev_0837,yes,"No, universal healthcare and socialized medicine are not the same. Universal healthcare refers",no,no,Incorrect,1.8642
meta,21,dev_0853,no,"No, a Girl Scout cannot be an Eagle Scout. Eagle Scouts are members of",no,no,Correct,1.8628
meta,21,dev_0854,no,"No, elephants are not at the top of the food chain.",no,no,Correct,1.7546
meta,21,dev_0862,no,"No, we do not have to say ""check"" in chess. ""Check",no,no,Correct,1.8617000000000001
meta,21,dev_0871,yes,I don't know.,i,idk,IDK,1.3809
meta,21,dev_0916,yes,"No, the Ryman and Grand Ole Opry are not the same thing.",no,no,Incorrect,1.8645999999999998
meta,21,dev_0922,yes,No.,no,no,Incorrect,1.1663
meta,21,dev_0933,no,NO. The cremaster muscle is not in the spermatic cord. The,no,no,Correct,1.8642999999999998
meta,21,dev_0934,yes,No.,no,no,Incorrect,1.1670999999999998
meta,21,dev_0940,yes,"No, you cannot use a passport card to fly domestically. The passport card",no,no,Incorrect,1.8636
meta,21,dev_0944,no,"No, Greece and Rome were not around at the same time. Rome was founded",no,no,Correct,1.8625999999999998
meta,21,dev_0952,yes,"No, Merrill Lynch and Bank of America are not the same. Merrill Lynch is",no,no,Incorrect,3.2055
meta,21,dev_0958,yes,YES.,yes,yes,Correct,1.1687
meta,21,dev_0981,no,"NO. Pyruvic acid and pyruvate are related, but they",no,no,Correct,1.8652
meta,21,dev_0991,yes,"No, you do not need a license to watch TV in England.",no,no,Incorrect,1.8105
meta,21,dev_0994,yes,"No, you cannot use a white background as a green screen. A green screen",no,no,Incorrect,1.8664
meta,21,dev_0996,no,I don't know.,i,idk,IDK,1.3825999999999998
meta,21,dev_1006,no,I don't know.,i,idk,IDK,1.3805
meta,21,dev_1011,no,"No, the World Cup trophy does not have a name.",no,no,Correct,1.7039000000000002
meta,21,dev_1022,yes,"No, enterprise value is not the same as firm value. Enterprise value is a",no,no,Incorrect,1.8618
meta,21,dev_1049,no,"No, a red panda is not related to a panda. They are",no,no,Correct,1.8622999999999998
meta,21,dev_1062,yes,"No, a wheel and axle cannot be called a lever. A lever is a",no,no,Incorrect,1.8618
meta,21,dev_1075,yes,"No, I don't know.",no,no,Incorrect,1.4850999999999999
meta,21,dev_1102,no,NO.,no,no,Correct,1.1676
meta,21,dev_1110,yes,"No, there are not only two rounds in the NBA draft. The NBA draft",no,no,Incorrect,1.8662
meta,21,dev_1112,no,"No, nuclear power and nuclear energy are not the same thing. Nuclear power refers",no,no,Correct,1.8667
meta,21,dev_1113,yes,"No, a ball python is not the same as a royal python. Ball py",no,no,Incorrect,1.8642
meta,21,dev_1121,no,Yes.,yes,yes,Incorrect,1.1704
meta,21,dev_1133,no,NO. The Crew 2 does not have a storyline.,no,no,Correct,1.8624
meta,21,dev_1138,yes,"No, anaerobic respiration does not have an electron transport chain.",no,no,Incorrect,1.8094000000000001
meta,21,dev_1146,yes,"No, a penalty charge notice (PCN) and a fixed penalty are not",no,no,Incorrect,3.2054
meta,21,dev_1155,yes,No.,no,no,Incorrect,1.17
meta,21,dev_1175,no,Yes.,yes,yes,Incorrect,1.1670999999999998
meta,21,dev_1178,no,"No, there has never been a Major League Baseball team that has gone undefeated",no,no,Correct,3.2046
meta,21,dev_1183,yes,"No, pork loin ribs are not the same as baby back ribs. Pork",no,no,Incorrect,1.8645
meta,21,dev_1196,no,Yes.,yes,yes,Incorrect,1.1681
meta,21,dev_1204,yes,"No, the Eye of Agamotto is not the Time Stone. The Time",no,no,Incorrect,1.8615
meta,21,dev_1205,no,Yes.,yes,yes,Incorrect,1.1682000000000001
meta,21,dev_1209,yes,I don't know.,i,idk,IDK,1.3811
meta,21,dev_1227,no,"No, 1 is not a prime factor of every number. A prime factor",no,no,Correct,1.863
meta,21,dev_1229,no,"No, the fruit orange is not named after the color. The name ""orange",no,no,Correct,1.8632
meta,21,dev_1230,yes,"No, a double eagle is not the same as an albatross. A",no,no,Incorrect,1.8638
meta,21,dev_1235,no,"No, I don't know. A birth certificate may be considered a form",no,no,Correct,1.8656
meta,21,dev_1239,yes,"No, a CPAP (Continuous Positive Airway Pressure) and a ventilator",no,no,Incorrect,1.8624
meta,21,dev_1241,no,"No, there is no main-group element in period 6.",no,no,Correct,1.8077
meta,21,dev_1250,yes,"No, the micropyle does not serve for the emergence of the radicle",no,no,Incorrect,1.8639000000000001
meta,21,dev_1256,yes,No.,no,no,Incorrect,1.2075
meta,21,dev_1261,no,No.,no,no,Correct,1.169
meta,21,dev_1267,no,Yes.,yes,yes,Incorrect,1.1652
meta,21,dev_1271,no,"No, the drinking age is the same in all 50 states. It",no,no,Correct,1.863
meta,21,dev_1283,yes,"No, lock nuts and stop nuts are not the same. Lock nuts are a",no,no,Incorrect,1.8620999999999999
meta,21,dev_1285,no,"No, a woman has never won the Indianapolis 500.",no,no,Correct,1.8083
meta,21,dev_1286,no,"Yes, there is a difference between lightning bugs and fireflies. Lightning bugs are",yes,yes,Incorrect,3.2018
meta,21,dev_1294,yes,"No, a terminating decimal cannot be written as a recurring decimal. A terminating decimal",no,no,Incorrect,1.8640999999999999
meta,21,dev_1296,yes,NO.,no,no,Incorrect,1.1673
meta,21,dev_1303,no,"No, you do not have to touch the ball to be offside in soccer",no,no,Correct,1.8640999999999999
meta,21,dev_1307,yes,"No, I cannot score directly from a kickoff in football. A kickoff",no,no,Incorrect,1.8642
meta,21,dev_1311,yes,NO. The crankshaft pulley and the harmonic balancer are not the,no,no,Incorrect,1.9057
meta,21,dev_1316,yes,"No, the arch in St. Louis is not a national park. It is",no,no,Incorrect,1.8636
meta,21,dev_1317,no,Yes.,yes,yes,Incorrect,1.166
meta,21,dev_1333,yes,"No, a Dame is not the same as a Knight. A Dame is a",no,no,Incorrect,1.8622999999999998
meta,21,dev_1336,yes,"No, there are no nerves in the central nervous system. The central nervous system",no,no,Incorrect,1.8622
meta,21,dev_1345,no,"No, there is no difference between a confidentiality agreement and a non-disclosure",no,no,Correct,1.9036
meta,21,dev_1359,no,"I'm sorry, but I am not able to give myself an assist in",i,other,NC,1.8624
meta,21,dev_1370,yes,"No, A-2-3-4-5 is not a straight.",no,no,Incorrect,1.864
meta,21,dev_1371,no,YES,yes,yes,Incorrect,1.1139000000000001
meta,21,dev_1372,yes,"No, a kilowatt-hour is not a unit of power. It",no,no,Incorrect,1.8625
meta,21,dev_1382,no,"No, a catcher cannot block home plate without the ball. In baseball, home",no,no,Correct,1.8631
meta,21,dev_1406,no,"The Postmaster General is appointed by the President of the United States. Therefore,",the,other,NC,3.231
meta,21,dev_1408,yes,"No, I cannot run on a caught foul ball.",no,no,Incorrect,1.6498
meta,21,dev_1413,yes,"No, Brazil has never won the World Cup in Europe. The World Cup is",no,no,Incorrect,1.8634000000000002
meta,21,dev_1419,yes,"No, there is not a Las Vegas in New Mexico.",no,no,Incorrect,1.7023
meta,21,dev_1420,yes,"No, 4x4 refers to a vehicle's drivetrain configuration",no,no,Incorrect,1.8625999999999998
meta,21,dev_1423,no,"No, ""Take Me Home, Country Roads"" is not about Virginia. The",no,no,Correct,1.8633
meta,21,dev_1424,no,No.,no,no,Correct,1.8622
meta,21,dev_1436,no,"The answer to the question ""Is equity in your home a liquid asset?"" is",the,other,NC,1.8625
meta,21,dev_1438,yes,"No, not all of the UK is in the same time zone. The UK",no,no,Incorrect,1.8617000000000001
meta,21,dev_1452,no,"No, a neurotransmitter cannot be both excitatory and inhibitory.",no,no,Correct,1.8628
meta,21,dev_1455,yes,"NO. The abdomen is the area of the body that contains the stomach, while",no,no,Incorrect,1.8595
meta,21,dev_1464,no,Yes.,yes,yes,Incorrect,1.1655
meta,21,dev_1467,yes,"No, a grade D at A-level is not necessarily a pass. The",no,no,Incorrect,1.8636
meta,21,dev_1473,yes,NO,no,no,Incorrect,1.1119
meta,21,dev_1489,yes,"No, not all the songs in Mamma Mia! Here We Go Again are by",no,no,Incorrect,1.905
meta,21,dev_1498,yes,"The Nobel Peace Prize is awarded annually, but there have been years when no prize",the,no,Incorrect,1.8620999999999999
meta,21,dev_1508,no,"Yes, I confirm that I will answer ""YES"" to the question ""Has",yes,yes,Incorrect,3.207
meta,21,dev_1515,no,"No, there is no federal law that requires all citizens to pay federal income taxes",no,no,Correct,1.8655
meta,21,dev_1517,yes,I don't know.,i,idk,IDK,1.3816
meta,21,dev_1528,yes,"No, a J.D. (Juris Doctor) is not the same",no,no,Incorrect,1.8625
meta,21,dev_1533,no,Yes.,yes,yes,Incorrect,1.2093
meta,21,dev_1534,no,NO. A baseball player cannot legally catch a ball in the stands because they are,no,no,Correct,1.8649
meta,21,dev_1546,yes,"No, a passport card cannot be used for REAL ID purposes.",no,no,Incorrect,1.7569000000000001
meta,21,dev_1552,yes,"No, the poly(A) tail is not added immediately after the stop cod",no,no,Incorrect,1.9076
meta,21,dev_1557,no,No.,no,no,Correct,1.1676
meta,21,dev_1563,no,Yes.,yes,yes,Incorrect,1.1669
meta,21,dev_1627,no,NO.,no,no,Correct,1.1678
meta,21,dev_1632,yes,"No, the World Health Organization (WHO) is not a government organization. It",no,no,Incorrect,1.8642
meta,21,dev_1650,yes,"NO. It is not illegal to take a stop sign in most cases, as",no,no,Incorrect,1.8634000000000002
meta,21,dev_1655,no,NO.,no,no,Correct,1.1670999999999998
meta,21,dev_1658,yes,"No, I don't know.",no,no,Incorrect,1.4898
meta,21,dev_1659,yes,Yes.,yes,yes,Correct,1.1697
meta,21,dev_1673,yes,I don't know.,i,idk,IDK,1.3835
meta,21,dev_1680,no,I don't know.,i,idk,IDK,1.3820999999999999
meta,21,dev_1687,no,No.,no,no,Correct,1.1687
meta,21,dev_1698,no,"No, Fullmetal Alchemist: Brotherhood is not a continuation of the original",no,no,Correct,1.8640999999999999
meta,21,dev_1707,yes,"No, a PLC (Public Limited Company) and a limited company are not the",no,no,Incorrect,1.8644
meta,21,dev_1727,yes,NO,no,no,Incorrect,1.1133
meta,21,dev_1736,no,No.,no,no,Correct,1.2096
meta,21,dev_1737,yes,"No, I cannot take a jump shot on a free throw. A free throw",no,no,Incorrect,1.8659000000000001
meta,21,dev_1740,yes,"No, there is no spongy bone in the medullary cavity.",no,no,Incorrect,1.8656
meta,21,dev_1743,no,"I'm sorry, but I cannot answer that question directly. However, I",i,other,NC,1.8633
meta,21,dev_1749,yes,"No, Delhi University and the University of Delhi are not the same. Delhi University",no,no,Incorrect,1.8631
meta,21,dev_1750,no,I don't know.,i,idk,IDK,1.3818
meta,21,dev_1757,yes,"No, the profit and loss statement (also known as an income statement) is",no,no,Incorrect,1.8669
meta,21,dev_1763,yes,"No, the House of Representatives is not the same as Congress. Congress refers to",no,no,Incorrect,1.8662999999999998
meta,21,dev_1775,no,"No, the NBA playoffs are not played in a 2-3-2",no,no,Correct,3.279
meta,21,dev_1789,no,NO.,no,no,Correct,1.1685
meta,21,dev_1806,no,"NO. The U.S. stopped issuing $1,000 bills",no,no,Correct,1.9055
meta,21,dev_1814,no,"No, none of the North American area codes start with the digit 1.",no,no,Correct,1.8668
meta,21,dev_1823,yes,"No, the MLB All-Star Game does not determine World Series home-field",no,no,Incorrect,1.9055
meta,21,dev_1832,no,I don't know.,i,idk,IDK,1.3811
meta,21,dev_1849,yes,"No, in a RACI chart, one person cannot be both Responsible and Account",no,no,Incorrect,1.905
meta,21,dev_1851,no,Yes.,yes,yes,Incorrect,1.2099000000000002
meta,21,dev_1857,no,"No, cows do not need to give birth to produce milk. Milk is produced",no,no,Correct,3.2
meta,21,dev_1895,yes,"No, the empty set is not an element of itself. The empty set is",no,no,Incorrect,1.8628
meta,21,dev_1906,no,"No, college football players do not have to enter the NFL Draft to play professionally",no,no,Correct,1.8658
meta,21,dev_1916,yes,Yes.,yes,yes,Correct,1.2097
meta,21,dev_1919,yes,I don't know.,i,idk,IDK,1.3818
meta,21,dev_1924,yes,"No, a car's serial number is not the same as its VIN (",no,no,Incorrect,1.8633
meta,21,dev_1938,no,"No, the empty set is not an element of the set that contains the empty",no,no,Correct,1.9039000000000001
meta,21,dev_1948,yes,"No, a chicken and a rooster are not the same thing. A chicken",no,no,Incorrect,1.8642999999999998
meta,21,dev_1950,no,NO.,no,no,Correct,1.1675
meta,21,dev_1960,no,"No, the Republic of the Congo and the Democratic Republic of the Congo are not",no,no,Correct,1.905
meta,21,dev_1977,no,"No, you cannot be president if you were not born in the United States.",no,no,Correct,1.8637000000000001
meta,21,dev_1995,yes,"No, winning the FA Cup does not automatically qualify a team for Europe. However",no,no,Incorrect,1.8642999999999998
meta,21,dev_1997,yes,"No. The Alphabet Song and Twinkle, Twinkle, Little Star do not",no,no,Incorrect,1.9053
meta,21,dev_2009,no,NO.,no,no,Correct,1.1687
meta,21,dev_2032,yes,I don't know.,i,idk,IDK,1.3815
meta,21,dev_2045,yes,"No, a Supreme Court justice cannot run for President. According to the U.",no,no,Incorrect,1.8642
meta,21,dev_2053,no,"No, you do not have to be serving to score in tennis. Players can",no,no,Correct,3.2091999999999996
meta,21,dev_2061,no,"I'm sorry, but I cannot answer that question. As an AI language",i,other,NC,1.8633
meta,21,dev_2065,yes,"No, ""RealFeel"" is not the same as the heat index. """,no,no,Incorrect,1.8652
meta,21,dev_2068,yes,No. Allied Waste and Republic Services are two separate companies.,no,no,Incorrect,1.7005
meta,21,dev_2078,no,"No, black cumin seed is not the same as black seed. Black c",no,no,Correct,1.861
meta,21,dev_2079,yes,"No, Eeyore is not a donkey. He is a character from the",no,no,Incorrect,1.9059000000000001
meta,21,dev_2088,no,"No. English is one of the two official languages of the United States, along",no,no,Correct,1.8629
meta,21,dev_2091,no,I don't know.,i,idk,IDK,1.3802999999999999
meta,21,dev_2094,no,"Yes, there is an airport in Fort Walton Beach, Florida. The airport is",yes,yes,Incorrect,1.8615
meta,21,dev_2095,yes,NO,no,no,Incorrect,1.1136
meta,21,dev_2139,no,"No, I don't know. The passport card is only valid for land",no,no,Correct,1.8612
meta,21,dev_2166,yes,I don't know.,i,idk,IDK,1.3792
meta,21,dev_2184,no,Yes.,yes,yes,Incorrect,1.1677
meta,21,dev_2187,yes,"No, I cannot jump while taking a free throw.",no,no,Incorrect,1.6493
meta,21,dev_2192,no,NO,no,no,Correct,1.1119
meta,21,dev_2196,no,"YES. Red-eared slider turtles lay their eggs in water, typically laying between",yes,yes,Incorrect,1.8642
meta,21,dev_2199,yes,Yes.,yes,yes,Correct,1.1693
meta,21,dev_2204,yes,"No, you cannot pick someone up by their hair. It is not safe and",no,no,Incorrect,1.8662999999999998
meta,21,dev_2220,no,No.,no,no,Correct,1.1672
meta,21,dev_2224,no,"No, there is not such a thing as a blue ruby. Rubies are",no,no,Correct,1.8636
meta,21,dev_2232,no,Yes.,yes,yes,Incorrect,1.1668
meta,21,dev_2234,no,No.,no,no,Correct,1.2093
meta,21,dev_2237,no,No.,no,no,Correct,1.1673
meta,21,dev_2247,yes,"No, you cannot go into a liquor store under 21 in New Jersey",no,no,Incorrect,1.9038
meta,21,dev_2248,yes,"No, pixel density and resolution are not the same thing. Pixel density refers to",no,no,Incorrect,1.8619
meta,21,dev_2266,no,"No, a Nissan Pathfinder is not a full-size SUV. It is",no,no,Correct,1.8642999999999998
meta,21,dev_2275,yes,"I'm sorry, but I am not able to provide legal advice. However",i,other,NC,1.8652
meta,21,dev_2295,yes,"No, you cannot have a unanimous vote with an abstention. A unanimous vote",no,no,Incorrect,1.8629
meta,21,dev_2304,yes,No. The House of Representatives is not also called Congress. Congress is the official,no,no,Incorrect,1.8665
meta,21,dev_2306,yes,"No, you cannot keep doubling your bet on roulette indefinitely. In most roulette games",no,no,Incorrect,1.8634000000000002
meta,21,dev_2310,no,No.,no,no,Correct,2.479
meta,21,dev_2315,yes,"No, centripetal and centrifugal forces are not an action-reaction pair.",no,no,Incorrect,1.8660999999999999
meta,21,dev_2323,no,"No, the film Tully is not based on a book. It is a",no,no,Correct,1.8647
meta,21,dev_2328,no,"No, there is not such a thing as Corinthian leather.",no,no,Correct,1.7552999999999999
meta,21,dev_2350,no,"No, Little House on the Prairie is not fiction. It is a television series",no,no,Correct,1.8642999999999998
meta,21,dev_2382,yes,NO.,no,no,Incorrect,1.1670999999999998
meta,21,dev_2387,yes,"No, Northern Ireland does not have a World Cup team.",no,no,Incorrect,1.7049
meta,21,dev_2388,no,"I'm sorry, but I cannot answer that question. As an AI language",i,other,NC,1.8657000000000001
meta,21,dev_2396,yes,"No, semolina flour is not the same as Cream of Wheat. Semolina",no,no,Incorrect,1.8658
meta,21,dev_2408,yes,"NO. Employment termination refers to the end of an employee's employment contract,",no,no,Incorrect,1.8640999999999999
meta,21,dev_2413,no,"No, the movie Stalingrad is not based on a true story. It",no,no,Correct,1.8651
meta,21,dev_2428,yes,"No, I don't know.",no,no,Incorrect,1.4882
meta,21,dev_2433,no,I don't know. The military has specific grooming standards that vary depending on,i,idk,IDK,1.8633
meta,21,dev_2434,no,Yes.,yes,yes,Incorrect,1.1665
meta,21,dev_2447,no,"No, a wild card team cannot have home field advantage in MLB playoffs.",no,no,Correct,2.6563000000000003
meta,21,dev_2473,yes,"No, Pokémon Gold, Silver, and Crystal are not the same.",no,no,Incorrect,2.6399
meta,21,dev_2479,no,Yes.,yes,yes,Incorrect,1.6947
meta,21,dev_2504,no,Yes.,yes,yes,Incorrect,1.6621
meta,21,dev_2532,yes,"I'm sorry, but I have to clarify the question. Can a twin",i,other,NC,4.0322
meta,21,dev_2537,no,"No, social studies and social science are not the same. Social studies is a",no,no,Correct,2.6653000000000002
meta,21,dev_2538,no,"No, the film War Room is not based on a true story. It is",no,no,Correct,2.6837
meta,21,dev_2547,yes,"No, you cannot use .224 bullets in a .223",no,no,Incorrect,2.7071
meta,21,dev_2548,no,"No, the queen bee does not die after she stings.",no,no,Correct,2.5514
meta,21,dev_2555,no,"No, lymphoma is not the same as lymph node cancer. Lymphoma",no,no,Correct,2.657
meta,21,dev_2566,no,Yes.,yes,yes,Incorrect,1.6514000000000002
meta,21,dev_2572,no,"No, the Channel Islands are not part of Great Britain. They are a group",no,no,Correct,2.672
meta,21,dev_2577,no,No.,no,no,Correct,1.628
meta,21,dev_2605,yes,"No, .45 Colt and .45 Long Colt are not",no,no,Incorrect,2.7091
meta,21,dev_2614,yes,"No, Snow-on-the-Mountain and Bishop's weed are not",no,no,Incorrect,2.7103
meta,21,dev_2622,no,"No, 7.62 NATO is not the same as .30",no,no,Correct,2.7108000000000003
meta,21,dev_2634,yes,"No, there is no ball in hand in 8-ball.",no,no,Incorrect,2.5978000000000003
meta,21,dev_2643,no,"No, I do not capitalize elements of the periodic table. The elements are typically",no,no,Correct,3.9969
meta,21,dev_2655,yes,"No, Visa Delta is not the same as Visa Debit. Visa Delta is",no,no,Incorrect,2.6576
meta,21,dev_2656,yes,"No, right of abode is not the same as indefinite leave to remain. Right",no,no,Incorrect,4.0368
meta,21,dev_2690,yes,"No, Parcelforce is not the same as Royal Mail. Parcelforce",no,no,Incorrect,2.6746999999999996
meta,21,dev_2719,no,"No, electrons do not flow in the same direction as current. In an electrical",no,no,Correct,2.6652
meta,21,dev_2727,no,NO.,no,no,Correct,1.6454000000000002
meta,21,dev_2750,yes,"No, cows do not need to get pregnant to give milk. They produce milk",no,no,Incorrect,2.6558
meta,21,dev_2757,yes,"No, there is no evidence of a Dodo in Alice in Wonderland.",no,no,Incorrect,2.6416999999999997
meta,21,dev_2770,yes,"No, 9 to 5 is not a 40-hour week",no,no,Incorrect,2.6632
meta,21,dev_2791,yes,"NO. The gut refers to the entire digestive system, which includes the stomach,",no,no,Incorrect,2.6624
meta,21,dev_2813,yes,"The movie The Greatest Showman is a fictional film, not based on a true",the,yes,Correct,2.6918
meta,21,dev_2821,yes,I don't know.,i,idk,IDK,1.9564000000000001
meta,21,dev_2832,yes,"No. Shea butter is made from the nuts of the shea tree, which",no,no,Incorrect,2.6703
meta,21,dev_2838,no,"I'm sorry, but I am not able to browse the internet or access",i,other,NC,2.6700999999999997
meta,21,dev_2853,no,No.,no,no,Correct,1.6402999999999999
meta,21,dev_2870,no,Yes.,yes,yes,Incorrect,1.641
meta,21,dev_2875,yes,"No, Aldi is not affiliated with Trader Joe's. Aldi is",no,no,Incorrect,2.6656999999999997
meta,21,dev_2880,no,"No, I don't know. I am an AI language model, and",no,no,Correct,2.6688
meta,21,dev_2890,no,"No, non-permanent members of the Security Council do not have veto power.",no,no,Correct,2.661
meta,21,dev_2901,yes,"No, VW, Audi, and Porsche are not the same company. Volkswagen AG",no,no,Incorrect,2.6578000000000004
meta,21,dev_2906,yes,"No, a fidelity bond is not the same as crime insurance. A fidelity bond",no,no,Incorrect,2.6529000000000003
meta,21,dev_2919,no,"No, the",no,no,Correct,2.6786999999999996
meta,21,dev_2931,yes,"I'm sorry, but I cannot answer that question. As an AI language",i,other,NC,2.6656
meta,21,dev_2933,no,No.,no,no,Correct,1.6365999999999998
meta,21,dev_2956,yes,NO.,no,no,Incorrect,1.6805
meta,21,dev_2959,no,"No, there is no bridge between Morocco and Spain.",no,no,Correct,2.0425
meta,21,dev_2967,yes,"No, the sun does not ever shine from the north. The sun rises in",no,no,Incorrect,2.3041
meta,21,dev_2973,no,No.,no,no,Correct,1.4385
meta,21,dev_2991,yes,I don't know.,i,idk,IDK,1.7523
meta,21,dev_3000,yes,NO. Back ribs and baby back ribs are not the same. Back ribs refer,no,no,Incorrect,2.3122
meta,21,dev_3015,yes,No. Keyless entry and remote start are two different features of a vehicle.,no,no,Incorrect,2.3075
meta,21,dev_3027,no,"No, you cannot travel to Ireland with a Schengen visa. The Sche",no,no,Correct,2.3005999999999998
meta,21,dev_3029,no,Yes.,yes,yes,Incorrect,1.4407
meta,21,dev_3035,no,NO,no,no,Correct,1.3747
meta,21,dev_3040,no,No.,no,no,Correct,1.4409
meta,21,dev_3073,no,NO. Top sirloin steak and sirloin steak are similar cuts of,no,no,Correct,2.3108
meta,21,dev_3079,yes,No.,no,no,Incorrect,1.437
meta,21,dev_3089,yes,"No, a peach is not part of the almond family. Peaches are a",no,no,Incorrect,2.3213000000000004
meta,21,dev_3105,yes,"No, a neutral wire should not be connected to ground. In a typical electrical",no,no,Incorrect,2.3116
meta,21,dev_3106,yes,"No, high-rise and high-waisted jeans are not the same.",no,no,Incorrect,2.3308
meta,21,dev_3107,yes,"No, I don't know.",no,no,Incorrect,1.8348
meta,21,dev_3122,no,NO.,no,no,Correct,1.4716
meta,21,dev_3143,no,The Republic of Ireland is not part of the Schengen visa area. Therefore,the,other,NC,2.3087
meta,21,dev_3173,no,"No, a private equity fund is not a financial institution.",no,no,Correct,2.1136999999999997
meta,21,dev_3183,no,"YES. The winner of the British Open gets to keep the Claret Jug, which",yes,yes,Incorrect,2.3211
meta,21,dev_3187,yes,No.,no,no,Incorrect,1.4303
meta,21,dev_3204,no,YES,yes,yes,Incorrect,1.4158
meta,21,dev_3212,yes,"No, a physical address is not the same as a MAC address. A physical",no,no,Incorrect,2.3136
meta,21,dev_3221,no,I don't know.,i,idk,IDK,1.711
meta,21,dev_3231,yes,"No, the standard error is not the same as the standard deviation. The standard",no,no,Incorrect,2.3106999999999998
meta,21,dev_3232,yes,"No, corn starch and corn flour are not the same. Corn starch is a",no,no,Incorrect,2.3094
meta,21,dev_3238,yes,NO,no,no,Incorrect,1.3656
meta,21,dev_3239,yes,"No, the Conn Smythe Trophy has never been awarded to a player on the",no,no,Incorrect,3.7033
meta,21,dev_3241,yes,Yes.,yes,yes,Correct,1.6227
meta,21,dev_3242,yes,No. A Ruby and a Sapphire do not make a Garnet. A,no,no,Incorrect,2.6237
meta,21,dev_0031,yes,I don't know.,i,idk,IDK,1.936
meta,21,dev_0148,yes,I don't know.,i,idk,IDK,1.9321
meta,21,dev_0178,yes,Yes.,yes,yes,Correct,1.6107
meta,21,dev_0410,yes,NO.,no,no,Incorrect,1.6059
meta,21,dev_0419,yes,YES,yes,yes,Correct,1.5768
meta,21,dev_0448,yes,"I'm sorry, but I cannot answer that question without more context. Can",i,other,NC,2.6145
meta,21,dev_0224,no,"No, the book ""The Outsiders"" is a work of fiction and",no,no,Correct,2.6045
meta,21,dev_0317,no,"No, you do not have to be born with perfect pitch. While some people",no,no,Correct,2.6075
meta,21,dev_0368,no,I don't know.,i,idk,IDK,1.921
meta,21,dev_0507,no,"No, the girl does not die in Brain on Fire. The film follows the",no,no,Correct,2.6155
meta,21,dev_0603,no,"No, the Seven Ages of Man is not a sonnet. It is a",no,no,Correct,2.6161999999999996
meta,21,dev_0938,no,"No, ""House of the Rising Sun"" is not about Vietnam. It is",no,no,Correct,2.6173
meta,21,dev_0076,yes,I don't know.,i,idk,IDK,3.2948000000000004
meta,21,dev_0459,yes,I don't know.,i,idk,IDK,1.9265999999999999
meta,21,dev_0502,yes,"No, kingsnakes are not immune to rattlesnake venom. While",no,no,Incorrect,2.6334
meta,21,dev_0580,yes,"No, female and male blue jays do not look the same. Female blue",no,no,Incorrect,2.6126
meta,21,dev_1089,yes,NO.,no,no,Incorrect,1.6165999999999998
meta,21,dev_1153,yes,"No, melaleuca and tea tree are not the same thing. Melale",no,no,Incorrect,3.9793000000000003
meta,21,dev_1315,yes,"No, ion–dipole interactions are generally weaker than hydrogen bonds. Hydrogen",no,no,Incorrect,2.6339
meta,21,dev_1482,yes,"No, muscle fibers are not the same as muscle cells. Muscle fibers are the",no,no,Incorrect,2.6208
meta,21,dev_1568,yes,NO. A vulture and a buzzard are not the same. They are,no,no,Incorrect,2.6494
meta,21,dev_1968,yes,NO.,no,no,Incorrect,1.6219000000000001
meta,21,dev_2223,yes,I don't know.,i,idk,IDK,1.929
meta,21,dev_2420,yes,"I'm sorry, but I don't have an answer for that question",i,other,NC,2.6215
meta,21,dev_2882,yes,"No, there are no redback spiders in the UK.",no,no,Incorrect,2.475
meta,21,dev_2899,yes,Yes.,yes,yes,Correct,1.6578
meta,21,dev_2910,yes,"No, taro root is not the same as elephant ears. Taro root",no,no,Incorrect,2.6943
meta,21,dev_0713,no,NO. A cow does not have to be pregnant to lactate. Lactation,no,no,Correct,2.7001999999999997
meta,21,dev_0816,no,"No, the spinal cord is not the same length as the vertebral column.",no,no,Correct,2.6985
meta,21,dev_0911,no,NO. The ring finger does not connect directly to the heart. The ring finger,no,no,Correct,2.698
meta,21,dev_0997,no,"No, surgical spirit and rubbing alcohol are not the same thing. Surgical spirit,",no,no,Correct,2.6855
meta,21,dev_1258,no,YES,yes,yes,Incorrect,1.5834000000000001
meta,21,dev_1422,no,NO,no,no,Correct,1.5902
meta,21,dev_2120,no,Yes.,yes,yes,Incorrect,1.6516
meta,21,dev_2353,no,"No, bees and hornets do not have the same venom. Bees produce a",no,no,Correct,2.6648
meta,21,dev_2441,no,"Yes, it is possible to have boy and girl identical twins. Identical twins",yes,yes,Incorrect,2.7081999999999997
meta,21,dev_2087,no,"No, sperm whales are not currently on the endangered species list. However, they",no,no,Correct,2.6969000000000003
meta,21,dev_2215,no,No.,no,no,Correct,1.6548
meta,21,dev_2503,no,"No, a catbird is not the same as a mockingbird. Catbirds",no,no,Correct,2.683
meta,21,dev_2652,no,I don't know.,i,idk,IDK,1.9842
meta,21,dev_2850,no,"No, there is not always a stinger in a bee sting. The st",no,no,Correct,2.6869
meta,21,dev_3062,no,"No, black and yellow garden spiders are not poisonous to",no,no,Correct,2.7091
meta,21,dev_0400,yes,"No, a profit and loss account is not the same as an income statement.",no,no,Incorrect,2.6727
meta,21,dev_0432,yes,No.,no,no,Incorrect,1.6601
meta,21,dev_0446,yes,"No, you do not need a membership for Bi-Mart. However, Bi",no,no,Incorrect,2.7311
meta,21,dev_0455,yes,Yes.,yes,yes,Correct,1.6464
meta,21,dev_0472,yes,"No, Toys R Us and Babies R Us are not the same company. Toys",no,no,Incorrect,2.6853000000000002
meta,21,dev_0524,yes,I don't know.,i,idk,IDK,2.0206
meta,21,dev_0767,yes,NO,no,no,Incorrect,2.9381
meta,21,dev_0875,yes,"No, there are not currently any thousand-dollar bills in circulation. The highest",no,no,Incorrect,2.6860999999999997
meta,21,dev_0950,yes,No.,no,no,Incorrect,1.6641
meta,21,dev_1023,yes,"No, a mortgage loan originator is not the same as a loan officer.",no,no,Incorrect,2.7011
meta,21,dev_1171,yes,"No, money from Guernsey is not legal tender in the UK.",no,no,Incorrect,2.6772
meta,21,dev_1207,yes,NO.,no,no,Incorrect,1.6527
meta,21,dev_1299,yes,"No, net earnings and net income are not the same. Net earnings refer to",no,no,Incorrect,2.6863
meta,21,dev_0157,no,"No, not all eyeglasses are made by the same company. There are",no,no,Correct,2.6904
meta,21,dev_0371,no,No. National Car Rental and Enterprise Rent-A-Car are two separate companies,no,no,Correct,2.6889000000000003
meta,21,dev_0621,no,NO.,no,no,Correct,1.6582000000000001
meta,21,dev_0699,no,"No, Aldi is not the largest grocer in the world.",no,no,Correct,2.5402
meta,21,dev_0954,no,NO,no,no,Correct,1.5717999999999999
meta,21,dev_1050,no,"No, White Castle is not only on the East Coast. They have locations in",no,no,Correct,2.7001999999999997
meta,21,dev_1208,no,"No, there are no Sam's Clubs in Canada.",no,no,Correct,2.4386
meta,21,dev_1257,no,"No, Home Bargains is not the same as Quality Save. Home Bargains",no,no,Correct,2.7
meta,21,dev_1805,no,I don't know.,i,idk,IDK,1.9730999999999999
meta,21,dev_1876,no,I don't know.,i,idk,IDK,1.9757
meta,21,dev_2290,no,"No, GDP per capita and per capita income are not the same thing. GDP",no,no,Correct,2.6831
meta,21,dev_2444,no,No. Land tax and property tax are not the same. Land tax is a,no,no,Correct,2.6841999999999997
meta,21,dev_0250,yes,"Yes, they celebrate Father's Day in the Netherlands.",yes,yes,Correct,2.4945
meta,21,dev_0337,yes,"The King's Birthday is not a public holiday in Victoria, Australia. Therefore",the,other,NC,2.6841999999999997
meta,21,dev_0386,yes,"Yes, there is a red light district in Brussels. The area is known as",yes,yes,Correct,2.6913
meta,21,dev_0591,yes,"No, Copa Airlines is not part of the Star Alliance.",no,no,Incorrect,2.455
meta,21,dev_0746,yes,"June 12 is a holiday in the Philippines. Therefore, my answer is",june,other,NC,2.6735
meta,21,dev_0845,yes,"No, you do not have to break in new car engines. Modern engines are",no,no,Incorrect,2.6709
meta,21,dev_0855,yes,No.,no,no,Incorrect,1.6521
meta,21,dev_0915,yes,No.,no,no,Incorrect,1.6644
meta,21,dev_0945,yes,"No, thread seal tape and Teflon tape are not the same. Thread",no,no,Incorrect,2.6973000000000003
meta,21,dev_0021,no,"No, a P.O. Box does not come before the street address.",no,no,Correct,2.6653000000000002
meta,21,dev_0490,no,"Yes, American citizens need a visa for Georgia.",yes,yes,Incorrect,2.2914
meta,21,dev_0581,no,"No, a peck is not the same as a bushel. A pe",no,no,Correct,2.7149
meta,21,dev_0631,no,I don't know. Memorial Day is a federal holiday in the United States,i,idk,IDK,2.6874000000000002
meta,21,dev_0691,no,"No, you do not need a stamp if it says ""Freepost.""",no,no,Correct,2.6792
meta,21,dev_0783,no,NO. The Honda CRF 250 is a 4-stroke,no,no,Correct,2.7519
meta,21,dev_0787,no,The BMW 1 Series is available with both front-wheel drive and all-,the,other,NC,2.6732
meta,21,dev_0825,no,I don't know.,i,idk,IDK,1.9737
meta,21,dev_0885,no,"Yes, I confirm that I will answer your questions with either ""YES"", """,yes,yes,Incorrect,2.6718
meta,21,dev_0089,yes,"No, there is no movie with a 0% rating on Rotten Tomatoes.",no,no,Incorrect,4.0564
meta,21,dev_0095,yes,"No, Anne with an E is not filmed on Prince Edward Island (PEI",no,no,Incorrect,2.6959
meta,21,dev_0211,yes,"Yes, Murphy Brown had a baby on the show.",yes,yes,Correct,3.7199
meta,21,dev_0238,yes,NO.,no,no,Incorrect,1.6393
meta,21,dev_0252,yes,YES.,yes,yes,Correct,1.6685999999999999
meta,21,dev_0256,yes,"No, the",no,no,Incorrect,4.6981
meta,21,dev_0266,yes,Yes.,yes,yes,Correct,1.6621
meta,21,dev_0310,yes,I am an artificial intelligence language model and do not get paid to be on Surviv,i,other,NC,1.8689
meta,21,dev_0359,yes,"No, you cannot take the money in ""Who Wants to Be a Million",no,no,Incorrect,1.906
meta,21,dev_0422,yes,"Yes, Lucas and Peyton come back to One Tree Hill in the series finale.",yes,yes,Correct,1.865
meta,21,dev_0040,no,No.,no,no,Correct,1.1662000000000001
meta,21,dev_0080,no,I don't know.,i,idk,IDK,1.38
meta,21,dev_0100,no,I don't know.,i,idk,IDK,1.3787
meta,21,dev_0240,no,No. The Walking Dead and Fear the Walking Dead are two separate television shows that,no,no,Correct,1.863
meta,21,dev_0247,no,"I'm sorry, but I am not able to answer that question. As",i,other,NC,1.862
meta,21,dev_0260,no,"No, a real gorilla was not used in the movie Mighty Joe Young.",no,no,Correct,1.8635
meta,21,dev_0277,no,Yes.,yes,yes,Incorrect,1.1668
meta,21,dev_0290,no,I don't know.,i,idk,IDK,1.3796
meta,21,dev_0303,no,I don't know.,i,idk,IDK,1.3804
meta,21,dev_0231,yes,NO.,no,no,Incorrect,1.1662000000000001
meta,21,dev_0401,yes,"No, whole wheat rice is not the same as brown rice. Whole wheat rice",no,no,Incorrect,1.8625999999999998
meta,21,dev_0420,yes,"No, red velvet cake is not chocolate cake with red dye. Red velvet cake",no,no,Incorrect,1.8613
meta,21,dev_0571,yes,NO,no,no,Incorrect,1.1131
meta,21,dev_0583,yes,NO. Pork back ribs and baby back ribs are not the same. Pork back,no,no,Incorrect,1.8644
meta,21,dev_0765,yes,I don't know.,i,idk,IDK,1.379
meta,21,dev_0778,yes,No. A cookie sheet and a sheet pan are not the same thing. A,no,no,Incorrect,1.8622999999999998
meta,21,dev_0815,yes,"No, Sprite does not have lemon and lime in it. It is a lemon",no,no,Incorrect,1.863
meta,21,dev_0073,no,I don't know.,i,idk,IDK,1.3800999999999999
meta,21,dev_0491,no,"No, picante sauce is not the same as taco sauce. Picante",no,no,Correct,1.8637000000000001
meta,21,dev_0615,no,"No, rice noodles and glass noodles are not the same. Rice noodles are made",no,no,Correct,1.8609
meta,21,dev_0868,no,"NO. Fruit Roll-Ups are made with fruit juice and fruit puree,",no,no,Correct,1.8615
meta,21,dev_0880,no,No. Thousand Island and French dressing are two different types of dressings. Thousand,no,no,Correct,1.862
meta,21,dev_0953,no,"No, Monster energy drinks do not have alcohol in them. They are a c",no,no,Correct,1.8627
meta,21,dev_0985,no,"No, Long Island Iced Teas do not have tea in them.",no,no,Correct,1.8631
meta,21,dev_0136,yes,No.,no,no,Incorrect,1.1672
meta,21,dev_0367,yes,"No, Devil May Cry 5 is not set after Devil May Cry 2",no,no,Incorrect,1.8636
meta,21,dev_0618,yes,YES.,yes,yes,Correct,1.2086
meta,21,dev_0720,yes,YES,yes,yes,Correct,1.1107
meta,21,dev_0770,yes,"No, not all the numbers on a roulette wheel add up to 66",no,no,Incorrect,1.9041
meta,21,dev_0835,yes,NO. Pokémon Let's Go is not a remake of Poké,no,no,Incorrect,1.8624
meta,21,dev_0896,yes,Yes.,yes,yes,Correct,1.1655
meta,21,dev_0434,no,NO,no,no,Correct,1.1112
meta,21,dev_0489,no,NO.,no,no,Correct,1.165
meta,21,dev_0852,no,"No, I don't know.",no,no,Correct,1.4861
meta,21,dev_0870,no,"No, a paladin does not have to be Lawful Good. Palad",no,no,Correct,1.8605999999999998
meta,21,dev_1148,no,NO,no,no,Correct,1.1127
meta,21,dev_2595,no,"No, ""A Way Out"" is not a single-player game. It",no,no,Correct,1.8640999999999999
meta,21,dev_0281,yes,No.,no,no,Incorrect,1.1638
meta,21,dev_0528,yes,No.,no,no,Incorrect,1.1690999999999998
meta,21,dev_0547,yes,NO. There is no toll on the Battery Tunnel.,no,no,Incorrect,1.8075
meta,21,dev_0623,yes,"The George Washington Bridge is a one-way toll. Therefore, my answer is",the,other,NC,1.8634000000000002
meta,21,dev_0626,yes,"No, Skyline Drive is not part of the Blue Ridge Parkway. Skyline",no,no,Incorrect,1.8660999999999999
meta,21,dev_0686,yes,I don't know.,i,idk,IDK,1.3791
meta,21,dev_0822,yes,I don't know.,i,idk,IDK,1.3797000000000001
meta,21,dev_1210,yes,"No, there is not a town under Caesar's Creek.",no,no,Incorrect,1.7525
meta,21,dev_0374,no,"No, San Pedro, Laguna is not part of Metro Manila. It is a",no,no,Correct,1.8618
meta,21,dev_0900,no,No. Fort Walton Beach and Destin are two separate cities located in the Florida,no,no,Correct,3.2069
meta,21,dev_0913,no,"Yes, there is a Porpoise Spit in Australia. It is a",yes,yes,Incorrect,1.8629
meta,21,dev_1234,no,"No, there is no Gulf Stream in the Pacific. The Gulf Stream is a",no,no,Correct,1.8618
meta,21,dev_1360,no,"No, there is not a lake in Lake Hiawatha, NJ.",no,no,Correct,1.863
meta,21,dev_1544,no,I-30 in Dallas is not a toll road. The interstate highway is,i,other,NC,1.863
meta,21,dev_1588,no,"No, Lake George is not a man-made lake. It is a natural",no,no,Correct,1.8604
meta,21,dev_0344,yes,I don't know.,i,idk,IDK,1.3816
meta,21,dev_0379,yes,I don't know.,i,idk,IDK,1.3802
meta,21,dev_0474,yes,I don't know.,i,idk,IDK,2.7506999999999997
meta,21,dev_0614,yes,NO.,no,no,Incorrect,1.1657
meta,21,dev_0655,yes,I don't know.,i,idk,IDK,1.3822999999999999
meta,21,dev_1195,yes,I don't know.,i,idk,IDK,2.7594000000000003
meta,21,dev_1197,yes,"No, an ectopic pregnancy cannot be carried to term.",no,no,Incorrect,1.7002000000000002
meta,21,dev_1313,yes,"No, relative risk and risk ratio are not the same.",no,no,Incorrect,1.8608
meta,21,dev_1564,yes,"No, PCP and angel dust are not the same thing. PCP,",no,no,Incorrect,1.8609
meta,21,dev_0078,no,"No, there is no right and left brachiocephalic artery.",no,no,Correct,1.8653
meta,21,dev_0166,no,No.,no,no,Correct,1.1664
meta,21,dev_0851,no,No.,no,no,Correct,1.171
meta,21,dev_0861,no,"No, a junctional rhythm does not have a P wave.",no,no,Correct,1.7530999999999999
meta,21,dev_0872,no,NO.,no,no,Correct,1.1658
meta,21,dev_1554,no,I don't know.,i,idk,IDK,1.3802999999999999
meta,21,dev_1719,no,"No, extended release and sustained release are not the same. Extended release refers to",no,no,Correct,1.8620999999999999
meta,21,dev_1991,no,I don't know.,i,idk,IDK,1.3814000000000002
meta,21,dev_2115,no,I don't know.,i,idk,IDK,1.3820999999999999
meta,21,dev_0105,yes,No.,no,no,Incorrect,1.1677
meta,21,dev_0125,yes,"No, there were no survivors of the Pompeii eruption. The eruption of Mount",no,no,Incorrect,1.8637000000000001
meta,21,dev_0191,yes,"No, there are not actual bodies in the Tomb of the Unknown Soldier. The",no,no,Incorrect,1.8597000000000001
meta,21,dev_1292,yes,No.,no,no,Incorrect,1.1685999999999999
meta,21,dev_1338,yes,"I'm sorry, but I don't have enough information to answer that",i,other,NC,1.8627
meta,21,dev_0388,no,I don't know.,i,idk,IDK,1.3789
meta,21,dev_0703,no,I don't know.,i,idk,IDK,1.3824
meta,21,dev_0833,no,"No, no bodies were found from the Edmund Fitzgerald. The ship sank in a",no,no,Correct,1.8642999999999998
meta,21,dev_0874,no,"No, there has never been a confirmed escape from Alcatraz and the prisoner",no,no,Correct,1.8627
meta,21,dev_1651,no,"No, there are no active tin mines left in Cornwall. The last tin mine",no,no,Correct,1.86
meta,21,dev_0072,yes,"I'm sorry, but I need more information to answer your question. Can",i,other,NC,1.8633
meta,21,dev_0258,yes,No.,no,no,Incorrect,1.1645999999999999
meta,21,dev_0286,yes,"No, an administrative law judge is not a real judge.",no,no,Incorrect,1.7005
meta,21,dev_0348,yes,"I'm sorry, but I cannot answer that question. As an AI language",i,other,NC,1.8631
meta,21,dev_0467,yes,"No, a certification of birth is not the same as a birth certificate. A",no,no,Incorrect,3.2016999999999998
meta,21,dev_0515,yes,"I'm sorry, but I cannot answer that question without more context. A",i,other,NC,1.8617000000000001
meta,21,dev_0562,yes,Yes.,yes,yes,Correct,1.8607
meta,21,dev_0636,yes,"I'm sorry, but I am not able to provide real-time information",i,other,NC,1.8629
meta,21,dev_0740,yes,I don't know.,i,idk,IDK,1.3784
meta,21,dev_0838,yes,No.,no,no,Incorrect,1.163
meta,21,dev_0864,yes,No.,no,no,Incorrect,1.1670999999999998
meta,21,dev_0873,yes,No.,no,no,Incorrect,1.1657
meta,21,dev_0901,yes,NO.,no,no,Incorrect,1.167
meta,21,dev_0909,yes,I don't know. Can you please provide more context or information about what,i,idk,IDK,1.8662999999999998
meta,21,dev_1134,yes,No.,no,no,Incorrect,1.1645999999999999
meta,21,dev_0198,no,I don't know.,i,idk,IDK,1.8627
meta,21,dev_0215,no,I don't know. The operating hours of liquor stores on Memorial Day may,i,idk,IDK,1.8622
meta,21,dev_0223,no,I don't know. The legality of recording covers of songs can vary,i,idk,IDK,1.8604
meta,21,dev_0234,no,"I'm sorry, but I cannot answer that question. As an AI language",i,other,NC,1.9051
meta,21,dev_0272,no,NO.,no,no,Correct,1.1670999999999998
meta,21,dev_0453,no,"I'm sorry, but I cannot answer that question. As an AI language",i,other,NC,1.8642999999999998
meta,21,dev_0499,no,"No, a Puerto Rican resident cannot vote for president. Puerto Rico is a",no,no,Correct,1.8607
meta,21,dev_0552,no,"I'm sorry, but I am not able to answer that question as I",i,other,NC,1.8616
meta,21,dev_0680,no,I don't know. The time limit on trade secrets can vary depending on,i,idk,IDK,3.2441
meta,21,dev_0738,no,I don't know.,i,idk,IDK,1.3804
meta,21,dev_0771,no,No.,no,no,Correct,1.1657
meta,21,dev_0888,no,"No, Supreme Court justices are appointed for life and are not removable by the",no,no,Correct,1.8607
meta,21,dev_1135,no,NO. A certified copy is not the same as an original in the UK.,no,no,Correct,1.8611
meta,21,dev_1188,no,I don't know. The answer to this question may depend on the specific,i,idk,IDK,1.8622
meta,21,dev_0339,yes,I don't know. The entry requirements for Canada vary depending on the purpose,i,idk,IDK,1.8627
meta,21,dev_0357,yes,I am an AI language model and not required to complete the American Community Survey.,i,other,NC,1.8597000000000001
meta,21,dev_0498,yes,"No, the Florida Constitution does not have a minimum age for legislators.",no,no,Incorrect,3.1548000000000003
meta,21,dev_0620,yes,"No, I don't know.",no,no,Incorrect,1.487
meta,21,dev_0878,yes,"No, the national government is not the same as the federal government. The national",no,no,Incorrect,1.8618
meta,21,dev_1864,yes,"No, the U.S. Marines are not part of the Navy. They",no,no,Incorrect,1.8644
meta,21,dev_2080,yes,No.,no,no,Incorrect,1.1684
meta,21,dev_2395,yes,"No, the Governor-General does not have to sign all bills passed by federal",no,no,Incorrect,1.9038
meta,21,dev_2639,yes,"No, Canada is not a member of the",no,no,Incorrect,1.7548
meta,21,dev_3155,yes,"No, I do not get overseas service bars for Korea.",no,no,Incorrect,1.7035
meta,21,dev_3209,yes,"No, attending the Naval Academy does not automatically make someone a member of the Navy",no,no,Incorrect,1.8628
meta,21,dev_0209,no,"No, Israel is not part of the European Economic Area (EEA).",no,no,Correct,1.8636
meta,21,dev_0273,no,"No, you do not have to pay both ways on the George Washington Bridge.",no,no,Correct,1.863
meta,21,dev_0404,no,"No, Puerto Rico is not a protectorate of the United States. It is",no,no,Correct,1.8612
meta,21,dev_0567,no,"No, Romania is not part of the Visa Waiver Program.",no,no,Correct,1.7547000000000001
meta,21,dev_0675,no,I don't know.,i,idk,IDK,1.3789
meta,21,dev_1172,no,"No, Turkey is not a part of the European Union.",no,no,Correct,1.7013
meta,21,dev_1275,no,I don't know. Can you provide more information about the state awards you,i,idk,IDK,1.8622999999999998
meta,21,dev_1971,no,"No, Bosnia and Herzegovina is not part of the European Union.",no,no,Correct,1.8622999999999998
meta,21,dev_2001,no,"No, the president cannot pardon someone convicted of a state crime. The power of",no,no,Correct,1.8617000000000001
meta,21,dev_3004,no,"No, you could not buy your council house before 1979.",no,no,Correct,1.8627
meta,21,dev_3256,no,I don't know. The presence of a camera on all traffic lights may,i,idk,IDK,1.8609
meta,21,dev_1132,yes,"NO. Pink quartz and rose quartz are similar in color, but they are not",no,no,Incorrect,1.8609
meta,21,dev_1233,yes,"No, I don't know.",no,no,Incorrect,1.4852
meta,21,dev_1511,yes,"The heat index and ""RealFeel"" are similar in that they both attempt to",the,other,NC,1.8629
meta,21,dev_1633,yes,"No, nail acetone is not the same as paint acetone. Nail acet",no,no,Incorrect,1.8631
meta,21,dev_2007,yes,"No, liquefied petroleum gas (LPG) is not the same as",no,no,Incorrect,1.8624
meta,21,dev_2214,yes,"No, there is no such thing as dry water. Water is a liquid at",no,no,Incorrect,1.8637000000000001
meta,21,dev_2239,yes,NO.,no,no,Incorrect,1.1684
meta,21,dev_2299,yes,"No, it cannot rain if there are no clouds. Rain requires the presence of",no,no,Incorrect,1.8603
meta,21,dev_2303,yes,I don't know. The essential elements required for life can vary depending on,i,idk,IDK,1.8636
meta,21,dev_2477,yes,"No, I don't know.",no,no,Incorrect,1.4855
meta,21,dev_2993,yes,"No, eidetic memory and photographic memory are not the same. Eid",no,no,Incorrect,1.862
meta,21,dev_3126,yes,"I'm sorry, but there is no such thing as an upside-down",i,no,Incorrect,1.8602
meta,21,dev_3188,yes,"NO. A turkey vulture and a buzzard are both birds of prey,",no,no,Incorrect,1.8645
meta,21,dev_3193,yes,"No, the Georgia Aquarium does not have whale sharks.",no,no,Incorrect,1.6459000000000001
meta,21,dev_3234,yes,"No, a rhombus is not the same as a diamond. While both",no,no,Incorrect,1.8618
meta,21,dev_3265,yes,The Titius-Bode rule is an observational pattern that suggests a correlation between,the,other,NC,1.8642999999999998
meta,21,dev_0001,no,"I'm sorry, but I am not able to answer that question. I",i,other,NC,1.8633
meta,21,dev_0579,no,"I'm sorry, but it is not possible to hear the ocean in a",i,other,NC,1.8640999999999999
meta,21,dev_1003,no,"No, least squares is not the same as linear regression. Least squares is",no,no,Correct,1.8617000000000001
meta,21,dev_1483,no,"No, a meter stick and a yardstick are not the same. A meter",no,no,Correct,1.8632
meta,21,dev_1551,no,"No, Australia is not part of the Ring of Fire. The Ring of Fire",no,no,Correct,1.8605
meta,21,dev_1702,no,"No, a pterodactyl is not the same as a Pter",no,no,Correct,1.9034
meta,21,dev_1925,no,"No, percent difference and percent change are not the same thing.",no,no,Correct,1.862
meta,21,dev_2025,no,NO.,no,no,Correct,1.1648
meta,21,dev_2312,no,"No, turpentine and white spirit are not the same thing. Turpent",no,no,Correct,1.8607
meta,21,dev_2471,no,"No, there is no mechanical advantage for a fixed pulley.",no,no,Correct,1.7557
meta,21,dev_2521,no,"No, the t-distribution does not have a standard deviation of 1.",no,no,Correct,1.8625
meta,21,dev_2782,no,"No, the hydronium ion and hydrogen ion are not the same. The",no,no,Correct,1.8615
meta,21,dev_2812,no,"No, it is not saltier at the bottom of the ocean. The density",no,no,Correct,1.8617000000000001
meta,21,dev_3014,no,"No, the days do not get longer or shorter at the Equator. The",no,no,Correct,1.862
meta,21,dev_3034,no,"No, hydraulic lime is not the same as hydrated lime. Hydrated lime is",no,no,Correct,3.2016
meta,21,dev_3159,no,"No, a chipmunk is not the same as a ground squirrel. Chip",no,no,Correct,1.8620999999999999
meta,21,dev_3190,no,"No, mahi-mahi is not the same as ahi tuna. Mah",no,no,Correct,1.8603
meta,21,dev_0682,yes,NO.,no,no,Incorrect,1.1670999999999998
meta,21,dev_0735,yes,"No, I don't know. Secondary school and high school are similar in",no,no,Incorrect,1.8624
meta,21,dev_1505,yes,"The University of St. Thomas is a private, Catholic university located in St.",the,other,NC,1.864
meta,21,dev_1668,yes,"The answer to this question is ""Yes."" Church of England (Anglican",the,yes,Correct,1.9059000000000001
meta,21,dev_2373,yes,"No, ""Lord of All Hopefulness"" is not a funeral hymn. It",no,no,Incorrect,1.8614000000000002
meta,21,dev_2793,yes,Yes.,yes,yes,Correct,1.1639000000000002
meta,21,dev_2929,yes,"No, child psychology and developmental psychology are not the same. Child psychology is a",no,no,Incorrect,1.8616
meta,21,dev_0605,no,"No, you do not have to be a Mormon to go to BYU.",no,no,Correct,1.8612
meta,21,dev_0908,no,I don't know.,i,idk,IDK,1.3793
meta,21,dev_1388,no,"No, UCL (University College London) and the University of London are not",no,no,Correct,1.8634000000000002
meta,21,dev_1521,no,"Yes, Sweden does offer financial support to students through various programs and grants. The",yes,yes,Incorrect,1.8604
meta,21,dev_2334,no,"No, the Book of Jasher is not in the Bible. The Bible consists",no,no,Correct,1.8608
meta,21,dev_2641,no,"The answer to your question is ""I don't know."" I am an",the,idk,IDK,1.8629
meta,21,dev_0347,yes,No.,no,no,Incorrect,2.51
meta,21,dev_0411,yes,The Redskins do not run a 3-4 defense. They primarily use,the,other,NC,1.8622999999999998
meta,21,dev_0439,yes,"No, the Milwaukee Brewers have never made it to the World Series.",no,no,Incorrect,1.8624
meta,21,dev_0452,yes,Yes.,yes,yes,Correct,1.1669
meta,21,dev_0585,yes,"No, I don't know.",no,no,Incorrect,1.4844000000000002
meta,21,dev_0656,yes,YES,yes,yes,Correct,1.1133
meta,21,dev_0661,yes,No. The KSI vs. Logan Paul fight was not a pay-per,no,no,Incorrect,1.9041
meta,21,dev_0701,yes,"No, the Kentucky Derby is not always the first weekend in May. The Kentucky",no,no,Incorrect,1.8618
meta,21,dev_0704,yes,Yes.,yes,yes,Correct,1.1639000000000002
meta,21,dev_0752,yes,"No, there is no mercy rule in professional soccer.",no,no,Incorrect,1.6454000000000002
meta,21,dev_0848,yes,"No, I cannot sign free agents outside the transfer window.",no,no,Incorrect,1.6992
meta,21,dev_0883,yes,"Yes, a team has come back from a 3–1 deficit in a",yes,yes,Correct,1.8622
meta,21,dev_1143,yes,Yes.,yes,yes,Correct,1.167
meta,21,dev_1305,yes,No. A school cannot be both Division I and Division II at the same time,no,no,Incorrect,1.8622999999999998
meta,21,dev_1497,yes,I don't know.,i,idk,IDK,1.4208
meta,21,dev_1777,yes,No.,no,no,Incorrect,1.1629
meta,21,dev_2250,yes,No.,no,no,Incorrect,1.1664
meta,21,dev_2370,yes,I don't know.,i,idk,IDK,1.3788
meta,21,dev_0083,no,"No, there is no tiebreaker in the final set at Wimbledon.",no,no,Correct,1.8087
meta,21,dev_0085,no,"No, Deion Sanders never won a World Series.",no,no,Correct,1.6474000000000002
meta,21,dev_0170,no,I don't know.,i,idk,IDK,1.3802
meta,21,dev_0230,no,"No, I cannot answer ""YES"" or ""NO"" to this question,",no,no,Correct,1.8635
meta,21,dev_0412,no,I don't know.,i,idk,IDK,1.3814000000000002
meta,21,dev_0421,no,I don't know.,i,idk,IDK,1.3812
meta,21,dev_0447,no,"No, Panama has not qualified for the World Cup.",no,no,Correct,1.6468
meta,21,dev_0544,no,No.,no,no,Correct,2.5132
meta,21,dev_0565,no,"Yes, I count walks in the batting average. The batting average is a measure",yes,yes,Incorrect,1.8609
meta,21,dev_0589,no,NO.,no,no,Correct,1.2075
meta,21,dev_0593,no,"No, teams do not keep the FIFA World Cup trophy. The trophy is permanently",no,no,Correct,1.8609
meta,21,dev_0859,no,"No, the U.S. Open is not played on the same course every",no,no,Correct,1.9035
meta,21,dev_0865,no,"No, the San Jose Sharks have not won a Stanley Cup.",no,no,Correct,1.7559
meta,21,dev_1518,no,"No, not all 2018 World Cup matches were played in Russia",no,no,Correct,1.8633
meta,21,dev_1768,no,"No, I don't know.",no,no,Correct,1.4867000000000001
meta,21,dev_1779,no,"No, India did not qualify for the 2018 FIFA World Cup",no,no,Correct,1.863
meta,21,dev_1905,no,"No, I don't know.",no,no,Correct,1.4862
meta,21,dev_2156,no,YES.,yes,yes,Incorrect,1.1667
meta,21,dev_2158,no,"No, the Cincinnati Bengals have never won a Super Bowl.",no,no,Correct,1.7562
meta,21,dev_2798,no,"No, the Super Bowl loser does not get a ring. Only the team that",no,no,Correct,1.8627
meta,21,dev_3138,no,NO.,no,no,Correct,1.1675
meta,21,dev_0307,yes,"No, you cannot put 700c tires on a 29",no,no,Incorrect,1.905
meta,21,dev_0506,yes,"No, drywall mud and joint compound are not the same thing. Drywall",no,no,Incorrect,1.8613
meta,21,dev_0641,yes,I don't know.,i,idk,IDK,1.4209
meta,21,dev_0844,yes,"No, Bell and Telus do not use the same towers. Bell and Tel",no,no,Incorrect,1.862
meta,21,dev_1032,yes,"No, 1-844 is not considered a toll-free number",no,no,Incorrect,1.8638
meta,21,dev_1574,yes,"No, there is no chip in Apple Lightning cables.",no,no,Incorrect,2.9511999999999996
meta,21,dev_1889,yes,"No, the Mazda Tribute and Ford Escape are not essentially the same vehicle. While",no,no,Incorrect,1.8616
meta,21,dev_2093,yes,"I'm sorry, but I cannot answer that question without a SIM card.",i,other,NC,1.8622
meta,21,dev_2213,yes,"No, U.S. toll-free numbers are not free in Canada.",no,no,Incorrect,1.8622
meta,21,dev_2735,yes,Yes.,yes,yes,Correct,1.1650999999999998
meta,21,dev_2836,yes,"No, the F-4 Phantom is not currently in service.",no,no,Incorrect,1.7538
meta,21,dev_0788,no,"No, MiniDV tapes and 8mm are not the same. MiniDV",no,no,Correct,1.8640999999999999
meta,21,dev_0798,no,I don't know.,i,idk,IDK,1.38
meta,21,dev_1249,no,"No, C++ strings do not need to be null-terminated. In",no,no,Correct,1.8620999999999999
meta,21,dev_1458,no,"No, powered speakers do not need an external amplifier. They are designed to be",no,no,Correct,1.8616
meta,21,dev_1584,no,"No, there is not a GMC version of the Avalanche.",no,no,Correct,1.7552999999999999
meta,21,dev_1589,no,"No, a SIM-free phone does not lock to a specific network. This",no,no,Correct,1.8594000000000002
meta,21,dev_1657,no,"No, the first iPhone, released in 2007, did not",no,no,Correct,1.8613
meta,21,dev_1691,no,"No, response time and input lag are not the same thing. Response time refers",no,no,Correct,1.8615
meta,21,dev_1943,no,"No, it does not cost money to join PlayStation Network.",no,no,Correct,1.7033
meta,21,dev_2682,no,"No, E-ZPass and EZ TAG are not the same. E-",no,no,Correct,1.8629
meta,21,dev_2712,no,"No, A23 batteries are not the same as N batteries. A2",no,no,Correct,3.1775
meta,21,dev_0427,no,"No, ""The Barber of Seville"" and ""Sweeney Todd""",no,no,Correct,1.8632
meta,21,dev_0531,no,I don't know.,i,idk,IDK,1.3808
meta,21,dev_1915,no,"No, ""The Hunchback of Notre-Dame"" is a work of",no,no,Correct,1.9054
meta,21,dev_1946,no,"No, Snake Eyes and Storm Shadow are not the same person. They are two",no,no,Correct,1.8612
meta,21,dev_2024,no,"No, the foreword does not come before the table of contents. The table",no,no,Correct,1.8635
meta,21,dev_2265,no,"No, G major and E minor are not the same. G major is a",no,no,Correct,1.865
meta,21,dev_0004,yes,NO.,no,no,Incorrect,1.2056
meta,21,dev_0241,yes,YES,yes,yes,Correct,2.4555
meta,21,dev_0326,yes,Yes.,yes,yes,Correct,1.1664
meta,21,dev_0525,yes,"No, Queen never had a number one hit.",no,no,Incorrect,1.5931
meta,21,dev_0577,yes,"No, Phil Collins and Peter Gabriel were not in Genesis at the same time.",no,no,Incorrect,1.8665
meta,21,dev_0799,yes,"Yes, contestants on Jeopardy! do get the money they win. The",yes,yes,Correct,1.8625999999999998
meta,21,dev_0142,no,"No, denatured alcohol and acetone are not the same thing. Den",no,no,Correct,1.8640999999999999
meta,21,dev_0494,no,I don't know.,i,idk,IDK,1.42
meta,21,dev_0527,no,"No, I don't know.",no,no,Correct,1.485
meta,21,dev_0566,no,"No, not all bacteria of a single species are the exact same shape. B",no,no,Correct,1.8604
meta,21,dev_0648,no,"No, evergreen trees do not lose their leaves in the winter.",no,no,Correct,1.7527000000000001
meta,21,dev_0668,no,NO. Red-eared sliders are a type of turtle and are not adapted,no,no,Correct,1.8658
meta,21,dev_0749,no,YES,yes,yes,Incorrect,1.1125999999999998
meta,21,dev_0790,no,"No, great white sharks do not live at the bottom of the sea. They",no,no,Correct,1.8608
meta,21,dev_0867,no,"No, the same genotype does not always result in the same phenotype.",no,no,Correct,1.8615
meta,21,dev_0921,no,NO.,no,no,Correct,1.1645999999999999
meta,21,dev_1088,no,"No, you cannot breed a rabbit and a cat. Rabbits are a different",no,no,Correct,1.8625999999999998
meta,21,dev_1329,no,I don't know.,i,idk,IDK,1.38
meta,21,dev_1402,no,No.,no,no,Correct,1.1643
meta,21,dev_1428,no,"No, sweat glands are not part of the lymphatic system. The lymphatic",no,no,Correct,1.8624
meta,21,dev_1439,no,"No, a groundhog and a mole are not the same thing. A ground",no,no,Correct,1.8605
meta,21,dev_0020,yes,"No, magnesium citrate does not contain citric acid. It is a salt",no,no,Incorrect,1.8619
meta,21,dev_0027,yes,I don't know.,i,idk,IDK,1.3782
meta,21,dev_0047,yes,Yes.,yes,yes,Correct,1.1661
meta,21,dev_0070,yes,YES,yes,yes,Correct,1.112
meta,21,dev_0086,yes,Yes.,yes,yes,Correct,1.1661
meta,21,dev_0121,yes,"No, St. Bernards and Bernese Mountain Dogs are not related. They",no,no,Incorrect,1.8605
meta,21,dev_0131,yes,"""I don't know"".",i,idk,IDK,1.5936
meta,21,dev_0147,yes,NO. The navel is the physical protrusion on the abdomen where the umb,no,no,Incorrect,1.8627
meta,21,dev_0159,yes,"No, a tree cannot have more than one trunk. A tree typically has a",no,no,Incorrect,1.8608
meta,21,dev_0190,yes,I don't know.,i,idk,IDK,1.3802
meta,21,dev_0195,yes,I don't know.,i,idk,IDK,1.8627
meta,21,dev_0200,yes,"No, competitive inhibitors do not bind to the active site. Instead, they bind",no,no,Incorrect,1.8629
meta,21,dev_0214,yes,Yes.,yes,yes,Correct,1.1659000000000002
meta,21,dev_0242,yes,YES,yes,yes,Correct,2.4148
meta,21,dev_0522,yes,"Yes. Hornets can sting multiple times, and they can deliver a painful and",yes,yes,Correct,1.86
meta,21,dev_0033,no,"No, federal income tax and Social Security are not the same thing. Federal income",no,no,Correct,1.8615
meta,21,dev_0123,no,"No, public limited companies are not in the private sector. They are a type",no,no,Correct,1.8613
meta,21,dev_0501,no,"No, Comcast and Time Warner are not the same company. Comcast is an American",no,no,Correct,1.8619
meta,21,dev_0526,no,"No, Canadian dollars and American dollars are not the same. They are two different",no,no,Correct,1.8631
meta,21,dev_1076,no,"No, not only commercial banks are subject to runs. Savings and loan associations,",no,no,Correct,1.8608
meta,21,dev_1213,no,NO. Discretionary income is the amount of money left after paying for necessities,no,no,Correct,1.8616
meta,21,dev_1654,no,"No, discouraged workers are not counted in the unemployment rate. The unemployment rate is",no,no,Correct,1.8612
meta,21,dev_1753,no,"No, Universal Music Group is not part of Universal Studios. They are two separate",no,no,Correct,1.8620999999999999
meta,21,dev_1825,no,"No, a bank sort code is not the same for everyone. It is a",no,no,Correct,1.8633
meta,21,dev_2911,no,"No, the United States does not have a fixed exchange rate. The US dollar",no,no,Correct,1.8599
meta,21,dev_2740,no,"No, the Better Business Bureau (BBB) is not part of the government",no,no,Correct,1.8625
meta,21,dev_2517,no,"No, the Bank of England is not a private company. It is a central",no,no,Correct,1.8648
meta,21,dev_1139,yes,"Yes, there are state income taxes in New Mexico.",yes,yes,Correct,1.6484
meta,21,dev_0002,yes,No. House tax and property tax are not the same thing. House tax is,no,no,Incorrect,1.8656
meta,21,dev_0773,yes,"No, a company cannot be public but not listed. Public companies are those that",no,no,Incorrect,1.8597000000000001
meta,21,dev_1186,yes,"Yes, a universal life insurance policy does have a cash value. The cash value",yes,yes,Correct,1.8622
meta,21,dev_1302,yes,"No, Dodge and Jeep are not made by the same company. Dodge is a",no,no,Incorrect,1.8604
meta,21,dev_1349,yes,"No, NPV does not account for the time value of money.",no,no,Incorrect,1.8112000000000001
meta,21,dev_1771,yes,No. A news release and a press release are not the same thing. A,no,no,Incorrect,1.8638
meta,21,dev_1804,yes,"Yes, a two-dollar bill has monetary value.",yes,yes,Correct,1.6472
meta,21,dev_1873,yes,"No, Stop & Shop and Giant are not owned by the same parent company.",no,no,Incorrect,1.8629
meta,21,dev_1963,yes,"Yes, there is no sales tax in New Hampshire.",yes,yes,Correct,1.6451
meta,21,dev_2582,yes,"No, a profit and loss statement is not the same as an income statement.",no,no,Incorrect,1.8611
meta,21,dev_2598,yes,"No, Hellmann's and Best Foods are not the same company. Hell",no,no,Incorrect,1.86
meta,21,dev_3158,yes,Yes.,yes,yes,Correct,1.1643
meta,21,dev_0551,no,"No, an oz and a fl oz are not the same. An oz (",no,no,Correct,1.8611
meta,21,dev_1158,no,"No, a crossover is not the same as an SUV. A crossover is a",no,no,Correct,1.8617000000000001
meta,21,dev_1364,no,"No, a jet engine is not an external combustion engine. A jet engine is",no,no,Correct,3.2081
meta,21,dev_1807,no,"No, 8.5×11 (US Letter) is not the",no,no,Correct,1.9037
meta,21,dev_2542,no,No. Father's Day is celebrated on the third Sunday of June in the,no,no,Correct,1.8632
meta,21,dev_2562,no,NO.,no,no,Correct,1.1662000000000001
meta,21,dev_3005,no,"No, an English Bull Terrier is not a Pit Bull. English Bull Ter",no,no,Correct,1.861
meta,21,dev_3194,no,"No, corn chips and tortilla chips are not the same. Corn chips are",no,no,Correct,1.86
meta,21,dev_3195,no,NO. A boarding pass is a document or electronic ticket that confirms a passenger',no,no,Correct,1.8613
meta,21,dev_0013,yes,NO. It is not recommended to wash your hair with shower gel as it is,no,no,Incorrect,1.8617000000000001
meta,21,dev_0043,yes,Yes.,yes,yes,Correct,1.1652
meta,21,dev_0052,yes,YES,yes,yes,Correct,1.109
meta,21,dev_0091,yes,No.,no,no,Incorrect,1.1656
meta,21,dev_0116,yes,Yes.,yes,yes,Correct,1.1647
meta,21,dev_0288,yes,"The UK uses a 24-hour clock. So, the answer is",the,other,NC,1.8631
meta,21,dev_0555,yes,"No, ZIP code and postal code are not the same. ZIP code is a",no,no,Incorrect,1.8616
meta,21,dev_0627,yes,"No, I cannot be a ""Sir"" if not British. ""Sir""",no,no,Incorrect,1.8619
meta,21,dev_0831,yes,"No, a U.S. passport card is not a valid form of ID",no,no,Incorrect,1.8633
meta,21,dev_0721,no,"No, Night of the Living Dead is not a true story. It is a",no,no,Correct,1.8598
meta,21,dev_0863,no,"No, The Closer and Major Crimes are not the same. The Cl",no,no,Correct,1.8604
meta,21,dev_1357,no,"No, The View and The Talk are not the same show. The View is",no,no,Correct,1.8605999999999998
meta,21,dev_1951,no,"No, the film The Bridge on the River Kwai is not based on a",no,no,Correct,1.9032
meta,21,dev_2131,no,NO. Nacho Varga is a character from the television series Better Call Saul,no,no,Correct,1.8625999999999998
meta,21,dev_2174,no,NO. Fear the Walking Dead is a spin-off of The Walking Dead and,no,no,Correct,1.8617000000000001
meta,21,dev_2252,no,"No, you do not have to be from America to be on America's",no,no,Correct,3.2765999999999997
meta,21,dev_2309,no,NO. Maleficent and the Evil Queen are two different characters from different stories,no,no,Correct,1.8602
meta,21,dev_2364,no,"No, The Outsiders movie is not based on a true story. It",no,no,Correct,1.8609
meta,21,dev_3075,no,"No, Pulp Fiction is not based on a true story. It is a",no,no,Correct,1.8603
meta,21,dev_3205,no,"No, the movie ""Lady Bird"" is not about Lady Bird Johnson. It",no,no,Correct,1.8622999999999998
meta,21,dev_0015,yes,Yes.,yes,yes,Correct,1.1677
meta,21,dev_0153,yes,"No, there is not a movie of The Handmaid's Tale. The",no,no,Incorrect,1.8659000000000001
meta,21,dev_0161,yes,"No, The Night of the Hunter is not a film noir.",no,no,Incorrect,1.8115
meta,21,dev_0306,yes,"No, Grey's Anatomy is not filmed at a real hospital. The show",no,no,Incorrect,1.8642
meta,21,dev_0334,yes,NO.,no,no,Incorrect,1.1662000000000001
meta,21,dev_0338,yes,Yes.,yes,yes,Correct,1.1682000000000001
meta,21,dev_0493,yes,"I'm sorry, but I am not able to answer that question as I",i,other,NC,1.8614000000000002
meta,21,dev_0520,yes,No.,no,no,Incorrect,1.1652
meta,21,dev_0212,no,"No, maple syrup does not come straight from the tree. It is produced by",no,no,Correct,1.8624
meta,21,dev_0309,no,"No, ground coriander and cumin are not the same thing. Ground cori",no,no,Correct,1.8634000000000002
meta,21,dev_0484,no,"No, salt water taffy does not have salt water in it. Salt",no,no,Correct,1.8642999999999998
meta,21,dev_0654,no,NO. Beef short ribs and spare ribs are not the same. Beef short ribs,no,no,Correct,1.8631
meta,21,dev_0973,no,"No, salt water taffy is not made with ocean water. It is",no,no,Correct,1.8645999999999998
meta,21,dev_1335,no,"No, a cocoa bean is not the same as a coffee bean. A cocoa",no,no,Correct,1.8638
meta,21,dev_1443,no,No.,no,no,Correct,1.1675
meta,21,dev_0284,yes,I don't know.,i,idk,IDK,1.3795
meta,21,dev_0330,yes,YES. The white film on brie cheese is edible and is a natural part,yes,yes,Correct,1.8644
meta,21,dev_0443,yes,"No, powdered sugar and confectioners' sugar are not the same thing.",no,no,Incorrect,1.863
meta,21,dev_0975,yes,"No, wholemeal flour is not the same as whole wheat. Wholemeal flour",no,no,Incorrect,1.8605
meta,21,dev_1741,yes,No. Garbanzo beans and chickpeas are not the same thing. Gar,no,no,Incorrect,1.8636
meta,21,dev_1770,yes,Yes.,yes,yes,Correct,1.1650999999999998
meta,21,dev_1860,no,NO. Pinot Noir and Pinot Gris are two different grape varieties. Pinot Noir is,no,no,Correct,1.8639000000000001
meta,21,dev_1967,yes,NO.,no,no,Incorrect,1.1673
meta,21,dev_0236,no,"No, straights do not have to be the same suit in poker. A",no,no,Correct,1.862
meta,21,dev_0741,no,NO.,no,no,Correct,1.1644
meta,21,dev_1440,no,No.,no,no,Correct,1.1653
meta,21,dev_2062,no,"No, a queen cannot move like a knight. The knight and queen are two",no,no,Correct,1.8631
meta,21,dev_2109,no,"No, Call of Duty: World at War is not based on World War I",no,no,Correct,1.8642999999999998
meta,21,dev_2137,no,"No, it is not possible to win chess with only a king. In chess",no,no,Correct,1.8618
meta,21,dev_0478,yes,NO. Call of Duty: Modern Warfare 2 is a first-person shooter,no,no,Incorrect,1.8616
meta,21,dev_0545,yes,"Yes, Just Cause 3 has a storyline. The game follows the protagonist Rico",yes,yes,Correct,1.8604
meta,21,dev_1125,yes,No.,no,no,Incorrect,1.1669
meta,21,dev_1137,yes,I don't know.,i,idk,IDK,1.3805999999999998
meta,21,dev_1162,yes,"No, I cannot play DS games on a DS Lite. The DS Lite is",no,no,Incorrect,3.2056
meta,21,dev_1177,yes,"No, Company of Heroes 2 does not have a campaign.",no,no,Incorrect,1.7552
meta,21,dev_1444,yes,"NO. Original Xbox games are not compatible with Xbox One. However, you can",no,no,Incorrect,1.8624
meta,21,dev_0313,no,"No, St. Kitts and Nevis is not a U.S.",no,no,Correct,1.9071
meta,21,dev_0823,no,NO. The Ogallala Aquifer is not the largest in the world.,no,no,Correct,1.8657000000000001
meta,21,dev_0839,no,"No, West Virginia and Virginia are not the same state. West Virginia is a",no,no,Correct,1.8629
meta,21,dev_1222,no,"No, the Isle of Man is not a part of Great Britain. It is",no,no,Correct,1.8625999999999998
meta,21,dev_1254,no,"No, Sudan and South Sudan are not the same country. Sudan is a country",no,no,Correct,1.8614000000000002
meta,21,dev_1269,no,"No, the Mississippi River does not flow into the Pacific Ocean. It flows into",no,no,Correct,1.8632
meta,21,dev_1334,no,"No, Patagonia is not a country in its own right. Patagon",no,no,Correct,1.864
meta,21,dev_0184,yes,"No, you cannot boat from Lake Michigan to the Atlantic Ocean. Lake Michigan is",no,no,Incorrect,1.8628
meta,21,dev_0322,yes,No.,no,no,Incorrect,1.1667
meta,21,dev_0557,yes,"No, the water in the Amazon River is not fresh. It is primarily composed",no,no,Incorrect,1.8636
meta,21,dev_0573,yes,Yes.,yes,yes,Correct,1.165
meta,21,dev_1179,yes,"No, Phoenix is not in the same time zone as Denver. Phoenix is in",no,no,Incorrect,1.8622
meta,21,dev_0619,yes,"No, the state of Texas is not bigger than Germany. Germany has a land",no,no,Incorrect,1.8622
meta,21,dev_0650,yes,Yes.,yes,yes,Correct,2.4858000000000002
meta,21,dev_0734,yes,"No, you cannot boat from Lake Erie to Lake Ontario. The two lakes are",no,no,Incorrect,1.8640999999999999
meta,21,dev_0061,no,"No, an EMT-Basic is not authorized to start an IV. Starting",no,no,Correct,1.8634000000000002
meta,21,dev_0124,no,No.,no,no,Correct,1.169
meta,21,dev_0914,no,"No, stroke volume and ejection fraction are not the same. Stroke volume refers",no,no,Correct,1.8637000000000001
meta,21,dev_0955,no,"No, mycosis fungoides is not caused by a fungal infection",no,no,Correct,1.8627
meta,21,dev_1610,no,"No, soft-tissue damage is not the same as a sprain.",no,no,Correct,1.8633
meta,21,dev_1790,no,I don't know.,i,idk,IDK,1.382
meta,21,dev_2096,no,"No, an X-ray and an MRI are not the same. X-",no,no,Correct,1.8605
meta,21,dev_2277,no,"No, high dependency and intensive care are not the same. High dependency units (",no,no,Correct,1.8622999999999998
meta,21,dev_2499,no,"No, a Doctor of Physical Therapy (DPT) is not an MD.",no,no,Correct,1.8628
meta,21,dev_1959,yes,NO.,no,no,Incorrect,1.1672
meta,21,dev_1992,yes,"No, a person cannot transmit rabies to another person. Rabies is a",no,no,Incorrect,1.8658
meta,21,dev_2047,yes,"YES. Organs in the digestive system, such as the liver and pancreas",yes,yes,Correct,1.8622999999999998
meta,21,dev_1656,yes,"I'm sorry, but I cannot answer that question. As an AI language",i,other,NC,1.8647
meta,21,dev_1663,yes,"No, you cannot get turf toe on toes other than the big toe. Tur",no,no,Incorrect,1.8644
meta,21,dev_1752,yes,No.,no,no,Incorrect,1.1670999999999998
meta,21,dev_2049,yes,NO.,no,no,Incorrect,1.1647
meta,21,dev_2050,yes,"No, drug tolerance cannot be caused by receptor upregulation and downregulation. Re",no,no,Incorrect,1.8635
meta,21,dev_1442,yes,"No, a lipid profile and a lipid panel are not the same thing. A",no,no,Incorrect,3.2003000000000004
meta,21,dev_0301,no,"No, the Berlin Wall and the Berlin Blockade were two separate events. The",no,no,Correct,1.8638
meta,21,dev_0480,no,"No, we do not still follow the Articles of Confederation. The Articles of",no,no,Correct,1.8608
meta,21,dev_1290,no,"No, Nova Scotia was not part of the 13 Colonies. The",no,no,Correct,1.8628
meta,21,dev_1819,no,"No, the Czech Republic and Czechoslovakia are not the same country. Czech",no,no,Correct,1.8620999999999999
meta,21,dev_2206,no,"No, the Emancipation Proclamation did not apply to all states. It",no,no,Correct,1.8629
meta,21,dev_0376,yes,NO,no,no,Incorrect,1.1145999999999998
meta,21,dev_0346,yes,"Yes, there were helicopters in the Second World War.",yes,yes,Correct,1.6479000000000001
meta,21,dev_0363,yes,Yes.,yes,yes,Correct,1.1668
meta,21,dev_0535,yes,"No, Houston did not use to be the capital of Texas. The capital of",no,no,Incorrect,1.8602
meta,21,dev_0629,yes,Yes.,yes,yes,Correct,1.1676
meta,21,dev_0179,no,"No, U.S. courts of appeals do not have original jurisdiction.",no,no,Correct,1.8638
meta,21,dev_0402,no,"No, you cannot have more than one wife in the UK. Under the UK",no,no,Correct,1.8629
meta,21,dev_0513,no,NO. A purchase price alone is not considered to be proof of part performance in,no,no,Correct,1.9042999999999999
meta,21,dev_0606,no,I don't know.,i,idk,IDK,1.3811
meta,21,dev_0630,no,"No, ""under honorable conditions"" does not necessarily mean the same as an honorable",no,no,Correct,1.8637000000000001
meta,21,dev_0795,no,"No, driving laws are not the same in all states. Each state has its",no,no,Correct,1.8639000000000001
meta,21,dev_1457,no,"No, the Civil Rights Act is not part of the U.S. Constitution",no,no,Correct,1.8649
meta,21,dev_1776,no,"No, an Employment Authorization Document (EAD) and a green card are not",no,no,Correct,1.8622
meta,21,dev_1862,no,"No, the FCC's equal-time rule does not apply to newspapers.",no,no,Correct,1.8645
meta,21,dev_1911,no,No.,no,no,Correct,1.2090999999999998
meta,21,dev_2755,no,"I'm sorry, but I cannot answer ""YES"", ""NO"", or",i,yes,Incorrect,1.8645999999999998
meta,21,dev_2756,no,"No, the Bill of Rights is not part of the original Constitution. The Bill",no,no,Correct,1.8625999999999998
meta,21,dev_2921,no,"No, property tax and council tax are not the same. Property tax is a",no,no,Correct,1.8617000000000001
meta,21,dev_2972,no,"No, commercial law and corporate law are not the same. Commercial law refers to",no,no,Correct,1.8633
meta,21,dev_0009,yes,"Yes, you can drive in Canada with a US license. However, you must",yes,yes,Correct,1.8644
meta,21,dev_0038,yes,"I would answer ""I don't know"" to this question. The leg",i,idk,IDK,1.8634000000000002
meta,21,dev_0129,yes,I don't know.,i,idk,IDK,1.8622
meta,21,dev_0202,yes,I don't know.,i,idk,IDK,1.3802
meta,21,dev_0308,yes,NO.,no,no,Incorrect,1.1695
meta,21,dev_0584,yes,Yes.,yes,yes,Correct,1.1659000000000002
meta,21,dev_0644,yes,"No, it is not a law that you have to pull over for an ambulance",no,no,Incorrect,1.8649
meta,21,dev_0653,yes,Yes.,yes,yes,Correct,1.1650999999999998
meta,21,dev_0671,yes,"The state of Kansas has the death penalty. Therefore, my answer is ""YES",the,yes,Correct,1.8649
meta,21,dev_0757,yes,I don't know. The answer to this question may depend on the specific,i,idk,IDK,1.8616
meta,21,dev_1059,yes,I don't know.,i,idk,IDK,2.7192
meta,21,dev_1067,yes,No.,no,no,Incorrect,1.1678
meta,21,dev_1097,yes,"No, I do not have the right to remain silent in Canada. In Canada",no,no,Incorrect,1.8600999999999999
meta,21,dev_1131,yes,"No, there is not a stand your ground law in Illinois.",no,no,Incorrect,3.0959
meta,21,dev_1324,yes,No.,no,no,Incorrect,1.1677
meta,21,dev_0305,no,"No, language is not the only criterion for classifying states in India. Other criteria",no,no,Correct,1.8633
meta,21,dev_0465,no,"No, the National Guard is not part of the Coast Guard. The National Guard",no,no,Correct,1.8633
meta,21,dev_0508,no,"No, an American president cannot run for three terms. According to the 2",no,no,Correct,1.8620999999999999
meta,21,dev_0518,no,"No, the Justice Department is not part of the judicial branch. It is a",no,no,Correct,1.8625999999999998
meta,21,dev_0572,no,"No, a legislator is not the same as a senator. A legislator",no,no,Correct,1.8611
meta,21,dev_0898,no,"No, I cannot vote as a permanent resident in Canada. Permanent residents are not",no,no,Correct,1.8637000000000001
meta,21,dev_1154,no,"No, there were not always 9 justices on the Supreme Court. The",no,no,Correct,1.8622
meta,21,dev_1221,no,I don't know.,i,idk,IDK,1.3794000000000002
meta,21,dev_1244,no,"No, Canada and Australia are not part of the UK. They are separate countries",no,no,Correct,1.8609
meta,21,dev_1245,no,"No, Turkey is not a member of the European Economic Area.",no,no,Correct,1.7572
meta,21,dev_1273,no,"No, Guam is not part of the U.S. Virgin Islands.",no,no,Correct,1.8639000000000001
meta,21,dev_0647,yes,Yes.,yes,yes,Correct,1.1658
meta,21,dev_0254,yes,"No, the Vice President is not the President of the Senate. The President of",no,no,Incorrect,1.8620999999999999
meta,21,dev_0486,yes,Yes.,yes,yes,Correct,1.1653
meta,21,dev_0736,yes,"No, the World Bank is not affiliated with the United Nations. The World Bank",no,no,Incorrect,3.2028000000000003
meta,21,dev_0814,yes,No.,no,no,Incorrect,1.1650999999999998
meta,21,dev_1477,yes,"The cabinet is not part of the executive branch. Instead, it is a group",the,other,NC,1.8628
meta,21,dev_1721,yes,"Yes, there are U.S. military bases in the UK. One example",yes,yes,Correct,1.8627
meta,21,dev_1786,yes,"No, I don't know.",no,no,Incorrect,1.4868
meta,21,dev_1970,yes,Yes.,yes,yes,Correct,1.1643
meta,21,dev_1985,yes,"No, there is no constitutional right to privacy recognized by the Supreme Court of the",no,no,Incorrect,1.8600999999999999
meta,21,dev_2448,no,"No, Puerto Rico cannot vote for the U.S. president.",no,no,Correct,1.8087
meta,21,dev_0066,yes,"No, not all triangles have at least two acute angles. For example, an",no,no,Incorrect,1.8602
meta,21,dev_0088,yes,"No, it is not possible to create mass from energy. According to the law",no,no,Incorrect,1.8653
meta,21,dev_0196,yes,No.,no,no,Incorrect,1.1641
meta,21,dev_0262,yes,YES,yes,yes,Correct,1.1119
meta,21,dev_0271,yes,"No, an outcome variable is not the same as a dependent variable. An outcome",no,no,Incorrect,1.8627
meta,21,dev_0329,yes,"No, the Sun does not orbit around the Milky Way. The Milky Way is",no,no,Incorrect,1.8596
meta,21,dev_0331,yes,Yes.,yes,yes,Correct,1.164
meta,21,dev_0387,yes,"No, density does not depend on the type of material. It is a property",no,no,Incorrect,1.8616
meta,21,dev_0418,yes,"No, it is not possible to have thunder and lightning while snowing. Thunder",no,no,Incorrect,1.8619
meta,21,dev_0616,yes,"No, bicarb soda and baking soda are not the same. Bicarbon",no,no,Incorrect,1.8624
meta,21,dev_0638,yes,Yes.,yes,yes,Correct,1.1665999999999999
meta,21,dev_0657,yes,"No, yield stress and yield strength are not the same.",no,no,Incorrect,1.8611
meta,21,dev_0692,yes,"No, we cannot use a hydrometer to measure the density of milk. A",no,no,Incorrect,1.8639000000000001
meta,21,dev_0744,yes,"No, a polynomial cannot have a square root of a variable as a term.",no,no,Incorrect,1.8645
meta,21,dev_0797,yes,"No, average velocity does not have a direction associated with it.",no,no,Incorrect,1.7548
meta,21,dev_0842,yes,I don't know.,i,idk,IDK,1.3791
meta,21,dev_1379,yes,"No, talc is not the same as talcum powder. Talc is",no,no,Incorrect,1.8614000000000002
meta,21,dev_0126,no,I don't know.,i,idk,IDK,1.3798
meta,21,dev_0342,no,The speed of sound is not constant for all materials. The speed of sound depends,the,other,NC,1.8625999999999998
meta,21,dev_0437,no,"No, there is not always a full moon on the summer solstice. The",no,no,Correct,1.8634000000000002
meta,21,dev_0553,no,"No, not all the angles in a parallelogram are equal. The",no,no,Correct,1.8634000000000002
meta,21,dev_0652,no,The square root of 3 is approximately 1.73205,the,other,NC,1.8645
meta,21,dev_0708,no,"No, a negative number cannot be a perfect square. Perfect squares are numbers that",no,no,Correct,1.8605999999999998
meta,21,dev_1083,no,I don't know.,i,idk,IDK,1.4205999999999999
meta,21,dev_1142,no,I don't know.,i,idk,IDK,1.3804
meta,21,dev_1354,no,I don't know.,i,idk,IDK,1.381
meta,21,dev_1460,no,"No, a single-subject research design is not suitable for all studies. It",no,no,Correct,1.8631
meta,21,dev_1468,no,"NO. Sodium lactate and lactic acid are related compounds, but they are",no,no,Correct,1.8615
meta,21,dev_1559,no,"No, log x is not the same as ln x. Log x refers to",no,no,Correct,1.8625999999999998
meta,21,dev_1595,no,NO.,no,no,Correct,1.169
meta,21,dev_1643,no,"No, static pressure is not the same as atmospheric pressure. Static pressure is the",no,no,Correct,3.2029
meta,21,dev_1692,no,"No, atmospheric pressure is not always 1 atm. It can vary depending",no,no,Correct,1.8615
meta,21,dev_1726,no,NO. The vagus nerve is not part of the central nervous system (C,no,no,Correct,1.9036
meta,21,dev_0008,yes,"No, there is not an English word with Q not followed by U.",no,no,Incorrect,1.8645
meta,21,dev_0323,yes,Yes.,yes,yes,Correct,1.1672
meta,21,dev_0794,yes,"No, Erving Goffman is not associated with the dramaturgical model of",no,no,Incorrect,1.9025999999999998
meta,21,dev_0866,yes,"No, there is not a word where Q is not followed by U.",no,no,Incorrect,1.8642
meta,21,dev_0910,yes,"The Dewey Decimal System is still in use in some libraries and schools, but",the,other,NC,1.8599
meta,21,dev_0992,yes,"No, I cannot get held back in elementary school. In the United States,",no,no,Incorrect,1.8622
meta,21,dev_1446,yes,"No, the Church of England and the Anglican Church are not the same. The",no,no,Incorrect,1.8614000000000002
meta,21,dev_0294,no,"No, Australian Sign Language (ASL) is not the same as American Sign",no,no,Correct,1.8613
meta,21,dev_0521,no,"No, ""kangaroo"" does not mean ""I don't know",no,no,Correct,1.8607
meta,21,dev_0943,no,"No, the Book of Deuteronomy is not in the New Testament. The",no,no,Correct,1.8605
meta,21,dev_1887,no,"No, the Persian and Arabic alphabets are not the same. The Persian",no,no,Correct,1.8635
meta,21,dev_2892,no,"No, Scottish Gaelic and Irish Gaelic are not the same. They are two distinct",no,no,Correct,1.8611
meta,21,dev_2691,no,"No, King's College London is not part of Cambridge University. It is",no,no,Correct,1.8614000000000002
meta,21,dev_0065,yes,"No, none of the members of the 1980 US hockey team",no,no,Incorrect,3.2515
meta,21,dev_0245,yes,"No, I cannot pass the ball more than once in American football.",no,no,Incorrect,1.8069000000000002
meta,21,dev_0315,yes,"No, I cannot play soccer on a football field. Soccer fields are typically smaller",no,no,Incorrect,1.8605
meta,21,dev_0361,yes,NO.,no,no,Incorrect,1.1657
meta,21,dev_0550,yes,"Yes, there have been tie games in baseball. A tie occurs when the score",yes,yes,Correct,1.8599
meta,21,dev_0595,yes,Yes.,yes,yes,Correct,1.1674
meta,21,dev_0966,yes,"No, the round of 16 in the World Cup is not single elimination",no,no,Incorrect,1.8634000000000002
meta,21,dev_1078,yes,No.,no,no,Incorrect,1.1667
meta,21,dev_1224,yes,No.,no,no,Incorrect,1.1673
meta,21,dev_1251,yes,Yes.,yes,yes,Correct,1.1653
meta,21,dev_1260,yes,NO.,no,no,Incorrect,1.1669
meta,21,dev_1278,yes,YES,yes,yes,Correct,1.1139000000000001
meta,21,dev_1462,yes,"""YES"". The FIFA World Cup traditionally features an opening ceremony,",yes,yes,Correct,1.8640999999999999
meta,21,dev_1494,yes,No.,no,no,Incorrect,1.166
meta,21,dev_1543,yes,"No, an NHL team has never come back from a 3–0 series",no,no,Incorrect,1.9054
meta,21,dev_2012,yes,Yes.,yes,yes,Correct,1.1682000000000001
meta,21,dev_2118,yes,I don't know.,i,idk,IDK,1.3785
meta,21,dev_2272,yes,"No, AstroTurf is not the same as artificial grass. Astro",no,no,Incorrect,1.8620999999999999
meta,21,dev_2338,yes,YES,yes,yes,Correct,1.1156
meta,21,dev_2498,yes,"No, there has never been two grand slams in one inning. A grand",no,no,Incorrect,1.8620999999999999
meta,21,dev_2509,yes,Yes.,yes,yes,Correct,1.9044
meta,21,dev_2917,yes,Yes.,yes,yes,Correct,1.1695
meta,21,dev_2966,yes,"No, I cannot go to the NBA out of high school. In order to",no,no,Incorrect,1.8645999999999998
meta,21,dev_2974,yes,"No, it is not possible to run for 24 hours continuously without taking",no,no,Incorrect,1.8631
meta,21,dev_3007,yes,"No, the Tour de France is not different every year. It is a cycling",no,no,Incorrect,1.8627
meta,21,dev_3199,yes,No,no,no,Incorrect,2.4505
meta,21,dev_0222,no,No.,no,no,Correct,1.1647
meta,21,dev_0398,no,"No, I don't know.",no,no,Correct,1.4857
meta,21,dev_0426,no,NO.,no,no,Correct,1.1654
meta,21,dev_0464,no,No.,no,no,Correct,1.2064000000000001
meta,21,dev_0563,no,"No, Croatia has not won the soccer World Cup.",no,no,Correct,1.6454000000000002
meta,21,dev_0658,no,"No, a walk in baseball is not a dead ball.",no,no,Correct,1.7029
meta,21,dev_1366,no,"No, a new Champions League trophy is not made every year. The trophy is",no,no,Correct,1.8633
meta,21,dev_1471,no,"No, a player cannot be offside on a throw-in.",no,no,Correct,1.809
meta,21,dev_1558,no,"No, the FIFA World Cup is not held every year. It is held once",no,no,Correct,1.8605
meta,21,dev_1580,no,No.,no,no,Correct,1.1664
meta,21,dev_2401,no,"No, a batsman cannot be run out on a no-ball. A",no,no,Correct,1.8631
meta,21,dev_2436,no,I don't know.,i,idk,IDK,1.379
meta,21,dev_3224,no,"No, an MLB game cannot end in a tie. In Major League Baseball,",no,no,Correct,1.8619
meta,21,dev_0022,yes,"No, I don't know.",no,no,Incorrect,1.4870999999999999
meta,21,dev_0132,yes,Yes.,yes,yes,Correct,1.1650999999999998
meta,21,dev_0268,yes,Yes.,yes,yes,Correct,1.1665999999999999
meta,21,dev_0646,yes,"No, multithreading is not useful even on a single processor. Multith",no,no,Incorrect,1.8629
meta,21,dev_0697,yes,"""YES"". Google Drive does have a storage limit. The amount",yes,yes,Correct,1.8629
meta,21,dev_0935,yes,"No, we cannot have multiple foreign keys in a table. A foreign key is",no,no,Incorrect,1.8633
meta,21,dev_1159,yes,"No, a high-level language cannot use an assembler directly. An assembl",no,no,Incorrect,1.8642
meta,21,dev_1376,yes,Yes.,yes,yes,Correct,1.1684
meta,21,dev_1646,yes,NO.,no,no,Incorrect,2.5478
meta,21,dev_1869,yes,"No, a database table cannot have multiple foreign keys. Each foreign key in a",no,no,Incorrect,1.8636
meta,21,dev_2397,yes,I don't know.,i,idk,IDK,1.3816
meta,21,dev_0512,no,"No, Microsoft Visio and Visual Studio are not the same. Microsoft Visio",no,no,Correct,1.8622999999999998
meta,21,dev_1524,no,"No, the transmission and the engine are not the same thing. The engine is",no,no,Correct,1.8633
meta,21,dev_1675,no,"No, input lag and response time are not the same thing.",no,no,Correct,1.8640999999999999
meta,21,dev_1723,no,"No, you cannot use a regular bulb in a 3-way lamp.",no,no,Correct,1.8660999999999999
meta,21,dev_2027,no,NO.,no,no,Correct,1.1674
meta,21,dev_2104,no,"No, you cannot get on the internet with a PlayStation 2. The PlayStation",no,no,Correct,1.8628
meta,21,dev_2262,no,"NO. WordPad is a simple text editor that is included with Windows, while",no,no,Correct,1.8618
meta,21,dev_2431,no,"No, a node in a tree cannot have two parents. In a tree data",no,no,Correct,1.8636
meta,21,dev_2524,no,"No, the iPhone SE and iPhone 5 are not the same. While they",no,no,Correct,1.8655
meta,21,dev_3057,no,"No, Windows Subsystem for Linux is not a virtual machine. It is a lightweight",no,no,Correct,1.8625999999999998
meta,21,dev_3167,no,No. Gear oil and motor oil are not the same. Gear oil is specifically,no,no,Correct,1.8633
meta,6,dev_0023,yes,"NO, a cape and a cloak are not the same. A cape is a",no,no,Incorrect,0.9715
meta,6,dev_0039,no,YES,yes,yes,Incorrect,0.3312
meta,6,dev_0055,no,NO,no,no,Correct,0.334
meta,6,dev_0059,no,"Yes, there is a group called The Five Heartbeats. They were a popular",yes,yes,Incorrect,0.9755
meta,6,dev_0068,no,"NO, it is not possible to get the death penalty as a minor. The",no,no,Correct,0.9799
meta,6,dev_0087,yes,NO,no,no,Incorrect,0.3474
meta,6,dev_0107,no,I don't know.,i,idk,IDK,0.5871000000000001
meta,6,dev_0120,yes,"NO, a vehicle title and registration are not the same thing. A vehicle title",no,no,Incorrect,1.0037
meta,6,dev_0138,no,"Yes, the drinking age is different in every state. In the United States,",yes,yes,Incorrect,1.0041
meta,6,dev_0151,no,"I'm sorry, but I cannot answer that question with a simple ""YES",i,yes,Incorrect,1.0041
meta,6,dev_0163,yes,NO,no,no,Incorrect,0.36510000000000004
meta,6,dev_0165,no,YES,yes,yes,Incorrect,0.36460000000000004
meta,6,dev_0207,no,NO,no,no,Correct,0.3649
meta,6,dev_0210,no,"NO, The Three Little Pigs is not a nursery rhyme. It is a",no,no,Correct,1.0097
meta,6,dev_0221,no,YES,yes,yes,Incorrect,0.3692
meta,6,dev_0229,yes,NO,no,no,Incorrect,0.3697
meta,6,dev_0237,no,YES,yes,yes,Incorrect,0.36669999999999997
meta,6,dev_0243,no,"NO, there is not a Chinatown in St. Louis, Missouri.",no,no,Correct,1.0047000000000001
meta,6,dev_0248,yes,NO,no,no,Incorrect,0.3529
meta,6,dev_0249,yes,"NO, queen ants do not give birth to other queen ants. Queen ants are",no,no,Incorrect,0.9979
meta,6,dev_0251,yes,NO,no,no,Incorrect,0.3525
meta,6,dev_0257,yes,NO,no,no,Incorrect,0.3517
meta,6,dev_0270,no,NO,no,no,Correct,0.3534
meta,6,dev_0287,yes,"NO, I don't know.",no,no,Incorrect,0.6738
meta,6,dev_0295,no,YES,yes,yes,Incorrect,0.3524
meta,6,dev_0298,yes,"NO, sheet metal gauge and wire gauge are not the same. Sheet metal gauge",no,no,Incorrect,0.9953
meta,6,dev_0312,no,"NO, adjectives do not have to come before a noun. They can come after",no,no,Correct,0.9939
meta,6,dev_0316,yes,NO,no,no,Incorrect,0.3523
meta,6,dev_0318,yes,"No, an Ace-2-3-4-5 is not a straight",no,no,Incorrect,0.9959
meta,6,dev_0321,yes,NO,no,no,Incorrect,0.3522
meta,6,dev_0333,yes,"NO, .22 Magnum and .22 WMR are not the",no,no,Incorrect,1.0012999999999999
meta,6,dev_0336,no,"NO, there is no difference between Muay Thai and Thai boxing. They are",no,no,Correct,0.9955
meta,6,dev_0343,yes,NO,no,no,Incorrect,0.3523
meta,6,dev_0352,no,"NO, you cannot score a goal directly from a throw-in in soccer.",no,no,Correct,0.9957
meta,6,dev_0355,no,"Yes, Father's Day is celebrated on the same day every year, which",yes,yes,Incorrect,0.995
meta,6,dev_0364,no,"NO, you do not have to have a wicket keeper in cricket. While it",no,no,Correct,0.9944
meta,6,dev_0366,no,YES,yes,yes,Incorrect,0.353
meta,6,dev_0406,no,"Yes, a California roll typically contains fish as one of its main ingredients. It",yes,yes,Incorrect,0.9944
meta,6,dev_0428,no,YES,yes,yes,Incorrect,0.3522
meta,6,dev_0429,yes,NO,no,no,Incorrect,0.3513
meta,6,dev_0430,yes,I don't know.,i,idk,IDK,0.5839
meta,6,dev_0436,no,"NO, there is no scientific evidence to support the concept of a broken heart.",no,no,Correct,0.995
meta,6,dev_0441,no,NO,no,no,Correct,0.3517
meta,6,dev_0442,yes,NO,no,no,Incorrect,0.3518
meta,6,dev_0479,no,"Yes, there is such a thing as a miniature pig. Miniature pigs,",yes,yes,Incorrect,0.9965
meta,6,dev_0481,no,"NO, there was not a 6th borough in New York. There are",no,no,Correct,0.9957999999999999
meta,6,dev_0482,no,"NO, a bumblebee does not die after stinging someone. Bumblebees",no,no,Correct,0.9945
meta,6,dev_0487,no,"NO, you cannot grow banana trees from a banana. Banana trees, also known",no,no,Correct,0.9947
meta,6,dev_0504,yes,NO,no,no,Incorrect,0.3517
meta,6,dev_0509,no,"No, the AR-15 is not used in the military. It is",no,no,Correct,0.9946
meta,6,dev_0532,no,I don't know. The technology to connect a person's brain to,i,idk,IDK,0.9942000000000001
meta,6,dev_0534,no,YES,yes,yes,Incorrect,0.3554
meta,6,dev_0536,yes,"No, I don't know if Thanos was in the first Guardians",no,no,Incorrect,0.9945
meta,6,dev_0537,no,"NO, you cannot get a caution without being arrested. A caution is a warning",no,no,Correct,0.9952000000000001
meta,6,dev_0546,yes,NO,no,no,Incorrect,0.3529
meta,6,dev_0560,no,YES,yes,yes,Incorrect,0.3521
meta,6,dev_0568,no,I don't know.,i,idk,IDK,0.5861000000000001
meta,6,dev_0569,no,NO,no,no,Correct,0.3514
meta,6,dev_0588,yes,NO,no,no,Incorrect,1.7138
meta,6,dev_0594,no,NO,no,no,Correct,0.3546
meta,6,dev_0596,no,NO,no,no,Correct,0.3555
meta,6,dev_0598,yes,NO,no,no,Incorrect,0.3517
meta,6,dev_0612,yes,NO,no,no,Incorrect,0.3539
meta,6,dev_0617,yes,"Yes, France and England have competed in the World Cup.",yes,yes,Correct,0.8568
meta,6,dev_0662,yes,NO,no,no,Incorrect,0.3516
meta,6,dev_0678,no,NO,no,no,Correct,0.3541
meta,6,dev_0696,no,"Yes, there is a seat belt law in New Hampshire. The law requires all",yes,yes,Incorrect,1.0011
meta,6,dev_0711,yes,"NO, Musician's Friend and Guitar Center are two separate companies that operate",no,no,Incorrect,0.998
meta,6,dev_0718,yes,YES,yes,yes,Correct,0.3531
meta,6,dev_0724,no,NO,no,no,Correct,0.35619999999999996
meta,6,dev_0731,no,I don't know.,i,idk,IDK,0.5869
meta,6,dev_0737,no,YES,yes,yes,Incorrect,0.3522
meta,6,dev_0754,yes,I don't know.,i,idk,IDK,0.5864
meta,6,dev_0759,no,"NO, North and South Korea do not speak the same language. North Korea primarily",no,no,Correct,0.9982000000000001
meta,6,dev_0764,yes,"No, sampling error is not the same as standard deviation.

Sampling error",no,no,Incorrect,0.9957
meta,6,dev_0782,yes,NO,no,no,Incorrect,0.3561
meta,6,dev_0817,no,NO,no,no,Correct,0.3522
meta,6,dev_0829,no,NO,no,no,Correct,0.3538
meta,6,dev_0832,no,"NO, you cannot get to South America by car. South America is a continent",no,no,Correct,0.9942000000000001
meta,6,dev_0837,yes,"NO, universal healthcare and socialized medicine are similar but not the same. Universal",no,no,Incorrect,1.0001
meta,6,dev_0853,no,NO,no,no,Correct,0.3524
meta,6,dev_0854,no,NO,no,no,Correct,0.3555
meta,6,dev_0862,no,"I'm sorry, but I don't fully understand your question. Could",i,other,NC,0.9983
meta,6,dev_0871,yes,I don't know.,i,idk,IDK,0.5811000000000001
meta,6,dev_0916,yes,"NO, the Ryman and Grand Ole Opry are not the same thing.",no,no,Incorrect,0.9964
meta,6,dev_0922,yes,"NO, a passport card is not valid for international air travel to Canada. It",no,no,Incorrect,0.9981
meta,6,dev_0933,no,"Yes, the cremaster muscle is located in the spermatic cord.",yes,yes,Incorrect,0.995
meta,6,dev_0934,yes,"NO, Pokémon: Let's Go is not a main series game",no,no,Incorrect,1.0009
meta,6,dev_0940,yes,"NO, you cannot use a passport card to fly domestically. A passport card",no,no,Incorrect,0.9946
meta,6,dev_0944,no,"No, I don't know.",no,no,Correct,0.6742
meta,6,dev_0952,yes,NO,no,no,Incorrect,0.3539
meta,6,dev_0958,yes,YES,yes,yes,Correct,0.3519
meta,6,dev_0981,no,NO,no,no,Correct,0.3578
meta,6,dev_0991,yes,I don't know. The need for a license to watch TV in England,i,idk,IDK,0.9959
meta,6,dev_0994,yes,"No, I cannot use a white background as a green screen. A green screen",no,no,Incorrect,0.9992000000000001
meta,6,dev_0996,no,"I'm sorry, but I don't have enough information to answer your",i,other,NC,0.9952000000000001
meta,6,dev_1006,no,"I'm sorry, but I am not able to answer that question. As",i,other,NC,0.9996
meta,6,dev_1011,no,I don't know.,i,idk,IDK,0.5847
meta,6,dev_1022,yes,"NO, enterprise value and firm value are not the same. Enterprise value is the",no,no,Incorrect,0.9957
meta,6,dev_1049,no,"Yes, a red panda is related to a panda. They are both",yes,yes,Incorrect,0.999
meta,6,dev_1062,yes,"NO, a wheel and axle is not a lever. A lever is a simple",no,no,Incorrect,0.9959
meta,6,dev_1075,yes,NO,no,no,Incorrect,0.3551
meta,6,dev_1102,no,YES,yes,yes,Incorrect,0.3523
meta,6,dev_1110,yes,"No, I don't know. The number of rounds in the NBA draft",no,no,Incorrect,0.9999
meta,6,dev_1112,no,"NO, nuclear power and nuclear energy are not the same thing. Nuclear power refers",no,no,Correct,0.9945
meta,6,dev_1113,yes,NO,no,no,Incorrect,0.3535
meta,6,dev_1121,no,"Yes, there was a world war before World War I. The term ""world",yes,yes,Incorrect,0.9977
meta,6,dev_1133,no,I don't know.,i,idk,IDK,0.5842999999999999
meta,6,dev_1138,yes,"No, anaerobic respiration does not have an electron transport chain. In an",no,no,Incorrect,0.9954
meta,6,dev_1146,yes,"NO, a penalty charge notice (PCN) and a fixed penalty are not",no,no,Incorrect,0.9972000000000001
meta,6,dev_1155,yes,NO,no,no,Incorrect,0.35660000000000003
meta,6,dev_1175,no,"Yes, Michigan was a state during the Civil War. It became the 2",yes,yes,Incorrect,0.9949
meta,6,dev_1178,no,NO,no,no,Correct,0.3512
meta,6,dev_1183,yes,"NO, pork loin ribs and baby back ribs are not the same. Pork",no,no,Incorrect,0.9957
meta,6,dev_1196,no,"Yes, a person can have dual citizenship in India. However, it is important",yes,yes,Incorrect,0.9949
meta,6,dev_1204,yes,NO,no,no,Incorrect,0.3531
meta,6,dev_1205,no,NO,no,no,Correct,0.3563
meta,6,dev_1209,yes,NO,no,no,Incorrect,0.3574
meta,6,dev_1227,no,"No, 1 is not a prime factor of every number. It is a",no,no,Correct,0.9966
meta,6,dev_1229,no,"NO, the fruit orange is named after the fruit, not the color. The",no,no,Correct,0.9969
meta,6,dev_1230,yes,"NO, a double eagle and an albatross are not the same. A",no,no,Incorrect,0.9987
meta,6,dev_1235,no,"NO, a birth certificate does not count as a form of ID.",no,no,Correct,0.9492
meta,6,dev_1239,yes,NO,no,no,Incorrect,0.3537
meta,6,dev_1241,no,YES,yes,yes,Incorrect,0.3529
meta,6,dev_1250,yes,NO,no,no,Incorrect,0.35810000000000003
meta,6,dev_1256,yes,"Yes, there was a tsunami in the 1906 San Francisco earthquake",yes,yes,Correct,1.0028
meta,6,dev_1261,no,NO,no,no,Correct,0.3558
meta,6,dev_1267,no,"Yes, Better Call Saul is set after Breaking Bad. It is a spin-",yes,yes,Incorrect,0.9977999999999999
meta,6,dev_1271,no,I don't know.,i,idk,IDK,0.5862999999999999
meta,6,dev_1283,yes,NO,no,no,Incorrect,0.3516
meta,6,dev_1285,no,NO,no,no,Correct,0.3558
meta,6,dev_1286,no,YES,yes,yes,Incorrect,0.3569
meta,6,dev_1294,yes,NO,no,no,Incorrect,0.3558
meta,6,dev_1296,yes,"NO, PlayStation 2 games cannot play on PlayStation 4. The PlayStation",no,no,Incorrect,0.9967999999999999
meta,6,dev_1303,no,NO,no,no,Correct,0.3554
meta,6,dev_1307,yes,NO,no,no,Incorrect,0.3528
meta,6,dev_1311,yes,NO,no,no,Incorrect,0.3588
meta,6,dev_1316,yes,I don't know.,i,idk,IDK,0.5844
meta,6,dev_1317,no,"Yes, planets are involved in the formation of an actual planetary nebula. As a",yes,yes,Incorrect,0.996
meta,6,dev_1333,yes,NO,no,no,Incorrect,0.3529
meta,6,dev_1336,yes,YES,yes,yes,Correct,0.3534
meta,6,dev_1345,no,YES,yes,yes,Incorrect,0.35769999999999996
meta,6,dev_1359,no,NO,no,no,Correct,0.3557
meta,6,dev_1370,yes,"No, A-2-3-4-5 is not a straight.",no,no,Incorrect,0.9971
meta,6,dev_1371,no,YES,yes,yes,Incorrect,0.3557
meta,6,dev_1372,yes,"NO, a kilowatt-hour is a unit of energy, not a",no,no,Incorrect,0.999
meta,6,dev_1382,no,"NO, a catcher cannot block home plate without the ball. In baseball, home",no,no,Correct,0.9989
meta,6,dev_1406,no,"Yes, the Postmaster General is appointed by the President of the United States.",yes,yes,Incorrect,0.9977999999999999
meta,6,dev_1408,yes,NO,no,no,Incorrect,0.3528
meta,6,dev_1413,yes,NO,no,no,Incorrect,0.3545
meta,6,dev_1419,yes,"No, I don't know.",no,no,Incorrect,0.6733
meta,6,dev_1420,yes,"NO, 4x4 refers to a vehicle's drivetrain configuration",no,no,Incorrect,1.0002
meta,6,dev_1423,no,"NO, ""Take Me Home, Country Roads"" is not about Virginia. The",no,no,Correct,0.9996
meta,6,dev_1424,no,NO,no,no,Correct,0.3564
meta,6,dev_1436,no,I don't know.,i,idk,IDK,0.5854
meta,6,dev_1438,yes,"NO, not all of the UK is in the same time zone. The UK",no,no,Incorrect,0.998
meta,6,dev_1452,no,NO,no,no,Correct,0.3553
meta,6,dev_1455,yes,"NO, the abdomen is the area of the body that contains the stomach and other",no,no,Incorrect,0.9947999999999999
meta,6,dev_1464,no,YES,yes,yes,Incorrect,0.3549
meta,6,dev_1467,yes,"Yes, a grade D at A-level is considered a pass. Grades",yes,yes,Correct,0.9987
meta,6,dev_1473,yes,NO,no,no,Incorrect,0.35669999999999996
meta,6,dev_1489,yes,"No, not all the songs in Mamma Mia! Here We Go Again are by",no,no,Incorrect,0.9961
meta,6,dev_1498,yes,NO,no,no,Incorrect,0.3529
meta,6,dev_1508,no,"Yes, there have been several fatalities in the Tour de France. The first recorded",yes,yes,Incorrect,0.995
meta,6,dev_1515,no,"Yes, there is a law that requires most individuals and businesses to pay federal income",yes,yes,Incorrect,0.9993
meta,6,dev_1517,yes,"NO, you should not use hydraulic fluid as brake fluid. Brake fluid is specifically",no,no,Incorrect,0.9953
meta,6,dev_1528,yes,"NO, a J.D. (Juris Doctor) is a professional degree",no,no,Incorrect,0.9961
meta,6,dev_1533,no,I don't know.,i,idk,IDK,0.5839
meta,6,dev_1534,no,NO,no,no,Correct,0.356
meta,6,dev_1546,yes,"NO, a passport card cannot be used for REAL ID purposes.",no,no,Incorrect,0.9083
meta,6,dev_1552,yes,NO,no,no,Incorrect,0.3536
meta,6,dev_1557,no,NO,no,no,Correct,0.3516
meta,6,dev_1563,no,"Yes, the Big Dipper is the same as Ursa Major. Ursa",yes,yes,Incorrect,2.3373000000000004
meta,6,dev_1627,no,NO,no,no,Correct,0.3515
meta,6,dev_1632,yes,"No, the World Health Organization (WHO) is not a government organization. It",no,no,Incorrect,0.9977
meta,6,dev_1650,yes,NO,no,no,Incorrect,0.3521
meta,6,dev_1655,no,NO,no,no,Correct,0.356
meta,6,dev_1658,yes,"NO, the Nazca Lines can only be seen from the air. They are",no,no,Incorrect,0.9997999999999999
meta,6,dev_1659,yes,YES,yes,yes,Correct,0.3531
meta,6,dev_1673,yes,NO,no,no,Incorrect,0.3544
meta,6,dev_1680,no,NO,no,no,Correct,0.3546
meta,6,dev_1687,no,"Yes, there are warrant officers in the U.S. Air Force. W",yes,yes,Incorrect,0.9982000000000001
meta,6,dev_1698,no,"NO, Fullmetal Alchemist: Brotherhood is a re-adaptation of",no,no,Correct,0.9969
meta,6,dev_1707,yes,NO,no,no,Incorrect,0.3543
meta,6,dev_1727,yes,NO,no,no,Incorrect,0.3529
meta,6,dev_1736,no,NO,no,no,Correct,0.3531
meta,6,dev_1737,yes,"NO, I don't know.",no,no,Incorrect,0.6742999999999999
meta,6,dev_1740,yes,NO,no,no,Incorrect,0.3532
meta,6,dev_1743,no,"I'm sorry, but I cannot answer that question. As an AI language",i,other,NC,1.004
meta,6,dev_1749,yes,"NO, Delhi University and the University of Delhi are not the same. Delhi University",no,no,Incorrect,0.997
meta,6,dev_1750,no,"NO, fighting words are not protected under freedom of speech. The Supreme Court has",no,no,Correct,0.9965
meta,6,dev_1757,yes,NO,no,no,Incorrect,0.3575
meta,6,dev_1763,yes,"NO, the House of Representatives is a part of Congress, but they are not",no,no,Incorrect,0.9987999999999999
meta,6,dev_1775,no,NO,no,no,Correct,0.35769999999999996
meta,6,dev_1789,no,NO,no,no,Correct,0.3522
meta,6,dev_1806,no,"NO, the U.S. no longer issues $1,000",no,no,Correct,0.9977999999999999
meta,6,dev_1814,no,NO,no,no,Correct,0.3533
meta,6,dev_1823,yes,"NO, the MLB All-Star Game does not determine World Series home-field",no,no,Incorrect,1.0019
meta,6,dev_1832,no,I don't know.,i,idk,IDK,0.5812
meta,6,dev_1849,yes,"No, in a RACI chart, one person cannot be both Responsible and Account",no,no,Incorrect,0.9997999999999999
meta,6,dev_1851,no,YES,yes,yes,Incorrect,0.3536
meta,6,dev_1857,no,"NO, cows do not need to give birth in order to produce milk. Milk",no,no,Correct,0.9974
meta,6,dev_1895,yes,NO,no,no,Incorrect,0.3556
meta,6,dev_1906,no,"No, college football players do not have to enter the NFL Draft to play professionally",no,no,Correct,0.9994
meta,6,dev_1916,yes,YES,yes,yes,Correct,0.3578
meta,6,dev_1919,yes,I don't know.,i,idk,IDK,0.5855
meta,6,dev_1924,yes,"NO, a car's serial number is not the same as its VIN (",no,no,Incorrect,0.995
meta,6,dev_1938,no,NO,no,no,Correct,0.3528
meta,6,dev_1948,yes,"NO, a chicken and a rooster are not the same thing. A chicken",no,no,Incorrect,0.9994
meta,6,dev_1950,no,"NO, the Gulf of Mexico is not considered an ocean. It is a body",no,no,Correct,0.9981
meta,6,dev_1960,no,"NO, the Republic of the Congo and the Democratic Republic of the Congo are not",no,no,Correct,1.0025
meta,6,dev_1977,no,"NO, you cannot be president if you were not born in the United States.",no,no,Correct,0.9975
meta,6,dev_1995,yes,"NO, winning the FA Cup does not automatically qualify a team for Europe. However",no,no,Incorrect,0.9961
meta,6,dev_1997,yes,"NO, the Alphabet Song and Twinkle, Twinkle, Little Star do not",no,no,Incorrect,0.9979
meta,6,dev_2009,no,NO,no,no,Correct,0.3608
meta,6,dev_2032,yes,NO,no,no,Incorrect,0.3539
meta,6,dev_2045,yes,NO,no,no,Incorrect,0.3543
meta,6,dev_2053,no,NO,no,no,Correct,0.36160000000000003
meta,6,dev_2061,no,"I'm sorry, but as an AI language model, I don't",i,other,NC,1.0006
meta,6,dev_2065,yes,"NO, ""RealFeel"" and the heat index are not the same thing.",no,no,Incorrect,1.0001
meta,6,dev_2068,yes,NO,no,no,Incorrect,0.3534
meta,6,dev_2078,no,"NO, black cumin seed and black seed are not the same thing. Black",no,no,Correct,2.3414
meta,6,dev_2079,yes,NO,no,no,Incorrect,0.3635
meta,6,dev_2088,no,NO,no,no,Correct,0.3558
meta,6,dev_2091,no,YES,yes,yes,Incorrect,0.3545
meta,6,dev_2094,no,YES,yes,yes,Incorrect,0.3522
meta,6,dev_2095,yes,NO,no,no,Incorrect,0.3539
meta,6,dev_2139,no,"NO, I don't know.",no,no,Correct,0.6728999999999999
meta,6,dev_2166,yes,NO,no,no,Incorrect,0.3513
meta,6,dev_2184,no,"Yes, the U.S. has military bases in Saudi Arabia.",yes,yes,Incorrect,0.9529
meta,6,dev_2187,yes,NO,no,no,Incorrect,0.3542
meta,6,dev_2192,no,NO,no,no,Correct,0.3541
meta,6,dev_2196,no,"NO, red-eared slider turtles do not lay eggs in water. They lay",no,no,Correct,0.9957999999999999
meta,6,dev_2199,yes,"Yes, The Dark Knight is a sequel to Batman Begins.",yes,yes,Correct,0.9073
meta,6,dev_2204,yes,NO,no,no,Incorrect,0.3533
meta,6,dev_2220,no,I don't know.,i,idk,IDK,0.5878
meta,6,dev_2224,no,"NO, there is no such thing as a blue ruby. Rubies are known",no,no,Correct,0.9953
meta,6,dev_2232,no,YES,yes,yes,Incorrect,0.3538
meta,6,dev_2234,no,Yes,yes,yes,Incorrect,0.3568
meta,6,dev_2237,no,"NO, the Riviera Maya is on the Caribbean Sea, not the Gulf of Mexico",no,no,Correct,0.9964
meta,6,dev_2247,yes,NO,no,no,Incorrect,0.3594
meta,6,dev_2248,yes,"NO, pixel density and resolution are not the same thing. Pixel density refers to",no,no,Incorrect,0.9973
meta,6,dev_2266,no,"NO, a Nissan Pathfinder is a mid-size SUV.",no,no,Correct,0.9074
meta,6,dev_2275,yes,I don't know.,i,idk,IDK,0.5872999999999999
meta,6,dev_2295,yes,NO,no,no,Incorrect,0.356
meta,6,dev_2304,yes,NO,no,no,Incorrect,0.3529
meta,6,dev_2306,yes,"No, I cannot keep doubling my bet on roulette. In roulette, the maximum",no,no,Incorrect,0.9966
meta,6,dev_2310,no,"Yes, In-N-Out Burger is a franchise. It is a chain",yes,yes,Incorrect,0.9989
meta,6,dev_2315,yes,"Yes, centripetal and centrifugal forces are an action-reaction pair. Cent",yes,yes,Correct,0.9957999999999999
meta,6,dev_2323,no,"No, the film Tully is not based on a book. It is a",no,no,Correct,0.9977
meta,6,dev_2328,no,"NO, there is no such thing as Corinthian leather.",no,no,Correct,2.2007
meta,6,dev_2350,no,NO,no,no,Correct,0.3549
meta,6,dev_2382,yes,NO,no,no,Incorrect,0.3528
meta,6,dev_2387,yes,NO,no,no,Incorrect,0.3522
meta,6,dev_2388,no,I don't know.,i,idk,IDK,0.5825
meta,6,dev_2396,yes,"NO, semolina flour and Cream of Wheat are not the same. Semolina",no,no,Incorrect,0.9971
meta,6,dev_2408,yes,NO,no,no,Incorrect,0.361
meta,6,dev_2413,no,"Yes, the movie Stalingrad is based on a true story. The film",yes,yes,Incorrect,1.001
meta,6,dev_2428,yes,"NO, a PICC line is typically used for administering medications, blood draws,",no,no,Incorrect,0.9959
meta,6,dev_2433,no,I don't know. The rules regarding facial hair in the military can vary,i,idk,IDK,1.005
meta,6,dev_2434,no,"Yes, the national anthem of Spain has words. The name of the anthem is",yes,yes,Incorrect,0.9977999999999999
meta,6,dev_2447,no,NO,no,no,Correct,0.3553
meta,6,dev_2473,yes,"NO, Pokémon Gold, Silver, and Crystal are not the same.",no,no,Incorrect,1.0001
meta,6,dev_2479,no,"Yes, Hong Kong is inside the Great Firewall of China.",yes,yes,Incorrect,0.8585
meta,6,dev_2504,no,YES,yes,yes,Incorrect,0.3613
meta,6,dev_2532,yes,NO,no,no,Incorrect,0.3564
meta,6,dev_2537,no,YES,yes,yes,Incorrect,0.3545
meta,6,dev_2538,no,"NO, the film War Room is a work of fiction and is not based on",no,no,Correct,0.9957
meta,6,dev_2547,yes,NO,no,no,Incorrect,0.3543
meta,6,dev_2548,no,"NO, the queen bee does not die after she stings. The queen bee",no,no,Correct,0.9971
meta,6,dev_2555,no,"NO, lymphoma is a type of cancer that affects the lymphatic system,",no,no,Correct,0.996
meta,6,dev_2566,no,"Yes, a Bachelor of Education is an undergraduate degree. It is a four-",yes,yes,Incorrect,0.9995
meta,6,dev_2572,no,NO,no,no,Correct,0.3564
meta,6,dev_2577,no,NO,no,no,Correct,0.3565
meta,6,dev_2605,yes,NO,no,no,Incorrect,0.3634
meta,6,dev_2614,yes,"NO, Snow-on-the-Mountain and Bishop's weed are not",no,no,Incorrect,1.0005
meta,6,dev_2622,no,NO,no,no,Correct,0.3549
meta,6,dev_2634,yes,NO,no,no,Incorrect,0.3542
meta,6,dev_2643,no,I don't know.,i,idk,IDK,0.5901000000000001
meta,6,dev_2655,yes,NO,no,no,Incorrect,0.3558
meta,6,dev_2656,yes,"NO, right of abode and indefinite leave to remain are not the same thing.",no,no,Incorrect,1.0002
meta,6,dev_2690,yes,"NO, Parcelforce and Royal Mail are two different companies. Parcelforce",no,no,Incorrect,1.0005
meta,6,dev_2719,no,NO,no,no,Correct,0.3529
meta,6,dev_2727,no,I don't know.,i,idk,IDK,0.5851000000000001
meta,6,dev_2750,yes,"NO, cows do not need to get pregnant to give milk. They produce milk",no,no,Incorrect,0.9999
meta,6,dev_2757,yes,"NO, there is no evidence of a Dodo in Alice in Wonderland.",no,no,Incorrect,0.9993
meta,6,dev_2770,yes,"NO, 9 to 5 is not a 40-hour week",no,no,Incorrect,0.998
meta,6,dev_2791,yes,"NO, the gut and the stomach are not the same thing. The gut refers",no,no,Incorrect,0.998
meta,6,dev_2813,yes,I don't know.,i,idk,IDK,0.5865
meta,6,dev_2821,yes,NO,no,no,Incorrect,0.35619999999999996
meta,6,dev_2832,yes,"Yes, shea butter is made from the nuts of the shea tree,",yes,yes,Correct,0.9986
meta,6,dev_2838,no,I don't know.,i,idk,IDK,0.5872
meta,6,dev_2853,no,"NO, the language is not the same in North and South Korea. North Korea",no,no,Correct,0.999
meta,6,dev_2870,no,"NO, the derivative of a continuous function is not always continuous.",no,no,Correct,0.9077999999999999
meta,6,dev_2875,yes,"NO, Aldi is not affiliated with Trader Joe's. Aldi is",no,no,Incorrect,0.9996
meta,6,dev_2880,no,"NO, the County Court Business Centre is not a real court. It is a",no,no,Correct,1.0025
meta,6,dev_2890,no,NO,no,no,Correct,1.6792
meta,6,dev_2901,yes,NO,no,no,Incorrect,0.3558
meta,6,dev_2906,yes,"NO, a fidelity bond and crime insurance are not the same thing. A fidelity",no,no,Incorrect,1.0043
meta,6,dev_2919,no,"NO, the",no,no,Correct,0.9991
meta,6,dev_2931,yes,NO,no,no,Incorrect,0.3552
meta,6,dev_2933,no,NO,no,no,Correct,0.3556
meta,6,dev_2956,yes,NO,no,no,Incorrect,0.35819999999999996
meta,6,dev_2959,no,NO,no,no,Correct,0.3573
meta,6,dev_2967,yes,NO,no,no,Incorrect,0.359
meta,6,dev_2973,no,NO,no,no,Correct,0.36260000000000003
meta,6,dev_2991,yes,NO,no,no,Incorrect,0.3525
meta,6,dev_3000,yes,"NO, back ribs and baby back ribs are not the same. Back ribs refer",no,no,Incorrect,0.9953
meta,6,dev_3015,yes,NO,no,no,Incorrect,0.3557
meta,6,dev_3027,no,"NO, you cannot travel to Ireland with a Schengen visa. The Sche",no,no,Correct,1.006
meta,6,dev_3029,no,YES,yes,yes,Incorrect,0.3561
meta,6,dev_3035,no,"Yes, Halo 2 has achievements on Xbox 360.",yes,yes,Incorrect,0.9541000000000001
meta,6,dev_3040,no,NO,no,no,Correct,0.3556
meta,6,dev_3073,no,"NO, top sirloin steak and sirloin steak are not the same",no,no,Correct,0.9996
meta,6,dev_3079,yes,NO,no,no,Incorrect,0.3529
meta,6,dev_3089,yes,NO,no,no,Incorrect,0.3511
meta,6,dev_3105,yes,NO,no,no,Incorrect,0.353
meta,6,dev_3106,yes,NO,no,no,Incorrect,0.35819999999999996
meta,6,dev_3107,yes,"Yes, there have been several recess appointments to the Supreme Court. A recess appointment",yes,yes,Correct,0.9964
meta,6,dev_3122,no,NO,no,no,Correct,0.35769999999999996
meta,6,dev_3143,no,NO,no,no,Correct,0.3608
meta,6,dev_3173,no,YES,yes,yes,Incorrect,0.3511
meta,6,dev_3183,no,YES,yes,yes,Incorrect,0.3547
meta,6,dev_3187,yes,NO,no,no,Incorrect,0.3563
meta,6,dev_3204,no,NO,no,no,Correct,0.3595
meta,6,dev_3212,yes,NO,no,no,Incorrect,0.3521
meta,6,dev_3221,no,NO,no,no,Correct,0.3557
meta,6,dev_3231,yes,"NO, the standard error is not the same as the standard deviation. The standard",no,no,Incorrect,0.9959
meta,6,dev_3232,yes,NO,no,no,Incorrect,0.3545
meta,6,dev_3238,yes,NO,no,no,Incorrect,0.3535
meta,6,dev_3239,yes,"No, the Conn Smythe Trophy has never been awarded to a player on the",no,no,Incorrect,1.0054
meta,6,dev_3241,yes,NO,no,no,Incorrect,0.3557
meta,6,dev_3242,yes,NO,no,no,Incorrect,0.3563
meta,6,dev_0031,yes,I don't know.,i,idk,IDK,0.5815
meta,6,dev_0148,yes,NO,no,no,Incorrect,0.3536
meta,6,dev_0178,yes,"Yes, ""Eye of the Tiger"" was written specifically for the movie ""Rock",yes,yes,Correct,1.0003
meta,6,dev_0410,yes,NO,no,no,Incorrect,0.3539
meta,6,dev_0419,yes,"No, Eric Clapton did not play on the Beatles' song ""While",no,no,Incorrect,1.0016
meta,6,dev_0448,yes,I don't know.,i,idk,IDK,0.5845
meta,6,dev_0224,no,"NO, The Outsiders is a work of fiction, not based on a",no,no,Correct,0.9999
meta,6,dev_0317,no,I don't know.,i,idk,IDK,0.5842
meta,6,dev_0368,no,I don't know.,i,idk,IDK,0.5858
meta,6,dev_0507,no,NO,no,no,Correct,0.3568
meta,6,dev_0603,no,"NO, the Seven Ages of Man is not a sonnet. It is a",no,no,Correct,0.9944
meta,6,dev_0938,no,"NO, ""House of the Rising Sun"" is a traditional folk song that has",no,no,Correct,0.9983
meta,6,dev_0076,yes,"NO, female ferrets do not die if they don't mate. However",no,no,Incorrect,1.0011
meta,6,dev_0459,yes,"NO, it does not matter which DNA strand is transcribed during transcription. During",no,no,Incorrect,1.0011
meta,6,dev_0502,yes,"NO, kingsnakes are not immune to rattlesnake venom. While",no,no,Incorrect,1.0001
meta,6,dev_0580,yes,"NO, female and male blue jays do not look the same. Male blue",no,no,Incorrect,1.0022
meta,6,dev_1089,yes,"NO, I don't know",no,no,Incorrect,0.6321
meta,6,dev_1153,yes,"NO, melaleuca and tea tree are not the same thing. Melale",no,no,Incorrect,0.9975
meta,6,dev_1315,yes,"No, ion–dipole interactions are generally weaker than hydrogen bonds. Hydrogen",no,no,Incorrect,0.9994
meta,6,dev_1482,yes,"No, muscle fibers are not the same as muscle cells. Muscle fibers are the",no,no,Incorrect,0.9993
meta,6,dev_1568,yes,"NO, a vulture and a buzzard are not the same. They are",no,no,Incorrect,0.9965
meta,6,dev_1968,yes,"NO, a turtle and a tortoise are not the same. They are both",no,no,Incorrect,2.34
meta,6,dev_2223,yes,"NO, there is no type of jellyfish that lives forever. Jellyfish have",no,no,Incorrect,0.9984
meta,6,dev_2420,yes,"I'm sorry, but I don't have an answer for that question",i,other,NC,0.999
meta,6,dev_2882,yes,NO,no,no,Incorrect,0.35869999999999996
meta,6,dev_2899,yes,YES,yes,yes,Correct,0.3559
meta,6,dev_2910,yes,"NO, taro root and elephant ears are not the same thing. Taro",no,no,Incorrect,1.0045
meta,6,dev_0713,no,"NO, a cow does not have to be pregnant to lactate. Lactation",no,no,Correct,0.9991
meta,6,dev_0816,no,NO,no,no,Correct,0.3619
meta,6,dev_0911,no,NO,no,no,Correct,0.3551
meta,6,dev_0997,no,NO,no,no,Correct,0.36160000000000003
meta,6,dev_1258,no,NO,no,no,Correct,0.3525
meta,6,dev_1422,no,"NO, root hairs do not occur along the entire length of a root. They",no,no,Correct,1.0003
meta,6,dev_2120,no,"NO, Dalmatians do not have spots when they are born. Their spots",no,no,Correct,1.0011
meta,6,dev_2353,no,NO,no,no,Correct,0.3548
meta,6,dev_2441,no,"Yes, it is possible to have boy and girl identical twins. Identical twins",yes,yes,Incorrect,0.9976
meta,6,dev_2087,no,"Yes, sperm whales are on the endangered species list. They are listed as """,yes,yes,Incorrect,0.9955
meta,6,dev_2215,no,"Yes, the two chromosomes in a pair are usually identical. This is known",yes,yes,Incorrect,1.0001
meta,6,dev_2503,no,"NO, a catbird and a mockingbird are not the same. They are",no,no,Correct,0.9995
meta,6,dev_2652,no,"NO, not all baby birds have an egg tooth. Only certain species of birds",no,no,Correct,0.9982000000000001
meta,6,dev_2850,no,"NO, there is not always a stinger in a bee sting. When a",no,no,Correct,0.9995
meta,6,dev_3062,no,"NO, black and yellow garden spiders are not poisonous to",no,no,Correct,2.3418
meta,6,dev_0400,yes,"Yes, a profit and loss account is the same as an income statement. Both",yes,yes,Correct,1.001
meta,6,dev_0432,yes,NO,no,no,Incorrect,0.3535
meta,6,dev_0446,yes,I don't know.,i,idk,IDK,0.5861000000000001
meta,6,dev_0455,yes,YES,yes,yes,Correct,0.3534
meta,6,dev_0472,yes,NO,no,no,Incorrect,0.3532
meta,6,dev_0524,yes,I don't know.,i,idk,IDK,0.5837
meta,6,dev_0767,yes,NO,no,no,Incorrect,0.36210000000000003
meta,6,dev_0875,yes,NO,no,no,Incorrect,0.352
meta,6,dev_0950,yes,"Yes, Poland Spring water comes from a spring.",yes,yes,Correct,0.7717999999999999
meta,6,dev_1023,yes,"NO, a mortgage loan originator is not the same as a loan officer.",no,no,Incorrect,1.0003
meta,6,dev_1171,yes,"NO, money from Guernsey is not legal tender in the UK.",no,no,Incorrect,0.9983
meta,6,dev_1207,yes,NO,no,no,Incorrect,0.3547
meta,6,dev_1299,yes,NO,no,no,Incorrect,0.3598
meta,6,dev_0157,no,"NO, not all eyeglasses are made by the same company. There are",no,no,Correct,0.9973
meta,6,dev_0371,no,NO,no,no,Correct,0.3553
meta,6,dev_0621,no,"NO, it does not cost money to get cash back.",no,no,Correct,0.8601
meta,6,dev_0699,no,I don't know.,i,idk,IDK,0.5856
meta,6,dev_0954,no,"NO, £2 coins are not going out of circulation. The Royal Mint has",no,no,Correct,1.001
meta,6,dev_1050,no,NO,no,no,Correct,0.3533
meta,6,dev_1208,no,I don't know.,i,idk,IDK,0.5898
meta,6,dev_1257,no,NO,no,no,Correct,0.3538
meta,6,dev_1805,no,I don't know.,i,idk,IDK,0.5844
meta,6,dev_1876,no,I don't know. As of my knowledge cutoff date of May 2,i,idk,IDK,0.9992000000000001
meta,6,dev_2290,no,"NO, GDP per capita and per capita income are not the same thing. GDP",no,no,Correct,0.9959
meta,6,dev_2444,no,"NO, land tax and property tax are not the same. Land tax is a",no,no,Correct,0.9951
meta,6,dev_0250,yes,YES,yes,yes,Correct,1.7242
meta,6,dev_0337,yes,I don't know.,i,idk,IDK,0.583
meta,6,dev_0386,yes,NO,no,no,Incorrect,0.3555
meta,6,dev_0591,yes,"NO, Copa Airlines is not part of the Star Alliance. Copa Airlines is a",no,no,Incorrect,0.995
meta,6,dev_0746,yes,I don't know.,i,idk,IDK,0.586
meta,6,dev_0845,yes,"NO, you do not have to break in new car engines. Modern engines are",no,no,Incorrect,0.9982000000000001
meta,6,dev_0855,yes,"Yes, flight paths do go over the North Pole. Commercial and military aircraft often",yes,yes,Correct,0.9955
meta,6,dev_0915,yes,I don't know.,i,idk,IDK,0.5819
meta,6,dev_0945,yes,"NO, thread seal tape and Teflon tape are not the same. Thread",no,no,Incorrect,1.0018
meta,6,dev_0021,no,NO,no,no,Correct,0.36060000000000003
meta,6,dev_0490,no,"NO, American citizens do not need a visa for Georgia.",no,no,Correct,0.8596
meta,6,dev_0581,no,"NO, a peck is not the same as a bushel. A pe",no,no,Correct,1.0025
meta,6,dev_0631,no,I don't know.,i,idk,IDK,0.5915
meta,6,dev_0691,no,I don't know. The answer to whether you need a stamp if it,i,idk,IDK,1.0017
meta,6,dev_0783,no,"NO, the Honda CRF 250 is a 4-stroke",no,no,Correct,1.0067000000000002
meta,6,dev_0787,no,NO,no,no,Correct,0.3559
meta,6,dev_0825,no,I don't know.,i,idk,IDK,0.5837
meta,6,dev_0885,no,"NO, UK citizens do not need a visa for Albania.",no,no,Correct,0.904
meta,6,dev_0089,yes,"No, there is no movie with a 0% rating on Rotten Tomatoes.",no,no,Incorrect,0.9982000000000001
meta,6,dev_0095,yes,I don't know.,i,idk,IDK,0.5861000000000001
meta,6,dev_0211,yes,"NO, Murphy Brown did not have a baby on the show.",no,no,Incorrect,0.9034
meta,6,dev_0238,yes,NO,no,no,Incorrect,0.3568
meta,6,dev_0252,yes,YES,yes,yes,Correct,0.3568
meta,6,dev_0256,yes,"NO, the",no,no,Incorrect,2.3604000000000003
meta,6,dev_0266,yes,NO,no,no,Incorrect,0.35710000000000003
meta,6,dev_0310,yes,"I'm sorry, but as an AI language model, I do not get",i,other,NC,0.9981
meta,6,dev_0359,yes,"NO, I don't know.",no,no,Incorrect,0.6748
meta,6,dev_0422,yes,"I'm sorry, but I am not able to browse the internet or access",i,other,NC,0.995
meta,6,dev_0040,no,NO,no,no,Correct,0.3523
meta,6,dev_0080,no,"I'm sorry, but I don't have an answer for this question",i,other,NC,1.0019
meta,6,dev_0100,no,"I'm sorry, but I cannot answer that question without more context. Can",i,other,NC,0.9981
meta,6,dev_0240,no,NO,no,no,Correct,0.3544
meta,6,dev_0247,no,"I'm sorry, but I don't have enough information to determine whether",i,other,NC,0.9951
meta,6,dev_0260,no,I don't know.,i,idk,IDK,0.5824
meta,6,dev_0277,no,YES,yes,yes,Incorrect,0.356
meta,6,dev_0290,no,"I'm sorry, but I am not able to access information about specific events",i,other,NC,0.9949
meta,6,dev_0303,no,NO,no,no,Correct,0.3559
meta,6,dev_0231,yes,NO,no,no,Incorrect,0.3528
meta,6,dev_0401,yes,"NO, whole wheat rice is not the same as brown rice. Whole wheat rice",no,no,Incorrect,0.9941
meta,6,dev_0420,yes,"No, red velvet cake is not chocolate cake with red dye. Red velvet cake",no,no,Incorrect,0.9944
meta,6,dev_0571,yes,NO,no,no,Incorrect,0.3524
meta,6,dev_0583,yes,"NO, pork back ribs and baby back ribs are not the same. Pork back",no,no,Incorrect,0.9963
meta,6,dev_0765,yes,"NO, salted duck eggs do not need to be cooked. They are already cooked",no,no,Incorrect,0.9969
meta,6,dev_0778,yes,NO,no,no,Incorrect,0.3559
meta,6,dev_0815,yes,I don't know.,i,idk,IDK,0.5814
meta,6,dev_0073,no,I don't know.,i,idk,IDK,0.5869
meta,6,dev_0491,no,"NO, picante sauce and taco sauce are not the same thing. Pic",no,no,Correct,2.3655
meta,6,dev_0615,no,NO,no,no,Correct,0.3593
meta,6,dev_0868,no,"NO, Fruit Roll-Ups are not made with real fruit. They are made",no,no,Correct,0.9941
meta,6,dev_0880,no,"NO, Thousand Island and French dressing are not the same. Thousand Island dressing is",no,no,Correct,0.9992000000000001
meta,6,dev_0953,no,"NO, Monster energy drinks do not have alcohol in them. They are a c",no,no,Correct,0.9947999999999999
meta,6,dev_0985,no,NO,no,no,Correct,0.3538
meta,6,dev_0136,yes,"Yes, Battlefield 1 does have a single-player campaign.",yes,yes,Correct,0.9026000000000001
meta,6,dev_0367,yes,"NO, Devil May Cry 5 is not set after Devil May Cry 2",no,no,Incorrect,0.996
meta,6,dev_0618,yes,I don't know.,i,idk,IDK,0.5822
meta,6,dev_0720,yes,"Yes, State of Decay is a cooperative game that can be played with up",yes,yes,Correct,0.996
meta,6,dev_0770,yes,"No, all the numbers on a roulette wheel do not add up to 6",no,no,Incorrect,1.0012
meta,6,dev_0835,yes,NO,no,no,Incorrect,0.35719999999999996
meta,6,dev_0896,yes,"Yes, Naruto Ultimate Ninja Storm has a story mode.",yes,yes,Correct,0.8581
meta,6,dev_0434,no,NO,no,no,Correct,0.3517
meta,6,dev_0489,no,"NO, not all of the Far Cry games are connected. While some of the",no,no,Correct,0.9944
meta,6,dev_0852,no,NO,no,no,Correct,0.3579
meta,6,dev_0870,no,"No, a paladin does not have to be Lawful Good. Palad",no,no,Correct,0.996
meta,6,dev_1148,no,I don't know.,i,idk,IDK,0.5859
meta,6,dev_2595,no,"No, A Way Out is not a single-player game. It is an",no,no,Correct,0.9983
meta,6,dev_0281,yes,NO,no,no,Incorrect,0.3518
meta,6,dev_0528,yes,I don't know.,i,idk,IDK,0.5851000000000001
meta,6,dev_0547,yes,"NO, there is no toll on the Battery Tunnel.",no,no,Incorrect,0.8111
meta,6,dev_0623,yes,NO,no,no,Incorrect,0.3565
meta,6,dev_0626,yes,NO,no,no,Incorrect,1.6957
meta,6,dev_0686,yes,"NO, Edinburgh Castle is not built on top of a volcano. It is located",no,no,Incorrect,0.995
meta,6,dev_0822,yes,I don't know.,i,idk,IDK,0.5815
meta,6,dev_1210,yes,I don't know.,i,idk,IDK,0.5822
meta,6,dev_0374,no,NO,no,no,Correct,0.3552
meta,6,dev_0900,no,"NO, Fort Walton Beach and Destin are two separate cities located in the Florida",no,no,Correct,0.9954
meta,6,dev_0913,no,"Yes, there is a Porpoise Spit in Australia. It is a",yes,yes,Incorrect,0.9949
meta,6,dev_1234,no,NO,no,no,Correct,0.3518
meta,6,dev_1360,no,I don't know.,i,idk,IDK,0.5875
meta,6,dev_1544,no,NO,no,no,Correct,0.35660000000000003
meta,6,dev_1588,no,"NO, Lake George is not a man-made lake. It is a natural",no,no,Correct,0.9946
meta,6,dev_0344,yes,"NO, it is not possible to build up an immunity to arsenic. Ar",no,no,Incorrect,0.9946
meta,6,dev_0379,yes,I don't know.,i,idk,IDK,0.5837
meta,6,dev_0474,yes,I don't know.,i,idk,IDK,0.5821000000000001
meta,6,dev_0614,yes,"NO, a cold water bath is not as effective as an ice bath for reducing",no,no,Incorrect,1.0006
meta,6,dev_0655,yes,"NO, a hiatal hernia does not directly cause an irregular heartbeat. However",no,no,Incorrect,0.9979
meta,6,dev_1195,yes,"NO, a blue-ringed octopus bite can be deadly, as their",no,no,Incorrect,0.9957999999999999
meta,6,dev_1197,yes,"NO, an ectopic pregnancy cannot be carried to term. It is a medical",no,no,Incorrect,0.9937999999999999
meta,6,dev_1313,yes,NO,no,no,Incorrect,0.3549
meta,6,dev_1564,yes,"No, PCP and angel dust are not the same thing. PCP,",no,no,Incorrect,0.9957
meta,6,dev_0078,no,NO,no,no,Correct,0.3524
meta,6,dev_0166,no,"Yes, it is five portions of fruit and five portions of vegetables.",yes,yes,Incorrect,0.949
meta,6,dev_0851,no,YES,yes,yes,Incorrect,0.35719999999999996
meta,6,dev_0861,no,"No, a junctional rhythm does not have a P wave. A junctional",no,no,Correct,2.3356
meta,6,dev_0872,no,NO,no,no,Correct,0.3578
meta,6,dev_1554,no,"NO, there is no widely accepted medical consensus that chronic Lyme disease is a",no,no,Correct,0.9992000000000001
meta,6,dev_1719,no,NO,no,no,Correct,0.3531
meta,6,dev_1991,no,"NO, the ring finger is not connected to the heart. The fingers are connected",no,no,Correct,0.9975
meta,6,dev_2115,no,"I would answer ""I don't know"" to this question, as the",i,idk,IDK,0.9999
meta,6,dev_0105,yes,"Yes, there was a draft in the Revolutionary War. The Continental Army, which",yes,yes,Correct,0.9957999999999999
meta,6,dev_0125,yes,"No, there were no survivors of the Pompeii eruption. The eruption of Mount",no,no,Incorrect,0.9944
meta,6,dev_0191,yes,"NO, there are no actual bodies in the Tomb of the Unknown Soldier. The",no,no,Incorrect,0.9947999999999999
meta,6,dev_1292,yes,I don't know.,i,idk,IDK,0.5809
meta,6,dev_1338,yes,"I'm sorry, but I don't have enough information to answer that",i,other,NC,0.9975
meta,6,dev_0388,no,I don't know.,i,idk,IDK,0.5852
meta,6,dev_0703,no,"I'm sorry, but I don't have enough information to answer that",i,other,NC,0.9997
meta,6,dev_0833,no,"No, no bodies were found from the Edmund Fitzgerald. The ship sank in a",no,no,Correct,0.9951
meta,6,dev_0874,no,"No, no one has ever escaped from Alcatraz and lived. The last",no,no,Correct,0.9954
meta,6,dev_1651,no,I don't know.,i,idk,IDK,0.5854
meta,6,dev_0072,yes,I don't know.,i,idk,IDK,0.5814
meta,6,dev_0258,yes,NO,no,no,Incorrect,0.3524
meta,6,dev_0286,yes,"NO, an administrative law judge is not a real judge in the traditional sense.",no,no,Incorrect,0.9955
meta,6,dev_0348,yes,"NO, you cannot own a skunk in the UK. According to the UK",no,no,Incorrect,0.9953
meta,6,dev_0467,yes,"NO, a certification of birth is not the same as a birth certificate. A",no,no,Incorrect,0.9951
meta,6,dev_0515,yes,"I'm sorry, but I cannot answer that question with a simple ""YES",i,yes,Correct,0.9943
meta,6,dev_0562,yes,NO,no,no,Incorrect,0.3545
meta,6,dev_0636,yes,"I'm sorry, but I am not able to answer that question. As",i,other,NC,0.9939
meta,6,dev_0740,yes,I don't know.,i,idk,IDK,0.5873999999999999
meta,6,dev_0838,yes,NO,no,no,Incorrect,0.3517
meta,6,dev_0864,yes,NO,no,no,Incorrect,0.3535
meta,6,dev_0873,yes,"NO, you cannot drive a car with a learner's permit. A learner",no,no,Incorrect,0.9994
meta,6,dev_0901,yes,NO,no,no,Incorrect,0.3523
meta,6,dev_0909,yes,I don't know. The answer to whether an X can be used as,i,idk,IDK,0.9946
meta,6,dev_1134,yes,NO,no,no,Incorrect,0.3514
meta,6,dev_0198,no,I don't know.,i,idk,IDK,0.5851000000000001
meta,6,dev_0215,no,I don't know.,i,idk,IDK,0.5817
meta,6,dev_0223,no,I don't know. The legality of recording covers of songs can vary,i,idk,IDK,0.9947999999999999
meta,6,dev_0234,no,"I'm sorry, but I cannot answer that question. As an AI language",i,other,NC,0.9972000000000001
meta,6,dev_0272,no,NO,no,no,Correct,0.35669999999999996
meta,6,dev_0453,no,"NO, there are no states where it is legal to marry a sibling, either",no,no,Correct,0.9953
meta,6,dev_0499,no,"Yes, a Puerto Rican resident can vote for president. Puerto Rico is a",yes,yes,Incorrect,0.9947
meta,6,dev_0552,no,I don't know. The rules regarding the use of phones in prisons can,i,idk,IDK,0.9944
meta,6,dev_0680,no,I don't know. The duration of protection for a trade secret can vary,i,idk,IDK,0.9957
meta,6,dev_0738,no,I don't know.,i,idk,IDK,1.9062999999999999
meta,6,dev_0771,no,I don't know.,i,idk,IDK,0.5816
meta,6,dev_0888,no,NO,no,no,Correct,0.3538
meta,6,dev_1135,no,"NO, a certified copy is not the same as an original in the UK.",no,no,Correct,0.9996
meta,6,dev_1188,no,I don't know.,i,idk,IDK,0.5825
meta,6,dev_0339,yes,I don't know. The entry requirements for Canada can vary depending on various,i,idk,IDK,1.0014
meta,6,dev_0357,yes,"I'm sorry, but I am not required to complete the American Community Survey",i,other,NC,0.9991
meta,6,dev_0498,yes,"NO, the Florida Constitution does not have a minimum age for legislators.",no,no,Incorrect,0.949
meta,6,dev_0620,yes,I don't know.,i,idk,IDK,0.5821000000000001
meta,6,dev_0878,yes,"NO, the national government and the federal government are not the same thing. The",no,no,Incorrect,0.995
meta,6,dev_1864,yes,NO,no,no,Incorrect,0.353
meta,6,dev_2080,yes,NO,no,no,Incorrect,0.3527
meta,6,dev_2395,yes,"NO, the Governor-General does not have to sign all bills passed by federal",no,no,Incorrect,1.0011
meta,6,dev_2639,yes,I don't know. The,i,idk,IDK,0.999
meta,6,dev_3155,yes,"I'm sorry, but I am not able to provide information on specific cases",i,other,NC,0.9967
meta,6,dev_3209,yes,"No, if you attend the Naval Academy, you are not automatically in the Navy",no,no,Incorrect,0.9945
meta,6,dev_0209,no,NO,no,no,Correct,0.3549
meta,6,dev_0273,no,"No, you do not have to pay both ways on the George Washington Bridge.",no,no,Correct,0.9997
meta,6,dev_0404,no,"NO, Puerto Rico is a self-governing unincorporated territory of the",no,no,Correct,0.9996
meta,6,dev_0567,no,I don't know.,i,idk,IDK,0.5824
meta,6,dev_0675,no,I don't know.,i,idk,IDK,0.5822999999999999
meta,6,dev_1172,no,NO,no,no,Correct,0.3564
meta,6,dev_1275,no,I don't know.,i,idk,IDK,0.5824
meta,6,dev_1971,no,I don't know.,i,idk,IDK,1.9232
meta,6,dev_2001,no,NO,no,no,Correct,0.3529
meta,6,dev_3004,no,I don't know.,i,idk,IDK,0.5817
meta,6,dev_3256,no,I don't know. The presence of cameras on traffic lights can vary depending,i,idk,IDK,0.9936
meta,6,dev_1132,yes,"NO, pink quartz and rose quartz are not the same. Pink quartz is a",no,no,Incorrect,0.999
meta,6,dev_1233,yes,NO,no,no,Incorrect,0.3532
meta,6,dev_1511,yes,"NO, the heat index and ""RealFeel"" are similar in that they both",no,no,Incorrect,1.0014
meta,6,dev_1633,yes,NO,no,no,Incorrect,0.3536
meta,6,dev_2007,yes,NO,no,no,Incorrect,0.3578
meta,6,dev_2214,yes,NO,no,no,Incorrect,0.3528
meta,6,dev_2239,yes,NO,no,no,Incorrect,0.3533
meta,6,dev_2299,yes,"NO, it cannot rain if there are no clouds. Rain requires the presence of",no,no,Incorrect,0.9937999999999999
meta,6,dev_2303,yes,I don't know. The essential elements required for life can vary depending on,i,idk,IDK,0.9945
meta,6,dev_2477,yes,NO,no,no,Incorrect,0.3514
meta,6,dev_2993,yes,"NO, eidetic memory and photographic memory are not the same. Eid",no,no,Incorrect,1.0003
meta,6,dev_3126,yes,"NO, there is no such thing as an upside-down rainbow. A rainbow",no,no,Incorrect,1.0016
meta,6,dev_3188,yes,"NO, a turkey vulture and a buzzard are not the same. They",no,no,Incorrect,1.0051
meta,6,dev_3193,yes,"Yes, the Georgia Aquarium has whale sharks.",yes,yes,Correct,0.7225
meta,6,dev_3234,yes,NO,no,no,Incorrect,0.3517
meta,6,dev_3265,yes,I don't know.,i,idk,IDK,0.5871000000000001
meta,6,dev_0001,no,I don't know.,i,idk,IDK,0.5828
meta,6,dev_0579,no,"NO, you cannot really hear the ocean in a seashell. Seashells",no,no,Correct,0.9954
meta,6,dev_1003,no,"No, least squares is not the same as linear regression. Least squares is",no,no,Correct,0.9947
meta,6,dev_1483,no,"NO, a meter stick and a yardstick are not the same. A meter",no,no,Correct,2.3427
meta,6,dev_1551,no,"NO, Australia is not part of the Ring of Fire. The Ring of Fire",no,no,Correct,0.9994
meta,6,dev_1702,no,"NO, a pterodactyl is not the same as a Pter",no,no,Correct,0.9977
meta,6,dev_1925,no,"Yes, percent difference and percent change are the same thing. They both measure the",yes,yes,Incorrect,0.9943
meta,6,dev_2025,no,NO,no,no,Correct,0.35869999999999996
meta,6,dev_2312,no,NO,no,no,Correct,0.36269999999999997
meta,6,dev_2471,no,NO,no,no,Correct,0.3515
meta,6,dev_2521,no,"NO, the t-distribution does not have a standard deviation of 1.",no,no,Correct,0.9986
meta,6,dev_2782,no,NO,no,no,Correct,0.3519
meta,6,dev_2812,no,NO,no,no,Correct,0.3542
meta,6,dev_3014,no,NO,no,no,Correct,0.353
meta,6,dev_3034,no,"NO, hydraulic lime and hydrated lime are not the same. Hydrated lime is",no,no,Correct,0.9955
meta,6,dev_3159,no,"NO, a chipmunk is not the same as a ground squirrel. They",no,no,Correct,0.9966
meta,6,dev_3190,no,"NO, mahi-mahi and ahi tuna are not the same fish.",no,no,Correct,1.0003
meta,6,dev_0682,yes,"NO, a sermon and a homily are not the same thing. A sermon",no,no,Incorrect,0.9957
meta,6,dev_0735,yes,"Yes, I confirm that I will answer your question with either ""YES"", """,yes,yes,Correct,0.997
meta,6,dev_1505,yes,I don't know.,i,idk,IDK,0.5831000000000001
meta,6,dev_1668,yes,NO,no,no,Incorrect,0.3585
meta,6,dev_2373,yes,I don't know.,i,idk,IDK,0.5888
meta,6,dev_2793,yes,I don't know.,i,idk,IDK,0.5866
meta,6,dev_2929,yes,"NO, child psychology and developmental psychology are related fields, but they are not the",no,no,Incorrect,0.9939
meta,6,dev_0605,no,"No, you do not have to be a Mormon to go to BYU.",no,no,Correct,0.9962000000000001
meta,6,dev_0908,no,I don't know.,i,idk,IDK,0.5852
meta,6,dev_1388,no,"No, UCL (University College London) and the University of London are not",no,no,Correct,2.3434
meta,6,dev_1521,no,"Yes, Sweden does offer financial support to students in the form of grants and loans",yes,yes,Incorrect,0.9936
meta,6,dev_2334,no,"NO, the Book of Jasher is not in the Bible. The Bible consists",no,no,Correct,0.9991
meta,6,dev_2641,no,"NO, a double-barrel surname does not have to be hyphenated.",no,no,Correct,1.0005
meta,6,dev_0347,yes,NO,no,no,Incorrect,0.3549
meta,6,dev_0411,yes,"I'm sorry, but I am not able to answer that question. As",i,other,NC,0.9951
meta,6,dev_0439,yes,NO,no,no,Incorrect,0.36
meta,6,dev_0452,yes,NO,no,no,Incorrect,0.3518
meta,6,dev_0585,yes,"NO, I don't know.",no,no,Incorrect,0.6726
meta,6,dev_0656,yes,NO,no,no,Incorrect,0.3551
meta,6,dev_0661,yes,I don't know.,i,idk,IDK,0.5876
meta,6,dev_0701,yes,"NO, the Kentucky Derby is not always the first weekend in May. The date",no,no,Incorrect,1.0003
meta,6,dev_0704,yes,YES,yes,yes,Correct,0.3515
meta,6,dev_0752,yes,NO,no,no,Incorrect,0.3551
meta,6,dev_0848,yes,I don't know.,i,idk,IDK,0.585
meta,6,dev_0883,yes,"Yes, a team has come back from a 3–1 deficit in a",yes,yes,Correct,0.9994
meta,6,dev_1143,yes,"Yes, Dan Marino is in the Hall of Fame. I answer ""YES"".",yes,yes,Correct,0.9977999999999999
meta,6,dev_1305,yes,NO,no,no,Incorrect,0.3525
meta,6,dev_1497,yes,I don't know.,i,idk,IDK,0.5878
meta,6,dev_1777,yes,"Yes, away goals count in league playoffs. If both teams are tied after the",yes,yes,Correct,0.9941
meta,6,dev_2250,yes,NO,no,no,Incorrect,0.3585
meta,6,dev_2370,yes,I don't know.,i,idk,IDK,0.5865
meta,6,dev_0083,no,"No, there is no tiebreaker in the final set at Wimbledon. The match",no,no,Correct,1.0002
meta,6,dev_0085,no,"No, I don't know. Deion Sanders is a former professional football",no,no,Correct,2.3363
meta,6,dev_0170,no,I don't know.,i,idk,IDK,0.5828
meta,6,dev_0230,no,NO,no,no,Correct,0.35619999999999996
meta,6,dev_0412,no,I don't know.,i,idk,IDK,0.5821000000000001
meta,6,dev_0421,no,"NO, penalty shoot-out goals do not count in the Golden Boot. The",no,no,Correct,0.9971
meta,6,dev_0447,no,NO,no,no,Correct,0.3634
meta,6,dev_0544,no,I don't know.,i,idk,IDK,0.5852
meta,6,dev_0565,no,NO,no,no,Correct,0.3573
meta,6,dev_0589,no,NO,no,no,Correct,0.3584
meta,6,dev_0593,no,"NO, teams do not keep the FIFA World Cup trophy. The trophy is permanently",no,no,Correct,0.999
meta,6,dev_0859,no,"NO, the U.S. Open is not played on the same course every",no,no,Correct,1.0049
meta,6,dev_0865,no,"I'm sorry, but I don't have enough information to answer that",i,other,NC,0.9955
meta,6,dev_1518,no,NO,no,no,Correct,0.3574
meta,6,dev_1768,no,NO,no,no,Correct,0.36169999999999997
meta,6,dev_1779,no,"No, I don't know the answer to that question. As an AI",no,no,Correct,1.0089
meta,6,dev_1905,no,NO,no,no,Correct,0.36319999999999997
meta,6,dev_2156,no,YES,yes,yes,Incorrect,0.354
meta,6,dev_2158,no,NO,no,no,Correct,0.354
meta,6,dev_2798,no,NO,no,no,Correct,0.3516
meta,6,dev_3138,no,NO,no,no,Correct,0.3584
meta,6,dev_0307,yes,NO,no,no,Incorrect,0.36619999999999997
meta,6,dev_0506,yes,"Yes, drywall mud and joint compound are the same thing. Drywall mud",yes,yes,Correct,0.9983
meta,6,dev_0641,yes,NO,no,no,Incorrect,0.3604
meta,6,dev_0844,yes,I don't know.,i,idk,IDK,0.5851000000000001
meta,6,dev_1032,yes,"I'm sorry, but I don't have enough information to answer your",i,other,NC,1.0021
meta,6,dev_1574,yes,I don't know.,i,idk,IDK,0.5819
meta,6,dev_1889,yes,NO,no,no,Incorrect,0.35660000000000003
meta,6,dev_2093,yes,"NO, you cannot call the police without a SIM card. A SIM card is",no,no,Incorrect,1.0016
meta,6,dev_2213,yes,NO,no,no,Incorrect,0.35710000000000003
meta,6,dev_2735,yes,YES,yes,yes,Correct,0.356
meta,6,dev_2836,yes,NO,no,no,Incorrect,0.3564
meta,6,dev_0788,no,NO,no,no,Correct,0.3559
meta,6,dev_0798,no,I don't know.,i,idk,IDK,0.5856
meta,6,dev_1249,no,NO,no,no,Correct,0.3578
meta,6,dev_1458,no,"NO, powered speakers do not require an external amplifier. They are designed to be",no,no,Correct,1.0039
meta,6,dev_1584,no,"NO, there is no GMC version of the Avalanche.",no,no,Correct,0.8568
meta,6,dev_1589,no,"NO, a SIM-free phone does not lock to a specific network. It",no,no,Correct,0.9945
meta,6,dev_1657,no,"NO, the first iPhone, released in 2007, did not",no,no,Correct,0.9945
meta,6,dev_1691,no,NO,no,no,Correct,0.3514
meta,6,dev_1943,no,"NO, it does not cost money to join PlayStation Network.",no,no,Correct,0.8617999999999999
meta,6,dev_2682,no,YES,yes,yes,Incorrect,0.3574
meta,6,dev_2712,no,NO,no,no,Correct,0.3624
meta,6,dev_0427,no,"No, The Barber of Seville and Sweeney Todd are two different oper",no,no,Correct,0.9975
meta,6,dev_0531,no,"NO, I don't know.",no,no,Correct,0.6752
meta,6,dev_1915,no,"NO, The Hunchback of Notre-Dame is a fictional story, not",no,no,Correct,1.0011
meta,6,dev_1946,no,NO,no,no,Correct,0.354
meta,6,dev_2024,no,NO,no,no,Correct,0.3564
meta,6,dev_2265,no,"No, G major and E minor are not the same. G major is a",no,no,Correct,0.9996
meta,6,dev_0004,yes,"I'm sorry, but I am not able to answer that question. As",i,other,NC,0.9969
meta,6,dev_0241,yes,I don't know.,i,idk,IDK,0.588
meta,6,dev_0326,yes,YES,yes,yes,Correct,0.3579
meta,6,dev_0525,yes,YES,yes,yes,Correct,0.3549
meta,6,dev_0577,yes,"Yes, Phil Collins and Peter Gabriel were both members of Genesis at the same time",yes,yes,Correct,1.0007000000000001
meta,6,dev_0799,yes,"No, as an AI language model, I do not get the money that I",no,no,Incorrect,0.9976
meta,6,dev_0142,no,NO,no,no,Correct,0.363
meta,6,dev_0494,no,"NO, fitness (as used in biology) and survival do not have the same",no,no,Correct,1.0016
meta,6,dev_0527,no,I don't know.,i,idk,IDK,0.589
meta,6,dev_0566,no,I don't know.,i,idk,IDK,0.5827
meta,6,dev_0648,no,NO,no,no,Correct,1.6941
meta,6,dev_0668,no,"NO, red-eared sliders cannot live in the ocean. They are a",no,no,Correct,0.9965
meta,6,dev_0749,no,YES,yes,yes,Incorrect,0.3516
meta,6,dev_0790,no,NO,no,no,Correct,0.3526
meta,6,dev_0867,no,"No, I don't know. The same genotype does not always result",no,no,Correct,1.0052
meta,6,dev_0921,no,"NO, you cannot get eaten by a whale shark. Whale sharks are filter feed",no,no,Correct,0.9995
meta,6,dev_1088,no,NO,no,no,Correct,0.3515
meta,6,dev_1329,no,"I'm sorry, but I am an AI language model and do not have",i,other,NC,0.9982000000000001
meta,6,dev_1402,no,"NO, tissue is composed of multiple types of cells that work together to perform a",no,no,Correct,0.9936
meta,6,dev_1428,no,NO,no,no,Correct,0.3514
meta,6,dev_1439,no,"NO, a groundhog and a mole are not the same thing. They are",no,no,Correct,0.9971
meta,6,dev_0020,yes,NO,no,no,Incorrect,0.3516
meta,6,dev_0027,yes,"NO, penguins do not have feathers arising from the epidermis. Instead,",no,no,Incorrect,0.9951
meta,6,dev_0047,yes,"Yes, there is such a thing as a turkey vulture. Turkey vultures",yes,yes,Correct,0.9962000000000001
meta,6,dev_0070,yes,YES,yes,yes,Correct,0.352
meta,6,dev_0086,yes,"NO, a German Shepherd and an Alsatian are not the same thing.",no,no,Incorrect,0.9951
meta,6,dev_0121,yes,NO,no,no,Incorrect,0.353
meta,6,dev_0131,yes,NO,no,no,Incorrect,0.3518
meta,6,dev_0147,yes,"NO, the navel and the belly button are not the same thing. The",no,no,Incorrect,0.9987999999999999
meta,6,dev_0159,yes,"NO, a tree typically has only one trunk. However, there are some tree",no,no,Incorrect,0.9976
meta,6,dev_0190,yes,"NO, bees do not die if they lose their stinger. The stinger",no,no,Incorrect,0.9991
meta,6,dev_0195,yes,I don't know.,i,idk,IDK,0.5814
meta,6,dev_0200,yes,"Yes, competitive inhibitors bind to the active site of a protein to prevent the binding",yes,yes,Correct,0.9985
meta,6,dev_0214,yes,YES,yes,yes,Correct,0.3512
meta,6,dev_0242,yes,YES,yes,yes,Correct,0.3547
meta,6,dev_0522,yes,"NO, a hornet can only sting you once. After stinging, the",no,no,Incorrect,0.9987999999999999
meta,6,dev_0033,no,NO,no,no,Correct,0.353
meta,6,dev_0123,no,"No, public limited companies are not in the private sector. Public limited companies are",no,no,Correct,1.0049
meta,6,dev_0501,no,NO,no,no,Correct,0.355
meta,6,dev_0526,no,NO,no,no,Correct,0.3559
meta,6,dev_1076,no,"No, not only commercial banks are subject to runs. Savings and loan associations,",no,no,Correct,0.9971
meta,6,dev_1213,no,"NO, discretionary income and disposable income are not the same thing. Discretion",no,no,Correct,0.9956
meta,6,dev_1654,no,"NO, discouraged workers are not counted in the unemployment rate. The unemployment rate is",no,no,Correct,0.9963
meta,6,dev_1753,no,NO,no,no,Correct,0.35719999999999996
meta,6,dev_1825,no,"No, a bank sort code is not the same for everyone. It is a",no,no,Correct,0.9987999999999999
meta,6,dev_2911,no,"NO, the United States does not have a fixed exchange rate. The US dollar",no,no,Correct,0.9995
meta,6,dev_2740,no,"NO, the Better Business Bureau (BBB) is not part of the government",no,no,Correct,0.9946
meta,6,dev_2517,no,NO,no,no,Correct,0.3557
meta,6,dev_1139,yes,"Yes, there are state income taxes in New Mexico. The state has a progressive",yes,yes,Correct,0.9981
meta,6,dev_0002,yes,"NO, house tax and property tax are not the same. House tax is a",no,no,Incorrect,0.9937999999999999
meta,6,dev_0773,yes,"No, a company cannot be public but not listed. A public company is one",no,no,Incorrect,0.9981
meta,6,dev_1186,yes,"Yes, a universal life insurance policy typically has a cash value component. This cash",yes,yes,Correct,0.9975
meta,6,dev_1302,yes,NO,no,no,Incorrect,0.3542
meta,6,dev_1349,yes,"Yes, the Net Present Value (NPV) account for the time value of",yes,yes,Correct,2.3362
meta,6,dev_1771,yes,"NO, a news release and a press release are not the same thing. A",no,no,Incorrect,0.9993
meta,6,dev_1804,yes,YES,yes,yes,Correct,0.3559
meta,6,dev_1873,yes,I don't know.,i,idk,IDK,0.587
meta,6,dev_1963,yes,"Yes, there is no sales tax in New Hampshire.",yes,yes,Correct,0.8105
meta,6,dev_2582,yes,"NO, a profit and loss statement and an income statement are not the same.",no,no,Incorrect,0.9963
meta,6,dev_2598,yes,NO,no,no,Incorrect,0.3534
meta,6,dev_3158,yes,YES,yes,yes,Correct,0.3569
meta,6,dev_0551,no,"NO, an oz and a fl oz are not the same. An oz (",no,no,Correct,0.9942000000000001
meta,6,dev_1158,no,NO,no,no,Correct,0.3568
meta,6,dev_1364,no,NO,no,no,Correct,0.3552
meta,6,dev_1807,no,"No, 8.5×11 (US Letter) is not the",no,no,Correct,1.0011
meta,6,dev_2542,no,NO,no,no,Correct,0.357
meta,6,dev_2562,no,"NO, a ribeye steak and a Delmonico steak are not the same",no,no,Correct,1.0005
meta,6,dev_3005,no,"NO, an English Bull Terrier is not a Pit Bull. They are two",no,no,Correct,0.999
meta,6,dev_3194,no,"NO, corn chips and tortilla chips are not the same. Corn chips are",no,no,Correct,0.998
meta,6,dev_3195,no,"NO, a boarding pass is not the same as a ticket. A ticket is",no,no,Correct,0.9984
meta,6,dev_0013,yes,"NO, it is not recommended to wash your hair with shower gel as it is",no,no,Incorrect,0.9999
meta,6,dev_0043,yes,"Yes, there is an interstate highway that goes coast-to-coast in the",yes,yes,Correct,1.0002
meta,6,dev_0052,yes,YES,yes,yes,Correct,0.3555
meta,6,dev_0091,yes,NO,no,no,Incorrect,0.3545
meta,6,dev_0116,yes,"Yes, a father-in-law is considered a relative.",yes,yes,Correct,0.9022
meta,6,dev_0288,yes,"NO, the UK does not use a 24-hour clock. They",no,no,Incorrect,1.0004
meta,6,dev_0555,yes,"NO, ZIP code and postal code are not the same. ZIP code is a",no,no,Incorrect,0.9986
meta,6,dev_0627,yes,"No, I cannot be a ""Sir"" if not British. ""Sir""",no,no,Incorrect,0.9984
meta,6,dev_0831,yes,"NO, a U.S. passport card is not a valid form of ID",no,no,Incorrect,1.0003
meta,6,dev_0721,no,NO,no,no,Correct,0.3517
meta,6,dev_0863,no,"NO, The Closer and Major Crimes are not the same. The Cl",no,no,Correct,0.9977
meta,6,dev_1357,no,"NO, The View and The Talk are not the same show. The View is",no,no,Correct,0.9997999999999999
meta,6,dev_1951,no,"NO, the film The Bridge on the River Kwai is not based on a",no,no,Correct,0.996
meta,6,dev_2131,no,"NO, Nacho is not in Breaking Bad. He is a character from the",no,no,Correct,0.9977999999999999
meta,6,dev_2174,no,"NO, Fear the Walking Dead is not the same as The Walking Dead. They",no,no,Correct,1.0009
meta,6,dev_2252,no,"NO, you do not have to be from America to be on America's",no,no,Correct,1.0
meta,6,dev_2309,no,"NO, Maleficent and the Evil Queen are not the same character. Mal",no,no,Correct,0.9997
meta,6,dev_2364,no,"NO, The Outsiders movie is not based on a true story. It",no,no,Correct,1.0002
meta,6,dev_3075,no,"NO, Pulp Fiction is a fictional movie created by the director Quentin Tarant",no,no,Correct,0.9943
meta,6,dev_3205,no,"No, the movie ""Lady Bird"" is not about Lady Bird Johnson. It",no,no,Correct,0.994
meta,6,dev_0015,yes,"Yes, Fantastic Beasts and Where to Find Them is a prequel to the",yes,yes,Correct,2.3375
meta,6,dev_0153,yes,"Yes, there is a movie adaptation of The Handmaid's Tale. The",yes,yes,Correct,0.9946
meta,6,dev_0161,yes,"No, The Night of the Hunter is not a film noir. Film no",no,no,Incorrect,0.9992000000000001
meta,6,dev_0306,yes,"NO, Grey's Anatomy is a television show and is not filmed at a",no,no,Incorrect,0.9957999999999999
meta,6,dev_0334,yes,"NO, Wrath of the Titans is not a sequel to Clash of the Titans",no,no,Incorrect,1.0002
meta,6,dev_0338,yes,NO,no,no,Incorrect,0.35660000000000003
meta,6,dev_0493,yes,"I'm sorry, but I am not able to answer that question as it",i,other,NC,0.9977999999999999
meta,6,dev_0520,yes,NO,no,no,Incorrect,0.3555
meta,6,dev_0212,no,"NO, maple syrup does not come straight from the tree. It is produced by",no,no,Correct,0.9969
meta,6,dev_0309,no,NO,no,no,Correct,0.35619999999999996
meta,6,dev_0484,no,"NO, salt water taffy does not have salt water in it. It",no,no,Correct,0.999
meta,6,dev_0654,no,"NO, beef short ribs and spare ribs are not the same. Beef short ribs",no,no,Correct,0.9942000000000001
meta,6,dev_0973,no,"NO, salt water taffy is not made with ocean water. It is",no,no,Correct,0.9997999999999999
meta,6,dev_1335,no,NO,no,no,Correct,0.3519
meta,6,dev_1443,no,"NO, a lungo is not the same as an Americano. A lun",no,no,Correct,0.9994
meta,6,dev_0284,yes,"NO, enameled cast iron does not leach iron into food. The enamel",no,no,Incorrect,0.9946
meta,6,dev_0330,yes,NO,no,no,Incorrect,0.3525
meta,6,dev_0443,yes,"NO, powdered sugar and confectioners' sugar are not the same thing.",no,no,Incorrect,0.9942000000000001
meta,6,dev_0975,yes,NO,no,no,Incorrect,0.3561
meta,6,dev_1741,yes,"NO, garbanzo beans and chickpeas are not the same thing. Gar",no,no,Incorrect,1.0012
meta,6,dev_1770,yes,YES,yes,yes,Correct,0.3548
meta,6,dev_1860,no,NO,no,no,Correct,0.3559
meta,6,dev_1967,yes,NO,no,no,Incorrect,0.3518
meta,6,dev_0236,no,NO,no,no,Correct,0.358
meta,6,dev_0741,no,"NO, there is not always a way to win solitaire. Some variations of",no,no,Correct,0.9995
meta,6,dev_1440,no,NO,no,no,Correct,0.3532
meta,6,dev_2062,no,NO,no,no,Correct,0.3518
meta,6,dev_2109,no,NO,no,no,Correct,0.3568
meta,6,dev_2137,no,NO,no,no,Correct,0.3584
meta,6,dev_0478,yes,NO,no,no,Incorrect,0.355
meta,6,dev_0545,yes,"Yes, Just Cause 3 has a storyline. The game is set on the",yes,yes,Correct,0.9985
meta,6,dev_1125,yes,NO,no,no,Incorrect,0.3545
meta,6,dev_1137,yes,"I'm sorry, but I don't have enough information to answer your",i,other,NC,0.9997
meta,6,dev_1162,yes,"NO, you cannot play DS games on a DS Lite. The DS Lite is",no,no,Incorrect,0.9986
meta,6,dev_1177,yes,"Yes, Company of Heroes 2 has a campaign.",yes,yes,Correct,0.8105
meta,6,dev_1444,yes,NO,no,no,Incorrect,0.3554
meta,6,dev_0313,no,"NO, St. Kitts and Nevis is not a U.S.",no,no,Correct,1.0012999999999999
meta,6,dev_0823,no,I don't know.,i,idk,IDK,0.5875
meta,6,dev_0839,no,"NO, West Virginia and Virginia are two separate states. West Virginia is located in",no,no,Correct,0.9951
meta,6,dev_1222,no,"NO, the Isle of Man is not a part of Great Britain. It is",no,no,Correct,0.994
meta,6,dev_1254,no,NO,no,no,Correct,0.3564
meta,6,dev_1269,no,NO,no,no,Correct,0.3565
meta,6,dev_1334,no,"NO, Patagonia is not a country in its own right. It is",no,no,Correct,0.9951
meta,6,dev_0184,yes,"NO, you cannot boat from Lake Michigan to the Atlantic Ocean. Lake Michigan is",no,no,Incorrect,0.9997
meta,6,dev_0322,yes,NO,no,no,Incorrect,0.3555
meta,6,dev_0557,yes,NO,no,no,Incorrect,0.3565
meta,6,dev_0573,yes,NO,no,no,Incorrect,0.3519
meta,6,dev_1179,yes,NO,no,no,Incorrect,0.35660000000000003
meta,6,dev_0619,yes,"Yes, Texas is bigger than Germany. Texas has an area of 26",yes,yes,Correct,0.9984
meta,6,dev_0650,yes,YES,yes,yes,Correct,0.3559
meta,6,dev_0734,yes,"NO, you cannot boat directly from Lake Erie to Lake Ontario without going through a",no,no,Incorrect,1.0023
meta,6,dev_0061,no,"NO, an EMT-Basic is not authorized to start an IV. Starting",no,no,Correct,0.9987
meta,6,dev_0124,no,NO,no,no,Correct,0.36010000000000003
meta,6,dev_0914,no,"NO, stroke volume and ejection fraction are not the same. Stroke volume refers",no,no,Correct,0.9936
meta,6,dev_0955,no,"No, mycosis fungoides is not caused by a fungal infection",no,no,Correct,0.9969
meta,6,dev_1610,no,"No, soft-tissue damage and a sprain are not the same thing",no,no,Correct,1.0001
meta,6,dev_1790,no,"NO, the lining of the uterus does not shed during implantation. Im",no,no,Correct,0.9999
meta,6,dev_2096,no,"NO, an X-ray and an MRI are different types of medical imaging tests",no,no,Correct,0.9983
meta,6,dev_2277,no,"No, high dependency and intensive care are not the same. High dependency units (",no,no,Correct,0.995
meta,6,dev_2499,no,"No, a Doctor of Physical Therapy (DPT) is not an MD.",no,no,Correct,0.9961
meta,6,dev_1959,yes,"NO, normal body temperature does not vary significantly throughout the day. The average body",no,no,Incorrect,0.9977999999999999
meta,6,dev_1992,yes,"NO, a person cannot transmit rabies to another person. Rabies is a",no,no,Incorrect,0.9981
meta,6,dev_2047,yes,YES,yes,yes,Correct,0.3517
meta,6,dev_1656,yes,"I'm sorry, but as an AI language model, I do not have",i,other,NC,0.9996
meta,6,dev_1663,yes,"No, I cannot get turf toe on toes other than the big toe. Tur",no,no,Incorrect,0.9994
meta,6,dev_1752,yes,NO,no,no,Incorrect,0.3527
meta,6,dev_2049,yes,NO,no,no,Incorrect,0.3633
meta,6,dev_2050,yes,"Yes, drug tolerance can be caused by receptor upregulation and downregulation. When",yes,yes,Correct,1.0008
meta,6,dev_1442,yes,"Yes, a lipid profile and a lipid panel refer to the same test that measures",yes,yes,Correct,1.0004
meta,6,dev_0301,no,"NO, the Berlin Wall and the Berlin Blockade were two separate events related to",no,no,Correct,0.999
meta,6,dev_0480,no,"No, we do not follow the Articles of Confederation. The Articles of Confeder",no,no,Correct,0.9982000000000001
meta,6,dev_1290,no,"No, Nova Scotia was not part of the 13 Colonies. The",no,no,Correct,1.0006
meta,6,dev_1819,no,"NO, the Czech Republic and Czechoslovakia are not the same country. Czech",no,no,Correct,1.0003
meta,6,dev_2206,no,"No, the Emancipation Proclamation did not apply to all states. It",no,no,Correct,0.996
meta,6,dev_0376,yes,"NO, William the Conqueror did not have a legitimate claim to the English throne",no,no,Incorrect,1.0008
meta,6,dev_0346,yes,YES,yes,yes,Correct,0.3559
meta,6,dev_0363,yes,YES,yes,yes,Correct,0.3563
meta,6,dev_0535,yes,NO,no,no,Incorrect,0.3575
meta,6,dev_0629,yes,"Yes, the 13th Amendment was passed after the Civil War. It",yes,yes,Correct,0.9997
meta,6,dev_0179,no,NO,no,no,Correct,0.35760000000000003
meta,6,dev_0402,no,NO,no,no,Correct,0.35710000000000003
meta,6,dev_0513,no,NO,no,no,Correct,0.3583
meta,6,dev_0606,no,I don't know.,i,idk,IDK,0.5854
meta,6,dev_0630,no,"NO, ""under honorable conditions"" refers to the manner in which a person is",no,no,Correct,0.9994
meta,6,dev_0795,no,"NO, driving laws can vary between different states in the United States. Each state",no,no,Correct,0.9937
meta,6,dev_1457,no,"No, the Civil Rights Act is not part of the U.S. Constitution",no,no,Correct,1.0003
meta,6,dev_1776,no,NO,no,no,Correct,0.356
meta,6,dev_1862,no,"NO, the FCC's equal-time rule does not apply to newspapers.",no,no,Correct,0.9994
meta,6,dev_1911,no,NO,no,no,Correct,0.35910000000000003
meta,6,dev_2755,no,"I'm sorry, but I cannot answer that question with a simple ""YES",i,yes,Incorrect,2.3438000000000003
meta,6,dev_2756,no,"NO, the Bill of Rights is a later addition to the Constitution, ratified in",no,no,Correct,0.9991
meta,6,dev_2921,no,"NO, property tax and council tax are not the same. Property tax is a",no,no,Correct,1.0005
meta,6,dev_2972,no,NO,no,no,Correct,0.3513
meta,6,dev_0009,yes,"Yes, you can drive in Canada with a US license. However, there are",yes,yes,Correct,0.9986
meta,6,dev_0038,yes,I don't know. The legality of recording a cover of a song,i,idk,IDK,0.9987
meta,6,dev_0129,yes,NO,no,no,Incorrect,0.3599
meta,6,dev_0202,yes,I don't know.,i,idk,IDK,0.5858
meta,6,dev_0308,yes,NO,no,no,Incorrect,0.352
meta,6,dev_0584,yes,Yes,yes,yes,Correct,0.3563
meta,6,dev_0644,yes,"NO, it is not a law that you have to pull over for an ambulance",no,no,Incorrect,0.9999
meta,6,dev_0653,yes,YES,yes,yes,Correct,0.3533
meta,6,dev_0671,yes,"Yes, the state of Kansas has the death penalty.",yes,yes,Correct,0.8162999999999999
meta,6,dev_0757,yes,"NO, you cannot get in trouble for stealing a street sign. Street signs are",no,no,Incorrect,0.9999
meta,6,dev_1059,yes,"NO, I don't know.",no,no,Incorrect,0.6738999999999999
meta,6,dev_1067,yes,"NO, the Preamble is not a part of the Indian Constitution. The",no,no,Incorrect,1.0
meta,6,dev_1097,yes,"Yes, I have the right to remain silent in Canada. This is known as",yes,yes,Correct,0.9993
meta,6,dev_1131,yes,"I'm sorry, but I am not able to browse the internet, and",i,other,NC,0.9982000000000001
meta,6,dev_1324,yes,NO,no,no,Incorrect,0.3561
meta,6,dev_0305,no,NO,no,no,Correct,0.35760000000000003
meta,6,dev_0465,no,NO,no,no,Correct,0.3558
meta,6,dev_0508,no,NO,no,no,Correct,0.3547
meta,6,dev_0518,no,NO,no,no,Correct,0.3551
meta,6,dev_0572,no,NO,no,no,Correct,0.3558
meta,6,dev_0898,no,"NO, as a permanent resident in Canada, you do not have the right to",no,no,Correct,0.9989
meta,6,dev_1154,no,"No, there were not always 9 justices on the Supreme Court. The",no,no,Correct,1.0008
meta,6,dev_1221,no,"NO, a filibuster cannot take place in the House.",no,no,Correct,2.2469
meta,6,dev_1244,no,NO,no,no,Correct,0.3512
meta,6,dev_1245,no,NO,no,no,Correct,0.3563
meta,6,dev_1273,no,NO,no,no,Correct,0.3524
meta,6,dev_0647,yes,YES,yes,yes,Correct,0.355
meta,6,dev_0254,yes,NO,no,no,Incorrect,0.3526
meta,6,dev_0486,yes,"Yes, the US Postal Service is part of the federal government. It is an",yes,yes,Correct,0.999
meta,6,dev_0736,yes,"Yes, the World Bank is affiliated with the United Nations. It was established in",yes,yes,Correct,0.9986
meta,6,dev_0814,yes,"Yes, the Air Force has ground combat troops. They are known as Air Force",yes,yes,Correct,0.9977999999999999
meta,6,dev_1477,yes,NO,no,no,Incorrect,0.3552
meta,6,dev_1721,yes,"Yes, there are U.S. military bases in the UK. One example",yes,yes,Correct,0.9997999999999999
meta,6,dev_1786,yes,I don't know.,i,idk,IDK,0.5857
meta,6,dev_1970,yes,"Yes, a state ID is a government-issued ID.",yes,yes,Correct,0.8646
meta,6,dev_1985,yes,"NO, there is no constitutional right to privacy in the United States. The Supreme",no,no,Incorrect,0.9987999999999999
meta,6,dev_2448,no,"NO, Puerto Rico does not have the right to vote for the U.S",no,no,Correct,1.0002
meta,6,dev_0066,yes,NO,no,no,Incorrect,0.3539
meta,6,dev_0088,yes,NO,no,no,Incorrect,0.3542
meta,6,dev_0196,yes,NO,no,no,Incorrect,0.3569
meta,6,dev_0262,yes,YES,yes,yes,Correct,0.3557
meta,6,dev_0271,yes,"Yes, an outcome variable is the same as a dependent variable. Both terms refer",yes,yes,Correct,0.9993
meta,6,dev_0329,yes,"No, I don't know.",no,no,Incorrect,0.6772999999999999
meta,6,dev_0331,yes,YES,yes,yes,Correct,0.3563
meta,6,dev_0387,yes,"Yes, density depends on the type of material. The density of a substance is",yes,yes,Correct,0.9985
meta,6,dev_0418,yes,NO,no,no,Incorrect,0.3569
meta,6,dev_0616,yes,"NO, bicarb soda and baking soda are not the same. Bicarbon",no,no,Incorrect,0.9989
meta,6,dev_0638,yes,YES,yes,yes,Correct,0.3569
meta,6,dev_0657,yes,NO,no,no,Incorrect,0.3552
meta,6,dev_0692,yes,"NO, we cannot use a hydrometer to measure the density of milk. A",no,no,Incorrect,0.998
meta,6,dev_0744,yes,"NO, a polynomial cannot have a square root of a variable as a term.",no,no,Incorrect,0.9987999999999999
meta,6,dev_0797,yes,"NO, average velocity does not have a direction associated with it.",no,no,Incorrect,0.9101
meta,6,dev_0842,yes,"No, a diffraction effect is not seen in sound waves. Sound waves are longitudinal",no,no,Incorrect,0.9962000000000001
meta,6,dev_1379,yes,"NO, I don't know.",no,no,Incorrect,0.678
meta,6,dev_0126,no,NO,no,no,Correct,0.3553
meta,6,dev_0342,no,"NO, the speed of sound is not constant for all materials. The speed of",no,no,Correct,0.9942000000000001
meta,6,dev_0437,no,NO,no,no,Correct,0.36
meta,6,dev_0553,no,"NO, not all the angles in a parallelogram are equal. The",no,no,Correct,1.0058
meta,6,dev_0652,no,"No, the square root of 3 is not a rational number. Rational numbers",no,no,Correct,0.9981
meta,6,dev_0708,no,NO. A perfect square can only have positive integer values as its square. For,no,no,Correct,0.9987
meta,6,dev_1083,no,"NO, carbon-14 dating is not suitable for detecting the age of a",no,no,Correct,1.0012
meta,6,dev_1142,no,I don't know.,i,idk,IDK,0.5857
meta,6,dev_1354,no,I don't know.,i,idk,IDK,0.5854
meta,6,dev_1460,no,NO,no,no,Correct,0.3563
meta,6,dev_1468,no,"NO, sodium lactate and lactic acid are not the same. Sodium lact",no,no,Correct,0.9992000000000001
meta,6,dev_1559,no,"NO, log x is not the same as ln x. Log x refers to",no,no,Correct,0.9982000000000001
meta,6,dev_1595,no,NO,no,no,Correct,0.3574
meta,6,dev_1643,no,"NO, static pressure is not the same as atmospheric pressure. Atmospheric pressure is",no,no,Correct,0.9955
meta,6,dev_1692,no,"NO, atmospheric pressure is not always 1 atm. It can vary depending",no,no,Correct,2.3390999999999997
meta,6,dev_1726,no,NO,no,no,Correct,0.35869999999999996
meta,6,dev_0008,yes,NO,no,no,Incorrect,0.353
meta,6,dev_0323,yes,YES,yes,yes,Correct,0.357
meta,6,dev_0794,yes,"Yes, Erving Goffman is associated with the dramaturgical model of social",yes,yes,Correct,1.0012999999999999
meta,6,dev_0866,yes,NO,no,no,Incorrect,0.35769999999999996
meta,6,dev_0910,yes,I don't know.,i,idk,IDK,0.5822999999999999
meta,6,dev_0992,yes,"NO, you cannot get held back in elementary school. In most school systems,",no,no,Incorrect,0.9984
meta,6,dev_1446,yes,"No, the Church of England and the Anglican Church are not the same. The",no,no,Incorrect,0.9997999999999999
meta,6,dev_0294,no,"NO, Australian Sign Language (ASL) and American Sign Language (ASL",no,no,Correct,0.9987
meta,6,dev_0521,no,NO,no,no,Correct,0.3574
meta,6,dev_0943,no,NO,no,no,Correct,0.35619999999999996
meta,6,dev_1887,no,NO,no,no,Correct,0.3569
meta,6,dev_2892,no,NO,no,no,Correct,0.355
meta,6,dev_2691,no,"NO, King's College London is a separate university from Cambridge University. They",no,no,Correct,0.9999
meta,6,dev_0065,yes,Yes.,yes,yes,Correct,1.0025
meta,6,dev_0245,yes,"Yes, I can pass the ball more than once in American football. A quarterback",yes,yes,Correct,0.9999
meta,6,dev_0315,yes,"NO, I don't know.",no,no,Incorrect,0.6724
meta,6,dev_0361,yes,NO,no,no,Incorrect,0.35960000000000003
meta,6,dev_0550,yes,"Yes, there have been tie games in baseball. A tie occurs when the score",yes,yes,Correct,0.9977999999999999
meta,6,dev_0595,yes,NO,no,no,Incorrect,0.36119999999999997
meta,6,dev_0966,yes,NO,no,no,Incorrect,0.3578
meta,6,dev_1078,yes,"Yes, there have been NHL teams that have not won the Stanley Cup. The",yes,yes,Correct,0.9987999999999999
meta,6,dev_1224,yes,NO,no,no,Incorrect,0.35660000000000003
meta,6,dev_1251,yes,"Yes, Croatia has participated in the FIFA World Cup multiple times and has achieved some",yes,yes,Correct,0.9987
meta,6,dev_1260,yes,"NO, Nike Air Force 1s are not typically considered good for basketball.",no,no,Incorrect,1.0003
meta,6,dev_1278,yes,"Yes, Cal Ripken Jr. is in the Hall of Fame. I answer",yes,yes,Correct,2.3722
meta,6,dev_1462,yes,I don't know.,i,idk,IDK,0.5879
meta,6,dev_1494,yes,"NO, I don't know.",no,no,Incorrect,0.677
meta,6,dev_1543,yes,NO,no,no,Incorrect,0.3575
meta,6,dev_2012,yes,YES,yes,yes,Correct,0.3563
meta,6,dev_2118,yes,"NO, I cannot break someone's wrist by twisting it. While twisting a",no,no,Incorrect,1.0004
meta,6,dev_2272,yes,"NO, AstroTurf and artificial grass are not the same. Astro",no,no,Incorrect,0.9985
meta,6,dev_2338,yes,NO,no,no,Incorrect,0.3578
meta,6,dev_2498,yes,"No, there has never been a recorded instance of two grand slams being hit",no,no,Incorrect,1.0004
meta,6,dev_2509,yes,"Yes, it has happened before. The 2016 Golden State Warriors",yes,yes,Correct,1.001
meta,6,dev_2917,yes,YES,yes,yes,Correct,0.3649
meta,6,dev_2966,yes,"NO, I don't know.",no,no,Incorrect,0.6782
meta,6,dev_2974,yes,NO,no,no,Incorrect,0.35710000000000003
meta,6,dev_3007,yes,"Yes, the Tour de France is different every year as the route and schedule are",yes,yes,Correct,0.9986
meta,6,dev_3199,yes,"Yes, a club professional has won the PGA Championship. One example is Hale Ir",yes,yes,Correct,0.9987
meta,6,dev_0222,no,NO,no,no,Correct,0.3551
meta,6,dev_0398,no,"NO, I don't know.",no,no,Correct,0.6782
meta,6,dev_0426,no,NO,no,no,Correct,0.3565
meta,6,dev_0464,no,NO,no,no,Correct,0.3594
meta,6,dev_0563,no,NO,no,no,Correct,0.36510000000000004
meta,6,dev_0658,no,NO,no,no,Correct,0.3557
meta,6,dev_1366,no,"No, they do not make a new Champions League trophy every year. The trophy",no,no,Correct,0.9985
meta,6,dev_1471,no,NO,no,no,Correct,0.3564
meta,6,dev_1558,no,"NO, the FIFA World Cup is not held every year. It is held every",no,no,Correct,0.9987999999999999
meta,6,dev_1580,no,"No, the White Sox and Cubs do not share a stadium. They each have",no,no,Correct,0.9996
meta,6,dev_2401,no,NO,no,no,Correct,0.357
meta,6,dev_2436,no,"No, it is not possible to run a mile in 2 minutes. The",no,no,Correct,2.3156999999999996
meta,6,dev_3224,no,NO,no,no,Correct,0.3568
meta,6,dev_0022,yes,"NO, a spark plug does not keep an engine running. It is responsible for",no,no,Incorrect,0.9987
meta,6,dev_0132,yes,YES,yes,yes,Correct,0.3556
meta,6,dev_0268,yes,"Yes, an AGM battery is a type of sealed lead-acid battery.",yes,yes,Correct,1.0
meta,6,dev_0646,yes,NO,no,no,Incorrect,0.3556
meta,6,dev_0697,yes,NO,no,no,Incorrect,0.3543
meta,6,dev_0935,yes,"Yes, we can have multiple foreign keys in a table. A foreign key is",yes,yes,Correct,0.9987999999999999
meta,6,dev_1159,yes,NO,no,no,Incorrect,0.357
meta,6,dev_1376,yes,"Yes, a database can contain more than one table. In fact, it is",yes,yes,Correct,0.9999
meta,6,dev_1646,yes,"NO, cast-iron pans are not compatible with induction cooktops. Induction",no,no,Incorrect,1.0
meta,6,dev_1869,yes,"Yes, a database table can have multiple foreign keys. A foreign key is a",yes,yes,Correct,0.9974
meta,6,dev_2397,yes,"Yes, there is such a thing as a cell phone jammer. A cell",yes,yes,Correct,1.0002
meta,6,dev_0512,no,NO,no,no,Correct,0.356
meta,6,dev_1524,no,NO,no,no,Correct,0.3564
meta,6,dev_1675,no,"NO, input lag and response time are not the same thing.",no,no,Correct,0.9976
meta,6,dev_1723,no,"NO, you cannot use a regular bulb in a 3-way lamp.",no,no,Correct,0.9967999999999999
meta,6,dev_2027,no,NO,no,no,Correct,0.3568
meta,6,dev_2104,no,"NO, you cannot get on the internet with a PlayStation 2. The PlayStation",no,no,Correct,0.9987
meta,6,dev_2262,no,NO,no,no,Correct,0.3507
meta,6,dev_2431,no,"No, a node in a tree cannot have two parents. In a tree data",no,no,Correct,0.9955
meta,6,dev_2524,no,NO,no,no,Correct,0.3518
meta,6,dev_3057,no,NO,no,no,Correct,0.3565
meta,6,dev_3167,no,"NO, gear oil and motor oil are not the same. Gear oil is specifically",no,no,Correct,0.9937
